Date,MMWR_week,Location,Estimate_child,Estimate_adult
9/30/2023,1,AK,0,1.8
10/7/2023,2,AK,1.6698,3.9
10/14/2023,3,AK,1.6698,9.7
10/21/2023,4,AK,1.6698,11.6
10/28/2023,5,AK,1.6698,11.6
11/4/2023,6,AK,4.7472,11.6
11/11/2023,7,AK,4.9421,11.6
11/18/2023,8,AK,4.9421,11.6
11/25/2023,9,AK,4.9421,13.2
12/2/2023,10,AK,7.3454,14.3
12/9/2023,11,AK,7.3454,14.3
12/16/2023,12,AK,7.3454,16.5
12/23/2023,13,AK,7.3454,16.5
12/30/2023,14,AK,7.3454,16.5
1/6/2024,15,AK,8.1148,16.5
1/13/2024,16,AK,8.601,16.5
1/20/2024,17,AK,8.601,16.7
1/27/2024,18,AK,8.601,17.1
2/3/2024,19,AK,8.601,17.5
2/10/2024,20,AK,8.601,17.5
2/17/2024,21,AK,8.601,17.5
2/24/2024,22,AK,8.601,17.6
3/2/2024,23,AK,9.3182,17.8
3/9/2024,24,AK,9.3182,17.8
3/16/2024,25,AK,9.3182,17.8
3/23/2024,26,AK,9.3182,17.8
3/30/2024,27,AK,9.3182,18.2
4/6/2024,28,AK,9.8228,18.5
4/13/2024,29,AK,9.8228,18.5
4/20/2024,30,AK,9.8228,18.5
4/27/2024,31,AK,9.8228,18.7
5/4/2024,32,AK,9.8228,19.0
5/11/2024,33,AK,9.8228,19.0
5/18/2024,34,AK,9.8228,19.0
5/25/2024,35,AK,9.8228,19.0
6/1/2024,36,AK,9.8228,19.0
6/8/2024,37,AK,9.8228,19.0
6/15/2024,38,AK,10.6017,19.0
6/22/2024,39,AK,10.6017,19.0
6/30/2024,40,AK,10.6017,19.1
7/6/2024,41,AK,,19.2
7/13/2024,42,AK,,19.2
7/20/2024,43,AK,,19.5
7/27/2024,44,AK,,19.5
8/3/2024,45,AK,,19.5
8/10/2024,46,AK,,19.5
8/17/2024,47,AK,,19.5
9/7/2024,1,AK,,3.3
9/14/2024,2,AK,,3.3
9/21/2024,3,AK,,6.5
9/28/2024,4,AK,,6.5
10/5/2024,5,AK,2.0922,6.5
10/12/2024,6,AK,2.0922,6.5
10/19/2024,7,AK,2.0922,6.5
10/26/2024,8,AK,4.3737,10.0
11/2/2024,9,AK,6.6551,13.4
11/9/2024,10,AK,6.6551,13.5
11/16/2024,11,AK,6.6551,13.9
11/23/2024,12,AK,6.6551,16.7
11/30/2024,13,AK,7.8336,16.7
12/7/2024,14,AK,9.012,16.7
12/14/2024,15,AK,9.012,16.7
12/21/2024,16,AK,9.012,16.7
12/28/2024,17,AK,9.4868,17.3
1/4/2025,18,AK,9.748,17.9
1/11/2025,19,AK,9.748,17.9
1/18/2025,20,AK,9.748,17.9
1/25/2025,21,AK,9.984,18.2
2/1/2025,22,AK,10.2199,18.5
2/8/2025,23,AK,10.2199,18.5
2/15/2025,24,AK,10.2199,19.5
2/22/2025,25,AK,10.3813,19.5
3/1/2025,26,AK,10.5427,19.5
3/8/2025,27,AK,10.5427,19.5
3/15/2025,28,AK,10.5427,19.5
3/22/2025,29,AK,10.5427,19.5
3/29/2025,30,AK,10.601,20.4
4/5/2025,31,AK,10.6593,20.9
4/12/2025,32,AK,10.6593,20.9
4/19/2025,33,AK,10.6593,20.9
4/26/2025,34,AK,10.9436,20.9
5/3/2025,35,AK,11.2279,
5/10/2025,36,AK,11.2279,
5/17/2025,37,AK,11.2279,
5/24/2025,38,AK,11.3552,
5/31/2025,39,AK,11.3552,
6/7/2025,40,AK,11.3552,
6/14/2025,41,AK,11.3552,
6/21/2025,42,AK,11.3552,
6/28/2025,43,AK,11.3552,
10/4/2025,1,AK,3.7726,
10/11/2025,2,AK,3.7726,9.9
10/18/2025,3,AK,3.7726,9.9
10/25/2025,4,AK,4.9673,11.0
11/1/2025,5,AK,6.1621,12.1
11/8/2025,6,AK,6.3147,12.8
11/15/2025,7,AK,6.3147,14.2
11/22/2025,8,AK,7.8788,14.2
11/29/2025,9,AK,8.0735,14.6
12/6/2025,10,AK,8.0735,15.1
12/13/2025,11,AK,8.0735,15.1
12/20/2025,12,AK,8.0735,15.1
12/27/2025,13,AK,8.7483,15.8
9/30/2023,1,AL,0.9289,2.5
10/7/2023,2,AL,0.9289,2.5
10/14/2023,3,AL,0.9289,3.7
10/21/2023,4,AL,1.164,5.7
10/28/2023,5,AL,1.164,7.5
11/4/2023,6,AL,3.2316,8.3
11/11/2023,7,AL,3.2316,8.3
11/18/2023,8,AL,3.2316,9.6
11/25/2023,9,AL,3.2316,9.6
12/2/2023,10,AL,4.8671,9.6
12/9/2023,11,AL,4.8671,9.6
12/16/2023,12,AL,4.8671,9.6
12/23/2023,13,AL,4.8671,11.3
12/30/2023,14,AL,4.8671,11.3
1/6/2024,15,AL,6.1006,11.3
1/13/2024,16,AL,6.1006,11.3
1/20/2024,17,AL,6.1006,12.1
1/27/2024,18,AL,6.1006,12.2
2/3/2024,19,AL,6.1955,12.2
2/10/2024,20,AL,6.1955,12.2
2/17/2024,21,AL,6.1955,12.2
2/24/2024,22,AL,6.1955,12.5
3/2/2024,23,AL,6.8498,12.7
3/9/2024,24,AL,6.8498,12.7
3/16/2024,25,AL,6.8498,12.7
3/23/2024,26,AL,6.8498,12.7
3/30/2024,27,AL,6.8498,13.1
4/6/2024,28,AL,7.0454,13.1
4/13/2024,29,AL,7.0454,13.1
4/20/2024,30,AL,7.0454,13.2
4/27/2024,31,AL,7.0454,13.2
5/4/2024,32,AL,7.0454,13.3
5/11/2024,33,AL,7.0454,13.3
5/18/2024,34,AL,7.0454,13.4
5/25/2024,35,AL,7.0454,13.4
6/1/2024,36,AL,7.0454,13.5
6/8/2024,37,AL,7.0454,13.5
6/15/2024,38,AL,7.0454,13.5
6/22/2024,39,AL,7.0454,13.5
6/30/2024,40,AL,7.0454,13.5
7/6/2024,41,AL,,13.6
7/13/2024,42,AL,,13.6
7/20/2024,43,AL,,13.6
7/27/2024,44,AL,,13.6
8/3/2024,45,AL,,13.6
8/10/2024,46,AL,,14.2
8/17/2024,47,AL,,14.2
9/7/2024,1,AL,,1.3
9/14/2024,2,AL,,2.8
9/21/2024,3,AL,,4.0
9/28/2024,4,AL,,5.2
10/5/2024,5,AL,1.7384,5.8
10/12/2024,6,AL,3.9004,5.8
10/19/2024,7,AL,3.9004,9.2
10/26/2024,8,AL,3.9004,9.2
11/2/2024,9,AL,3.9004,9.2
11/9/2024,10,AL,3.9004,9.7
11/16/2024,11,AL,3.9004,9.7
11/23/2024,12,AL,3.9004,10.6
11/30/2024,13,AL,4.2888,10.7
12/7/2024,14,AL,4.6772,10.8
12/14/2024,15,AL,4.6772,11.0
12/21/2024,16,AL,4.6772,11.3
12/28/2024,17,AL,4.7888,11.3
1/4/2025,18,AL,4.9004,11.3
1/11/2025,19,AL,4.9004,11.3
1/18/2025,20,AL,4.9004,11.3
1/25/2025,21,AL,5.0405,11.5
2/1/2025,22,AL,5.1806,11.7
2/8/2025,23,AL,5.1806,11.7
2/15/2025,24,AL,5.1806,12.2
2/22/2025,25,AL,5.4067,12.2
3/1/2025,26,AL,5.6327,12.2
3/8/2025,27,AL,5.6327,12.2
3/15/2025,28,AL,5.6327,12.2
3/22/2025,29,AL,5.6327,12.4
3/29/2025,30,AL,5.6327,12.6
4/5/2025,31,AL,5.6327,12.6
4/12/2025,32,AL,5.6327,12.6
4/19/2025,33,AL,5.7134,12.6
4/26/2025,34,AL,5.7134,12.6
5/3/2025,35,AL,5.7134,
5/10/2025,36,AL,5.7134,
5/17/2025,37,AL,5.7134,
5/24/2025,38,AL,5.7134,
5/31/2025,39,AL,5.9888,
6/7/2025,40,AL,6.2642,
6/14/2025,41,AL,6.2642,
6/21/2025,42,AL,6.2642,
6/28/2025,43,AL,6.2642,
10/4/2025,1,AL,1.32,
10/11/2025,2,AL,1.32,4.6
10/18/2025,3,AL,1.32,5.0
10/25/2025,4,AL,1.7984,5.7
11/1/2025,5,AL,2.2768,6.3
11/8/2025,6,AL,2.2768,6.3
11/15/2025,7,AL,2.2768,6.3
11/22/2025,8,AL,2.2768,7.3
11/29/2025,9,AL,2.8888,7.3
12/6/2025,10,AL,3.5009,7.3
12/13/2025,11,AL,3.5009,7.3
12/20/2025,12,AL,3.5009,8.0
12/27/2025,13,AL,3.5919,8.0
9/30/2023,1,AR,0,1.3
10/7/2023,2,AR,1.5153,5.5
10/14/2023,3,AR,1.5153,5.9
10/21/2023,4,AR,1.5153,5.9
10/28/2023,5,AR,1.5153,8.5
11/4/2023,6,AR,4.0368,9.9
11/11/2023,7,AR,4.0368,9.9
11/18/2023,8,AR,4.0368,12.3
11/25/2023,9,AR,4.0368,12.5
12/2/2023,10,AR,5.3914,12.7
12/9/2023,11,AR,5.3914,12.7
12/16/2023,12,AR,5.3914,12.7
12/23/2023,13,AR,5.3914,12.7
12/30/2023,14,AR,5.3914,13.7
1/6/2024,15,AR,6.067,14.1
1/13/2024,16,AR,6.3725,14.1
1/20/2024,17,AR,6.3725,14.1
1/27/2024,18,AR,6.3725,14.6
2/3/2024,19,AR,6.3725,15.1
2/10/2024,20,AR,6.7608,15.1
2/17/2024,21,AR,6.7608,15.1
2/24/2024,22,AR,6.7608,15.3
3/2/2024,23,AR,6.7608,15.6
3/9/2024,24,AR,6.7608,15.6
3/16/2024,25,AR,6.7608,15.6
3/23/2024,26,AR,6.7608,15.6
3/30/2024,27,AR,7.1305,15.7
4/6/2024,28,AR,7.1305,15.8
4/13/2024,29,AR,7.1305,15.8
4/20/2024,30,AR,7.1305,15.8
4/27/2024,31,AR,7.1305,16.0
5/4/2024,32,AR,7.1305,16.3
5/11/2024,33,AR,7.1305,16.3
5/18/2024,34,AR,7.1305,16.3
5/25/2024,35,AR,7.1305,16.3
6/1/2024,36,AR,7.843,16.3
6/8/2024,37,AR,7.843,16.3
6/15/2024,38,AR,7.843,16.3
6/22/2024,39,AR,7.843,16.3
6/30/2024,40,AR,7.843,16.3
7/6/2024,41,AR,,16.3
7/13/2024,42,AR,,16.3
7/20/2024,43,AR,,16.3
7/27/2024,44,AR,,16.4
8/3/2024,45,AR,,16.4
8/10/2024,46,AR,,16.4
8/17/2024,47,AR,,16.4
9/7/2024,1,AR,,0.5
9/14/2024,2,AR,,0.5
9/21/2024,3,AR,,0.5
9/28/2024,4,AR,,2.9
10/5/2024,5,AR,1.4024,5.2
10/12/2024,6,AR,3.7248,5.9
10/19/2024,7,AR,3.7248,10.2
10/26/2024,8,AR,3.7248,10.3
11/2/2024,9,AR,3.7248,10.3
11/9/2024,10,AR,3.7248,10.3
11/16/2024,11,AR,3.7248,10.3
11/23/2024,12,AR,3.7248,11.9
11/30/2024,13,AR,5.123,12.5
12/7/2024,14,AR,5.123,13.2
12/14/2024,15,AR,5.123,13.2
12/21/2024,16,AR,5.123,13.2
12/28/2024,17,AR,5.352,13.6
1/4/2025,18,AR,5.581,14.0
1/11/2025,19,AR,5.581,14.0
1/18/2025,20,AR,5.581,14.0
1/25/2025,21,AR,5.8292,14.4
2/1/2025,22,AR,6.0773,14.8
2/8/2025,23,AR,6.0773,14.8
2/15/2025,24,AR,6.0773,15.4
2/22/2025,25,AR,6.3236,15.4
3/1/2025,26,AR,6.57,15.4
3/8/2025,27,AR,6.57,15.4
3/15/2025,28,AR,6.57,15.4
3/22/2025,29,AR,6.57,15.4
3/29/2025,30,AR,6.6376,15.4
4/5/2025,31,AR,6.7053,15.4
4/12/2025,32,AR,6.7053,15.4
4/19/2025,33,AR,6.7053,15.4
4/26/2025,34,AR,6.7053,15.4
5/3/2025,35,AR,6.7053,
5/10/2025,36,AR,6.7053,
5/17/2025,37,AR,6.7053,
5/24/2025,38,AR,6.7053,
5/31/2025,39,AR,6.7053,
6/7/2025,40,AR,6.7053,
6/14/2025,41,AR,6.7053,
6/21/2025,42,AR,6.7053,
6/28/2025,43,AR,6.7053,
10/4/2025,1,AR,0.8745,
10/11/2025,2,AR,0.8745,3.6
10/18/2025,3,AR,0.8745,7.0
10/25/2025,4,AR,1.37,7.0
11/1/2025,5,AR,1.8656,7.0
11/8/2025,6,AR,1.8656,7.9
11/15/2025,7,AR,1.8656,7.9
11/22/2025,8,AR,1.8656,7.9
11/29/2025,9,AR,2.5183,9.2
12/6/2025,10,AR,3.1711,9.7
12/13/2025,11,AR,3.1711,9.7
12/20/2025,12,AR,3.1711,9.7
12/27/2025,13,AR,3.2187,10.6
9/30/2023,1,AZ,0,4.6
10/7/2023,2,AZ,2.7379,6.8
10/14/2023,3,AZ,2.7434,6.8
10/21/2023,4,AZ,2.8143,12.0
10/28/2023,5,AZ,2.8143,12.0
11/4/2023,6,AZ,6.1465,12.0
11/11/2023,7,AZ,6.8532,13.2
11/18/2023,8,AZ,6.8532,13.7
11/25/2023,9,AZ,6.8532,14.7
12/2/2023,10,AZ,9.1033,15.3
12/9/2023,11,AZ,9.1033,15.3
12/16/2023,12,AZ,9.1033,15.3
12/23/2023,13,AZ,9.1033,15.3
12/30/2023,14,AZ,9.1033,16.7
1/6/2024,15,AZ,11.1228,18.1
1/13/2024,16,AZ,11.1228,18.1
1/20/2024,17,AZ,11.1228,19.4
1/27/2024,18,AZ,11.1228,19.4
2/3/2024,19,AZ,12.5188,19.5
2/10/2024,20,AZ,12.5188,19.5
2/17/2024,21,AZ,12.5188,20.3
2/24/2024,22,AZ,12.5188,20.3
3/2/2024,23,AZ,12.5188,20.3
3/9/2024,24,AZ,12.5188,20.3
3/16/2024,25,AZ,12.5188,20.3
3/23/2024,26,AZ,12.5188,20.7
3/30/2024,27,AZ,12.5188,20.9
4/6/2024,28,AZ,13.2254,21.0
4/13/2024,29,AZ,13.2254,21.3
4/20/2024,30,AZ,13.2254,21.3
4/27/2024,31,AZ,13.2254,21.3
5/4/2024,32,AZ,13.2254,21.3
5/11/2024,33,AZ,13.2254,21.3
5/18/2024,34,AZ,13.2254,21.3
5/25/2024,35,AZ,13.2254,21.5
6/1/2024,36,AZ,13.3899,21.8
6/8/2024,37,AZ,13.3899,21.8
6/15/2024,38,AZ,13.3899,21.8
6/22/2024,39,AZ,13.3899,21.8
6/30/2024,40,AZ,13.3899,22.1
7/6/2024,41,AZ,,22.5
7/13/2024,42,AZ,,22.5
7/20/2024,43,AZ,,22.9
7/27/2024,44,AZ,,22.9
8/3/2024,45,AZ,,22.9
8/10/2024,46,AZ,,22.9
8/17/2024,47,AZ,,22.9
9/7/2024,1,AZ,,1.0
9/14/2024,2,AZ,,1.0
9/21/2024,3,AZ,,1.0
9/28/2024,4,AZ,,4.9
10/5/2024,5,AZ,2.1771,8.8
10/12/2024,6,AZ,4.9573,9.2
10/19/2024,7,AZ,4.9573,13.2
10/26/2024,8,AZ,4.9573,13.8
11/2/2024,9,AZ,4.9573,14.5
11/9/2024,10,AZ,4.9573,17.4
11/16/2024,11,AZ,4.9573,17.4
11/23/2024,12,AZ,4.9573,17.4
11/30/2024,13,AZ,5.4733,17.4
12/7/2024,14,AZ,5.9893,17.4
12/14/2024,15,AZ,5.9893,17.4
12/21/2024,16,AZ,5.9893,17.4
12/28/2024,17,AZ,6.2477,18.8
1/4/2025,18,AZ,6.5061,18.8
1/11/2025,19,AZ,6.6929,18.8
1/18/2025,20,AZ,6.6929,19.8
1/25/2025,21,AZ,6.6929,20.3
2/1/2025,22,AZ,6.6929,20.8
2/8/2025,23,AZ,6.6929,20.8
2/15/2025,24,AZ,6.6929,20.8
2/22/2025,25,AZ,7.1327,21.1
3/1/2025,26,AZ,7.5725,21.4
3/8/2025,27,AZ,7.5725,21.4
3/15/2025,28,AZ,7.5725,21.4
3/22/2025,29,AZ,7.5725,21.4
3/29/2025,30,AZ,7.6618,21.4
4/5/2025,31,AZ,7.7511,21.4
4/12/2025,32,AZ,7.7511,21.4
4/19/2025,33,AZ,7.7511,21.4
4/26/2025,34,AZ,7.7511,21.4
5/3/2025,35,AZ,7.7511,
5/10/2025,36,AZ,7.7511,
5/17/2025,37,AZ,7.7511,
5/24/2025,38,AZ,7.7511,
5/31/2025,39,AZ,7.7511,
6/7/2025,40,AZ,7.7511,
6/14/2025,41,AZ,7.7511,
6/21/2025,42,AZ,7.7511,
6/28/2025,43,AZ,7.7511,
10/4/2025,1,AZ,1.746,
10/11/2025,2,AZ,1.746,7.4
10/18/2025,3,AZ,1.746,9.0
10/25/2025,4,AZ,3.0631,10.0
11/1/2025,5,AZ,4.3803,11.0
11/8/2025,6,AZ,4.3803,11.0
11/15/2025,7,AZ,4.3803,11.0
11/22/2025,8,AZ,4.3803,11.0
11/29/2025,9,AZ,4.9476,12.2
12/6/2025,10,AZ,5.515,13.3
12/13/2025,11,AZ,5.515,13.6
12/20/2025,12,AZ,5.515,14.4
12/27/2025,13,AZ,5.9422,14.9
9/30/2023,1,CA,1.1622,4.3
10/7/2023,2,CA,2.3137,5.8
10/14/2023,3,CA,4.4336,8.9
10/21/2023,4,CA,4.4336,12.6
10/28/2023,5,CA,4.4336,13.4
11/4/2023,6,CA,8.6842,14.3
11/11/2023,7,CA,8.7951,14.5
11/18/2023,8,CA,9.1552,16.0
11/25/2023,9,CA,9.1552,16.7
12/2/2023,10,CA,12.2592,17.3
12/9/2023,11,CA,12.3536,17.3
12/16/2023,12,CA,12.3536,19.7
12/23/2023,13,CA,12.3536,19.7
12/30/2023,14,CA,12.3536,20.2
1/6/2024,15,CA,15.2996,20.2
1/13/2024,16,CA,15.2996,20.2
1/20/2024,17,CA,15.5757,20.2
1/27/2024,18,CA,15.5757,21.1
2/3/2024,19,CA,16.208,22.0
2/10/2024,20,CA,16.208,22.1
2/17/2024,21,CA,16.208,22.1
2/24/2024,22,CA,16.208,22.6
3/2/2024,23,CA,16.9805,23.1
3/9/2024,24,CA,16.9805,23.4
3/16/2024,25,CA,16.9805,23.4
3/23/2024,26,CA,17.8221,23.4
3/30/2024,27,CA,17.8221,24.1
4/6/2024,28,CA,17.8221,24.2
4/13/2024,29,CA,18.3201,24.2
4/20/2024,30,CA,18.3201,24.2
4/27/2024,31,CA,18.3201,24.4
5/4/2024,32,CA,18.668,24.7
5/11/2024,33,CA,18.9433,24.7
5/18/2024,34,CA,18.9433,24.7
5/25/2024,35,CA,18.9433,25.0
6/1/2024,36,CA,19.0943,25.3
6/8/2024,37,CA,19.0943,25.3
6/15/2024,38,CA,19.0943,25.3
6/22/2024,39,CA,19.0943,25.5
6/30/2024,40,CA,19.0943,25.7
7/6/2024,41,CA,,26.0
7/13/2024,42,CA,,26.0
7/20/2024,43,CA,,26.3
7/27/2024,44,CA,,26.4
8/3/2024,45,CA,,26.5
8/10/2024,46,CA,,26.5
8/17/2024,47,CA,,26.5
9/7/2024,1,CA,,2.7
9/14/2024,2,CA,,7.7
9/21/2024,3,CA,,7.7
9/28/2024,4,CA,,10.5
10/5/2024,5,CA,4.4273,13.2
10/12/2024,6,CA,4.4273,13.6
10/19/2024,7,CA,5.3275,13.6
10/26/2024,8,CA,6.9622,16.3
11/2/2024,9,CA,8.597,18.9
11/9/2024,10,CA,9.1549,19.5
11/16/2024,11,CA,9.1549,19.5
11/23/2024,12,CA,11.7754,19.5
11/30/2024,13,CA,11.7754,21.2
12/7/2024,14,CA,11.7754,22.9
12/14/2024,15,CA,11.7754,23.1
12/21/2024,16,CA,11.7754,24.4
12/28/2024,17,CA,12.6123,24.4
1/4/2025,18,CA,13.4491,24.4
1/11/2025,19,CA,13.4491,24.4
1/18/2025,20,CA,13.4491,24.5
1/25/2025,21,CA,13.9013,25.0
2/1/2025,22,CA,14.3536,25.5
2/8/2025,23,CA,14.3536,25.5
2/15/2025,24,CA,14.3536,25.5
2/22/2025,25,CA,14.915,26.1
3/1/2025,26,CA,15.4763,26.7
3/8/2025,27,CA,15.4763,26.7
3/15/2025,28,CA,15.4763,26.7
3/22/2025,29,CA,15.4763,26.7
3/29/2025,30,CA,15.6317,27.0
4/5/2025,31,CA,15.787,27.2
4/12/2025,32,CA,15.787,27.3
4/19/2025,33,CA,15.787,27.4
4/26/2025,34,CA,16.2204,27.4
5/3/2025,35,CA,16.6537,
5/10/2025,36,CA,16.6537,
5/17/2025,37,CA,16.6537,
5/24/2025,38,CA,16.6537,
5/31/2025,39,CA,16.8772,
6/7/2025,40,CA,17.1007,
6/14/2025,41,CA,17.1007,
6/21/2025,42,CA,17.1007,
6/28/2025,43,CA,17.1007,
10/4/2025,1,CA,2.875,
10/11/2025,2,CA,2.875,8.6
10/18/2025,3,CA,3.7978,8.6
10/25/2025,4,CA,5.114,10.8
11/1/2025,5,CA,6.4302,12.9
11/8/2025,6,CA,6.4302,13.9
11/15/2025,7,CA,6.4302,13.9
11/22/2025,8,CA,9.1868,15.9
11/29/2025,9,CA,9.1868,17.0
12/6/2025,10,CA,9.1868,17.0
12/13/2025,11,CA,9.5821,17.0
12/20/2025,12,CA,10.506,17.0
12/27/2025,13,CA,10.6007,17.7
9/30/2023,1,CO,2.4483,4.0
10/7/2023,2,CO,2.674,5.0
10/14/2023,3,CO,2.7027,11.9
10/21/2023,4,CO,2.7035,14.4
10/28/2023,5,CO,2.7035,15.1
11/4/2023,6,CO,9.8298,15.8
11/11/2023,7,CO,9.8298,19.2
11/18/2023,8,CO,11.4414,19.2
11/25/2023,9,CO,11.4414,20.6
12/2/2023,10,CO,14.784,22.0
12/9/2023,11,CO,15.0309,23.2
12/16/2023,12,CO,15.0516,23.2
12/23/2023,13,CO,15.0516,23.2
12/30/2023,14,CO,15.6126,23.9
1/6/2024,15,CO,16.1736,23.9
1/13/2024,16,CO,16.1736,23.9
1/20/2024,17,CO,16.1736,24.4
1/27/2024,18,CO,16.1736,24.8
2/3/2024,19,CO,17.4057,25.2
2/10/2024,20,CO,17.4057,25.2
2/17/2024,21,CO,18.053,25.5
2/24/2024,22,CO,18.053,26.0
3/2/2024,23,CO,18.053,26.4
3/9/2024,24,CO,18.053,26.4
3/16/2024,25,CO,18.053,26.4
3/23/2024,26,CO,18.053,26.4
3/30/2024,27,CO,18.053,26.7
4/6/2024,28,CO,19.4356,27.0
4/13/2024,29,CO,19.4356,27.1
4/20/2024,30,CO,19.4356,27.3
4/27/2024,31,CO,19.4356,27.5
5/4/2024,32,CO,19.7562,27.6
5/11/2024,33,CO,20.1196,27.6
5/18/2024,34,CO,20.1196,27.6
5/25/2024,35,CO,20.1196,27.8
6/1/2024,36,CO,20.4349,28.0
6/8/2024,37,CO,20.8857,28.0
6/15/2024,38,CO,20.8857,28.0
6/22/2024,39,CO,20.8857,28.0
6/30/2024,40,CO,20.8857,28.2
7/6/2024,41,CO,,28.4
7/13/2024,42,CO,,28.4
7/20/2024,43,CO,,28.4
7/27/2024,44,CO,,28.5
8/3/2024,45,CO,,28.7
8/10/2024,46,CO,,29.0
8/17/2024,47,CO,,29.0
9/7/2024,1,CO,,2.0
9/14/2024,2,CO,,6.2
9/21/2024,3,CO,,6.2
9/28/2024,4,CO,,9.1
10/5/2024,5,CO,5.4085,12.1
10/12/2024,6,CO,6.0621,16.2
10/19/2024,7,CO,7.0928,17.0
10/26/2024,8,CO,9.1293,18.2
11/2/2024,9,CO,11.1658,19.3
11/9/2024,10,CO,11.1658,22.0
11/16/2024,11,CO,11.1658,22.1
11/23/2024,12,CO,14.1615,22.1
11/30/2024,13,CO,14.1615,23.7
12/7/2024,14,CO,14.1615,25.0
12/14/2024,15,CO,14.1615,25.0
12/21/2024,16,CO,14.1615,25.0
12/28/2024,17,CO,14.7361,25.6
1/4/2025,18,CO,15.3107,26.2
1/11/2025,19,CO,15.3107,26.2
1/18/2025,20,CO,15.3107,26.2
1/25/2025,21,CO,15.59,26.9
2/1/2025,22,CO,15.7297,27.6
2/8/2025,23,CO,15.8693,27.8
2/15/2025,24,CO,15.8693,28.1
2/22/2025,25,CO,16.2076,28.1
3/1/2025,26,CO,16.5458,28.1
3/8/2025,27,CO,16.5458,28.1
3/15/2025,28,CO,16.5458,28.1
3/22/2025,29,CO,16.5458,28.8
3/29/2025,30,CO,16.6314,28.8
4/5/2025,31,CO,16.717,28.8
4/12/2025,32,CO,16.717,29.0
4/19/2025,33,CO,16.717,29.0
4/26/2025,34,CO,16.717,29.0
5/3/2025,35,CO,16.717,
5/10/2025,36,CO,16.717,
5/17/2025,37,CO,16.717,
5/24/2025,38,CO,16.717,
5/31/2025,39,CO,16.717,
6/7/2025,40,CO,16.717,
6/14/2025,41,CO,16.717,
6/21/2025,42,CO,16.717,
6/28/2025,43,CO,16.717,
10/4/2025,1,CO,3.5224,
10/11/2025,2,CO,3.5224,7.7
10/18/2025,3,CO,8.6564,11.7
10/25/2025,4,CO,10.1212,14.2
11/1/2025,5,CO,11.5859,16.6
11/8/2025,6,CO,11.5859,18.5
11/15/2025,7,CO,11.5859,19.2
11/22/2025,8,CO,11.5859,20.8
11/29/2025,9,CO,12.5107,21.5
12/6/2025,10,CO,13.4354,22.2
12/13/2025,11,CO,13.4354,22.2
12/20/2025,12,CO,13.4354,22.2
12/27/2025,13,CO,14.037,23.3
9/30/2023,1,CT,0,3.5
10/7/2023,2,CT,3.1863,6.1
10/14/2023,3,CT,3.1863,16.3
10/21/2023,4,CT,3.1863,16.3
10/28/2023,5,CT,3.1863,16.3
11/4/2023,6,CT,10.0833,16.3
11/11/2023,7,CT,11.0587,19.0
11/18/2023,8,CT,11.0587,21.9
11/25/2023,9,CT,11.0587,21.9
12/2/2023,10,CT,14.4437,21.9
12/9/2023,11,CT,14.4437,21.9
12/16/2023,12,CT,14.4437,21.9
12/23/2023,13,CT,15.1499,24.5
12/30/2023,14,CT,15.1499,24.5
1/6/2024,15,CT,16.9137,24.5
1/13/2024,16,CT,16.9137,24.5
1/20/2024,17,CT,16.9137,24.5
1/27/2024,18,CT,16.9137,26.1
2/3/2024,19,CT,17.9501,26.3
2/10/2024,20,CT,17.9501,26.3
2/17/2024,21,CT,17.9501,26.3
2/24/2024,22,CT,17.9501,26.8
3/2/2024,23,CT,19.2645,27.3
3/9/2024,24,CT,19.2645,27.3
3/16/2024,25,CT,19.2645,27.3
3/23/2024,26,CT,19.2645,27.6
3/30/2024,27,CT,19.2645,27.7
4/6/2024,28,CT,20.0636,27.7
4/13/2024,29,CT,20.0636,27.7
4/20/2024,30,CT,20.0636,27.7
4/27/2024,31,CT,20.0636,27.9
5/4/2024,32,CT,20.397,27.9
5/11/2024,33,CT,20.397,27.9
5/18/2024,34,CT,20.397,27.9
5/25/2024,35,CT,20.397,28.2
6/1/2024,36,CT,20.397,28.4
6/8/2024,37,CT,20.397,28.4
6/15/2024,38,CT,20.397,28.4
6/22/2024,39,CT,20.397,28.4
6/30/2024,40,CT,20.397,28.4
7/6/2024,41,CT,,28.4
7/13/2024,42,CT,,28.4
7/20/2024,43,CT,,28.4
7/27/2024,44,CT,,28.5
8/3/2024,45,CT,,28.5
8/10/2024,46,CT,,28.5
8/17/2024,47,CT,,28.5
9/7/2024,1,CT,,0.9
9/14/2024,2,CT,,1.8
9/21/2024,3,CT,,1.8
9/28/2024,4,CT,,6.8
10/5/2024,5,CT,3.7298,8.2
10/12/2024,6,CT,3.7298,8.2
10/19/2024,7,CT,9.9173,18.6
10/26/2024,8,CT,9.9173,19.6
11/2/2024,9,CT,9.9173,19.7
11/9/2024,10,CT,9.9173,19.7
11/16/2024,11,CT,9.9173,21.7
11/23/2024,12,CT,9.9173,24.0
11/30/2024,13,CT,11.4456,24.1
12/7/2024,14,CT,12.974,24.1
12/14/2024,15,CT,12.974,24.1
12/21/2024,16,CT,12.974,24.1
12/28/2024,17,CT,13.4038,25.1
1/4/2025,18,CT,13.8337,26.2
1/11/2025,19,CT,13.8337,26.2
1/18/2025,20,CT,13.9796,26.9
1/25/2025,21,CT,13.9796,27.3
2/1/2025,22,CT,13.9796,27.7
2/8/2025,23,CT,13.9796,27.7
2/15/2025,24,CT,13.9796,27.7
2/22/2025,25,CT,14.0598,28.2
3/1/2025,26,CT,14.14,28.7
3/8/2025,27,CT,14.14,28.7
3/15/2025,28,CT,14.14,28.7
3/22/2025,29,CT,14.14,28.9
3/29/2025,30,CT,14.3596,28.9
4/5/2025,31,CT,14.5793,28.9
4/12/2025,32,CT,14.5793,28.9
4/19/2025,33,CT,14.5793,28.9
4/26/2025,34,CT,14.5793,28.9
5/3/2025,35,CT,14.5793,
5/10/2025,36,CT,14.5793,
5/17/2025,37,CT,14.5793,
5/24/2025,38,CT,14.5793,
5/31/2025,39,CT,14.6863,
6/7/2025,40,CT,14.7933,
6/14/2025,41,CT,14.7933,
6/21/2025,42,CT,14.7933,
6/28/2025,43,CT,14.7933,
10/4/2025,1,CT,1.8496,
10/11/2025,2,CT,1.8496,8.9
10/18/2025,3,CT,5.6645,14.7
10/25/2025,4,CT,6.4928,14.7
11/1/2025,5,CT,7.3211,14.7
11/8/2025,6,CT,7.3211,16.5
11/15/2025,7,CT,7.3211,16.5
11/22/2025,8,CT,7.3211,16.5
11/29/2025,9,CT,8.3672,18.2
12/6/2025,10,CT,9.4134,20.0
12/13/2025,11,CT,9.4134,21.1
12/20/2025,12,CT,9.4134,21.7
12/27/2025,13,CT,9.9872,21.8
9/30/2023,1,DC,1.0519,5.4
10/7/2023,2,DC,4.7557,9.3
10/14/2023,3,DC,8.4938,17.4
10/21/2023,4,DC,8.4938,20.5
10/28/2023,5,DC,8.4938,22.4
11/4/2023,6,DC,20.4535,24.3
11/11/2023,7,DC,21.7493,24.9
11/18/2023,8,DC,22.1991,27.6
11/25/2023,9,DC,22.1991,28.8
12/2/2023,10,DC,25.7993,30.0
12/9/2023,11,DC,25.7993,32.7
12/16/2023,12,DC,26.9776,33.1
12/23/2023,13,DC,27.0935,35.5
12/30/2023,14,DC,27.0935,35.5
1/6/2024,15,DC,31.4096,35.5
1/13/2024,16,DC,31.5195,35.7
1/20/2024,17,DC,31.5564,37.3
1/27/2024,18,DC,32.0531,37.3
2/3/2024,19,DC,34.0812,37.3
2/10/2024,20,DC,34.0812,37.5
2/17/2024,21,DC,34.1157,38.3
2/24/2024,22,DC,34.1157,38.5
3/2/2024,23,DC,34.6797,38.7
3/9/2024,24,DC,34.6797,39.0
3/16/2024,25,DC,34.9515,39.0
3/23/2024,26,DC,35.3228,39.4
3/30/2024,27,DC,35.3228,39.4
4/6/2024,28,DC,35.3929,39.4
4/13/2024,29,DC,35.3929,39.4
4/20/2024,30,DC,35.7118,40.0
4/27/2024,31,DC,35.7118,40.0
5/4/2024,32,DC,35.8714,40.0
5/11/2024,33,DC,35.8714,40.0
5/18/2024,34,DC,35.8714,40.4
5/25/2024,35,DC,35.8714,40.6
6/1/2024,36,DC,37.2422,40.8
6/8/2024,37,DC,37.8185,40.8
6/15/2024,38,DC,38.7714,40.8
6/22/2024,39,DC,38.7714,40.8
6/30/2024,40,DC,38.7714,41.3
7/6/2024,41,DC,,41.5
7/13/2024,42,DC,,41.5
7/20/2024,43,DC,,41.5
7/27/2024,44,DC,,41.9
8/3/2024,45,DC,,42.4
8/10/2024,46,DC,,42.4
8/17/2024,47,DC,,42.7
9/7/2024,1,DC,,5.2
9/14/2024,2,DC,,6.9
9/21/2024,3,DC,,12.0
9/28/2024,4,DC,,13.2
10/5/2024,5,DC,8.4287,14.5
10/12/2024,6,DC,10.9292,24.5
10/19/2024,7,DC,21.5152,24.5
10/26/2024,8,DC,23.3226,27.3
11/2/2024,9,DC,25.13,30.1
11/9/2024,10,DC,25.8578,31.5
11/16/2024,11,DC,25.8578,31.8
11/23/2024,12,DC,25.8578,32.5
11/30/2024,13,DC,28.0868,34.4
12/7/2024,14,DC,29.2198,35.9
12/14/2024,15,DC,29.2198,35.9
12/21/2024,16,DC,31.2469,38.1
12/28/2024,17,DC,31.4848,38.3
1/4/2025,18,DC,31.7228,38.4
1/11/2025,19,DC,31.7228,39.3
1/18/2025,20,DC,31.7228,39.3
1/25/2025,21,DC,32.5109,39.5
2/1/2025,22,DC,33.2989,39.7
2/8/2025,23,DC,33.2989,39.9
2/15/2025,24,DC,33.2989,39.9
2/22/2025,25,DC,33.7979,40.5
3/1/2025,26,DC,34.297,41.1
3/8/2025,27,DC,34.297,41.1
3/15/2025,28,DC,34.297,41.1
3/22/2025,29,DC,34.6874,41.6
3/29/2025,30,DC,35.1191,42.0
4/5/2025,31,DC,35.3813,42.4
4/12/2025,32,DC,35.3813,42.4
4/19/2025,33,DC,35.3813,42.6
4/26/2025,34,DC,35.7731,42.6
5/3/2025,35,DC,36.1649,
5/10/2025,36,DC,36.1649,
5/17/2025,37,DC,36.1649,
5/24/2025,38,DC,36.1649,
5/31/2025,39,DC,36.1649,
6/7/2025,40,DC,36.1649,
6/14/2025,41,DC,36.1649,
6/21/2025,42,DC,36.6577,
6/28/2025,43,DC,36.6577,
10/4/2025,1,DC,7.2656,
10/11/2025,2,DC,14.4285,15.1
10/18/2025,3,DC,15.0133,20.4
10/25/2025,4,DC,18.7137,22.6
11/1/2025,5,DC,22.414,24.7
11/8/2025,6,DC,23.721,26.3
11/15/2025,7,DC,23.721,26.5
11/22/2025,8,DC,23.721,29.5
11/29/2025,9,DC,27.2809,31.1
12/6/2025,10,DC,30.8408,32.6
12/13/2025,11,DC,30.8408,33.4
12/20/2025,12,DC,33.5474,35.1
12/27/2025,13,DC,33.5474,35.1
9/30/2023,1,DE,0,3.0
10/7/2023,2,DE,1.8954,8.2
10/14/2023,3,DE,7.1946,8.2
10/21/2023,4,DE,7.1946,8.2
10/28/2023,5,DE,7.1946,11.7
11/4/2023,6,DE,7.1946,15.2
11/11/2023,7,DE,7.5262,16.5
11/18/2023,8,DE,7.5262,16.5
11/25/2023,9,DE,7.5262,18.0
12/2/2023,10,DE,10.1926,19.5
12/9/2023,11,DE,10.1926,19.5
12/16/2023,12,DE,10.1926,19.5
12/23/2023,13,DE,10.1926,19.5
12/30/2023,14,DE,10.1926,21.2
1/6/2024,15,DE,12.1409,21.9
1/13/2024,16,DE,12.1409,21.9
1/20/2024,17,DE,12.6172,23.5
1/27/2024,18,DE,12.6172,23.5
2/3/2024,19,DE,13.0415,23.6
2/10/2024,20,DE,13.0415,23.7
2/17/2024,21,DE,13.0415,23.9
2/24/2024,22,DE,13.0415,24.2
3/2/2024,23,DE,14.0935,24.6
3/9/2024,24,DE,14.0935,24.6
3/16/2024,25,DE,14.0935,25.1
3/23/2024,26,DE,14.0935,25.1
3/30/2024,27,DE,14.0935,25.1
4/6/2024,28,DE,14.8126,25.2
4/13/2024,29,DE,14.8126,25.2
4/20/2024,30,DE,14.8126,25.2
4/27/2024,31,DE,14.8126,25.4
5/4/2024,32,DE,14.8126,25.6
5/11/2024,33,DE,14.8126,25.6
5/18/2024,34,DE,14.8126,25.6
5/25/2024,35,DE,14.8126,25.8
6/1/2024,36,DE,14.8126,26.1
6/8/2024,37,DE,14.8126,26.1
6/15/2024,38,DE,15.0133,26.1
6/22/2024,39,DE,15.0133,26.1
6/30/2024,40,DE,15.0133,26.2
7/6/2024,41,DE,,26.4
7/13/2024,42,DE,,26.4
7/20/2024,43,DE,,26.4
7/27/2024,44,DE,,26.7
8/3/2024,45,DE,,27.0
8/10/2024,46,DE,,27.0
8/17/2024,47,DE,,27.0
9/7/2024,1,DE,,3.9
9/14/2024,2,DE,,3.9
9/21/2024,3,DE,,6.2
9/28/2024,4,DE,,8.1
10/5/2024,5,DE,3.3192,10.1
10/12/2024,6,DE,4.1141,13.7
10/19/2024,7,DE,4.1141,17.0
10/26/2024,8,DE,5.2841,18.1
11/2/2024,9,DE,6.454,19.2
11/9/2024,10,DE,6.454,20.2
11/16/2024,11,DE,6.454,22.9
11/23/2024,12,DE,6.454,24.7
11/30/2024,13,DE,7.5583,24.7
12/7/2024,14,DE,8.6626,24.7
12/14/2024,15,DE,9.1784,24.7
12/21/2024,16,DE,9.1784,25.7
12/28/2024,17,DE,9.1784,25.7
1/4/2025,18,DE,9.1784,25.7
1/11/2025,19,DE,9.1784,25.7
1/18/2025,20,DE,9.1784,26.9
1/25/2025,21,DE,9.6671,26.9
2/1/2025,22,DE,10.1558,26.9
2/8/2025,23,DE,10.1558,26.9
2/15/2025,24,DE,10.1558,27.5
2/22/2025,25,DE,10.394,27.5
3/1/2025,26,DE,10.6322,27.5
3/8/2025,27,DE,10.6322,27.5
3/15/2025,28,DE,10.6322,27.5
3/22/2025,29,DE,10.8279,27.7
3/29/2025,30,DE,10.8279,27.7
4/5/2025,31,DE,10.8279,27.7
4/12/2025,32,DE,10.8279,27.7
4/19/2025,33,DE,10.8279,27.7
4/26/2025,34,DE,11.1649,27.7
5/3/2025,35,DE,11.5019,
5/10/2025,36,DE,11.5019,
5/17/2025,37,DE,11.5019,
5/24/2025,38,DE,11.5019,
5/31/2025,39,DE,11.5019,
6/7/2025,40,DE,11.5019,
6/14/2025,41,DE,11.5019,
6/21/2025,42,DE,11.5019,
6/28/2025,43,DE,11.5019,
10/4/2025,1,DE,1.7847,
10/11/2025,2,DE,1.7847,9.4
10/18/2025,3,DE,3.014,10.3
10/25/2025,4,DE,3.5531,12.6
11/1/2025,5,DE,4.0922,15.0
11/8/2025,6,DE,4.0922,16.0
11/15/2025,7,DE,4.0922,16.0
11/22/2025,8,DE,4.0922,19.2
11/29/2025,9,DE,4.9174,19.2
12/6/2025,10,DE,5.7426,19.2
12/13/2025,11,DE,5.7426,19.3
12/20/2025,12,DE,5.7426,19.3
12/27/2025,13,DE,6.2355,19.8
9/30/2023,1,FL,0,0.5
10/7/2023,2,FL,1.4695,5.6
10/14/2023,3,FL,1.6959,5.6
10/21/2023,4,FL,1.6959,5.6
10/28/2023,5,FL,1.6959,7.4
11/4/2023,6,FL,4.1596,9.2
11/11/2023,7,FL,4.6152,9.4
11/18/2023,8,FL,4.6152,9.4
11/25/2023,9,FL,4.6152,11.1
12/2/2023,10,FL,5.332,12.8
12/9/2023,11,FL,5.332,12.8
12/16/2023,12,FL,5.332,14.1
12/23/2023,13,FL,5.332,14.1
12/30/2023,14,FL,5.332,14.1
1/6/2024,15,FL,6.7462,14.1
1/13/2024,16,FL,6.7974,14.1
1/20/2024,17,FL,7.4874,14.1
1/27/2024,18,FL,7.4874,14.7
2/3/2024,19,FL,7.4874,15.3
2/10/2024,20,FL,7.4874,15.3
2/17/2024,21,FL,7.4874,15.3
2/24/2024,22,FL,7.4874,15.5
3/2/2024,23,FL,8.094,15.8
3/9/2024,24,FL,8.094,15.9
3/16/2024,25,FL,8.094,15.9
3/23/2024,26,FL,8.094,16.0
3/30/2024,27,FL,8.094,16.0
4/6/2024,28,FL,8.3208,16.0
4/13/2024,29,FL,8.3208,16.0
4/20/2024,30,FL,8.8258,16.0
4/27/2024,31,FL,8.8258,16.3
5/4/2024,32,FL,8.8258,16.5
5/11/2024,33,FL,8.8258,16.5
5/18/2024,34,FL,8.8258,16.5
5/25/2024,35,FL,8.8258,16.6
6/1/2024,36,FL,9.2681,16.7
6/8/2024,37,FL,9.2681,16.7
6/15/2024,38,FL,9.2681,16.7
6/22/2024,39,FL,9.2681,16.7
6/30/2024,40,FL,9.2681,16.8
7/6/2024,41,FL,,16.8
7/13/2024,42,FL,,16.8
7/20/2024,43,FL,,16.9
7/27/2024,44,FL,,17.5
8/3/2024,45,FL,,18.2
8/10/2024,46,FL,,18.2
8/17/2024,47,FL,,18.2
9/7/2024,1,FL,,1.3
9/14/2024,2,FL,,1.3
9/21/2024,3,FL,,5.8
9/28/2024,4,FL,,6.2
10/5/2024,5,FL,1.9246,6.2
10/12/2024,6,FL,1.9246,6.2
10/19/2024,7,FL,1.9246,11.3
10/26/2024,8,FL,2.7422,11.3
11/2/2024,9,FL,3.5597,11.3
11/9/2024,10,FL,3.5597,13.1
11/16/2024,11,FL,3.5597,13.8
11/23/2024,12,FL,3.5597,13.8
11/30/2024,13,FL,3.7904,13.8
12/7/2024,14,FL,4.0211,13.8
12/14/2024,15,FL,4.0211,14.3
12/21/2024,16,FL,4.0211,14.3
12/28/2024,17,FL,4.2752,14.3
1/4/2025,18,FL,4.5292,14.3
1/11/2025,19,FL,4.5292,14.3
1/18/2025,20,FL,4.5292,14.3
1/25/2025,21,FL,4.7583,14.6
2/1/2025,22,FL,4.9874,14.9
2/8/2025,23,FL,4.9874,14.9
2/15/2025,24,FL,4.9874,15.1
2/22/2025,25,FL,5.2028,15.1
3/1/2025,26,FL,5.4182,15.1
3/8/2025,27,FL,5.4182,15.1
3/15/2025,28,FL,5.4182,15.1
3/22/2025,29,FL,5.4182,15.1
3/29/2025,30,FL,5.5211,15.3
4/5/2025,31,FL,5.6241,15.5
4/12/2025,32,FL,5.6241,15.5
4/19/2025,33,FL,5.6241,15.5
4/26/2025,34,FL,5.6611,15.5
5/3/2025,35,FL,5.6981,
5/10/2025,36,FL,5.6981,
5/17/2025,37,FL,5.6981,
5/24/2025,38,FL,5.6981,
5/31/2025,39,FL,5.6981,
6/7/2025,40,FL,5.6981,
6/14/2025,41,FL,5.6981,
6/21/2025,42,FL,5.6981,
6/28/2025,43,FL,5.6981,
10/4/2025,1,FL,0.7801,
10/11/2025,2,FL,0.7801,4.6
10/18/2025,3,FL,0.7801,4.6
10/25/2025,4,FL,1.1292,6.0
11/1/2025,5,FL,1.4782,7.5
11/8/2025,6,FL,1.4782,7.8
11/15/2025,7,FL,1.4782,7.8
11/22/2025,8,FL,1.4782,8.0
11/29/2025,9,FL,1.8844,9.3
12/6/2025,10,FL,2.2906,10.1
12/13/2025,11,FL,2.2906,10.1
12/20/2025,12,FL,2.3865,10.1
12/27/2025,13,FL,2.3865,10.6
9/30/2023,1,GA,0,1.3
10/7/2023,2,GA,1.8613,2.8
10/14/2023,3,GA,1.8613,7.9
10/21/2023,4,GA,1.8613,7.9
10/28/2023,5,GA,1.8613,7.9
11/4/2023,6,GA,4.1129,7.9
11/11/2023,7,GA,4.1129,7.9
11/18/2023,8,GA,6.3677,7.9
11/25/2023,9,GA,6.3677,10.6
12/2/2023,10,GA,6.3677,10.8
12/9/2023,11,GA,6.3677,10.8
12/16/2023,12,GA,6.3677,10.8
12/23/2023,13,GA,6.3677,10.8
12/30/2023,14,GA,6.3677,11.9
1/6/2024,15,GA,6.8899,13.0
1/13/2024,16,GA,6.8899,13.8
1/20/2024,17,GA,6.8899,13.8
1/27/2024,18,GA,6.8899,13.8
2/3/2024,19,GA,7.4996,13.8
2/10/2024,20,GA,7.8458,13.8
2/17/2024,21,GA,7.8458,13.8
2/24/2024,22,GA,7.8458,14.3
3/2/2024,23,GA,7.9811,14.8
3/9/2024,24,GA,7.9811,14.8
3/16/2024,25,GA,7.9811,14.8
3/23/2024,26,GA,8.5895,14.8
3/30/2024,27,GA,8.5895,15.1
4/6/2024,28,GA,8.641,15.3
4/13/2024,29,GA,8.641,15.3
4/20/2024,30,GA,8.641,15.3
4/27/2024,31,GA,8.641,15.5
5/4/2024,32,GA,8.641,15.7
5/11/2024,33,GA,8.641,15.7
5/18/2024,34,GA,8.641,15.7
5/25/2024,35,GA,8.641,15.8
6/1/2024,36,GA,9.0996,15.9
6/8/2024,37,GA,9.0996,15.9
6/15/2024,38,GA,9.0996,15.9
6/22/2024,39,GA,9.0996,16.0
6/30/2024,40,GA,9.0996,16.0
7/6/2024,41,GA,,16.0
7/13/2024,42,GA,,16.0
7/20/2024,43,GA,,16.0
7/27/2024,44,GA,,16.1
8/3/2024,45,GA,,16.3
8/10/2024,46,GA,,16.5
8/17/2024,47,GA,,16.5
9/7/2024,1,GA,,0.6
9/14/2024,2,GA,,0.6
9/21/2024,3,GA,,4.3
9/28/2024,4,GA,,4.7
10/5/2024,5,GA,2.8278,5.1
10/12/2024,6,GA,2.9599,6.4
10/19/2024,7,GA,3.4715,6.4
10/26/2024,8,GA,4.6409,7.9
11/2/2024,9,GA,5.8104,9.5
11/9/2024,10,GA,5.8104,11.5
11/16/2024,11,GA,7.0161,11.5
11/23/2024,12,GA,7.1429,12.0
11/30/2024,13,GA,7.1429,12.0
12/7/2024,14,GA,7.1429,12.0
12/14/2024,15,GA,7.1429,12.0
12/21/2024,16,GA,7.1429,12.0
12/28/2024,17,GA,7.417,12.9
1/4/2025,18,GA,7.6912,13.8
1/11/2025,19,GA,7.6912,13.8
1/18/2025,20,GA,7.6912,13.8
1/25/2025,21,GA,7.8707,14.2
2/1/2025,22,GA,8.0501,14.6
2/8/2025,23,GA,8.0501,14.6
2/15/2025,24,GA,8.0501,15.3
2/22/2025,25,GA,8.1763,15.3
3/1/2025,26,GA,8.3025,15.3
3/8/2025,27,GA,8.3025,15.3
3/15/2025,28,GA,8.3025,15.3
3/22/2025,29,GA,8.3025,15.3
3/29/2025,30,GA,8.3025,15.6
4/5/2025,31,GA,8.3025,15.9
4/12/2025,32,GA,8.3025,15.9
4/19/2025,33,GA,8.3025,15.9
4/26/2025,34,GA,8.4508,15.9
5/3/2025,35,GA,8.5991,
5/10/2025,36,GA,8.5991,
5/17/2025,37,GA,8.5991,
5/24/2025,38,GA,8.5991,
5/31/2025,39,GA,8.5991,
6/7/2025,40,GA,8.5991,
6/14/2025,41,GA,8.5991,
6/21/2025,42,GA,8.5991,
6/28/2025,43,GA,8.5991,
10/4/2025,1,GA,2.2203,
10/11/2025,2,GA,2.2203,3.6
10/18/2025,3,GA,2.2203,6.4
10/25/2025,4,GA,3.5693,6.4
11/1/2025,5,GA,4.9183,6.4
11/8/2025,6,GA,4.9183,6.4
11/15/2025,7,GA,4.9183,6.6
11/22/2025,8,GA,6.9295,7.3
11/29/2025,9,GA,6.9295,8.4
12/6/2025,10,GA,6.9295,9.4
12/13/2025,11,GA,6.9295,9.4
12/20/2025,12,GA,6.9295,9.4
12/27/2025,13,GA,7.249,10.1
4/6/2024,28,GU,7.1536,9.5
4/13/2024,29,GU,7.1536,9.5
4/20/2024,30,GU,7.1536,9.5
4/27/2024,31,GU,7.1536,9.5
5/4/2024,32,GU,7.1536,9.6
5/11/2024,33,GU,7.1536,9.6
5/18/2024,34,GU,7.1536,9.8
5/25/2024,35,GU,7.1536,9.8
6/1/2024,36,GU,7.377,9.8
6/8/2024,37,GU,7.377,9.8
6/15/2024,38,GU,7.377,9.8
6/22/2024,39,GU,7.377,9.8
6/30/2024,40,GU,7.377,9.8
7/6/2024,41,GU,,9.8
7/13/2024,42,GU,,9.8
7/20/2024,43,GU,,9.8
7/27/2024,44,GU,,9.8
4/5/2025,31,GU,5.0045,
4/12/2025,32,GU,5.0045,
4/19/2025,33,GU,5.0045,
4/26/2025,34,GU,5.1285,
5/3/2025,35,GU,5.2525,
5/10/2025,36,GU,5.2525,
5/17/2025,37,GU,5.2525,
5/24/2025,38,GU,5.2525,
5/31/2025,39,GU,5.8148,
6/7/2025,40,GU,6.3771,
6/14/2025,41,GU,6.3771,
6/21/2025,42,GU,6.3771,
6/28/2025,43,GU,6.3771,
9/30/2023,1,HI,1.049,5.9
10/7/2023,2,HI,1.6986,7.6
10/14/2023,3,HI,2.4789,7.6
10/21/2023,4,HI,2.572,7.6
10/28/2023,5,HI,4.1622,10.5
11/4/2023,6,HI,8.9802,13.4
11/11/2023,7,HI,9.3942,16.5
11/18/2023,8,HI,9.3942,16.8
11/25/2023,9,HI,9.3942,17.3
12/2/2023,10,HI,11.5483,17.8
12/9/2023,11,HI,11.5483,19.1
12/16/2023,12,HI,11.5483,20.1
12/23/2023,13,HI,11.5483,20.1
12/30/2023,14,HI,11.5483,21.1
1/6/2024,15,HI,14.4095,21.7
1/13/2024,16,HI,14.4095,21.7
1/20/2024,17,HI,14.4095,22.0
1/27/2024,18,HI,15.0411,22.3
2/3/2024,19,HI,15.0411,22.7
2/10/2024,20,HI,15.0411,22.8
2/17/2024,21,HI,15.0411,23.3
2/24/2024,22,HI,15.0411,23.8
3/2/2024,23,HI,15.7642,24.2
3/9/2024,24,HI,15.7642,25.1
3/16/2024,25,HI,15.7642,25.1
3/23/2024,26,HI,16.3925,25.3
3/30/2024,27,HI,16.3925,25.3
4/6/2024,28,HI,16.3925,25.3
4/13/2024,29,HI,16.3925,25.3
4/20/2024,30,HI,16.3925,25.3
4/27/2024,31,HI,16.3925,25.8
5/4/2024,32,HI,16.5179,26.4
5/11/2024,33,HI,16.8148,26.7
5/18/2024,34,HI,16.828,26.7
5/25/2024,35,HI,16.828,27.0
6/1/2024,36,HI,16.9595,27.3
6/8/2024,37,HI,16.9595,27.3
6/15/2024,38,HI,17.0762,27.3
6/22/2024,39,HI,21.5779,27.3
6/30/2024,40,HI,21.5779,27.8
7/6/2024,41,HI,,28.3
7/13/2024,42,HI,,28.5
7/20/2024,43,HI,,28.5
7/27/2024,44,HI,,28.5
8/3/2024,45,HI,,28.5
8/10/2024,46,HI,,28.5
8/17/2024,47,HI,,28.5
9/7/2024,1,HI,,5.0
9/14/2024,2,HI,,7.5
9/21/2024,3,HI,,10.2
9/28/2024,4,HI,,12.6
10/5/2024,5,HI,5.6401,14.9
10/12/2024,6,HI,6.0327,15.6
10/19/2024,7,HI,8.4274,18.7
10/26/2024,8,HI,8.4274,19.6
11/2/2024,9,HI,8.4274,20.4
11/9/2024,10,HI,8.4274,20.6
11/16/2024,11,HI,9.546,20.6
11/23/2024,12,HI,10.5797,20.6
11/30/2024,13,HI,10.5797,22.0
12/7/2024,14,HI,10.5797,23.3
12/14/2024,15,HI,10.5797,23.7
12/21/2024,16,HI,10.5797,26.1
12/28/2024,17,HI,11.1771,26.1
1/4/2025,18,HI,11.7745,26.1
1/11/2025,19,HI,11.7745,26.2
1/18/2025,20,HI,11.7745,27.0
1/25/2025,21,HI,12.0051,27.2
2/1/2025,22,HI,12.2358,27.4
2/8/2025,23,HI,12.2358,27.4
2/15/2025,24,HI,12.2358,27.4
2/22/2025,25,HI,12.5201,28.0
3/1/2025,26,HI,12.8044,28.7
3/8/2025,27,HI,12.8044,28.9
3/15/2025,28,HI,12.8044,28.9
3/22/2025,29,HI,12.8044,29.3
3/29/2025,30,HI,13.3058,29.5
4/5/2025,31,HI,13.8071,29.7
4/12/2025,32,HI,13.8071,29.8
4/19/2025,33,HI,13.8071,29.9
4/26/2025,34,HI,13.858,29.9
5/3/2025,35,HI,13.9089,
5/10/2025,36,HI,13.9089,
5/17/2025,37,HI,13.9089,
5/24/2025,38,HI,13.9089,
5/31/2025,39,HI,13.9089,
6/7/2025,40,HI,13.9089,
6/14/2025,41,HI,13.9089,
6/21/2025,42,HI,13.9089,
6/28/2025,43,HI,13.9089,
10/4/2025,1,HI,2.7462,
10/11/2025,2,HI,2.7462,10.3
10/18/2025,3,HI,3.4476,11.4
10/25/2025,4,HI,4.5346,13.2
11/1/2025,5,HI,5.6217,15.0
11/8/2025,6,HI,5.6217,15.5
11/15/2025,7,HI,5.6217,15.5
11/22/2025,8,HI,5.6217,15.5
11/29/2025,9,HI,6.6699,17.0
12/6/2025,10,HI,7.718,18.5
12/13/2025,11,HI,7.718,20.2
12/20/2025,12,HI,7.718,20.7
12/27/2025,13,HI,8.2273,20.7
9/30/2023,1,IA,0,4.4
10/7/2023,2,IA,1.368,6.9
10/14/2023,3,IA,1.368,7.6
10/21/2023,4,IA,2.52,12.1
10/28/2023,5,IA,2.52,12.1
11/4/2023,6,IA,5.2388,12.1
11/11/2023,7,IA,5.5084,12.1
11/18/2023,8,IA,5.5084,12.1
11/25/2023,9,IA,5.5084,15.0
12/2/2023,10,IA,7.4015,17.4
12/9/2023,11,IA,7.4015,17.4
12/16/2023,12,IA,7.4015,17.4
12/23/2023,13,IA,7.4015,17.4
12/30/2023,14,IA,7.4015,19.1
1/6/2024,15,IA,10.0731,20.1
1/13/2024,16,IA,10.0731,20.1
1/20/2024,17,IA,10.0731,20.1
1/27/2024,18,IA,10.0731,21.0
2/3/2024,19,IA,11.4438,21.8
2/10/2024,20,IA,11.4438,21.8
2/17/2024,21,IA,11.4438,21.8
2/24/2024,22,IA,11.4438,22.3
3/2/2024,23,IA,11.5265,22.7
3/9/2024,24,IA,11.5265,22.7
3/16/2024,25,IA,11.5265,22.7
3/23/2024,26,IA,11.5265,22.7
3/30/2024,27,IA,11.5265,23.3
4/6/2024,28,IA,11.5265,23.4
4/13/2024,29,IA,11.5265,23.4
4/20/2024,30,IA,11.5265,23.5
4/27/2024,31,IA,11.5265,23.5
5/4/2024,32,IA,12.2222,23.6
5/11/2024,33,IA,12.2222,23.6
5/18/2024,34,IA,12.2222,23.6
5/25/2024,35,IA,12.2222,23.7
6/1/2024,36,IA,12.2222,23.9
6/8/2024,37,IA,12.2222,23.9
6/15/2024,38,IA,12.2222,23.9
6/22/2024,39,IA,12.2222,23.9
6/30/2024,40,IA,12.2222,24.1
7/6/2024,41,IA,,24.3
7/13/2024,42,IA,,24.3
7/20/2024,43,IA,,24.3
7/27/2024,44,IA,,24.4
8/3/2024,45,IA,,24.5
8/10/2024,46,IA,,24.5
8/17/2024,47,IA,,24.5
9/7/2024,1,IA,,1.8
9/14/2024,2,IA,,1.8
9/21/2024,3,IA,,6.6
9/28/2024,4,IA,,7.9
10/5/2024,5,IA,2.7864,8.9
10/12/2024,6,IA,3.0068,8.9
10/19/2024,7,IA,6.6993,17.4
10/26/2024,8,IA,6.6993,19.0
11/2/2024,9,IA,6.6993,20.6
11/9/2024,10,IA,6.6993,22.1
11/16/2024,11,IA,6.6993,22.1
11/23/2024,12,IA,6.6993,22.1
11/30/2024,13,IA,8.0424,22.1
12/7/2024,14,IA,9.3856,22.1
12/14/2024,15,IA,9.3856,22.1
12/21/2024,16,IA,9.3856,22.1
12/28/2024,17,IA,10.0046,22.8
1/4/2025,18,IA,10.6236,23.6
1/11/2025,19,IA,10.6236,23.6
1/18/2025,20,IA,10.6236,23.6
1/25/2025,21,IA,10.9278,24.4
2/1/2025,22,IA,11.232,25.2
2/8/2025,23,IA,11.232,25.2
2/15/2025,24,IA,11.232,25.6
2/22/2025,25,IA,11.3716,25.8
3/1/2025,26,IA,11.5112,26.0
3/8/2025,27,IA,11.5112,26.0
3/15/2025,28,IA,11.5112,26.0
3/22/2025,29,IA,11.5112,26.0
3/29/2025,30,IA,11.5112,26.8
4/5/2025,31,IA,11.5112,27.5
4/12/2025,32,IA,11.5112,27.5
4/19/2025,33,IA,11.5112,27.5
4/26/2025,34,IA,12.1158,27.5
5/3/2025,35,IA,12.1158,
5/10/2025,36,IA,12.1158,
5/17/2025,37,IA,12.1158,
5/24/2025,38,IA,12.1158,
5/31/2025,39,IA,12.2205,
6/7/2025,40,IA,12.3253,
6/14/2025,41,IA,12.3253,
6/21/2025,42,IA,12.3253,
6/28/2025,43,IA,12.3253,
10/4/2025,1,IA,0.7586,
10/11/2025,2,IA,0.7586,7.9
10/18/2025,3,IA,0.7586,7.9
10/25/2025,4,IA,2.0644,10.2
11/1/2025,5,IA,3.3702,12.4
11/8/2025,6,IA,3.3702,13.7
11/15/2025,7,IA,3.3702,13.9
11/22/2025,8,IA,3.3702,13.9
11/29/2025,9,IA,4.0196,15.5
12/6/2025,10,IA,4.6689,17.0
12/13/2025,11,IA,4.6689,17.6
12/20/2025,12,IA,4.6689,17.6
12/27/2025,13,IA,5.2082,17.6
9/30/2023,1,ID,0,0.8
10/7/2023,2,ID,0.6977,4.9
10/14/2023,3,ID,0.6977,7.7
10/21/2023,4,ID,0.6977,9.7
10/28/2023,5,ID,0.6977,10.0
11/4/2023,6,ID,4.4321,10.0
11/11/2023,7,ID,4.4321,10.0
11/18/2023,8,ID,4.4321,10.0
11/25/2023,9,ID,4.4321,12.5
12/2/2023,10,ID,6.278,14.3
12/9/2023,11,ID,6.278,14.3
12/16/2023,12,ID,6.278,14.3
12/23/2023,13,ID,6.278,16.4
12/30/2023,14,ID,6.278,16.4
1/6/2024,15,ID,6.9309,16.4
1/13/2024,16,ID,6.9309,17.0
1/20/2024,17,ID,6.9309,17.2
1/27/2024,18,ID,6.9309,17.2
2/3/2024,19,ID,7.8875,17.2
2/10/2024,20,ID,7.8875,17.2
2/17/2024,21,ID,7.8875,17.2
2/24/2024,22,ID,7.8875,17.6
3/2/2024,23,ID,7.8875,17.9
3/9/2024,24,ID,7.8875,17.9
3/16/2024,25,ID,7.8875,17.9
3/23/2024,26,ID,7.8875,18.6
3/30/2024,27,ID,7.8875,18.6
4/6/2024,28,ID,7.8875,18.6
4/13/2024,29,ID,7.8875,18.8
4/20/2024,30,ID,7.8875,18.8
4/27/2024,31,ID,7.8875,18.8
5/4/2024,32,ID,7.8875,18.8
5/11/2024,33,ID,7.8875,18.8
5/18/2024,34,ID,7.8875,18.8
5/25/2024,35,ID,7.8875,18.9
6/1/2024,36,ID,8.9002,19.0
6/8/2024,37,ID,8.9002,19.0
6/15/2024,38,ID,8.9002,19.0
6/22/2024,39,ID,8.9002,19.0
6/30/2024,40,ID,8.9002,19.2
7/6/2024,41,ID,,19.2
7/13/2024,42,ID,,19.2
7/20/2024,43,ID,,19.2
7/27/2024,44,ID,,19.4
8/3/2024,45,ID,,19.5
8/10/2024,46,ID,,19.5
8/17/2024,47,ID,,19.5
9/7/2024,1,ID,,1.2
9/14/2024,2,ID,,3.5
9/21/2024,3,ID,,3.7
9/28/2024,4,ID,,4.7
10/5/2024,5,ID,2.0352,5.7
10/12/2024,6,ID,2.0352,8.4
10/19/2024,7,ID,2.0352,8.4
10/26/2024,8,ID,3.5467,10.6
11/2/2024,9,ID,5.0582,12.1
11/9/2024,10,ID,5.0582,12.1
11/16/2024,11,ID,5.0582,12.1
11/23/2024,12,ID,5.0582,15.3
11/30/2024,13,ID,5.8288,15.3
12/7/2024,14,ID,6.5994,15.3
12/14/2024,15,ID,6.5994,15.3
12/21/2024,16,ID,6.5994,16.7
12/28/2024,17,ID,6.7537,16.7
1/4/2025,18,ID,6.908,16.7
1/11/2025,19,ID,6.908,17.5
1/18/2025,20,ID,6.908,17.5
1/25/2025,21,ID,7.0874,17.6
2/1/2025,22,ID,7.2667,17.7
2/8/2025,23,ID,7.2667,17.7
2/15/2025,24,ID,7.2667,17.7
2/22/2025,25,ID,7.6532,18.1
3/1/2025,26,ID,8.0396,18.4
3/8/2025,27,ID,8.0396,18.4
3/15/2025,28,ID,8.0396,18.4
3/22/2025,29,ID,8.0396,18.4
3/29/2025,30,ID,8.2101,18.7
4/5/2025,31,ID,8.3805,18.9
4/12/2025,32,ID,8.3805,18.9
4/19/2025,33,ID,8.3805,18.9
4/26/2025,34,ID,8.3805,18.9
5/3/2025,35,ID,8.3805,
5/10/2025,36,ID,8.3805,
5/17/2025,37,ID,8.3805,
5/24/2025,38,ID,8.3805,
5/31/2025,39,ID,8.3805,
6/7/2025,40,ID,8.3805,
6/14/2025,41,ID,8.3805,
6/21/2025,42,ID,8.823,
6/28/2025,43,ID,8.823,
10/4/2025,1,ID,0.6117,
10/11/2025,2,ID,0.6117,5.9
10/18/2025,3,ID,0.6117,5.9
10/25/2025,4,ID,1.5324,9.1
11/1/2025,5,ID,2.4531,10.0
11/8/2025,6,ID,2.4531,10.0
11/15/2025,7,ID,2.4531,10.0
11/22/2025,8,ID,2.4531,13.5
11/29/2025,9,ID,3.1847,13.5
12/6/2025,10,ID,3.9163,13.5
12/13/2025,11,ID,3.9163,13.5
12/20/2025,12,ID,3.9163,13.9
12/27/2025,13,ID,4.1024,13.9
9/30/2023,1,IL,0.5239,3.6
10/7/2023,2,IL,2.6103,8.2
10/14/2023,3,IL,2.6775,10.4
10/21/2023,4,IL,3.9818,11.3
10/28/2023,5,IL,3.9818,12.8
11/4/2023,6,IL,8.0723,14.3
11/11/2023,7,IL,8.5005,17.5
11/18/2023,8,IL,9.7571,19.0
11/25/2023,9,IL,10.7249,19.0
12/2/2023,10,IL,11.4516,19.1
12/9/2023,11,IL,12.0379,20.1
12/16/2023,12,IL,12.0379,20.1
12/23/2023,13,IL,12.0379,22.2
12/30/2023,14,IL,12.0379,22.4
1/6/2024,15,IL,13.3672,22.6
1/13/2024,16,IL,13.3672,22.6
1/20/2024,17,IL,13.434,22.6
1/27/2024,18,IL,13.434,23.1
2/3/2024,19,IL,14.7478,23.2
2/10/2024,20,IL,14.7478,23.2
2/17/2024,21,IL,14.7478,23.2
2/24/2024,22,IL,14.7478,23.8
3/2/2024,23,IL,16.0487,24.3
3/9/2024,24,IL,16.0487,24.5
3/16/2024,25,IL,16.3073,24.5
3/23/2024,26,IL,16.8474,24.8
3/30/2024,27,IL,16.8474,24.8
4/6/2024,28,IL,17.0227,24.9
4/13/2024,29,IL,17.3306,25.1
4/20/2024,30,IL,17.3306,25.3
4/27/2024,31,IL,17.3306,25.3
5/4/2024,32,IL,17.567,25.3
5/11/2024,33,IL,17.567,25.3
5/18/2024,34,IL,17.567,25.4
5/25/2024,35,IL,17.567,25.6
6/1/2024,36,IL,17.6965,25.8
6/8/2024,37,IL,17.6965,25.8
6/15/2024,38,IL,17.6965,25.8
6/22/2024,39,IL,17.6965,25.9
6/30/2024,40,IL,17.6965,26.1
7/6/2024,41,IL,,26.1
7/13/2024,42,IL,,26.1
7/20/2024,43,IL,,26.2
7/27/2024,44,IL,,26.2
8/3/2024,45,IL,,26.2
8/10/2024,46,IL,,26.2
8/17/2024,47,IL,,26.2
9/7/2024,1,IL,,2.7
9/14/2024,2,IL,,4.4
9/21/2024,3,IL,,9.3
9/28/2024,4,IL,,10.1
10/5/2024,5,IL,4.6196,10.9
10/12/2024,6,IL,4.6196,12.4
10/19/2024,7,IL,8.4484,16.3
10/26/2024,8,IL,9.2683,17.5
11/2/2024,9,IL,9.624,18.6
11/9/2024,10,IL,9.624,20.7
11/16/2024,11,IL,9.624,21.1
11/23/2024,12,IL,9.624,21.5
11/30/2024,13,IL,11.0765,22.3
12/7/2024,14,IL,12.529,23.1
12/14/2024,15,IL,12.529,24.4
12/21/2024,16,IL,13.6297,24.4
12/28/2024,17,IL,13.6297,24.4
1/4/2025,18,IL,13.6297,24.4
1/11/2025,19,IL,13.6297,24.4
1/18/2025,20,IL,13.6297,25.2
1/25/2025,21,IL,14.0813,25.4
2/1/2025,22,IL,14.5328,25.7
2/8/2025,23,IL,14.5328,26.2
2/15/2025,24,IL,14.5328,26.3
2/22/2025,25,IL,14.8438,26.3
3/1/2025,26,IL,15.1549,26.3
3/8/2025,27,IL,15.1549,26.4
3/15/2025,28,IL,15.1549,26.5
3/22/2025,29,IL,15.5066,26.5
3/29/2025,30,IL,15.5108,26.7
4/5/2025,31,IL,15.515,26.9
4/12/2025,32,IL,15.515,27.0
4/19/2025,33,IL,15.515,27.3
4/26/2025,34,IL,15.6023,27.3
5/3/2025,35,IL,15.6895,
5/10/2025,36,IL,15.6895,
5/17/2025,37,IL,15.6895,
5/24/2025,38,IL,15.6895,
5/31/2025,39,IL,15.6895,
6/7/2025,40,IL,15.6895,
6/14/2025,41,IL,15.6895,
6/21/2025,42,IL,15.6895,
6/28/2025,43,IL,15.6895,
10/4/2025,1,IL,2.7616,
10/11/2025,2,IL,3.0724,7.4
10/18/2025,3,IL,5.2853,10.6
10/25/2025,4,IL,6.4733,12.1
11/1/2025,5,IL,7.5093,13.6
11/8/2025,6,IL,7.5093,15.0
11/15/2025,7,IL,7.5093,15.5
11/22/2025,8,IL,7.5093,15.8
11/29/2025,9,IL,8.7895,16.6
12/6/2025,10,IL,9.8351,17.3
12/13/2025,11,IL,9.8351,17.3
12/20/2025,12,IL,9.8351,17.5
12/27/2025,13,IL,10.2202,18.7
9/30/2023,1,IN,1.7453,1.9
10/7/2023,2,IN,1.7453,3.1
10/14/2023,3,IN,1.7453,5.6
10/21/2023,4,IN,1.7453,8.1
10/28/2023,5,IN,1.7453,9.8
11/4/2023,6,IN,5.3114,11.5
11/11/2023,7,IN,5.3114,11.6
11/18/2023,8,IN,5.6326,14.4
11/25/2023,9,IN,5.6326,14.4
12/2/2023,10,IN,7.4961,14.4
12/9/2023,11,IN,7.4961,14.4
12/16/2023,12,IN,7.4961,15.4
12/23/2023,13,IN,8.8688,15.4
12/30/2023,14,IN,8.8688,16.2
1/6/2024,15,IN,8.8688,17.0
1/13/2024,16,IN,8.8688,17.1
1/20/2024,17,IN,9.3692,17.8
1/27/2024,18,IN,9.3692,17.8
2/3/2024,19,IN,9.3692,17.8
2/10/2024,20,IN,9.5511,17.9
2/17/2024,21,IN,9.5511,18.0
2/24/2024,22,IN,9.5511,18.3
3/2/2024,23,IN,10.0261,18.6
3/9/2024,24,IN,10.0261,18.6
3/16/2024,25,IN,10.0261,18.6
3/23/2024,26,IN,10.8066,19.1
3/30/2024,27,IN,10.8066,19.1
4/6/2024,28,IN,10.8066,19.1
4/13/2024,29,IN,10.8066,19.1
4/20/2024,30,IN,10.8066,19.1
4/27/2024,31,IN,10.8066,19.3
5/4/2024,32,IN,10.9221,19.5
5/11/2024,33,IN,10.9221,19.5
5/18/2024,34,IN,10.9221,19.5
5/25/2024,35,IN,10.9221,19.7
6/1/2024,36,IN,11.1282,19.8
6/8/2024,37,IN,11.1282,19.8
6/15/2024,38,IN,11.1282,19.8
6/22/2024,39,IN,11.1282,19.8
6/30/2024,40,IN,11.1282,20.0
7/6/2024,41,IN,,20.1
7/13/2024,42,IN,,20.1
7/20/2024,43,IN,,20.3
7/27/2024,44,IN,,20.3
8/3/2024,45,IN,,20.3
8/10/2024,46,IN,,20.3
8/17/2024,47,IN,,20.3
9/7/2024,1,IN,,2.6
9/14/2024,2,IN,,2.6
9/21/2024,3,IN,,5.0
9/28/2024,4,IN,,7.0
10/5/2024,5,IN,2.1378,9.1
10/12/2024,6,IN,2.1378,12.2
10/19/2024,7,IN,5.5252,13.1
10/26/2024,8,IN,5.5252,13.4
11/2/2024,9,IN,5.5252,13.7
11/9/2024,10,IN,5.5252,14.5
11/16/2024,11,IN,5.5252,16.5
11/23/2024,12,IN,5.5252,17.2
11/30/2024,13,IN,6.3824,17.2
12/7/2024,14,IN,7.2397,17.2
12/14/2024,15,IN,7.2397,17.9
12/21/2024,16,IN,7.2397,18.6
12/28/2024,17,IN,7.4393,18.6
1/4/2025,18,IN,7.639,18.6
1/11/2025,19,IN,7.639,18.6
1/18/2025,20,IN,7.639,18.6
1/25/2025,21,IN,7.8619,19.0
2/1/2025,22,IN,8.0849,19.4
2/8/2025,23,IN,8.0849,19.4
2/15/2025,24,IN,8.0849,19.4
2/22/2025,25,IN,8.2815,19.6
3/1/2025,26,IN,8.478,19.8
3/8/2025,27,IN,8.478,19.8
3/15/2025,28,IN,8.478,19.8
3/22/2025,29,IN,8.478,19.8
3/29/2025,30,IN,8.7657,20.0
4/5/2025,31,IN,9.0534,20.0
4/12/2025,32,IN,9.0534,20.0
4/19/2025,33,IN,9.0534,20.0
4/26/2025,34,IN,9.0875,20.0
5/3/2025,35,IN,9.1217,
5/10/2025,36,IN,9.1217,
5/17/2025,37,IN,9.1217,
5/24/2025,38,IN,9.1217,
5/31/2025,39,IN,10.043,
6/7/2025,40,IN,10.9643,
6/14/2025,41,IN,10.9643,
6/21/2025,42,IN,10.9643,
6/28/2025,43,IN,10.9643,
10/4/2025,1,IN,2.0076,
10/11/2025,2,IN,2.0076,4.8
10/18/2025,3,IN,5.1519,9.3
10/25/2025,4,IN,5.1519,9.4
11/1/2025,5,IN,5.1519,9.5
11/8/2025,6,IN,5.1519,9.5
11/15/2025,7,IN,5.1519,10.4
11/22/2025,8,IN,5.1519,12.6
11/29/2025,9,IN,5.9626,12.6
12/6/2025,10,IN,6.7733,12.6
12/13/2025,11,IN,6.7733,12.6
12/20/2025,12,IN,6.7733,12.6
12/27/2025,13,IN,6.7733,13.0
9/30/2023,1,KS,1.9393,3.6
10/7/2023,2,KS,1.9393,4.4
10/14/2023,3,KS,1.9431,8.0
10/21/2023,4,KS,2.2164,8.0
10/28/2023,5,KS,2.865,9.4
11/4/2023,6,KS,8.4188,10.8
11/11/2023,7,KS,8.6126,16.1
11/18/2023,8,KS,8.6126,16.1
11/25/2023,9,KS,8.6126,16.1
12/2/2023,10,KS,11.8027,16.1
12/9/2023,11,KS,11.8165,16.1
12/16/2023,12,KS,11.8165,16.1
12/23/2023,13,KS,11.8571,16.2
12/30/2023,14,KS,11.8571,17.6
1/6/2024,15,KS,12.7319,18.7
1/13/2024,16,KS,12.7319,18.7
1/20/2024,17,KS,12.7319,19.0
1/27/2024,18,KS,12.7319,19.0
2/3/2024,19,KS,13.0952,19.0
2/10/2024,20,KS,13.0952,19.0
2/17/2024,21,KS,13.0952,19.0
2/24/2024,22,KS,13.0952,19.4
3/2/2024,23,KS,13.5568,19.7
3/9/2024,24,KS,13.5568,19.7
3/16/2024,25,KS,13.5568,19.8
3/23/2024,26,KS,13.5568,20.0
3/30/2024,27,KS,13.5568,20.3
4/6/2024,28,KS,13.8006,20.5
4/13/2024,29,KS,13.8006,20.5
4/20/2024,30,KS,13.8006,20.5
4/27/2024,31,KS,13.8006,20.5
5/4/2024,32,KS,14.053,20.5
5/11/2024,33,KS,14.053,20.5
5/18/2024,34,KS,14.053,20.5
5/25/2024,35,KS,14.053,20.6
6/1/2024,36,KS,14.053,20.7
6/8/2024,37,KS,15.6379,20.7
6/15/2024,38,KS,15.6379,20.7
6/22/2024,39,KS,15.6379,20.7
6/30/2024,40,KS,15.6379,20.7
7/6/2024,41,KS,,20.7
7/13/2024,42,KS,,20.7
7/20/2024,43,KS,,20.7
7/27/2024,44,KS,,20.8
8/3/2024,45,KS,,20.8
8/10/2024,46,KS,,20.8
8/17/2024,47,KS,,20.8
9/7/2024,1,KS,,0.7
9/14/2024,2,KS,,2.4
9/21/2024,3,KS,,7.5
9/28/2024,4,KS,,7.5
10/5/2024,5,KS,2.1542,7.5
10/12/2024,6,KS,2.9868,12.0
10/19/2024,7,KS,2.9868,12.3
10/26/2024,8,KS,5.2841,14.2
11/2/2024,9,KS,7.5813,16.1
11/9/2024,10,KS,7.5813,16.4
11/16/2024,11,KS,7.5813,17.6
11/23/2024,12,KS,7.5813,17.6
11/30/2024,13,KS,8.5731,18.7
12/7/2024,14,KS,9.565,19.7
12/14/2024,15,KS,9.565,19.7
12/21/2024,16,KS,9.565,19.7
12/28/2024,17,KS,10.0691,20.8
1/4/2025,18,KS,10.5732,21.8
1/11/2025,19,KS,10.5732,21.8
1/18/2025,20,KS,10.5732,23.0
1/25/2025,21,KS,10.6512,23.0
2/1/2025,22,KS,10.7293,23.0
2/8/2025,23,KS,10.7293,23.0
2/15/2025,24,KS,10.7293,23.0
2/22/2025,25,KS,11.0639,23.4
3/1/2025,26,KS,11.3985,23.8
3/8/2025,27,KS,11.3985,23.8
3/15/2025,28,KS,11.3985,24.2
3/22/2025,29,KS,11.3985,24.2
3/29/2025,30,KS,11.3985,24.2
4/5/2025,31,KS,11.3985,24.2
4/12/2025,32,KS,11.3985,24.2
4/19/2025,33,KS,11.3985,24.2
4/26/2025,34,KS,11.5343,24.2
5/3/2025,35,KS,11.6701,
5/10/2025,36,KS,11.6701,
5/17/2025,37,KS,11.6701,
5/24/2025,38,KS,11.6701,
5/31/2025,39,KS,11.9052,
6/7/2025,40,KS,12.1403,
6/14/2025,41,KS,12.1403,
6/21/2025,42,KS,12.1403,
6/28/2025,43,KS,12.1403,
10/4/2025,1,KS,1.0702,
10/11/2025,2,KS,1.0702,7.8
10/18/2025,3,KS,4.4975,7.8
10/25/2025,4,KS,4.4975,10.7
11/1/2025,5,KS,4.4975,13.2
11/8/2025,6,KS,4.4975,13.2
11/15/2025,7,KS,4.4975,13.2
11/22/2025,8,KS,4.4975,14.6
11/29/2025,9,KS,6.1631,16.1
12/6/2025,10,KS,7.8286,17.6
12/13/2025,11,KS,7.8286,17.6
12/20/2025,12,KS,7.8286,17.6
12/27/2025,13,KS,7.986,18.3
9/30/2023,1,KY,0,3.1
10/7/2023,2,KY,1.2039,5.0
10/14/2023,3,KY,1.2039,8.2
10/21/2023,4,KY,1.9754,8.2
10/28/2023,5,KY,5.3267,8.9
11/4/2023,6,KY,5.3267,9.5
11/11/2023,7,KY,5.3267,9.5
11/18/2023,8,KY,5.3267,13.5
11/25/2023,9,KY,5.3267,13.5
12/2/2023,10,KY,7.2953,13.5
12/9/2023,11,KY,7.4561,13.5
12/16/2023,12,KY,7.4561,15.3
12/23/2023,13,KY,7.4561,15.3
12/30/2023,14,KY,7.4561,15.3
1/6/2024,15,KY,8.3583,15.3
1/13/2024,16,KY,8.6551,16.0
1/20/2024,17,KY,8.6759,16.0
1/27/2024,18,KY,8.6759,16.2
2/3/2024,19,KY,8.9355,16.4
2/10/2024,20,KY,8.9355,17.2
2/17/2024,21,KY,8.9355,17.2
2/24/2024,22,KY,8.9355,17.2
3/2/2024,23,KY,9.2816,17.2
3/9/2024,24,KY,9.2816,17.2
3/16/2024,25,KY,9.5604,17.2
3/23/2024,26,KY,9.5604,17.2
3/30/2024,27,KY,9.5604,17.4
4/6/2024,28,KY,9.9883,17.6
4/13/2024,29,KY,9.9883,17.6
4/20/2024,30,KY,9.9883,17.9
4/27/2024,31,KY,9.9883,18.0
5/4/2024,32,KY,9.9883,18.1
5/11/2024,33,KY,9.9883,18.1
5/18/2024,34,KY,10.1172,18.1
5/25/2024,35,KY,10.1172,18.1
6/1/2024,36,KY,10.1172,18.2
6/8/2024,37,KY,10.1172,18.2
6/15/2024,38,KY,10.1172,18.2
6/22/2024,39,KY,10.1172,18.2
6/30/2024,40,KY,10.1172,18.4
7/6/2024,41,KY,,18.6
7/13/2024,42,KY,,18.6
7/20/2024,43,KY,,18.6
7/27/2024,44,KY,,18.6
8/3/2024,45,KY,,18.6
8/10/2024,46,KY,,18.6
8/17/2024,47,KY,,18.6
9/7/2024,1,KY,,1.8
9/14/2024,2,KY,,3.7
9/21/2024,3,KY,,4.5
9/28/2024,4,KY,,4.5
10/5/2024,5,KY,2.9994,4.5
10/12/2024,6,KY,2.9994,5.8
10/19/2024,7,KY,2.9994,6.5
10/26/2024,8,KY,4.7865,8.4
11/2/2024,9,KY,6.5736,10.3
11/9/2024,10,KY,6.5736,10.3
11/16/2024,11,KY,6.5736,10.3
11/23/2024,12,KY,6.5736,12.7
11/30/2024,13,KY,7.4423,13.0
12/7/2024,14,KY,8.3111,13.4
12/14/2024,15,KY,8.3111,13.4
12/21/2024,16,KY,8.3111,13.4
12/28/2024,17,KY,8.8492,13.9
1/4/2025,18,KY,9.3872,14.5
1/11/2025,19,KY,9.3872,14.5
1/18/2025,20,KY,9.3872,14.5
1/25/2025,21,KY,9.4321,15.3
2/1/2025,22,KY,9.4769,16.1
2/8/2025,23,KY,9.4769,16.1
2/15/2025,24,KY,9.4769,16.1
2/22/2025,25,KY,9.7975,16.5
3/1/2025,26,KY,10.1182,16.8
3/8/2025,27,KY,10.1182,16.8
3/15/2025,28,KY,10.1182,16.8
3/22/2025,29,KY,10.1182,16.8
3/29/2025,30,KY,10.7296,17.3
4/5/2025,31,KY,11.3411,17.7
4/12/2025,32,KY,11.3411,17.7
4/19/2025,33,KY,11.3411,17.7
4/26/2025,34,KY,11.3411,17.7
5/3/2025,35,KY,11.3411,
5/10/2025,36,KY,11.3411,
5/17/2025,37,KY,11.3411,
5/24/2025,38,KY,11.3411,
5/31/2025,39,KY,11.3411,
6/7/2025,40,KY,11.3411,
6/14/2025,41,KY,11.3411,
6/21/2025,42,KY,13.9403,
6/28/2025,43,KY,13.9403,
10/4/2025,1,KY,1.0564,
10/11/2025,2,KY,1.0564,5.6
10/18/2025,3,KY,1.0564,5.6
10/25/2025,4,KY,2.0108,7.0
11/1/2025,5,KY,2.9653,8.5
11/8/2025,6,KY,2.9653,9.8
11/15/2025,7,KY,2.9653,10.0
11/22/2025,8,KY,2.9653,10.0
11/29/2025,9,KY,3.713,10.9
12/6/2025,10,KY,4.4607,11.1
12/13/2025,11,KY,4.4607,11.1
12/20/2025,12,KY,4.4607,12.3
12/27/2025,13,KY,5.9947,12.3
9/30/2023,1,LA,0,1.5
10/7/2023,2,LA,0.7847,2.9
10/14/2023,3,LA,0.7847,3.9
10/21/2023,4,LA,0.7847,5.7
10/28/2023,5,LA,0.7847,6.0
11/4/2023,6,LA,2.1993,6.4
11/11/2023,7,LA,2.1993,6.7
11/18/2023,8,LA,2.1993,6.7
11/25/2023,9,LA,2.1993,7.7
12/2/2023,10,LA,3.8305,8.8
12/9/2023,11,LA,3.8305,10.0
12/16/2023,12,LA,4.3698,10.0
12/23/2023,13,LA,4.3698,10.4
12/30/2023,14,LA,4.3698,10.4
1/6/2024,15,LA,4.3698,10.4
1/13/2024,16,LA,4.4925,10.4
1/20/2024,17,LA,4.6676,11.3
1/27/2024,18,LA,4.6676,11.3
2/3/2024,19,LA,4.9535,11.3
2/10/2024,20,LA,4.9535,11.3
2/17/2024,21,LA,5.0396,11.3
2/24/2024,22,LA,5.0396,11.7
3/2/2024,23,LA,5.0396,12.1
3/9/2024,24,LA,5.0396,12.1
3/16/2024,25,LA,5.0396,12.4
3/23/2024,26,LA,5.0396,12.4
3/30/2024,27,LA,5.0396,12.5
4/6/2024,28,LA,5.1527,12.5
4/13/2024,29,LA,5.1527,12.5
4/20/2024,30,LA,5.1527,12.5
4/27/2024,31,LA,5.1527,12.7
5/4/2024,32,LA,5.5456,12.7
5/11/2024,33,LA,5.5456,12.7
5/18/2024,34,LA,5.5456,12.8
5/25/2024,35,LA,5.5456,12.9
6/1/2024,36,LA,5.5456,13.0
6/8/2024,37,LA,5.7819,13.0
6/15/2024,38,LA,5.7819,13.0
6/22/2024,39,LA,5.7819,13.0
6/30/2024,40,LA,5.7819,13.0
7/6/2024,41,LA,,13.1
7/13/2024,42,LA,,13.1
7/20/2024,43,LA,,13.1
7/27/2024,44,LA,,13.2
8/3/2024,45,LA,,13.4
8/10/2024,46,LA,,13.4
8/17/2024,47,LA,,13.4
9/7/2024,1,LA,,1.5
9/14/2024,2,LA,,2.6
9/21/2024,3,LA,,2.7
9/28/2024,4,LA,,4.1
10/5/2024,5,LA,1.5166,5.5
10/12/2024,6,LA,2.6588,5.6
10/19/2024,7,LA,2.6588,7.8
10/26/2024,8,LA,2.6588,7.8
11/2/2024,9,LA,2.6588,7.8
11/9/2024,10,LA,2.6588,7.8
11/16/2024,11,LA,2.6588,7.8
11/23/2024,12,LA,2.6588,7.8
11/30/2024,13,LA,3.4591,8.6
12/7/2024,14,LA,4.2595,9.4
12/14/2024,15,LA,4.2595,9.4
12/21/2024,16,LA,4.2595,11.0
12/28/2024,17,LA,4.5054,11.0
1/4/2025,18,LA,4.7513,11.0
1/11/2025,19,LA,4.7513,11.0
1/18/2025,20,LA,4.7513,11.0
1/25/2025,21,LA,4.885,11.2
2/1/2025,22,LA,5.0186,11.4
2/8/2025,23,LA,5.0186,11.4
2/15/2025,24,LA,5.0186,11.5
2/22/2025,25,LA,5.2066,11.6
3/1/2025,26,LA,5.3945,11.6
3/8/2025,27,LA,5.3945,11.6
3/15/2025,28,LA,5.3945,11.6
3/22/2025,29,LA,5.3945,11.6
3/29/2025,30,LA,5.4474,12.2
4/5/2025,31,LA,5.5002,12.3
4/12/2025,32,LA,5.5002,12.3
4/19/2025,33,LA,5.5002,12.3
4/26/2025,34,LA,5.5814,12.3
5/3/2025,35,LA,5.6625,
5/10/2025,36,LA,5.6625,
5/17/2025,37,LA,5.6625,
5/24/2025,38,LA,5.6625,
5/31/2025,39,LA,6.1281,
6/7/2025,40,LA,6.5936,
6/14/2025,41,LA,6.5936,
6/21/2025,42,LA,6.5936,
6/28/2025,43,LA,6.5936,
10/4/2025,1,LA,0.8981,
10/11/2025,2,LA,0.8981,2.8
10/18/2025,3,LA,0.8981,4.6
10/25/2025,4,LA,1.6149,5.2
11/1/2025,5,LA,2.3317,5.8
11/8/2025,6,LA,2.3317,6.1
11/15/2025,7,LA,2.3317,6.8
11/22/2025,8,LA,2.3317,6.8
11/29/2025,9,LA,2.9937,7.5
12/6/2025,10,LA,2.9937,8.3
12/13/2025,11,LA,2.9937,8.3
12/20/2025,12,LA,2.9937,8.3
12/27/2025,13,LA,3.1425,8.8
9/30/2023,1,MA,0,4.1
10/7/2023,2,MA,4.9566,8.0
10/14/2023,3,MA,5.202,15.6
10/21/2023,4,MA,14.6968,18.7
10/28/2023,5,MA,14.9325,19.5
11/4/2023,6,MA,15.2449,20.4
11/11/2023,7,MA,17.533,22.4
11/18/2023,8,MA,18.2734,22.4
11/25/2023,9,MA,21.9372,23.9
12/2/2023,10,MA,21.9372,25.5
12/9/2023,11,MA,21.9372,26.9
12/16/2023,12,MA,21.9372,26.9
12/23/2023,13,MA,22.1475,28.8
12/30/2023,14,MA,22.1475,28.8
1/6/2024,15,MA,26.4543,28.8
1/13/2024,16,MA,26.4543,30.8
1/20/2024,17,MA,26.4543,30.8
1/27/2024,18,MA,26.4543,30.8
2/3/2024,19,MA,27.8476,30.8
2/10/2024,20,MA,28.0028,30.8
2/17/2024,21,MA,28.5434,31.8
2/24/2024,22,MA,28.5434,31.8
3/2/2024,23,MA,28.5434,31.8
3/9/2024,24,MA,28.5434,31.8
3/16/2024,25,MA,28.5434,31.8
3/23/2024,26,MA,28.5434,31.8
3/30/2024,27,MA,28.5434,32.4
4/6/2024,28,MA,29.6974,32.9
4/13/2024,29,MA,29.6974,33.1
4/20/2024,30,MA,29.6974,33.1
4/27/2024,31,MA,29.6974,33.4
5/4/2024,32,MA,30.2641,33.5
5/11/2024,33,MA,30.2641,33.5
5/18/2024,34,MA,30.2641,33.7
5/25/2024,35,MA,30.2641,33.8
6/1/2024,36,MA,30.2641,33.9
6/8/2024,37,MA,30.2641,33.9
6/15/2024,38,MA,30.2641,33.9
6/22/2024,39,MA,30.2641,33.9
6/30/2024,40,MA,30.2641,34.2
7/6/2024,41,MA,,34.5
7/13/2024,42,MA,,34.7
7/20/2024,43,MA,,34.7
7/27/2024,44,MA,,34.7
8/3/2024,45,MA,,34.7
8/10/2024,46,MA,,34.7
8/17/2024,47,MA,,34.7
9/7/2024,1,MA,,2.9
9/14/2024,2,MA,,10.7
9/21/2024,3,MA,,10.7
9/28/2024,4,MA,,12.2
10/5/2024,5,MA,6.3497,13.7
10/12/2024,6,MA,10.9239,18.8
10/19/2024,7,MA,12.5,24.8
10/26/2024,8,MA,13.7282,25.0
11/2/2024,9,MA,14.9564,25.3
11/9/2024,10,MA,17.3632,27.1
11/16/2024,11,MA,17.3632,27.1
11/23/2024,12,MA,17.3632,27.1
11/30/2024,13,MA,19.2994,28.9
12/7/2024,14,MA,19.4119,30.7
12/14/2024,15,MA,19.4119,30.9
12/21/2024,16,MA,21.4063,33.0
12/28/2024,17,MA,21.4063,33.3
1/4/2025,18,MA,21.4063,33.7
1/11/2025,19,MA,21.4063,33.8
1/18/2025,20,MA,22.6664,34.5
1/25/2025,21,MA,22.9063,34.7
2/1/2025,22,MA,23.1462,35.0
2/8/2025,23,MA,23.1462,35.0
2/15/2025,24,MA,23.1462,36.1
2/22/2025,25,MA,23.6298,36.1
3/1/2025,26,MA,24.1134,36.1
3/8/2025,27,MA,24.1134,36.1
3/15/2025,28,MA,24.1134,36.1
3/22/2025,29,MA,24.1134,36.1
3/29/2025,30,MA,24.2329,36.4
4/5/2025,31,MA,24.3524,36.7
4/12/2025,32,MA,24.3524,37.1
4/19/2025,33,MA,24.3524,37.2
4/26/2025,34,MA,24.8856,37.2
5/3/2025,35,MA,25.4189,
5/10/2025,36,MA,25.4189,
5/17/2025,37,MA,25.4189,
5/24/2025,38,MA,25.4189,
5/31/2025,39,MA,25.4189,
6/7/2025,40,MA,25.4189,
6/14/2025,41,MA,25.4189,
6/21/2025,42,MA,25.4189,
6/28/2025,43,MA,25.4189,
10/4/2025,1,MA,3.6707,
10/11/2025,2,MA,5.5722,11.6
10/18/2025,3,MA,5.5722,19.2
10/25/2025,4,MA,9.0294,20.3
11/1/2025,5,MA,12.4867,21.4
11/8/2025,6,MA,13.0403,21.9
11/15/2025,7,MA,15.0903,21.9
11/22/2025,8,MA,15.147,21.9
11/29/2025,9,MA,15.9654,25.4
12/6/2025,10,MA,16.7838,28.3
12/13/2025,11,MA,16.7838,28.3
12/20/2025,12,MA,16.7838,28.3
12/27/2025,13,MA,18.3761,30.0
9/30/2023,1,MD,1.2007,3.1
10/7/2023,2,MD,3.3091,9.8
10/14/2023,3,MD,3.3163,9.8
10/21/2023,4,MD,3.3202,11.8
10/28/2023,5,MD,3.8932,13.8
11/4/2023,6,MD,12.72,15.8
11/11/2023,7,MD,12.72,17.8
11/18/2023,8,MD,12.72,20.9
11/25/2023,9,MD,12.72,21.1
12/2/2023,10,MD,17.4673,21.3
12/9/2023,11,MD,17.4673,22.6
12/16/2023,12,MD,17.4673,23.7
12/23/2023,13,MD,17.9851,23.7
12/30/2023,14,MD,17.9851,24.1
1/6/2024,15,MD,19.831,24.5
1/13/2024,16,MD,19.831,25.5
1/20/2024,17,MD,20.5772,26.2
1/27/2024,18,MD,20.5772,26.2
2/3/2024,19,MD,21.4449,26.2
2/10/2024,20,MD,21.4449,27.1
2/17/2024,21,MD,21.9566,27.1
2/24/2024,22,MD,21.9566,27.1
3/2/2024,23,MD,22.6186,27.1
3/9/2024,24,MD,22.8148,27.2
3/16/2024,25,MD,22.8148,27.8
3/23/2024,26,MD,22.8148,27.8
3/30/2024,27,MD,22.8148,27.8
4/6/2024,28,MD,23.2728,27.8
4/13/2024,29,MD,23.2728,27.8
4/20/2024,30,MD,23.2728,27.8
4/27/2024,31,MD,23.2728,28.0
5/4/2024,32,MD,23.8412,28.1
5/11/2024,33,MD,23.8412,28.1
5/18/2024,34,MD,23.8412,28.1
5/25/2024,35,MD,23.8412,28.4
6/1/2024,36,MD,23.8412,28.8
6/8/2024,37,MD,23.8412,28.8
6/15/2024,38,MD,23.8412,28.8
6/22/2024,39,MD,23.8412,29.0
6/30/2024,40,MD,23.8412,29.1
7/6/2024,41,MD,,29.2
7/13/2024,42,MD,,29.2
7/20/2024,43,MD,,29.2
7/27/2024,44,MD,,29.2
8/3/2024,45,MD,,29.3
8/10/2024,46,MD,,29.3
8/17/2024,47,MD,,29.3
9/7/2024,1,MD,,1.4
9/14/2024,2,MD,,4.8
9/21/2024,3,MD,,4.8
9/28/2024,4,MD,,7.6
10/5/2024,5,MD,6.1219,10.3
10/12/2024,6,MD,8.6178,14.3
10/19/2024,7,MD,8.6178,14.3
10/26/2024,8,MD,11.7544,16.8
11/2/2024,9,MD,14.891,19.3
11/9/2024,10,MD,16.0843,21.2
11/16/2024,11,MD,17.2248,24.7
11/23/2024,12,MD,17.2248,24.7
11/30/2024,13,MD,17.8255,24.7
12/7/2024,14,MD,18.4261,24.7
12/14/2024,15,MD,18.4261,26.9
12/21/2024,16,MD,18.4261,26.9
12/28/2024,17,MD,19.452,26.9
1/4/2025,18,MD,20.4778,26.9
1/11/2025,19,MD,20.4778,26.9
1/18/2025,20,MD,20.9597,26.9
1/25/2025,21,MD,20.9597,27.7
2/1/2025,22,MD,20.9597,28.6
2/8/2025,23,MD,20.9597,28.6
2/15/2025,24,MD,20.9597,28.6
2/22/2025,25,MD,21.2904,29.2
3/1/2025,26,MD,21.621,29.8
3/8/2025,27,MD,21.621,29.8
3/15/2025,28,MD,21.621,29.9
3/22/2025,29,MD,21.621,29.9
3/29/2025,30,MD,21.8993,30.1
4/5/2025,31,MD,22.1776,30.4
4/12/2025,32,MD,22.1776,30.4
4/19/2025,33,MD,22.1776,30.9
4/26/2025,34,MD,22.9812,30.9
5/3/2025,35,MD,23.7848,
5/10/2025,36,MD,23.7848,
5/17/2025,37,MD,23.7848,
5/24/2025,38,MD,23.7848,
5/31/2025,39,MD,23.9961,
6/7/2025,40,MD,24.2074,
6/14/2025,41,MD,24.2074,
6/21/2025,42,MD,24.2074,
6/28/2025,43,MD,24.2074,
10/4/2025,1,MD,1.4773,
10/11/2025,2,MD,2.9605,6.0
10/18/2025,3,MD,5.7203,11.5
10/25/2025,4,MD,7.4795,13.8
11/1/2025,5,MD,9.2387,15.0
11/8/2025,6,MD,9.2387,15.0
11/15/2025,7,MD,9.2387,15.3
11/22/2025,8,MD,10.8298,15.3
11/29/2025,9,MD,11.8881,17.1
12/6/2025,10,MD,12.9464,18.8
12/13/2025,11,MD,12.9464,19.4
12/20/2025,12,MD,12.9464,20.4
12/27/2025,13,MD,13.3383,20.9
9/30/2023,1,ME,0,4.1
10/7/2023,2,ME,2.8264,6.5
10/14/2023,3,ME,2.8264,7.6
10/21/2023,4,ME,2.8264,15.2
10/28/2023,5,ME,2.8264,16.3
11/4/2023,6,ME,9.1077,17.3
11/11/2023,7,ME,9.3684,20.1
11/18/2023,8,ME,9.9192,21.8
11/25/2023,9,ME,9.9192,22.1
12/2/2023,10,ME,15.4629,22.4
12/9/2023,11,ME,15.4629,24.1
12/16/2023,12,ME,15.9563,24.1
12/23/2023,13,ME,15.9563,25.0
12/30/2023,14,ME,15.9563,26.4
1/6/2024,15,ME,17.7796,27.6
1/13/2024,16,ME,17.7796,27.6
1/20/2024,17,ME,18.6465,27.6
1/27/2024,18,ME,18.6465,27.6
2/3/2024,19,ME,19.1877,27.6
2/10/2024,20,ME,19.1877,28.5
2/17/2024,21,ME,19.1877,28.5
2/24/2024,22,ME,19.1877,28.5
3/2/2024,23,ME,20.5473,28.5
3/9/2024,24,ME,20.5473,28.8
3/16/2024,25,ME,20.5473,29.1
3/23/2024,26,ME,20.6661,29.2
3/30/2024,27,ME,20.6661,29.2
4/6/2024,28,ME,20.7374,29.2
4/13/2024,29,ME,20.7374,29.2
4/20/2024,30,ME,21.1256,29.9
4/27/2024,31,ME,21.1256,30.0
5/4/2024,32,ME,21.6886,30.0
5/11/2024,33,ME,21.6886,30.0
5/18/2024,34,ME,21.6886,30.0
5/25/2024,35,ME,21.6886,30.2
6/1/2024,36,ME,22.2247,30.4
6/8/2024,37,ME,22.3537,30.4
6/15/2024,38,ME,22.3537,30.4
6/22/2024,39,ME,22.3537,30.4
6/30/2024,40,ME,22.3537,30.5
7/6/2024,41,ME,,30.5
7/13/2024,42,ME,,30.5
7/20/2024,43,ME,,30.7
7/27/2024,44,ME,,30.8
8/3/2024,45,ME,,31.0
8/10/2024,46,ME,,31.0
8/17/2024,47,ME,,31.0
9/7/2024,1,ME,,2.7
9/14/2024,2,ME,,5.5
9/21/2024,3,ME,,7.5
9/28/2024,4,ME,,10.7
10/5/2024,5,ME,5.0188,13.8
10/12/2024,6,ME,5.0188,14.2
10/19/2024,7,ME,5.5143,19.5
10/26/2024,8,ME,8.2279,21.1
11/2/2024,9,ME,10.9416,22.8
11/9/2024,10,ME,13.0652,23.9
11/16/2024,11,ME,13.3312,25.9
11/23/2024,12,ME,15.0052,25.9
11/30/2024,13,ME,15.0551,27.6
12/7/2024,14,ME,15.0551,29.2
12/14/2024,15,ME,15.0551,29.7
12/21/2024,16,ME,15.0551,30.1
12/28/2024,17,ME,15.6343,30.1
1/4/2025,18,ME,16.2136,30.1
1/11/2025,19,ME,16.2136,31.0
1/18/2025,20,ME,16.2136,31.1
1/25/2025,21,ME,16.5118,31.4
2/1/2025,22,ME,16.81,31.7
2/8/2025,23,ME,16.81,31.7
2/15/2025,24,ME,16.81,32.5
2/22/2025,25,ME,17.1522,32.5
3/1/2025,26,ME,17.4944,32.5
3/8/2025,27,ME,17.4944,32.5
3/15/2025,28,ME,17.4944,32.5
3/22/2025,29,ME,17.4944,33.4
3/29/2025,30,ME,18.0382,33.5
4/5/2025,31,ME,18.5819,33.5
4/12/2025,32,ME,18.5819,33.5
4/19/2025,33,ME,18.5819,34.5
4/26/2025,34,ME,18.6182,37.1
5/3/2025,35,ME,18.6546,
5/10/2025,36,ME,18.6546,
5/17/2025,37,ME,18.6546,
5/24/2025,38,ME,18.6546,
5/31/2025,39,ME,18.6546,
6/7/2025,40,ME,18.6546,
6/14/2025,41,ME,18.6546,
6/21/2025,42,ME,18.6546,
6/28/2025,43,ME,18.6546,
10/4/2025,1,ME,2.0532,
10/11/2025,2,ME,2.0532,12.1
10/18/2025,3,ME,2.0532,15.3
10/25/2025,4,ME,4.4889,17.4
11/1/2025,5,ME,6.9247,19.5
11/8/2025,6,ME,7.4858,22.2
11/15/2025,7,ME,7.4858,22.2
11/22/2025,8,ME,7.4858,23.1
11/29/2025,9,ME,8.7384,24.2
12/6/2025,10,ME,9.9909,25.4
12/13/2025,11,ME,9.9909,25.7
12/20/2025,12,ME,9.9909,27.7
12/27/2025,13,ME,10.4836,27.7
9/30/2023,1,MI,0,4.0
10/7/2023,2,MI,1.3089,4.0
10/14/2023,3,MI,1.3386,6.8
10/21/2023,4,MI,1.3652,10.9
10/28/2023,5,MI,1.3652,13.4
11/4/2023,6,MI,6.4153,15.0
11/11/2023,7,MI,6.4153,15.0
11/18/2023,8,MI,6.4833,15.0
11/25/2023,9,MI,6.4833,16.6
12/2/2023,10,MI,8.387,18.2
12/9/2023,11,MI,8.387,18.2
12/16/2023,12,MI,8.387,19.6
12/23/2023,13,MI,8.387,21.3
12/30/2023,14,MI,8.387,21.3
1/6/2024,15,MI,10.2009,21.3
1/13/2024,16,MI,10.2203,21.3
1/20/2024,17,MI,10.2203,21.7
1/27/2024,18,MI,10.2203,21.7
2/3/2024,19,MI,11.4546,21.7
2/10/2024,20,MI,11.4546,21.7
2/17/2024,21,MI,11.5722,21.9
2/24/2024,22,MI,11.5722,22.2
3/2/2024,23,MI,12.804,22.5
3/9/2024,24,MI,12.804,22.5
3/16/2024,25,MI,12.804,22.5
3/23/2024,26,MI,12.804,22.5
3/30/2024,27,MI,12.804,22.9
4/6/2024,28,MI,13.5463,23.2
4/13/2024,29,MI,13.5463,23.2
4/20/2024,30,MI,13.5463,23.2
4/27/2024,31,MI,13.5463,23.3
5/4/2024,32,MI,13.6702,23.4
5/11/2024,33,MI,13.6702,23.4
5/18/2024,34,MI,13.6702,23.4
5/25/2024,35,MI,13.6702,23.6
6/1/2024,36,MI,15.1042,23.7
6/8/2024,37,MI,15.1042,23.7
6/15/2024,38,MI,15.1042,23.7
6/22/2024,39,MI,15.1042,23.7
6/30/2024,40,MI,15.1042,24.0
7/6/2024,41,MI,,24.3
7/13/2024,42,MI,,24.3
7/20/2024,43,MI,,24.3
7/27/2024,44,MI,,24.3
8/3/2024,45,MI,,24.3
8/10/2024,46,MI,,24.3
8/17/2024,47,MI,,24.3
9/7/2024,1,MI,,2.4
9/14/2024,2,MI,,3.1
9/21/2024,3,MI,,7.8
9/28/2024,4,MI,,7.9
10/5/2024,5,MI,2.4953,8.0
10/12/2024,6,MI,2.4953,9.1
10/19/2024,7,MI,9.137,12.7
10/26/2024,8,MI,9.137,13.4
11/2/2024,9,MI,9.137,14.2
11/9/2024,10,MI,9.137,18.5
11/16/2024,11,MI,9.137,18.5
11/23/2024,12,MI,9.137,18.5
11/30/2024,13,MI,10.5495,20.4
12/7/2024,14,MI,11.9621,20.4
12/14/2024,15,MI,11.9621,20.4
12/21/2024,16,MI,11.9621,20.4
12/28/2024,17,MI,12.605,21.3
1/4/2025,18,MI,12.9265,22.1
1/11/2025,19,MI,13.248,22.1
1/18/2025,20,MI,13.248,22.1
1/25/2025,21,MI,13.474,22.8
2/1/2025,22,MI,13.7,23.4
2/8/2025,23,MI,13.7,23.4
2/15/2025,24,MI,13.7,23.4
2/22/2025,25,MI,13.9192,24.1
3/1/2025,26,MI,14.1384,24.9
3/8/2025,27,MI,14.1384,24.9
3/15/2025,28,MI,14.1384,24.9
3/22/2025,29,MI,14.1384,26.1
3/29/2025,30,MI,14.4352,26.1
4/5/2025,31,MI,14.732,26.1
4/12/2025,32,MI,14.732,26.1
4/19/2025,33,MI,14.732,26.1
4/26/2025,34,MI,14.827,26.1
5/3/2025,35,MI,14.922,
5/10/2025,36,MI,14.922,
5/17/2025,37,MI,14.922,
5/24/2025,38,MI,14.922,
5/31/2025,39,MI,15.2051,
6/7/2025,40,MI,15.2051,
6/14/2025,41,MI,15.2051,
6/21/2025,42,MI,15.2051,
6/28/2025,43,MI,15.2051,
10/4/2025,1,MI,1.4655,
10/11/2025,2,MI,1.4655,7.4
10/18/2025,3,MI,3.686,8.3
10/25/2025,4,MI,4.6561,11.9
11/1/2025,5,MI,5.6262,15.5
11/8/2025,6,MI,5.6262,15.5
11/15/2025,7,MI,6.2386,15.5
11/22/2025,8,MI,7.5983,16.1
11/29/2025,9,MI,7.5983,16.8
12/6/2025,10,MI,7.5983,17.2
12/13/2025,11,MI,7.5983,17.2
12/20/2025,12,MI,7.5983,18.4
12/27/2025,13,MI,8.1842,19.1
9/30/2023,1,MN,0,3.8
10/7/2023,2,MN,6.587,7.9
10/14/2023,3,MN,7.2898,9.8
10/21/2023,4,MN,14.2237,13.8
10/28/2023,5,MN,14.781,16.6
11/4/2023,6,MN,14.781,19.4
11/11/2023,7,MN,16.61,22.2
11/18/2023,8,MN,16.61,22.2
11/25/2023,9,MN,16.61,23.9
12/2/2023,10,MN,16.7569,25.6
12/9/2023,11,MN,17.2383,27.4
12/16/2023,12,MN,17.2491,27.7
12/23/2023,13,MN,17.2491,27.7
12/30/2023,14,MN,17.2491,28.6
1/6/2024,15,MN,20.0081,29.4
1/13/2024,16,MN,20.0081,29.7
1/20/2024,17,MN,20.1178,30.8
1/27/2024,18,MN,20.1178,31.0
2/3/2024,19,MN,21.743,31.2
2/10/2024,20,MN,21.743,31.4
2/17/2024,21,MN,21.743,32.0
2/24/2024,22,MN,21.743,32.2
3/2/2024,23,MN,23.5921,32.4
3/9/2024,24,MN,23.5921,33.2
3/16/2024,25,MN,23.5921,33.2
3/23/2024,26,MN,23.5921,33.2
3/30/2024,27,MN,23.5921,33.3
4/6/2024,28,MN,24.4564,33.5
4/13/2024,29,MN,24.4564,33.5
4/20/2024,30,MN,24.4564,33.5
4/27/2024,31,MN,24.4564,33.7
5/4/2024,32,MN,26.532,33.9
5/11/2024,33,MN,26.532,33.9
5/18/2024,34,MN,26.532,34.3
5/25/2024,35,MN,26.532,34.4
6/1/2024,36,MN,27.3475,34.6
6/8/2024,37,MN,27.3475,34.6
6/15/2024,38,MN,27.3475,34.6
6/22/2024,39,MN,27.3475,34.8
6/30/2024,40,MN,27.3475,34.8
7/6/2024,41,MN,,34.8
7/13/2024,42,MN,,34.8
7/20/2024,43,MN,,34.8
7/27/2024,44,MN,,34.9
8/3/2024,45,MN,,35.0
8/10/2024,46,MN,,35.0
8/17/2024,47,MN,,35.1
9/7/2024,1,MN,,2.2
9/14/2024,2,MN,,3.1
9/21/2024,3,MN,,10.7
9/28/2024,4,MN,,11.9
10/5/2024,5,MN,7.1308,13.0
10/12/2024,6,MN,7.2841,18.6
10/19/2024,7,MN,14.935,20.9
10/26/2024,8,MN,14.935,22.0
11/2/2024,9,MN,14.935,23.1
11/9/2024,10,MN,14.935,25.5
11/16/2024,11,MN,16.2667,26.4
11/23/2024,12,MN,16.6313,28.5
11/30/2024,13,MN,18.2118,29.6
12/7/2024,14,MN,19.7923,30.7
12/14/2024,15,MN,19.7923,32.0
12/21/2024,16,MN,19.7923,32.1
12/28/2024,17,MN,21.0926,33.0
1/4/2025,18,MN,22.3928,33.9
1/11/2025,19,MN,22.3928,34.5
1/18/2025,20,MN,23.7079,34.6
1/25/2025,21,MN,23.7079,34.9
2/1/2025,22,MN,23.7079,35.2
2/8/2025,23,MN,23.7079,35.7
2/15/2025,24,MN,23.7079,35.8
2/22/2025,25,MN,23.9553,36.1
3/1/2025,26,MN,24.2028,36.4
3/8/2025,27,MN,24.2028,36.4
3/15/2025,28,MN,24.2028,36.4
3/22/2025,29,MN,24.2028,36.7
3/29/2025,30,MN,24.6935,36.7
4/5/2025,31,MN,25.1841,36.7
4/12/2025,32,MN,25.1841,36.7
4/19/2025,33,MN,25.1841,36.7
4/26/2025,34,MN,25.5771,36.7
5/3/2025,35,MN,25.9701,
5/10/2025,36,MN,25.9701,
5/17/2025,37,MN,25.9701,
5/24/2025,38,MN,25.9701,
5/31/2025,39,MN,25.9701,
6/7/2025,40,MN,25.9701,
6/14/2025,41,MN,25.9701,
6/21/2025,42,MN,25.9701,
6/28/2025,43,MN,25.9701,
10/4/2025,1,MN,2.919,
10/11/2025,2,MN,3.769,10.3
10/18/2025,3,MN,3.769,10.3
10/25/2025,4,MN,7.2364,14.4
11/1/2025,5,MN,10.7038,18.4
11/8/2025,6,MN,10.7038,20.0
11/15/2025,7,MN,10.7038,20.0
11/22/2025,8,MN,13.2245,22.5
11/29/2025,9,MN,15.4567,24.0
12/6/2025,10,MN,17.6888,25.5
12/13/2025,11,MN,17.6888,25.5
12/20/2025,12,MN,17.6888,29.2
12/27/2025,13,MN,19.218,29.2
9/30/2023,1,MO,0,4.9
10/7/2023,2,MO,1.6686,5.5
10/14/2023,3,MO,4.1647,7.1
10/21/2023,4,MO,4.8159,9.0
10/28/2023,5,MO,4.8159,11.7
11/4/2023,6,MO,5.7592,12.4
11/11/2023,7,MO,5.7592,12.4
11/18/2023,8,MO,6.205,12.4
11/25/2023,9,MO,6.205,14.6
12/2/2023,10,MO,8.5901,16.7
12/9/2023,11,MO,8.5901,16.7
12/16/2023,12,MO,8.5901,16.7
12/23/2023,13,MO,8.5901,18.9
12/30/2023,14,MO,8.5901,18.9
1/6/2024,15,MO,10.538,18.9
1/13/2024,16,MO,10.538,19.7
1/20/2024,17,MO,10.538,19.7
1/27/2024,18,MO,10.538,20.0
2/3/2024,19,MO,10.538,20.2
2/10/2024,20,MO,10.538,20.2
2/17/2024,21,MO,10.538,20.2
2/24/2024,22,MO,10.538,20.6
3/2/2024,23,MO,11.2816,20.9
3/9/2024,24,MO,11.2816,20.9
3/16/2024,25,MO,11.2816,20.9
3/23/2024,26,MO,11.2816,21.2
3/30/2024,27,MO,11.2816,21.2
4/6/2024,28,MO,11.7629,21.2
4/13/2024,29,MO,11.7629,21.2
4/20/2024,30,MO,11.8369,21.2
4/27/2024,31,MO,11.8369,21.6
5/4/2024,32,MO,11.8369,21.9
5/11/2024,33,MO,11.8369,21.9
5/18/2024,34,MO,11.8369,22.0
5/25/2024,35,MO,11.8369,22.0
6/1/2024,36,MO,11.8369,22.0
6/8/2024,37,MO,11.8369,22.0
6/15/2024,38,MO,11.8369,22.0
6/22/2024,39,MO,11.8369,22.0
6/30/2024,40,MO,11.8369,22.4
7/6/2024,41,MO,,22.8
7/13/2024,42,MO,,22.8
7/20/2024,43,MO,,22.8
7/27/2024,44,MO,,22.8
8/3/2024,45,MO,,22.8
8/10/2024,46,MO,,22.8
8/17/2024,47,MO,,22.8
9/7/2024,1,MO,,0.6
9/14/2024,2,MO,,1.7
9/21/2024,3,MO,,5.3
9/28/2024,4,MO,,7.4
10/5/2024,5,MO,2.1713,8.9
10/12/2024,6,MO,2.1713,8.9
10/19/2024,7,MO,6.3402,11.9
10/26/2024,8,MO,6.3402,12.7
11/2/2024,9,MO,6.3402,13.6
11/9/2024,10,MO,6.3402,13.9
11/16/2024,11,MO,6.3402,15.8
11/23/2024,12,MO,6.3402,18.7
11/30/2024,13,MO,8.6732,18.7
12/7/2024,14,MO,9.237,18.7
12/14/2024,15,MO,9.237,18.7
12/21/2024,16,MO,9.5425,19.0
12/28/2024,17,MO,10.0695,19.1
1/4/2025,18,MO,10.5964,19.3
1/11/2025,19,MO,10.5964,19.6
1/18/2025,20,MO,10.5964,19.7
1/25/2025,21,MO,10.7326,19.7
2/1/2025,22,MO,10.8688,19.7
2/8/2025,23,MO,10.8688,19.7
2/15/2025,24,MO,10.8688,19.7
2/22/2025,25,MO,11.5014,19.8
3/1/2025,26,MO,12.1341,19.9
3/8/2025,27,MO,12.1341,19.9
3/15/2025,28,MO,12.1341,19.9
3/22/2025,29,MO,12.1341,19.9
3/29/2025,30,MO,12.2358,20.7
4/5/2025,31,MO,12.3375,21.5
4/12/2025,32,MO,12.3375,21.5
4/19/2025,33,MO,12.3375,21.5
4/26/2025,34,MO,12.3375,21.5
5/3/2025,35,MO,12.3375,
5/10/2025,36,MO,12.3375,
5/17/2025,37,MO,12.3375,
5/24/2025,38,MO,12.3375,
5/31/2025,39,MO,12.3375,
6/7/2025,40,MO,12.3375,
6/14/2025,41,MO,12.3375,
6/21/2025,42,MO,12.3375,
6/28/2025,43,MO,12.3375,
10/4/2025,1,MO,2.2968,
10/11/2025,2,MO,2.2968,3.7
10/18/2025,3,MO,2.2968,6.4
10/25/2025,4,MO,3.5225,8.2
11/1/2025,5,MO,4.7483,10.0
11/8/2025,6,MO,4.7483,10.8
11/15/2025,7,MO,4.7483,12.1
11/22/2025,8,MO,4.7483,12.1
11/29/2025,9,MO,5.337,12.4
12/6/2025,10,MO,5.337,12.7
12/13/2025,11,MO,5.337,12.7
12/20/2025,12,MO,5.337,12.7
12/27/2025,13,MO,5.7545,13.2
9/30/2023,1,MS,0,2.2
10/7/2023,2,MS,1.7333,3.0
10/14/2023,3,MS,1.7333,3.6
10/21/2023,4,MS,2.7822,3.6
10/28/2023,5,MS,2.7822,4.2
11/4/2023,6,MS,3.1966,4.9
11/11/2023,7,MS,3.1966,4.9
11/18/2023,8,MS,3.1966,4.9
11/25/2023,9,MS,3.1966,6.5
12/2/2023,10,MS,5.2151,7.6
12/9/2023,11,MS,5.2151,7.6
12/16/2023,12,MS,5.2151,7.6
12/23/2023,13,MS,5.2151,8.6
12/30/2023,14,MS,5.2151,8.9
1/6/2024,15,MS,5.6564,8.9
1/13/2024,16,MS,5.6564,8.9
1/20/2024,17,MS,5.6564,8.9
1/27/2024,18,MS,5.6564,9.4
2/3/2024,19,MS,6.2448,9.9
2/10/2024,20,MS,6.2448,9.9
2/17/2024,21,MS,6.2448,9.9
2/24/2024,22,MS,6.2448,10.2
3/2/2024,23,MS,6.3148,10.5
3/9/2024,24,MS,6.3148,10.5
3/16/2024,25,MS,6.3148,10.5
3/23/2024,26,MS,6.3148,10.5
3/30/2024,27,MS,6.3148,10.6
4/6/2024,28,MS,6.5111,10.6
4/13/2024,29,MS,6.5111,10.6
4/20/2024,30,MS,6.5111,10.8
4/27/2024,31,MS,6.5111,10.9
5/4/2024,32,MS,7.1921,11.0
5/11/2024,33,MS,7.1921,11.0
5/18/2024,34,MS,7.1921,11.0
5/25/2024,35,MS,7.1921,11.2
6/1/2024,36,MS,7.1921,11.3
6/8/2024,37,MS,7.1921,11.3
6/15/2024,38,MS,7.1921,11.3
6/22/2024,39,MS,7.1921,11.3
6/30/2024,40,MS,7.1921,11.4
7/6/2024,41,MS,,11.4
7/13/2024,42,MS,,11.4
7/20/2024,43,MS,,11.4
7/27/2024,44,MS,,11.4
8/3/2024,45,MS,,11.4
8/10/2024,46,MS,,11.4
8/17/2024,47,MS,,11.4
9/7/2024,1,MS,,1.5
9/14/2024,2,MS,,2.0
9/21/2024,3,MS,,3.4
9/28/2024,4,MS,,4.1
10/5/2024,5,MS,2.2301,4.1
10/12/2024,6,MS,2.2301,4.1
10/19/2024,7,MS,2.2301,5.4
10/26/2024,8,MS,2.8106,6.8
11/2/2024,9,MS,3.391,8.1
11/9/2024,10,MS,3.391,8.1
11/16/2024,11,MS,3.391,9.5
11/23/2024,12,MS,3.391,10.3
11/30/2024,13,MS,3.7714,10.3
12/7/2024,14,MS,4.1519,10.3
12/14/2024,15,MS,4.1519,10.3
12/21/2024,16,MS,4.1519,10.3
12/28/2024,17,MS,4.2349,10.8
1/4/2025,18,MS,4.3179,11.3
1/11/2025,19,MS,4.3179,11.3
1/18/2025,20,MS,4.3179,11.3
1/25/2025,21,MS,4.4625,11.6
2/1/2025,22,MS,4.6072,11.9
2/8/2025,23,MS,4.6072,11.9
2/15/2025,24,MS,4.6072,12.3
2/22/2025,25,MS,4.646,12.5
3/1/2025,26,MS,4.6848,12.6
3/8/2025,27,MS,4.6848,12.6
3/15/2025,28,MS,4.6848,12.6
3/22/2025,29,MS,4.6848,12.6
3/29/2025,30,MS,4.8403,13.0
4/5/2025,31,MS,4.9957,13.3
4/12/2025,32,MS,4.9957,13.3
4/19/2025,33,MS,4.9957,13.3
4/26/2025,34,MS,5.062,13.3
5/3/2025,35,MS,5.1283,
5/10/2025,36,MS,5.1283,
5/17/2025,37,MS,5.1283,
5/24/2025,38,MS,5.1283,
5/31/2025,39,MS,5.1283,
6/7/2025,40,MS,5.1283,
6/14/2025,41,MS,5.1283,
6/21/2025,42,MS,5.1283,
6/28/2025,43,MS,5.1283,
10/4/2025,1,MS,0.8882,
10/11/2025,2,MS,0.8882,4.7
10/18/2025,3,MS,0.8882,4.7
10/25/2025,4,MS,1.2037,4.7
11/1/2025,5,MS,1.5192,4.7
11/8/2025,6,MS,1.5192,4.7
11/15/2025,7,MS,1.5192,4.7
11/22/2025,8,MS,1.5192,6.5
11/29/2025,9,MS,1.6237,6.5
12/6/2025,10,MS,1.7282,6.5
12/13/2025,11,MS,1.7282,6.5
12/20/2025,12,MS,1.8986,6.5
12/27/2025,13,MS,1.8986,6.9
9/30/2023,1,MT,0,5.0
10/7/2023,2,MT,2.0885,6.6
10/14/2023,3,MT,2.56,10.1
10/21/2023,4,MT,2.56,13.7
10/28/2023,5,MT,2.56,13.7
11/4/2023,6,MT,5.5582,13.7
11/11/2023,7,MT,5.5582,14.9
11/18/2023,8,MT,5.5582,16.8
11/25/2023,9,MT,5.5582,17.1
12/2/2023,10,MT,8.2576,17.3
12/9/2023,11,MT,9.1826,17.5
12/16/2023,12,MT,9.1826,17.5
12/23/2023,13,MT,9.1826,19.7
12/30/2023,14,MT,9.1826,19.7
1/6/2024,15,MT,9.1826,19.7
1/13/2024,16,MT,9.1826,20.4
1/20/2024,17,MT,9.1826,20.4
1/27/2024,18,MT,9.1826,20.8
2/3/2024,19,MT,9.8319,20.8
2/10/2024,20,MT,10.2,20.8
2/17/2024,21,MT,10.2,20.9
2/24/2024,22,MT,10.2,21.1
3/2/2024,23,MT,10.369,21.4
3/9/2024,24,MT,10.369,21.4
3/16/2024,25,MT,10.369,21.4
3/23/2024,26,MT,10.369,22.1
3/30/2024,27,MT,10.369,22.1
4/6/2024,28,MT,10.74,22.1
4/13/2024,29,MT,10.815,22.1
4/20/2024,30,MT,10.815,22.2
4/27/2024,31,MT,10.815,22.2
5/4/2024,32,MT,10.815,22.3
5/11/2024,33,MT,10.815,22.3
5/18/2024,34,MT,10.815,22.3
5/25/2024,35,MT,10.815,22.4
6/1/2024,36,MT,10.815,22.5
6/8/2024,37,MT,10.815,22.5
6/15/2024,38,MT,10.815,22.5
6/22/2024,39,MT,10.815,22.5
6/30/2024,40,MT,10.815,22.7
7/6/2024,41,MT,,22.8
7/13/2024,42,MT,,22.8
7/20/2024,43,MT,,22.8
7/27/2024,44,MT,,23.0
8/3/2024,45,MT,,23.1
8/10/2024,46,MT,,23.1
8/17/2024,47,MT,,23.1
9/7/2024,1,MT,,1.4
9/14/2024,2,MT,,3.1
9/21/2024,3,MT,,5.0
9/28/2024,4,MT,,7.2
10/5/2024,5,MT,3.3146,9.4
10/12/2024,6,MT,3.3146,10.6
10/19/2024,7,MT,7.6268,10.6
10/26/2024,8,MT,7.6268,13.1
11/2/2024,9,MT,7.6268,15.5
11/9/2024,10,MT,7.6268,16.9
11/16/2024,11,MT,7.6268,16.9
11/23/2024,12,MT,7.6268,16.9
11/30/2024,13,MT,8.5848,18.9
12/7/2024,14,MT,9.5429,20.9
12/14/2024,15,MT,9.5429,21.1
12/21/2024,16,MT,10.1711,21.1
12/28/2024,17,MT,10.1711,21.4
1/4/2025,18,MT,10.1711,21.4
1/11/2025,19,MT,10.1711,21.4
1/18/2025,20,MT,10.1711,21.4
1/25/2025,21,MT,10.3377,21.9
2/1/2025,22,MT,10.5043,22.4
2/8/2025,23,MT,10.5043,22.9
2/15/2025,24,MT,10.5043,22.9
2/22/2025,25,MT,10.6508,22.9
3/1/2025,26,MT,10.7973,22.9
3/8/2025,27,MT,10.7973,23.0
3/15/2025,28,MT,10.7973,23.2
3/22/2025,29,MT,10.7973,23.2
3/29/2025,30,MT,10.8458,24.0
4/5/2025,31,MT,10.8942,24.2
4/12/2025,32,MT,10.8942,24.2
4/19/2025,33,MT,10.8942,24.2
4/26/2025,34,MT,10.9698,24.2
5/3/2025,35,MT,11.0454,
5/10/2025,36,MT,11.0454,
5/17/2025,37,MT,11.0454,
5/24/2025,38,MT,11.0454,
5/31/2025,39,MT,11.0454,
6/7/2025,40,MT,11.0454,
6/14/2025,41,MT,11.0454,
6/21/2025,42,MT,11.0454,
6/28/2025,43,MT,,
10/4/2025,1,MT,1.02,
10/11/2025,2,MT,1.02,7.4
10/18/2025,3,MT,1.02,10.6
10/25/2025,4,MT,2.6012,12.0
11/1/2025,5,MT,4.1825,13.4
11/8/2025,6,MT,4.1825,14.3
11/15/2025,7,MT,4.1825,14.3
11/22/2025,8,MT,4.1825,16.3
11/29/2025,9,MT,4.7098,16.3
12/6/2025,10,MT,5.2371,16.3
12/13/2025,11,MT,5.2371,16.9
12/20/2025,12,MT,5.7137,16.9
12/27/2025,13,MT,5.7137,17.4
9/30/2023,1,NC,0,0.0
10/7/2023,2,NC,1.6692,6.1
10/14/2023,3,NC,1.7505,7.9
10/21/2023,4,NC,1.7505,7.9
10/28/2023,5,NC,4.6864,10.5
11/4/2023,6,NC,5.8884,13.2
11/11/2023,7,NC,5.8884,15.3
11/18/2023,8,NC,5.8884,16.1
11/25/2023,9,NC,5.8884,16.1
12/2/2023,10,NC,8.823,16.1
12/9/2023,11,NC,8.823,16.1
12/16/2023,12,NC,8.823,16.1
12/23/2023,13,NC,8.823,16.1
12/30/2023,14,NC,8.823,17.3
1/6/2024,15,NC,10.4778,18.4
1/13/2024,16,NC,10.7314,18.4
1/20/2024,17,NC,10.7314,19.3
1/27/2024,18,NC,10.7314,19.6
2/3/2024,19,NC,10.7717,19.8
2/10/2024,20,NC,10.7717,19.8
2/17/2024,21,NC,10.7717,19.8
2/24/2024,22,NC,10.7717,20.5
3/2/2024,23,NC,10.9047,20.5
3/9/2024,24,NC,10.9047,20.5
3/16/2024,25,NC,10.9047,20.5
3/23/2024,26,NC,10.9047,20.5
3/30/2024,27,NC,10.9047,20.7
4/6/2024,28,NC,11.0832,20.9
4/13/2024,29,NC,11.0832,20.9
4/20/2024,30,NC,11.0832,20.9
4/27/2024,31,NC,11.0832,21.0
5/4/2024,32,NC,11.2631,21.1
5/11/2024,33,NC,11.2631,21.1
5/18/2024,34,NC,11.2631,21.1
5/25/2024,35,NC,11.2631,21.3
6/1/2024,36,NC,11.2631,21.6
6/8/2024,37,NC,11.2631,21.6
6/15/2024,38,NC,11.2631,21.6
6/22/2024,39,NC,11.2631,21.6
6/30/2024,40,NC,11.2631,21.8
7/6/2024,41,NC,,21.9
7/13/2024,42,NC,,21.9
7/20/2024,43,NC,,21.9
7/27/2024,44,NC,,22.0
8/3/2024,45,NC,,22.2
8/10/2024,46,NC,,22.3
8/17/2024,47,NC,,22.3
9/7/2024,1,NC,,1.7
9/14/2024,2,NC,,2.5
9/21/2024,3,NC,,8.7
9/28/2024,4,NC,,8.7
10/5/2024,5,NC,2.9245,8.7
10/12/2024,6,NC,5.8761,8.7
10/19/2024,7,NC,5.8761,11.7
10/26/2024,8,NC,6.5139,13.0
11/2/2024,9,NC,7.1517,13.6
11/9/2024,10,NC,7.1517,13.6
11/16/2024,11,NC,7.1517,13.6
11/23/2024,12,NC,7.1517,14.2
11/30/2024,13,NC,8.2872,16.1
12/7/2024,14,NC,9.4227,16.9
12/14/2024,15,NC,9.4227,16.9
12/21/2024,16,NC,9.4227,16.9
12/28/2024,17,NC,9.737,17.7
1/4/2025,18,NC,10.0512,18.5
1/11/2025,19,NC,10.0512,18.5
1/18/2025,20,NC,10.0512,19.7
1/25/2025,21,NC,10.2326,19.8
2/1/2025,22,NC,10.414,19.8
2/8/2025,23,NC,10.414,19.8
2/15/2025,24,NC,10.414,19.8
2/22/2025,25,NC,10.6277,20.2
3/1/2025,26,NC,10.8414,20.7
3/8/2025,27,NC,10.8414,20.7
3/15/2025,28,NC,10.8414,20.9
3/22/2025,29,NC,10.8414,21.0
3/29/2025,30,NC,11.1073,21.0
4/5/2025,31,NC,11.3732,21.0
4/12/2025,32,NC,11.3732,21.0
4/19/2025,33,NC,11.3732,21.1
4/26/2025,34,NC,11.674,21.1
5/3/2025,35,NC,11.9749,
5/10/2025,36,NC,11.9749,
5/17/2025,37,NC,11.9749,
5/24/2025,38,NC,11.9749,
5/31/2025,39,NC,12.0205,
6/7/2025,40,NC,12.0661,
6/14/2025,41,NC,12.0661,
6/21/2025,42,NC,12.0661,
6/28/2025,43,NC,12.0661,
10/4/2025,1,NC,1.061,
10/11/2025,2,NC,3.4776,8.0
10/18/2025,3,NC,3.4776,8.0
10/25/2025,4,NC,3.4776,9.7
11/1/2025,5,NC,3.4776,11.1
11/8/2025,6,NC,3.4776,11.1
11/15/2025,7,NC,3.4776,13.1
11/22/2025,8,NC,3.4776,13.2
11/29/2025,9,NC,4.3037,14.0
12/6/2025,10,NC,5.1299,14.0
12/13/2025,11,NC,5.1299,14.0
12/20/2025,12,NC,5.1299,14.0
12/27/2025,13,NC,5.8756,14.5
9/30/2023,1,ND,0,4.0
10/7/2023,2,ND,0.9391,4.1
10/14/2023,3,ND,0.9391,4.9
10/21/2023,4,ND,0.9417,7.1
10/28/2023,5,ND,0.9417,8.8
11/4/2023,6,ND,5.851,10.5
11/11/2023,7,ND,5.9651,11.3
11/18/2023,8,ND,5.9651,11.3
11/25/2023,9,ND,5.9651,13.2
12/2/2023,10,ND,7.6701,14.4
12/9/2023,11,ND,7.6701,14.4
12/16/2023,12,ND,7.6701,14.4
12/23/2023,13,ND,7.6701,14.4
12/30/2023,14,ND,7.6701,15.5
1/6/2024,15,ND,8.4236,16.5
1/13/2024,16,ND,8.4236,17.1
1/20/2024,17,ND,8.4236,17.2
1/27/2024,18,ND,8.4236,17.3
2/3/2024,19,ND,8.9666,17.4
2/10/2024,20,ND,8.9666,17.4
2/17/2024,21,ND,8.9666,17.4
2/24/2024,22,ND,8.9666,17.7
3/2/2024,23,ND,10.0497,18.0
3/9/2024,24,ND,10.0497,18.0
3/16/2024,25,ND,10.0497,18.3
3/23/2024,26,ND,10.0497,18.3
3/30/2024,27,ND,10.0497,18.3
4/6/2024,28,ND,10.1956,18.3
4/13/2024,29,ND,10.1956,18.3
4/20/2024,30,ND,10.1956,18.3
4/27/2024,31,ND,10.1956,18.3
5/4/2024,32,ND,10.259,18.4
5/11/2024,33,ND,10.259,18.5
5/18/2024,34,ND,10.259,18.7
5/25/2024,35,ND,10.259,18.7
6/1/2024,36,ND,10.259,18.7
6/8/2024,37,ND,10.259,18.7
6/15/2024,38,ND,10.259,18.7
6/22/2024,39,ND,10.259,18.7
6/30/2024,40,ND,10.259,18.7
7/6/2024,41,ND,,18.7
7/13/2024,42,ND,,18.7
7/20/2024,43,ND,,18.7
7/27/2024,44,ND,,18.7
8/3/2024,45,ND,,18.7
8/10/2024,46,ND,,18.7
8/17/2024,47,ND,,18.7
9/7/2024,1,ND,,0.7
9/14/2024,2,ND,,0.7
9/21/2024,3,ND,,4.3
9/28/2024,4,ND,,5.6
10/5/2024,5,ND,2.5861,6.9
10/12/2024,6,ND,2.5861,10.3
10/19/2024,7,ND,5.7664,10.3
10/26/2024,8,ND,7.2243,11.7
11/2/2024,9,ND,8.6822,13.1
11/9/2024,10,ND,11.106,14.6
11/16/2024,11,ND,11.106,15.5
11/23/2024,12,ND,11.106,15.5
11/30/2024,13,ND,11.157,16.4
12/7/2024,14,ND,11.208,17.0
12/14/2024,15,ND,11.208,17.0
12/21/2024,16,ND,11.208,17.0
12/28/2024,17,ND,11.5564,17.8
1/4/2025,18,ND,11.9048,18.5
1/11/2025,19,ND,11.9048,18.5
1/18/2025,20,ND,12.2251,19.6
1/25/2025,21,ND,12.2251,19.6
2/1/2025,22,ND,12.2251,19.6
2/8/2025,23,ND,12.2251,19.6
2/15/2025,24,ND,12.2251,19.6
2/22/2025,25,ND,12.5832,20.1
3/1/2025,26,ND,12.9413,20.5
3/8/2025,27,ND,12.9413,20.5
3/15/2025,28,ND,12.9413,20.5
3/22/2025,29,ND,12.9413,20.5
3/29/2025,30,ND,13.0567,20.7
4/5/2025,31,ND,13.1722,20.9
4/12/2025,32,ND,13.1722,20.9
4/19/2025,33,ND,13.1722,20.9
4/26/2025,34,ND,13.1982,20.9
5/3/2025,35,ND,13.2243,
5/10/2025,36,ND,13.2243,
5/17/2025,37,ND,13.2243,
5/24/2025,38,ND,13.2243,
5/31/2025,39,ND,13.5124,
6/7/2025,40,ND,13.8005,
6/14/2025,41,ND,13.8005,
6/21/2025,42,ND,13.8005,
6/28/2025,43,ND,13.8005,
10/4/2025,1,ND,0.9262,
10/11/2025,2,ND,0.9262,4.7
10/18/2025,3,ND,4.8164,4.7
10/25/2025,4,ND,4.8164,7.7
11/1/2025,5,ND,4.8164,10.6
11/8/2025,6,ND,4.8164,10.6
11/15/2025,7,ND,4.8164,10.6
11/22/2025,8,ND,4.8164,13.5
11/29/2025,9,ND,5.415,13.5
12/6/2025,10,ND,6.0136,13.5
12/13/2025,11,ND,6.0136,13.5
12/20/2025,12,ND,6.0136,13.5
12/27/2025,13,ND,6.3455,13.9
9/30/2023,1,NE,0,2.0
10/7/2023,2,NE,2.3528,4.7
10/14/2023,3,NE,2.3528,7.0
10/21/2023,4,NE,2.3528,8.4
10/28/2023,5,NE,2.3528,10.8
11/4/2023,6,NE,6.6956,13.2
11/11/2023,7,NE,7.1227,13.8
11/18/2023,8,NE,7.1227,17.7
11/25/2023,9,NE,7.1227,17.7
12/2/2023,10,NE,9.6876,17.7
12/9/2023,11,NE,9.6876,17.7
12/16/2023,12,NE,9.6876,17.7
12/23/2023,13,NE,9.6876,17.7
12/30/2023,14,NE,9.6876,18.9
1/6/2024,15,NE,11.4357,20.0
1/13/2024,16,NE,11.4357,20.3
1/20/2024,17,NE,11.771,20.3
1/27/2024,18,NE,11.771,21.3
2/3/2024,19,NE,12.0288,21.3
2/10/2024,20,NE,12.0288,21.3
2/17/2024,21,NE,12.3383,21.3
2/24/2024,22,NE,12.3383,21.5
3/2/2024,23,NE,12.3383,21.7
3/9/2024,24,NE,12.3383,21.7
3/16/2024,25,NE,12.3383,21.7
3/23/2024,26,NE,12.3383,21.7
3/30/2024,27,NE,12.3383,22.1
4/6/2024,28,NE,12.5724,22.4
4/13/2024,29,NE,12.5724,22.4
4/20/2024,30,NE,12.5724,22.4
4/27/2024,31,NE,12.5724,22.6
5/4/2024,32,NE,12.818,22.8
5/11/2024,33,NE,12.818,22.8
5/18/2024,34,NE,12.818,22.8
5/25/2024,35,NE,12.818,22.9
6/1/2024,36,NE,13.5876,23.0
6/8/2024,37,NE,13.5876,23.0
6/15/2024,38,NE,13.5876,23.0
6/22/2024,39,NE,13.5876,23.0
6/30/2024,40,NE,13.5876,23.3
7/6/2024,41,NE,,23.5
7/13/2024,42,NE,,23.5
7/20/2024,43,NE,,23.5
7/27/2024,44,NE,,23.6
8/3/2024,45,NE,,23.7
8/10/2024,46,NE,,23.7
8/17/2024,47,NE,,23.7
9/7/2024,1,NE,,2.5
9/14/2024,2,NE,,3.9
9/21/2024,3,NE,,6.5
9/28/2024,4,NE,,7.5
10/5/2024,5,NE,2.6797,8.4
10/12/2024,6,NE,2.6797,14.3
10/19/2024,7,NE,4.0876,15.3
10/26/2024,8,NE,6.6896,15.3
11/2/2024,9,NE,8.7168,15.3
11/9/2024,10,NE,8.7168,15.3
11/16/2024,11,NE,8.7168,15.3
11/23/2024,12,NE,8.7168,19.7
11/30/2024,13,NE,9.8866,19.7
12/7/2024,14,NE,11.0565,19.7
12/14/2024,15,NE,11.0565,21.6
12/21/2024,16,NE,11.0565,21.6
12/28/2024,17,NE,11.7851,21.6
1/4/2025,18,NE,12.5137,21.6
1/11/2025,19,NE,12.5137,21.6
1/18/2025,20,NE,12.5137,21.6
1/25/2025,21,NE,13.1555,22.0
2/1/2025,22,NE,13.7974,22.3
2/8/2025,23,NE,13.7974,22.3
2/15/2025,24,NE,13.7974,22.6
2/22/2025,25,NE,13.9989,22.6
3/1/2025,26,NE,14.2005,22.6
3/8/2025,27,NE,14.2005,22.6
3/15/2025,28,NE,14.2005,22.6
3/22/2025,29,NE,14.2005,22.6
3/29/2025,30,NE,14.5098,22.9
4/5/2025,31,NE,14.8191,23.2
4/12/2025,32,NE,14.8191,23.2
4/19/2025,33,NE,14.8191,23.2
4/26/2025,34,NE,15.029,23.2
5/3/2025,35,NE,15.2388,
5/10/2025,36,NE,15.2388,
5/17/2025,37,NE,15.2388,
5/24/2025,38,NE,15.2388,
5/31/2025,39,NE,15.2388,
6/7/2025,40,NE,15.2388,
6/14/2025,41,NE,15.2388,
6/21/2025,42,NE,15.2388,
6/28/2025,43,NE,15.2388,
10/4/2025,1,NE,1.5841,
10/11/2025,2,NE,1.5841,9.1
10/18/2025,3,NE,1.5841,9.1
10/25/2025,4,NE,3.6191,10.0
11/1/2025,5,NE,5.6541,11.0
11/8/2025,6,NE,5.6541,12.0
11/15/2025,7,NE,5.6541,12.0
11/22/2025,8,NE,5.6541,12.5
11/29/2025,9,NE,6.8421,13.5
12/6/2025,10,NE,8.0302,14.5
12/13/2025,11,NE,8.0302,14.5
12/20/2025,12,NE,8.0302,15.9
12/27/2025,13,NE,8.2291,15.9
9/30/2023,1,NH,0.5685,5.1
10/7/2023,2,NH,3.1373,9.2
10/14/2023,3,NH,3.2987,10.1
10/21/2023,4,NH,3.2987,15.6
10/28/2023,5,NH,3.2987,17.2
11/4/2023,6,NH,11.071,18.8
11/11/2023,7,NH,12.6215,21.3
11/18/2023,8,NH,12.6215,21.7
11/25/2023,9,NH,13.085,22.6
12/2/2023,10,NH,15.8176,23.2
12/9/2023,11,NH,15.8176,23.2
12/16/2023,12,NH,15.8176,27.8
12/23/2023,13,NH,15.8176,27.8
12/30/2023,14,NH,17.0603,27.8
1/6/2024,15,NH,18.303,27.8
1/13/2024,16,NH,18.303,27.8
1/20/2024,17,NH,18.303,27.8
1/27/2024,18,NH,20.3455,27.8
2/3/2024,19,NH,20.3455,27.8
2/10/2024,20,NH,20.8645,28.0
2/17/2024,21,NH,20.8645,28.0
2/24/2024,22,NH,20.8645,28.3
3/2/2024,23,NH,21.1991,28.6
3/9/2024,24,NH,21.1991,29.0
3/16/2024,25,NH,21.3903,29.0
3/23/2024,26,NH,21.3903,29.2
3/30/2024,27,NH,21.3903,29.2
4/6/2024,28,NH,21.3903,29.2
4/13/2024,29,NH,21.3903,29.2
4/20/2024,30,NH,21.3903,29.5
4/27/2024,31,NH,21.3903,29.8
5/4/2024,32,NH,22.2553,30.0
5/11/2024,33,NH,22.2553,30.0
5/18/2024,34,NH,22.2553,30.0
5/25/2024,35,NH,22.2553,30.0
6/1/2024,36,NH,22.5155,30.0
6/8/2024,37,NH,22.5155,30.0
6/15/2024,38,NH,22.5155,30.0
6/22/2024,39,NH,22.5155,30.0
6/30/2024,40,NH,22.5155,30.3
7/6/2024,41,NH,,30.3
7/13/2024,42,NH,,30.3
7/20/2024,43,NH,,30.4
7/27/2024,44,NH,,30.5
8/3/2024,45,NH,,30.6
8/10/2024,46,NH,,30.6
8/17/2024,47,NH,,30.6
9/7/2024,1,NH,,2.3
9/14/2024,2,NH,,4.5
9/21/2024,3,NH,,9.5
9/28/2024,4,NH,,10.7
10/5/2024,5,NH,4.3598,11.8
10/12/2024,6,NH,4.3598,16.4
10/19/2024,7,NH,7.8212,18.6
10/26/2024,8,NH,9.6371,20.8
11/2/2024,9,NH,11.453,23.0
11/9/2024,10,NH,13.2407,24.3
11/16/2024,11,NH,13.2407,25.0
11/23/2024,12,NH,13.2407,28.1
11/30/2024,13,NH,13.9958,28.1
12/7/2024,14,NH,14.7509,28.2
12/14/2024,15,NH,14.7509,28.4
12/21/2024,16,NH,14.7509,30.2
12/28/2024,17,NH,15.2779,30.2
1/4/2025,18,NH,15.8048,30.2
1/11/2025,19,NH,15.8048,30.5
1/18/2025,20,NH,16.4029,31.4
1/25/2025,21,NH,16.4029,31.4
2/1/2025,22,NH,16.4029,31.4
2/8/2025,23,NH,16.4029,31.4
2/15/2025,24,NH,16.4029,31.5
2/22/2025,25,NH,16.6029,32.2
3/1/2025,26,NH,16.8029,32.3
3/8/2025,27,NH,16.8029,32.3
3/15/2025,28,NH,16.8029,32.3
3/22/2025,29,NH,16.8029,32.3
3/29/2025,30,NH,17.1423,32.4
4/5/2025,31,NH,17.4817,32.6
4/12/2025,32,NH,17.4817,32.6
4/19/2025,33,NH,17.5819,32.6
4/26/2025,34,NH,17.5819,32.6
5/3/2025,35,NH,17.5819,
5/10/2025,36,NH,17.5819,
5/17/2025,37,NH,17.5819,
5/24/2025,38,NH,17.5819,
5/31/2025,39,NH,17.5819,
6/7/2025,40,NH,17.5819,
6/14/2025,41,NH,17.5819,
6/21/2025,42,NH,17.5819,
6/28/2025,43,NH,17.5819,
10/4/2025,1,NH,1.2394,
10/11/2025,2,NH,2.0055,12.0
10/18/2025,3,NH,7.6482,12.0
10/25/2025,4,NH,7.6482,14.8
11/1/2025,5,NH,7.6482,17.7
11/8/2025,6,NH,7.6482,17.9
11/15/2025,7,NH,8.5551,17.9
11/22/2025,8,NH,8.5551,22.3
11/29/2025,9,NH,9.7568,22.3
12/6/2025,10,NH,10.9585,22.3
12/13/2025,11,NH,10.9585,22.3
12/20/2025,12,NH,10.9585,22.3
12/27/2025,13,NH,11.4539,23.5
9/30/2023,1,NJ,0.452,3.6
10/7/2023,2,NJ,3.1198,6.8
10/14/2023,3,NJ,3.4495,10.1
10/21/2023,4,NJ,3.5947,10.1
10/28/2023,5,NJ,3.5947,11.6
11/4/2023,6,NJ,6.3869,13.2
11/11/2023,7,NJ,6.3869,14.8
11/18/2023,8,NJ,6.5989,16.1
11/25/2023,9,NJ,6.5989,16.6
12/2/2023,10,NJ,9.3282,17.0
12/9/2023,11,NJ,9.3282,17.0
12/16/2023,12,NJ,9.3282,18.8
12/23/2023,13,NJ,9.3282,18.8
12/30/2023,14,NJ,9.3282,18.8
1/6/2024,15,NJ,10.8858,18.8
1/13/2024,16,NJ,10.8858,18.8
1/20/2024,17,NJ,10.8858,20.4
1/27/2024,18,NJ,10.8858,20.5
2/3/2024,19,NJ,11.2863,20.6
2/10/2024,20,NJ,11.2863,20.9
2/17/2024,21,NJ,11.2863,21.2
2/24/2024,22,NJ,11.2863,21.2
3/2/2024,23,NJ,12.1959,21.2
3/9/2024,24,NJ,12.1959,21.2
3/16/2024,25,NJ,12.1959,21.2
3/23/2024,26,NJ,12.1959,21.2
3/30/2024,27,NJ,12.1959,21.5
4/6/2024,28,NJ,12.2907,21.8
4/13/2024,29,NJ,12.2907,22.0
4/20/2024,30,NJ,12.2907,22.0
4/27/2024,31,NJ,12.2907,22.0
5/4/2024,32,NJ,12.6833,22.1
5/11/2024,33,NJ,12.6833,22.1
5/18/2024,34,NJ,12.6833,22.5
5/25/2024,35,NJ,12.6833,22.5
6/1/2024,36,NJ,13.3804,22.5
6/8/2024,37,NJ,13.3804,22.5
6/15/2024,38,NJ,13.3804,22.5
6/22/2024,39,NJ,13.3804,22.5
6/30/2024,40,NJ,13.3804,22.9
7/6/2024,41,NJ,,22.9
7/13/2024,42,NJ,,22.9
7/20/2024,43,NJ,,22.9
7/27/2024,44,NJ,,23.3
8/3/2024,45,NJ,,23.7
8/10/2024,46,NJ,,23.8
8/17/2024,47,NJ,,23.9
9/7/2024,1,NJ,,1.0
9/14/2024,2,NJ,,4.5
9/21/2024,3,NJ,,4.8
9/28/2024,4,NJ,,7.2
10/5/2024,5,NJ,2.6431,8.8
10/12/2024,6,NJ,3.8004,8.8
10/19/2024,7,NJ,3.8004,14.7
10/26/2024,8,NJ,5.0199,15.4
11/2/2024,9,NJ,6.2395,16.2
11/9/2024,10,NJ,6.2395,16.3
11/16/2024,11,NJ,6.2395,16.3
11/23/2024,12,NJ,6.2395,17.2
11/30/2024,13,NJ,7.1057,18.4
12/7/2024,14,NJ,7.972,18.7
12/14/2024,15,NJ,7.972,18.7
12/21/2024,16,NJ,7.972,18.7
12/28/2024,17,NJ,8.2151,19.9
1/4/2025,18,NJ,8.4582,20.7
1/11/2025,19,NJ,8.4582,20.7
1/18/2025,20,NJ,8.8326,20.7
1/25/2025,21,NJ,8.9037,21.2
2/1/2025,22,NJ,8.9748,21.7
2/8/2025,23,NJ,8.9748,21.7
2/15/2025,24,NJ,8.9748,21.7
2/22/2025,25,NJ,9.2631,21.9
3/1/2025,26,NJ,9.5515,22.1
3/8/2025,27,NJ,9.5515,22.1
3/15/2025,28,NJ,9.5515,22.1
3/22/2025,29,NJ,9.5515,22.1
3/29/2025,30,NJ,9.7083,22.6
4/5/2025,31,NJ,9.8652,23.1
4/12/2025,32,NJ,9.8652,23.1
4/19/2025,33,NJ,9.8652,23.4
4/26/2025,34,NJ,9.8788,23.4
5/3/2025,35,NJ,9.8924,
5/10/2025,36,NJ,9.8924,
5/17/2025,37,NJ,9.8924,
5/24/2025,38,NJ,9.8924,
5/31/2025,39,NJ,9.8924,
6/7/2025,40,NJ,9.8924,
6/14/2025,41,NJ,9.8924,
6/21/2025,42,NJ,9.8924,
6/28/2025,43,NJ,9.8924,
10/4/2025,1,NJ,1.8202,
10/11/2025,2,NJ,2.4693,7.4
10/18/2025,3,NJ,2.8675,7.4
10/25/2025,4,NJ,3.8669,10.0
11/1/2025,5,NJ,4.8663,12.3
11/8/2025,6,NJ,4.8663,12.3
11/15/2025,7,NJ,4.8663,12.6
11/22/2025,8,NJ,6.301,14.2
11/29/2025,9,NJ,6.4685,14.2
12/6/2025,10,NJ,6.636,14.2
12/13/2025,11,NJ,6.636,14.2
12/20/2025,12,NJ,6.636,14.6
12/27/2025,13,NJ,8.0554,15.1
9/30/2023,1,NM,0,2.4
10/7/2023,2,NM,2.0525,7.0
10/14/2023,3,NM,2.0905,8.6
10/21/2023,4,NM,8.136,9.7
10/28/2023,5,NM,8.136,11.8
11/4/2023,6,NM,8.136,13.9
11/11/2023,7,NM,8.2173,15.9
11/18/2023,8,NM,8.2173,19.1
11/25/2023,9,NM,8.2173,19.1
12/2/2023,10,NM,12.1752,19.1
12/9/2023,11,NM,12.235,19.3
12/16/2023,12,NM,12.235,19.3
12/23/2023,13,NM,12.2425,19.3
12/30/2023,14,NM,12.2425,20.5
1/6/2024,15,NM,16.0089,21.7
1/13/2024,16,NM,16.0089,22.8
1/20/2024,17,NM,16.0089,23.3
1/27/2024,18,NM,16.0089,23.3
2/3/2024,19,NM,16.0089,23.3
2/10/2024,20,NM,16.0089,24.0
2/17/2024,21,NM,16.2941,24.0
2/24/2024,22,NM,16.2941,24.1
3/2/2024,23,NM,16.9297,24.3
3/9/2024,24,NM,16.9297,24.3
3/16/2024,25,NM,16.9297,24.3
3/23/2024,26,NM,16.9297,24.3
3/30/2024,27,NM,16.9297,24.9
4/6/2024,28,NM,17.1967,25.2
4/13/2024,29,NM,17.1967,25.2
4/20/2024,30,NM,17.3222,26.0
4/27/2024,31,NM,17.3222,26.0
5/4/2024,32,NM,17.5466,26.0
5/11/2024,33,NM,17.756,26.0
5/18/2024,34,NM,17.756,26.4
5/25/2024,35,NM,17.756,26.4
6/1/2024,36,NM,17.756,26.4
6/8/2024,37,NM,17.756,26.4
6/15/2024,38,NM,17.756,26.4
6/22/2024,39,NM,17.756,26.4
6/30/2024,40,NM,17.756,26.6
7/6/2024,41,NM,,26.9
7/13/2024,42,NM,,26.9
7/20/2024,43,NM,,26.9
7/27/2024,44,NM,,27.3
8/3/2024,45,NM,,27.7
8/10/2024,46,NM,,27.7
8/17/2024,47,NM,,27.7
9/7/2024,1,NM,,2.9
9/14/2024,2,NM,,2.9
9/21/2024,3,NM,,6.2
9/28/2024,4,NM,,8.1
10/5/2024,5,NM,3.2175,10.0
10/12/2024,6,NM,4.2917,11.1
10/19/2024,7,NM,5.081,12.6
10/26/2024,8,NM,7.2335,15.0
11/2/2024,9,NM,9.3859,17.2
11/9/2024,10,NM,9.3859,17.2
11/16/2024,11,NM,9.3859,17.6
11/23/2024,12,NM,13.5875,17.6
11/30/2024,13,NM,13.5875,20.0
12/7/2024,14,NM,13.5875,22.4
12/14/2024,15,NM,13.5875,22.4
12/21/2024,16,NM,13.5875,22.4
12/28/2024,17,NM,14.5617,23.6
1/4/2025,18,NM,14.5617,24.7
1/11/2025,19,NM,14.5617,25.3
1/18/2025,20,NM,14.5617,26.1
1/25/2025,21,NM,14.9397,26.1
2/1/2025,22,NM,15.3178,26.1
2/8/2025,23,NM,15.3178,26.1
2/15/2025,24,NM,15.3178,26.6
2/22/2025,25,NM,15.9453,26.8
3/1/2025,26,NM,16.5728,26.8
3/8/2025,27,NM,16.5728,26.8
3/15/2025,28,NM,16.5728,26.8
3/22/2025,29,NM,16.5728,27.0
3/29/2025,30,NM,17.0477,28.1
4/5/2025,31,NM,17.5226,28.1
4/12/2025,32,NM,17.5226,28.1
4/19/2025,33,NM,17.5226,28.1
4/26/2025,34,NM,17.5937,28.1
5/3/2025,35,NM,17.6649,
5/10/2025,36,NM,17.6649,
5/17/2025,37,NM,17.6649,
5/24/2025,38,NM,17.6649,
5/31/2025,39,NM,17.6649,
6/7/2025,40,NM,17.6649,
6/14/2025,41,NM,17.6649,
6/21/2025,42,NM,17.6649,
6/28/2025,43,NM,17.6649,
10/4/2025,1,NM,3.5461,
10/11/2025,2,NM,5.8135,7.1
10/18/2025,3,NM,5.8135,11.2
10/25/2025,4,NM,5.8135,13.2
11/1/2025,5,NM,5.8135,15.2
11/8/2025,6,NM,5.8135,15.2
11/15/2025,7,NM,5.8135,15.2
11/22/2025,8,NM,5.8135,19.5
11/29/2025,9,NM,7.2809,20.0
12/6/2025,10,NM,8.7483,20.5
12/13/2025,11,NM,8.7483,20.5
12/20/2025,12,NM,8.7483,20.5
12/27/2025,13,NM,10.3366,21.8
9/30/2023,1,NV,0,3.0
10/7/2023,2,NV,1.2689,5.6
10/14/2023,3,NV,2.1227,8.8
10/21/2023,4,NV,2.2829,9.3
10/28/2023,5,NV,2.2829,9.7
11/4/2023,6,NV,5.1932,10.1
11/11/2023,7,NV,5.1932,10.9
11/18/2023,8,NV,5.1932,11.8
11/25/2023,9,NV,5.1932,12.6
12/2/2023,10,NV,6.6778,13.5
12/9/2023,11,NV,6.6778,14.2
12/16/2023,12,NV,6.6778,14.7
12/23/2023,13,NV,6.6778,14.9
12/30/2023,14,NV,6.6778,15.8
1/6/2024,15,NV,7.9532,15.8
1/13/2024,16,NV,7.9532,15.8
1/20/2024,17,NV,7.9532,16.6
1/27/2024,18,NV,7.9532,16.7
2/3/2024,19,NV,8.6558,16.8
2/10/2024,20,NV,9.0876,16.8
2/17/2024,21,NV,9.0876,16.8
2/24/2024,22,NV,9.0876,17.2
3/2/2024,23,NV,9.0876,17.6
3/9/2024,24,NV,9.0876,17.6
3/16/2024,25,NV,9.0876,17.6
3/23/2024,26,NV,9.0876,17.6
3/30/2024,27,NV,9.0876,18.1
4/6/2024,28,NV,9.2002,18.5
4/13/2024,29,NV,9.2002,18.5
4/20/2024,30,NV,9.2002,18.5
4/27/2024,31,NV,9.2002,18.7
5/4/2024,32,NV,9.3623,18.7
5/11/2024,33,NV,9.3623,18.7
5/18/2024,34,NV,9.3623,18.7
5/25/2024,35,NV,9.3623,18.9
6/1/2024,36,NV,9.3623,19.1
6/8/2024,37,NV,9.3623,19.1
6/15/2024,38,NV,9.3623,19.1
6/22/2024,39,NV,9.3623,19.2
6/30/2024,40,NV,9.3623,19.2
7/6/2024,41,NV,,19.2
7/13/2024,42,NV,,19.2
7/20/2024,43,NV,,19.6
7/27/2024,44,NV,,19.8
8/3/2024,45,NV,,19.9
8/10/2024,46,NV,,19.9
8/17/2024,47,NV,,19.9
9/7/2024,1,NV,,2.1
9/14/2024,2,NV,,2.9
9/21/2024,3,NV,,4.9
9/28/2024,4,NV,,5.9
10/5/2024,5,NV,1.9368,6.8
10/12/2024,6,NV,3.1302,7.7
10/19/2024,7,NV,3.1557,10.4
10/26/2024,8,NV,4.5916,11.8
11/2/2024,9,NV,6.0276,13.2
11/9/2024,10,NV,6.0276,15.8
11/16/2024,11,NV,6.0276,15.8
11/23/2024,12,NV,6.0276,15.8
11/30/2024,13,NV,6.9291,16.0
12/7/2024,14,NV,7.8306,16.3
12/14/2024,15,NV,8.1574,16.7
12/21/2024,16,NV,8.5074,16.9
12/28/2024,17,NV,8.5074,17.2
1/4/2025,18,NV,8.5074,17.4
1/11/2025,19,NV,8.5074,17.4
1/18/2025,20,NV,8.5074,17.4
1/25/2025,21,NV,8.8998,18.0
2/1/2025,22,NV,9.2923,18.0
2/8/2025,23,NV,9.2923,18.0
2/15/2025,24,NV,9.2923,18.4
2/22/2025,25,NV,9.2923,18.6
3/1/2025,26,NV,9.2923,18.6
3/8/2025,27,NV,9.2923,18.6
3/15/2025,28,NV,9.2923,18.6
3/22/2025,29,NV,9.2923,18.7
3/29/2025,30,NV,9.2923,18.7
4/5/2025,31,NV,9.2923,18.7
4/12/2025,32,NV,9.2923,18.7
4/19/2025,33,NV,9.2923,18.8
4/26/2025,34,NV,9.4291,19.4
5/3/2025,35,NV,9.566,
5/10/2025,36,NV,9.566,
5/17/2025,37,NV,9.566,
5/24/2025,38,NV,9.566,
5/31/2025,39,NV,9.6209,
6/7/2025,40,NV,9.6758,
6/14/2025,41,NV,9.6758,
6/21/2025,42,NV,9.6758,
6/28/2025,43,NV,9.6758,
10/4/2025,1,NV,1.4166,
10/11/2025,2,NV,1.4166,3.7
10/18/2025,3,NV,1.4166,3.7
10/25/2025,4,NV,2.3172,6.6
11/1/2025,5,NV,3.2179,9.5
11/8/2025,6,NV,3.2179,9.5
11/15/2025,7,NV,3.2179,9.5
11/22/2025,8,NV,3.2179,11.7
11/29/2025,9,NV,3.8069,11.7
12/6/2025,10,NV,4.1014,11.7
12/13/2025,11,NV,4.3959,12.3
12/20/2025,12,NV,4.3959,12.3
12/27/2025,13,NV,4.3959,12.3
9/30/2023,1,NY,0.0872,2.6
10/7/2023,2,NY,3.0902,7.4
10/14/2023,3,NY,3.0902,8.5
10/21/2023,4,NY,3.0902,10.6
10/28/2023,5,NY,4.1602,11.6
11/4/2023,6,NY,8.0031,12.5
11/11/2023,7,NY,8.0777,13.3
11/18/2023,8,NY,8.0777,16.3
11/25/2023,9,NY,8.1435,16.3
12/2/2023,10,NY,10.8715,16.3
12/9/2023,11,NY,10.8715,16.3
12/16/2023,12,NY,10.8715,16.3
12/23/2023,13,NY,10.8726,16.3
12/30/2023,14,NY,10.8726,18.1
1/6/2024,15,NY,13.2409,19.9
1/13/2024,16,NY,14.0308,20.0
1/20/2024,17,NY,14.0308,20.2
1/27/2024,18,NY,14.0308,20.3
2/3/2024,19,NY,14.0308,20.4
2/10/2024,20,NY,14.058,20.4
2/17/2024,21,NY,14.0587,20.7
2/24/2024,22,NY,14.1942,21.0
3/2/2024,23,NY,14.8731,21.3
3/9/2024,24,NY,14.8731,21.4
3/16/2024,25,NY,14.8731,21.4
3/23/2024,26,NY,14.8731,21.4
3/30/2024,27,NY,14.8731,21.7
4/6/2024,28,NY,15.238,22.0
4/13/2024,29,NY,15.238,22.1
4/20/2024,30,NY,15.238,22.2
4/27/2024,31,NY,15.4775,22.2
5/4/2024,32,NY,16.3657,22.3
5/11/2024,33,NY,16.3657,22.3
5/18/2024,34,NY,16.3657,22.3
5/25/2024,35,NY,16.3657,22.4
6/1/2024,36,NY,16.7508,22.5
6/8/2024,37,NY,16.8933,22.5
6/15/2024,38,NY,16.8933,22.5
6/22/2024,39,NY,16.8933,22.5
6/30/2024,40,NY,16.8933,22.7
7/6/2024,41,NY,,22.9
7/13/2024,42,NY,,23.0
7/20/2024,43,NY,,23.0
7/27/2024,44,NY,,23.0
8/3/2024,45,NY,,23.0
8/10/2024,46,NY,,23.2
8/17/2024,47,NY,,23.2
9/7/2024,1,NY,,2.4
9/14/2024,2,NY,,2.4
9/21/2024,3,NY,,6.2
9/28/2024,4,NY,,6.8
10/5/2024,5,NY,4.5825,7.4
10/12/2024,6,NY,5.5679,12.0
10/19/2024,7,NY,5.5679,12.7
10/26/2024,8,NY,6.5743,14.0
11/2/2024,9,NY,7.5807,15.3
11/9/2024,10,NY,8.1363,16.2
11/16/2024,11,NY,8.1363,16.5
11/23/2024,12,NY,8.1363,16.5
11/30/2024,13,NY,9.1718,18.1
12/7/2024,14,NY,10.2073,19.6
12/14/2024,15,NY,10.2073,19.8
12/21/2024,16,NY,10.2073,20.4
12/28/2024,17,NY,10.7402,20.9
1/4/2025,18,NY,11.2731,21.3
1/11/2025,19,NY,11.2731,21.3
1/18/2025,20,NY,11.2731,21.3
1/25/2025,21,NY,11.86,21.8
2/1/2025,22,NY,12.4469,22.2
2/8/2025,23,NY,12.4469,22.2
2/15/2025,24,NY,12.4469,22.2
2/22/2025,25,NY,12.7532,22.5
3/1/2025,26,NY,13.0595,22.8
3/8/2025,27,NY,13.0595,22.8
3/15/2025,28,NY,13.0595,22.8
3/22/2025,29,NY,13.2141,23.2
3/29/2025,30,NY,13.2141,23.2
4/5/2025,31,NY,13.2141,23.2
4/12/2025,32,NY,13.2141,23.2
4/19/2025,33,NY,13.2141,23.2
4/26/2025,34,NY,13.2497,23.2
5/3/2025,35,NY,13.2852,
5/10/2025,36,NY,13.2852,
5/17/2025,37,NY,13.2852,
5/24/2025,38,NY,13.2852,
5/31/2025,39,NY,13.6705,
6/7/2025,40,NY,14.0558,
6/14/2025,41,NY,14.0558,
6/21/2025,42,NY,14.0558,
6/28/2025,43,NY,14.0558,
10/4/2025,1,NY,1.4106,
10/11/2025,2,NY,1.8232,7.4
10/18/2025,3,NY,1.8232,7.4
10/25/2025,4,NY,3.2603,9.3
11/1/2025,5,NY,4.6974,11.1
11/8/2025,6,NY,4.6974,11.1
11/15/2025,7,NY,4.6974,11.1
11/22/2025,8,NY,4.6974,11.1
11/29/2025,9,NY,6.7316,12.6
12/6/2025,10,NY,7.1654,14.1
12/13/2025,11,NY,7.1654,14.1
12/20/2025,12,NY,7.1654,14.1
12/27/2025,13,NY,7.5365,15.1
9/30/2023,1,OH,1.1422,0.1
10/7/2023,2,OH,1.1422,2.8
10/14/2023,3,OH,1.7225,9.4
10/21/2023,4,OH,1.8345,11.1
10/28/2023,5,OH,1.8345,11.1
11/4/2023,6,OH,6.0299,11.1
11/11/2023,7,OH,6.038,11.5
11/18/2023,8,OH,6.384,11.5
11/25/2023,9,OH,6.384,13.5
12/2/2023,10,OH,8.6589,15.5
12/9/2023,11,OH,9.8791,15.5
12/16/2023,12,OH,9.8791,15.5
12/23/2023,13,OH,9.8791,15.5
12/30/2023,14,OH,9.8791,17.4
1/6/2024,15,OH,11.1891,19.3
1/13/2024,16,OH,11.1891,19.4
1/20/2024,17,OH,11.1891,19.4
1/27/2024,18,OH,11.1891,19.4
2/3/2024,19,OH,12.5747,19.4
2/10/2024,20,OH,12.6252,19.4
2/17/2024,21,OH,13.6242,20.3
2/24/2024,22,OH,13.6242,20.3
3/2/2024,23,OH,13.6242,20.3
3/9/2024,24,OH,13.6242,20.3
3/16/2024,25,OH,13.6242,20.3
3/23/2024,26,OH,13.6242,20.3
3/30/2024,27,OH,13.6242,20.5
4/6/2024,28,OH,14.6389,20.8
4/13/2024,29,OH,14.6389,20.8
4/20/2024,30,OH,14.6389,20.8
4/27/2024,31,OH,14.6389,20.8
5/4/2024,32,OH,15.1417,20.9
5/11/2024,33,OH,15.1417,20.9
5/18/2024,34,OH,15.1417,20.9
5/25/2024,35,OH,15.1417,20.9
6/1/2024,36,OH,15.1417,20.9
6/8/2024,37,OH,15.1417,20.9
6/15/2024,38,OH,15.1417,20.9
6/22/2024,39,OH,15.1417,20.9
6/30/2024,40,OH,15.1417,21.0
7/6/2024,41,OH,,21.1
7/13/2024,42,OH,,21.1
7/20/2024,43,OH,,21.1
7/27/2024,44,OH,,21.1
8/3/2024,45,OH,,21.1
8/10/2024,46,OH,,21.1
8/17/2024,47,OH,,21.1
9/7/2024,1,OH,,2.0
9/14/2024,2,OH,,3.5
9/21/2024,3,OH,,3.7
9/28/2024,4,OH,,4.7
10/5/2024,5,OH,2.936,5.6
10/12/2024,6,OH,2.936,6.7
10/19/2024,7,OH,6.5073,10.8
10/26/2024,8,OH,7.0991,12.0
11/2/2024,9,OH,7.6908,13.2
11/9/2024,10,OH,7.6908,13.4
11/16/2024,11,OH,7.6908,13.4
11/23/2024,12,OH,7.6908,18.8
11/30/2024,13,OH,8.4784,18.8
12/7/2024,14,OH,9.266,18.8
12/14/2024,15,OH,9.266,18.8
12/21/2024,16,OH,9.266,18.8
12/28/2024,17,OH,9.6439,19.4
1/4/2025,18,OH,10.0218,20.1
1/11/2025,19,OH,10.0218,20.1
1/18/2025,20,OH,10.0218,20.1
1/25/2025,21,OH,10.4661,20.6
2/1/2025,22,OH,10.9104,21.0
2/8/2025,23,OH,10.9104,21.0
2/15/2025,24,OH,10.9104,21.0
2/22/2025,25,OH,11.3946,22.5
3/1/2025,26,OH,11.8789,24.0
3/8/2025,27,OH,11.8789,24.0
3/15/2025,28,OH,11.8789,24.0
3/22/2025,29,OH,11.8789,24.0
3/29/2025,30,OH,11.9646,24.7
4/5/2025,31,OH,12.0503,25.5
4/12/2025,32,OH,12.0503,25.5
4/19/2025,33,OH,12.0503,25.5
4/26/2025,34,OH,12.0503,25.5
5/3/2025,35,OH,12.0503,
5/10/2025,36,OH,12.0503,
5/17/2025,37,OH,12.0503,
5/24/2025,38,OH,12.0503,
5/31/2025,39,OH,12.248,
6/7/2025,40,OH,12.4458,
6/14/2025,41,OH,12.4458,
6/21/2025,42,OH,12.4458,
6/28/2025,43,OH,12.4458,
10/4/2025,1,OH,1.4684,
10/11/2025,2,OH,1.4684,6.3
10/18/2025,3,OH,1.4684,8.5
10/25/2025,4,OH,2.2846,8.5
11/1/2025,5,OH,3.1009,8.5
11/8/2025,6,OH,3.1009,8.5
11/15/2025,7,OH,3.1009,8.5
11/22/2025,8,OH,3.1009,8.5
11/29/2025,9,OH,3.9553,11.3
12/6/2025,10,OH,4.8097,12.7
12/13/2025,11,OH,4.8097,12.7
12/20/2025,12,OH,4.8097,13.8
12/27/2025,13,OH,5.5594,13.8
9/30/2023,1,OK,0.8644,2.4
10/7/2023,2,OK,0.8644,2.7
10/14/2023,3,OK,0.8644,4.5
10/21/2023,4,OK,1.9385,7.0
10/28/2023,5,OK,1.9385,7.6
11/4/2023,6,OK,3.5537,8.2
11/11/2023,7,OK,3.5537,9.7
11/18/2023,8,OK,3.9454,11.6
11/25/2023,9,OK,3.9454,11.6
12/2/2023,10,OK,5.5253,11.6
12/9/2023,11,OK,5.5253,11.6
12/16/2023,12,OK,5.5253,11.6
12/23/2023,13,OK,5.5253,11.6
12/30/2023,14,OK,5.5253,12.7
1/6/2024,15,OK,6.2216,13.8
1/13/2024,16,OK,6.2216,13.8
1/20/2024,17,OK,6.2637,14.6
1/27/2024,18,OK,6.2637,14.8
2/3/2024,19,OK,6.4267,15.1
2/10/2024,20,OK,6.4267,15.2
2/17/2024,21,OK,6.4267,15.6
2/24/2024,22,OK,6.4267,15.6
3/2/2024,23,OK,6.4854,15.6
3/9/2024,24,OK,6.4854,15.6
3/16/2024,25,OK,6.8466,15.6
3/23/2024,26,OK,6.8466,15.6
3/30/2024,27,OK,6.8466,15.7
4/6/2024,28,OK,6.8466,15.8
4/13/2024,29,OK,6.8466,15.8
4/20/2024,30,OK,6.8466,15.8
4/27/2024,31,OK,6.8466,15.9
5/4/2024,32,OK,6.8466,16.1
5/11/2024,33,OK,6.8466,16.1
5/18/2024,34,OK,6.8466,16.1
5/25/2024,35,OK,6.8466,16.2
6/1/2024,36,OK,6.8466,16.2
6/8/2024,37,OK,6.8466,16.2
6/15/2024,38,OK,6.8466,16.2
6/22/2024,39,OK,6.8466,16.2
6/30/2024,40,OK,6.8466,16.3
7/6/2024,41,OK,,16.4
7/13/2024,42,OK,,16.4
7/20/2024,43,OK,,16.4
7/27/2024,44,OK,,16.5
8/3/2024,45,OK,,16.6
8/10/2024,46,OK,,16.6
8/17/2024,47,OK,,16.6
9/7/2024,1,OK,,1.3
9/14/2024,2,OK,,2.4
9/21/2024,3,OK,,4.0
9/28/2024,4,OK,,4.7
10/5/2024,5,OK,1.6656,5.4
10/12/2024,6,OK,1.8497,6.6
10/19/2024,7,OK,1.8497,8.3
10/26/2024,8,OK,2.8274,9.2
11/2/2024,9,OK,3.805,10.1
11/9/2024,10,OK,3.805,11.4
11/16/2024,11,OK,3.805,11.4
11/23/2024,12,OK,4.925,12.4
11/30/2024,13,OK,4.925,12.5
12/7/2024,14,OK,4.925,12.6
12/14/2024,15,OK,4.925,12.7
12/21/2024,16,OK,4.925,13.9
12/28/2024,17,OK,4.9826,13.9
1/4/2025,18,OK,5.0401,13.9
1/11/2025,19,OK,5.0401,13.9
1/18/2025,20,OK,5.2573,14.3
1/25/2025,21,OK,5.2573,14.7
2/1/2025,22,OK,5.2573,15.1
2/8/2025,23,OK,5.2573,15.1
2/15/2025,24,OK,5.2573,15.3
2/22/2025,25,OK,5.4173,15.3
3/1/2025,26,OK,5.5773,15.3
3/8/2025,27,OK,5.5773,15.3
3/15/2025,28,OK,5.5773,15.3
3/22/2025,29,OK,5.5773,15.3
3/29/2025,30,OK,5.5976,15.7
4/5/2025,31,OK,5.6178,15.7
4/12/2025,32,OK,5.6178,15.7
4/19/2025,33,OK,5.6178,15.7
4/26/2025,34,OK,5.6178,15.7
5/3/2025,35,OK,5.6178,
5/10/2025,36,OK,5.6178,
5/17/2025,37,OK,5.6178,
5/24/2025,38,OK,5.6178,
5/31/2025,39,OK,5.8194,
6/7/2025,40,OK,6.021,
6/14/2025,41,OK,6.021,
6/21/2025,42,OK,6.021,
6/28/2025,43,OK,6.021,
10/4/2025,1,OK,1.014,
10/11/2025,2,OK,1.014,3.4
10/18/2025,3,OK,2.8245,6.6
10/25/2025,4,OK,2.8245,6.9
11/1/2025,5,OK,2.8245,7.2
11/8/2025,6,OK,2.8245,7.6
11/15/2025,7,OK,2.8245,7.6
11/22/2025,8,OK,4.1254,8.8
11/29/2025,9,OK,4.4088,8.8
12/6/2025,10,OK,4.6922,8.8
12/13/2025,11,OK,4.6922,8.8
12/20/2025,12,OK,4.6922,8.8
12/27/2025,13,OK,5.0516,9.4
9/30/2023,1,OR,2.2911,0.6
10/7/2023,2,OR,2.2911,6.7
10/14/2023,3,OR,4.6253,6.7
10/21/2023,4,OR,4.6253,13.1
10/28/2023,5,OR,8.6705,14.7
11/4/2023,6,OR,10.4483,16.4
11/11/2023,7,OR,10.4483,18.9
11/18/2023,8,OR,10.4483,18.9
11/25/2023,9,OR,12.4645,20.7
12/2/2023,10,OR,15.5855,22.5
12/9/2023,11,OR,15.5855,23.5
12/16/2023,12,OR,15.5855,24.3
12/23/2023,13,OR,15.5855,25.6
12/30/2023,14,OR,15.5855,25.8
1/6/2024,15,OR,18.4366,26.1
1/13/2024,16,OR,18.4366,26.1
1/20/2024,17,OR,18.4366,26.1
1/27/2024,18,OR,18.4366,26.5
2/3/2024,19,OR,20.4199,26.8
2/10/2024,20,OR,20.7968,26.8
2/17/2024,21,OR,20.7968,28.0
2/24/2024,22,OR,20.7968,28.0
3/2/2024,23,OR,21.011,28.0
3/9/2024,24,OR,21.011,28.0
3/16/2024,25,OR,21.011,28.0
3/23/2024,26,OR,21.011,28.0
3/30/2024,27,OR,21.011,28.8
4/6/2024,28,OR,21.6029,29.3
4/13/2024,29,OR,21.6029,29.3
4/20/2024,30,OR,21.6029,29.6
4/27/2024,31,OR,21.6029,29.8
5/4/2024,32,OR,21.6246,29.8
5/11/2024,33,OR,21.6246,29.8
5/18/2024,34,OR,21.6246,29.8
5/25/2024,35,OR,21.6246,30.0
6/1/2024,36,OR,21.8396,30.2
6/8/2024,37,OR,22.3809,30.2
6/15/2024,38,OR,22.3809,30.2
6/22/2024,39,OR,22.3809,30.5
6/30/2024,40,OR,22.3809,30.5
7/6/2024,41,OR,,30.5
7/13/2024,42,OR,,30.5
7/20/2024,43,OR,,30.5
7/27/2024,44,OR,,30.5
8/3/2024,45,OR,,30.5
8/10/2024,46,OR,,30.5
8/17/2024,47,OR,,30.5
9/7/2024,1,OR,,2.9
9/14/2024,2,OR,,5.0
9/21/2024,3,OR,,5.0
9/28/2024,4,OR,,8.4
10/5/2024,5,OR,5.2534,11.9
10/12/2024,6,OR,11.577,17.7
10/19/2024,7,OR,11.7267,19.7
10/26/2024,8,OR,11.7267,20.7
11/2/2024,9,OR,11.7267,21.7
11/9/2024,10,OR,11.7267,21.7
11/16/2024,11,OR,11.7267,22.3
11/23/2024,12,OR,15.6583,22.3
11/30/2024,13,OR,15.6583,24.7
12/7/2024,14,OR,15.6583,27.1
12/14/2024,15,OR,15.6583,27.7
12/21/2024,16,OR,17.6972,28.9
12/28/2024,17,OR,17.6972,28.9
1/4/2025,18,OR,17.6972,28.9
1/11/2025,19,OR,17.6972,29.3
1/18/2025,20,OR,17.6972,29.8
1/25/2025,21,OR,17.9,29.8
2/1/2025,22,OR,18.1028,29.8
2/8/2025,23,OR,18.1028,29.8
2/15/2025,24,OR,18.1028,29.8
2/22/2025,25,OR,18.3116,30.7
3/1/2025,26,OR,18.5204,31.1
3/8/2025,27,OR,18.5204,31.1
3/15/2025,28,OR,18.5204,31.1
3/22/2025,29,OR,18.5204,31.9
3/29/2025,30,OR,18.7123,32.1
4/5/2025,31,OR,18.9041,32.2
4/12/2025,32,OR,18.9041,32.2
4/19/2025,33,OR,18.9041,32.4
4/26/2025,34,OR,19.6533,32.4
5/3/2025,35,OR,20.4026,
5/10/2025,36,OR,20.4026,
5/17/2025,37,OR,20.4026,
5/24/2025,38,OR,20.4026,
5/31/2025,39,OR,20.7473,
6/7/2025,40,OR,21.0921,
6/14/2025,41,OR,21.0921,
6/21/2025,42,OR,21.0921,
6/28/2025,43,OR,21.0921,
10/4/2025,1,OR,2.7089,
10/11/2025,2,OR,2.7089,12.1
10/18/2025,3,OR,2.7089,13.8
10/25/2025,4,OR,6.0294,15.8
11/1/2025,5,OR,9.35,17.7
11/8/2025,6,OR,9.35,17.7
11/15/2025,7,OR,9.35,19.0
11/22/2025,8,OR,12.7458,20.5
11/29/2025,9,OR,12.7458,21.9
12/6/2025,10,OR,12.7458,23.3
12/13/2025,11,OR,12.7458,24.3
12/20/2025,12,OR,14.3954,24.6
12/27/2025,13,OR,14.3954,24.8
9/30/2023,1,PA,0.0314,4.8
10/7/2023,2,PA,3.4039,7.0
10/14/2023,3,PA,3.4846,8.3
10/21/2023,4,PA,3.7742,11.1
10/28/2023,5,PA,3.7742,12.4
11/4/2023,6,PA,7.5662,13.8
11/11/2023,7,PA,7.9517,15.4
11/18/2023,8,PA,7.981,16.9
11/25/2023,9,PA,7.981,17.4
12/2/2023,10,PA,11.4014,17.7
12/9/2023,11,PA,11.4014,17.7
12/16/2023,12,PA,11.4014,17.7
12/23/2023,13,PA,11.4014,17.7
12/30/2023,14,PA,11.4014,19.2
1/6/2024,15,PA,11.4014,20.7
1/13/2024,16,PA,11.4014,21.6
1/20/2024,17,PA,12.2041,21.6
1/27/2024,18,PA,12.2041,21.6
2/3/2024,19,PA,12.2041,21.6
2/10/2024,20,PA,12.3869,21.6
2/17/2024,21,PA,12.3869,21.7
2/24/2024,22,PA,12.4148,22.1
3/2/2024,23,PA,12.7547,22.5
3/9/2024,24,PA,12.7946,22.6
3/16/2024,25,PA,12.7946,22.6
3/23/2024,26,PA,12.7946,22.7
3/30/2024,27,PA,12.7946,23.2
4/6/2024,28,PA,13.0919,23.4
4/13/2024,29,PA,13.0965,23.4
4/20/2024,30,PA,13.097,23.4
4/27/2024,31,PA,13.097,23.4
5/4/2024,32,PA,13.2392,23.4
5/11/2024,33,PA,13.2392,23.4
5/18/2024,34,PA,13.2392,23.6
5/25/2024,35,PA,13.2392,23.6
6/1/2024,36,PA,13.3624,23.6
6/8/2024,37,PA,13.3624,23.6
6/15/2024,38,PA,13.3624,23.6
6/22/2024,39,PA,13.3624,23.8
6/30/2024,40,PA,13.3624,23.9
7/6/2024,41,PA,,23.9
7/13/2024,42,PA,,23.9
7/20/2024,43,PA,,24.2
7/27/2024,44,PA,,24.3
8/3/2024,45,PA,,24.3
8/10/2024,46,PA,,24.5
8/17/2024,47,PA,,24.5
9/7/2024,1,PA,,2.9
9/14/2024,2,PA,,5.3
9/21/2024,3,PA,,6.3
9/28/2024,4,PA,,7.8
10/5/2024,5,PA,3.0824,9.3
10/12/2024,6,PA,3.0824,11.7
10/19/2024,7,PA,7.0683,16.0
10/26/2024,8,PA,7.953,16.5
11/2/2024,9,PA,8.8377,17.1
11/9/2024,10,PA,9.7576,18.7
11/16/2024,11,PA,9.7576,18.7
11/23/2024,12,PA,9.7576,18.7
11/30/2024,13,PA,10.3715,20.4
12/7/2024,14,PA,10.9854,22.1
12/14/2024,15,PA,10.9854,22.5
12/21/2024,16,PA,10.9854,22.8
12/28/2024,17,PA,11.8248,22.8
1/4/2025,18,PA,11.8248,22.9
1/11/2025,19,PA,11.8248,23.2
1/18/2025,20,PA,11.8822,24.4
1/25/2025,21,PA,12.236,24.4
2/1/2025,22,PA,12.5898,24.4
2/8/2025,23,PA,12.5898,24.4
2/15/2025,24,PA,12.5898,24.4
2/22/2025,25,PA,12.7744,24.8
3/1/2025,26,PA,12.959,25.3
3/8/2025,27,PA,12.959,25.3
3/15/2025,28,PA,12.959,25.3
3/22/2025,29,PA,13.0551,25.3
3/29/2025,30,PA,13.0551,25.3
4/5/2025,31,PA,13.0551,25.3
4/12/2025,32,PA,13.0551,25.3
4/19/2025,33,PA,13.0551,25.3
4/26/2025,34,PA,13.1465,25.3
5/3/2025,35,PA,13.2379,
5/10/2025,36,PA,13.2379,
5/17/2025,37,PA,13.2379,
5/24/2025,38,PA,13.2379,
5/31/2025,39,PA,13.2467,
6/7/2025,40,PA,13.2556,
6/14/2025,41,PA,13.2556,
6/21/2025,42,PA,13.2556,
6/28/2025,43,PA,13.2556,
10/4/2025,1,PA,2.4278,
10/11/2025,2,PA,2.4278,9.0
10/18/2025,3,PA,4.0537,9.3
10/25/2025,4,PA,4.9322,11.3
11/1/2025,5,PA,5.8107,13.2
11/8/2025,6,PA,5.8563,14.9
11/15/2025,7,PA,6.1439,15.5
11/22/2025,8,PA,7.0458,16.1
11/29/2025,9,PA,7.8233,16.4
12/6/2025,10,PA,8.6008,16.7
12/13/2025,11,PA,8.6008,17.7
12/20/2025,12,PA,8.6008,17.7
12/27/2025,13,PA,9.413,17.7
9/30/2023,1,PR,0,1.9
10/7/2023,2,PR,1.1465,4.0
10/14/2023,3,PR,1.2137,4.0
10/21/2023,4,PR,1.2222,4.0
10/28/2023,5,PR,1.2222,4.6
11/4/2023,6,PR,2.5895,5.2
11/11/2023,7,PR,2.5895,5.5
11/18/2023,8,PR,4.1666,6.8
11/25/2023,9,PR,4.1666,7.4
12/2/2023,10,PR,4.1666,8.0
12/9/2023,11,PR,4.1666,8.0
12/16/2023,12,PR,4.1666,8.0
12/23/2023,13,PR,4.1666,8.0
12/30/2023,14,PR,4.1666,9.0
1/6/2024,15,PR,4.8716,9.8
1/13/2024,16,PR,4.8716,9.8
1/20/2024,17,PR,4.8716,10.2
1/27/2024,18,PR,4.8716,10.3
2/3/2024,19,PR,5.5363,10.5
2/10/2024,20,PR,5.5363,10.5
2/17/2024,21,PR,5.5363,10.5
2/24/2024,22,PR,5.5363,10.7
3/2/2024,23,PR,5.9881,11.0
3/9/2024,24,PR,5.9881,11.0
3/16/2024,25,PR,5.9881,11.0
3/23/2024,26,PR,5.9881,11.0
3/30/2024,27,PR,5.9881,11.1
4/6/2024,28,PR,6.8127,11.2
4/13/2024,29,PR,6.8127,11.2
4/20/2024,30,PR,6.8127,11.2
4/27/2024,31,PR,6.8127,11.2
5/4/2024,32,PR,7.4219,11.2
5/11/2024,33,PR,7.4219,11.2
5/18/2024,34,PR,7.4219,11.3
5/25/2024,35,PR,7.4219,11.3
6/1/2024,36,PR,7.4219,11.3
6/8/2024,37,PR,7.4219,11.3
6/15/2024,38,PR,7.4219,11.3
6/22/2024,39,PR,7.4219,11.3
6/30/2024,40,PR,7.4219,11.5
7/6/2024,41,PR,,11.5
7/13/2024,42,PR,,11.5
7/20/2024,43,PR,,11.5
7/27/2024,44,PR,,11.5
8/3/2024,45,PR,,11.5
8/10/2024,46,PR,,11.5
8/17/2024,47,PR,,11.5
9/7/2024,1,PR,,0.8
9/14/2024,2,PR,,0.8
9/21/2024,3,PR,,0.8
9/28/2024,4,PR,,1.8
10/5/2024,5,PR,1.7743,2.4
10/12/2024,6,PR,1.7743,2.4
10/19/2024,7,PR,1.7743,3.2
10/26/2024,8,PR,2.476,3.9
11/2/2024,9,PR,3.1777,4.6
11/9/2024,10,PR,3.1777,4.8
11/16/2024,11,PR,3.1777,5.2
11/23/2024,12,PR,3.1777,6.0
11/30/2024,13,PR,3.6142,6.4
12/7/2024,14,PR,4.0506,6.7
12/14/2024,15,PR,4.0506,6.9
12/21/2024,16,PR,4.4315,7.2
12/28/2024,17,PR,4.4315,8.0
1/4/2025,18,PR,4.4315,8.0
1/11/2025,19,PR,4.4315,8.0
1/18/2025,20,PR,4.6153,8.3
1/25/2025,21,PR,4.6463,8.5
2/1/2025,22,PR,4.6772,8.7
2/8/2025,23,PR,4.6772,8.7
2/15/2025,24,PR,4.6772,8.9
2/22/2025,25,PR,4.82,9.0
3/1/2025,26,PR,4.9627,9.1
3/8/2025,27,PR,4.9627,9.1
3/15/2025,28,PR,4.9627,9.1
3/22/2025,29,PR,4.9627,9.1
3/29/2025,30,PR,5.0044,9.3
4/5/2025,31,PR,5.0461,9.6
4/12/2025,32,PR,5.0461,9.6
4/19/2025,33,PR,5.0461,9.9
4/26/2025,34,PR,5.1979,9.9
5/3/2025,35,PR,5.3498,
5/10/2025,36,PR,5.3498,
5/17/2025,37,PR,5.3498,
5/24/2025,38,PR,5.3498,
5/31/2025,39,PR,5.4022,
6/7/2025,40,PR,5.4546,
6/14/2025,41,PR,5.4546,
6/21/2025,42,PR,5.4546,
6/28/2025,43,PR,5.4546,
10/4/2025,1,PR,0.4523,
10/11/2025,2,PR,0.4523,2.4
10/18/2025,3,PR,0.8663,4.0
10/25/2025,4,PR,1.0857,4.1
11/1/2025,5,PR,1.305,4.2
11/8/2025,6,PR,1.305,4.2
11/15/2025,7,PR,1.305,4.7
11/22/2025,8,PR,1.305,5.7
11/29/2025,9,PR,1.5553,5.7
12/6/2025,10,PR,1.8056,5.7
12/13/2025,11,PR,1.8056,5.7
12/20/2025,12,PR,1.8056,5.7
12/27/2025,13,PR,2.0306,6.8
9/30/2023,1,RI,0,4.8
10/7/2023,2,RI,2.8236,6.2
10/14/2023,3,RI,2.8236,10.5
10/21/2023,4,RI,2.8341,10.5
10/28/2023,5,RI,2.8341,16.5
11/4/2023,6,RI,15.3183,19.5
11/11/2023,7,RI,15.3183,19.5
11/18/2023,8,RI,15.3183,22.6
11/25/2023,9,RI,15.3183,22.6
12/2/2023,10,RI,15.3183,22.6
12/9/2023,11,RI,15.3183,22.6
12/16/2023,12,RI,15.3183,22.6
12/23/2023,13,RI,15.4873,25.3
12/30/2023,14,RI,15.6296,25.9
1/6/2024,15,RI,17.1524,26.4
1/13/2024,16,RI,17.1524,27.2
1/20/2024,17,RI,17.1524,27.2
1/27/2024,18,RI,17.1524,27.4
2/3/2024,19,RI,18.0123,27.7
2/10/2024,20,RI,18.0123,27.7
2/17/2024,21,RI,18.0823,27.7
2/24/2024,22,RI,18.0823,28.0
3/2/2024,23,RI,19.8086,28.4
3/9/2024,24,RI,19.8086,28.4
3/16/2024,25,RI,19.9123,28.4
3/23/2024,26,RI,19.9123,28.4
3/30/2024,27,RI,19.9123,28.7
4/6/2024,28,RI,19.9123,28.9
4/13/2024,29,RI,19.9123,28.9
4/20/2024,30,RI,19.9123,28.9
4/27/2024,31,RI,19.9123,29.2
5/4/2024,32,RI,21.0014,29.4
5/11/2024,33,RI,21.0014,29.4
5/18/2024,34,RI,21.0014,29.4
5/25/2024,35,RI,21.0014,29.6
6/1/2024,36,RI,26.7454,29.7
6/8/2024,37,RI,26.7454,29.7
6/15/2024,38,RI,26.7454,29.7
6/22/2024,39,RI,26.7454,29.7
6/30/2024,40,RI,26.7454,29.8
7/6/2024,41,RI,,29.8
7/13/2024,42,RI,,29.8
7/20/2024,43,RI,,29.8
7/27/2024,44,RI,,29.9
8/3/2024,45,RI,,29.9
8/10/2024,46,RI,,30.9
8/17/2024,47,RI,,30.9
9/7/2024,1,RI,,1.2
9/14/2024,2,RI,,1.2
9/21/2024,3,RI,,12.2
9/28/2024,4,RI,,12.2
10/5/2024,5,RI,4.9535,12.2
10/12/2024,6,RI,6.2346,12.2
10/19/2024,7,RI,13.8913,13.2
10/26/2024,8,RI,13.8913,16.5
11/2/2024,9,RI,13.8913,19.8
11/9/2024,10,RI,13.8913,20.9
11/16/2024,11,RI,13.8913,22.4
11/23/2024,12,RI,13.8913,24.3
11/30/2024,13,RI,15.7369,24.3
12/7/2024,14,RI,17.5825,24.3
12/14/2024,15,RI,17.5825,24.3
12/21/2024,16,RI,17.5825,24.3
12/28/2024,17,RI,18.2979,25.4
1/4/2025,18,RI,19.0133,26.4
1/11/2025,19,RI,19.0133,26.4
1/18/2025,20,RI,19.0133,26.4
1/25/2025,21,RI,19.6839,27.2
2/1/2025,22,RI,20.3544,27.9
2/8/2025,23,RI,20.3544,28.4
2/15/2025,24,RI,20.5011,28.5
2/22/2025,25,RI,20.6271,28.5
3/1/2025,26,RI,20.7531,28.5
3/8/2025,27,RI,20.7531,28.5
3/15/2025,28,RI,20.7531,28.5
3/22/2025,29,RI,20.7531,29.0
3/29/2025,30,RI,20.7876,29.1
4/5/2025,31,RI,20.822,29.2
4/12/2025,32,RI,20.822,30.5
4/19/2025,33,RI,20.822,30.5
4/26/2025,34,RI,21.0823,30.5
5/3/2025,35,RI,21.3426,
5/10/2025,36,RI,21.3426,
5/17/2025,37,RI,21.3426,
5/24/2025,38,RI,21.3426,
5/31/2025,39,RI,21.3426,
6/7/2025,40,RI,21.3426,
6/14/2025,41,RI,21.3426,
6/21/2025,42,RI,21.3426,
6/28/2025,43,RI,21.3426,
10/4/2025,1,RI,3.6014,
10/11/2025,2,RI,3.6014,13.2
10/18/2025,3,RI,3.6014,13.2
10/25/2025,4,RI,6.0071,15.0
11/1/2025,5,RI,8.4127,16.8
11/8/2025,6,RI,8.4127,19.9
11/15/2025,7,RI,8.4127,19.9
11/22/2025,8,RI,8.4127,19.9
11/29/2025,9,RI,10.0734,20.9
12/6/2025,10,RI,11.734,21.8
12/13/2025,11,RI,13.2535,21.8
12/20/2025,12,RI,13.2535,21.8
12/27/2025,13,RI,13.2535,23.1
9/30/2023,1,SC,0,2.7
10/7/2023,2,SC,1.2782,2.9
10/14/2023,3,SC,1.2782,5.7
10/21/2023,4,SC,1.2782,5.7
10/28/2023,5,SC,1.2782,7.6
11/4/2023,6,SC,4.3084,9.4
11/11/2023,7,SC,4.3084,11.7
11/18/2023,8,SC,4.3123,12.2
11/25/2023,9,SC,4.3123,12.2
12/2/2023,10,SC,5.9377,12.2
12/9/2023,11,SC,5.9377,12.2
12/16/2023,12,SC,5.9377,12.2
12/23/2023,13,SC,5.9377,12.2
12/30/2023,14,SC,5.9377,13.3
1/6/2024,15,SC,6.4077,14.3
1/13/2024,16,SC,6.4077,14.9
1/20/2024,17,SC,6.8025,14.9
1/27/2024,18,SC,6.8025,15.2
2/3/2024,19,SC,7.5173,15.3
2/10/2024,20,SC,7.5173,15.3
2/17/2024,21,SC,7.5173,15.3
2/24/2024,22,SC,8.4982,15.7
3/2/2024,23,SC,8.4982,16.1
3/9/2024,24,SC,8.618,16.1
3/16/2024,25,SC,8.618,16.3
3/23/2024,26,SC,8.618,16.8
3/30/2024,27,SC,8.618,16.8
4/6/2024,28,SC,8.659,16.8
4/13/2024,29,SC,8.659,16.8
4/20/2024,30,SC,8.659,16.9
4/27/2024,31,SC,8.659,17.0
5/4/2024,32,SC,8.6648,17.1
5/11/2024,33,SC,8.6648,17.1
5/18/2024,34,SC,8.6648,17.1
5/25/2024,35,SC,8.6648,17.1
6/1/2024,36,SC,9.8296,17.2
6/8/2024,37,SC,9.8296,17.2
6/15/2024,38,SC,9.8296,17.2
6/22/2024,39,SC,9.8296,17.2
6/30/2024,40,SC,9.8296,17.5
7/6/2024,41,SC,,17.5
7/13/2024,42,SC,,17.5
7/20/2024,43,SC,,17.5
7/27/2024,44,SC,,17.5
8/3/2024,45,SC,,17.5
8/10/2024,46,SC,,17.5
8/17/2024,47,SC,,17.5
9/7/2024,1,SC,,3.2
9/14/2024,2,SC,,3.2
9/21/2024,3,SC,,3.2
9/28/2024,4,SC,,4.4
10/5/2024,5,SC,1.6846,5.6
10/12/2024,6,SC,1.6846,7.1
10/19/2024,7,SC,3.1742,8.3
10/26/2024,8,SC,3.4547,10.6
11/2/2024,9,SC,3.7353,12.8
11/9/2024,10,SC,3.7353,12.8
11/16/2024,11,SC,3.7353,12.8
11/23/2024,12,SC,3.7353,12.8
11/30/2024,13,SC,4.397,14.2
12/7/2024,14,SC,5.0587,14.8
12/14/2024,15,SC,5.0587,14.8
12/21/2024,16,SC,5.0587,15.1
12/28/2024,17,SC,5.4975,15.9
1/4/2025,18,SC,5.9362,15.9
1/11/2025,19,SC,5.9362,15.9
1/18/2025,20,SC,6.4852,15.9
1/25/2025,21,SC,6.4852,16.4
2/1/2025,22,SC,6.4852,16.9
2/8/2025,23,SC,6.4852,16.9
2/15/2025,24,SC,6.4852,17.8
2/22/2025,25,SC,7.1985,17.8
3/1/2025,26,SC,7.9117,17.8
3/8/2025,27,SC,7.9117,17.8
3/15/2025,28,SC,7.9117,17.8
3/22/2025,29,SC,7.9117,17.8
3/29/2025,30,SC,8.0478,18.0
4/5/2025,31,SC,8.1839,18.0
4/12/2025,32,SC,8.1839,18.0
4/19/2025,33,SC,8.1839,18.0
4/26/2025,34,SC,8.1839,18.0
5/3/2025,35,SC,8.1839,
5/10/2025,36,SC,8.1839,
5/17/2025,37,SC,8.1839,
5/24/2025,38,SC,8.1839,
5/31/2025,39,SC,8.4156,
6/7/2025,40,SC,8.6473,
6/14/2025,41,SC,8.6473,
6/21/2025,42,SC,8.6473,
6/28/2025,43,SC,8.6473,
10/4/2025,1,SC,1.5343,
10/11/2025,2,SC,1.5343,4.9
10/18/2025,3,SC,1.5343,5.9
10/25/2025,4,SC,2.5027,7.2
11/1/2025,5,SC,3.471,8.5
11/8/2025,6,SC,3.471,8.8
11/15/2025,7,SC,3.471,8.9
11/22/2025,8,SC,4.0648,10.6
11/29/2025,9,SC,4.0648,10.8
12/6/2025,10,SC,4.0648,11.0
12/13/2025,11,SC,4.0648,11.3
12/20/2025,12,SC,4.0648,11.6
12/27/2025,13,SC,4.1057,11.9
9/30/2023,1,SD,0,1.4
10/7/2023,2,SD,1.3266,4.3
10/14/2023,3,SD,1.6646,6.0
10/21/2023,4,SD,1.74,9.8
10/28/2023,5,SD,1.74,10.9
11/4/2023,6,SD,5.2502,12.0
11/11/2023,7,SD,5.2502,12.5
11/18/2023,8,SD,5.2502,12.5
11/25/2023,9,SD,5.2502,14.3
12/2/2023,10,SD,7.2989,16.0
12/9/2023,11,SD,7.2989,16.0
12/16/2023,12,SD,7.2989,16.0
12/23/2023,13,SD,7.2989,17.4
12/30/2023,14,SD,7.2989,18.0
1/6/2024,15,SD,8.452,18.7
1/13/2024,16,SD,8.452,19.1
1/20/2024,17,SD,8.452,19.2
1/27/2024,18,SD,8.452,19.5
2/3/2024,19,SD,8.8971,19.9
2/10/2024,20,SD,9.3126,19.9
2/17/2024,21,SD,9.3126,20.1
2/24/2024,22,SD,9.3126,20.5
3/2/2024,23,SD,9.3725,21.0
3/9/2024,24,SD,9.3725,21.0
3/16/2024,25,SD,9.3725,21.0
3/23/2024,26,SD,9.3725,21.0
3/30/2024,27,SD,9.3725,21.3
4/6/2024,28,SD,10.8444,21.4
4/13/2024,29,SD,10.8444,21.4
4/20/2024,30,SD,10.8444,21.4
4/27/2024,31,SD,10.8444,21.5
5/4/2024,32,SD,10.8444,21.6
5/11/2024,33,SD,10.8444,21.6
5/18/2024,34,SD,10.8444,21.6
5/25/2024,35,SD,10.8444,21.8
6/1/2024,36,SD,10.8444,21.9
6/8/2024,37,SD,10.8444,21.9
6/15/2024,38,SD,10.8444,21.9
6/22/2024,39,SD,10.8444,21.9
6/30/2024,40,SD,10.8444,22.1
7/6/2024,41,SD,,22.3
7/13/2024,42,SD,,22.3
7/20/2024,43,SD,,22.3
7/27/2024,44,SD,,22.3
8/3/2024,45,SD,,22.3
8/10/2024,46,SD,,22.3
8/17/2024,47,SD,,22.3
9/7/2024,1,SD,,2.8
9/14/2024,2,SD,,2.8
9/21/2024,3,SD,,2.8
9/28/2024,4,SD,,4.8
10/5/2024,5,SD,3.2632,6.9
10/12/2024,6,SD,3.2632,10.0
10/19/2024,7,SD,3.2632,11.5
10/26/2024,8,SD,4.9714,13.2
11/2/2024,9,SD,6.6795,14.8
11/9/2024,10,SD,7.2981,16.5
11/16/2024,11,SD,9.1246,17.0
11/23/2024,12,SD,9.1246,17.0
11/30/2024,13,SD,9.1246,18.5
12/7/2024,14,SD,9.1246,19.9
12/14/2024,15,SD,9.1246,19.9
12/21/2024,16,SD,9.1246,19.9
12/28/2024,17,SD,9.4946,19.9
1/4/2025,18,SD,9.8646,19.9
1/11/2025,19,SD,9.8646,20.4
1/18/2025,20,SD,9.8646,20.8
1/25/2025,21,SD,10.1998,20.8
2/1/2025,22,SD,10.535,20.8
2/8/2025,23,SD,10.535,20.8
2/15/2025,24,SD,10.535,20.8
2/22/2025,25,SD,10.7481,21.0
3/1/2025,26,SD,10.9612,21.1
3/8/2025,27,SD,10.9612,21.1
3/15/2025,28,SD,10.9612,21.1
3/22/2025,29,SD,10.9612,21.1
3/29/2025,30,SD,10.9612,21.6
4/5/2025,31,SD,10.9612,22.0
4/12/2025,32,SD,10.9612,22.0
4/19/2025,33,SD,10.9612,22.0
4/26/2025,34,SD,11.083,22.0
5/3/2025,35,SD,11.2048,
5/10/2025,36,SD,11.2048,
5/17/2025,37,SD,11.2048,
5/24/2025,38,SD,11.2048,
5/31/2025,39,SD,11.2048,
6/7/2025,40,SD,11.2048,
6/14/2025,41,SD,11.2048,
6/21/2025,42,SD,11.2048,
6/28/2025,43,SD,11.2048,
10/4/2025,1,SD,0.6919,
10/11/2025,2,SD,1.279,3.1
10/18/2025,3,SD,2.8123,3.1
10/25/2025,4,SD,3.2047,7.1
11/1/2025,5,SD,3.597,11.2
11/8/2025,6,SD,3.597,13.1
11/15/2025,7,SD,3.597,14.6
11/22/2025,8,SD,3.597,14.6
11/29/2025,9,SD,4.5262,15.3
12/6/2025,10,SD,5.4554,15.9
12/13/2025,11,SD,5.4554,15.9
12/20/2025,12,SD,5.4554,15.9
12/27/2025,13,SD,5.951,16.0
9/30/2023,1,TN,0,0.0
10/7/2023,2,TN,1.913,2.5
10/14/2023,3,TN,1.913,2.8
10/21/2023,4,TN,1.985,2.8
10/28/2023,5,TN,1.985,5.6
11/4/2023,6,TN,4.4302,8.4
11/11/2023,7,TN,4.4302,8.4
11/18/2023,8,TN,4.4302,8.4
11/25/2023,9,TN,4.4302,10.3
12/2/2023,10,TN,6.2558,11.5
12/9/2023,11,TN,7.9257,11.5
12/16/2023,12,TN,7.9257,11.5
12/23/2023,13,TN,7.9257,11.5
12/30/2023,14,TN,7.9257,12.6
1/6/2024,15,TN,7.9257,13.5
1/13/2024,16,TN,7.9257,13.5
1/20/2024,17,TN,7.9257,13.6
1/27/2024,18,TN,7.9257,14.1
2/3/2024,19,TN,9.0146,14.5
2/10/2024,20,TN,9.0146,14.5
2/17/2024,21,TN,9.0146,14.5
2/24/2024,22,TN,9.0146,14.9
3/2/2024,23,TN,9.0146,15.2
3/9/2024,24,TN,9.0146,15.2
3/16/2024,25,TN,9.0146,15.2
3/23/2024,26,TN,9.0146,15.2
3/30/2024,27,TN,9.0146,15.4
4/6/2024,28,TN,9.1166,15.6
4/13/2024,29,TN,9.1166,15.6
4/20/2024,30,TN,9.1166,15.6
4/27/2024,31,TN,9.1166,15.7
5/4/2024,32,TN,9.1166,15.8
5/11/2024,33,TN,9.1166,15.8
5/18/2024,34,TN,9.1166,15.8
5/25/2024,35,TN,9.1166,15.9
6/1/2024,36,TN,9.1166,16.0
6/8/2024,37,TN,9.1166,16.0
6/15/2024,38,TN,9.1166,16.0
6/22/2024,39,TN,9.1166,16.2
6/30/2024,40,TN,9.1166,16.2
7/6/2024,41,TN,,16.2
7/13/2024,42,TN,,16.2
7/20/2024,43,TN,,16.2
7/27/2024,44,TN,,16.2
8/3/2024,45,TN,,16.2
8/10/2024,46,TN,,16.2
8/17/2024,47,TN,,16.2
9/7/2024,1,TN,,2.7
9/14/2024,2,TN,,2.7
9/21/2024,3,TN,,5.0
9/28/2024,4,TN,,5.9
10/5/2024,5,TN,2.1526,6.1
10/12/2024,6,TN,2.1526,6.1
10/19/2024,7,TN,4.8943,6.5
10/26/2024,8,TN,4.8943,9.3
11/2/2024,9,TN,4.8943,12.0
11/9/2024,10,TN,4.8943,12.0
11/16/2024,11,TN,4.8943,12.0
11/23/2024,12,TN,4.8943,14.0
11/30/2024,13,TN,5.3853,14.0
12/7/2024,14,TN,5.8762,14.0
12/14/2024,15,TN,5.8762,14.0
12/21/2024,16,TN,5.8762,15.4
12/28/2024,17,TN,5.9632,15.4
1/4/2025,18,TN,6.0503,15.4
1/11/2025,19,TN,6.0503,15.4
1/18/2025,20,TN,6.0503,15.7
1/25/2025,21,TN,6.3626,15.7
2/1/2025,22,TN,6.6749,15.8
2/8/2025,23,TN,6.6749,15.8
2/15/2025,24,TN,6.6749,15.8
2/22/2025,25,TN,6.6969,15.9
3/1/2025,26,TN,6.719,16.0
3/8/2025,27,TN,6.719,16.0
3/15/2025,28,TN,6.719,16.0
3/22/2025,29,TN,6.719,16.0
3/29/2025,30,TN,6.8366,16.3
4/5/2025,31,TN,6.9542,16.6
4/12/2025,32,TN,6.9542,16.7
4/19/2025,33,TN,6.9542,16.7
4/26/2025,34,TN,7.0735,16.7
5/3/2025,35,TN,7.1928,
5/10/2025,36,TN,7.1928,
5/17/2025,37,TN,7.1928,
5/24/2025,38,TN,7.1928,
5/31/2025,39,TN,7.1928,
6/7/2025,40,TN,7.1928,
6/14/2025,41,TN,7.1928,
6/21/2025,42,TN,7.1928,
6/28/2025,43,TN,7.1928,
10/4/2025,1,TN,0.8102,
10/11/2025,2,TN,0.8102,3.8
10/18/2025,3,TN,0.8102,3.8
10/25/2025,4,TN,1.6115,5.4
11/1/2025,5,TN,2.4127,7.1
11/8/2025,6,TN,2.4127,7.3
11/15/2025,7,TN,2.4127,7.3
11/22/2025,8,TN,2.4127,7.7
11/29/2025,9,TN,2.9797,8.7
12/6/2025,10,TN,3.5466,9.4
12/13/2025,11,TN,3.5466,9.4
12/20/2025,12,TN,3.5466,9.4
12/27/2025,13,TN,3.7666,10.0
9/30/2023,1,TX,1.4739,4.0
10/7/2023,2,TX,1.4739,4.3
10/14/2023,3,TX,1.4773,4.3
10/21/2023,4,TX,2.1472,9.2
10/28/2023,5,TX,2.1472,9.2
11/4/2023,6,TX,5.3106,9.2
11/11/2023,7,TX,5.4665,9.2
11/18/2023,8,TX,5.4737,9.2
11/25/2023,9,TX,6.0931,10.8
12/2/2023,10,TX,7.5508,12.3
12/9/2023,11,TX,7.5508,12.3
12/16/2023,12,TX,8.0007,14.9
12/23/2023,13,TX,8.0007,14.9
12/30/2023,14,TX,8.5901,14.9
1/6/2024,15,TX,8.7033,14.9
1/13/2024,16,TX,8.8825,15.4
1/20/2024,17,TX,8.9101,15.4
1/27/2024,18,TX,8.9101,15.6
2/3/2024,19,TX,9.3779,15.8
2/10/2024,20,TX,9.3779,15.8
2/17/2024,21,TX,10.0326,15.9
2/24/2024,22,TX,10.0326,16.0
3/2/2024,23,TX,10.1584,16.2
3/9/2024,24,TX,10.2145,16.6
3/16/2024,25,TX,10.2145,16.6
3/23/2024,26,TX,10.2145,16.7
3/30/2024,27,TX,10.2145,16.7
4/6/2024,28,TX,10.7617,16.7
4/13/2024,29,TX,10.7617,16.8
4/20/2024,30,TX,10.9574,16.9
4/27/2024,31,TX,10.9574,16.9
5/4/2024,32,TX,10.9574,17.0
5/11/2024,33,TX,11.3907,17.0
5/18/2024,34,TX,11.4201,17.0
5/25/2024,35,TX,11.4201,17.1
6/1/2024,36,TX,11.4218,17.3
6/8/2024,37,TX,11.4218,17.4
6/15/2024,38,TX,11.4389,17.4
6/22/2024,39,TX,11.4402,17.4
6/30/2024,40,TX,11.4402,17.5
7/6/2024,41,TX,,17.6
7/13/2024,42,TX,,17.6
7/20/2024,43,TX,,17.6
7/27/2024,44,TX,,17.8
8/3/2024,45,TX,,18.0
8/10/2024,46,TX,,18.0
8/17/2024,47,TX,,18.0
9/7/2024,1,TX,,2.5
9/14/2024,2,TX,,2.9
9/21/2024,3,TX,,6.0
9/28/2024,4,TX,,6.1
10/5/2024,5,TX,2.8127,6.3
10/12/2024,6,TX,3.1657,7.6
10/19/2024,7,TX,5.3618,7.6
10/26/2024,8,TX,5.5667,9.2
11/2/2024,9,TX,5.7715,10.8
11/9/2024,10,TX,6.5728,10.9
11/16/2024,11,TX,7.1823,11.7
11/23/2024,12,TX,7.1823,13.0
11/30/2024,13,TX,7.4671,13.0
12/7/2024,14,TX,7.7519,13.0
12/14/2024,15,TX,7.7519,13.5
12/21/2024,16,TX,8.4553,13.5
12/28/2024,17,TX,8.4553,14.1
1/4/2025,18,TX,8.4553,14.7
1/11/2025,19,TX,8.4553,14.8
1/18/2025,20,TX,8.9439,15.5
1/25/2025,21,TX,8.9439,15.5
2/1/2025,22,TX,8.9439,15.5
2/8/2025,23,TX,8.9439,15.5
2/15/2025,24,TX,9.3597,15.6
2/22/2025,25,TX,9.3597,16.2
3/1/2025,26,TX,9.3597,16.2
3/8/2025,27,TX,9.3597,16.2
3/15/2025,28,TX,9.3597,16.2
3/22/2025,29,TX,9.3597,16.4
3/29/2025,30,TX,9.5534,16.4
4/5/2025,31,TX,9.7471,16.4
4/12/2025,32,TX,9.7471,16.4
4/19/2025,33,TX,9.7471,18.2
4/26/2025,34,TX,9.8947,18.3
5/3/2025,35,TX,10.0422,
5/10/2025,36,TX,10.0422,
5/17/2025,37,TX,10.0422,
5/24/2025,38,TX,10.3091,
5/31/2025,39,TX,10.4203,
6/7/2025,40,TX,10.5316,
6/14/2025,41,TX,10.5316,
6/21/2025,42,TX,10.5316,
6/28/2025,43,TX,10.5316,
10/4/2025,1,TX,1.4675,
10/11/2025,2,TX,1.5854,4.7
10/18/2025,3,TX,2.7892,7.5
10/25/2025,4,TX,3.2335,7.5
11/1/2025,5,TX,3.6779,7.5
11/8/2025,6,TX,3.9123,8.8
11/15/2025,7,TX,3.9123,8.8
11/22/2025,8,TX,3.9123,9.8
11/29/2025,9,TX,4.4501,9.8
12/6/2025,10,TX,4.8419,9.8
12/13/2025,11,TX,4.8419,10.0
12/20/2025,12,TX,5.4423,10.0
12/27/2025,13,TX,5.4423,10.7
9/30/2023,1,UT,0,2.7
10/7/2023,2,UT,2.1826,2.7
10/14/2023,3,UT,2.1826,7.8
10/21/2023,4,UT,2.7089,7.8
10/28/2023,5,UT,7.804,10.9
11/4/2023,6,UT,7.804,11.3
11/11/2023,7,UT,7.804,11.3
11/18/2023,8,UT,8.222,14.0
11/25/2023,9,UT,8.222,14.4
12/2/2023,10,UT,10.8032,14.7
12/9/2023,11,UT,10.8032,16.3
12/16/2023,12,UT,10.8032,16.3
12/23/2023,13,UT,11.2495,16.3
12/30/2023,14,UT,11.2495,17.4
1/6/2024,15,UT,12.2466,17.4
1/13/2024,16,UT,12.5439,17.4
1/20/2024,17,UT,12.5618,18.3
1/27/2024,18,UT,12.6315,18.8
2/3/2024,19,UT,12.6315,18.8
2/10/2024,20,UT,12.6315,18.8
2/17/2024,21,UT,12.6315,19.6
2/24/2024,22,UT,12.6315,19.6
3/2/2024,23,UT,13.2266,19.6
3/9/2024,24,UT,13.2266,19.7
3/16/2024,25,UT,13.2266,20.0
3/23/2024,26,UT,13.4157,20.0
3/30/2024,27,UT,13.4157,20.0
4/6/2024,28,UT,14.0016,20.0
4/13/2024,29,UT,14.0016,20.0
4/20/2024,30,UT,14.0016,20.0
4/27/2024,31,UT,14.0016,20.0
5/4/2024,32,UT,14.6919,20.0
5/11/2024,33,UT,14.6919,20.0
5/18/2024,34,UT,14.6919,20.0
5/25/2024,35,UT,14.6919,20.1
6/1/2024,36,UT,14.6919,20.3
6/8/2024,37,UT,14.6919,20.3
6/15/2024,38,UT,14.6919,20.3
6/22/2024,39,UT,14.6919,20.3
6/30/2024,40,UT,14.6919,20.9
7/6/2024,41,UT,,21.6
7/13/2024,42,UT,,21.6
7/20/2024,43,UT,,21.6
7/27/2024,44,UT,,21.6
8/3/2024,45,UT,,21.6
8/10/2024,46,UT,,21.6
8/17/2024,47,UT,,21.6
9/7/2024,1,UT,,0.1
9/14/2024,2,UT,,0.1
9/21/2024,3,UT,,3.5
9/28/2024,4,UT,,3.8
10/5/2024,5,UT,2.8502,4.2
10/12/2024,6,UT,2.8502,7.9
10/19/2024,7,UT,2.8502,14.3
10/26/2024,8,UT,5.2472,14.3
11/2/2024,9,UT,7.6443,14.3
11/9/2024,10,UT,7.6443,14.3
11/16/2024,11,UT,7.6443,14.3
11/23/2024,12,UT,7.6443,21.3
11/30/2024,13,UT,8.8245,21.3
12/7/2024,14,UT,10.0048,21.3
12/14/2024,15,UT,10.9428,21.3
12/21/2024,16,UT,10.9428,21.4
12/28/2024,17,UT,10.9428,21.6
1/4/2025,18,UT,10.9428,21.8
1/11/2025,19,UT,10.9428,21.8
1/18/2025,20,UT,10.9428,21.8
1/25/2025,21,UT,11.4831,22.3
2/1/2025,22,UT,12.0233,22.7
2/8/2025,23,UT,12.0233,22.7
2/15/2025,24,UT,12.0233,22.7
2/22/2025,25,UT,12.186,23.3
3/1/2025,26,UT,12.3487,23.9
3/8/2025,27,UT,12.3487,23.9
3/15/2025,28,UT,12.3487,23.9
3/22/2025,29,UT,12.3487,23.9
3/29/2025,30,UT,12.521,23.9
4/5/2025,31,UT,12.6932,24.0
4/12/2025,32,UT,12.6932,24.0
4/19/2025,33,UT,12.6932,24.0
4/26/2025,34,UT,12.7887,24.0
5/3/2025,35,UT,12.8841,
5/10/2025,36,UT,12.8841,
5/17/2025,37,UT,12.8841,
5/24/2025,38,UT,12.8841,
5/31/2025,39,UT,12.8841,
6/7/2025,40,UT,12.8841,
6/14/2025,41,UT,12.8841,
6/21/2025,42,UT,12.8841,
6/28/2025,43,UT,12.8841,
10/4/2025,1,UT,1.1422,
10/11/2025,2,UT,1.1422,6.3
10/18/2025,3,UT,3.6271,6.3
10/25/2025,4,UT,3.6271,6.3
11/1/2025,5,UT,3.6271,6.3
11/8/2025,6,UT,3.6271,6.3
11/15/2025,7,UT,3.6271,6.3
11/22/2025,8,UT,3.6271,6.4
11/29/2025,9,UT,4.2355,7.8
12/6/2025,10,UT,4.8438,9.3
12/13/2025,11,UT,4.8438,9.3
12/20/2025,12,UT,4.8438,9.3
12/27/2025,13,UT,5.3001,10.9
9/30/2023,1,VA,0.0633,2.0
10/7/2023,2,VA,1.8819,5.9
10/14/2023,3,VA,1.8819,10.4
10/21/2023,4,VA,7.0502,13.9
10/28/2023,5,VA,7.2329,14.1
11/4/2023,6,VA,7.67,14.3
11/11/2023,7,VA,8.5902,16.9
11/18/2023,8,VA,8.5902,17.5
11/25/2023,9,VA,8.5902,18.3
12/2/2023,10,VA,11.5797,18.8
12/9/2023,11,VA,11.977,18.8
12/16/2023,12,VA,11.977,18.8
12/23/2023,13,VA,11.977,20.6
12/30/2023,14,VA,13.054,22.2
1/6/2024,15,VA,13.054,22.2
1/13/2024,16,VA,13.054,22.2
1/20/2024,17,VA,14.2526,22.2
1/27/2024,18,VA,14.2526,23.4
2/3/2024,19,VA,14.2526,23.4
2/10/2024,20,VA,14.2526,23.4
2/17/2024,21,VA,14.4139,23.4
2/24/2024,22,VA,14.4139,23.7
3/2/2024,23,VA,15.1946,23.9
3/9/2024,24,VA,15.1946,24.2
3/16/2024,25,VA,15.3196,24.4
3/23/2024,26,VA,15.3196,24.4
3/30/2024,27,VA,15.3196,24.4
4/6/2024,28,VA,15.598,24.4
4/13/2024,29,VA,15.598,24.4
4/20/2024,30,VA,15.598,24.4
4/27/2024,31,VA,15.598,24.6
5/4/2024,32,VA,16.1486,24.8
5/11/2024,33,VA,16.1486,24.8
5/18/2024,34,VA,16.1486,25.0
5/25/2024,35,VA,16.1486,25.0
6/1/2024,36,VA,16.1486,25.0
6/8/2024,37,VA,16.1486,25.0
6/15/2024,38,VA,16.1605,25.0
6/22/2024,39,VA,16.1605,25.2
6/30/2024,40,VA,16.1605,25.3
7/6/2024,41,VA,,25.4
7/13/2024,42,VA,,25.4
7/20/2024,43,VA,,25.4
7/27/2024,44,VA,,25.5
8/3/2024,45,VA,,25.6
8/10/2024,46,VA,,25.6
8/17/2024,47,VA,,25.6
9/7/2024,1,VA,,2.5
9/14/2024,2,VA,,6.4
9/21/2024,3,VA,,7.4
9/28/2024,4,VA,,9.6
10/5/2024,5,VA,5.0062,11.8
10/12/2024,6,VA,7.1513,13.0
10/19/2024,7,VA,7.1513,16.0
10/26/2024,8,VA,10.0357,17.1
11/2/2024,9,VA,11.0811,18.2
11/9/2024,10,VA,11.0811,19.8
11/16/2024,11,VA,11.3065,20.1
11/23/2024,12,VA,11.3065,21.4
11/30/2024,13,VA,12.394,21.9
12/7/2024,14,VA,13.4816,22.4
12/14/2024,15,VA,13.4816,22.7
12/21/2024,16,VA,13.8466,22.7
12/28/2024,17,VA,14.1592,23.4
1/4/2025,18,VA,14.4718,24.1
1/11/2025,19,VA,14.4718,24.1
1/18/2025,20,VA,14.4718,24.1
1/25/2025,21,VA,15.066,24.9
2/1/2025,22,VA,15.6602,25.4
2/8/2025,23,VA,15.6602,25.4
2/15/2025,24,VA,15.6602,25.4
2/22/2025,25,VA,15.8352,25.8
3/1/2025,26,VA,16.0102,26.2
3/8/2025,27,VA,16.0102,26.2
3/15/2025,28,VA,16.1913,26.2
3/22/2025,29,VA,16.1913,26.2
3/29/2025,30,VA,16.1913,26.8
4/5/2025,31,VA,16.1913,26.8
4/12/2025,32,VA,16.1913,26.8
4/19/2025,33,VA,16.1913,26.8
4/26/2025,34,VA,16.1913,26.8
5/3/2025,35,VA,16.1913,
5/10/2025,36,VA,16.1913,
5/17/2025,37,VA,16.1913,
5/24/2025,38,VA,16.1913,
5/31/2025,39,VA,16.1913,
6/7/2025,40,VA,16.1913,
6/14/2025,41,VA,16.1913,
6/21/2025,42,VA,16.1913,
6/28/2025,43,VA,16.1913,
10/4/2025,1,VA,4.9775,
10/11/2025,2,VA,4.9775,10.1
10/18/2025,3,VA,4.9775,10.7
10/25/2025,4,VA,6.5234,12.1
11/1/2025,5,VA,6.5234,13.5
11/8/2025,6,VA,6.5234,13.5
11/15/2025,7,VA,8.1967,14.4
11/22/2025,8,VA,8.1967,15.9
11/29/2025,9,VA,8.1967,16.8
12/6/2025,10,VA,8.1967,17.7
12/13/2025,11,VA,8.1967,18.5
12/20/2025,12,VA,10.0269,18.6
12/27/2025,13,VA,10.0269,19.0
9/30/2023,1,VI,0,0.0
10/7/2023,2,VI,0,0.9
10/14/2023,3,VI,0,0.9
10/21/2023,4,VI,0,0.9
10/28/2023,5,VI,0,2.1
11/4/2023,6,VI,0,2.4
11/11/2023,7,VI,0,2.4
11/18/2023,8,VI,0,2.5
11/25/2023,9,VI,0,2.5
12/2/2023,10,VI,0,2.5
12/9/2023,11,VI,0,2.5
12/16/2023,12,VI,0,2.5
12/23/2023,13,VI,,2.5
12/30/2023,14,VI,,2.5
1/4/2025,18,VI,3.0654,5.7
1/11/2025,19,VI,3.0654,5.7
1/18/2025,20,VI,3.0654,5.7
1/25/2025,21,VI,3.424,5.9
2/1/2025,22,VI,3.7826,6.1
2/8/2025,23,VI,3.7826,6.1
2/15/2025,24,VI,3.7826,6.2
2/22/2025,25,VI,4.12,6.2
3/1/2025,26,VI,4.4574,6.2
3/8/2025,27,VI,4.4574,6.2
3/15/2025,28,VI,4.4574,6.2
3/22/2025,29,VI,4.4574,6.2
3/29/2025,30,VI,4.5354,6.2
4/5/2025,31,VI,4.6133,6.2
4/12/2025,32,VI,4.6133,6.2
4/19/2025,33,VI,4.6133,6.2
4/26/2025,34,VI,4.6133,6.2
5/3/2025,35,VI,4.6133,
5/10/2025,36,VI,4.6133,
5/17/2025,37,VI,4.6133,
5/24/2025,38,VI,4.6133,
5/31/2025,39,VI,4.6133,
6/7/2025,40,VI,4.6133,
6/14/2025,41,VI,4.6133,
6/21/2025,42,VI,4.6133,
6/28/2025,43,VI,4.6133,
10/4/2025,1,VI,0.9947,
10/11/2025,2,VI,0.9947,1.1
10/18/2025,3,VI,1.7159,1.1
10/25/2025,4,VI,1.7159,1.8
11/1/2025,5,VI,1.7159,2.5
11/8/2025,6,VI,1.7159,2.5
11/15/2025,7,VI,1.7159,2.5
11/22/2025,8,VI,1.7159,2.5
11/29/2025,9,VI,1.7159,3.1
12/6/2025,10,VI,1.7159,3.6
12/13/2025,11,VI,1.7159,3.6
12/20/2025,12,VI,1.7159,3.6
12/27/2025,13,VI,1.7159,3.6
9/30/2023,1,VT,0,3.2
10/7/2023,2,VT,1.7263,5.7
10/14/2023,3,VT,1.7263,5.7
10/21/2023,4,VT,3.1184,5.7
10/28/2023,5,VT,3.9091,13.3
11/4/2023,6,VT,13.9734,20.4
11/11/2023,7,VT,13.9734,20.4
11/18/2023,8,VT,13.9734,21.9
11/25/2023,9,VT,14.6863,25.6
12/2/2023,10,VT,23.0266,29.3
12/9/2023,11,VT,23.0266,29.3
12/16/2023,12,VT,23.0266,29.3
12/23/2023,13,VT,26.8854,34.1
12/30/2023,14,VT,26.8854,34.1
1/6/2024,15,VT,26.8854,34.1
1/13/2024,16,VT,27.1814,34.1
1/20/2024,17,VT,27.2665,34.1
1/27/2024,18,VT,27.2665,35.2
2/3/2024,19,VT,28.3957,36.3
2/10/2024,20,VT,28.3957,36.3
2/17/2024,21,VT,28.3957,36.3
2/24/2024,22,VT,28.3957,36.9
3/2/2024,23,VT,29.1783,37.6
3/9/2024,24,VT,29.1783,37.6
3/16/2024,25,VT,29.1783,37.6
3/23/2024,26,VT,29.1783,37.6
3/30/2024,27,VT,29.1783,38.1
4/6/2024,28,VT,30.1313,38.1
4/13/2024,29,VT,30.1839,38.1
4/20/2024,30,VT,30.1839,38.5
4/27/2024,31,VT,30.1839,38.5
5/4/2024,32,VT,30.1839,38.6
5/11/2024,33,VT,30.1839,38.6
5/18/2024,34,VT,30.1839,38.6
5/25/2024,35,VT,30.1839,39.0
6/1/2024,36,VT,30.3972,39.5
6/8/2024,37,VT,30.3972,39.5
6/15/2024,38,VT,30.3972,39.5
6/22/2024,39,VT,30.3972,39.5
6/30/2024,40,VT,30.3972,39.5
7/6/2024,41,VT,,39.5
7/13/2024,42,VT,,39.5
7/20/2024,43,VT,,39.5
7/27/2024,44,VT,,39.5
8/3/2024,45,VT,,39.5
8/10/2024,46,VT,,39.5
8/17/2024,47,VT,,39.5
9/7/2024,1,VT,,4.3
9/14/2024,2,VT,,8.3
9/21/2024,3,VT,,8.3
9/28/2024,4,VT,,10.8
10/5/2024,5,VT,6.7873,13.4
10/12/2024,6,VT,7.6991,16.2
10/19/2024,7,VT,7.6991,26.3
10/26/2024,8,VT,14.085,26.3
11/2/2024,9,VT,20.471,26.3
11/9/2024,10,VT,22.8095,27.6
11/16/2024,11,VT,23.5646,35.0
11/23/2024,12,VT,23.5646,35.0
11/30/2024,13,VT,25.1215,35.0
12/7/2024,14,VT,26.6784,35.0
12/14/2024,15,VT,26.6784,35.0
12/21/2024,16,VT,29.6889,35.0
12/28/2024,17,VT,29.8788,37.0
1/4/2025,18,VT,30.0687,38.4
1/11/2025,19,VT,30.0687,38.4
1/18/2025,20,VT,30.0687,39.4
1/25/2025,21,VT,30.6433,39.4
2/1/2025,22,VT,31.218,39.5
2/8/2025,23,VT,31.218,39.5
2/15/2025,24,VT,31.218,40.2
2/22/2025,25,VT,31.4667,40.5
3/1/2025,26,VT,31.7154,40.8
3/8/2025,27,VT,31.7154,40.8
3/15/2025,28,VT,31.7154,40.8
3/22/2025,29,VT,32.1821,40.8
3/29/2025,30,VT,32.2219,41.3
4/5/2025,31,VT,32.2618,41.3
4/12/2025,32,VT,32.2618,41.3
4/19/2025,33,VT,32.2618,41.3
4/26/2025,34,VT,32.3556,41.3
5/3/2025,35,VT,32.4493,
5/10/2025,36,VT,32.4493,
5/17/2025,37,VT,32.4493,
5/24/2025,38,VT,32.4493,
5/31/2025,39,VT,32.9533,
6/7/2025,40,VT,33.4574,
6/14/2025,41,VT,33.4574,
6/21/2025,42,VT,33.4574,
6/28/2025,43,VT,33.4574,
10/4/2025,1,VT,3.9411,
10/11/2025,2,VT,3.9411,10.0
10/18/2025,3,VT,4.1413,10.0
10/25/2025,4,VT,7.943,16.3
11/1/2025,5,VT,11.7448,22.5
11/8/2025,6,VT,11.7448,25.5
11/15/2025,7,VT,11.7448,25.5
11/22/2025,8,VT,13.1351,29.1
11/29/2025,9,VT,15.7036,30.0
12/6/2025,10,VT,18.272,30.0
12/13/2025,11,VT,18.272,30.0
12/20/2025,12,VT,20.5906,30.0
12/27/2025,13,VT,20.5906,31.5
9/30/2023,1,WA,0,5.3
10/7/2023,2,WA,2.4514,9.1
10/14/2023,3,WA,2.4514,9.1
10/21/2023,4,WA,3.0071,16.1
10/28/2023,5,WA,3.0071,16.2
11/4/2023,6,WA,11.6518,16.3
11/11/2023,7,WA,15.7662,21.4
11/18/2023,8,WA,15.9014,21.4
11/25/2023,9,WA,15.9014,21.4
12/2/2023,10,WA,15.9014,21.4
12/9/2023,11,WA,15.9014,21.4
12/16/2023,12,WA,15.9014,21.4
12/23/2023,13,WA,16.0168,25.2
12/30/2023,14,WA,16.0168,25.2
1/6/2024,15,WA,18.8433,25.2
1/13/2024,16,WA,18.8433,25.2
1/20/2024,17,WA,18.8433,26.4
1/27/2024,18,WA,18.8433,26.4
2/3/2024,19,WA,19.0509,26.4
2/10/2024,20,WA,19.0509,26.4
2/17/2024,21,WA,19.0509,27.5
2/24/2024,22,WA,19.0509,27.5
3/2/2024,23,WA,21.2454,27.5
3/9/2024,24,WA,21.2454,27.7
3/16/2024,25,WA,21.2454,27.7
3/23/2024,26,WA,21.2454,28.4
3/30/2024,27,WA,21.2454,28.4
4/6/2024,28,WA,21.2454,28.4
4/13/2024,29,WA,21.2454,28.4
4/20/2024,30,WA,21.2454,28.4
4/27/2024,31,WA,21.2454,28.9
5/4/2024,32,WA,22.2538,29.4
5/11/2024,33,WA,23.6877,29.4
5/18/2024,34,WA,23.6877,29.4
5/25/2024,35,WA,23.6877,29.6
6/1/2024,36,WA,23.7113,29.7
6/8/2024,37,WA,23.7113,29.7
6/15/2024,38,WA,23.7113,29.9
6/22/2024,39,WA,23.7113,29.9
6/30/2024,40,WA,23.7113,30.0
7/6/2024,41,WA,,30.1
7/13/2024,42,WA,,30.1
7/20/2024,43,WA,,30.1
7/27/2024,44,WA,,30.1
8/3/2024,45,WA,,30.1
8/10/2024,46,WA,,30.1
8/17/2024,47,WA,,30.1
9/7/2024,1,WA,,1.7
9/14/2024,2,WA,,3.1
9/21/2024,3,WA,,3.2
9/28/2024,4,WA,,7.7
10/5/2024,5,WA,5.2207,11.1
10/12/2024,6,WA,5.3338,11.1
10/19/2024,7,WA,12.066,13.8
10/26/2024,8,WA,12.066,16.4
11/2/2024,9,WA,12.066,19.0
11/9/2024,10,WA,13.7689,23.5
11/16/2024,11,WA,16.6611,23.5
11/23/2024,12,WA,16.6809,24.7
11/30/2024,13,WA,16.6809,24.7
12/7/2024,14,WA,16.6809,24.7
12/14/2024,15,WA,16.6809,24.8
12/21/2024,16,WA,16.6809,25.4
12/28/2024,17,WA,17.2601,26.6
1/4/2025,18,WA,17.8394,26.9
1/11/2025,19,WA,17.8394,26.9
1/18/2025,20,WA,17.8394,26.9
1/25/2025,21,WA,18.3751,27.4
2/1/2025,22,WA,18.9108,27.8
2/8/2025,23,WA,18.9108,27.8
2/15/2025,24,WA,19.349,28.3
2/22/2025,25,WA,19.6843,28.3
3/1/2025,26,WA,20.0196,28.3
3/8/2025,27,WA,20.0196,28.3
3/15/2025,28,WA,20.0196,28.3
3/22/2025,29,WA,20.0196,28.3
3/29/2025,30,WA,20.4252,28.3
4/5/2025,31,WA,20.8309,28.3
4/12/2025,32,WA,20.8309,28.3
4/19/2025,33,WA,20.8309,28.3
4/26/2025,34,WA,21.3271,28.3
5/3/2025,35,WA,21.8233,
5/10/2025,36,WA,21.8233,
5/17/2025,37,WA,21.8233,
5/24/2025,38,WA,21.8233,
5/31/2025,39,WA,21.8595,
6/7/2025,40,WA,21.8957,
6/14/2025,41,WA,21.8957,
6/21/2025,42,WA,21.8957,
6/28/2025,43,WA,21.8957,
10/4/2025,1,WA,1.5236,
10/11/2025,2,WA,1.5236,11.1
10/18/2025,3,WA,9.4834,11.1
10/25/2025,4,WA,9.4834,12.4
11/1/2025,5,WA,9.4834,13.7
11/8/2025,6,WA,9.4834,18.7
11/15/2025,7,WA,9.4834,19.2
11/22/2025,8,WA,10.5315,19.2
11/29/2025,9,WA,12.5016,19.2
12/6/2025,10,WA,14.4717,19.2
12/13/2025,11,WA,14.4717,19.2
12/20/2025,12,WA,14.4717,19.2
12/27/2025,13,WA,15.7193,19.2
9/30/2023,1,WI,2.0397,2.3
10/7/2023,2,WI,2.5733,6.4
10/14/2023,3,WI,3.1739,7.2
10/21/2023,4,WI,3.255,10.6
10/28/2023,5,WI,3.255,14.0
11/4/2023,6,WI,7.2672,16.9
11/11/2023,7,WI,7.2672,16.9
11/18/2023,8,WI,7.2672,16.9
11/25/2023,9,WI,7.2672,19.1
12/2/2023,10,WI,11.4729,21.2
12/9/2023,11,WI,11.4729,21.2
12/16/2023,12,WI,11.4729,21.2
12/23/2023,13,WI,11.4729,21.2
12/30/2023,14,WI,11.4729,23.1
1/6/2024,15,WI,14.1155,24.5
1/13/2024,16,WI,14.1155,24.5
1/20/2024,17,WI,14.1155,25.9
1/27/2024,18,WI,14.4205,26.1
2/3/2024,19,WI,15.4789,26.2
2/10/2024,20,WI,15.4789,26.2
2/17/2024,21,WI,15.6353,26.7
2/24/2024,22,WI,15.6353,26.8
3/2/2024,23,WI,15.6353,26.9
3/9/2024,24,WI,15.6353,26.9
3/16/2024,25,WI,15.6353,26.9
3/23/2024,26,WI,15.6353,26.9
3/30/2024,27,WI,15.6353,27.3
4/6/2024,28,WI,16.5244,27.6
4/13/2024,29,WI,16.798,27.6
4/20/2024,30,WI,16.798,27.6
4/27/2024,31,WI,16.798,28.0
5/4/2024,32,WI,16.798,28.3
5/11/2024,33,WI,16.798,28.4
5/18/2024,34,WI,16.798,28.9
5/25/2024,35,WI,16.798,28.9
6/1/2024,36,WI,16.798,28.9
6/8/2024,37,WI,16.798,28.9
6/15/2024,38,WI,16.798,28.9
6/22/2024,39,WI,16.798,28.9
6/30/2024,40,WI,16.798,29.0
7/6/2024,41,WI,,29.1
7/13/2024,42,WI,,29.1
7/20/2024,43,WI,,29.1
7/27/2024,44,WI,,29.2
8/3/2024,45,WI,,29.3
8/10/2024,46,WI,,29.3
8/17/2024,47,WI,,29.3
9/7/2024,1,WI,,1.9
9/14/2024,2,WI,,6.4
9/21/2024,3,WI,,6.4
9/28/2024,4,WI,,9.1
10/5/2024,5,WI,3.1569,11.8
10/12/2024,6,WI,3.7153,17.1
10/19/2024,7,WI,10.5146,17.1
10/26/2024,8,WI,10.5146,17.1
11/2/2024,9,WI,10.5146,17.1
11/9/2024,10,WI,10.5146,17.1
11/16/2024,11,WI,10.5146,17.1
11/23/2024,12,WI,10.5146,18.9
11/30/2024,13,WI,12.3569,20.4
12/7/2024,14,WI,14.1992,21.9
12/14/2024,15,WI,14.1992,21.9
12/21/2024,16,WI,14.1992,21.9
12/28/2024,17,WI,15.0001,24.3
1/4/2025,18,WI,15.801,25.0
1/11/2025,19,WI,15.801,25.0
1/18/2025,20,WI,15.801,26.2
1/25/2025,21,WI,16.1654,26.2
2/1/2025,22,WI,16.5299,26.2
2/8/2025,23,WI,16.5299,26.2
2/15/2025,24,WI,16.5299,26.8
2/22/2025,25,WI,16.6434,27.3
3/1/2025,26,WI,16.7568,27.7
3/8/2025,27,WI,16.7568,27.7
3/15/2025,28,WI,16.7568,27.7
3/22/2025,29,WI,16.7796,27.9
3/29/2025,30,WI,16.7796,28.3
4/5/2025,31,WI,16.7796,28.6
4/12/2025,32,WI,16.7796,28.6
4/19/2025,33,WI,16.7796,28.6
4/26/2025,34,WI,16.8784,28.6
5/3/2025,35,WI,16.9772,
5/10/2025,36,WI,16.9772,
5/17/2025,37,WI,16.9772,
5/24/2025,38,WI,16.9772,
5/31/2025,39,WI,16.9772,
6/7/2025,40,WI,16.9772,
6/14/2025,41,WI,16.9772,
6/21/2025,42,WI,16.9772,
6/28/2025,43,WI,16.9772,
10/4/2025,1,WI,1.267,
10/11/2025,2,WI,1.267,7.4
10/18/2025,3,WI,1.267,11.6
10/25/2025,4,WI,4.2838,14.0
11/1/2025,5,WI,7.3006,16.5
11/8/2025,6,WI,7.3006,16.5
11/15/2025,7,WI,9.5215,16.5
11/22/2025,8,WI,11.3543,19.2
11/29/2025,9,WI,11.3543,20.3
12/6/2025,10,WI,11.3543,21.5
12/13/2025,11,WI,11.3543,21.5
12/20/2025,12,WI,12.7663,23.4
12/27/2025,13,WI,12.7663,23.4
9/30/2023,1,WV,0,3.9
10/7/2023,2,WV,1.0232,3.9
10/14/2023,3,WV,1.1499,3.9
10/21/2023,4,WV,1.1499,8.2
10/28/2023,5,WV,1.1499,8.9
11/4/2023,6,WV,4.072,9.6
11/11/2023,7,WV,4.5974,10.8
11/18/2023,8,WV,4.5974,12.2
11/25/2023,9,WV,4.5974,12.4
12/2/2023,10,WV,6.113,12.7
12/9/2023,11,WV,6.113,12.7
12/16/2023,12,WV,6.113,12.7
12/23/2023,13,WV,6.1726,12.7
12/30/2023,14,WV,6.1726,13.6
1/6/2024,15,WV,7.2325,14.5
1/13/2024,16,WV,7.2325,15.1
1/20/2024,17,WV,7.2325,15.1
1/27/2024,18,WV,7.2325,15.6
2/3/2024,19,WV,8.4025,15.8
2/10/2024,20,WV,8.5718,15.8
2/17/2024,21,WV,8.5718,16.4
2/24/2024,22,WV,8.5718,16.4
3/2/2024,23,WV,8.9658,16.4
3/9/2024,24,WV,8.9658,16.4
3/16/2024,25,WV,8.9658,16.6
3/23/2024,26,WV,8.9658,16.7
3/30/2024,27,WV,8.9658,16.7
4/6/2024,28,WV,9.1517,16.7
4/13/2024,29,WV,9.1517,16.7
4/20/2024,30,WV,9.1517,16.7
4/27/2024,31,WV,9.1517,16.8
5/4/2024,32,WV,10.8694,16.9
5/11/2024,33,WV,10.8694,16.9
5/18/2024,34,WV,10.8694,17.1
5/25/2024,35,WV,10.8694,17.2
6/1/2024,36,WV,10.8694,17.2
6/8/2024,37,WV,10.8694,17.2
6/15/2024,38,WV,10.8694,17.2
6/22/2024,39,WV,10.8694,17.2
6/30/2024,40,WV,10.8694,17.3
7/6/2024,41,WV,,17.3
7/13/2024,42,WV,,17.3
7/20/2024,43,WV,,17.5
7/27/2024,44,WV,,17.5
8/3/2024,45,WV,,17.5
8/10/2024,46,WV,,17.5
8/17/2024,47,WV,,17.5
9/7/2024,1,WV,,2.3
9/14/2024,2,WV,,3.3
9/21/2024,3,WV,,6.5
9/28/2024,4,WV,,6.8
10/5/2024,5,WV,1.9206,7.1
10/12/2024,6,WV,1.9206,8.9
10/19/2024,7,WV,1.9206,11.8
10/26/2024,8,WV,3.0198,11.8
11/2/2024,9,WV,4.1191,11.9
11/9/2024,10,WV,4.1191,13.4
11/16/2024,11,WV,4.6668,14.2
11/23/2024,12,WV,4.6668,14.2
11/30/2024,13,WV,5.0875,14.9
12/7/2024,14,WV,5.5081,15.2
12/14/2024,15,WV,5.5081,15.2
12/21/2024,16,WV,5.5081,15.2
12/28/2024,17,WV,5.6626,15.7
1/4/2025,18,WV,5.8171,16.2
1/11/2025,19,WV,5.8171,16.3
1/18/2025,20,WV,5.8171,16.3
1/25/2025,21,WV,6.0462,16.3
2/1/2025,22,WV,6.2753,16.4
2/8/2025,23,WV,6.2753,16.4
2/15/2025,24,WV,6.2753,16.8
2/22/2025,25,WV,6.4032,16.8
3/1/2025,26,WV,6.5311,16.9
3/8/2025,27,WV,6.5311,16.9
3/15/2025,28,WV,6.5311,16.9
3/22/2025,29,WV,6.5311,17.0
3/29/2025,30,WV,6.6226,17.0
4/5/2025,31,WV,6.7142,17.1
4/12/2025,32,WV,6.7142,17.1
4/19/2025,33,WV,6.7142,17.1
4/26/2025,34,WV,6.7142,17.1
5/3/2025,35,WV,6.7142,
5/10/2025,36,WV,6.7142,
5/17/2025,37,WV,6.7142,
5/24/2025,38,WV,6.7142,
5/31/2025,39,WV,6.7142,
6/7/2025,40,WV,6.7142,
6/14/2025,41,WV,6.7142,
6/21/2025,42,WV,6.7142,
6/28/2025,43,WV,,
10/4/2025,1,WV,0.1503,
10/11/2025,2,WV,0.8107,5.1
10/18/2025,3,WV,0.8107,5.1
10/25/2025,4,WV,1.2209,6.6
11/1/2025,5,WV,1.6312,8.0
11/8/2025,6,WV,1.6312,8.6
11/15/2025,7,WV,1.6312,9.0
11/22/2025,8,WV,1.6312,9.0
11/29/2025,9,WV,2.2615,10.2
12/6/2025,10,WV,2.8918,10.7
12/13/2025,11,WV,2.8918,10.7
12/20/2025,12,WV,2.8918,10.9
12/27/2025,13,WV,2.9955,11.1
9/30/2023,1,WY,0.7073,1.1
10/7/2023,2,WY,1.8271,3.7
10/14/2023,3,WY,1.8271,4.7
10/21/2023,4,WY,1.8271,5.5
10/28/2023,5,WY,1.8271,7.2
11/4/2023,6,WY,5.5491,8.9
11/11/2023,7,WY,5.5491,11.9
11/18/2023,8,WY,5.5491,12.4
11/25/2023,9,WY,5.5491,12.4
12/2/2023,10,WY,8.2017,12.4
12/9/2023,11,WY,8.2017,12.4
12/16/2023,12,WY,8.2017,12.4
12/23/2023,13,WY,8.2017,12.4
12/30/2023,14,WY,8.2017,13.3
1/6/2024,15,WY,8.7064,14.2
1/13/2024,16,WY,8.7064,14.7
1/20/2024,17,WY,8.7064,14.7
1/27/2024,18,WY,8.7064,14.7
2/3/2024,19,WY,9.1879,14.7
2/10/2024,20,WY,9.1879,14.7
2/17/2024,21,WY,9.1879,14.8
2/24/2024,22,WY,9.1879,15.1
3/2/2024,23,WY,9.3811,15.2
3/9/2024,24,WY,9.3811,15.2
3/16/2024,25,WY,9.3811,15.5
3/23/2024,26,WY,9.3811,15.5
3/30/2024,27,WY,9.3811,15.5
4/6/2024,28,WY,10.3418,15.6
4/13/2024,29,WY,10.3418,15.6
4/20/2024,30,WY,10.3418,15.6
4/27/2024,31,WY,10.3418,15.7
5/4/2024,32,WY,10.6116,15.8
5/11/2024,33,WY,10.6116,15.8
5/18/2024,34,WY,10.6116,15.8
5/25/2024,35,WY,10.6116,15.9
6/1/2024,36,WY,10.6116,16.0
6/8/2024,37,WY,10.6116,16.0
6/15/2024,38,WY,10.6116,16.0
6/22/2024,39,WY,10.6116,16.0
6/30/2024,40,WY,10.6116,16.1
7/6/2024,41,WY,,16.1
7/13/2024,42,WY,,16.1
7/20/2024,43,WY,,16.1
7/27/2024,44,WY,,16.4
8/3/2024,45,WY,,16.7
8/10/2024,46,WY,,16.7
8/17/2024,47,WY,,16.7
9/7/2024,1,WY,,1.0
9/14/2024,2,WY,,1.7
9/21/2024,3,WY,,3.0
9/28/2024,4,WY,,4.5
10/5/2024,5,WY,1.2619,6.1
10/12/2024,6,WY,1.2619,7.8
10/19/2024,7,WY,1.2619,10.0
10/26/2024,8,WY,3.4308,10.7
11/2/2024,9,WY,5.5996,11.3
11/9/2024,10,WY,5.5996,11.3
11/16/2024,11,WY,5.5996,11.3
11/23/2024,12,WY,5.5996,11.3
11/30/2024,13,WY,6.4113,12.9
12/7/2024,14,WY,7.223,14.5
12/14/2024,15,WY,7.223,14.5
12/21/2024,16,WY,7.7774,14.5
12/28/2024,17,WY,7.7774,15.0
1/4/2025,18,WY,7.7774,15.6
1/11/2025,19,WY,7.7774,15.9
1/18/2025,20,WY,7.7774,16.1
1/25/2025,21,WY,7.8183,16.1
2/1/2025,22,WY,7.8592,16.1
2/8/2025,23,WY,7.8592,16.1
2/15/2025,24,WY,7.8592,16.2
2/22/2025,25,WY,7.8592,16.3
3/1/2025,26,WY,7.8592,16.3
3/8/2025,27,WY,7.8592,16.3
3/15/2025,28,WY,7.8592,16.3
3/22/2025,29,WY,7.8592,16.7
3/29/2025,30,WY,7.9412,16.7
4/5/2025,31,WY,8.0232,16.8
4/12/2025,32,WY,8.0232,17.1
4/19/2025,33,WY,8.0232,17.1
4/26/2025,34,WY,8.0232,17.1
5/3/2025,35,WY,8.0232,
5/10/2025,36,WY,8.0232,
5/17/2025,37,WY,8.0232,
5/24/2025,38,WY,8.0232,
5/31/2025,39,WY,8.0232,
6/7/2025,40,WY,8.0232,
6/14/2025,41,WY,8.0232,
6/21/2025,42,WY,8.0232,
6/28/2025,43,WY,8.0232,
10/4/2025,1,WY,0.425,
10/11/2025,2,WY,0.425,5.4
10/18/2025,3,WY,0.425,5.4
10/25/2025,4,WY,1.1707,7.4
11/1/2025,5,WY,1.9164,9.4
11/8/2025,6,WY,1.9164,10.1
11/15/2025,7,WY,1.9164,10.1
11/22/2025,8,WY,1.9164,10.1
11/29/2025,9,WY,2.3277,11.0
12/6/2025,10,WY,2.7389,11.9
12/13/2025,11,WY,3.1728,12.1
12/20/2025,12,WY,3.1728,12.1
12/27/2025,13,WY,3.1728,12.6
