REGION TYPE,REGION,YEAR,WEEK,A (2009 H1N1),A (H1),A (H3),H3N2v,A (H5),B,BVic,BYam
National,X,1997,41,0.0000,0.0018,0.9982,0.0000,0.0000,0.0000,0.0000,0.0000
National,X,1997,42,0.0000,0.0000,0.9412,0.0000,0.0000,0.0588,0.0000,0.0000
National,X,1997,43,0.0000,0.0018,0.9982,0.0000,0.0000,0.0000,0.0000,0.0000
National,X,1997,44,0.0000,0.0000,1.0000,0.0000,0.0000,0.0000,0.0000,0.0000
National,X,1997,45,0.0000,0.0018,0.9982,0.0000,0.0000,0.0000,0.0000,0.0000
National,X,1997,46,0.0000,0.0000,0.8750,0.0000,0.0000,0.1250,0.0000,0.0000
National,X,1997,47,0.0000,0.0000,0.9565,0.0000,0.0000,0.0435,0.0000,0.0000
National,X,1997,48,0.0000,0.0000,0.9730,0.0000,0.0000,0.0270,0.0000,0.0000
National,X,1997,49,0.0000,0.0000,0.9750,0.0000,0.0000,0.0250,0.0000,0.0000
National,X,1997,50,0.0000,0.0000,0.9796,0.0000,0.0000,0.0204,0.0000,0.0000
National,X,1997,51,0.0000,0.0000,1.0000,0.0000,0.0000,0.0000,0.0000,0.0000
National,X,1997,52,0.0000,0.0000,1.0000,0.0000,0.0000,0.0000,0.0000,0.0000
National,X,1997,53,0.0000,0.0062,0.9925,0.0000,0.0000,0.0013,0.0000,0.0000
National,X,1998,1,0.0000,0.0000,0.9971,0.0000,0.0000,0.0029,0.0000,0.0000
National,X,1998,2,0.0000,0.0105,0.9860,0.0000,0.0000,0.0035,0.0000,0.0000
National,X,1998,3,0.0000,0.0022,0.9972,0.0000,0.0000,0.0006,0.0000,0.0000
National,X,1998,4,0.0000,0.0000,0.9995,0.0000,0.0000,0.0005,0.0000,0.0000
National,X,1998,5,0.0000,0.0000,0.9994,0.0000,0.0000,0.0006,0.0000,0.0000
National,X,1998,6,0.0000,0.0027,0.9938,0.0000,0.0000,0.0035,0.0000,0.0000
National,X,1998,7,0.0000,0.0000,0.9959,0.0000,0.0000,0.0041,0.0000,0.0000
National,X,1998,8,0.0000,0.0000,0.9929,0.0000,0.0000,0.0071,0.0000,0.0000
National,X,1998,9,0.0000,0.0000,0.9902,0.0000,0.0000,0.0098,0.0000,0.0000
National,X,1998,10,0.0000,0.0000,0.9703,0.0000,0.0000,0.0297,0.0000,0.0000
National,X,1998,11,0.0000,0.0000,0.9587,0.0000,0.0000,0.0413,0.0000,0.0000
National,X,1998,12,0.0000,0.0000,0.9286,0.0000,0.0000,0.0714,0.0000,0.0000
National,X,1998,13,0.0000,0.0000,0.8511,0.0000,0.0000,0.1489,0.0000,0.0000
National,X,1998,14,0.0000,0.0000,0.8235,0.0000,0.0000,0.1765,0.0000,0.0000
National,X,1998,15,0.0000,0.0013,0.6910,0.0000,0.0000,0.3077,0.0000,0.0000
National,X,1998,16,0.0000,0.0000,0.8095,0.0000,0.0000,0.1905,0.0000,0.0000
National,X,1998,17,0.0000,0.0000,0.6250,0.0000,0.0000,0.3750,0.0000,0.0000
National,X,1998,18,0.0000,0.0000,0.6875,0.0000,0.0000,0.3125,0.0000,0.0000
National,X,1998,19,0.0000,0.0010,0.5546,0.0000,0.0000,0.4444,0.0000,0.0000
National,X,1998,20,0.0000,0.0004,0.2218,0.0000,0.0000,0.7778,0.0000,0.0000
National,X,1998,40,0.0000,0.0000,1.0000,0.0000,0.0000,0.0000,0.0000,0.0000
National,X,1998,41,0.0000,0.0000,1.0000,0.0000,0.0000,0.0000,0.0000,0.0000
National,X,1998,42,0.0000,1.0000,0.0000,0.0000,0.0000,0.0000,0.0000,0.0000
National,X,1998,43,0.0000,0.0000,0.1667,0.0000,0.0000,0.8333,0.0000,0.0000
National,X,1998,44,0.0000,0.0000,1.0000,0.0000,0.0000,0.0000,0.0000,0.0000
National,X,1998,45,0.0000,0.0000,0.7143,0.0000,0.0000,0.2857,0.0000,0.0000
National,X,1998,46,0.0000,0.0000,0.5000,0.0000,0.0000,0.5000,0.0000,0.0000
National,X,1998,47,0.0000,0.0000,0.5294,0.0000,0.0000,0.4706,0.0000,0.0000
National,X,1998,48,0.0000,0.0000,0.6071,0.0000,0.0000,0.3929,0.0000,0.0000
National,X,1998,49,0.0000,0.0000,0.5333,0.0000,0.0000,0.4667,0.0000,0.0000
National,X,1998,50,0.0000,0.0513,0.6154,0.0000,0.0000,0.3333,0.0000,0.0000
National,X,1998,51,0.0000,0.0000,0.6747,0.0000,0.0000,0.3253,0.0000,0.0000
National,X,1998,52,0.0000,0.0168,0.7894,0.0000,0.0000,0.1938,0.0000,0.0000
National,X,1999,1,0.0000,0.0000,0.7704,0.0000,0.0000,0.2296,0.0000,0.0000
National,X,1999,2,0.0000,0.0053,0.8013,0.0000,0.0000,0.1934,0.0000,0.0000
National,X,1999,3,0.0000,0.0042,0.8189,0.0000,0.0000,0.1769,0.0000,0.0000
National,X,1999,4,0.0000,0.0034,0.7627,0.0000,0.0000,0.2339,0.0000,0.0000
National,X,1999,5,0.0000,0.0022,0.7594,0.0000,0.0000,0.2384,0.0000,0.0000
National,X,1999,6,0.0000,0.0049,0.7763,0.0000,0.0000,0.2188,0.0000,0.0000
National,X,1999,7,0.0000,0.0259,0.7531,0.0000,0.0000,0.2210,0.0000,0.0000
National,X,1999,8,0.0000,0.0031,0.7776,0.0000,0.0000,0.2193,0.0000,0.0000
National,X,1999,9,0.0000,0.0041,0.7551,0.0000,0.0000,0.2408,0.0000,0.0000
National,X,1999,10,0.0000,0.0109,0.7445,0.0000,0.0000,0.2446,0.0000,0.0000
National,X,1999,11,0.0000,0.0343,0.6850,0.0000,0.0000,0.2807,0.0000,0.0000
National,X,1999,12,0.0000,0.0094,0.7298,0.0000,0.0000,0.2608,0.0000,0.0000
National,X,1999,13,0.0000,0.0000,0.7277,0.0000,0.0000,0.2723,0.0000,0.0000
National,X,1999,14,0.0000,0.0280,0.7561,0.0000,0.0000,0.2159,0.0000,0.0000
National,X,1999,15,0.0000,0.0512,0.7686,0.0000,0.0000,0.1802,0.0000,0.0000
National,X,1999,16,0.0000,0.0000,0.7778,0.0000,0.0000,0.2222,0.0000,0.0000
National,X,1999,17,0.0000,0.0000,0.8929,0.0000,0.0000,0.1071,0.0000,0.0000
National,X,1999,18,0.0000,0.0000,0.7647,0.0000,0.0000,0.2353,0.0000,0.0000
National,X,1999,19,0.0000,0.0065,0.5491,0.0000,0.0000,0.4444,0.0000,0.0000
National,X,1999,20,0.0000,0.0100,0.8471,0.0000,0.0000,0.1429,0.0000,0.0000
National,X,1999,21,0.0000,0.0116,0.9884,0.0000,0.0000,0.0000,0.0000,0.0000
National,X,1999,22,0.0000,0.0116,0.9884,0.0000,0.0000,0.0000,0.0000,0.0000
National,X,1999,40,0.0000,0.0000,1.0000,0.0000,0.0000,0.0000,0.0000,0.0000
National,X,1999,41,0.0000,0.0000,0.9500,0.0000,0.0000,0.0500,0.0000,0.0000
National,X,1999,42,0.0000,0.0000,0.9362,0.0000,0.0000,0.0638,0.0000,0.0000
National,X,1999,43,0.0000,0.0000,1.0000,0.0000,0.0000,0.0000,0.0000,0.0000
National,X,1999,44,0.0000,0.0000,0.9792,0.0000,0.0000,0.0208,0.0000,0.0000
National,X,1999,45,0.0000,0.0000,1.0000,0.0000,0.0000,0.0000,0.0000,0.0000
National,X,1999,46,0.0000,0.0000,1.0000,0.0000,0.0000,0.0000,0.0000,0.0000
National,X,1999,47,0.0000,0.0000,0.9965,0.0000,0.0000,0.0035,0.0000,0.0000
National,X,1999,48,0.0000,0.0000,1.0000,0.0000,0.0000,0.0000,0.0000,0.0000
National,X,1999,49,0.0000,0.0105,0.9883,0.0000,0.0000,0.0012,0.0000,0.0000
National,X,1999,50,0.0000,0.0035,0.9934,0.0000,0.0000,0.0031,0.0000,0.0000
National,X,1999,51,0.0000,0.0058,0.9936,0.0000,0.0000,0.0006,0.0000,0.0000
National,X,1999,52,0.0000,0.0079,0.9902,0.0000,0.0000,0.0019,0.0000,0.0000
National,X,2000,1,0.0000,0.0053,0.9942,0.0000,0.0000,0.0005,0.0000,0.0000
National,X,2000,2,0.0000,0.0000,0.9988,0.0000,0.0000,0.0012,0.0000,0.0000
National,X,2000,3,0.0000,0.0066,0.9905,0.0000,0.0000,0.0029,0.0000,0.0000
National,X,2000,4,0.0000,0.0121,0.9807,0.0000,0.0000,0.0072,0.0000,0.0000
National,X,2000,5,0.0000,0.0612,0.9367,0.0000,0.0000,0.0021,0.0000,0.0000
National,X,2000,6,0.0000,0.0521,0.9382,0.0000,0.0000,0.0097,0.0000,0.0000
National,X,2000,7,0.0000,0.1237,0.8535,0.0000,0.0000,0.0228,0.0000,0.0000
National,X,2000,8,0.0000,0.2914,0.6636,0.0000,0.0000,0.0450,0.0000,0.0000
National,X,2000,9,0.0000,0.2443,0.7057,0.0000,0.0000,0.0500,0.0000,0.0000
National,X,2000,10,0.0000,0.5060,0.4140,0.0000,0.0000,0.0800,0.0000,0.0000
National,X,2000,11,0.0000,0.6619,0.2438,0.0000,0.0000,0.0943,0.0000,0.0000
National,X,2000,12,0.0000,0.8442,0.0649,0.0000,0.0000,0.0909,0.0000,0.0000
National,X,2000,13,0.0000,0.6000,0.2571,0.0000,0.0000,0.1429,0.0000,0.0000
National,X,2000,14,0.0000,0.6767,0.1128,0.0000,0.0000,0.2105,0.0000,0.0000
National,X,2000,15,0.0000,0.7727,0.0000,0.0000,0.0000,0.2273,0.0000,0.0000
National,X,2000,16,0.0000,0.2935,0.4891,0.0000,0.0000,0.2174,0.0000,0.0000
National,X,2000,17,0.0000,0.7500,0.0000,0.0000,0.0000,0.2500,0.0000,0.0000
National,X,2000,18,0.0000,0.4000,0.0000,0.0000,0.0000,0.6000,0.0000,0.0000
National,X,2000,19,0.0000,0.0201,0.4799,0.0000,0.0000,0.5000,0.0000,0.0000
National,X,2000,20,0.0000,0.0000,0.0000,0.0000,0.0000,1.0000,0.0000,0.0000
National,X,2000,21,0.0000,0.6667,0.0000,0.0000,0.0000,0.3333,0.0000,0.0000
National,X,2000,22,0.0000,1.0000,0.0000,0.0000,0.0000,0.0000,0.0000,0.0000
National,X,2000,23,0.0000,0.0134,0.3199,0.0000,0.0000,0.6667,0.0000,0.0000
National,X,2000,24,0.0000,0.0000,0.0000,0.0000,0.0000,1.0000,0.0000,0.0000
National,X,2000,26,0.0000,0.0000,0.0000,0.0000,0.0000,1.0000,0.0000,0.0000
National,X,2000,40,0.0000,0.0000,0.0000,0.0000,0.0000,1.0000,0.0000,0.0000
National,X,2000,41,0.0000,1.0000,0.0000,0.0000,0.0000,0.0000,0.0000,0.0000
National,X,2000,42,0.0000,0.5000,0.0000,0.0000,0.0000,0.5000,0.0000,0.0000
National,X,2000,43,0.0000,0.6000,0.2571,0.0000,0.0000,0.1429,0.0000,0.0000
National,X,2000,44,0.0000,0.7386,0.0739,0.0000,0.0000,0.1875,0.0000,0.0000
National,X,2000,45,0.0000,0.7784,0.0324,0.0000,0.0000,0.1892,0.0000,0.0000
National,X,2000,46,0.0000,0.6589,0.0388,0.0000,0.0000,0.3023,0.0000,0.0000
National,X,2000,47,0.0000,0.6257,0.0626,0.0000,0.0000,0.3117,0.0000,0.0000
National,X,2000,48,0.0000,0.6129,0.0198,0.0000,0.0000,0.3673,0.0000,0.0000
National,X,2000,49,0.0000,0.7039,0.0414,0.0000,0.0000,0.2547,0.0000,0.0000
National,X,2000,50,0.0000,0.7211,0.0355,0.0000,0.0000,0.2434,0.0000,0.0000
National,X,2000,51,0.0000,0.7259,0.0127,0.0000,0.0000,0.2614,0.0000,0.0000
National,X,2000,52,0.0000,0.7124,0.0000,0.0000,0.0000,0.2876,0.0000,0.0000
National,X,2001,1,0.0000,0.6511,0.0221,0.0000,0.0000,0.3268,0.0000,0.0000
National,X,2001,2,0.0000,0.6454,0.0159,0.0000,0.0000,0.3387,0.0000,0.0000
National,X,2001,3,0.0000,0.6653,0.0052,0.0000,0.0000,0.3295,0.0000,0.0000
National,X,2001,4,0.0000,0.6214,0.0109,0.0000,0.0000,0.3677,0.0000,0.0000
National,X,2001,5,0.0000,0.5745,0.0022,0.0000,0.0000,0.4233,0.0000,0.0000
National,X,2001,6,0.0000,0.4427,0.0071,0.0000,0.0000,0.5502,0.0000,0.0000
National,X,2001,7,0.0000,0.3663,0.0145,0.0000,0.0000,0.6192,0.0000,0.0000
National,X,2001,8,0.0000,0.2941,0.0199,0.0000,0.0000,0.6860,0.0000,0.0000
National,X,2001,9,0.0000,0.2036,0.0348,0.0000,0.0000,0.7616,0.0000,0.0000
National,X,2001,10,0.0000,0.2709,0.0075,0.0000,0.0000,0.7216,0.0000,0.0000
National,X,2001,11,0.0000,0.2180,0.0182,0.0000,0.0000,0.7638,0.0000,0.0000
National,X,2001,12,0.0000,0.1031,0.0516,0.0000,0.0000,0.8453,0.0000,0.0000
National,X,2001,13,0.0000,0.2006,0.0125,0.0000,0.0000,0.7869,0.0000,0.0000
National,X,2001,14,0.0000,0.1282,0.0000,0.0000,0.0000,0.8718,0.0000,0.0000
National,X,2001,15,0.0000,0.0000,0.1778,0.0000,0.0000,0.8222,0.0000,0.0000
National,X,2001,16,0.0000,0.0638,0.0000,0.0000,0.0000,0.9362,0.0000,0.0000
National,X,2001,17,0.0000,0.0000,0.0000,0.0000,0.0000,1.0000,0.0000,0.0000
National,X,2001,18,0.0000,0.1079,0.0032,0.0000,0.0000,0.8889,0.0000,0.0000
National,X,2001,19,0.0000,0.1388,0.0041,0.0000,0.0000,0.8571,0.0000,0.0000
National,X,2001,20,0.0000,0.0000,0.0000,0.0000,0.0000,1.0000,0.0000,0.0000
National,X,2001,21,0.0000,0.9713,0.0287,0.0000,0.0000,0.0000,0.0000,0.0000
National,X,2001,22,0.0000,0.9713,0.0287,0.0000,0.0000,0.0000,0.0000,0.0000
National,X,2001,23,0.0000,1.0000,0.0000,0.0000,0.0000,0.0000,0.0000,0.0000
National,X,2001,24,0.0000,0.9713,0.0287,0.0000,0.0000,0.0000,0.0000,0.0000
National,X,2001,40,0.0000,0.0000,0.8750,0.0000,0.0000,0.1250,0.0000,0.0000
National,X,2001,41,0.0000,0.0000,1.0000,0.0000,0.0000,0.0000,0.0000,0.0000
National,X,2001,42,0.0000,0.0000,1.0000,0.0000,0.0000,0.0000,0.0000,0.0000
National,X,2001,43,0.0000,0.0000,1.0000,0.0000,0.0000,0.0000,0.0000,0.0000
National,X,2001,44,0.0000,0.1429,0.8571,0.0000,0.0000,0.0000,0.0000,0.0000
National,X,2001,45,0.0000,0.0000,1.0000,0.0000,0.0000,0.0000,0.0000,0.0000
National,X,2001,46,0.0000,0.0000,0.9783,0.0000,0.0000,0.0217,0.0000,0.0000
National,X,2001,47,0.0000,0.0000,0.9091,0.0000,0.0000,0.0909,0.0000,0.0000
National,X,2001,48,0.0000,0.0000,0.9865,0.0000,0.0000,0.0135,0.0000,0.0000
National,X,2001,49,0.0000,0.0269,0.9129,0.0000,0.0000,0.0602,0.0000,0.0000
National,X,2001,50,0.0000,0.0479,0.9342,0.0000,0.0000,0.0179,0.0000,0.0000
National,X,2001,51,0.0000,0.0623,0.9140,0.0000,0.0000,0.0237,0.0000,0.0000
National,X,2001,52,0.0000,0.0000,0.9955,0.0000,0.0000,0.0045,0.0000,0.0000
National,X,2002,1,0.0000,0.0000,0.9942,0.0000,0.0000,0.0058,0.0000,0.0000
National,X,2002,2,0.0000,0.0000,0.9889,0.0000,0.0000,0.0111,0.0000,0.0000
National,X,2002,3,0.0000,0.0037,0.9909,0.0000,0.0000,0.0054,0.0000,0.0000
National,X,2002,4,0.0000,0.0101,0.9802,0.0000,0.0000,0.0097,0.0000,0.0000
National,X,2002,5,0.0000,0.0065,0.9772,0.0000,0.0000,0.0163,0.0000,0.0000
National,X,2002,6,0.0000,0.0096,0.9788,0.0000,0.0000,0.0116,0.0000,0.0000
National,X,2002,7,0.0000,0.0064,0.9781,0.0000,0.0000,0.0155,0.0000,0.0000
National,X,2002,8,0.0000,0.0193,0.9436,0.0000,0.0000,0.0371,0.0000,0.0000
National,X,2002,9,0.0000,0.0192,0.9204,0.0000,0.0000,0.0604,0.0000,0.0000
National,X,2002,10,0.0000,0.0227,0.8577,0.0000,0.0000,0.1196,0.0000,0.0000
National,X,2002,11,0.0000,0.0294,0.7639,0.0000,0.0000,0.2067,0.0000,0.0000
National,X,2002,12,0.0000,0.0120,0.6189,0.0000,0.0000,0.3691,0.0000,0.0000
National,X,2002,13,0.0000,0.0242,0.3557,0.0000,0.0000,0.6201,0.0000,0.0000
National,X,2002,14,0.0000,0.0375,0.2503,0.0000,0.0000,0.7122,0.0000,0.0000
National,X,2002,15,0.0000,0.0459,0.1952,0.0000,0.0000,0.7589,0.0000,0.0000
National,X,2002,16,0.0000,0.0344,0.1031,0.0000,0.0000,0.8625,0.0000,0.0000
National,X,2002,17,0.0000,0.0115,0.1038,0.0000,0.0000,0.8847,0.0000,0.0000
National,X,2002,18,0.0000,0.0094,0.1037,0.0000,0.0000,0.8869,0.0000,0.0000
National,X,2002,19,0.0000,0.0345,0.0000,0.0000,0.0000,0.9655,0.0000,0.0000
National,X,2002,20,0.0000,0.0227,0.0000,0.0000,0.0000,0.9773,0.0000,0.0000
National,X,2002,21,0.0000,0.0008,0.0461,0.0000,0.0000,0.9531,0.0000,0.0000
National,X,2002,22,0.0000,0.0010,0.0546,0.0000,0.0000,0.9444,0.0000,0.0000
National,X,2002,23,0.0000,0.0007,0.0378,0.0000,0.0000,0.9615,0.0000,0.0000
National,X,2002,24,0.0000,0.0000,0.0000,0.0000,0.0000,1.0000,0.0000,0.0000
National,X,2002,25,0.0000,0.0000,0.0000,0.0000,0.0000,1.0000,0.0000,0.0000
National,X,2002,26,0.0000,0.0000,0.0000,0.0000,0.0000,1.0000,0.0000,0.0000
National,X,2002,27,0.0000,0.0000,0.0000,0.0000,0.0000,1.0000,0.0000,0.0000
National,X,2002,28,0.0000,0.0000,0.0000,0.0000,0.0000,1.0000,0.0000,0.0000
National,X,2002,30,0.0000,0.0087,0.4913,0.0000,0.0000,0.5000,0.0000,0.0000
National,X,2002,35,0.0000,0.0000,0.0000,0.0000,0.0000,1.0000,0.0000,0.0000
National,X,2002,38,0.0000,0.0000,0.6667,0.0000,0.0000,0.3333,0.0000,0.0000
National,X,2002,39,0.0000,0.0000,0.0000,0.0000,0.0000,1.0000,0.0000,0.0000
National,X,2002,41,0.0000,0.6667,0.0000,0.0000,0.0000,0.3333,0.0000,0.0000
National,X,2002,43,0.0000,0.8333,0.0000,0.0000,0.0000,0.1667,0.0000,0.0000
National,X,2002,44,0.0000,0.3520,0.1480,0.0000,0.0000,0.5000,0.0000,0.0000
National,X,2002,45,0.0000,0.0000,0.4000,0.0000,0.0000,0.6000,0.0000,0.0000
National,X,2002,46,0.0000,0.4224,0.1776,0.0000,0.0000,0.4000,0.0000,0.0000
National,X,2002,47,0.0000,0.2727,0.0000,0.0000,0.0000,0.7273,0.0000,0.0000
National,X,2002,48,0.0000,0.1500,0.4500,0.0000,0.0000,0.4000,0.0000,0.0000
National,X,2002,49,0.0000,0.1714,0.1286,0.0000,0.0000,0.7000,0.0000,0.0000
National,X,2002,50,0.0000,0.1979,0.0495,0.0000,0.0000,0.7526,0.0000,0.0000
National,X,2002,51,0.0000,0.2003,0.0353,0.0000,0.0000,0.7644,0.0000,0.0000
National,X,2002,52,0.0000,0.1894,0.0668,0.0000,0.0000,0.7438,0.0000,0.0000
National,X,2003,1,0.0000,0.3440,0.1019,0.0000,0.0000,0.5541,0.0000,0.0000
National,X,2003,2,0.0000,0.3347,0.1272,0.0000,0.0000,0.5381,0.0000,0.0000
National,X,2003,3,0.0000,0.3737,0.0605,0.0000,0.0000,0.5658,0.0000,0.0000
National,X,2003,4,0.0000,0.4033,0.0922,0.0000,0.0000,0.5045,0.0000,0.0000
National,X,2003,5,0.0000,0.3953,0.1211,0.0000,0.0000,0.4836,0.0000,0.0000
National,X,2003,6,0.0000,0.4202,0.1145,0.0000,0.0000,0.4653,0.0000,0.0000
National,X,2003,7,0.0000,0.3873,0.1760,0.0000,0.0000,0.4367,0.0000,0.0000
National,X,2003,8,0.0000,0.4209,0.2096,0.0000,0.0000,0.3695,0.0000,0.0000
National,X,2003,9,0.0000,0.4611,0.1693,0.0000,0.0000,0.3696,0.0000,0.0000
National,X,2003,10,0.0000,0.4765,0.2083,0.0000,0.0000,0.3152,0.0000,0.0000
National,X,2003,11,0.0000,0.5179,0.1835,0.0000,0.0000,0.2986,0.0000,0.0000
National,X,2003,12,0.0000,0.5177,0.2358,0.0000,0.0000,0.2465,0.0000,0.0000
National,X,2003,13,0.0000,0.5652,0.1821,0.0000,0.0000,0.2527,0.0000,0.0000
National,X,2003,14,0.0000,0.4422,0.3538,0.0000,0.0000,0.2040,0.0000,0.0000
National,X,2003,15,0.0000,0.4363,0.4182,0.0000,0.0000,0.1455,0.0000,0.0000
National,X,2003,16,0.0000,0.2921,0.4495,0.0000,0.0000,0.2584,0.0000,0.0000
National,X,2003,17,0.0000,0.2515,0.5588,0.0000,0.0000,0.1897,0.0000,0.0000
National,X,2003,18,0.0000,0.3529,0.3530,0.0000,0.0000,0.2941,0.0000,0.0000
National,X,2003,19,0.0000,0.2967,0.3462,0.0000,0.0000,0.3571,0.0000,0.0000
National,X,2003,20,0.0000,0.4789,0.2053,0.0000,0.0000,0.3158,0.0000,0.0000
National,X,2003,21,0.0000,0.2109,0.3516,0.0000,0.0000,0.4375,0.0000,0.0000
National,X,2003,22,0.0000,0.0000,0.3333,0.0000,0.0000,0.6667,0.0000,0.0000
National,X,2003,23,0.0000,0.3846,0.0000,0.0000,0.0000,0.6154,0.0000,0.0000
National,X,2003,24,0.0000,0.0000,0.4286,0.0000,0.0000,0.5714,0.0000,0.0000
National,X,2003,25,0.0000,0.0000,0.5000,0.0000,0.0000,0.5000,0.0000,0.0000
National,X,2003,26,0.0000,0.5000,0.5000,0.0000,0.0000,0.0000,0.0000,0.0000
National,X,2003,27,0.0000,0.0000,1.0000,0.0000,0.0000,0.0000,0.0000,0.0000
National,X,2003,28,0.0000,0.0000,1.0000,0.0000,0.0000,0.0000,0.0000,0.0000
National,X,2003,29,0.0000,0.0000,1.0000,0.0000,0.0000,0.0000,0.0000,0.0000
National,X,2003,30,0.0000,0.0000,1.0000,0.0000,0.0000,0.0000,0.0000,0.0000
National,X,2003,31,0.0000,0.0000,0.8750,0.0000,0.0000,0.1250,0.0000,0.0000
National,X,2003,32,0.0000,0.0000,1.0000,0.0000,0.0000,0.0000,0.0000,0.0000
National,X,2003,33,0.0000,0.0000,1.0000,0.0000,0.0000,0.0000,0.0000,0.0000
National,X,2003,36,0.0000,0.7039,0.2961,0.0000,0.0000,0.0000,0.0000,0.0000
National,X,2003,37,0.0000,0.0000,1.0000,0.0000,0.0000,0.0000,0.0000,0.0000
National,X,2003,38,0.0000,0.0000,1.0000,0.0000,0.0000,0.0000,0.0000,0.0000
National,X,2003,40,0.0000,0.0000,0.9545,0.0000,0.0000,0.0455,0.0000,0.0000
National,X,2003,41,0.0000,0.0000,1.0000,0.0000,0.0000,0.0000,0.0000,0.0000
National,X,2003,42,0.0000,0.0000,0.9960,0.0000,0.0000,0.0040,0.0000,0.0000
National,X,2003,43,0.0000,0.0000,0.9913,0.0000,0.0000,0.0087,0.0000,0.0000
National,X,2003,44,0.0000,0.0000,1.0000,0.0000,0.0000,0.0000,0.0000,0.0000
National,X,2003,45,0.0000,0.0036,0.9929,0.0000,0.0000,0.0035,0.0000,0.0000
National,X,2003,46,0.0000,0.0000,0.9985,0.0000,0.0000,0.0015,0.0000,0.0000
National,X,2003,47,0.0000,0.0000,0.9959,0.0000,0.0000,0.0041,0.0000,0.0000
National,X,2003,48,0.0000,0.0000,0.9956,0.0000,0.0000,0.0044,0.0000,0.0000
National,X,2003,49,0.0000,0.0000,0.9902,0.0000,0.0000,0.0098,0.0000,0.0000
National,X,2003,50,0.0000,0.0000,0.9929,0.0000,0.0000,0.0071,0.0000,0.0000
National,X,2003,51,0.0000,0.0000,0.9945,0.0000,0.0000,0.0055,0.0000,0.0000
National,X,2003,52,0.0000,0.0000,0.9934,0.0000,0.0000,0.0066,0.0000,0.0000
National,X,2003,53,0.0000,0.0000,0.9929,0.0000,0.0000,0.0071,0.0000,0.0000
National,X,2004,1,0.0000,0.0000,0.9896,0.0000,0.0000,0.0104,0.0000,0.0000
National,X,2004,2,0.0000,0.0000,0.9901,0.0000,0.0000,0.0099,0.0000,0.0000
National,X,2004,3,0.0000,0.0000,0.9885,0.0000,0.0000,0.0115,0.0000,0.0000
National,X,2004,4,0.0000,0.0000,0.9819,0.0000,0.0000,0.0181,0.0000,0.0000
National,X,2004,5,0.0000,0.0209,0.9604,0.0000,0.0000,0.0187,0.0000,0.0000
National,X,2004,6,0.0000,0.0000,0.9231,0.0000,0.0000,0.0769,0.0000,0.0000
National,X,2004,7,0.0000,0.0000,0.8571,0.0000,0.0000,0.1429,0.0000,0.0000
National,X,2004,8,0.0000,0.0000,0.6842,0.0000,0.0000,0.3158,0.0000,0.0000
National,X,2004,9,0.0000,0.0000,0.5556,0.0000,0.0000,0.4444,0.0000,0.0000
National,X,2004,10,0.0000,0.0000,0.5714,0.0000,0.0000,0.4286,0.0000,0.0000
National,X,2004,11,0.0000,0.0000,0.8462,0.0000,0.0000,0.1538,0.0000,0.0000
National,X,2004,12,0.0000,0.0000,0.3750,0.0000,0.0000,0.6250,0.0000,0.0000
National,X,2004,13,0.0000,0.0000,0.4706,0.0000,0.0000,0.5294,0.0000,0.0000
National,X,2004,14,0.0000,0.0000,0.1111,0.0000,0.0000,0.8889,0.0000,0.0000
National,X,2004,15,0.0000,0.0001,0.1999,0.0000,0.0000,0.8000,0.0000,0.0000
National,X,2004,16,0.0000,0.0000,0.5417,0.0000,0.0000,0.4583,0.0000,0.0000
National,X,2004,17,0.0000,0.0001,0.3635,0.0000,0.0000,0.6364,0.0000,0.0000
National,X,2004,18,0.0000,0.0001,0.3332,0.0000,0.0000,0.6667,0.0000,0.0000
National,X,2004,19,0.0000,0.0000,0.0000,0.0000,0.0000,1.0000,0.0000,0.0000
National,X,2004,20,0.0000,0.0001,0.2499,0.0000,0.0000,0.7500,0.0000,0.0000
National,X,2004,21,0.0000,0.0000,0.5000,0.0000,0.0000,0.5000,0.0000,0.0000
National,X,2004,22,0.0000,0.0001,0.3332,0.0000,0.0000,0.6667,0.0000,0.0000
National,X,2004,23,0.0000,0.0001,0.3332,0.0000,0.0000,0.6667,0.0000,0.0000
National,X,2004,24,0.0000,0.0000,0.0000,0.0000,0.0000,1.0000,0.0000,0.0000
National,X,2004,25,0.0000,0.0000,0.6667,0.0000,0.0000,0.3333,0.0000,0.0000
National,X,2004,26,0.0000,0.0000,0.3333,0.0000,0.0000,0.6667,0.0000,0.0000
National,X,2004,27,0.0000,0.0000,0.0000,0.0000,0.0000,1.0000,0.0000,0.0000
National,X,2004,28,0.0000,0.0000,0.0000,0.0000,0.0000,1.0000,0.0000,0.0000
National,X,2004,29,0.0000,0.0000,0.0000,0.0000,0.0000,1.0000,0.0000,0.0000
National,X,2004,31,0.0000,0.0000,0.5000,0.0000,0.0000,0.5000,0.0000,0.0000
National,X,2004,32,0.0000,0.0000,1.0000,0.0000,0.0000,0.0000,0.0000,0.0000
National,X,2004,33,0.0000,0.0000,0.0000,0.0000,0.0000,1.0000,0.0000,0.0000
National,X,2004,34,0.0000,0.0002,0.7498,0.0000,0.0000,0.2500,0.0000,0.0000
National,X,2004,35,0.0000,0.0000,1.0000,0.0000,0.0000,0.0000,0.0000,0.0000
National,X,2004,36,0.0000,0.0000,0.0000,0.0000,0.0000,1.0000,0.0000,0.0000
National,X,2004,37,0.0000,0.0000,0.7143,0.0000,0.0000,0.2857,0.0000,0.0000
National,X,2004,38,0.0000,0.0000,0.7500,0.0000,0.0000,0.2500,0.0000,0.0000
National,X,2004,39,0.0000,0.0000,0.8571,0.0000,0.0000,0.1429,0.0000,0.0000
National,X,2004,40,0.0000,0.0000,0.6667,0.0000,0.0000,0.3333,0.0000,0.0000
National,X,2004,41,0.0000,0.0000,0.9286,0.0000,0.0000,0.0714,0.0000,0.0000
National,X,2004,42,0.0000,0.0000,0.7179,0.0000,0.0000,0.2821,0.0000,0.0000
National,X,2004,43,0.0000,0.0000,0.7812,0.0000,0.0000,0.2188,0.0000,0.0000
National,X,2004,44,0.0000,0.0000,0.6444,0.0000,0.0000,0.3556,0.0000,0.0000
National,X,2004,45,0.0000,0.0000,0.6129,0.0000,0.0000,0.3871,0.0000,0.0000
National,X,2004,46,0.0000,0.0000,0.7717,0.0000,0.0000,0.2283,0.0000,0.0000
National,X,2004,47,0.0000,0.0000,0.6557,0.0000,0.0000,0.3443,0.0000,0.0000
National,X,2004,48,0.0000,0.0000,0.7664,0.0000,0.0000,0.2336,0.0000,0.0000
National,X,2004,49,0.0000,0.0000,0.8342,0.0000,0.0000,0.1658,0.0000,0.0000
National,X,2004,50,0.0000,0.0073,0.8354,0.0000,0.0000,0.1573,0.0000,0.0000
National,X,2004,51,0.0000,0.0048,0.8935,0.0000,0.0000,0.1017,0.0000,0.0000
National,X,2004,52,0.0000,0.0000,0.8736,0.0000,0.0000,0.1264,0.0000,0.0000
National,X,2005,1,0.0000,0.0043,0.8665,0.0000,0.0000,0.1292,0.0000,0.0000
National,X,2005,2,0.0000,0.0054,0.8330,0.0000,0.0000,0.1616,0.0000,0.0000
National,X,2005,3,0.0000,0.0045,0.8525,0.0000,0.0000,0.1430,0.0000,0.0000
National,X,2005,4,0.0000,0.0016,0.8344,0.0000,0.0000,0.1640,0.0000,0.0000
National,X,2005,5,0.0000,0.0000,0.8176,0.0000,0.0000,0.1824,0.0000,0.0000
National,X,2005,6,0.0000,0.0025,0.8116,0.0000,0.0000,0.1859,0.0000,0.0000
National,X,2005,7,0.0000,0.0022,0.7712,0.0000,0.0000,0.2266,0.0000,0.0000
National,X,2005,8,0.0000,0.0014,0.7273,0.0000,0.0000,0.2713,0.0000,0.0000
National,X,2005,9,0.0000,0.0000,0.6938,0.0000,0.0000,0.3062,0.0000,0.0000
National,X,2005,10,0.0000,0.0000,0.6562,0.0000,0.0000,0.3438,0.0000,0.0000
National,X,2005,11,0.0000,0.0000,0.5749,0.0000,0.0000,0.4251,0.0000,0.0000
National,X,2005,12,0.0000,0.0000,0.4672,0.0000,0.0000,0.5328,0.0000,0.0000
National,X,2005,13,0.0000,0.0208,0.3743,0.0000,0.0000,0.6049,0.0000,0.0000
National,X,2005,14,0.0000,0.0000,0.4028,0.0000,0.0000,0.5972,0.0000,0.0000
National,X,2005,15,0.0000,0.0000,0.3011,0.0000,0.0000,0.6989,0.0000,0.0000
National,X,2005,16,0.0000,0.0177,0.3725,0.0000,0.0000,0.6098,0.0000,0.0000
National,X,2005,17,0.0000,0.0000,0.3913,0.0000,0.0000,0.6087,0.0000,0.0000
National,X,2005,18,0.0000,0.0000,0.3529,0.0000,0.0000,0.6471,0.0000,0.0000
National,X,2005,19,0.0000,0.0000,0.4865,0.0000,0.0000,0.5135,0.0000,0.0000
National,X,2005,20,0.0000,0.0000,0.5897,0.0000,0.0000,0.4103,0.0000,0.0000
National,X,2005,21,0.0000,0.0000,0.3871,0.0000,0.0000,0.6129,0.0000,0.0000
National,X,2005,22,0.0000,0.0000,0.3478,0.0000,0.0000,0.6522,0.0000,0.0000
National,X,2005,23,0.0000,0.0000,0.3333,0.0000,0.0000,0.6667,0.0000,0.0000
National,X,2005,24,0.0000,0.0000,0.3333,0.0000,0.0000,0.6667,0.0000,0.0000
National,X,2005,25,0.0000,0.0000,0.5455,0.0000,0.0000,0.4545,0.0000,0.0000
National,X,2005,26,0.0000,0.0027,0.8544,0.0000,0.0000,0.1429,0.0000,0.0000
National,X,2005,27,0.0000,0.0000,0.2000,0.0000,0.0000,0.8000,0.0000,0.0000
National,X,2005,28,0.0000,0.0000,0.0000,0.0000,0.0000,1.0000,0.0000,0.0000
National,X,2005,29,0.0000,0.0011,0.3323,0.0000,0.0000,0.6666,0.0000,0.0000
National,X,2005,30,0.0000,0.0000,0.5000,0.0000,0.0000,0.5000,0.0000,0.0000
National,X,2005,32,0.0000,0.0000,1.0000,0.0000,0.0000,0.0000,0.0000,0.0000
National,X,2005,33,0.0000,1.0000,0.0000,0.0000,0.0000,0.0000,0.0000,0.0000
National,X,2005,34,0.0000,0.0000,1.0000,0.0000,0.0000,0.0000,0.0000,0.0000
National,X,2005,35,0.0000,0.0000,0.8333,0.0000,0.0000,0.1667,0.0000,0.0000
National,X,2005,36,0.0000,0.0000,1.0000,0.0000,0.0000,0.0000,0.0000,0.0000
National,X,2005,37,0.0000,0.0000,0.8000,0.0000,0.0000,0.2000,0.0000,0.0000
National,X,2005,38,0.0000,0.0000,1.0000,0.0000,0.0000,0.0000,0.0000,0.0000
National,X,2005,39,0.0000,0.0000,0.8571,0.0000,0.0000,0.1429,0.0000,0.0000
National,X,2005,40,0.0000,0.0000,0.9091,0.0000,0.0000,0.0909,0.0000,0.0000
National,X,2005,41,0.0000,0.0000,0.8333,0.0000,0.0000,0.1667,0.0000,0.0000
National,X,2005,42,0.0000,0.0000,0.8000,0.0000,0.0000,0.2000,0.0000,0.0000
National,X,2005,43,0.0000,0.0000,0.8571,0.0000,0.0000,0.1429,0.0000,0.0000
National,X,2005,44,0.0000,0.0000,0.8696,0.0000,0.0000,0.1304,0.0000,0.0000
National,X,2005,45,0.0000,0.0381,0.7991,0.0000,0.0000,0.1628,0.0000,0.0000
National,X,2005,46,0.0000,0.0915,0.8234,0.0000,0.0000,0.0851,0.0000,0.0000
National,X,2005,47,0.0000,0.0000,0.9423,0.0000,0.0000,0.0577,0.0000,0.0000
National,X,2005,48,0.0000,0.0169,0.9659,0.0000,0.0000,0.0172,0.0000,0.0000
National,X,2005,49,0.0000,0.0076,0.9550,0.0000,0.0000,0.0374,0.0000,0.0000
National,X,2005,50,0.0000,0.0000,0.9875,0.0000,0.0000,0.0125,0.0000,0.0000
National,X,2005,51,0.0000,0.0033,0.9808,0.0000,0.0000,0.0159,0.0000,0.0000
National,X,2005,52,0.0000,0.0057,0.9650,0.0000,0.0000,0.0293,0.0000,0.0000
National,X,2006,1,0.0000,0.0037,0.9644,0.0000,0.0000,0.0319,0.0000,0.0000
National,X,2006,2,0.0000,0.0129,0.9610,0.0000,0.0000,0.0261,0.0000,0.0000
National,X,2006,3,0.0000,0.0134,0.9538,0.0000,0.0000,0.0328,0.0000,0.0000
National,X,2006,4,0.0000,0.0124,0.9564,0.0000,0.0000,0.0312,0.0000,0.0000
National,X,2006,5,0.0000,0.0176,0.9193,0.0000,0.0000,0.0631,0.0000,0.0000
National,X,2006,6,0.0000,0.0243,0.8662,0.0000,0.0000,0.1095,0.0000,0.0000
National,X,2006,7,0.0000,0.0386,0.8454,0.0000,0.0000,0.1160,0.0000,0.0000
National,X,2006,8,0.0000,0.0358,0.8153,0.0000,0.0000,0.1489,0.0000,0.0000
National,X,2006,9,0.0000,0.0488,0.7314,0.0000,0.0000,0.2198,0.0000,0.0000
National,X,2006,10,0.0000,0.0891,0.6783,0.0000,0.0000,0.2326,0.0000,0.0000
National,X,2006,11,0.0000,0.0862,0.5945,0.0000,0.0000,0.3193,0.0000,0.0000
National,X,2006,12,0.0000,0.1935,0.4435,0.0000,0.0000,0.3630,0.0000,0.0000
National,X,2006,13,0.0000,0.1761,0.3746,0.0000,0.0000,0.4493,0.0000,0.0000
National,X,2006,14,0.0000,0.2022,0.2821,0.0000,0.0000,0.5157,0.0000,0.0000
National,X,2006,15,0.0000,0.1516,0.3222,0.0000,0.0000,0.5262,0.0000,0.0000
National,X,2006,16,0.0000,0.1644,0.2055,0.0000,0.0000,0.6301,0.0000,0.0000
National,X,2006,17,0.0000,0.2708,0.0542,0.0000,0.0000,0.6750,0.0000,0.0000
National,X,2006,18,0.0000,0.1718,0.1718,0.0000,0.0000,0.6564,0.0000,0.0000
National,X,2006,19,0.0000,0.3446,0.0000,0.0000,0.0000,0.6554,0.0000,0.0000
National,X,2006,20,0.0000,0.3048,0.0508,0.0000,0.0000,0.6444,0.0000,0.0000
National,X,2006,21,0.0000,0.2846,0.0000,0.0000,0.0000,0.7154,0.0000,0.0000
National,X,2006,22,0.0000,0.3590,0.0000,0.0000,0.0000,0.6410,0.0000,0.0000
National,X,2006,23,0.0000,0.3091,0.0000,0.0000,0.0000,0.6909,0.0000,0.0000
National,X,2006,24,0.0000,0.5600,0.0000,0.0000,0.0000,0.4400,0.0000,0.0000
National,X,2006,25,0.0000,0.2857,0.0000,0.0000,0.0000,0.7143,0.0000,0.0000
National,X,2006,26,0.0000,0.3750,0.1250,0.0000,0.0000,0.5000,0.0000,0.0000
National,X,2006,27,0.0000,0.7500,0.0000,0.0000,0.0000,0.2500,0.0000,0.0000
National,X,2006,28,0.0000,0.0000,1.0000,0.0000,0.0000,0.0000,0.0000,0.0000
National,X,2006,29,0.0000,0.0791,0.7391,0.0000,0.0000,0.1818,0.0000,0.0000
National,X,2006,30,0.0000,0.7563,0.1261,0.0000,0.0000,0.1176,0.0000,0.0000
National,X,2006,31,0.0000,0.9500,0.0000,0.0000,0.0000,0.0500,0.0000,0.0000
National,X,2006,32,0.0000,0.8333,0.0000,0.0000,0.0000,0.1667,0.0000,0.0000
National,X,2006,33,0.0000,0.8333,0.0000,0.0000,0.0000,0.1667,0.0000,0.0000
National,X,2006,34,0.0000,0.8000,0.0000,0.0000,0.0000,0.2000,0.0000,0.0000
National,X,2006,35,0.0000,0.7647,0.0000,0.0000,0.0000,0.2353,0.0000,0.0000
National,X,2006,36,0.0000,1.0000,0.0000,0.0000,0.0000,0.0000,0.0000,0.0000
National,X,2006,37,0.0000,0.9677,0.0000,0.0000,0.0000,0.0323,0.0000,0.0000
National,X,2006,38,0.0000,0.9429,0.0000,0.0000,0.0000,0.0571,0.0000,0.0000
National,X,2006,39,0.0000,0.8966,0.0000,0.0000,0.0000,0.1034,0.0000,0.0000
National,X,2006,40,0.0000,0.6345,0.0976,0.0000,0.0000,0.2679,0.0000,0.0000
National,X,2006,41,0.0000,0.8245,0.0412,0.0000,0.0000,0.1343,0.0000,0.0000
National,X,2006,42,0.0000,0.5869,0.1381,0.0000,0.0000,0.2750,0.0000,0.0000
National,X,2006,43,0.0000,0.6294,0.0968,0.0000,0.0000,0.2738,0.0000,0.0000
National,X,2006,44,0.0000,0.6791,0.0272,0.0000,0.0000,0.2937,0.0000,0.0000
National,X,2006,45,0.0000,0.6846,0.0380,0.0000,0.0000,0.2774,0.0000,0.0000
National,X,2006,46,0.0000,0.7031,0.0563,0.0000,0.0000,0.2406,0.0000,0.0000
National,X,2006,47,0.0000,0.7543,0.0718,0.0000,0.0000,0.1739,0.0000,0.0000
National,X,2006,48,0.0000,0.7247,0.0169,0.0000,0.0000,0.2584,0.0000,0.0000
National,X,2006,49,0.0000,0.7384,0.0268,0.0000,0.0000,0.2348,0.0000,0.0000
National,X,2006,50,0.0000,0.7173,0.0609,0.0000,0.0000,0.2218,0.0000,0.0000
National,X,2006,51,0.0000,0.7775,0.0401,0.0000,0.0000,0.1824,0.0000,0.0000
National,X,2006,52,0.0000,0.7716,0.0537,0.0000,0.0000,0.1747,0.0000,0.0000
National,X,2007,1,0.0000,0.7357,0.0805,0.0000,0.0000,0.1838,0.0000,0.0000
National,X,2007,2,0.0000,0.7160,0.1392,0.0000,0.0000,0.1448,0.0000,0.0000
National,X,2007,3,0.0000,0.7093,0.1793,0.0000,0.0000,0.1114,0.0000,0.0000
National,X,2007,4,0.0000,0.6908,0.1916,0.0000,0.0000,0.1176,0.0000,0.0000
National,X,2007,5,0.0000,0.6892,0.2010,0.0000,0.0000,0.1098,0.0000,0.0000
National,X,2007,6,0.0000,0.6609,0.1768,0.0000,0.0000,0.1623,0.0000,0.0000
National,X,2007,7,0.0000,0.6378,0.1973,0.0000,0.0000,0.1649,0.0000,0.0000
National,X,2007,8,0.0000,0.5100,0.2678,0.0000,0.0000,0.2222,0.0000,0.0000
National,X,2007,9,0.0000,0.3671,0.3507,0.0000,0.0000,0.2822,0.0000,0.0000
National,X,2007,10,0.0000,0.3234,0.3808,0.0000,0.0000,0.2958,0.0000,0.0000
National,X,2007,11,0.0000,0.2833,0.3989,0.0000,0.0000,0.3178,0.0000,0.0000
National,X,2007,12,0.0000,0.1869,0.4746,0.0000,0.0000,0.3385,0.0000,0.0000
National,X,2007,13,0.0000,0.1842,0.5400,0.0000,0.0000,0.2758,0.0000,0.0000
National,X,2007,14,0.0000,0.1721,0.5267,0.0000,0.0000,0.3012,0.0000,0.0000
National,X,2007,15,0.0000,0.1040,0.6242,0.0000,0.0000,0.2718,0.0000,0.0000
National,X,2007,16,0.0000,0.1423,0.6405,0.0000,0.0000,0.2172,0.0000,0.0000
National,X,2007,17,0.0000,0.1153,0.6534,0.0000,0.0000,0.2313,0.0000,0.0000
National,X,2007,18,0.0000,0.1131,0.6110,0.0000,0.0000,0.2759,0.0000,0.0000
National,X,2007,19,0.0000,0.1086,0.5898,0.0000,0.0000,0.3016,0.0000,0.0000
National,X,2007,20,0.0000,0.0815,0.6250,0.0000,0.0000,0.2935,0.0000,0.0000
National,X,2007,21,0.0000,0.0926,0.7407,0.0000,0.0000,0.1667,0.0000,0.0000
National,X,2007,22,0.0000,0.1556,0.5444,0.0000,0.0000,0.3000,0.0000,0.0000
National,X,2007,23,0.0000,0.1333,0.6667,0.0000,0.0000,0.2000,0.0000,0.0000
National,X,2007,24,0.0000,0.0000,0.7308,0.0000,0.0000,0.2692,0.0000,0.0000
National,X,2007,25,0.0000,0.5625,0.1875,0.0000,0.0000,0.2500,0.0000,0.0000
National,X,2007,26,0.0000,0.0000,0.7333,0.0000,0.0000,0.2667,0.0000,0.0000
National,X,2007,27,0.0000,0.2889,0.4333,0.0000,0.0000,0.2778,0.0000,0.0000
National,X,2007,28,0.0000,0.3043,0.6087,0.0000,0.0000,0.0870,0.0000,0.0000
National,X,2007,29,0.0000,0.5357,0.4018,0.0000,0.0000,0.0625,0.0000,0.0000
National,X,2007,30,0.0000,0.6306,0.3153,0.0000,0.0000,0.0541,0.0000,0.0000
National,X,2007,31,0.0000,0.2292,0.6875,0.0000,0.0000,0.0833,0.0000,0.0000
National,X,2007,32,0.0000,0.6067,0.2757,0.0000,0.0000,0.1176,0.0000,0.0000
National,X,2007,33,0.0000,0.7778,0.2222,0.0000,0.0000,0.0000,0.0000,0.0000
National,X,2007,34,0.0000,0.9565,0.0000,0.0000,0.0000,0.0435,0.0000,0.0000
National,X,2007,35,0.0000,0.7667,0.0000,0.0000,0.0000,0.2333,0.0000,0.0000
National,X,2007,36,0.0000,1.0000,0.0000,0.0000,0.0000,0.0000,0.0000,0.0000
National,X,2007,37,0.0000,0.7156,0.0511,0.0000,0.0000,0.2333,0.0000,0.0000
National,X,2007,38,0.0000,0.8250,0.0750,0.0000,0.0000,0.1000,0.0000,0.0000
National,X,2007,39,0.0000,0.7500,0.2500,0.0000,0.0000,0.0000,0.0000,0.0000
National,X,2007,40,0.0000,0.7931,0.0933,0.0000,0.0000,0.1136,0.0000,0.0000
National,X,2007,41,0.0000,0.8636,0.1364,0.0000,0.0000,0.0000,0.0000,0.0000
National,X,2007,42,0.0000,0.8518,0.1065,0.0000,0.0000,0.0417,0.0000,0.0000
National,X,2007,43,0.0000,0.8000,0.1000,0.0000,0.0000,0.1000,0.0000,0.0000
National,X,2007,44,0.0000,0.8514,0.0000,0.0000,0.0000,0.1486,0.0000,0.0000
National,X,2007,45,0.0000,0.5482,0.3224,0.0000,0.0000,0.1294,0.0000,0.0000
National,X,2007,46,0.0000,0.7816,0.1954,0.0000,0.0000,0.0230,0.0000,0.0000
National,X,2007,47,0.0000,0.8581,0.0490,0.0000,0.0000,0.0929,0.0000,0.0000
National,X,2007,48,0.0000,0.7334,0.1796,0.0000,0.0000,0.0870,0.0000,0.0000
National,X,2007,49,0.0000,0.6827,0.1951,0.0000,0.0000,0.1222,0.0000,0.0000
National,X,2007,50,0.0000,0.6105,0.2686,0.0000,0.0000,0.1209,0.0000,0.0000
National,X,2007,51,0.0000,0.5933,0.2443,0.0000,0.0000,0.1624,0.0000,0.0000
National,X,2007,52,0.0000,0.6040,0.2040,0.0000,0.0000,0.1920,0.0000,0.0000
National,X,2008,1,0.0000,0.5034,0.3134,0.0000,0.0000,0.1832,0.0000,0.0000
National,X,2008,2,0.0000,0.4470,0.3905,0.0000,0.0000,0.1625,0.0000,0.0000
National,X,2008,3,0.0000,0.4110,0.4298,0.0000,0.0000,0.1592,0.0000,0.0000
National,X,2008,4,0.0000,0.2969,0.5442,0.0000,0.0000,0.1589,0.0000,0.0000
National,X,2008,5,0.0000,0.2312,0.5965,0.0000,0.0000,0.1723,0.0000,0.0000
National,X,2008,6,0.0000,0.1939,0.6152,0.0000,0.0000,0.1909,0.0000,0.0000
National,X,2008,7,0.0000,0.1507,0.6245,0.0000,0.0000,0.2248,0.0000,0.0000
National,X,2008,8,0.0000,0.1198,0.6181,0.0000,0.0000,0.2621,0.0000,0.0000
National,X,2008,9,0.0000,0.0875,0.5953,0.0000,0.0000,0.3172,0.0000,0.0000
National,X,2008,10,0.0000,0.0638,0.5504,0.0000,0.0000,0.3858,0.0000,0.0000
National,X,2008,11,0.0000,0.0715,0.5014,0.0000,0.0000,0.4271,0.0000,0.0000
National,X,2008,12,0.0000,0.0524,0.4814,0.0000,0.0000,0.4662,0.0000,0.0000
National,X,2008,13,0.0000,0.0299,0.4099,0.0000,0.0000,0.5602,0.0000,0.0000
National,X,2008,14,0.0000,0.0425,0.3891,0.0000,0.0000,0.5684,0.0000,0.0000
National,X,2008,15,0.0000,0.0321,0.2991,0.0000,0.0000,0.6688,0.0000,0.0000
National,X,2008,16,0.0000,0.0000,0.3295,0.0000,0.0000,0.6705,0.0000,0.0000
National,X,2008,17,0.0000,0.0982,0.2160,0.0000,0.0000,0.6858,0.0000,0.0000
National,X,2008,18,0.0000,0.0373,0.3357,0.0000,0.0000,0.6270,0.0000,0.0000
National,X,2008,19,0.0000,0.0000,0.3385,0.0000,0.0000,0.6615,0.0000,0.0000
National,X,2008,20,0.0000,0.0000,0.4737,0.0000,0.0000,0.5263,0.0000,0.0000
National,X,2008,21,0.0000,0.0966,0.3862,0.0000,0.0000,0.5172,0.0000,0.0000
National,X,2008,22,0.0000,0.0000,0.4737,0.0000,0.0000,0.5263,0.0000,0.0000
National,X,2008,23,0.0000,0.0000,0.7059,0.0000,0.0000,0.2941,0.0000,0.0000
National,X,2008,24,0.0000,0.1053,0.3113,0.0000,0.0000,0.5834,0.0000,0.0000
National,X,2008,25,0.0000,0.0000,0.7143,0.0000,0.0000,0.2857,0.0000,0.0000
National,X,2008,26,0.0000,0.0000,0.0000,0.0000,0.0000,1.0000,0.0000,0.0000
National,X,2008,27,0.0000,0.0632,0.1868,0.0000,0.0000,0.7500,0.0000,0.0000
National,X,2008,28,0.0000,0.1667,0.1667,0.0000,0.0000,0.6666,0.0000,0.0000
National,X,2008,29,0.0000,0.1264,0.3736,0.0000,0.0000,0.5000,0.0000,0.0000
National,X,2008,30,0.0000,0.1667,0.8333,0.0000,0.0000,0.0000,0.0000,0.0000
National,X,2008,31,0.0000,0.0000,0.4286,0.0000,0.0000,0.5714,0.0000,0.0000
National,X,2008,32,0.0000,0.8571,0.0000,0.0000,0.0000,0.1429,0.0000,0.0000
National,X,2008,33,0.0000,0.0000,0.0000,0.0000,0.0000,1.0000,0.0000,0.0000
National,X,2008,34,0.0000,0.2500,0.2500,0.0000,0.0000,0.5000,0.0000,0.0000
National,X,2008,35,0.0000,0.1011,0.2989,0.0000,0.0000,0.6000,0.0000,0.0000
National,X,2008,36,0.0000,1.0000,0.0000,0.0000,0.0000,0.0000,0.0000,0.0000
National,X,2008,37,0.0000,0.0000,0.8182,0.0000,0.0000,0.1818,0.0000,0.0000
National,X,2008,38,0.0000,0.4250,0.4250,0.0000,0.0000,0.1500,0.0000,0.0000
National,X,2008,39,0.0000,0.8333,0.0000,0.0000,0.0000,0.1667,0.0000,0.0000
National,X,2008,40,0.0000,0.6471,0.0000,0.0000,0.0000,0.3529,0.0000,0.0000
National,X,2008,41,0.0000,0.4106,0.3285,0.0000,0.0000,0.2609,0.0000,0.0000
National,X,2008,42,0.0000,0.6807,0.1571,0.0000,0.0000,0.1622,0.0000,0.0000
National,X,2008,43,0.0000,0.7541,0.0000,0.0000,0.0000,0.2459,0.0000,0.0000
National,X,2008,44,0.0000,0.6992,0.1613,0.0000,0.0000,0.1395,0.0000,0.0000
National,X,2008,45,0.0000,0.7618,0.0692,0.0000,0.0000,0.1690,0.0000,0.0000
National,X,2008,46,0.0000,0.7468,0.0597,0.0000,0.0000,0.1935,0.0000,0.0000
National,X,2008,47,0.0000,0.6639,0.0266,0.0000,0.0000,0.3095,0.0000,0.0000
National,X,2008,48,0.0000,0.7966,0.0199,0.0000,0.0000,0.1835,0.0000,0.0000
National,X,2008,49,0.0000,0.7573,0.1010,0.0000,0.0000,0.1417,0.0000,0.0000
National,X,2008,50,0.0000,0.6781,0.0997,0.0000,0.0000,0.2222,0.0000,0.0000
National,X,2008,51,0.0000,0.6320,0.1482,0.0000,0.0000,0.2198,0.0000,0.0000
National,X,2008,52,0.0000,0.7017,0.1404,0.0000,0.0000,0.1579,0.0000,0.0000
National,X,2008,53,0.0000,0.7442,0.1188,0.0000,0.0000,0.1370,0.0000,0.0000
National,X,2009,1,0.0000,0.7223,0.1436,0.0000,0.0000,0.1341,0.0000,0.0000
National,X,2009,2,0.0000,0.7713,0.0932,0.0000,0.0000,0.1355,0.0000,0.0000
National,X,2009,3,0.0000,0.7464,0.1046,0.0000,0.0000,0.1490,0.0000,0.0000
National,X,2009,4,0.0000,0.7051,0.1014,0.0000,0.0000,0.1935,0.0000,0.0000
National,X,2009,5,0.0000,0.6982,0.0566,0.0000,0.0000,0.2452,0.0000,0.0000
National,X,2009,6,0.0000,0.6516,0.0531,0.0000,0.0000,0.2953,0.0000,0.0000
National,X,2009,7,0.0000,0.6262,0.0542,0.0000,0.0000,0.3196,0.0000,0.0000
National,X,2009,8,0.0000,0.5600,0.0459,0.0000,0.0000,0.3941,0.0000,0.0000
National,X,2009,9,0.0000,0.4999,0.0628,0.0000,0.0000,0.4373,0.0000,0.0000
National,X,2009,10,0.0000,0.4281,0.0772,0.0000,0.0000,0.4947,0.0000,0.0000
National,X,2009,11,0.0000,0.4096,0.0721,0.0000,0.0000,0.5183,0.0000,0.0000
National,X,2009,12,0.0000,0.4166,0.0700,0.0000,0.0000,0.5134,0.0000,0.0000
National,X,2009,13,0.0000,0.3351,0.0742,0.0000,0.0000,0.5907,0.0000,0.0000
National,X,2009,14,0.0000,0.3661,0.1256,0.0000,0.0000,0.5083,0.0000,0.0000
National,X,2009,15,0.0000,0.2577,0.1917,0.0000,0.0000,0.5506,0.0000,0.0000
National,X,2009,16,0.0970,0.2979,0.2563,0.0000,0.0000,0.3488,0.0000,0.0000
National,X,2009,17,0.3724,0.1931,0.2572,0.0000,0.0000,0.1773,0.0000,0.0000
National,X,2009,18,0.5782,0.1206,0.2079,0.0000,0.0000,0.0933,0.0000,0.0000
National,X,2009,19,0.7587,0.0675,0.1298,0.0000,0.0000,0.0440,0.0000,0.0000
National,X,2009,20,0.8548,0.0242,0.0985,0.0000,0.0000,0.0225,0.0000,0.0000
National,X,2009,21,0.8945,0.0097,0.0865,0.0000,0.0000,0.0093,0.0000,0.0000
National,X,2009,22,0.8899,0.0067,0.0989,0.0000,0.0000,0.0045,0.0000,0.0000
National,X,2009,23,0.9316,0.0064,0.0594,0.0000,0.0000,0.0026,0.0000,0.0000
National,X,2009,24,0.9496,0.0031,0.0458,0.0000,0.0000,0.0015,0.0000,0.0000
National,X,2009,25,0.9733,0.0027,0.0226,0.0000,0.0000,0.0014,0.0000,0.0000
National,X,2009,26,0.9780,0.0048,0.0152,0.0000,0.0000,0.0020,0.0000,0.0000
National,X,2009,27,0.9816,0.0004,0.0160,0.0000,0.0000,0.0020,0.0000,0.0000
National,X,2009,28,0.9841,0.0014,0.0134,0.0000,0.0000,0.0011,0.0000,0.0000
National,X,2009,29,0.9883,0.0021,0.0083,0.0000,0.0000,0.0013,0.0000,0.0000
National,X,2009,30,0.9909,0.0020,0.0055,0.0000,0.0000,0.0016,0.0000,0.0000
National,X,2009,31,0.9876,0.0067,0.0047,0.0000,0.0000,0.0010,0.0000,0.0000
National,X,2009,32,0.9859,0.0061,0.0054,0.0000,0.0000,0.0026,0.0000,0.0000
National,X,2009,33,0.9856,0.0047,0.0093,0.0000,0.0000,0.0004,0.0000,0.0000
National,X,2009,34,0.9793,0.0066,0.0082,0.0000,0.0000,0.0059,0.0000,0.0000
National,X,2009,35,0.9882,0.0055,0.0060,0.0000,0.0000,0.0003,0.0000,0.0000
National,X,2009,36,0.9925,0.0019,0.0028,0.0000,0.0000,0.0028,0.0000,0.0000
National,X,2009,37,0.9971,0.0016,0.0004,0.0000,0.0000,0.0009,0.0000,0.0000
National,X,2009,38,0.9938,0.0015,0.0023,0.0000,0.0000,0.0024,0.0000,0.0000
National,X,2009,39,0.9941,0.0023,0.0012,0.0000,0.0000,0.0024,0.0000,0.0000
National,X,2009,40,0.9969,0.0002,0.0003,0.0000,0.0000,0.0026,0.0000,0.0000
National,X,2009,41,0.9981,0.0002,0.0000,0.0000,0.0000,0.0017,0.0000,0.0000
National,X,2009,42,0.9965,0.0004,0.0005,0.0000,0.0000,0.0026,0.0000,0.0000
National,X,2009,43,0.9979,0.0001,0.0003,0.0000,0.0000,0.0017,0.0000,0.0000
National,X,2009,44,0.9958,0.0008,0.0003,0.0000,0.0000,0.0031,0.0000,0.0000
National,X,2009,45,0.9969,0.0004,0.0004,0.0000,0.0000,0.0023,0.0000,0.0000
National,X,2009,46,0.9964,0.0003,0.0000,0.0000,0.0000,0.0033,0.0000,0.0000
National,X,2009,47,0.9947,0.0007,0.0020,0.0000,0.0000,0.0026,0.0000,0.0000
National,X,2009,48,0.9778,0.0009,0.0000,0.0000,0.0000,0.0213,0.0000,0.0000
National,X,2009,49,0.9755,0.0015,0.0046,0.0000,0.0000,0.0184,0.0000,0.0000
National,X,2009,50,0.9749,0.0000,0.0059,0.0000,0.0000,0.0192,0.0000,0.0000
National,X,2009,51,0.9798,0.0108,0.0000,0.0000,0.0000,0.0094,0.0000,0.0000
National,X,2009,52,0.9777,0.0000,0.0031,0.0000,0.0000,0.0192,0.0000,0.0000
National,X,2010,1,0.9674,0.0000,0.0036,0.0000,0.0000,0.0290,0.0000,0.0000
National,X,2010,2,0.9595,0.0035,0.0106,0.0000,0.0000,0.0264,0.0000,0.0000
National,X,2010,3,0.9948,0.0000,0.0031,0.0000,0.0000,0.0021,0.0000,0.0000
National,X,2010,4,0.9687,0.0000,0.0103,0.0000,0.0000,0.0210,0.0000,0.0000
National,X,2010,5,0.9765,0.0000,0.0000,0.0000,0.0000,0.0235,0.0000,0.0000
National,X,2010,6,0.9717,0.0039,0.0000,0.0000,0.0000,0.0244,0.0000,0.0000
National,X,2010,7,0.9825,0.0000,0.0000,0.0000,0.0000,0.0175,0.0000,0.0000
National,X,2010,8,0.9902,0.0000,0.0030,0.0000,0.0000,0.0068,0.0000,0.0000
National,X,2010,9,0.9870,0.0000,0.0000,0.0000,0.0000,0.0130,0.0000,0.0000
National,X,2010,10,0.9738,0.0000,0.0000,0.0000,0.0000,0.0262,0.0000,0.0000
National,X,2010,11,0.9854,0.0000,0.0038,0.0000,0.0000,0.0108,0.0000,0.0000
National,X,2010,12,0.9507,0.0000,0.0053,0.0000,0.0000,0.0440,0.0000,0.0000
National,X,2010,13,0.9679,0.0000,0.0058,0.0000,0.0000,0.0263,0.0000,0.0000
National,X,2010,14,0.9827,0.0000,0.0096,0.0000,0.0000,0.0077,0.0000,0.0000
National,X,2010,15,0.8756,0.0000,0.0292,0.0000,0.0000,0.0952,0.0000,0.0000
National,X,2010,16,0.6576,0.0000,0.0658,0.0000,0.0000,0.2766,0.0000,0.0000
National,X,2010,17,0.8462,0.0000,0.0000,0.0000,0.0000,0.1538,0.0000,0.0000
National,X,2010,18,0.8337,0.0000,0.0463,0.0000,0.0000,0.1200,0.0000,0.0000
National,X,2010,19,0.5834,0.0000,0.1944,0.0000,0.0000,0.2222,0.0000,0.0000
National,X,2010,20,0.7000,0.0000,0.1000,0.0000,0.0000,0.2000,0.0000,0.0000
National,X,2010,21,0.5971,0.0003,0.0026,0.0000,0.0000,0.4000,0.0000,0.0000
National,X,2010,22,0.5000,0.0000,0.1667,0.0000,0.0000,0.3333,0.0000,0.0000
National,X,2010,23,0.2500,0.0000,0.2500,0.0000,0.0000,0.5000,0.0000,0.0000
National,X,2010,24,0.1333,0.0000,0.5334,0.0000,0.0000,0.3333,0.0000,0.0000
National,X,2010,25,0.4286,0.0000,0.5714,0.0000,0.0000,0.0000,0.0000,0.0000
National,X,2010,26,0.3750,0.0000,0.3750,0.0000,0.0000,0.2500,0.0000,0.0000
National,X,2010,27,0.2000,0.0000,0.8000,0.0000,0.0000,0.0000,0.0000,0.0000
National,X,2010,28,0.1818,0.0000,0.6364,0.0000,0.0000,0.1818,0.0000,0.0000
National,X,2010,29,0.3750,0.0000,0.2500,0.0000,0.0000,0.3750,0.0000,0.0000
National,X,2010,30,0.0559,0.0000,0.7267,0.0000,0.0000,0.2174,0.0000,0.0000
National,X,2010,31,0.2885,0.0000,0.6490,0.0000,0.0000,0.0625,0.0000,0.0000
National,X,2010,32,0.2698,0.0000,0.3854,0.0000,0.0000,0.3448,0.0000,0.0000
National,X,2010,33,0.2632,0.0000,0.5789,0.0000,0.0000,0.1579,0.0000,0.0000
National,X,2010,34,0.3036,0.0000,0.5464,0.0000,0.0000,0.1500,0.0000,0.0000
National,X,2010,35,0.2857,0.0000,0.5714,0.0000,0.0000,0.1429,0.0000,0.0000
National,X,2010,36,0.3200,0.0000,0.5689,0.0000,0.0000,0.1111,0.0000,0.0000
National,X,2010,37,0.1189,0.0238,0.7373,0.0000,0.0000,0.1200,0.0000,0.0000
National,X,2010,38,0.0000,0.0000,0.8125,0.0000,0.0000,0.1875,0.0000,0.0000
National,X,2010,39,0.0682,0.0000,0.6818,0.0000,0.0000,0.2500,0.0000,0.0000
National,X,2010,40,0.1964,0.0000,0.5049,0.0000,0.0000,0.2987,0.0000,0.0000
National,X,2010,41,0.1907,0.0000,0.5280,0.0000,0.0000,0.2813,0.0000,0.0000
National,X,2010,42,0.1258,0.0000,0.5505,0.0000,0.0000,0.3237,0.0000,0.0000
National,X,2010,43,0.1294,0.0000,0.5573,0.0000,0.0000,0.3133,0.0000,0.0000
National,X,2010,44,0.0938,0.0000,0.4771,0.0000,0.0000,0.4291,0.0000,0.0000
National,X,2010,45,0.0853,0.0000,0.4490,0.0000,0.0000,0.4657,0.0000,0.0000
National,X,2010,46,0.0809,0.0000,0.4325,0.0000,0.0000,0.4866,0.0000,0.0000
National,X,2010,47,0.0363,0.0000,0.5123,0.0000,0.0000,0.4514,0.0000,0.0000
National,X,2010,48,0.0936,0.0000,0.4709,0.0000,0.0000,0.4355,0.0000,0.0000
National,X,2010,49,0.0746,0.0000,0.5577,0.0000,0.0000,0.3677,0.0000,0.0000
National,X,2010,50,0.0820,0.0000,0.5442,0.0000,0.0000,0.3738,0.0000,0.0000
National,X,2010,51,0.0824,0.0000,0.5808,0.0000,0.0000,0.3368,0.0000,0.0000
National,X,2010,52,0.1181,0.0000,0.6087,0.0000,0.0000,0.2732,0.0000,0.0000
National,X,2011,1,0.1799,0.0000,0.6024,0.0000,0.0000,0.2177,0.0000,0.0000
National,X,2011,2,0.2526,0.0000,0.5514,0.0000,0.0000,0.1960,0.0000,0.0000
National,X,2011,3,0.2934,0.0000,0.5069,0.0000,0.0000,0.1997,0.0000,0.0000
National,X,2011,4,0.3230,0.0000,0.4584,0.0000,0.0000,0.2186,0.0000,0.0000
National,X,2011,5,0.3498,0.0000,0.4208,0.0000,0.0000,0.2294,0.0000,0.0000
National,X,2011,6,0.3533,0.0000,0.4149,0.0000,0.0000,0.2318,0.0000,0.0000
National,X,2011,7,0.3640,0.0000,0.3991,0.0000,0.0000,0.2369,0.0000,0.0000
National,X,2011,8,0.3607,0.0000,0.3808,0.0000,0.0000,0.2585,0.0000,0.0000
National,X,2011,9,0.3680,0.0000,0.3846,0.0000,0.0000,0.2474,0.0000,0.0000
National,X,2011,10,0.3407,0.0000,0.4095,0.0000,0.0000,0.2498,0.0000,0.0000
National,X,2011,11,0.3080,0.0000,0.4105,0.0000,0.0000,0.2815,0.0000,0.0000
National,X,2011,12,0.2685,0.0000,0.4332,0.0000,0.0000,0.2983,0.0000,0.0000
National,X,2011,13,0.2526,0.0000,0.4254,0.0000,0.0000,0.3220,0.0000,0.0000
National,X,2011,14,0.1771,0.0000,0.4235,0.0000,0.0000,0.3994,0.0000,0.0000
National,X,2011,15,0.1482,0.0000,0.4543,0.0000,0.0000,0.3975,0.0000,0.0000
National,X,2011,16,0.1935,0.0000,0.3870,0.0000,0.0000,0.4195,0.0000,0.0000
National,X,2011,17,0.1385,0.0000,0.3878,0.0000,0.0000,0.4737,0.0000,0.0000
National,X,2011,18,0.2063,0.0000,0.4314,0.0000,0.0000,0.3623,0.0000,0.0000
National,X,2011,19,0.0897,0.0000,0.4936,0.0000,0.0000,0.4167,0.0000,0.0000
National,X,2011,20,0.1667,0.0000,0.3333,0.0000,0.0000,0.5000,0.0000,0.0000
National,X,2011,21,0.3095,0.0000,0.4127,0.0000,0.0000,0.2778,0.0000,0.0000
National,X,2011,22,0.5385,0.0000,0.0000,0.0000,0.0000,0.4615,0.0000,0.0000
National,X,2011,23,0.1270,0.0000,0.2063,0.0000,0.0000,0.6667,0.0000,0.0000
National,X,2011,24,0.6667,0.0000,0.3333,0.0000,0.0000,0.0000,0.0000,0.0000
National,X,2011,25,0.1524,0.0000,0.2476,0.0000,0.0000,0.6000,0.0000,0.0000
National,X,2011,26,0.7500,0.0000,0.0000,0.0000,0.0000,0.2500,0.0000,0.0000
National,X,2011,27,0.5333,0.0000,0.2667,0.0000,0.0000,0.2000,0.0000,0.0000
National,X,2011,28,0.0000,0.0000,0.5556,0.0000,0.0000,0.4444,0.0000,0.0000
National,X,2011,29,0.0000,0.0000,0.5000,0.0000,0.0000,0.5000,0.0000,0.0000
National,X,2011,30,0.0000,0.0000,0.7500,0.0000,0.0000,0.2500,0.0000,0.0000
National,X,2011,31,0.4364,0.0000,0.2909,0.0000,0.0000,0.2727,0.0000,0.0000
National,X,2011,32,0.2115,0.0000,0.6347,0.0000,0.0000,0.1538,0.0000,0.0000
National,X,2011,33,0.2321,0.0000,0.5804,0.0000,0.0000,0.1875,0.0000,0.0000
National,X,2011,34,0.0000,0.0000,0.6471,0.0000,0.0000,0.3529,0.0000,0.0000
National,X,2011,35,0.3733,0.0000,0.5600,0.0000,0.0000,0.0667,0.0000,0.0000
National,X,2011,36,0.2115,0.0000,0.6347,0.0000,0.0000,0.1538,0.0000,0.0000
National,X,2011,37,0.0000,0.0000,0.8095,0.0000,0.0000,0.1905,0.0000,0.0000
National,X,2011,38,0.0000,0.0000,0.6190,0.0000,0.0000,0.3810,0.0000,0.0000
National,X,2011,39,0.0436,0.0000,0.7850,0.0000,0.0000,0.1714,0.0000,0.0000
National,X,2011,40,0.1283,0.0000,0.5990,0.0000,0.0000,0.2727,0.0000,0.0000
National,X,2011,41,0.0000,0.0000,0.5789,0.0000,0.0000,0.4211,0.0000,0.0000
National,X,2011,42,0.1190,0.0000,0.5953,0.0000,0.0000,0.2857,0.0000,0.0000
National,X,2011,43,0.0000,0.0000,0.7273,0.0000,0.0000,0.2727,0.0000,0.0000
National,X,2011,44,0.0427,0.0000,0.7265,0.0000,0.0000,0.2308,0.0000,0.0000
National,X,2011,45,0.0816,0.0000,0.6123,0.0000,0.0000,0.3061,0.0000,0.0000
National,X,2011,46,0.0000,0.0000,0.7273,0.0000,0.0000,0.2727,0.0000,0.0000
National,X,2011,47,0.0862,0.0000,0.6605,0.0000,0.0000,0.2533,0.0000,0.0000
National,X,2011,48,0.0449,0.0000,0.7190,0.0000,0.0000,0.2361,0.0000,0.0000
National,X,2011,49,0.0947,0.0000,0.7201,0.0000,0.0000,0.1852,0.0000,0.0000
National,X,2011,50,0.0414,0.0000,0.8082,0.0000,0.0000,0.1504,0.0000,0.0000
National,X,2011,51,0.0554,0.0000,0.8228,0.0000,0.0000,0.1218,0.0000,0.0000
National,X,2011,52,0.0325,0.0000,0.8686,0.0000,0.0000,0.0989,0.0000,0.0000
National,X,2012,1,0.1203,0.0000,0.7595,0.0000,0.0000,0.1202,0.0000,0.0000
National,X,2012,2,0.1678,0.0000,0.7684,0.0000,0.0000,0.0638,0.0000,0.0000
National,X,2012,3,0.1926,0.0000,0.7511,0.0000,0.0000,0.0563,0.0000,0.0000
National,X,2012,4,0.2297,0.0000,0.7026,0.0000,0.0000,0.0677,0.0000,0.0000
National,X,2012,5,0.2432,0.0000,0.6936,0.0000,0.0000,0.0632,0.0000,0.0000
National,X,2012,6,0.2653,0.0000,0.6655,0.0000,0.0000,0.0692,0.0000,0.0000
National,X,2012,7,0.2938,0.0000,0.6406,0.0000,0.0000,0.0656,0.0000,0.0000
National,X,2012,8,0.2991,0.0000,0.6468,0.0000,0.0000,0.0541,0.0000,0.0000
National,X,2012,9,0.3123,0.0000,0.6323,0.0000,0.0000,0.0554,0.0000,0.0000
National,X,2012,10,0.2883,0.0000,0.6601,0.0000,0.0000,0.0516,0.0000,0.0000
National,X,2012,11,0.2782,0.0000,0.6484,0.0000,0.0000,0.0734,0.0000,0.0000
National,X,2012,12,0.2593,0.0000,0.6327,0.0000,0.0000,0.1080,0.0000,0.0000
National,X,2012,13,0.2561,0.0000,0.5920,0.0000,0.0000,0.1519,0.0000,0.0000
National,X,2012,14,0.2419,0.0000,0.5720,0.0000,0.0000,0.1861,0.0000,0.0000
National,X,2012,15,0.1855,0.0000,0.5833,0.0000,0.0000,0.2312,0.0000,0.0000
National,X,2012,16,0.1323,0.0000,0.6002,0.0000,0.0000,0.2675,0.0000,0.0000
National,X,2012,17,0.1159,0.0000,0.5655,0.0000,0.0000,0.3186,0.0000,0.0000
National,X,2012,18,0.0981,0.0000,0.5534,0.0000,0.0000,0.3485,0.0000,0.0000
National,X,2012,19,0.0716,0.0000,0.4966,0.0000,0.0000,0.4318,0.0000,0.0000
National,X,2012,20,0.0622,0.0000,0.4378,0.0000,0.0000,0.5000,0.0000,0.0000
National,X,2012,21,0.0474,0.0000,0.3276,0.0000,0.0000,0.6250,0.0000,0.0000
National,X,2012,22,0.0139,0.0000,0.3614,0.0000,0.0000,0.6247,0.0000,0.0000
National,X,2012,23,0.0441,0.0000,0.2835,0.0000,0.0000,0.6724,0.0000,0.0000
National,X,2012,24,0.0141,0.0000,0.3665,0.0000,0.0000,0.6194,0.0000,0.0000
National,X,2012,25,0.0209,0.0000,0.3767,0.0000,0.0000,0.6024,0.0000,0.0000
National,X,2012,26,0.0000,0.0000,0.2566,0.0000,0.0000,0.7434,0.0000,0.0000
National,X,2012,27,0.0228,0.0000,0.3427,0.0000,0.0000,0.6345,0.0000,0.0000
National,X,2012,28,0.0594,0.0000,0.4896,0.0148,0.0000,0.4362,0.0000,0.0000
National,X,2012,29,0.0000,0.0000,0.3766,0.0000,0.0000,0.6234,0.0000,0.0000
National,X,2012,30,0.0232,0.0000,0.5677,0.1043,0.0000,0.3048,0.0000,0.0000
National,X,2012,31,0.0052,0.0000,0.3387,0.4951,0.0000,0.1610,0.0000,0.0000
National,X,2012,32,0.0063,0.0000,0.3900,0.4592,0.0000,0.1445,0.0000,0.0000
National,X,2012,33,0.0397,0.0000,0.4560,0.3436,0.0000,0.1607,0.0000,0.0000
National,X,2012,34,0.0693,0.0000,0.5541,0.1731,0.0000,0.2035,0.0000,0.0000
National,X,2012,35,0.0155,0.0000,0.5726,0.1857,0.0000,0.2262,0.0000,0.0000
National,X,2012,36,0.0160,0.0000,0.5443,0.0801,0.0000,0.3596,0.0000,0.0000
National,X,2012,37,0.0000,0.0000,0.3531,0.0441,0.0000,0.6028,0.0000,0.0000
National,X,2012,38,0.0637,0.0000,0.5474,0.0000,0.0000,0.3889,0.0000,0.0000
National,X,2012,39,0.0731,0.0000,0.4384,0.0000,0.0000,0.4885,0.0000,0.0000
National,X,2012,40,0.0597,0.0000,0.4842,0.0000,0.0000,0.4561,0.0000,0.0000
National,X,2012,41,0.0480,0.0000,0.4597,0.0000,0.0000,0.4923,0.0000,0.0000
National,X,2012,42,0.0178,0.0000,0.5822,0.0000,0.0000,0.4000,0.0000,0.0000
National,X,2012,43,0.0115,0.0000,0.5833,0.0000,0.0000,0.4052,0.0000,0.0000
National,X,2012,44,0.0133,0.0000,0.6243,0.0000,0.0000,0.3624,0.0000,0.0000
National,X,2012,45,0.0112,0.0000,0.6216,0.0000,0.0000,0.3672,0.0000,0.0000
National,X,2012,46,0.0136,0.0000,0.6857,0.0034,0.0000,0.2973,0.0000,0.0000
National,X,2012,47,0.0086,0.0000,0.7255,0.0000,0.0000,0.2659,0.0000,0.0000
National,X,2012,48,0.0139,0.0000,0.7453,0.0000,0.0000,0.2408,0.0000,0.0000
National,X,2012,49,0.0172,0.0000,0.7860,0.0000,0.0000,0.1968,0.0000,0.0000
National,X,2012,50,0.0160,0.0000,0.8056,0.0000,0.0000,0.1784,0.0000,0.0000
National,X,2012,51,0.0120,0.0000,0.8057,0.0000,0.0000,0.1823,0.0000,0.0000
National,X,2012,52,0.0186,0.0000,0.8069,0.0000,0.0000,0.1745,0.0000,0.0000
National,X,2013,1,0.0208,0.0000,0.8142,0.0000,0.0000,0.1650,0.0000,0.0000
National,X,2013,2,0.0251,0.0000,0.8122,0.0000,0.0000,0.1627,0.0000,0.0000
National,X,2013,3,0.0311,0.0000,0.7903,0.0000,0.0000,0.1786,0.0000,0.0000
National,X,2013,4,0.0426,0.0000,0.7420,0.0000,0.0000,0.2154,0.0000,0.0000
National,X,2013,5,0.0499,0.0000,0.6810,0.0000,0.0000,0.2691,0.0000,0.0000
National,X,2013,6,0.0583,0.0000,0.5810,0.0000,0.0000,0.3607,0.0000,0.0000
National,X,2013,7,0.0465,0.0000,0.5029,0.0000,0.0000,0.4506,0.0000,0.0000
National,X,2013,8,0.0551,0.0000,0.4064,0.0000,0.0000,0.5385,0.0000,0.0000
National,X,2013,9,0.0503,0.0000,0.3493,0.0000,0.0000,0.6004,0.0000,0.0000
National,X,2013,10,0.0593,0.0000,0.2795,0.0000,0.0000,0.6612,0.0000,0.0000
National,X,2013,11,0.0536,0.0000,0.2321,0.0000,0.0000,0.7143,0.0000,0.0000
National,X,2013,12,0.0437,0.0000,0.2172,0.0000,0.0000,0.7391,0.0000,0.0000
National,X,2013,13,0.0586,0.0000,0.1771,0.0000,0.0000,0.7643,0.0000,0.0000
National,X,2013,14,0.0542,0.0000,0.2188,0.0000,0.0000,0.7270,0.0000,0.0000
National,X,2013,15,0.1113,0.0000,0.1600,0.0000,0.0000,0.7287,0.0000,0.0000
National,X,2013,16,0.0880,0.0000,0.2317,0.0000,0.0000,0.6803,0.0000,0.0000
National,X,2013,17,0.1314,0.0000,0.2318,0.0000,0.0000,0.6368,0.0000,0.0000
National,X,2013,18,0.0776,0.0000,0.2372,0.0000,0.0000,0.6852,0.0000,0.0000
National,X,2013,19,0.0833,0.0000,0.2307,0.0000,0.0000,0.6860,0.0000,0.0000
National,X,2013,20,0.0979,0.0000,0.2136,0.0000,0.0000,0.6885,0.0000,0.0000
National,X,2013,21,0.1304,0.0000,0.1825,0.0000,0.0000,0.6871,0.0000,0.0000
National,X,2013,22,0.1854,0.0000,0.1854,0.0000,0.0000,0.6292,0.0000,0.0000
National,X,2013,23,0.2104,0.0000,0.1954,0.0000,0.0000,0.5942,0.0000,0.0000
National,X,2013,24,0.3232,0.0000,0.1847,0.0000,0.0000,0.4921,0.0000,0.0000
National,X,2013,25,0.3869,0.0000,0.1601,0.0267,0.0000,0.4263,0.0000,0.0000
National,X,2013,26,0.5375,0.0000,0.0790,0.0948,0.0000,0.2887,0.0000,0.0000
National,X,2013,27,0.3411,0.0000,0.2810,0.0803,0.0000,0.2976,0.0000,0.0000
National,X,2013,28,0.3732,0.0000,0.4868,0.0000,0.0000,0.1400,0.0000,0.0000
National,X,2013,29,0.4864,0.0000,0.3012,0.0232,0.0000,0.1892,0.0000,0.0000
National,X,2013,30,0.5330,0.0000,0.2932,0.0267,0.0000,0.1471,0.0000,0.0000
National,X,2013,31,0.4572,0.0000,0.2783,0.0398,0.0000,0.2247,0.0000,0.0000
National,X,2013,32,0.6075,0.0000,0.2387,0.0000,0.0000,0.1538,0.0000,0.0000
National,X,2013,33,0.6842,0.0000,0.1283,0.0000,0.0000,0.1875,0.0000,0.0000
National,X,2013,34,0.6706,0.0000,0.2235,0.0559,0.0000,0.0500,0.0000,0.0000
National,X,2013,35,0.8210,0.0000,0.0782,0.0195,0.0000,0.0813,0.0000,0.0000
National,X,2013,36,0.7153,0.0000,0.1717,0.0000,0.0000,0.1130,0.0000,0.0000
National,X,2013,37,0.8248,0.0000,0.1178,0.0000,0.0000,0.0574,0.0000,0.0000
National,X,2013,38,0.6795,0.0000,0.1431,0.0000,0.0000,0.1774,0.0000,0.0000
National,X,2013,39,0.7447,0.0000,0.1489,0.0000,0.0000,0.1064,0.0000,0.0000
National,X,2013,40,0.7114,0.0000,0.1340,0.0103,0.0000,0.1443,0.0000,0.0000
National,X,2013,41,0.6054,0.0000,0.2549,0.0000,0.0000,0.1397,0.0000,0.0000
National,X,2013,42,0.6479,0.0000,0.2116,0.0000,0.0000,0.1405,0.0000,0.0000
National,X,2013,43,0.7243,0.0000,0.2084,0.0000,0.0000,0.0673,0.0000,0.0000
National,X,2013,44,0.6586,0.0000,0.1946,0.0000,0.0000,0.1468,0.0000,0.0000
National,X,2013,45,0.7533,0.0000,0.1392,0.0000,0.0000,0.1075,0.0000,0.0000
National,X,2013,46,0.8620,0.0000,0.0666,0.0000,0.0000,0.0714,0.0000,0.0000
National,X,2013,47,0.8752,0.0000,0.0453,0.0000,0.0000,0.0795,0.0000,0.0000
National,X,2013,48,0.9005,0.0000,0.0527,0.0000,0.0000,0.0468,0.0000,0.0000
National,X,2013,49,0.9290,0.0000,0.0309,0.0000,0.0000,0.0401,0.0000,0.0000
National,X,2013,50,0.9373,0.0000,0.0396,0.0000,0.0000,0.0231,0.0000,0.0000
National,X,2013,51,0.9611,0.0000,0.0220,0.0000,0.0000,0.0169,0.0000,0.0000
National,X,2013,52,0.9659,0.0000,0.0151,0.0000,0.0000,0.0190,0.0000,0.0000
National,X,2014,1,0.9598,0.0000,0.0232,0.0000,0.0000,0.0170,0.0000,0.0000
National,X,2014,2,0.9535,0.0000,0.0285,0.0000,0.0000,0.0180,0.0000,0.0000
National,X,2014,3,0.9359,0.0000,0.0361,0.0000,0.0000,0.0280,0.0000,0.0000
National,X,2014,4,0.9084,0.0000,0.0454,0.0000,0.0000,0.0462,0.0000,0.0000
National,X,2014,5,0.8981,0.0000,0.0434,0.0000,0.0000,0.0585,0.0000,0.0000
National,X,2014,6,0.8419,0.0000,0.0697,0.0000,0.0000,0.0884,0.0000,0.0000
National,X,2014,7,0.8106,0.0000,0.0730,0.0000,0.0000,0.1164,0.0000,0.0000
National,X,2014,8,0.7532,0.0000,0.0834,0.0000,0.0000,0.1634,0.0000,0.0000
National,X,2014,9,0.6593,0.0000,0.1157,0.0000,0.0000,0.2250,0.0000,0.0000
National,X,2014,10,0.5660,0.0000,0.1398,0.0000,0.0000,0.2942,0.0000,0.0000
National,X,2014,11,0.4747,0.0000,0.1866,0.0000,0.0000,0.3387,0.0000,0.0000
National,X,2014,12,0.3098,0.0000,0.2397,0.0000,0.0000,0.4505,0.0000,0.0000
National,X,2014,13,0.2301,0.0000,0.2714,0.0000,0.0000,0.4985,0.0000,0.0000
National,X,2014,14,0.1501,0.0000,0.3055,0.0000,0.0000,0.5444,0.0000,0.0000
National,X,2014,15,0.0817,0.0000,0.3373,0.0000,0.0000,0.5810,0.0000,0.0000
National,X,2014,16,0.0606,0.0000,0.3736,0.0000,0.0000,0.5658,0.0000,0.0000
National,X,2014,17,0.0667,0.0000,0.3641,0.0000,0.0000,0.5692,0.0000,0.0000
National,X,2014,18,0.0315,0.0000,0.3661,0.0000,0.0000,0.6024,0.0000,0.0000
National,X,2014,19,0.0264,0.0000,0.3807,0.0000,0.0000,0.5929,0.0000,0.0000
National,X,2014,20,0.0262,0.0000,0.3894,0.0000,0.0000,0.5844,0.0000,0.0000
National,X,2014,21,0.0154,0.0000,0.4047,0.0000,0.0000,0.5799,0.0000,0.0000
National,X,2014,22,0.0119,0.0000,0.4562,0.0000,0.0000,0.5319,0.0000,0.0000
National,X,2014,23,0.0146,0.0000,0.4710,0.0000,0.0000,0.5144,0.0000,0.0000
National,X,2014,24,0.0151,0.0000,0.5087,0.0000,0.0000,0.4762,0.0000,0.0000
National,X,2014,25,0.0210,0.0000,0.4834,0.0000,0.0000,0.4956,0.0000,0.0000
National,X,2014,26,0.0092,0.0000,0.4160,0.0000,0.0000,0.5748,0.0000,0.0000
National,X,2014,27,0.0194,0.0000,0.4553,0.0000,0.0000,0.5253,0.0000,0.0000
National,X,2014,28,0.0294,0.0000,0.5392,0.0000,0.0000,0.4314,0.0000,0.0000
National,X,2014,29,0.0000,0.0000,0.4959,0.0000,0.0000,0.5041,0.0000,0.0000
National,X,2014,30,0.0294,0.0000,0.5432,0.0000,0.0000,0.4274,0.0000,0.0000
National,X,2014,31,0.0272,0.0000,0.7205,0.0000,0.0000,0.2523,0.0000,0.0000
National,X,2014,32,0.0739,0.0000,0.6499,0.0148,0.0000,0.2614,0.0000,0.0000
National,X,2014,33,0.0123,0.0000,0.6663,0.0000,0.0000,0.3214,0.0000,0.0000
National,X,2014,34,0.0378,0.0000,0.5678,0.0126,0.0000,0.3818,0.0000,0.0000
National,X,2014,35,0.0610,0.0000,0.6302,0.0000,0.0000,0.3088,0.0000,0.0000
National,X,2014,36,0.0974,0.0000,0.6120,0.0000,0.0000,0.2906,0.0000,0.0000
National,X,2014,37,0.0114,0.0000,0.7520,0.0000,0.0000,0.2366,0.0000,0.0000
National,X,2014,38,0.0476,0.0000,0.6425,0.0000,0.0000,0.3099,0.0000,0.0000
National,X,2014,39,0.0077,0.0000,0.6737,0.0000,0.0000,0.3186,0.0000,0.0000
National,X,2014,40,0.0126,0.0000,0.6314,0.0000,0.0000,0.3560,0.0000,0.0000
National,X,2014,41,0.0244,0.0000,0.6111,0.0000,0.0000,0.3645,0.0000,0.0000
National,X,2014,42,0.0215,0.0000,0.6946,0.0031,0.0000,0.2808,0.0000,0.0000
National,X,2014,43,0.0177,0.0000,0.7488,0.0000,0.0000,0.2335,0.0000,0.0000
National,X,2014,44,0.0109,0.0000,0.8020,0.0000,0.0000,0.1871,0.0000,0.0000
National,X,2014,45,0.0101,0.0000,0.8558,0.0000,0.0000,0.1341,0.0000,0.0000
National,X,2014,46,0.0112,0.0000,0.8851,0.0000,0.0000,0.1037,0.0000,0.0000
National,X,2014,47,0.0046,0.0000,0.9276,0.0000,0.0000,0.0678,0.0000,0.0000
National,X,2014,48,0.0049,0.0000,0.9399,0.0000,0.0000,0.0552,0.0000,0.0000
National,X,2014,49,0.0048,0.0000,0.9485,0.0000,0.0000,0.0467,0.0000,0.0000
National,X,2014,50,0.0015,0.0000,0.9600,0.0000,0.0000,0.0385,0.0000,0.0000
National,X,2014,51,0.0008,0.0000,0.9709,0.0000,0.0000,0.0283,0.0000,0.0000
National,X,2014,52,0.0017,0.0000,0.9699,0.0000,0.0000,0.0284,0.0000,0.0000
National,X,2014,53,0.0018,0.0000,0.9622,0.0000,0.0000,0.0360,0.0000,0.0000
National,X,2015,1,0.0021,0.0000,0.9577,0.0000,0.0000,0.0402,0.0000,0.0000
National,X,2015,2,0.0019,0.0000,0.9434,0.0000,0.0000,0.0547,0.0000,0.0000
National,X,2015,3,0.0009,0.0000,0.9305,0.0000,0.0000,0.0686,0.0000,0.0000
National,X,2015,4,0.0029,0.0000,0.9090,0.0000,0.0000,0.0881,0.0000,0.0000
National,X,2015,5,0.0032,0.0000,0.8682,0.0000,0.0000,0.1286,0.0000,0.0000
National,X,2015,6,0.0032,0.0000,0.7897,0.0000,0.0000,0.2071,0.0000,0.0000
National,X,2015,7,0.0056,0.0000,0.6947,0.0000,0.0000,0.2997,0.0000,0.0000
National,X,2015,8,0.0112,0.0000,0.5918,0.0000,0.0000,0.3970,0.0000,0.0000
National,X,2015,9,0.0032,0.0000,0.4940,0.0000,0.0000,0.5028,0.0000,0.0000
National,X,2015,10,0.0059,0.0000,0.3388,0.0000,0.0000,0.6553,0.0000,0.0000
National,X,2015,11,0.0017,0.0000,0.2898,0.0000,0.0000,0.7085,0.0000,0.0000
National,X,2015,12,0.0068,0.0000,0.2189,0.0000,0.0000,0.7743,0.0000,0.0000
National,X,2015,13,0.0041,0.0000,0.1704,0.0000,0.0000,0.8255,0.0000,0.0000
National,X,2015,14,0.0115,0.0000,0.1255,0.0000,0.0000,0.8630,0.0000,0.0000
National,X,2015,15,0.0231,0.0000,0.1171,0.0000,0.0000,0.8598,0.0000,0.0000
National,X,2015,16,0.0047,0.0000,0.1118,0.0000,0.0000,0.8835,0.0000,0.0000
National,X,2015,17,0.0144,0.0000,0.0938,0.0000,0.0000,0.8918,0.0000,0.0000
National,X,2015,18,0.0089,0.0000,0.0537,0.0000,0.0000,0.9374,0.0000,0.0000
National,X,2015,19,0.0127,0.0000,0.1019,0.0000,0.0000,0.8854,0.0000,0.0000
National,X,2015,20,0.0061,0.0000,0.1271,0.0000,0.0000,0.8668,0.0000,0.0000
National,X,2015,21,0.0088,0.0000,0.1770,0.0000,0.0000,0.8142,0.0000,0.0000
National,X,2015,22,0.0000,0.0000,0.2165,0.0000,0.0000,0.7835,0.0000,0.0000
National,X,2015,23,0.0131,0.0000,0.2622,0.0000,0.0000,0.7247,0.0000,0.0000
National,X,2015,24,0.0187,0.0000,0.4681,0.0000,0.0000,0.5132,0.0000,0.0000
National,X,2015,25,0.0000,0.0000,0.6198,0.0000,0.0000,0.3802,0.0000,0.0000
National,X,2015,26,0.0244,0.0000,0.7198,0.0000,0.0000,0.2558,0.0000,0.0000
National,X,2015,27,0.0566,0.0000,0.5657,0.0141,0.0000,0.3636,0.0000,0.0000
National,X,2015,28,0.0450,0.0000,0.5248,0.0000,0.0000,0.4302,0.0000,0.0000
National,X,2015,29,0.0432,0.0000,0.6691,0.0000,0.0000,0.2877,0.0000,0.0000
National,X,2015,30,0.0000,0.0000,0.8767,0.0000,0.0000,0.1233,0.0000,0.0000
National,X,2015,31,0.0597,0.0000,0.7468,0.0000,0.0000,0.1935,0.0000,0.0000
National,X,2015,32,0.0671,0.0000,0.7601,0.0000,0.0000,0.1728,0.0000,0.0000
National,X,2015,33,0.0294,0.0000,0.8073,0.0000,0.0000,0.1633,0.0000,0.0000
National,X,2015,34,0.0511,0.0000,0.7489,0.0000,0.0000,0.2000,0.0000,0.0000
National,X,2015,35,0.0354,0.0000,0.7560,0.0000,0.0000,0.2086,0.0000,0.0000
National,X,2015,36,0.0099,0.0000,0.7333,0.0000,0.0000,0.2568,0.0000,0.0000
National,X,2015,37,0.0321,0.0000,0.7305,0.0000,0.0000,0.2374,0.0000,0.0000
National,X,2015,38,0.0123,0.0000,0.7123,0.0000,0.0000,0.2754,0.0000,0.0000
National,X,2015,39,0.0590,0.0000,0.6489,0.0000,0.0000,0.2921,0.0000,0.0000
National,X,2015,40,0.0502,0.0000,0.8157,0.0000,0.0000,0.0000,0.0000,0.1341
National,X,2015,41,0.0900,0.0000,0.7376,0.0000,0.0000,0.0000,0.1724,0.0000
National,X,2015,42,0.1374,0.0000,0.6869,0.0000,0.0000,0.0000,0.1054,0.0703
National,X,2015,43,0.1707,0.0000,0.5879,0.0000,0.0000,0.0000,0.0483,0.1931
National,X,2015,44,0.1021,0.0000,0.5868,0.0000,0.0000,0.0000,0.0622,0.2489
National,X,2015,45,0.1814,0.0000,0.5606,0.0000,0.0000,0.0000,0.1720,0.0860
National,X,2015,46,0.2542,0.0000,0.6282,0.0000,0.0000,0.0000,0.0000,0.1176
National,X,2015,47,0.2982,0.0000,0.4211,0.0000,0.0000,0.0000,0.0702,0.2105
National,X,2015,48,0.3143,0.0000,0.4191,0.0000,0.0000,0.0000,0.0533,0.2133
National,X,2015,49,0.3874,0.0000,0.3773,0.0000,0.0000,0.0000,0.0362,0.1991
National,X,2015,50,0.4894,0.0000,0.2766,0.0000,0.0000,0.0000,0.0407,0.1933
National,X,2015,51,0.5405,0.0000,0.2004,0.0000,0.0000,0.0000,0.0251,0.2340
National,X,2015,52,0.5643,0.0000,0.2165,0.0000,0.0000,0.0000,0.0448,0.1744
National,X,2016,1,0.6146,0.0000,0.1801,0.0000,0.0000,0.0000,0.0385,0.1668
National,X,2016,2,0.5410,0.0000,0.1881,0.0000,0.0000,0.0000,0.0751,0.1958
National,X,2016,3,0.5920,0.0000,0.1640,0.0000,0.0000,0.0000,0.0565,0.1875
National,X,2016,4,0.5780,0.0000,0.1758,0.0000,0.0000,0.0000,0.0522,0.1940
National,X,2016,5,0.5887,0.0000,0.1498,0.0000,0.0000,0.0000,0.0791,0.1824
National,X,2016,6,0.5717,0.0000,0.1514,0.0000,0.0000,0.0000,0.0710,0.2059
National,X,2016,7,0.6147,0.0000,0.1174,0.0000,0.0000,0.0000,0.0670,0.2009
National,X,2016,8,0.6317,0.0000,0.0876,0.0000,0.0000,0.0000,0.0812,0.1995
National,X,2016,9,0.6526,0.0000,0.1083,0.0000,0.0000,0.0000,0.0698,0.1693
National,X,2016,10,0.6762,0.0000,0.0974,0.0000,0.0000,0.0000,0.0741,0.1523
National,X,2016,11,0.6482,0.0000,0.0912,0.0000,0.0000,0.0000,0.0929,0.1677
National,X,2016,12,0.6020,0.0000,0.1127,0.0000,0.0000,0.0000,0.1030,0.1823
National,X,2016,13,0.5325,0.0000,0.1188,0.0000,0.0000,0.0000,0.1310,0.2177
National,X,2016,14,0.4899,0.0000,0.1238,0.0000,0.0000,0.0000,0.1522,0.2341
National,X,2016,15,0.4324,0.0000,0.1321,0.0000,0.0000,0.0000,0.1533,0.2822
National,X,2016,16,0.3473,0.0000,0.1599,0.0000,0.0000,0.0000,0.1702,0.3226
National,X,2016,17,0.3033,0.0000,0.1780,0.0000,0.0000,0.0000,0.2054,0.3133
National,X,2016,18,0.2213,0.0000,0.1696,0.0000,0.0000,0.0000,0.2391,0.3700
National,X,2016,19,0.1947,0.0000,0.2277,0.0000,0.0000,0.0000,0.1943,0.3833
National,X,2016,20,0.1618,0.0000,0.3560,0.0000,0.0000,0.0000,0.1055,0.3767
National,X,2016,21,0.1132,0.0000,0.3114,0.0000,0.0000,0.0000,0.2344,0.3410
National,X,2016,22,0.0465,0.0000,0.1513,0.0000,0.0000,0.0000,0.2292,0.5730
National,X,2016,23,0.0905,0.0000,0.2716,0.0000,0.0000,0.0000,0.1664,0.4715
National,X,2016,24,0.1489,0.0000,0.3830,0.0000,0.0000,0.0000,0.1755,0.2926
National,X,2016,25,0.0877,0.0000,0.3860,0.0000,0.0000,0.0000,0.2368,0.2895
National,X,2016,26,0.0797,0.0000,0.4785,0.0000,0.0000,0.0000,0.1767,0.2651
National,X,2016,27,0.0513,0.0000,0.4615,0.0000,0.0000,0.0000,0.1740,0.3132
National,X,2016,28,0.0268,0.0000,0.5630,0.0000,0.0000,0.0000,0.0631,0.3471
National,X,2016,29,0.0600,0.0000,0.5400,0.0000,0.0000,0.0000,0.0000,0.4000
National,X,2016,30,0.0364,0.0000,0.6909,0.0182,0.0000,0.0000,0.0424,0.2121
National,X,2016,31,0.0186,0.0000,0.8363,0.0558,0.0000,0.0000,0.0179,0.0714
National,X,2016,32,0.1000,0.0000,0.4667,0.1667,0.0000,0.0000,0.0533,0.2133
National,X,2016,33,0.0222,0.0000,0.6444,0.0889,0.0000,0.0000,0.0306,0.2139
National,X,2016,34,0.1163,0.0000,0.6512,0.0000,0.0000,0.0000,0.0581,0.1744
National,X,2016,35,0.1373,0.0000,0.6470,0.0000,0.0000,0.0000,0.1438,0.0719
National,X,2016,36,0.0517,0.0000,0.7759,0.0000,0.0000,0.0000,0.0431,0.1293
National,X,2016,37,0.0971,0.0000,0.6676,0.0000,0.0000,0.0000,0.0941,0.1412
National,X,2016,38,0.0606,0.0000,0.7778,0.0000,0.0000,0.0000,0.0606,0.1010
National,X,2016,39,0.0533,0.0000,0.7783,0.0000,0.0000,0.0000,0.1684,0.0000
National,X,2016,40,0.0849,0.0000,0.8208,0.0000,0.0000,0.0000,0.0524,0.0419
National,X,2016,41,0.1019,0.0000,0.7499,0.0000,0.0000,0.0000,0.0798,0.0684
National,X,2016,42,0.0728,0.0000,0.8134,0.0000,0.0000,0.0000,0.0506,0.0632
National,X,2016,43,0.0839,0.0000,0.8391,0.0000,0.0000,0.0000,0.0385,0.0385
National,X,2016,44,0.0781,0.0000,0.7945,0.0000,0.0000,0.0000,0.0749,0.0525
National,X,2016,45,0.0291,0.0000,0.9015,0.0000,0.0000,0.0000,0.0595,0.0099
National,X,2016,46,0.0411,0.0000,0.8639,0.0000,0.0000,0.0000,0.0831,0.0119
National,X,2016,47,0.0271,0.0000,0.8879,0.0000,0.0000,0.0000,0.0486,0.0364
National,X,2016,48,0.0352,0.0000,0.8601,0.0000,0.0000,0.0000,0.0809,0.0238
National,X,2016,49,0.0268,0.0000,0.9162,0.0000,0.0000,0.0000,0.0422,0.0148
National,X,2016,50,0.0217,0.0000,0.9055,0.0000,0.0000,0.0000,0.0437,0.0291
National,X,2016,51,0.0258,0.0000,0.9021,0.0000,0.0000,0.0000,0.0415,0.0306
National,X,2016,52,0.0176,0.0000,0.9235,0.0000,0.0000,0.0000,0.0362,0.0227
National,X,2017,1,0.0236,0.0000,0.9206,0.0000,0.0000,0.0000,0.0245,0.0313
National,X,2017,2,0.0204,0.0000,0.9181,0.0000,0.0000,0.0000,0.0241,0.0374
National,X,2017,3,0.0227,0.0000,0.8988,0.0000,0.0000,0.0000,0.0313,0.0472
National,X,2017,4,0.0174,0.0000,0.9006,0.0000,0.0000,0.0000,0.0300,0.0520
National,X,2017,5,0.0172,0.0000,0.8736,0.0000,0.0000,0.0000,0.0377,0.0715
National,X,2017,6,0.0205,0.0000,0.8609,0.0000,0.0000,0.0000,0.0408,0.0778
National,X,2017,7,0.0210,0.0000,0.8083,0.0000,0.0000,0.0000,0.0574,0.1133
National,X,2017,8,0.0285,0.0000,0.7743,0.0000,0.0000,0.0000,0.0608,0.1364
National,X,2017,9,0.0251,0.0000,0.6939,0.0000,0.0000,0.0000,0.0826,0.1984
National,X,2017,10,0.0259,0.0000,0.6498,0.0000,0.0000,0.0000,0.0849,0.2394
National,X,2017,11,0.0171,0.0000,0.5564,0.0000,0.0000,0.0000,0.1035,0.3230
National,X,2017,12,0.0181,0.0000,0.4930,0.0000,0.0000,0.0000,0.1318,0.3571
National,X,2017,13,0.0167,0.0000,0.4056,0.0000,0.0000,0.0000,0.1149,0.4628
National,X,2017,14,0.0157,0.0000,0.3450,0.0000,0.0000,0.0000,0.1319,0.5074
National,X,2017,15,0.0066,0.0000,0.2932,0.0000,0.0000,0.0000,0.1029,0.5973
National,X,2017,16,0.0206,0.0000,0.2691,0.0000,0.0000,0.0000,0.1262,0.5841
National,X,2017,17,0.0168,0.0000,0.3189,0.0000,0.0000,0.0000,0.1460,0.5183
National,X,2017,18,0.0175,0.0000,0.2897,0.0000,0.0000,0.0000,0.1326,0.5602
National,X,2017,19,0.0104,0.0000,0.3377,0.0000,0.0000,0.0000,0.1598,0.4921
National,X,2017,20,0.0204,0.0000,0.2567,0.0000,0.0000,0.0000,0.1623,0.5606
National,X,2017,21,0.0341,0.0000,0.2330,0.0000,0.0000,0.0000,0.1798,0.5531
National,X,2017,22,0.0060,0.0000,0.2321,0.0000,0.0000,0.0000,0.3501,0.4118
National,X,2017,23,0.0352,0.0000,0.2324,0.0000,0.0000,0.0000,0.1896,0.5428
National,X,2017,24,0.0697,0.0000,0.3747,0.0000,0.0000,0.0000,0.1091,0.4465
National,X,2017,25,0.0526,0.0000,0.4211,0.0000,0.0000,0.0000,0.1378,0.3885
National,X,2017,26,0.0664,0.0000,0.5180,0.0000,0.0000,0.0000,0.0665,0.3491
National,X,2017,27,0.1754,0.0000,0.5088,0.0000,0.0000,0.0000,0.1579,0.1579
National,X,2017,28,0.0645,0.0000,0.5000,0.0323,0.0000,0.0000,0.1440,0.2592
National,X,2017,29,0.1356,0.0000,0.4407,0.1525,0.0000,0.0000,0.0000,0.2712
National,X,2017,30,0.1155,0.0000,0.5113,0.0000,0.0000,0.0000,0.0170,0.3562
National,X,2017,31,0.1231,0.0000,0.6308,0.0769,0.0000,0.0000,0.0000,0.1692
National,X,2017,32,0.0795,0.0000,0.5566,0.0133,0.0000,0.0000,0.0000,0.3506
National,X,2017,33,0.1081,0.0000,0.6919,0.0000,0.0000,0.0000,0.0000,0.2000
National,X,2017,34,0.0756,0.0000,0.6805,0.0000,0.0000,0.0000,0.0244,0.2195
National,X,2017,35,0.2024,0.0000,0.7198,0.0000,0.0000,0.0000,0.0216,0.0562
National,X,2017,36,0.0904,0.0000,0.7911,0.0000,0.0000,0.0000,0.0000,0.1185
National,X,2017,37,0.0533,0.0000,0.7267,0.0000,0.0000,0.0000,0.0232,0.1968
National,X,2017,38,0.0135,0.0000,0.6812,0.1146,0.0000,0.0000,0.0100,0.1807
National,X,2017,39,0.0603,0.0000,0.7172,0.1447,0.0000,0.0000,0.0000,0.0778
National,X,2017,40,0.0825,0.0000,0.7808,0.0063,0.0000,0.0000,0.0000,0.1304
National,X,2017,41,0.0783,0.0000,0.7993,0.0000,0.0000,0.0000,0.0288,0.0936
National,X,2017,42,0.0697,0.0000,0.8607,0.0000,0.0000,0.0000,0.0058,0.0638
National,X,2017,43,0.1095,0.0000,0.7584,0.0000,0.0000,0.0000,0.0060,0.1261
National,X,2017,44,0.0736,0.0000,0.7636,0.0000,0.0000,0.0000,0.0125,0.1503
National,X,2017,45,0.0738,0.0000,0.8019,0.0000,0.0000,0.0000,0.0134,0.1109
National,X,2017,46,0.1008,0.0000,0.7289,0.0000,0.0000,0.0000,0.0129,0.1574
National,X,2017,47,0.0677,0.0000,0.8089,0.0000,0.0000,0.0000,0.0095,0.1139
National,X,2017,48,0.0620,0.0000,0.8005,0.0010,0.0000,0.0000,0.0094,0.1271
National,X,2017,49,0.0564,0.0000,0.8265,0.0000,0.0000,0.0000,0.0157,0.1014
National,X,2017,50,0.0721,0.0000,0.7977,0.0000,0.0000,0.0000,0.0223,0.1079
National,X,2017,51,0.0773,0.0000,0.8027,0.0000,0.0000,0.0000,0.0158,0.1042
National,X,2017,52,0.0741,0.0000,0.7924,0.0000,0.0000,0.0000,0.0115,0.1220
National,X,2018,1,0.0748,0.0000,0.7696,0.0000,0.0000,0.0000,0.0138,0.1418
National,X,2018,2,0.0882,0.0000,0.7489,0.0000,0.0000,0.0000,0.0119,0.1510
National,X,2018,3,0.1043,0.0000,0.7005,0.0000,0.0000,0.0000,0.0157,0.1795
National,X,2018,4,0.1260,0.0000,0.6416,0.0000,0.0000,0.0000,0.0174,0.2150
National,X,2018,5,0.1284,0.0000,0.5909,0.0000,0.0000,0.0000,0.0285,0.2522
National,X,2018,6,0.1381,0.0000,0.5177,0.0000,0.0000,0.0000,0.0373,0.3069
National,X,2018,7,0.1506,0.0000,0.4595,0.0000,0.0000,0.0000,0.0429,0.3470
National,X,2018,8,0.1171,0.0000,0.4105,0.0000,0.0000,0.0000,0.0544,0.4180
National,X,2018,9,0.1358,0.0000,0.3247,0.0000,0.0000,0.0000,0.0603,0.4792
National,X,2018,10,0.1013,0.0000,0.2890,0.0000,0.0000,0.0000,0.0731,0.5366
National,X,2018,11,0.1553,0.0000,0.2288,0.0000,0.0000,0.0000,0.0705,0.5454
National,X,2018,12,0.1219,0.0000,0.2378,0.0000,0.0000,0.0000,0.0642,0.5761
National,X,2018,13,0.1372,0.0000,0.2287,0.0000,0.0000,0.0000,0.0760,0.5581
National,X,2018,14,0.1498,0.0000,0.2034,0.0000,0.0000,0.0000,0.0761,0.5707
National,X,2018,15,0.1711,0.0000,0.1728,0.0000,0.0000,0.0000,0.0779,0.5782
National,X,2018,16,0.1170,0.0000,0.1972,0.0000,0.0000,0.0000,0.1161,0.5697
National,X,2018,17,0.1718,0.0000,0.1626,0.0000,0.0000,0.0000,0.1123,0.5533
National,X,2018,18,0.1665,0.0000,0.1290,0.0000,0.0000,0.0000,0.0653,0.6392
National,X,2018,19,0.1356,0.0000,0.1695,0.0000,0.0000,0.0000,0.0563,0.6386
National,X,2018,20,0.2319,0.0000,0.1449,0.0000,0.0000,0.0000,0.1133,0.5099
National,X,2018,21,0.3214,0.0000,0.1071,0.0000,0.0000,0.0000,0.0952,0.4763
National,X,2018,22,0.2857,0.0000,0.1786,0.0000,0.0000,0.0000,0.0824,0.4533
National,X,2018,23,0.2800,0.0000,0.1200,0.0000,0.0000,0.0000,0.1500,0.4500
National,X,2018,24,0.2727,0.0000,0.1364,0.0000,0.0000,0.0000,0.1612,0.4297
National,X,2018,25,0.0714,0.0000,0.2143,0.0714,0.0000,0.0000,0.2143,0.4286
National,X,2018,26,0.2222,0.0000,0.6667,0.0000,0.0000,0.0000,0.0000,0.1111
National,X,2018,27,0.4286,0.0000,0.2381,0.0000,0.0000,0.0000,0.0000,0.3333
National,X,2018,28,0.3478,0.0000,0.3914,0.0000,0.0000,0.0000,0.1043,0.1565
National,X,2018,29,0.5173,0.0000,0.1724,0.0000,0.0000,0.0000,0.1034,0.2069
National,X,2018,30,0.6667,0.0000,0.2222,0.0000,0.0000,0.0000,0.1111,0.0000
National,X,2018,31,0.3922,0.0000,0.5602,0.0000,0.0000,0.0000,0.0000,0.0476
National,X,2018,32,0.3701,0.0000,0.4935,0.0000,0.0000,0.0000,0.0000,0.1364
National,X,2018,33,0.3106,0.0000,0.5590,0.0000,0.0000,0.0000,0.0000,0.1304
National,X,2018,34,0.4390,0.0000,0.5166,0.0000,0.0000,0.0000,0.0000,0.0444
National,X,2018,35,0.5556,0.0000,0.3333,0.0000,0.0000,0.0000,0.0000,0.1111
National,X,2018,36,0.4722,0.0000,0.4722,0.0000,0.0000,0.0000,0.0000,0.0556
National,X,2018,37,0.5919,0.0000,0.2857,0.0000,0.0000,0.0000,0.0204,0.1020
National,X,2018,38,0.5028,0.0000,0.3885,0.0000,0.0000,0.0000,0.0362,0.0725
National,X,2018,39,0.5556,0.0000,0.3611,0.0000,0.0000,0.0000,0.0000,0.0833
National,X,2018,40,0.5272,0.0000,0.2000,0.0000,0.0000,0.0000,0.1061,0.1667
National,X,2018,41,0.6977,0.0000,0.1476,0.0000,0.0000,0.0000,0.0580,0.0967
National,X,2018,42,0.5879,0.0000,0.2487,0.0000,0.0000,0.0000,0.0204,0.1430
National,X,2018,43,0.6004,0.0000,0.2765,0.0000,0.0000,0.0000,0.0000,0.1231
National,X,2018,44,0.7196,0.0000,0.1970,0.0000,0.0000,0.0000,0.0093,0.0741
National,X,2018,45,0.7382,0.0000,0.1704,0.0000,0.0000,0.0000,0.0332,0.0582
National,X,2018,46,0.7640,0.0000,0.2117,0.0000,0.0000,0.0000,0.0097,0.0146
National,X,2018,47,0.7770,0.0000,0.1951,0.0000,0.0000,0.0000,0.0080,0.0199
National,X,2018,48,0.8097,0.0000,0.1590,0.0000,0.0000,0.0000,0.0052,0.0261
National,X,2018,49,0.7722,0.0000,0.1925,0.0000,0.0000,0.0000,0.0106,0.0247
National,X,2018,50,0.7880,0.0000,0.1938,0.0000,0.0000,0.0000,0.0098,0.0084
National,X,2018,51,0.7976,0.0000,0.1774,0.0000,0.0000,0.0000,0.0179,0.0071
National,X,2018,52,0.8021,0.0000,0.1768,0.0000,0.0000,0.0000,0.0143,0.0068
National,X,2019,1,0.7803,0.0000,0.2013,0.0000,0.0000,0.0000,0.0059,0.0125
National,X,2019,2,0.8427,0.0000,0.1373,0.0000,0.0000,0.0000,0.0033,0.0167
National,X,2019,3,0.7839,0.0000,0.1951,0.0000,0.0000,0.0000,0.0108,0.0102
National,X,2019,4,0.7354,0.0000,0.2435,0.0000,0.0000,0.0000,0.0143,0.0068
National,X,2019,5,0.6613,0.0000,0.3180,0.0000,0.0000,0.0000,0.0120,0.0087
National,X,2019,6,0.6010,0.0000,0.3843,0.0000,0.0000,0.0000,0.0091,0.0056
National,X,2019,7,0.5535,0.0000,0.4242,0.0000,0.0000,0.0000,0.0138,0.0085
National,X,2019,8,0.4814,0.0000,0.4879,0.0000,0.0000,0.0000,0.0215,0.0092
National,X,2019,9,0.4250,0.0000,0.5503,0.0000,0.0000,0.0000,0.0191,0.0056
National,X,2019,10,0.3982,0.0000,0.5638,0.0000,0.0000,0.0000,0.0231,0.0149
National,X,2019,11,0.3489,0.0000,0.6060,0.0000,0.0000,0.0000,0.0290,0.0161
National,X,2019,12,0.3254,0.0000,0.6125,0.0000,0.0000,0.0000,0.0450,0.0171
National,X,2019,13,0.2660,0.0000,0.6256,0.0000,0.0000,0.0000,0.0786,0.0298
National,X,2019,14,0.2390,0.0000,0.6309,0.0000,0.0000,0.0000,0.1012,0.0289
National,X,2019,15,0.2106,0.0000,0.6405,0.0000,0.0000,0.0000,0.1136,0.0353
National,X,2019,16,0.2254,0.0000,0.6140,0.0000,0.0000,0.0000,0.1164,0.0442
National,X,2019,17,0.2073,0.0000,0.5136,0.0000,0.0000,0.0000,0.2054,0.0737
National,X,2019,18,0.2278,0.0000,0.5538,0.0000,0.0000,0.0000,0.1713,0.0471
National,X,2019,19,0.2201,0.0000,0.4599,0.0000,0.0000,0.0000,0.2624,0.0576
National,X,2019,20,0.2367,0.0000,0.4515,0.0000,0.0000,0.0000,0.2654,0.0464
National,X,2019,21,0.2271,0.0000,0.5248,0.0000,0.0000,0.0000,0.2233,0.0248
National,X,2019,22,0.1752,0.0000,0.4190,0.0000,0.0000,0.0000,0.2818,0.1240
National,X,2019,23,0.1946,0.0000,0.4202,0.0000,0.0000,0.0000,0.3735,0.0117
National,X,2019,24,0.2043,0.0000,0.5546,0.0000,0.0000,0.0000,0.2181,0.0230
National,X,2019,25,0.2056,0.0000,0.5628,0.0000,0.0000,0.0000,0.2316,0.0000
National,X,2019,26,0.2401,0.0000,0.5488,0.0000,0.0000,0.0000,0.1689,0.0422
National,X,2019,27,0.3360,0.0000,0.4751,0.0000,0.0000,0.0000,0.1754,0.0135
National,X,2019,28,0.1568,0.0000,0.6585,0.0000,0.0000,0.0000,0.1662,0.0185
National,X,2019,29,0.1551,0.0000,0.7108,0.0000,0.0000,0.0000,0.1341,0.0000
National,X,2019,30,0.3092,0.0000,0.4720,0.0000,0.0000,0.0000,0.2188,0.0000
National,X,2019,31,0.2481,0.0000,0.5316,0.0000,0.0000,0.0000,0.1836,0.0367
National,X,2019,32,0.1228,0.0000,0.5790,0.0000,0.0000,0.0000,0.2982,0.0000
National,X,2019,33,0.2222,0.0000,0.3778,0.0000,0.0000,0.0000,0.4000,0.0000
National,X,2019,34,0.2101,0.0000,0.4203,0.0000,0.0000,0.0000,0.3696,0.0000
National,X,2019,35,0.1743,0.0000,0.4234,0.0000,0.0000,0.0000,0.4023,0.0000
National,X,2019,36,0.1642,0.0000,0.5540,0.0000,0.0000,0.0000,0.2724,0.0094
National,X,2019,37,0.0984,0.0000,0.5659,0.0000,0.0000,0.0000,0.3211,0.0146
National,X,2019,38,0.2050,0.0000,0.4481,0.0000,0.0000,0.0000,0.3469,0.0000
National,X,2019,39,0.1457,0.0000,0.4859,0.0000,0.0000,0.0000,0.3684,0.0000
National,X,2019,40,0.1880,0.0000,0.4288,0.0000,0.0000,0.0000,0.3765,0.0067
National,X,2019,41,0.2045,0.0000,0.3965,0.0000,0.0000,0.0000,0.3879,0.0111
National,X,2019,42,0.1843,0.0000,0.4200,0.0000,0.0000,0.0000,0.3809,0.0148
National,X,2019,43,0.2414,0.0000,0.3553,0.0000,0.0000,0.0000,0.3833,0.0200
National,X,2019,44,0.2505,0.0000,0.2939,0.0000,0.0000,0.0000,0.4374,0.0182
National,X,2019,45,0.3472,0.0000,0.2106,0.0000,0.0000,0.0000,0.4241,0.0181
National,X,2019,46,0.3249,0.0000,0.1265,0.0000,0.0000,0.0000,0.5325,0.0161
National,X,2019,47,0.3505,0.0000,0.1060,0.0000,0.0000,0.0000,0.5309,0.0126
National,X,2019,48,0.3716,0.0000,0.0836,0.0000,0.0000,0.0000,0.5341,0.0107
National,X,2019,49,0.3792,0.0000,0.0614,0.0000,0.0000,0.0000,0.5477,0.0117
National,X,2019,50,0.3507,0.0000,0.0441,0.0000,0.0000,0.0000,0.5942,0.0110
National,X,2019,51,0.3983,0.0000,0.0226,0.0000,0.0000,0.0000,0.5709,0.0082
National,X,2019,52,0.4086,0.0000,0.0297,0.0000,0.0000,0.0000,0.5517,0.0100
National,X,2020,1,0.4503,0.0000,0.0360,0.0000,0.0000,0.0000,0.5046,0.0091
National,X,2020,2,0.4814,0.0000,0.0309,0.0000,0.0000,0.0000,0.4793,0.0084
National,X,2020,3,0.5105,0.0000,0.0233,0.0000,0.0000,0.0000,0.4617,0.0045
National,X,2020,4,0.5491,0.0000,0.0245,0.0000,0.0000,0.0000,0.4234,0.0030
National,X,2020,5,0.6193,0.0000,0.0241,0.0000,0.0000,0.0000,0.3540,0.0026
National,X,2020,6,0.6570,0.0000,0.0254,0.0000,0.0000,0.0000,0.3158,0.0018
National,X,2020,7,0.6637,0.0000,0.0210,0.0000,0.0000,0.0000,0.3111,0.0042
National,X,2020,8,0.6940,0.0000,0.0301,0.0000,0.0000,0.0000,0.2716,0.0043
National,X,2020,9,0.7197,0.0000,0.0272,0.0000,0.0000,0.0000,0.2487,0.0044
National,X,2020,10,0.7467,0.0000,0.0338,0.0000,0.0000,0.0000,0.2146,0.0049
National,X,2020,11,0.7622,0.0000,0.0496,0.0000,0.0000,0.0000,0.1854,0.0028
National,X,2020,12,0.7449,0.0000,0.0503,0.0000,0.0000,0.0000,0.2022,0.0026
National,X,2020,13,0.6285,0.0000,0.0440,0.0000,0.0000,0.0000,0.2977,0.0298
National,X,2020,14,0.7573,0.0000,0.0205,0.0000,0.0000,0.0000,0.2222,0.0000
National,X,2020,15,0.8857,0.0000,0.0000,0.0000,0.0000,0.0000,0.1125,0.0018
National,X,2020,16,0.7917,0.0000,0.0000,0.0000,0.0000,0.0000,0.2083,0.0000
National,X,2020,17,0.8667,0.0000,0.0000,0.0000,0.0000,0.0000,0.1312,0.0021
National,X,2020,18,0.8889,0.0000,0.0000,0.0000,0.0000,0.0000,0.1111,0.0000
National,X,2020,19,0.8965,0.0000,0.0345,0.0000,0.0000,0.0000,0.0679,0.0011
National,X,2020,20,0.8889,0.0000,0.0000,0.0000,0.0000,0.0000,0.1093,0.0018
National,X,2020,21,0.9285,0.0000,0.0715,0.0000,0.0000,0.0000,0.0000,0.0000
National,X,2020,22,0.7500,0.0000,0.0000,0.0000,0.0000,0.0000,0.2460,0.0040
National,X,2020,23,0.0000,0.0000,0.0000,0.0000,0.0000,0.0000,0.9841,0.0159
National,X,2020,24,0.3333,0.0000,0.0000,0.0000,0.0000,0.0000,0.6667,0.0000
National,X,2020,26,0.9285,0.0000,0.0715,0.0000,0.0000,0.0000,0.0000,0.0000
National,X,2020,27,0.0000,0.0000,0.0000,1.0000,0.0000,0.0000,0.0000,0.0000
National,X,2020,28,0.4642,0.0000,0.0358,0.0000,0.0000,0.0000,0.4920,0.0080
National,X,2020,30,0.9285,0.0000,0.0715,0.0000,0.0000,0.0000,0.0000,0.0000
National,X,2020,33,0.0000,0.0000,0.0000,0.0000,0.0000,0.0000,0.9841,0.0159
National,X,2020,36,0.6190,0.0000,0.0477,0.0000,0.0000,0.0000,0.3280,0.0053
National,X,2020,37,0.0000,0.0000,1.0000,0.0000,0.0000,0.0000,0.0000,0.0000
National,X,2020,38,0.9285,0.0000,0.0715,0.0000,0.0000,0.0000,0.0000,0.0000
National,X,2020,39,0.9285,0.0000,0.0715,0.0000,0.0000,0.0000,0.0000,0.0000
National,X,2020,40,0.1244,0.0000,0.4667,0.0089,0.0000,0.0000,0.2857,0.1143
National,X,2020,41,0.3429,0.0000,0.2286,0.0000,0.0000,0.0000,0.4285,0.0000
National,X,2020,42,0.0000,0.0000,0.5000,0.0000,0.0000,0.0000,0.3571,0.1429
National,X,2020,43,0.3824,0.0000,0.3823,0.0000,0.0000,0.0000,0.1681,0.0672
National,X,2020,44,0.0000,0.0000,0.3333,0.0000,0.0000,0.0000,0.2222,0.4445
National,X,2020,45,0.0000,0.0000,0.4375,0.0000,0.0000,0.0000,0.4018,0.1607
National,X,2020,46,0.2932,0.0000,0.3910,0.0000,0.0000,0.0000,0.0000,0.3158
National,X,2020,47,0.0000,0.0000,0.4286,0.0000,0.0000,0.0000,0.0000,0.5714
National,X,2020,48,0.7273,0.0000,0.0000,0.0000,0.0000,0.0000,0.2727,0.0000
National,X,2020,49,0.0741,0.0000,0.2778,0.0053,0.0000,0.0000,0.2571,0.3857
National,X,2020,50,0.4118,0.0000,0.4117,0.0000,0.0000,0.0000,0.1765,0.0000
National,X,2020,51,0.1152,0.0000,0.4321,0.0082,0.0000,0.0000,0.3175,0.1270
National,X,2020,52,0.1037,0.0000,0.3889,0.0074,0.0000,0.0000,0.3571,0.1429
National,X,2020,53,0.2500,0.0000,0.5000,0.0000,0.0000,0.0000,0.1786,0.0714
National,X,2021,1,0.0000,0.0000,0.6667,0.0000,0.0000,0.0000,0.3333,0.0000
National,X,2021,2,0.0000,0.0000,0.3000,0.3000,0.0000,0.0000,0.4000,0.0000
National,X,2021,3,0.0000,0.0000,0.7500,0.0000,0.0000,0.0000,0.1786,0.0714
National,X,2021,4,0.7500,0.0000,0.0000,0.0000,0.0000,0.0000,0.1786,0.0714
National,X,2021,5,0.1185,0.0000,0.4445,0.0085,0.0000,0.0000,0.3061,0.1224
National,X,2021,6,0.1037,0.0000,0.3889,0.0074,0.0000,0.0000,0.5000,0.0000
National,X,2021,7,0.1244,0.0000,0.4667,0.0089,0.0000,0.0000,0.0000,0.4000
National,X,2021,8,0.1875,0.0000,0.1875,0.0000,0.0000,0.0000,0.4464,0.1786
National,X,2021,9,0.2074,0.0000,0.7778,0.0148,0.0000,0.0000,0.0000,0.0000
National,X,2021,10,0.5000,0.0000,0.0000,0.0000,0.0000,0.0000,0.5000,0.0000
National,X,2021,11,0.0000,0.0000,0.7143,0.0000,0.0000,0.0000,0.2041,0.0816
National,X,2021,12,0.2074,0.0000,0.7778,0.0148,0.0000,0.0000,0.0000,0.0000
National,X,2021,13,0.1728,0.0000,0.6483,0.0123,0.0000,0.0000,0.1190,0.0476
National,X,2021,14,1.0000,0.0000,0.0000,0.0000,0.0000,0.0000,0.0000,0.0000
National,X,2021,15,0.3571,0.0000,0.3572,0.0000,0.0000,0.0000,0.2041,0.0816
National,X,2021,16,0.0000,0.0000,0.0000,0.0000,0.0000,0.0000,0.7143,0.2857
National,X,2021,17,0.2074,0.0000,0.7778,0.0148,0.0000,0.0000,0.0000,0.0000
National,X,2021,18,0.0000,0.0000,0.0000,0.0000,0.0000,0.0000,1.0000,0.0000
National,X,2021,20,0.0346,0.0000,0.1296,0.0025,0.0000,0.0000,0.8333,0.0000
National,X,2021,22,0.7500,0.0000,0.0000,0.0000,0.0000,0.0000,0.1786,0.0714
National,X,2021,23,0.2074,0.0000,0.7778,0.0148,0.0000,0.0000,0.0000,0.0000
National,X,2021,24,0.0000,0.0000,1.0000,0.0000,0.0000,0.0000,0.0000,0.0000
National,X,2021,25,0.5000,0.0000,0.0000,0.0000,0.0000,0.0000,0.5000,0.0000
National,X,2021,26,0.2074,0.0000,0.7778,0.0148,0.0000,0.0000,0.0000,0.0000
National,X,2021,27,0.4000,0.0000,0.4000,0.0000,0.0000,0.0000,0.1429,0.0571
National,X,2021,28,0.0000,0.0000,0.7500,0.0000,0.0000,0.0000,0.2500,0.0000
National,X,2021,29,0.0000,0.0000,1.0000,0.0000,0.0000,0.0000,0.0000,0.0000
National,X,2021,30,0.5000,0.0000,0.5000,0.0000,0.0000,0.0000,0.0000,0.0000
National,X,2021,31,0.0000,0.0000,1.0000,0.0000,0.0000,0.0000,0.0000,0.0000
National,X,2021,32,0.0000,0.0000,0.5000,0.5000,0.0000,0.0000,0.0000,0.0000
National,X,2021,33,0.0000,0.0000,0.8334,0.0000,0.0000,0.0000,0.1190,0.0476
National,X,2021,34,0.6667,0.0000,0.0000,0.0000,0.0000,0.0000,0.2381,0.0952
National,X,2021,35,0.6000,0.0000,0.0000,0.0000,0.0000,0.0000,0.4000,0.0000
National,X,2021,36,0.1778,0.0000,0.6667,0.0127,0.0000,0.0000,0.1020,0.0408
National,X,2021,37,0.1020,0.0000,0.6123,0.0000,0.0000,0.0000,0.2857,0.0000
National,X,2021,38,0.1200,0.0000,0.8800,0.0000,0.0000,0.0000,0.0000,0.0000
National,X,2021,39,0.0000,0.0000,0.9302,0.0000,0.0000,0.0000,0.0349,0.0349
National,X,2021,40,0.0107,0.0000,0.9186,0.0000,0.0000,0.0000,0.0707,0.0000
National,X,2021,41,0.0000,0.0000,0.8961,0.0096,0.0000,0.0000,0.0943,0.0000
National,X,2021,42,0.0000,0.0000,0.8871,0.0000,0.0000,0.0000,0.1129,0.0000
National,X,2021,43,0.0000,0.0000,0.8382,0.0000,0.0000,0.0000,0.1618,0.0000
National,X,2021,44,0.0000,0.0000,0.9749,0.0000,0.0000,0.0000,0.0251,0.0000
National,X,2021,45,0.0000,0.0000,0.9849,0.0000,0.0000,0.0000,0.0151,0.0000
National,X,2021,46,0.0043,0.0000,0.9772,0.0000,0.0000,0.0000,0.0148,0.0037
National,X,2021,47,0.0019,0.0000,0.9880,0.0000,0.0000,0.0000,0.0101,0.0000
National,X,2021,48,0.0012,0.0000,0.9917,0.0000,0.0000,0.0000,0.0071,0.0000
National,X,2021,49,0.0000,0.0000,0.9975,0.0000,0.0000,0.0000,0.0025,0.0000
National,X,2021,50,0.0000,0.0000,0.9971,0.0000,0.0000,0.0000,0.0028,0.0001
National,X,2021,51,0.0000,0.0000,0.9978,0.0000,0.0000,0.0000,0.0022,0.0000
National,X,2021,52,0.0000,0.0000,0.9961,0.0000,0.0000,0.0000,0.0038,0.0001
National,X,2022,1,0.0000,0.0000,0.9932,0.0000,0.0000,0.0000,0.0067,0.0001
National,X,2022,2,0.0000,0.0000,0.9981,0.0000,0.0000,0.0000,0.0019,0.0000
National,X,2022,3,0.0000,0.0000,0.9987,0.0000,0.0000,0.0000,0.0013,0.0000
National,X,2022,4,0.0000,0.0000,0.9883,0.0000,0.0000,0.0000,0.0117,0.0000
National,X,2022,5,0.0000,0.0000,0.9922,0.0000,0.0000,0.0000,0.0078,0.0000
National,X,2022,6,0.0000,0.0000,0.9968,0.0000,0.0000,0.0000,0.0031,0.0001
National,X,2022,7,0.0024,0.0000,0.9941,0.0000,0.0000,0.0000,0.0035,0.0000
National,X,2022,8,0.0000,0.0000,0.9960,0.0000,0.0000,0.0000,0.0039,0.0001
National,X,2022,9,0.0021,0.0000,0.9930,0.0000,0.0000,0.0000,0.0049,0.0000
National,X,2022,10,0.0000,0.0000,0.9983,0.0000,0.0000,0.0000,0.0017,0.0000
National,X,2022,11,0.0063,0.0000,0.9937,0.0000,0.0000,0.0000,0.0000,0.0000
National,X,2022,12,0.0000,0.0000,0.9986,0.0000,0.0000,0.0000,0.0014,0.0000
National,X,2022,13,0.0000,0.0000,0.9974,0.0000,0.0000,0.0000,0.0026,0.0000
National,X,2022,14,0.0000,0.0000,0.9972,0.0000,0.0000,0.0000,0.0028,0.0000
National,X,2022,15,0.0000,0.0000,0.9951,0.0000,0.0000,0.0000,0.0048,0.0001
National,X,2022,16,0.0042,0.0000,0.9922,0.0000,0.0000,0.0000,0.0035,0.0001
National,X,2022,17,0.0043,0.0000,0.9945,0.0000,0.0000,0.0000,0.0012,0.0000
National,X,2022,18,0.0040,0.0000,0.9948,0.0000,0.0000,0.0000,0.0012,0.0000
National,X,2022,19,0.0015,0.0000,0.9948,0.0000,0.0000,0.0000,0.0036,0.0001
National,X,2022,20,0.0064,0.0000,0.9923,0.0000,0.0000,0.0000,0.0013,0.0000
National,X,2022,21,0.0019,0.0000,0.9965,0.0000,0.0000,0.0000,0.0016,0.0000
National,X,2022,22,0.0021,0.0000,0.9962,0.0000,0.0000,0.0000,0.0017,0.0000
National,X,2022,23,0.0000,0.0000,0.9953,0.0000,0.0000,0.0000,0.0046,0.0001
National,X,2022,24,0.0000,0.0000,0.9915,0.0000,0.0000,0.0000,0.0083,0.0002
National,X,2022,25,0.0000,0.0000,0.9950,0.0000,0.0000,0.0000,0.0049,0.0001
National,X,2022,26,0.0129,0.0000,0.9774,0.0000,0.0000,0.0000,0.0095,0.0002
National,X,2022,27,0.0000,0.0000,0.9898,0.0000,0.0000,0.0000,0.0100,0.0002
National,X,2022,28,0.0000,0.0000,0.9921,0.0000,0.0000,0.0000,0.0077,0.0002
National,X,2022,29,0.0216,0.0000,0.9069,0.0000,0.0000,0.0000,0.0700,0.0015
National,X,2022,30,0.0000,0.0000,0.9388,0.0000,0.0000,0.0000,0.0600,0.0012
National,X,2022,31,0.0430,0.0000,0.8607,0.0646,0.0000,0.0000,0.0311,0.0006
National,X,2022,32,0.0115,0.0000,0.9673,0.0000,0.0000,0.0000,0.0208,0.0004
National,X,2022,33,0.0802,0.0000,0.8954,0.0000,0.0000,0.0000,0.0244,0.0000
National,X,2022,34,0.1224,0.0000,0.8570,0.0000,0.0000,0.0000,0.0206,0.0000
National,X,2022,35,0.0968,0.0000,0.8592,0.0000,0.0000,0.0000,0.0440,0.0000
National,X,2022,36,0.0988,0.0000,0.8889,0.0123,0.0000,0.0000,0.0000,0.0000
National,X,2022,37,0.0645,0.0000,0.8773,0.0000,0.0000,0.0000,0.0570,0.0012
National,X,2022,38,0.1248,0.0000,0.8072,0.0000,0.0000,0.0000,0.0680,0.0000
National,X,2022,39,0.1779,0.0000,0.7969,0.0000,0.0000,0.0000,0.0252,0.0000
National,X,2022,40,0.1366,0.0000,0.8372,0.0000,0.0000,0.0000,0.0262,0.0000
National,X,2022,41,0.1508,0.0000,0.8318,0.0000,0.0000,0.0000,0.0174,0.0000
National,X,2022,42,0.1988,0.0000,0.7830,0.0017,0.0000,0.0000,0.0165,0.0000
National,X,2022,43,0.2445,0.0000,0.7505,0.0000,0.0000,0.0000,0.0050,0.0000
National,X,2022,44,0.2547,0.0000,0.7389,0.0000,0.0000,0.0000,0.0064,0.0000
National,X,2022,45,0.2124,0.0000,0.7858,0.0000,0.0000,0.0000,0.0018,0.0000
National,X,2022,46,0.2209,0.0000,0.7765,0.0000,0.0000,0.0000,0.0026,0.0000
National,X,2022,47,0.1998,0.0000,0.7991,0.0000,0.0000,0.0000,0.0011,0.0000
National,X,2022,48,0.2362,0.0000,0.7626,0.0000,0.0000,0.0000,0.0012,0.0000
National,X,2022,49,0.2136,0.0000,0.7845,0.0000,0.0000,0.0000,0.0019,0.0000
National,X,2022,50,0.2359,0.0000,0.7623,0.0000,0.0000,0.0000,0.0018,0.0000
National,X,2022,51,0.2744,0.0000,0.7214,0.0000,0.0000,0.0000,0.0042,0.0000
National,X,2022,52,0.3411,0.0000,0.6544,0.0000,0.0000,0.0000,0.0045,0.0000
National,X,2023,1,0.3231,0.0000,0.6673,0.0000,0.0000,0.0000,0.0096,0.0000
National,X,2023,2,0.2925,0.0000,0.6912,0.0000,0.0000,0.0000,0.0163,0.0000
National,X,2023,3,0.3830,0.0000,0.5910,0.0000,0.0000,0.0000,0.0260,0.0000
National,X,2023,4,0.4144,0.0000,0.5560,0.0000,0.0000,0.0000,0.0296,0.0000
National,X,2023,5,0.4705,0.0000,0.4588,0.0000,0.0000,0.0000,0.0707,0.0000
National,X,2023,6,0.4844,0.0000,0.4253,0.0000,0.0000,0.0000,0.0903,0.0000
National,X,2023,7,0.4723,0.0000,0.3834,0.0000,0.0000,0.0000,0.1443,0.0000
National,X,2023,8,0.4459,0.0000,0.4387,0.0000,0.0000,0.0000,0.1154,0.0000
National,X,2023,9,0.4668,0.0000,0.3298,0.0000,0.0000,0.0000,0.2034,0.0000
National,X,2023,10,0.5118,0.0000,0.3003,0.0000,0.0000,0.0000,0.1879,0.0000
National,X,2023,11,0.4994,0.0000,0.2370,0.0000,0.0000,0.0000,0.2636,0.0000
National,X,2023,12,0.4224,0.0000,0.2675,0.0000,0.0000,0.0000,0.3101,0.0000
National,X,2023,13,0.4917,0.0000,0.1466,0.0000,0.0000,0.0000,0.3617,0.0000
National,X,2023,14,0.5035,0.0000,0.1472,0.0000,0.0000,0.0000,0.3493,0.0000
National,X,2023,15,0.4954,0.0000,0.0632,0.0000,0.0000,0.0000,0.4414,0.0000
National,X,2023,16,0.3133,0.0000,0.1139,0.0000,0.0000,0.0000,0.5728,0.0000
National,X,2023,17,0.3553,0.0000,0.1487,0.0000,0.0000,0.0000,0.4960,0.0000
National,X,2023,18,0.3644,0.0000,0.0800,0.0000,0.0000,0.0000,0.5556,0.0000
National,X,2023,19,0.3899,0.0000,0.0312,0.0000,0.0000,0.0000,0.5789,0.0000
National,X,2023,20,0.3728,0.0000,0.0810,0.0000,0.0000,0.0000,0.5462,0.0000
National,X,2023,21,0.4334,0.0000,0.0302,0.0000,0.0000,0.0000,0.5364,0.0000
National,X,2023,22,0.5479,0.0000,0.0096,0.0000,0.0000,0.0000,0.4425,0.0000
National,X,2023,23,0.4780,0.0000,0.0357,0.0000,0.0000,0.0000,0.4863,0.0000
National,X,2023,24,0.5630,0.0000,0.0272,0.0000,0.0000,0.0000,0.4098,0.0000
National,X,2023,25,0.6028,0.0000,0.0443,0.0000,0.0000,0.0000,0.3529,0.0000
National,X,2023,26,0.4752,0.0000,0.1262,0.0000,0.0000,0.0000,0.3986,0.0000
National,X,2023,27,0.6305,0.0000,0.0103,0.0000,0.0000,0.0000,0.3592,0.0000
National,X,2023,28,0.6661,0.0000,0.0452,0.0000,0.0000,0.0000,0.2887,0.0000
National,X,2023,29,0.7222,0.0000,0.0755,0.0108,0.0000,0.0000,0.1915,0.0000
National,X,2023,30,0.5823,0.0000,0.0606,0.0000,0.0000,0.0000,0.3571,0.0000
National,X,2023,31,0.7103,0.0000,0.0576,0.0000,0.0000,0.0000,0.2321,0.0000
National,X,2023,32,0.5613,0.0000,0.0624,0.0000,0.0000,0.0000,0.3763,0.0000
National,X,2023,33,0.6193,0.0000,0.1491,0.0000,0.0000,0.0000,0.2316,0.0000
National,X,2023,34,0.5829,0.0000,0.1087,0.0000,0.0000,0.0000,0.3084,0.0000
National,X,2023,35,0.7139,0.0000,0.1231,0.0000,0.0000,0.0000,0.1630,0.0000
National,X,2023,36,0.6827,0.0000,0.0840,0.0000,0.0000,0.0000,0.2333,0.0000
National,X,2023,37,0.6227,0.0000,0.1583,0.0000,0.0000,0.0000,0.2190,0.0000
National,X,2023,38,0.6742,0.0000,0.0741,0.0000,0.0000,0.0000,0.2517,0.0000
National,X,2023,39,0.7602,0.0000,0.0623,0.0000,0.0000,0.0000,0.1775,0.0000
National,X,2023,40,0.7319,0.0000,0.0665,0.0000,0.0000,0.0000,0.2016,0.0000
National,X,2023,41,0.6996,0.0000,0.0723,0.0000,0.0000,0.0000,0.2281,0.0000
National,X,2023,42,0.7294,0.0000,0.0687,0.0000,0.0000,0.0000,0.2019,0.0000
National,X,2023,43,0.6939,0.0000,0.1041,0.0000,0.0000,0.0000,0.2020,0.0000
National,X,2023,44,0.6959,0.0000,0.0977,0.0000,0.0000,0.0000,0.2064,0.0000
National,X,2023,45,0.7090,0.0000,0.0910,0.0000,0.0000,0.0000,0.2000,0.0000
National,X,2023,46,0.6603,0.0000,0.1391,0.0000,0.0000,0.0000,0.2006,0.0000
National,X,2023,47,0.6882,0.0000,0.1464,0.0000,0.0000,0.0000,0.1654,0.0000
National,X,2023,48,0.6523,0.0000,0.1614,0.0000,0.0000,0.0000,0.1863,0.0000
National,X,2023,49,0.6452,0.0000,0.1806,0.0000,0.0000,0.0000,0.1742,0.0000
National,X,2023,50,0.6358,0.0000,0.1800,0.0000,0.0000,0.0000,0.1842,0.0000
National,X,2023,51,0.6720,0.0000,0.1785,0.0000,0.0000,0.0000,0.1495,0.0000
National,X,2023,52,0.6980,0.0000,0.1721,0.0000,0.0000,0.0000,0.1299,0.0000
National,X,2024,1,0.6310,0.0000,0.1881,0.0000,0.0000,0.0000,0.1809,0.0000
National,X,2024,2,0.6062,0.0000,0.2220,0.0000,0.0000,0.0000,0.1718,0.0000
National,X,2024,3,0.6025,0.0000,0.2291,0.0000,0.0000,0.0000,0.1684,0.0000
National,X,2024,4,0.5254,0.0000,0.2699,0.0000,0.0000,0.0000,0.2047,0.0000
National,X,2024,5,0.4673,0.0000,0.2661,0.0000,0.0000,0.0000,0.2666,0.0000
National,X,2024,6,0.4143,0.0000,0.2963,0.0000,0.0000,0.0000,0.2894,0.0000
National,X,2024,7,0.3736,0.0000,0.3159,0.0000,0.0000,0.0000,0.3105,0.0000
National,X,2024,8,0.3509,0.0000,0.3178,0.0000,0.0000,0.0000,0.3313,0.0000
National,X,2024,9,0.3655,0.0000,0.3054,0.0000,0.0000,0.0000,0.3291,0.0000
National,X,2024,10,0.3010,0.0000,0.3399,0.0000,0.0000,0.0000,0.3591,0.0000
National,X,2024,11,0.2835,0.0000,0.3467,0.0000,0.0000,0.0000,0.3698,0.0000
National,X,2024,12,0.2839,0.0000,0.3671,0.0000,0.0000,0.0000,0.3490,0.0000
National,X,2024,13,0.2871,0.0000,0.3707,0.0000,0.0000,0.0000,0.3422,0.0000
National,X,2024,14,0.2448,0.0000,0.4011,0.0000,0.0000,0.0000,0.3541,0.0000
National,X,2024,15,0.2590,0.0000,0.3878,0.0000,0.0000,0.0000,0.3532,0.0000
National,X,2024,16,0.2496,0.0000,0.4142,0.0000,0.0000,0.0000,0.3362,0.0000
National,X,2024,17,0.2583,0.0000,0.3874,0.0000,0.0000,0.0000,0.3543,0.0000
National,X,2024,18,0.2998,0.0000,0.4007,0.0000,0.0000,0.0000,0.2995,0.0000
National,X,2024,19,0.2477,0.0000,0.4025,0.0000,0.0000,0.0000,0.3498,0.0000
National,X,2024,20,0.2898,0.0000,0.4723,0.0000,0.0000,0.0000,0.2379,0.0000
National,X,2024,21,0.2556,0.0000,0.5692,0.0000,0.0048,0.0000,0.1704,0.0000
National,X,2024,22,0.2657,0.0000,0.4685,0.0000,0.0000,0.0000,0.2658,0.0000
National,X,2024,23,0.2623,0.0000,0.5329,0.0000,0.0000,0.0000,0.2048,0.0000
National,X,2024,24,0.3260,0.0000,0.4969,0.0000,0.0000,0.0000,0.1771,0.0000
National,X,2024,25,0.3269,0.0000,0.5376,0.0000,0.0000,0.0000,0.1355,0.0000
National,X,2024,26,0.3199,0.0000,0.5757,0.0000,0.0000,0.0000,0.1044,0.0000
National,X,2024,27,0.3092,0.0000,0.6400,0.0000,0.0000,0.0000,0.0508,0.0000
National,X,2024,28,0.3603,0.0000,0.5608,0.0041,0.0328,0.0000,0.0420,0.0000
National,X,2024,29,0.3604,0.0000,0.5732,0.0000,0.0118,0.0000,0.0546,0.0000
National,X,2024,30,0.3001,0.0000,0.6286,0.0000,0.0057,0.0000,0.0656,0.0000
National,X,2024,31,0.4365,0.0000,0.5413,0.0000,0.0000,0.0000,0.0222,0.0000
National,X,2024,32,0.4523,0.0000,0.5234,0.0000,0.0000,0.0000,0.0243,0.0000
National,X,2024,33,0.4909,0.0000,0.4971,0.0000,0.0000,0.0000,0.0120,0.0000
National,X,2024,34,0.4483,0.0000,0.5114,0.0000,0.0070,0.0000,0.0333,0.0000
National,X,2024,35,0.3806,0.0000,0.5981,0.0000,0.0000,0.0000,0.0213,0.0000
National,X,2024,36,0.4805,0.0000,0.4806,0.0133,0.0000,0.0000,0.0256,0.0000
National,X,2024,37,0.5127,0.0000,0.4524,0.0000,0.0000,0.0000,0.0349,0.0000
National,X,2024,38,0.5297,0.0000,0.4568,0.0000,0.0000,0.0000,0.0135,0.0000
National,X,2024,39,0.5013,0.0000,0.4627,0.0000,0.0000,0.0000,0.0360,0.0000
National,X,2024,40,0.5014,0.0000,0.4580,0.0000,0.0193,0.0000,0.0213,0.0000
National,X,2024,41,0.4068,0.0000,0.4862,0.0000,0.0845,0.0000,0.0225,0.0000
National,X,2024,42,0.4600,0.0000,0.4122,0.0000,0.0564,0.0000,0.0714,0.0000
National,X,2024,43,0.5015,0.0000,0.4230,0.0000,0.0302,0.0000,0.0453,0.0000
National,X,2024,44,0.4296,0.0000,0.5036,0.0000,0.0099,0.0000,0.0569,0.0000
National,X,2024,45,0.4202,0.0000,0.5233,0.0000,0.0081,0.0000,0.0484,0.0000
National,X,2024,46,0.3592,0.0000,0.5794,0.0000,0.0083,0.0000,0.0531,0.0000
National,X,2024,47,0.4087,0.0000,0.5160,0.0000,0.0049,0.0000,0.0704,0.0000
National,X,2024,48,0.4069,0.0000,0.5482,0.0000,0.0076,0.0000,0.0373,0.0000
National,X,2024,49,0.3865,0.0000,0.5724,0.0000,0.0019,0.0000,0.0392,0.0000
National,X,2024,50,0.4151,0.0000,0.5487,0.0000,0.0020,0.0000,0.0342,0.0000
National,X,2024,51,0.3969,0.0000,0.5859,0.0000,0.0003,0.0000,0.0169,0.0000
National,X,2024,52,0.4193,0.0000,0.5654,0.0000,0.0000,0.0000,0.0153,0.0000
National,X,2025,1,0.4355,0.0000,0.5480,0.0000,0.0000,0.0000,0.0165,0.0000
National,X,2025,2,0.4265,0.0000,0.5561,0.0000,0.0002,0.0000,0.0172,0.0000
National,X,2025,3,0.4683,0.0000,0.5115,0.0000,0.0000,0.0000,0.0202,0.0000
National,X,2025,4,0.4996,0.0000,0.4833,0.0000,0.0000,0.0000,0.0171,0.0000
National,X,2025,5,0.5211,0.0000,0.4566,0.0000,0.0000,0.0000,0.0223,0.0000
National,X,2025,6,0.5474,0.0000,0.4276,0.0000,0.0001,0.0000,0.0249,0.0000
National,X,2025,7,0.5492,0.0000,0.4201,0.0000,0.0001,0.0000,0.0306,0.0000
National,X,2025,8,0.5867,0.0000,0.3710,0.0000,0.0000,0.0000,0.0423,0.0000
National,X,2025,9,0.5639,0.0000,0.3923,0.0000,0.0000,0.0000,0.0438,0.0000
National,X,2025,10,0.5764,0.0000,0.3577,0.0000,0.0000,0.0000,0.0659,0.0000
National,X,2025,11,0.5657,0.0000,0.3474,0.0000,0.0000,0.0000,0.0869,0.0000
National,X,2025,12,0.5365,0.0000,0.3683,0.0000,0.0000,0.0000,0.0952,0.0000
National,X,2025,13,0.5387,0.0000,0.3066,0.0000,0.0000,0.0000,0.1547,0.0000
National,X,2025,14,0.5015,0.0000,0.2947,0.0000,0.0000,0.0000,0.2038,0.0000
National,X,2025,15,0.4566,0.0000,0.2129,0.0000,0.0000,0.0000,0.3305,0.0000
National,X,2025,16,0.4292,0.0000,0.1853,0.0000,0.0000,0.0000,0.3855,0.0000
National,X,2025,17,0.4326,0.0000,0.2764,0.0000,0.0000,0.0000,0.2910,0.0000
National,X,2025,18,0.3494,0.0000,0.2525,0.0000,0.0000,0.0000,0.3981,0.0000
National,X,2025,19,0.4253,0.0000,0.2055,0.0000,0.0000,0.0000,0.3692,0.0000
National,X,2025,20,0.4552,0.0000,0.1081,0.0000,0.0000,0.0000,0.4367,0.0000
National,X,2025,21,0.4307,0.0000,0.1685,0.0000,0.0000,0.0000,0.4008,0.0000
National,X,2025,22,0.4980,0.0000,0.1083,0.0000,0.0000,0.0000,0.3937,0.0000
National,X,2025,23,0.5660,0.0000,0.0696,0.0000,0.0000,0.0000,0.3644,0.0000
National,X,2025,24,0.5992,0.0000,0.0856,0.0000,0.0000,0.0000,0.3152,0.0000
National,X,2025,25,0.5521,0.0000,0.0979,0.0000,0.0000,0.0000,0.3500,0.0000
National,X,2025,26,0.7095,0.0000,0.0369,0.0000,0.0000,0.0000,0.2536,0.0000
National,X,2025,27,0.6685,0.0000,0.1383,0.0000,0.0000,0.0000,0.1932,0.0000
National,X,2025,28,0.6955,0.0000,0.1545,0.0000,0.0000,0.0000,0.1500,0.0000
National,X,2025,29,0.7842,0.0000,0.0386,0.0000,0.0000,0.0000,0.1772,0.0000
National,X,2025,30,0.5636,0.0000,0.2818,0.0000,0.0000,0.0000,0.1546,0.0000
National,X,2025,31,0.7025,0.0000,0.1821,0.0000,0.0000,0.0000,0.1154,0.0000
National,X,2025,32,0.6733,0.0000,0.2589,0.0000,0.0000,0.0000,0.0678,0.0000
National,X,2025,33,0.7358,0.0000,0.1795,0.0000,0.0000,0.0000,0.0847,0.0000
National,X,2025,34,0.8080,0.0000,0.1480,0.0000,0.0000,0.0000,0.0440,0.0000
National,X,2025,35,0.6966,0.0000,0.2689,0.0000,0.0000,0.0000,0.0345,0.0000
National,X,2025,36,0.6082,0.0000,0.3548,0.0000,0.0000,0.0000,0.0370,0.0000
National,X,2025,37,0.6201,0.0000,0.3458,0.0000,0.0000,0.0000,0.0341,0.0000
National,X,2025,38,0.5864,0.0000,0.3779,0.0000,0.0000,0.0000,0.0357,0.0000
National,X,2025,39,0.5437,0.0000,0.3540,0.0000,0.0000,0.0000,0.1023,0.0000
National,X,2025,40,0.5413,0.0000,0.3754,0.0000,0.0000,0.0000,0.0833,0.0000
National,X,2025,41,0.4239,0.0000,0.5299,0.0000,0.0000,0.0000,0.0462,0.0000
National,X,2025,42,0.3684,0.0000,0.5852,0.0000,0.0000,0.0000,0.0464,0.0000
National,X,2025,43,0.4309,0.0000,0.5253,0.0000,0.0000,0.0000,0.0438,0.0000
National,X,2025,44,0.2787,0.0000,0.6768,0.0000,0.0000,0.0000,0.0445,0.0000
National,X,2025,45,0.2406,0.0000,0.7253,0.0000,0.0000,0.0000,0.0341,0.0000
National,X,2025,46,0.1978,0.0000,0.7607,0.0000,0.0023,0.0000,0.0392,0.0000
National,X,2025,47,0.1568,0.0000,0.7907,0.0000,0.0000,0.0000,0.0525,0.0000
National,X,2025,48,0.1335,0.0000,0.8371,0.0000,0.0000,0.0000,0.0294,0.0000
National,X,2025,49,0.1024,0.0000,0.8641,0.0000,0.0000,0.0000,0.0335,0.0000
National,X,2025,50,0.0885,0.0000,0.8926,0.0000,0.0000,0.0000,0.0189,0.0000
National,X,2025,51,0.0734,0.0000,0.9072,0.0000,0.0000,0.0000,0.0194,0.0000
National,X,2025,52,0.0703,0.0000,0.9078,0.0000,0.0000,0.0000,0.0219,0.0000
National,X,2025,53,0.0829,0.0000,0.8927,0.0000,0.0000,0.0000,0.0244,0.0000
National,X,2026,1,0.0863,0.0000,0.8797,0.0000,0.0000,0.0000,0.0340,0.0000
National,X,2026,2,0.1039,0.0000,0.8419,0.0000,0.0000,0.0000,0.0542,0.0000
National,X,2026,3,0.1113,0.0000,0.8180,0.0000,0.0000,0.0000,0.0707,0.0000
National,X,2026,4,0.1070,0.0000,0.7685,0.0000,0.0000,0.0000,0.1245,0.0000
National,X,2026,5,0.1231,0.0000,0.7259,0.0000,0.0000,0.0000,0.1510,0.0000
National,X,2026,6,0.1238,0.0000,0.6593,0.0000,0.0000,0.0000,0.2169,0.0000
National,X,2026,7,0.1246,0.0000,0.5435,0.0000,0.0000,0.0000,0.3319,0.0000
National,X,2026,8,0.1248,0.0000,0.5149,0.0000,0.0000,0.0000,0.3603,0.0000
National,X,2026,9,0.1165,0.0000,0.4309,0.0000,0.0000,0.0000,0.4526,0.0000
National,X,2026,10,0.1141,0.0000,0.3457,0.0000,0.0000,0.0000,0.5402,0.0000
National,X,2026,11,0.1038,0.0000,0.2743,0.0000,0.0000,0.0000,0.6219,0.0000
National,X,2026,12,0.1287,0.0000,0.2297,0.0000,0.0000,0.0000,0.6416,0.0000
National,X,2026,13,0.1110,0.0000,0.2348,0.0000,0.0000,0.0000,0.6542,0.0000
National,X,2026,14,0.1515,0.0000,0.1921,0.0000,0.0000,0.0000,0.6564,0.0000
National,X,2026,15,0.1497,0.0000,0.2624,0.0000,0.0000,0.0000,0.5879,0.0000
National,X,2026,16,0.1145,0.0000,0.2246,0.0000,0.0000,0.0000,0.6609,0.0000
National,X,2026,17,0.1333,0.0000,0.3230,0.0000,0.0000,0.0000,0.5437,0.0000
National,X,2026,18,0.1119,0.0000,0.2783,0.0000,0.0000,0.0000,0.6098,0.0000
National,X,2026,19,0.1343,0.0000,0.0854,0.0000,0.0000,0.0000,0.7803,0.0000
National,X,2026,20,0.1812,0.0000,0.2070,0.0000,0.0000,0.0000,0.6118,0.0000
National,X,2026,21,0.1260,0.0000,0.1190,0.0000,0.0000,0.0000,0.7550,0.0000
National,X,2026,22,0.1742,0.0000,0.2468,0.0000,0.0000,0.0000,0.5790,0.0000
National,X,2026,23,0.2686,0.0000,0.2038,0.0000,0.0000,0.0000,0.5276,0.0000
National,X,2026,24,0.0660,0.0000,0.6542,0.0000,0.0000,0.0000,0.2798,0.0000
National,X,2026,25,0.2989,0.0000,0.2615,0.0000,0.0000,0.0000,0.4396,0.0000
National,X,2026,26,0.4632,0.0000,0.2257,0.0000,0.0000,0.0000,0.3111,0.0000
National,X,2026,27,0.4657,0.0000,0.1164,0.0000,0.0000,0.0000,0.4179,0.0000
National,X,2026,28,0.4722,0.0000,0.1574,0.0000,0.0000,0.0000,0.3704,0.0000
National,X,2026,29,0.4259,0.0000,0.1296,0.0000,0.0000,0.0000,0.4445,0.0000
National,X,2026,30,0.5438,0.0000,0.2929,0.0000,0.0000,0.0000,0.1633,0.0000
National,X,2026,31,0.6048,0.0000,0.2134,0.0000,0.0000,0.0000,0.1818,0.0000
National,X,2026,32,0.7091,0.0000,0.1576,0.0000,0.0000,0.0000,0.1333,0.0000
