usa_or_hhsregion,region,Date,AY.3_share,AY.3_marker,B.1_share,B.1_marker,B.1.1_share,B.1.1_marker,B.1.1.519_share,B.1.1.519_marker,B.1.1.529_share,B.1.1.529_marker,B.1.1.7_share,B.1.1.7_marker,B.1.2_share,B.1.2_marker,B.1.351_share,B.1.351_marker,B.1.427_share,B.1.427_marker,B.1.429_share,B.1.429_marker,B.1.525_share,B.1.525_marker,B.1.526_share,B.1.526_marker,B.1.526.1_share,B.1.526.1_marker,B.1.526.2_share,B.1.526.2_marker,B.1.596_share,B.1.596_marker,B.1.617.2_share,B.1.617.2_marker,B.1.621_share,B.1.621_marker,B.1.621.1_share,B.1.621.1_marker,B.1.626_share,B.1.626_marker,B.1.628_share,B.1.628_marker,B.1.637_share,B.1.637_marker,BA.1.1_share,BA.1.1_marker,BA.2_share,BA.2_marker,BA.2.12.1_share,BA.2.12.1_marker,BA.4_share,BA.4_marker,BA.4.6_share,BA.4.6_marker,BA.5_share,BA.5_marker,BA.5.2.6_share,BA.5.2.6_marker,BF.7_share,BF.7_marker,BN.1_share,BN.1_marker,BQ.1_share,BQ.1_marker,BQ.1.1_share,BQ.1.1_marker,CH.1.1_share,CH.1.1_marker,EG.5_share,EG.5_marker,FL.1.5.1_share,FL.1.5.1_marker,GK.1.1_share,GK.1.1_marker,GK.2_share,GK.2_marker,HK.3_share,HK.3_marker,HV.1_share,HV.1_marker,JD.1.1_share,JD.1.1_marker,JG.3_share,JG.3_marker,JN.1_share,JN.1_marker,JN.1.13.1_share,JN.1.13.1_marker,JN.1.7_share,JN.1.7_marker,JN.1.8.1_share,JN.1.8.1_marker,KP.2_share,KP.2_marker,KP.2.3_share,KP.2.3_marker,KP.3_share,KP.3_marker,KP.3.1.1_share,KP.3.1.1_marker,LB.1_share,LB.1_marker,LB.1.3.1_share,LB.1.3.1_marker,LF.7_share,LF.7_marker,LP.8.1_share,LP.8.1_marker,MC.1_share,MC.1_marker,MC.10.1_share,MC.10.1_marker,NB.1.8.1_share,NB.1.8.1_marker,P.1_share,P.1_marker,P.2_share,P.2_marker,XBB_share,XBB_marker,XBB.1.16_share,XBB.1.16_marker,XBB.1.16.1_share,XBB.1.16.1_marker,XBB.1.16.11_share,XBB.1.16.11_marker,XBB.1.16.15_share,XBB.1.16.15_marker,XBB.1.16.6_share,XBB.1.16.6_marker,XBB.1.5_share,XBB.1.5_marker,XBB.1.5.1_share,XBB.1.5.1_marker,XBB.1.9.1_share,XBB.1.9.1_marker,XBB.2.3_share,XBB.2.3_marker,XEC_share,XEC_marker,XFG_share,XFG_marker,AY.2_share,AY.2_marker,BA.2.86_share,BA.2.86_marker,FD.2_share,FD.2_marker,JF.1_share,JF.1_marker,XBB.1.9.2_share,XBB.1.9.2_marker,BA.2.75_share,BA.2.75_marker,BA.2.75.2_share,BA.2.75.2_marker,BF.11_share,BF.11_marker,EG.5.1.8_share,EG.5.1.8_marker,EG.6.1_share,EG.6.1_marker,FD.1.1_share,FD.1.1_marker,GE.1_share,GE.1_marker,HF.1_share,HF.1_marker,JN.1.11.1_share,JN.1.11.1_marker,JN.1.13_share,JN.1.13_marker,JN.1.16_share,JN.1.16_marker,JN.1.16.1_share,JN.1.16.1_marker,JN.1.18_share,JN.1.18_marker,KP.1.1_share,KP.1.1_marker,KP.1.1.3_share,KP.1.1.3_marker,KS.1_share,KS.1_marker,LP.1_share,LP.1_marker,MC.19_share,MC.19_marker,NW.1_share,NW.1_marker,XBB.1.5.10_share,XBB.1.5.10_marker,XBB.1.5.70_share,XBB.1.5.70_marker,XBB.1.5.72_share,XBB.1.5.72_marker,XFC_share,XFC_marker,XFG.14.1_share,XFG.14.1_marker,KP.2.15_share,KP.2.15_marker,MC.28.1_share,MC.28.1_marker,XEQ_share,XEQ_marker,A.2.5_share,A.2.5_marker,B.1.617.1_share,B.1.617.1_marker,JN.1.32_share,JN.1.32_marker,KV.2_share,KV.2_marker,LF.3.1_share,LF.3.1_marker,AY.1_share,AY.1_marker,EU.1.1_share,EU.1.1_marker,FE.1.1_share,FE.1.1_marker,JN.1.18.6_share,JN.1.18.6_marker,JN.1.4.3_share,JN.1.4.3_marker,KP.1.2_share,KP.1.2_marker,KP.4.1_share,KP.4.1_marker,KQ.1_share,KQ.1_marker,KW.1.1_share,KW.1.1_marker,LF.7.9_share,LF.7.9_marker,PA.1_share,PA.1_marker,PQ.17_share,PQ.17_marker,XBB.1.42.2_share,XBB.1.42.2_marker,XBB.1.5.59_share,XBB.1.5.59_marker,XBB.1.5.68_share,XBB.1.5.68_marker,XDP_share,XDP_marker,XDV.1_share,XDV.1_marker,XEC.4_share,XEC.4_marker,XFG.1_share,XFG.1_marker,XFG.1.1_share,XFG.1.1_marker,XFG.6_share,XFG.6_marker,XFV_share,XFV_marker,XFZ_share,XFZ_marker
9,region_09,2021-01-30,,,0.05167707283666667,2.0,,,0.018968898803125002,2.0,,,,,0.22550927528428572,2.0,,,0.12988518550972222,2.0,0.31681690364972226,1.0,,,,,,,,,0.03365155868,2.0,,,,,,,,,,,,,,,,,,,,,,,,,,,,,,,,,,,,,,,,,,,,,,,,,,,,,,,,,,,,,,,,,,,,,,,,,,,,,,,,,,,,,,,,,,,,,,,,,,,,,,,,,,,,,,,,,,,,,,,,,,,,,,,,,,,,,,,,,,,,,,,,,,,,,,,,,,,,,,,,,,,,,,,,,,,,,,,,,,,,,,,,,,,,,,,,,,,,,,,,,,,,,,,,,,,,,,,,,,,,,,,,,,,,,,
9,region_09,2021-02-06,,,0.03930370013,0.0,,,0.0254227166290625,0.0,,,,,0.21059736822285713,0.0,,,0.13497309368136112,0.0,0.3470031499856111,0.0,,,,,,,,,0.02814802015125,0.0,,,,,,,,,,,,,,,,,,,,,,,,,,,,,,,,,,,,,,,,,,,,,,,,,,,,,,,,,,,,,,,,,,,,,,,,,,,,,,,,,,,,,,,,,,,,,,,,,,,,,,,,,,,,,,,,,,,,,,,,,,,,,,,,,,,,,,,,,,,,,,,,,,,,,,,,,,,,,,,,,,,,,,,,,,,,,,,,,,,,,,,,,,,,,,,,,,,,,,,,,,,,,,,,,,,,,,,,,,,,,,,,,,,,,,
9,region_09,2021-02-13,,,0.02693032742333333,0.0,0.01037439983,2.0,0.031876534455,0.0,,,0.017524707781499997,1.0,0.19568546116142857,0.0,,,0.140061001853,0.0,0.37718939632149995,0.0,,,0.00163771783,2.0,,,,,0.0226444816225,0.0,,,,,,,,,,,,,,,,,,,,,,,,,,,,,,,,,,,,,,,,,,,,,,,,,,,,,,,,,,,,,,,,,,,,,,,,,,,,,,,,,,,,,,,,,,,,,,,,,,,,,,,,,,,,,,,,,,,,,,,,,,,,,,,,,,,,,,,,,,,,,,,,,,,,,,,,,,,,,,,,,,,,,,,,,,,,,,,,,,,,,,,,,,,,,,,,,,,,,,,,,,,,,,,,,,,,,,,,,,,,,,,,,,,,,,
9,region_09,2021-02-20,,,0.02593274740472222,0.0,0.009642026849999999,0.0,0.0356734103971875,0.0,,,0.0325565848955,0.0,0.17454032387035712,0.0,,,0.1546013129875,0.0,0.36931892409925,0.0,,,0.004203909975,0.0,,,,,0.023175727110000002,0.0,,,,,,,,,,,,,,,,,,,,,,,,,,,,,,,,,,,,,,,,,,,,,,,,,,,,,,,,,,,,,,,,,,,,,,,,,,,,,,,,,,,,,,,,,,,,,,,,,,,,,,,,,,,,,,,,,,,,,,,,,,,,,,,,,,,,,,,,,,,,,,,,,,,,,,,,,,,,,,,,,,,,,,,,,,,,,,,,,,,,,,,,,,,,,,,,,,,,,,,,,,,,,,,,,,,,,,,,,,,,,,,,,,,,,,
9,region_09,2021-02-27,,,0.02493516738611111,0.0,0.00890965387,0.0,0.039470286339375,0.0,,,0.0475884620095,0.0,0.1533951865792857,0.0,,,0.169141624122,0.0,0.36144845187700003,0.0,,,0.0074436170025,0.0,,,,,0.0237069725975,0.0,,,,,,,,,,,,,,,,,,,,,,,,,,,,,,,,,,,,,,,,,,,,,,,,,,,,,,,,,,,,,,,,,,,,,,,,,,,,,,,,,,,,,0.00448533846,2.0,,,,,,,,,,,,,,,,,,,,,,,,,,,,,,,,,,,,,,,,,,,,,,,,,,,,,,,,,,,,,,,,,,,,,,,,,,,,,,,,,,,,,,,,,,,,,,,,,,,,,,,,,,,,,,,,,,,,,,,,,,,,,,,,,,,,,,,,,,,,,,,,
9,region_09,2021-03-06,,,,,,,,,,,0.10183133836875,0.0,,,,,0.14510288835,0.0,0.38986083865,0.0,,,0.013904074360000001,0.0,,,,,,,,,,,,,,,,,,,,,,,,,,,,,,,,,,,,,,,,,,,,,,,,,,,,,,,,,,,,,,,,,,,,,,,,,,,,,,,,,,,,,,,,,0.00403060676875,2.0,,,,,,,,,,,,,,,,,,,,,,,,,,,,,,,,,,,,,,,,,,,,,,,,,,,,,,,,,,,,,,,,,,,,,,,,,,,,,,,,,,,,,,,,,,,,,,,,,,,,,,,,,,,,,,,,,,,,,,,,,,,,,,,,,,,,,,,,,,,,,,,,,,
9,region_09,2021-03-13,,,,,,,,,,,0.16229472682,0.0,,,,,0.13243696094,0.0,0.37410190701,0.0,,,0.020500833015,0.0,,,,,,,,,,,,,,,0.00351868221,2.0,,,,,,,,,,,,,,,,,,,,,,,,,,,,,,,,,,,,,,,,,,,,,,,,,,,,,,,,,,,,,,,,,,,,,,,,,0.00969556928625,0.0,,,,,,,,,,,,,,,,,,,,,,,,,,,,,,,,,,,,,,,,,,,,,,,,,,,,,,,,,,,,,,,,,,,,,,,,,,,,,,,,,,,,,,,,,,,,,,,,,,,,,,,,,,,,,,,,,,,,,,,,,,,,,,,,,,,,,,,,,,,,,,,,,,
9,region_09,2021-03-20,,,,,,,,,,,0.21208458021374998,0.0,,,,,0.12521880865,0.0,0.33897954226,0.0,,,0.036749239701666665,0.0,,,,,,,,,,,,,,,0.0076019623075,0.0,,,,,,,,,,,,,,,,,,,,,,,,,,,,,,,,,,,,,,,,,,,,,,,,,,,,,,,,,,,,,,,,,,,,,,,,,0.017806908581250003,0.0,,,,,,,,,,,,,,,,,,,,,,,,,,,,,,,,,,,,,,,,,,,,,,,,,,,,,,,,,,,,,,,,,,,,,,,,,,,,,,,,,,,,,,,,,,,0.00284496718,2.0,,,,,,,,,,,,,,,,,,,,,,,,,,,,,,,,,,,,,,,,,,,,,,,,,,,,,,
9,region_09,2021-03-27,,,,,,,,,,,0.2743234485375,0.0,,,0.00426679611125,2.0,0.12036573887,0.0,0.28671655059,0.0,,,0.04290111145666667,0.0,,,,,,,,,,,,,,,0.0083010739225,0.0,,,,,,,,,,,,,,,,,,,,,,,,,,,,,,,,,,,,,,,,,,,,,,,,,,,,,,,,,,,,,,,,,,,,,,,,,0.030375037575,0.0,,,,,,,,,,,,,,,,,,,,,,,,,,,,,,,,,,,,,,,,,,,,,,,,,,,,,,,,,,,,,,,,,,,,,,,,,,,,,,,,,,,,,,,,,,,0.0038828387615,0.0,,,,,,,,,,,,,,,,,,,,,,,,,,,,,,,,,,,,,,,,,,,,,,,,,,,,,,
9,region_09,2021-04-03,,,,,,,,,,,0.37652169912875,0.0,,,0.01044374937375,0.0,0.09257940203,0.0,0.19757258892,0.0,,,0.05982941078666666,0.0,,,,,,,,,,,,,,,0.007985142525,0.0,,,,,,,,,,,,,,,,,,,,,,,,,,,,,,,,,,,,,,,,,,,,,,,,,,,,,,,,,,,,,,,,,,,,,,,,,0.046073439528749996,0.0,,,,,,,,,,,,,,,,,,,,,,,,,,,,,,,,,,,,,,,,,,,,,,,,,,,,,,,,,,,,,,,,,,,,,,,,,,,,,,,,,,,,,,,,,,,0.004920710343,0.0,,,,,,,,,,,,,,,,,,,,,,,,,,,,,,,,,,,,,,,,,,,,,,,,,,,,,,
9,region_09,2021-04-10,,,,,,,,,,,0.48123985901375,0.0,,,0.007102660948750001,0.0,0.05195221677,0.0,0.14927239716,0.0,,,0.07379766677666666,0.0,,,,,,,,,,,,,,,0.008105604910000001,0.0,,,,,,,,,,,,,,,,,,,,,,,,,,,,,,,,,,,,,,,,,,,,,,,,,,,,,,,,,,,,,,,,,,,,,,,,,0.05133937625125,0.0,,,,,,,,,,,,,,,,,,,,,,,,,,,,,,,,,,,,,,,,,,,,,,,,,,,,,,,,,,,,,,,,,,,,,,,,,,,,,,,,,,,,,,,,,,,0.0059585819245,0.0,,,,,,,,,,,,,,,,,,,,,,,,,,,,,,,,,,,,,,,,,,,,,,,,,,,,,,
9,region_09,2021-04-17,,,,,,,,,,,0.544243194165,0.0,,,0.0124103677225,0.0,0.04003249481,0.0,0.09337842464,0.0,,,0.06418757016333333,0.0,,,,,,,0.01162748876875,1.0,,,,,,,0.010192386807499999,0.0,,,,,,,,,,,,,,,,,,,,,,,,,,,,,,,,,,,,,,,,,,,,,,,,,,,,,,,,,,,,,,,,,,,,,,,,,0.0737773831925,0.0,,,,,,,,,,,,,,,,,,,,,,,,,,,,,,,,,,,,,,,,,,,,,,,,,,,,,,,,,,,,,,,,,,,,,,,,,,,,,,,,,,,,,,,,,,,0.006996453506,0.0,0.00493518822,2.0,,,,,,,,,,,,,,,,,,,,,,,,,,,,,,,,,,,,,,,,,,,,,,,,,,,,
9,region_09,2021-04-24,,,,,,,,,,,0.581578478215,0.0,,,0.00666814059,0.0,0.04428602383,0.0,0.05768987909,0.0,0.0053672383850000005,2.0,0.069295801845,0.0,,,,,,,0.012359515763749999,0.0,,,,,,,0.015408184844999999,0.0,,,,,,,,,,,,,,,,,,,,,,,,,,,,,,,,,,,,,,,,,,,,,,,,,,,,,,,,,,,,,,,,,,,,,,,,,0.0955323474475,0.0,,,,,,,,,,,,,,,,,,,,,,,,,,,,,,,,,,,,,,,,,,,,,,,,,,,,,,,,,,,,,,,,,,,,,,,,,,,,,,,,,,,,,,,,,,,0.008034325087499999,0.0,,,,,,,,,,,,,,,,,,,,,,,,,,,,,,,,,,,,,,,,,,,,,,,,,,,,,,
9,region_09,2021-05-01,,,,,,,,,,,0.6124745011349999,0.0,,,0.013921952806249999,0.0,0.02782734111,0.0,0.0363394767,0.0,0.004750716966666667,0.0,0.074559391785,0.0,,,,,,,0.02236259658875,0.0,,,,,,,0.009587590585,0.0,,,,,,,,,,,,,,,,,,,,,,,,,,,,,,,,,,,,,,,,,,,,,,,,,,,,,,,,,,,,,,,,,,,,,,,,,0.09512351919125,0.0,,,,,,,,,,,,,,,,,,,,,,,,,,,,,,,,,,,,,,,,,,,,,,,,,,,,,,,,,,,,,,,,,,,,,,,,,,,,,,,,,,,,,,,,,,,0.009072196668999999,0.0,,,,,,,,,,,,,,,,,,,,,,,,,,,,,,,,,,,,,,,,,,,,,,,,,,,,,,
9,region_09,2021-05-08,,,,,,,,,,,0.6228356361358334,0.0,,,0.01798366033375,0.0,0.02717005834,0.0,0.01159607712,0.0,,,0.09225470759333333,0.0,,,,,,,0.027404659868618418,0.0,,,,,,,0.0115929718575,0.0,,,,,,,,,,,,,,,,,,,,,,,,,,,,,,,,,,,,,,,,,,,,,,,,,,,,,,,,,,,,,,,,,,,,,,,,,0.09469918720250001,0.0,,,,,,,,,,,,,,,,,,,,,,,,,,,,,,,,,,,,,,,,,,,,,,,,,,,,,,,,,,,,,,,,,,,,,,,,,,,,,,,,,,,,,,,,,,,0.0101100682505,0.0,,,,,,,,,,,,,,,,,,,,,,,,,,,,,,,,,,,,,,,,,,,,,,,,,,,,,,
9,region_09,2021-05-15,,,,,,,,,,,0.621845413001875,0.0,,,,,0.01336782146,0.0,0.02244424261,0.0,,,0.085312772543,0.0,,,,,,,0.03557108184542169,0.0,,,,,,,0.01845752564,0.0,0.033919436855,2.0,,,,,,,,,,,,,,,,,,,,,,,,,,,,,,,,,,,,,,,,,,,,,,,,,,,,,,,,,,,,,,,,,,,,,,,0.10573002536142856,0.0,,,,,,,,,,,,,,,,,,,,,,,,,,,,,,,,,,,,,,,,,,,,,,,,,,,,,,,,,,,,,,,,,,,,,,,,,,,,,,,,,,,,,,,,,,,0.011147939832000001,0.0,,,,,,,,,,,,,,,,,,,,,,,,,,,,,,,,,,,,,,,,,,,,,,,,,,,,,,
9,region_09,2021-05-22,,,,,,,,,,,0.6488379670533333,0.0,,,,,0.01545576099,0.0,0.01228056382,0.0,,,0.05749569530375,0.0,,,,,,,0.03777302315240259,0.0,0.008080882769,2.0,,,,,0.02467605875,0.0,0.03467220068,0.0,,,,,,,,,,,,,,,,,,,,,,,,,,,,,,,,,,,,,,,,,,,,,,,,,,,,,,,,,,,,,,,,,,,,,,,0.11141918280357142,0.0,,,,,,,,,,,,,,,,,,,,,,,,,,,,,,,,,,,,,,,,,,,,,,,,,,,,,,,,,,,,,,,,,,,,,,,,,,,,,,,,,,,,,,,,,,,0.012185811413500001,0.0,,,,,,,,,,,,,,,,,,,,,,,,,,,,,,,,,,,,,,,,,,,,,,,,,,,,,,
9,region_09,2021-05-29,,,,,,,,,,,0.5677397648505556,0.0,,,,,0.01398823969,0.0,,,,,0.048957383635,0.0,,,,,,,0.09958755486028736,0.0,0.015741943754000003,0.0,,,,,0.028261239639999998,0.0,0.02076040581,0.0,,,,,,,,,,,,,,,,,,,,,,,,,,,,,,,,,,,,,,,,,,,,,,,,,,,,,,,,,,,,,,,,,,,,,,,0.13299692369,0.0,,,,,,,,,,,,,,,,,,,,,,,,,,,0.014122603739000001,2.0,,,,,,,,,,,,,,,,,,,,,,,,,,,,,,,,,,,,,,,,,,,,,,,,,,,,,,,,,,,,,,,0.013223682995,0.0,,,,,,,,,,,,,,,,,,,,,,,,,,,,,,,,,,,,,,,,,,,,,,,,,,,,,,
9,region_09,2021-06-05,,,,,,,,,,,0.44776719146277777,0.0,,,,,,,,,,,0.050110778958,0.0,,,,,,,0.16298004162844826,0.0,0.030244351924000004,0.0,,,,,0.025011829413333332,0.0,0.03755605593,0.0,,,,,,,,,,,,,,,,,,,,,,,,,,,,,,,,,,,,,,,,,,,,,,,,,,,,,,,,,,,,,,,,,,,,,,,0.14958657856571428,0.0,,,,,,,,,,,,,,,,,,,,,,,,,,,0.064956458656,0.0,,,,,,,,,,,,,,,,,,,,,,,,,,,,,,,,,,,,,,,,,,,,,,,,,,,,,,,,,,,,,,,0.0125708684,0.0,,,,,,,,,,,,,,,,,,,,,,,,,,,,,,,,,,,,,,,,,,,,,,,,,,,,,,
9,region_09,2021-06-12,,,,,,,,,,,0.391814090309375,0.0,,,,,,,,,,,0.039686873321249996,0.0,,,,,,,0.2504405579436628,0.0,0.01942478679375,0.0,,,,,0.026823053136666667,0.0,0.033167576415,0.0,,,,,,,,,,,,,,,,,,,,,,,,,,,,,,,,,,,,,,,,,,,,,,,,,,,,,,,,,,,,,,,,,,,,,,,0.17450918381333333,0.0,,,,,,,,,,,,,,,,,,,,,,,,,,,0.04453909630125,0.0,,,,,,,,,,,,,,,,,,,,,,,,,,,,,,,,,,,,,,,,,,,,,,,,,,,,,,,,,,,,,,,0.011918053805,0.0,,,,,,,,,,,,,,,,,,,,,,,,,,,,,,,,,,,,,,,,,,,,,,,,,,,,,,
9,region_09,2021-06-19,,,,,,,,,,,0.33689043298375,0.0,,,,,,,,,,,0.025592645907,0.0,,,,,,,0.38823767907296514,0.0,0.019195373916,0.0,,,,,0.037956371285,0.0,0.01971662231,0.0,,,,,,,,,,,,,,,,,,,,,,,,,,,,,,,,,,,,,,,,,,,,,,,,,,,,,,,,,,,,,,,,,,,,,,,0.11657936232499999,0.0,,,,,,,,,,,,,,,,,,,,,,,,,,,0.0567827371885,0.0,,,,,,,,,,,,,,,,,,,,,,,,,,,,,,,,,,,,,,,,,,,,,,,,,,,,,,,,,,,,,,,0.01126523921,0.0,,,,,,,,,,,,,,,,,,,,,,,,,,,,,,,,,,,,,,,,,,,,,,,,,,,,,,
9,region_09,2021-06-26,0.009323940145000001,2.0,,,,,,,,,0.21859741210777778,0.0,,,,,,,,,,,0.01947902468875,0.0,,,,,,,0.5513723304205747,0.0,0.024257858149285716,0.0,,,,,0.016962679415,0.0,0.01621443871,0.0,,,,,,,,,,,,,,,,,,,,,,,,,,,,,,,,,,,,,,,,,,,,,,,,,,,,,,,,,,,,,,,,,,,,,,,0.09596473776714286,0.0,,,,,,,,,,,,,,,,,,,,,,,,,,,0.04995626720133334,0.0,,,,,,,,,,,,,,,,,,,,,,,,,,,,,,,,,,,,,,,,,,,,,,,,,,,,,,,,,,,,,,,0.014366880525,0.0,,,,,,,,,0.00463396404,2.0,,,,,,,,,,,,,,,,,,,,,,,,,,,,,,,,,,,,,,,,,,,,
9,region_09,2021-07-03,0.01589433476,0.0,,,,,,,,,0.13176521990222223,0.0,,,,,,,,,,,0.01911687664625,0.0,,,,,,,0.6816088725115517,0.0,0.025263680542857145,0.0,0.009501389536666665,2.0,,,0.010382229619999999,0.0,0.01301538758,0.0,,,,,,,,,,,,,,,,,,,,,,,,,,,,,,,,,,,,,,,,,,,,,,,,,,,,,,,,,,,,,,,,,,,,,,,0.07391994020928572,0.0,,,,,,,,,,,,,,,,,,,,,,,,,,,0.039263180642333334,0.0,,,,,,,,,,,,,,,,,,,,,,,,,,,,,,,,,,,,,,,,,,,,,,,,,,,,,,,,,,,,,,,,,,,,,,,,,0.0063936975329999994,0.0,,,,,,,,,,,,,,,,,,,,,,,,,,,,,,,,,,,,,,,,,,,,
9,region_09,2021-07-10,0.03914236091,0.0,,,,,,,,,0.06226891734611111,0.0,,,,,,,,,,,0.007991455845,0.0,,,,,,,0.8041957514043678,0.0,0.020020697,0.0,0.007777042455,0.0,,,0.0068800655816666665,0.0,0.00602316577,0.0,,,,,,,,,,,,,,,,,,,,,,,,,,,,,,,,,,,,,,,,,,,,,,,,,,,,,,,,,,,,,,,,,,,,,,,0.041445121435714286,0.0,,,,,,,,,,,,,,,,,,,,,,,,,,,0.030054859878333333,0.0,,,,,,,,,,,,,,,,,,,,,,,,,,,,,,,,,,,,,,,,,,,,,,,,,,,,,,,,,,,,,,,,,,,,,,,,,0.005333736675999999,0.0,,,,,,,,,,,,,,,,,,,,,,,,,,,,,,,,,,,,,,,,,,,,
9,region_09,2021-07-17,0.03034563363,0.0,,,,,,,,,0.030785109744999997,0.0,,,,,,,,,,,0.005218982073333333,0.0,,,,,,,0.8691172647753448,0.0,0.014963007662857143,0.0,0.0072384849983333326,0.0,,,0.00784508535,0.0,0.00428490294,0.0,,,,,,,,,,,,,,,,,,,,,,,,,,,,,,,,,,,,,,,,,,,,,,,,,,,,,,,,,,,,,,,,,,,,,,,0.024757255667142854,0.0,,,,,,,,,,,,,,,,,,,,,,,,,,,0.021470098570666667,0.0,,,,,,,,,,,,,,,,,,,,,,,,,,,,,,,,,,,,,,,,,,,,,,,,,,,,,,,,,,,,,,,,,,,,,,,,,0.002439010477,0.0,,,,,,,,,,,,,,,,,,,,,,,,,,,,,,,,,,,,,,,,,,,,
9,region_09,2021-07-24,0.035252984609999996,0.0,,,,,,,,,0.013344950197777778,0.0,,,,,,,,,,,0.00306807889,0.0,,,,,,,0.9184330907344254,0.0,0.010359209960714287,0.0,0.004769921845,0.0,,,0.003000401855,0.0,0.002210245,0.0,,,,,,,,,,,,,,,,,,,,,,,,,,,,,,,,,,,,,,,,,,,,,,,,,,,,,,,,,,,,,,,,,,,,,,,0.012761240692857143,0.0,,,,,,,,,,,,,,,,,,,,,,,,,,,0.015794051685,0.0,,,,,,,,,,,,,,,,,,,,,,,,,,,,,,,,,,,,,,,,,,,,,,,,,,,,,,,,,,,,,,,,,,,,,,,,,0.0028121034619999997,0.0,,,,,,,,,,,,,,,,,,,,,,,,,,,,,,,,,,,,,,,,,,,,
9,region_09,2021-07-31,0.04715136439,0.0,,,,,,,,,0.007275806389999999,0.0,,,,,,,,,,,,,,,,,,,0.9324854353336309,0.0,0.0089802180125,0.0,0.00389173883,0.0,,,0.0021912950925,0.0,0.00089192099,0.0,,,,,,,,,,,,,,,,,,,,,,,,,,,,,,,,,,,,,,,,,,,,,,,,,,,,,,,,,,,,,,,,,,,,,,,0.0053635320725,0.0,,,,,,,,,,,,,,,,,,,,,,,,,,,0.0080196203725,0.0,,,,,,,,,,,,,,,,,,,,,,,,,,,,,,,,,,,,,,,,,,,,,,,,,,,,,,,,,,,,,,,,,,,,,,,,,0.0067095603625,0.0,,,,,,,,,,,,,,,,,,,,,,,,,,,,,,,,,,,,,,,,,,,,
9,region_09,2021-08-07,,,,,,,,,,,0.0046179178750000004,0.0,,,,,,,,,,,,,,,,,,,0.9728866500012942,0.0,0.0030593557366666666,0.0,0.0020327687949999998,0.0,,,,,,,,,,,,,,,,,,,,,,,,,,,,,,,,,,,,,,,,,,,,,,,,,,,,,,,,,,,,,,,,,,,,,,,,,,,,,0.004699252236666666,0.0,,,,,,,,,,,,,,,,,,,,,,,,,,,0.008125777025714286,0.0,,,,,,,,,,,,,,,,,,,,,,,,,,,,,,,,,,,,,,,,,,,,,,,,,,,,,,,,,,,,,,,,,,,,,,,,,0.007364363043571429,0.0,,,,,,,,,,,,,,,,,,,,,,,,,,,,,,,,,,,,,,,,,,,,
9,region_09,2021-08-14,,,,,,,,,,,0.00238601258,0.0,,,,,,,,,,,,,,,,,,,0.9874883660342167,0.0,0.0016527492933333333,0.0,0.00181116431,0.0,,,,,,,,,,,,,,,,,,,,,,,,,,,,,,,,,,,,,,,,,,,,,,,,,,,,,,,,,,,,,,,,,,,,,,,,,,,,,0.0031023417433333335,0.0,,,,,,,,,,,,,,,,,,,,,,,,,,,0.004300144573076923,0.0,,,,,,,,,,,,,,,,,,,,,,,,,,,,,,,,,,,,,,,,,,,,,,,,,,,,,,,,,,,,,,,,,,,,,,,,,0.0062962143366666655,0.0,,,,,,,,,,,,,,,,,,,,,,,,,,,,,,,,,,,,,,,,,,,,
9,region_09,2021-08-21,,,,,,,,,,,,,,,,,,,,,,,,,,,,,,,0.9892293149379268,0.0,,,,,,,,,,,,,,,,,,,,,,,,,,,,,,,,,,,,,,,,,,,,,,,,,,,,,,,,,,,,,,,,,,,,,,,,,,,,,,,,,0.0018162204233333333,0.0,,,,,,,,,,,,,,,,,,,,,,,,,,,0.00523388984,0.0,,,,,,,,,,,,,,,,,,,,,,,,,,,,,,,,,,,,,,,,,,,,,,,,,,,,,,,,,,,,,,,,,,,,,,,,,0.0050537474050000005,0.0,,,,,,,,,,,,,,,,,,,,,,,,,,,,,,,,,,,,,,,,,,,,
9,region_09,2021-08-28,,,,,,,,,,,,,,,,,,,,,,,,,,,,,,,0.9845028159060495,0.0,,,,,,,,,,,,,,,,,,,,,,,,,,,,,,,,,,,,,,,,,,,,,,,,,,,,,,,,,,,,,,,,,,,,,,,,,,,,,,,,,,,,,,,,,,,,,,,,,,,,,,,,,,,,,0.0030951538350000004,0.0,,,,,,,,,,,,,,,,,,,,,,,,,,,,,,,,,,,,,,,,,,,,,,,,,,,,,,,,,,,,,,,,,,,,,,,,,0.01541450713,0.0,,,,,,,,,,,,,,,,,,,,,,,,,,,,,,,,,,,,,,,,,,,,
9,region_09,2021-09-04,,,,,,,,,,,,,,,,,,,,,,,,,,,,,,,0.9844853601812195,0.0,,,,,,,,,,,,,,,,,,,,,,,,,,,,,,,,,,,,,,,,,,,,,,,,,,,,,,,,,,,,,,,,,,,,,,,,,,,,,,,,,,,,,,,,,,,,,,,,,,,,,,,,,,,,,0.00250245607,0.0,,,,,,,,,,,,,,,,,,,,,,,,,,,,,,,,,,,,,,,,,,,,,,,,,,,,,,,,,,,,,,,,,,,,,,,,,0.005775187968181819,0.0,,,,,,,,,,,,,,,,,,,,,,,,,,,,,,,,,,,,,,,,,,,,
9,region_09,2021-09-11,,,,,,,,,,,,,,,,,,,,,,,,,,,,,,,0.9843543070120732,0.0,,,,,,,,,,,,,,,,,,,,,,,,,,,,,,,,,,,,,,,,,,,,,,,,,,,,,,,,,,,,,,,,,,,,,,,,,,,,,,,,,,,,,,,,,,,,,,,,,,,,,,,,,,,,,0.00446829712,0.0,,,,,,,,,,,,,,,,,,,,,,,,,,,,,,,,,,,,,,,,,,,,,,,,,,,,,,,,,,,,,,,,,,,,,,,,,0.005140792705151515,0.0,,,,,,,,,,,,,,,,,,,,,,,,,,,,,,,,,,,,,,,,,,,,
9,region_09,2021-09-18,,,,,,,,,,,,,,,,,,,,,,,,,,,,,,,0.982426885425,0.0,,,,,,,,,,,,,,,,,,,,,,,,,,,,,,,,,,,,,,,,,,,,,,,,,,,,,,,,,,,,,,,,,,,,,,,,,,,,,,,,,,,,,,,,,,,,,,,,,,,,,,,,,,,,,,,,,,,,,,,,,,,,,,,,,,,,,,,,,,,,,,,,,,,,,,,,,,,,,,,,,,,,,,,,,,,,,,,,,,,,,,,0.0045063974421212126,0.0,,,,,,,,,,,,,,,,,,,,,,,,,,,,,,,,,,,,,,,,,,,,
9,region_09,2021-09-25,,,,,,,,,,,,,,,,,,,,,,,,,,,,,,,0.9927014972592405,0.0,,,,,,,,,,,,,,,,,,,,,,,,,,,,,,,,,,,,,,,,,,,,,,,,,,,,,,,,,,,,,,,,,,,,,,,,,,,,,,,,,,,,,,,,,,,,,,,,,,,,,,,,,,,,,,,,,,,,,,,,,,,,,,,,,,,,,,,,,,,,,,,,,,,,,,,,,,,,,,,,,,,,,,,,,,,,,,,,,,,,,,,0.0038720021790909095,0.0,,,,,,,,,,,,,,,,,,,,,,,,,,,,,,,,,,,,,,,,,,,,
9,region_09,2021-10-02,,,,,,,,,,,,,,,,,,,,,,,,,,,,,,,0.9949797802157142,0.0,,,,,,,,,,,,,,,,,,,,,,,,,,,,,,,,,,,,,,,,,,,,,,,,,,,,,,,,,,,,,,,,,,,,,,,,,,,,,,,,,,,,,,,,,,,,,,,,,,,,,,,,,,,,,,,,,,,,,,,,,,,,,,,,,,,,,,,,,,,,,,,,,,,,,,,,,,,,,,,,,,,,,,,,,,,,,,,,,,,,,,,0.0032376069160606064,0.0,,,,,,,,,,,,,,,,,,,,,,,,,,,,,,,,,,,,,,,,,,,,
9,region_09,2021-10-09,,,,,,,,,,,,,,,,,,,,,,,,,,,,,,,0.9897002117544305,0.0,,,,,,,,,,,,,,,,,,,,,,,,,,,,,,,,,,,,,,,,,,,,,,,,,,,,,,,,,,,,,,,,,,,,,,,,,,,,,,,,,,,,,,,,,,,,,,,,,,,,,,,,,,,,,,,,,,,,,,,,,,,,,,,,,,,,,,,,,,,,,,,,,,,,,,,,,,,,,,,,,,,,,,,,,,,,,,,,,,,,,,,0.0026032116530303032,0.0,,,,,,,,,,,,,,,,,,,,,,,,,,,,,,,,,,,,,,,,,,,,
9,region_09,2021-10-16,,,,,,,,,,,,,,,,,,,,,,,,,,,,,,,0.9871361431402564,0.0,,,,,,,,,,,,,,,,,,,,,,,,,,,,,,,,,,,,,,,,,,,,,,,,,,,,,,,,,,,,,,,,,,,,,,,,,,,,,,,,,,,,,,,,,,,,,,,,,,,,,,,,,,,,,,,,,,,,,,,,,,,,,,,,,,,,,,,,,,,,,,,,,,,,,,,,,,,,,,,,,,,,,,,,,,,,,,,,,,,,,,,0.00196881639,0.0,,,,,,,,,,,,,,,,,,,,,,,,,,,,,,,,,,,,,,,,,,,,
9,region_09,2021-10-23,,,,,,,,,,,,,,,,,,,,,,,,,,,,,,,0.991795035508718,0.0,,,,,,,,,,,,,,,,,,,,,,,,,,,,,,,,,,,,,,,,,,,,,,,,,,,,,,,,,,,,,,,,,,,,,,,,,,,,,,,,,,,,,,,,,,,,,,,,,,,,,,,,,,,,,,,,,,,,,,,,,,,,,,,,,,,,,,,,,,,,,,,,,,,,,,,,,,,,,,,,,,,,,,,,,,,,,,,,,,,,,,,,,,,,,,,,,,,,,,,,,,,,,,,,,,,,,,,,,,,,,,,,,,,,
9,region_09,2021-10-30,,,,,,,,,,,,,,,,,,,,,,,,,,,,,,,0.990291910736579,0.0,,,,,,,,,,,,,,,,,,,,,,,,,,,,,,,,,,,,,,,,,,,,,,,,,,,,,,,,,,,,,,,,,,,,,,,,,,,,,,,,,,,,,,,,,,,,,,,,,,,,,,,,,,,,,,,,,,,,,,,,,,,,,,,,,,,,,,,,,,,,,,,,,,,,,,,,,,,,,,,,,,,,,,,,,,,,,,,,,,,,,,,,,,,,,,,,,,,,,,,,,,,,,,,,,,,,,,,,,,,,,,,,,,,,
9,region_09,2021-11-06,,,,,,,,,,,,,,,,,,,,,,,,,,,,,,,0.9889567216249333,0.0,,,,,,,,,,,,,,,,,,,,,,,,,,,,,,,,,,,,,,,,,,,,,,,,,,,,,,,,,,,,,,,,,,,,,,,,,,,,,,,,,,,,,,,,,,,,,,,,,,,,,,,,,,,,,,,,,,,,,,,,,,,,,,,,,,,,,,,,,,,,,,,,,,,,,,,,,,,,,,,,,,,,,,,,,,,,,,,,,,,,,,,,,,,,,,,,,,,,,,,,,,,,,,,,,,,,,,,,,,,,,,,,,,,,
9,region_09,2021-11-13,,,,,,,,,,,,,,,,,,,,,,,,,,,,,,,0.9865687215651351,0.0,,,,,,,,,,,,,,,,,,,,,,,,,,,,,,,,,,,,,,,,,,,,,,,,,,,,,,,,,,,,,,,,,,,,,,,,,,,,,,,,,,,,,,,,,,,,,,,,,,,,,,,,,,,,,,,,,,,,,,,,,,,,,,,,,,,,,,,,,,,,,,,,,,,,,,,,,,,,,,,,,,,,,,,,,,,,,,,,,,,,,,,,,,,,,,,,,,,,,,,,,,,,,,,,,,,,,,,,,,,,,,,,,,,,
9,region_09,2021-11-20,,,,,,,,,,,,,,,,,,,,,,,,,,,,,,,0.9845826707475342,0.0,,,,,,,,,,,,,,,,,,,,,,,,,,,,,,,,,,,,,,,,,,,,,,,,,,,,,,,,,,,,,,,,,,,,,,,,,,,,,,,,,,,,,,,,,,,,,,,,,,,,,,,,,,,,,,,,,,,,,,,,,,,,,,,,,,,,,,,,,,,,,,,,,,,,,,,,,,,,,,,,,,,,,,,,,,,,,,,,,,,,,,,,,,,,,,,,,,,,,,,,,,,,,,,,,,,,,,,,,,,,,,,,,,,,
9,region_09,2021-11-27,,,,,,,,,,,,,,,,,,,,,,,,,,,,,,,0.9932133933188733,0.0,,,,,,,,,,,,,,,,,,,,,,,,,,,,,,,,,,,,,,,,,,,,,,,,,,,,,,,,,,,,,,,,,,,,,,,,,,,,,,,,,,,,,,,,,,,,,,,,,,,,,,,,,,,,,,,,,,,,,,,,,,,,,,,,,,,,,,,,,,,,,,,,,,,,,,,,,,,,,,,,,,,,,,,,,,,,,,,,,,,,,,,,,,,,,,,,,,,,,,,,,,,,,,,,,,,,,,,,,,,,,,,,,,,,
9,region_09,2021-12-04,,,,,,,,,0.00169752561,1.0,,,,,,,,,,,,,,,,,,,,,0.9972784255231429,0.0,,,,,,,,,,,,,,,,,,,,,,,,,,,,,,,,,,,,,,,,,,,,,,,,,,,,,,,,,,,,,,,,,,,,,,,,,,,,,,,,,,,,,,,,,,,,,,,,,,,,,,,,,,,,,,,,,,,,,,,,,,,,,,,,,,,,,,,,,,,,,,,,,,,,,,,,,,,,,,,,,,,,,,,,,,,,,,,,,,,,,,,,,,,,,,,,,,,,,,,,,,,,,,,,,,,,,,,,,,,,,,,,,,,,
9,region_09,2021-12-11,,,,,,,,,0.03905863734,0.0,,,,,,,,,,,,,,,,,,,,,0.9653834726137143,0.0,,,,,,,,,,,,,,,,,,,,,,,,,,,,,,,,,,,,,,,,,,,,,,,,,,,,,,,,,,,,,,,,,,,,,,,,,,,,,,,,,,,,,,,,,,,,,,,,,,,,,,,,,,,,,,,,,,,,,,,,,,,,,,,,,,,,,,,,,,,,,,,,,,,,,,,,,,,,,,,,,,,,,,,,,,,,,,,,,,,,,,,,,,,,,,,,,,,,,,,,,,,,,,,,,,,,,,,,,,,,,,,,,,,,
9,region_09,2021-12-18,,,,,,,,,0.2179172463146154,0.0,,,,,,,,,,,,,,,,,,,,,0.6275085449219999,0.0,,,,,,,,,,,,,,,,,,,,,,,,,,,,,,,,,,,,,,,,,,,,,,,,,,,,,,,,,,,,,,,,,,,,,,,,,,,,,,,,,,,,,,,,,,,,,,,,,,,,,,,,,,,,,,,,,,,,,,,,,,,,,,,,,,,,,,,,,,,,,,,,,,,,,,,,,,,,,,,,,,,,,,,,,,,,,,,,,,,,,,,,,,,,,,,,,,,,,,,,,,,,,,,,,,,,,,,,,,,,,,,,,,,,
9,region_09,2021-12-25,,,,,,,,,0.5809251173686957,0.0,,,,,,,,,,,,,,,,,,,,,0.23028590778449273,0.0,,,,,,,,,,,0.37688422904264707,1.0,,,,,,,,,,,,,,,,,,,,,,,,,,,,,,,,,,,,,,,,,,,,,,,,,,,,,,,,,,,,,,,,,,,,,,,,,,,,,,,,,,,,,,,,,,,,,,,,,,,,,,,,,,,,,,,,,,,,,,,,,,,,,,,,,,,,,,,,,,,,,,,,,,,,,,,,,,,,,,,,,,,,,,,,,,,,,,,,,,,,,,,,,,,,,,,,,,,,,,,,,,,,,,,,,,,,,,,,
9,region_09,2022-01-01,,,,,,,,,0.6513831137738235,0.0,,,,,,,,,,,,,,,,,,,,,0.09534877385294117,0.0,,,,,,,,,,,0.49750467959617645,0.0,,,,,,,,,,,,,,,,,,,,,,,,,,,,,,,,,,,,,,,,,,,,,,,,,,,,,,,,,,,,,,,,,,,,,,,,,,,,,,,,,,,,,,,,,,,,,,,,,,,,,,,,,,,,,,,,,,,,,,,,,,,,,,,,,,,,,,,,,,,,,,,,,,,,,,,,,,,,,,,,,,,,,,,,,,,,,,,,,,,,,,,,,,,,,,,,,,,,,,,,,,,,,,,,,,,,,,,,
9,region_09,2022-01-08,,,,,,,,,0.6702775821749254,0.0,,,,,,,,,,,,,,,,,,,,,0.028141252585373137,0.0,,,,,,,,,,,0.5871194723776471,0.0,0.0012056716044444443,1.0,,,,,,,,,,,,,,,,,,,,,,,,,,,,,,,,,,,,,,,,,,,,,,,,,,,,,,,,,,,,,,,,,,,,,,,,,,,,,,,,,,,,,,,,,,,,,,,,,,,,,,,,,,,,,,,,,,,,,,,,,,,,,,,,,,,,,,,,,,,,,,,,,,,,,,,,,,,,,,,,,,,,,,,,,,,,,,,,,,,,,,,,,,,,,,,,,,,,,,,,,,,,,,,,,,,,,,
9,region_09,2022-01-15,,,,,,,,,0.647549442391194,0.0,,,,,,,,,,,,,,,,,,,,,0.015014195998333334,0.0,,,,,,,,,,,0.6553033537729411,0.0,0.0039205667303174605,0.0,,,,,,,,,,,,,,,,,,,,,,,,,,,,,,,,,,,,,,,,,,,,,,,,,,,,,,,,,,,,,,,,,,,,,,,,,,,,,,,,,,,,,,,,,,,,,,,,,,,,,,,,,,,,,,,,,,,,,,,,,,,,,,,,,,,,,,,,,,,,,,,,,,,,,,,,,,,,,,,,,,,,,,,,,,,,,,,,,,,,,,,,,,,,,,,,,,,,,,,,,,,,,,,,,,,,,,
9,region_09,2022-01-22,,,,,,,,,0.6241978759116668,0.0,,,,,,,,,,,,,,,,,,,,,0.00216409191,0.0,,,,,,,,,,,0.7024659339126471,0.0,0.008660031277727272,0.0,,,,,,,,,,,,,,,,,,,,,,,,,,,,,,,,,,,,,,,,,,,,,,,,,,,,,,,,,,,,,,,,,,,,,,,,,,,,,,,,,,,,,,,,,,,,,,,,,,,,,,,,,,,,,,,,,,,,,,,,,,,,,,,,,,,,,,,,,,,,,,,,,,,,,,,,,,,,,,,,,,,,,,,,,,,,,,,,,,,,,,,,,,,,,,,,,,,,,,,,,,,,,,,,,,,,,,
9,region_09,2022-01-29,,,,,,,,,0.6004677765647692,0.0,,,,,,,,,,,,,,,,,,,,,0.004016052870923077,0.0,,,,,,,,,,,0.7267658500114705,0.0,0.014822895556071428,0.0,,,,,,,,,,,,,,,,,,,,,,,,,,,,,,,,,,,,,,,,,,,,,,,,,,,,,,,,,,,,,,,,,,,,,,,,,,,,,,,,,,,,,,,,,,,,,,,,,,,,,,,,,,,,,,,,,,,,,,,,,,,,,,,,,,,,,,,,,,,,,,,,,,,,,,,,,,,,,,,,,,,,,,,,,,,,,,,,,,,,,,,,,,,,,,,,,,,,,,,,,,,,,,,,,,,,,,
9,region_09,2022-02-05,,,,,,,,,0.58056992013,0.0,,,,,,,,,,,,,,,,,,,,,,,,,,,,,,,,,0.75252589934,0.0,0.017085363806744188,0.0,,,,,,,,,,,,,,,,,,,,,,,,,,,,,,,,,,,,,,,,,,,,,,,,,,,,,,,,,,,,,,,,,,,,,,,,,,,,,,,,,,,,,,,,,,,,,,,,,,,,,,,,,,,,,,,,,,,,,,,,,,,,,,,,,,,,,,,,,,,,,,,,,,,,,,,,,,,,,,,,,,,,,,,,,,,,,,,,,,,,,,,,,,,,,,,,,,,,,,,,,,,,,,,,,,,,,,
9,region_09,2022-02-12,,,,,,,,,0.5584548945933333,0.0,,,,,,,,,,,,,,,,,,,,,,,,,,,,,,,,,0.7594216411760606,0.0,0.030554070654603176,0.0,,,,,,,,,,,,,,,,,,,,,,,,,,,,,,,,,,,,,,,,,,,,,,,,,,,,,,,,,,,,,,,,,,,,,,,,,,,,,,,,,,,,,,,,,,,,,,,,,,,,,,,,,,,,,,,,,,,,,,,,,,,,,,,,,,,,,,,,,,,,,,,,,,,,,,,,,,,,,,,,,,,,,,,,,,,,,,,,,,,,,,,,,,,,,,,,,,,,,,,,,,,,,,,,,,,,,,
9,region_09,2022-02-19,,,,,,,,,0.5270130009422581,0.0,,,,,,,,,,,,,,,,,,,,,,,,,,,,,,,,,0.7666331967885294,0.0,0.05077282075,0.0,,,,,,,,,,,,,,,,,,,,,,,,,,,,,,,,,,,,,,,,,,,,,,,,,,,,,,,,,,,,,,,,,,,,,,,,,,,,,,,,,,,,,,,,,,,,,,,,,,,,,,,,,,,,,,,,,,,,,,,,,,,,,,,,,,,,,,,,,,,,,,,,,,,,,,,,,,,,,,,,,,,,,,,,,,,,,,,,,,,,,,,,,,,,,,,,,,,,,,,,,,,,,,,,,,,,,,
9,region_09,2022-02-26,,,,,,,,,0.4883113244514754,0.0,,,,,,,,,,,,,,,,,,,,,,,,,,,,,,,,,0.7446448329620587,0.0,0.08911179409114754,0.0,,,,,,,,,,,,,,,,,,,,,,,,,,,,,,,,,,,,,,,,,,,,,,,,,,,,,,,,,,,,,,,,,,,,,,,,,,,,,,,,,,,,,,,,,,,,,,,,,,,,,,,,,,,,,,,,,,,,,,,,,,,,,,,,,,,,,,,,,,,,,,,,,,,,,,,,,,,,,,,,,,,,,,,,,,,,,,,,,,,,,,,,,,,,,,,,,,,,,,,,,,,,,,,,,,,,,,
9,region_09,2022-03-05,,,,,,,,,0.4399211411678333,0.0,,,,,,,,,,,,,,,,,,,,,,,,,,,,,,,,,0.7059518274138236,0.0,0.1588779737555,0.0,,,,,,,,,,,,,,,,,,,,,,,,,,,,,,,,,,,,,,,,,,,,,,,,,,,,,,,,,,,,,,,,,,,,,,,,,,,,,,,,,,,,,,,,,,,,,,,,,,,,,,,,,,,,,,,,,,,,,,,,,,,,,,,,,,,,,,,,,,,,,,,,,,,,,,,,,,,,,,,,,,,,,,,,,,,,,,,,,,,,,,,,,,,,,,,,,,,,,,,,,,,,,,,,,,,,,,
9,region_09,2022-03-12,,,,,,,,,0.3621270936933898,0.0,,,,,,,,,,,,,,,,,,,,,,,,,,,,,,,,,0.6067748394878788,0.0,0.28820582062559325,0.0,,,,,,,,,,,,,,,,,,,,,,,,,,,,,,,,,,,,,,,,,,,,,,,,,,,,,,,,,,,,,,,,,,,,,,,,,,,,,,,,,,,,,,,,,,,,,,,,,,,,,,,,,,,,,,,,,,,,,,,,,,,,,,,,,,,,,,,,,,,,,,,,,,,,,,,,,,,,,,,,,,,,,,,,,,,,,,,,,,,,,,,,,,,,,,,,,,,,,,,,,,,,,,,,,,,,,,
9,region_09,2022-03-19,,,,,,,,,0.2778713220148276,0.0,,,,,,,,,,,,,,,,,,,,,,,,,,,,,,,,,0.4976631464326471,0.0,0.4268102198839655,0.0,,,,,,,,,,,,,,,,,,,,,,,,,,,,,,,,,,,,,,,,,,,,,,,,,,,,,,,,,,,,,,,,,,,,,,,,,,,,,,,,,,,,,,,,,,,,,,,,,,,,,,,,,,,,,,,,,,,,,,,,,,,,,,,,,,,,,,,,,,,,,,,,,,,,,,,,,,,,,,,,,,,,,,,,,,,,,,,,,,,,,,,,,,,,,,,,,,,,,,,,,,,,,,,,,,,,,,
9,region_09,2022-03-26,,,,,,,,,0.17832479658631578,0.0,,,,,,,,,,,,,,,,,,,,,,,,,,,,,,,,,0.3340292038285294,0.0,0.6126917088236842,0.0,,,,,,,,,,,,,,,,,,,,,,,,,,,,,,,,,,,,,,,,,,,,,,,,,,,,,,,,,,,,,,,,,,,,,,,,,,,,,,,,,,,,,,,,,,,,,,,,,,,,,,,,,,,,,,,,,,,,,,,,,,,,,,,,,,,,,,,,,,,,,,,,,,,,,,,,,,,,,,,,,,,,,,,,,,,,,,,,,,,,,,,,,,,,,,,,,,,,,,,,,,,,,,,,,,,,,,
9,region_09,2022-04-02,,,,,,,,,0.09864227141089286,0.0,,,,,,,,,,,,,,,,,,,,,,,,,,,,,,,,,0.1910678634747059,0.0,0.7598924966789286,0.0,0.020451650666727276,1.0,,,,,,,,,,,,,,,,,,,,,,,,,,,,,,,,,,,,,,,,,,,,,,,,,,,,,,,,,,,,,,,,,,,,,,,,,,,,,,,,,,,,,,,,,,,,,,,,,,,,,,,,,,,,,,,,,,,,,,,,,,,,,,,,,,,,,,,,,,,,,,,,,,,,,,,,,,,,,,,,,,,,,,,,,,,,,,,,,,,,,,,,,,,,,,,,,,,,,,,,,,,,,,,,,,,,
9,region_09,2022-04-09,,,,,,,,,0.04979893587181818,0.0,,,,,,,,,,,,,,,,,,,,,,,,,,,,,,,,,0.10328606034,0.0,0.8307680836266037,0.0,0.05082078731909091,0.0,,,,,,,,,,,,,,,,,,,,,,,,,,,,,,,,,,,,,,,,,,,,,,,,,,,,,,,,,,,,,,,,,,,,,,,,,,,,,,,,,,,,,,,,,,,,,,,,,,,,,,,,,,,,,,,,,,,,,,,,,,,,,,,,,,,,,,,,,,,,,,,,,,,,,,,,,,,,,,,,,,,,,,,,,,,,,,,,,,,,,,,,,,,,,,,,,,,,,,,,,,,,,,,,,,,,
9,region_09,2022-04-16,,,,,,,,,0.028853029513333333,0.0,,,,,,,,,,,,,,,,,,,,,,,,,,,,,,,,,0.05226390852647059,0.0,0.8364321589468519,0.0,0.09570646589537038,0.0,,,,,,,,,,,,,,,,,,,,,,,,,,,,,,,,,,,,,,,,,,,,,,,,,,,,,,,,,,,,,,,,,,,,,,,,,,,,,,,,,,,,,,,,,,,,,,,,,,,,,,,,,,,,,,,,,,,,,,,,,,,,,,,,,,,,,,,,,,,,,,,,,,,,,,,,,,,,,,,,,,,,,,,,,,,,,,,,,,,,,,,,,,,,,,,,,,,,,,,,,,,,,,,,,,,,
9,region_09,2022-04-23,,,,,,,,,0.03137972098052631,0.0,,,,,,,,,,,,,,,,,,,,,,,,,,,,,,,,,0.03043197051617647,0.0,0.7987130801632075,0.0,0.15983643818566037,0.0,,,,,,,,,,,,,,,,,,,,,,,,,,,,,,,,,,,,,,,,,,,,,,,,,,,,,,,,,,,,,,,,,,,,,,,,,,,,,,,,,,,,,,,,,,,,,,,,,,,,,,,,,,,,,,,,,,,,,,,,,,,,,,,,,,,,,,,,,,,,,,,,,,,,,,,,,,,,,,,,,,,,,,,,,,,,,,,,,,,,,,,,,,,,,,,,,,,,,,,,,,,,,,,,,,,,
9,region_09,2022-04-30,,,,,,,,,0.014555558097777779,0.0,,,,,,,,,,,,,,,,,,,,,,,,,,,,,,,,,0.012308634899705883,0.0,0.7150018066161539,0.0,0.25606389487096154,0.0,0.006130775335652174,2.0,,,,,,,,,,,,,,,,,,,,,,,,,,,,,,,,,,,,,,,,,,,,,,,,,,,,,,,,,,,,,,,,,,,,,,,,,,,,,,,,,,,,,,,,,,,,,,,,,,,,,,,,,,,,,,,,,,,,,,,,,,,,,,,,,,,,,,,,,,,,,,,,,,,,,,,,,,,,,,,,,,,,,,,,,,,,,,,,,,,,,,,,,,,,,,,,,,,,,,,,,,,,,,,,,,
9,region_09,2022-05-07,,,,,,,,,0.0063621446170588234,0.0,,,,,,,,,,,,,,,,,,,,,,,,,,,,,,,,,0.004779832629117647,0.0,0.627286366387647,0.0,0.3545477881154902,0.0,0.0064828771862499995,0.0,,,,,,,,,,,,,,,,,,,,,,,,,,,,,,,,,,,,,,,,,,,,,,,,,,,,,,,,,,,,,,,,,,,,,,,,,,,,,,,,,,,,,,,,,,,,,,,,,,,,,,,,,,,,,,,,,,,,,,,,,,,,,,,,,,,,,,,,,,,,,,,,,,,,,,,,,,,,,,,,,,,,,,,,,,,,,,,,,,,,,,,,,,,,,,,,,,,,,,,,,,,,,,,,,,
9,region_09,2022-05-14,,,,,,,,,0.0224475991,0.0,,,,,,,,,,,,,,,,,,,,,,,,,,,,,,,,,,,0.5269306277235416,0.0,0.43940549194740003,0.0,0.011964054094693878,0.0,,,0.011212247823061225,1.0,,,,,,,,,,,,,,,,,,,,,,,,,,,,,,,,,,,,,,,,,,,,,,,,,,,,,,,,,,,,,,,,,,,,,,,,,,,,,,,,,,,,,,,,,,,,,,,,,,,,,,,,,,,,,,,,,,,,,,,,,,,,,,,,,,,,,,,,,,,,,,,,,,,,,,,,,,,,,,,,,,,,,,,,,,,,,,,,,,,,,,,,,,,,,,,,,,,,,,,,,,,,,,
9,region_09,2022-05-21,,,,,,,,,,,,,,,,,,,,,,,,,,,,,,,,,,,,,,,,,,,,,0.4337735132620833,0.0,0.5083991524790697,0.0,0.025176070401836732,0.0,,,0.024218957224897957,0.0,,,,,,,,,,,,,,,,,,,,,,,,,,,,,,,,,,,,,,,,,,,,,,,,,,,,,,,,,,,,,,,,,,,,,,,,,,,,,,,,,,,,,,,,,,,,,,,,,,,,,,,,,,,,,,,,,,,,,,,,,,,,,,,,,,,,,,,,,,,,,,,,,,,,,,,,,,,,,,,,,,,,,,,,,,,,,,,,,,,,,,,,,,,,,,,,,,,,,,,,,,,,,,
9,region_09,2022-05-28,,,,,,,,,,,,,,,,,,,,,,,,,,,,,,,,,,,,,,,,,,,,,0.33736709070687504,0.0,0.5700020665920833,0.0,0.040678103688125,0.0,,,0.04534179820425532,0.0,,,,,,,,,,,,,,,,,,,,,,,,,,,,,,,,,,,,,,,,,,,,,,,,,,,,,,,,,,,,,,,,,,,,,,,,,,,,,,,,,,,,,,,,,,,,,,,,,,,,,,,,,,,,,,,,,,,,,,,,,,,,,,,,,,,,,,,,,,,,,,,,,,,,,,,,,,,,,,,,,,,,,,,,,,,,,,,,,,,,,,,,,,,,,,,,,,,,,,,,,,,,,,
9,region_09,2022-06-04,,,,,,,,,,,,,,,,,,,,,,,,,,,,,,,,,,,,,,,,,,,,,0.2565722338697872,0.0,0.59084174944,0.0,0.058638289570851064,0.0,,,0.0892350618193617,0.0,,,,,,,,,,,,,,,,,,,,,,,,,,,,,,,,,,,,,,,,,,,,,,,,,,,,,,,,,,,,,,,,,,,,,,,,,,,,,,,,,,,,,,,,,,,,,,,,,,,,,,,,,,,,,,,,,,,,,,,,,,,,,,,,,,,,,,,,,,,,,,,,,,,,,,,,,,,,,,,,,,,,,,,,,,,,,,,,,,,,,,,,,,,,,,,,,,,,,,,,,,,,,,
9,region_09,2022-06-11,,,,,,,,,,,,,,,,,,,,,,,,,,,,,,,,,,,,,,,,,,,,,0.1771379304323913,0.0,0.5420963466163043,0.0,0.0924574345673913,0.0,,,0.18421176756108695,0.0,,,,,,,,,,,,,,,,,,,,,,,,,,,,,,,,,,,,,,,,,,,,,,,,,,,,,,,,,,,,,,,,,,,,,,,,,,,,,,,,,,,,,,,,,,,,,,,,,,,,,,,,,,,,,,,,,,,,,,,,,,,,,,,,,,,,,,,,,,,,,,,,,,,,,,,,,,,,,,,,,,,,,,,,,,,,,,,,,,,,,,,,,,,,,,,,,,,,,,,,,,,,,,
9,region_09,2022-06-18,,,,,,,,,,,,,,,,,,,,,,,,,,,,,,,,,,,,,,,,,,,,,0.126706678668,0.0,0.46704429123155555,0.0,0.109287055664,0.0,0.0027182934380555555,2.0,0.2911518063813333,0.0,,,,,,,,,,,,,,,,,,,,,,,,,,,,,,,,,,,,,,,,,,,,,,,,,,,,,,,,,,,,,,,,,,,,,,,,,,,,,,,,,,,,,,,,,,,,,,,,,,,,,,,,,,,,,,,,,,,,,,,,,,,,,,,,,,,,,,,,,,,,,,,,,,,,,,,,,,,,,,,,,,,,,,,,,,,,,,,,,,,,,,,,,,,,,,,,,,,,,,,,,,,,,,
9,region_09,2022-06-25,,,,,,,,,,,,,,,,,,,,,,,,,,,,,,,,,,,,,,,,,,,,,0.08494159748522728,0.0,0.3273683522238636,0.0,0.12235665643068182,0.0,0.0049259260375277775,0.0,0.46033622636348837,0.0,,,,,,,,,,,,,,,,,,,,,,,,,,,,,,,,,,,,,,,,,,,,,,,,,,,,,,,,,,,,,,,,,,,,,,,,,,,,,,,,,,,,,,,,,,,,,,,,,,,,,,,,,,,,,,,,,,,,,,,,,,,,,,,,,,,,,,,,,,,,,,,,,,,,,,,,,,,,,,,,,,,,,,,,,,,,,,,,,,,,,,,,,,,,,,,,,,,,,,,,,,,,,,
9,region_09,2022-07-02,,,,,,,,,,,,,,,,,,,,,,,,,,,,,,,,,,,,,,,,,,,,,0.04971628107674419,0.0,0.2365288554239535,0.0,0.11929617059813954,0.0,0.0071335586369999995,0.0,0.5866267292993023,0.0,,,,,,,,,,,,,,,,,,,,,,,,,,,,,,,,,,,,,,,,,,,,,,,,,,,,,,,,,,,,,,,,,,,,,,,,,,,,,,,,,,,,,,,,,,,,,,,,,,,,,,,,,,,,,,,,,,,,,,,,,,,,,,,,,,,,,,,,,,,,,,,,,,,,,,,,,,,,,,,,,,,,,,,,,,,,,,,,,,,,,,,,,,,,,,,,,,,,,,,,,,,,,,
9,region_09,2022-07-09,,,,,,,,,,,,,,,,,,,,,,,,,,,,,,,,,,,,,,,,,,,,,0.03286940409380953,0.0,0.14372650143666665,0.0,0.10711573969095238,0.0,0.00845495472902439,0.0,0.7062329678311905,0.0,,,,,,,,,,,,,,,,,,,,,,,,,,,,,,,,,,,,,,,,,,,,,,,,,,,,,,,,,,,,,,,,,,,,,,,,,,,,,,,,,,,,,,,,,,,,,,,,,,,,,,,,,,,,,,,,,,,,,,,,,,,,,,,,,,,,,,,,,,,,,,,,,,,,,,,,,,,,,,,,,,,,,,,,,,,,,,,,,,,,,,,,,,,,,,,,,,,,,,,,,,,,,,
9,region_09,2022-07-16,,,,,,,,,,,,,,,,,,,,,,,,,,,,,,,,,,,,,,,,,,,,,0.020468182498780487,0.0,0.09513725831,0.0,0.09797779379829269,0.0,0.01224322923707317,0.0,0.7716152275478049,0.0,,,,,,,,,,,,,,,,,,,,,,,,,,,,,,,,,,,,,,,,,,,,,,,,,,,,,,,,,,,,,,,,,,,,,,,,,,,,,,,,,,,,,,,,,,,,,,,,,,,,,,,,,,,,,,,,,,,,,,,,,,,,,,,,,,,,,,,,,,,,,,,,,,,,,,,,,,,,,,,,,,,,,,,,,,,,,,,,,,,,,,,,,,,,,,,,,,,,,,,,,,,,,,
9,region_09,2022-07-23,,,,,,,,,,,,,,,,,,,,,,,,,,,,,,,,,,,,,,,,,,,,,0.012713032565249999,0.0,0.0595349300655,0.0,0.09021958447975001,0.0,0.01128633965275,0.0,0.8236059699297437,0.0,,,,,,,,,,,,,,,,,,,,,,,,,,,,,,,,,,,,,,,,,,,,,,,,,,,,,,,,,,,,,,,,,,,,,,,,,,,,,,,,,,,,,,,,,,,,,,,,,,,,,,,,,,,,,,,,,,,,,,,,,,,,,,,,,,,,,,,,,,,,,,,,,,,,,,,,,,,,,,,,,,,,,,,,,,,,,,,,,,,,,,,,,,,,,,,,,,,,,,,,,,,,,,
9,region_09,2022-07-30,,,,,,,,,,,,,,,,,,,,,,,,,,,,,,,,,,,,,,,,,,,,,0.009199766736842106,0.0,0.03369594286947369,0.0,0.07706716813605263,0.0,0.017768103874210527,0.0,0.8583393741305405,0.0,,,,,,,,,,,,,,,,,,,,,,,,,,,,,,,,,,,,,,,,,,,,,,,,,,,,,,,,,,,,,,,,,,,,,,,,,,,,,,,,,,,,,,,,,,,,,,,,,,,,,,,,,,,,,,,,,,,,,,,,,,,,,,,,,,,,,,,,,,,,,,,,,,,,,,,,,,,,,,,,,,,,,,,,,,,,,,,,,,,,,,,,,,,,,,,,,,,,,,,,,,,,,,
9,region_09,2022-08-06,,,,,,,,,,,,,,,,,,,,,,,,,,,,,,,,,,,,,,,,,,,,,0.009164638355000001,0.0,0.023894181374324322,0.0,0.06556163828891892,0.0,0.021651550472972972,0.0,0.8729670514927027,0.0,,,,,,,,,,,,,,,,,,,,,,,,,,,,,,,,,,,,,,,,,,,,,,,,,,,,,,,,,,,,,,,,,,,,,,,,,,,,,,,,,,,,,,,,,,,,,,,,,,,,,,,,,,,,,,,,,,,,,,,,,,,,,,,,,,,,,,,,,,,,,,,,,,,,,,,,,,,,,,,,,,,,,,,,,,,,,,,,,,,,,,,,,,,,,,,,,,,,,,,,,,,,,,
9,region_09,2022-08-13,,,,,,,,,,,,,,,,,,,,,,,,,,,,,,,,,,,,,,,,,,,,,0.007678229518333334,0.0,0.012844089522777777,0.0,0.04873284304361111,0.0,0.02563771558916667,0.0,0.9008711348570588,0.0,,,,,,,,,,,,,,,,,,,,,,,,,,,,,,,,,,,,,,,,,,,,,,,,,,,,,,,,,,,,,,,,,,,,,,,,,,,,,,,,,,,,,,,,,,,,,,,,,,,,,,,,,,,,,,,,,,,,,,,,,,,,,,,,,,,,,,,,,,,,,,,,,,,,,,,,,,,,,,,,,,,,,,,,,,,,,,,,,,,,,,,,,,,,,,,,,,,,,,,,,,,,,,
9,region_09,2022-08-20,,,,,,,,,,,,,,,,,,,,,,,,,,,,,,,,,,,,,,,,,,,,,0.003686862704782609,0.0,0.008579411384,0.0,0.04165054676771429,0.0,0.025163147173142855,0.0,0.9085735415711765,0.0,,,0.002189937015,2.0,,,,,,,,,,,,,,,,,,,,,,,,,,,,,,,,,,,,,,,,,,,,,,,,,,,,,,,,,,,,,,,,,,,,,,,,,,,,,,,,,,,,,,,,,,,,,0.004095319332,2.0,,,,,,,,,,,,,,,,,,,,,,,,,,,,,,,,,,,,,,,,,,,,,,,,,,,,,,,,,,,,,,,,,,,,,,,,,,,,,,,,,,,,,,,,,,,,,,,,,,,,,,,,,,,,
9,region_09,2022-08-27,,,,,,,,,,,,,,,,,,,,,,,,,,,,,,,,,,,,,,,,,,,,,0.00371360709,0.0,0.0040921996738235294,0.0,0.03617959874911764,0.0,0.03160372469588235,0.0,0.9064744360305882,0.0,,,0.004394020542352941,0.0,,,,,,,,,,,,,,,,,,,,,,,,,,,,,,,,,,,,,,,,,,,,,,,,,,,,,,,,,,,,,,,,,,,,,,,,,,,,,,,,,,,,,,,,,,,,,0.0044552660466666665,0.0,,,0.0026374207808,2.0,,,,,,,,,,,,,,,,,,,,,,,,,,,,,,,,,,,,,,,,,,,,,,,,,,,,,,,,,,,,,,,,,,,,,,,,,,,,,,,,,,,,,,,,,,,,,,,,,,,,,,,,
9,region_09,2022-09-03,,,,,,,,,,,,,,,,,,,,,,,,,,,,,,,,,,,,,,,,,,,,,0.003462359723148148,0.0,,,0.028319260275454547,0.0,0.03983476408090909,0.0,0.9025617964339394,0.0,,,0.0081427872221875,0.0,,,,,,,,,,,,,,,,,,,,,,,,,,,,,,,,,,,,,,,,,,,,,,,,,,,,,,,,,,,,,,,,,,,,,,,,,,,,,,,,,,,,,,,,,,,,,0.004815212761333333,0.0,,,0.0032366869364,0.0,,,,,,,,,,,,,,,,,,,,,,,,,,,,,,,,,,,,,,,,,,,,,,,,,,,,,,,,,,,,,,,,,,,,,,,,,,,,,,,,,,,,,,,,,,,,,,,,,,,,,,,,
9,region_09,2022-09-10,,,,,,,,,,,,,,,,,,,,,,,,,,,,,,,,,,,,,,,,,,,,,0.0032111123562962966,0.0,,,0.0216969053725,0.0,0.0550226997578125,0.0,0.892019759863125,0.0,,,0.0087009526615625,0.0,,,,,,,,,,,,,,,,,,,,,,,,,,,,,,,,,,,,,,,,,,,,,,,,,,,,,,,,,,,,,,,,,,,,,,,,,,,,,,,,,,,,,,,,,,,,,0.0058749644378125,0.0,0.003738411385714286,2.0,0.003835953092,0.0,,,,,,,,,,,,,,,,,,,,,,,,,,,,,,,,,,,,,,,,,,,,,,,,,,,,,,,,,,,,,,,,,,,,,,,,,,,,,,,,,,,,,,,,,,,,,,,,,,,,,,,,
9,region_09,2022-09-17,,,,,,,,,,,,,,,,,,,,,,,,,,,,,,,,,,,,,,,,,,,,,0.005796209102692308,0.0,,,0.016723866184193546,0.0,0.05186764908,0.0,0.8925761368958064,0.0,0.00252748281,2.0,0.011981712594193549,0.0,,,,,,,,,,,,,,,,,,,,,,,,,,,,,,,,,,,,,,,,,,,,,,,,,,,,,,,,,,,,,,,,,,,,,,,,,,,,,,,,,,,,,,,,,,,,,0.007319453262903226,0.0,0.0033703877661538464,0.0,0.004671854968200001,0.0,,,,,,,,,,,,,,,,,,,,,,,,,,,,,,,,,,,,,,,,,,,,,,,,,,,,,,,,,,,,,,,,,,,,,,,,,,,,,,,,,,,,,,,,,,,,,,,,,,,,,,,,
9,region_09,2022-09-24,,,,,,,,,,,,,,,,,,,,,,,,,,,,,,,,,,,,,,,,,,,,,0.007199392895517242,0.0,,,0.004274201345,0.0,0.05034200723,0.0,0.877116664251,0.0,0.0040233409886538465,0.0,0.018280091323,0.0,,,0.009655735239615383,1.0,0.0032677768229411766,1.0,,,,,,,,,,,,,,,,,,,,,,,,,,,,,,,,,,,,,,,,,,,,,,,,,,,,,,,,,,,,,,,,,,,,,,,,,,,,,,,,,,,,,,,0.008693642592758621,0.0,0.006056475420689655,0.0,0.0055077568444,0.0,,,,,,,,,,,,,,,,,,,,,,,,,,,,,,,,,,,,,,,,,,,,,,,,,,,,,,,,,,,,,,,,,,,,,,,,,,,,,,,,,,,,,,,,,,,,,,,,,,,,,,,,
9,region_09,2022-10-01,,,,,,,,,,,,,,,,,,,,,,,,,,,,,,,,,,,,,,,,,,,,,0.010423278083448277,0.0,,,0.00852005610862069,0.0,0.05480657517931034,0.0,0.8382343834841379,0.0,0.005519199167307693,0.0,0.026613137782413795,0.0,,,0.018018143379310344,0.0,0.010844910485172414,0.0,,,,,,,,,,,,,,,,,,,,,,,,,,,,,,,,,,,,,,,,,,,,,,,,,,,,,,,,,,,,,,,,,,,,,,,,,,,,,,,,,,,,,,,0.011107363063448276,0.0,0.0033887148278571428,0.0,0.0063008886008,0.0,,,,,,,,,,,,,,,,,,,,,,,,,,,,,,,,,,,,,,,,,,,,,,,,,,,,,,,,,,,,,,,,,,,,,,,,,,,,,,,,,,,,,,,,,,,,,,,,,,,,,,,,
9,region_09,2022-10-08,,,,,,,,,,,,,,,,,,,,,,,,,,,,,,,,,,,,,,,,,,,,,0.014516804832857142,0.0,,,0.008391691930666667,0.0,0.0497280750425,0.0,0.7798588382346429,0.0,0.008756883313333333,0.0,0.047218150592142856,0.0,,,0.038007919144642854,0.0,0.014064571786785714,0.0,,,,,,,,,,,,,,,,,,,,,,,,,,,,,,,,,,,,,,,,,,,,,,,,,,,,,0.005852036049444444,2.0,,,,,,,,,,,,,,,,,,,,,,,,,,,,,,,,,0.012726487393214286,0.0,0.006769805932307692,0.0,0.00885184027875,0.0,,,,,,,,,,,,,,,,,,,,,,,,,,,,,,,,,,,,,,,,,,,,,,,,,,,,,,,,,,,,,,,,,,,,,,,,,,,,,,,,,,,,,,,,,,,,,,,,,,,,,,,,
9,region_09,2022-10-15,,,,,,,,,,,,,,,,,,,,,,,,,,,,,,,,,,,,,,,,,,,,,0.01579791662740741,0.0,,,0.006590093382222222,0.0,0.04489423845111111,0.0,0.7356323379062963,0.0,0.006714121771904762,0.0,0.05259395404592593,0.0,0.0105740691716,2.0,0.060280905277407405,0.0,0.037355274238518525,0.0,,,,,,,,,,,,,,,,,,,,,,,,,,,,,,,,,,,,,,,,,,,,,,,,,,,,,0.008105716272129629,0.0,,,,,,,,,,,,,,,,,,,,,,,,,,,,,,,,,0.01372708448894737,0.0,0.007247830208762542,0.0,0.008723124126766667,0.0,,,,,,,,,,,,,,,,,,,,,,,,,,,,,,,,,,,,,,,,,,,,,,,,,,,,,,,,,,,,,,,,,,,,,,,,,,,,,,,,,,,,,,,,,,,,,,,,,,,,,,,,
9,region_09,2022-10-22,,,,,,,,,,,,,,,,,,,,,,,,,,,,,,,,,,,,,,,,,,,,,0.01618199061230769,0.0,,,,,0.03756328543153846,0.0,0.6685766744603999,0.0,0.010887869168076924,0.0,0.05730311157115385,0.0,0.01856190496307692,0.0,0.0831545668723077,0.0,0.06506071039038462,0.0,,,,,,,,,,,,,,,,,,,,,,,,,,,,,,,,,,,,,,,,,,,,,,,,,,,,,0.010359396494814814,0.0,,,,,,,,,,,,,,,,,,,,,,,,,,,,,,,,,0.008812134870384614,0.0,0.007725854485217391,0.0,0.008594407974783332,0.0,,,,,,,,,,,,,,,,,,,,,,,,,,,,,,,,,,,,,,,,,,,,,,,,,,,,,,,,,,,,,,,,,,,,,,,,,,,,,,,,,,,,,,,,,,,,,,,,,,,,,,,,
9,region_09,2022-10-29,,,,,,,,,,,,,,,,,,,,,,,,,,,,,,,,,,,,,,,,,,,,,0.01939776548,0.0,,,,,0.03216044752291667,0.0,0.5776306056976,0.0,0.0158297829704,0.0,0.05561904174583333,0.0,0.0255200114848,0.0,0.1320035347344,0.0,0.0982296338672,0.0,,,,,,,,,,,,,,,,,,,,,,,,,,,,,,,,,,,,,,,,,,,,,,,,,,,,,0.0126130767175,0.0,,,,,,,,,,,,,,,,,,,,,,,,,,,,,,,,,0.013014072515199999,0.0,0.007420768361775363,0.0,0.0084656918228,0.0,,,,,,,,,,,,,,,,,,,,,,,,,,,,,,,,,,,,,,,,,,,,,,,,,,,,,,,,,,,,,,,,,,,,,,,,,,,,,,,,,,,,,,,,,,,,,,,,,,,,,,,,
9,region_09,2022-11-05,,,,,,,,,,,,,,,,,,,,,,,,,,,,,,,,,,,,,,,,,,,,,0.01820411234375,0.0,,,,,0.0291212446375,0.0,0.50076276933,0.0,0.01663848598625,0.0,0.06951708253416666,0.0,0.020111879177916667,0.0,0.15435696827875,0.0,0.13212912653916667,0.0,,,,,,,,,,,,,,,,,,,,,,,,,,,,,,,,,,,,,,,,,,,,,,,,,,,,,0.022592702492083335,0.0,,,,,,,,,,,,,,,,,,,,,,,,,,,,,,,,,0.014033050469166667,0.0,0.007115682238333334,0.0,0.009306721916956522,0.0,,,,,,,,,,,,,,,,,,,,,,,,,,,,,,,,,,,,,,,,,,,,,,,,,,,,,,,,,,,,,,,,,,,,,,,,,,,,,,,,,,,,,,,,,,,,,,,,,,,,,,,,
9,region_09,2022-11-12,,,,,,,,,,,,,,,,,,,,,,,,,,,,,,,,,,,,,,,,,,,,,0.01994918335304348,0.0,,,,,0.023188995603043477,0.0,0.40757586774608695,0.0,0.023259289723043478,0.0,0.06596266899391304,0.0,0.03226406216347826,0.0,0.19759474824391304,0.0,0.1616015745247826,0.0,,,,,,,,,,,,,,,,,,,,,,,,,,,,,,,,,,,,,,,,,,,,,,,,,,,,,0.02942998245695652,0.0,,,,,,,,,,,,,,,,,,,,,,,,,,,,,,,,,0.014676668560434782,0.0,0.006698464104166667,0.0,0.01155398134,0.0,,,,,,,,,,,,,,,,,,,,,,,,,,,,,,,,,,,,,,,,,,,,,,,,,,,,,,,,,,,,,,,,,,,,,,,,,,,,,,,,,,,,,,,,,,,,,,,,,,,,,,,,
9,region_09,2022-11-19,,,,,,,,,,,,,,,,,,,,,,,,,,,,,,,,,,,,,,,,,,,,,0.014419847043333333,0.0,,,,,0.020410310307272726,0.0,0.3348013094881818,0.0,0.02035389773,0.0,0.06588977880045455,0.0,0.03711306506909091,0.0,0.2304309200159091,0.0,0.1963390233840909,0.0,0.0027987896444444443,2.0,,,,,,,,,,,,,,,,,,,,,,,,,,,,,,,,,,,,,,,,,,,,,,,,,,,0.021482161556666667,0.0,,,,,,,,,,,,,,,,,,,,,,,,,,,,,,,,,0.011491407809545455,0.0,0.00628124597,0.0,0.013301436788000002,0.0,,,,,,,,,,,,,,,,,,,,,,,,,,,,,,,,,,,,,,,,,,,,,,,,,,,,,,,,,,,,,,,,,,,,,,,,,,,,,,,,,,,,,,,,,,,,,,,,,,,,,,,,
9,region_09,2022-11-26,,,,,,,,,,,,,,,,,,,,,,,,,,,,,,,,,,,,,,,,,,,,,0.014305798691428572,0.0,,,,,0.010753674832857144,0.0,0.2740514846076191,0.0,0.018588247398571428,0.0,0.05781260452095238,0.0,0.0356951320447619,0.0,0.26717917975952377,0.0,0.24777618618238095,0.0,0.0041194731975555555,0.0,,,,,,,,,,,,,,,,,,,,,,,,,,,,,,,,,,,,,,,,,,,,,,,,,,,0.045060842299,0.0,,,,,,,,,,,,,,,,,,,,,,,,,,,,,,,,,0.009381066253809524,0.0,0.005246183101904762,0.0,0.008139072984285714,0.0,,,,,,,,,,,,,,,,,,,,,,,,,,,,,,,,,,,,,,,,,,,,,,,,,,,,,,,,,,,,,,,,,,,,,,,,,,,,,,,,,,,,,,,,,,,,,,,,,,,,,,,,
9,region_09,2022-12-03,,,,,,,,,,,,,,,,,,,,,,,,,,,,,,,,,,,,,,,,,,,,,0.0151853369095,0.0,,,,,0.006532519287499999,0.0,0.22076460123000002,0.0,0.015770193423,0.0,0.047934900038,0.0,0.0392910677945,0.0,0.2940402373675,0.0,0.27162794917849997,0.0,0.005440156750666667,0.0,,,,,,,,,,,,,,,,,,,,,,,,,,,,,,,,,,,,,,,,,,,,,,,,,,,0.05467347271473685,0.0,,,,,,,,,,,0.0026495114166666667,1.0,,,,,,,,,,,,,,,,,,,,,0.0094002755125,0.0,0.0070497984995,0.0,0.009028361924,0.0,,,,,,,,,,,,,,,,,,,,,,,,,,,,,,,,,,,,,,,,,,,,,,,,,,,,,,,,,,,,,,,,,,,,,,,,,,,,,,,,,,,,,,,,,,,,,,,,,,,,,,,,
9,region_09,2022-12-10,,,,,,,,,,,,,,,,,,,,,,,,,,,,,,,,,,,,,,,,,,,,,0.012930567915263157,0.0,,,,,0.005494797063157895,0.0,0.16937473965315789,0.0,0.012644464051578947,0.0,0.05021019083894737,0.0,0.03708541922631579,0.0,0.3114314189073684,0.0,0.30825251654526314,0.0,0.005275206734666666,0.0,,,,,,,,,,,,,,,,,,,,,,,,,,,,,,,,,,,,,,,,,,,,,,,,,,,0.05023096719083334,0.0,,,,,,,,,,,0.008749973297894736,0.0,,,,,,,,,,,,,,,,,,,,,0.01117054775,0.0,0.0037699038600000003,0.0,0.00962118927,0.0,,,,,,,,,,,,,,,,,,,,,,,,,,,,,,,,,,,,,,,,,,,,,,,,,,,,,,,,,,,,,,,,,,,,,,,,,,,,,,,,,,,,,,,,,,,,,,,,,,,,,,,,
9,region_09,2022-12-17,,,,,,,,,,,,,,,,,,,,,,,,,,,,,,,,,,,,,,,,,,,,,0.016459181026111113,0.0,,,,,0.003075382546153846,0.0,0.13711130370722222,0.0,0.011899341258888889,0.0,0.043002813226666665,0.0,0.04271598388,0.0,0.3099688440561111,0.0,0.33045654330055557,0.0,0.0063264521446666664,0.0,,,,,,,,,,,,,,,,,,,,,,,,,,,,,,,,,,,,,,,,,,,,,,,,,,,0.045813399552,0.0,,,,,,,,,,,0.016616505207777778,0.0,,,,,,,,,,,,,,,,,,,,,0.009091461827222223,0.0,0.004012791722142857,0.0,0.007967308732222223,0.0,,,,,,,,,,,,,,,,,,,,,,,,,,,,,,,,,,,,,,,,,,,,,,,,,,,,,,,,,,,,,,,,,,,,,,,,,,,,,,,,,,,,,,,,,,,,,,,,,,,,,,,,
9,region_09,2022-12-24,,,,,,,,,,,,,,,,,,,,,,,,,,,,,,,,,,,,,,,,,,,,,0.0125434271,0.0,,,,,0.0027364747958333337,0.0,0.11517165469823529,0.0,0.006968698557333333,0.0,0.025066037716470587,0.0,0.03887104746882353,0.0,0.32814373514235295,0.0,0.35735909377823527,0.0,0.006288120615333333,0.0,,,,,,,,,,,,,,,,,,,,,,,,,,,,,,,,,,,,,,,,,,,,,,,,,,,0.031580561307500005,0.0,,,,,,,,,,,0.03824672738294117,0.0,,,,,,,,,,,,,,,,,,,,,0.007892015155,0.0,0.005073321133529412,0.0,0.006458238196736112,0.0,,,,,,,,,,,,,,,,,,,,,,,,,,,,,,,,,,,,,,,,,,,,,,,,,,,,,,,,,,,,,,,,,,,,,,,,,,,,,,,,,,,,,,,,,,,,,,,,,,,,,,,,
9,region_09,2022-12-31,,,,,,,,,,,,,,,,,,,,,,,,,,,,,,,,,,,,,,,,,,,,,0.014192687969333335,0.0,,,,,,,0.0911729577925,0.0,0.007496409682857143,0.0,0.028975421445625,0.0,0.040901875820625,0.0,0.30387440882625,0.0,0.38117114081875,0.0,0.009291886041999998,0.0,,,,,,,,,,,,,,,,,,,,,,,,,,,,,,,,,,,,,,,,,,,,,,,,,,,0.042353399331875,0.0,,,,,,,,,,,0.055462273769375,0.0,,,,,,,,,,,,,,,,,,,,,0.0076800449175,0.0,0.006184529251875,0.0,0.00494916766125,0.0,,,,,,,,,,,,,,,,,,,,,,,,,,,,,,,,,,,,,,,,,,,,,,,,,,,,,,,,,,,,,,,,,,,,,,,,,,,,,,,,,,,,,,,,,,,,,,,,,,,,,,,,
9,region_09,2023-01-07,,,,,,,,,,,,,,,,,,,,,,,,,,,,,,,,,,,,,,,,,,,,,0.015415760157857143,0.0,,,,,,,0.083258684476,0.0,0.006071686173095238,0.0,0.017348873027142855,0.0,0.030057904992,0.0,0.2613585889346667,0.0,0.3887970745566667,0.0,0.01046956244,0.0,,,,,,,,,,,,,,,,,,,,,,,,,,,,,,,,,,,,,,,,,,,,,,,,,,,0.05795166989266667,0.0,,,,,,,,,,,0.10558921098599999,0.0,,,,,,,,,,,,,,,0.006178806535,2.0,,,,,0.007010334313888889,0.0,0.0044691429950000005,0.0,,,,,,,,,,,,,,,,,,,,,,,,,,,,,,,,,,,,,,,,,,,,,,,,,,,,,,,,,,,,,,,,,,,,,,,,,,,,,,,,,,,,,,,,,,,,,,,,,,,,,,,,,,
9,region_09,2023-01-14,,,,,,,,,,,,,,,,,,,,,,,,,,,,,,,,,,,,,,,,,,,,,0.0063737407692307695,0.0,,,,,,,0.06687716128571429,0.0,0.004646962663333334,0.0,0.02011529356214286,0.0,0.028625795884285713,0.0,0.23464375840642857,0.0,0.37017300299214284,0.0,0.016449473132142855,0.0,,,,,,,,,,,,,,,,,,,,,,,,,,,,,,,,,,,,,,,,,,,,,,,,,,,0.04718988442,0.0,,,,,,,,,,,0.186126255565,0.0,,,,,,,,,,,,,,,0.011293117655,0.0,,,,,0.0063406237102777785,0.0,,,,,,,,,,,,,,,,,,,,,,,,,,,,,,,,,,,,,,,,,,,,,,,,,,,,,,,,,,,,,,,,,,,,,,,,,,,,,,,,,,,,,,,,,,,,,,,,,,,,,,,,,,,,
9,region_09,2023-01-21,,,,,,,,,,,,,,,,,,,,,,,,,,,,,,,,,,,,,,,,,,,,,0.006496080115329671,0.0,,,,,,,0.04859931681,0.0,,,0.016704218963076924,0.0,0.025456282096923077,0.0,0.2052784275553846,0.0,0.33470701254384616,0.0,0.017453060986923077,0.0,,,,,,,,,,,,,,,,,,,,,,,,,,,,,,,,,,,,,,,,,,,,,,,,,,,0.048577076826923075,0.0,,,,,,,,,,,0.2723247638107692,0.0,,,,,,,,,,,,,,,0.019257899372499998,0.0,,,,,0.005670913106666667,0.0,,,,,,,,,,,,,,,,,,,,,,,,,,,,,,,,,,,,,,,,,,,,,,,,,,,,,,,,,,,,,,,,,,,,,,,,,,,,,,,,,,,,,,,,,,,,,,,,,,,,,,,,,,,,
9,region_09,2023-01-28,,,,,,,,,,,,,,,,,,,,,,,,,,,,,,,,,,,,,,,,,,,,,0.006618419461428571,0.0,,,,,,,0.0432806797325,0.0,,,0.00622001073,0.0,0.017131838094166667,0.0,0.15572271496,0.0,0.30495706200583333,0.0,0.017350194277499998,0.0,,,,,,,,,,,,,,,,,,,,,,,,,,,,,,,,,,,,,,,,,,,,,,,,,,,0.04732067603666667,0.0,,,,,,,,,,,0.36828621725250005,0.0,,,,,,,,,,,,,,,0.031594202855,0.0,,,,,,,,,,,,,,,,,,,,,,,,,,,,,,,,,,,,,,,,,,,,,,,,,,,,,,,,,,,,,,,,,,,,,,,,,,,,,,,,,,,,,,,,,,,,,,,,,,,,,,,,,,,,,,,,,,
9,region_09,2023-02-04,,,,,,,,,,,,,,,,,,,,,,,,,,,,,,,,,,,,,,,,,,,,,0.006564087899821429,0.0,,,,,,,0.030566085977272728,0.0,,,,,0.01616270095090909,0.0,0.12686500833909092,0.0,0.2170419191781818,0.0,0.01994333789,0.0,,,,,,,,,,,,,,,,,,,,,,,,,,,,,,,,,,,,,,,,,,,,,,,,,,,0.038663800807272726,0.0,,,,,,,,,,,0.5092890235518182,0.0,,,,,,,,,,,,,,,0.044851460492499995,0.0,,,,,,,,,,,,,,,,,,,,,,,,,,,,,,,,,,,,,,,,,,,,,,,,,,,,,,,,,,,,,,,,,,,,,,,,,,,,,,,,,,,,,,,,,,,,,,,,,,,,,,,,,,,,,,,,,,
9,region_09,2023-02-11,,,,,,,,,,,,,,,,,,,,,,,,,,,,,,,,,,,,,,,,,,,,,0.006509756338214286,0.0,,,,,,,0.018947524950000003,0.0,,,,,0.012071799485454546,0.0,0.074019936845,0.0,0.2106794402,0.0,0.0122445521425,0.0,,,,,,,,,,,,,,,,,,,,,,,,,,,,,,,,,,,,,,,,,,,,,,,,,,,0.030615914197777774,0.0,,,,,,,,,,,0.6304820477975,0.0,,,,,,,,,,,,,,,0.03159526611333333,0.0,,,,,,,,,,,,,,,,,,,,,,,,,,,,,,,,,,,,,,,,,,,,,,,,,,,,,,,,,,,,,,,,,,,,,,,,,,,,,,,,,,,,,,,,,,,,,,,,,,,,,,,,,,,,,,,,,,
9,region_09,2023-02-18,,,,,,,,,,,,,,,,,,,,,,,,,,,,,,,,,,,,,,,,,,,,,0.006455424776607143,0.0,,,,,,,0.015820611061111114,0.0,,,,,0.00798089802,0.0,0.04984358656777778,0.0,0.16672739386375,0.0,0.013838148851249999,0.0,,,,,,,,,,,,,,,,,,,,,,,,,,,,,,,,,,,,,,,,,,,,,,,,,,,0.028377499015555554,0.0,,,,,,,,,,,0.68836327642,0.0,,,,,,,,,,,,,,,0.049381291495,0.0,,,,,,,,,,,,,,,,,,,,,,,,,,,,,,,,,,,,,,,,,,,,,,,,,,,,,,,,,,,,,,,,,,,,,,,,,,,,,,,,,,,,,,,,,,,,,,,,,,,,,,,,,,,,,,,,,,
9,region_09,2023-02-25,,,,,,,,,,,,,,,,,,,,,,,,,,,,,,,,,,,,,,,,,,,,,0.0064010932150000005,0.0,,,,,,,0.015884708495,0.0,,,,,0.0072402167100000005,0.0,0.040525596590000004,0.0,0.13381833476714286,0.0,0.01543174556,0.0,,,,,,,,,,,,,,,,,,,,,,,,,,,,,,,,,,,,,,,,,,,,,,,,,,,0.02106633968625,0.0,,,,,,,,,,,0.7974390983549999,0.0,,,,,,,,,,,,,,,0.0672595948,0.0,,,,,,,,,,,,,,,,,,,,,,,,,,,,,,,,,,,,,,,,,,,,,,,,,,,,,,,,,,,,,,,,,,,,,,,,,,,,,,,,,,,,,,,,,,,,,,,,,,,,,,,,,,,,,,,,,,
9,region_09,2023-03-04,,,,,,,,,,,,,,,,,,,,,,,,,,,,,,,,,,,,,,,,,,,,,,,,,,,,,0.011584741249999999,0.0,,,,,0.0064995354,0.0,0.032544638960000004,0.0,0.11630700422,0.0,0.013194584765,0.0,,,,,,,,,,,,,,,,,,,,,,,,,,,,,,,,,,,,,,,,,,,,,,,,,,,0.029846272988,0.0,,,,,,,,,,,0.786280721425,0.0,,,,,,,,,,,,,,,0.06839525141,0.0,,,,,,,,,,,,,,,,,,,,,,,,,,,,,,,,,,,,,,,,,,,,,,,,,,,,,,,,,,,,,,,,,,,,,,,,,,,,,,,,,,,,,,,,,,,,,,,,,,,,,,,,,,,,,,,,,,
9,region_09,2023-03-11,,,,,,,,,,,,,,,,,,,,,,,,,,,,,,,,,,,,,,,,,,,,,,,,,,,,,,,,,,,0.00575885409,0.0,0.02456368133,0.0,0.089634767425,0.0,0.01095742397,0.0,,,,,,,,,,,,,,,,,,,,,,,,,,,,,,,,,,,,,,,,,,,,,,,,,,,0.014960308185999999,0.0,,,,,,,,,,,0.843034148215,0.0,,,0.01772643905,2.0,,,,,,,,,,,0.07458510808749999,0.0,,,,,,,,,,,,,,,,,,,,,,,,,,,,,,,,,,,,,,,,,,,,,,,,,,,,,,,,,,,,,,,,,,,,,,,,,,,,,,,,,,,,,,,,,,,,,,,,,,,,,,,,,,,,,,,,,,
9,region_09,2023-03-18,,,,,,,,,,,,,,,,,,,,,,,,,,,,,,,,,,,,,,,,,,,,,,,,,,,,,,,,,,,,,0.0150121795,0.0,0.06803172826500001,0.0,0.011365822517499999,0.0,,,,,,,,,,,,,,,,,,,,,,,,,,,,,,,,,,,,,,,,,,,,,,,,,,,0.019941787236,0.0,,,,,,,,,,,0.762914192678,0.0,,,0.0219996122175,0.0,,,,,,,,,,,0.062259498053124994,0.0,,,0.008616046745,2.0,,,,,,,,,,,,,,,,,,,,,,,,,,,,,,,,,,,,,,,,,,,,,,,,,,,,,,,,,,,,,,,,,,,,,,,,,,,,,,,,,,,,,,,,,,,,,,,,,,,,,,,,,,,,,,
9,region_09,2023-03-25,,,,,,,,,,,,,,,,,,,,,,,,,,,,,,,,,,,,,,,,,,,,,,,,,,,,,,,,,,,,,,,0.0476479572225,0.0,0.008732576546666667,0.0,,,,,,,,,,,,,,,,,,,,,,,,,,,,,,,,,,,,,,,,,,,,,,,,,,,0.017461878715,0.0,,,,,,,,,,,0.7695737481125,0.0,,,0.026272785385,0.0,,,,,,,,,,,0.04993388801875,0.0,,,0.005979114675,0.0,,,,,,,,,,,,,,,,,,,,,,,,,,,,,,,,,,,,,,,,,,,,,,,,,,,,,,,,,,,,,,,,,,,,,,,,,,,,,,,,,,,,,,,,,,,,,,,,,,,,,,,,,,,,,,
9,region_09,2023-04-01,,,,,,,,,,,,,,,,,,,,,,,,,,,,,,,,,,,,,,,,,,,,,,,,,,,,,,,,,,,,,,,0.02726418618,0.0,0.014754028683333335,0.0,,,,,,,,,,,,,,,,,,,,,,,,,,,,,,,,,,,,,,,,,,,,,,,,,,,0.015257657505000001,0.0,0.02114077657,2.0,,,,,,,,,0.8023461898166667,0.0,0.014770571143333333,2.0,0.028258213153333333,0.0,0.00857533887,2.0,,,,,,,,,0.037608277984375,0.0,,,0.00956412032,0.0,,,,,,,,,,,,,,,,,,,,,,,,,,,,,,,,,,,,,,,,,,,,,,,,,,,,,,,,,,,,,,,,,,,,,,,,,,,,,,,,,,,,,,,,,,,,,,,,,,,,,,,,,,,,,,
9,region_09,2023-04-08,,,,,,,,,,,,,,,,,,,,,,,,,,,,,,,,,,,,,,,,,,,,,,,,,,,,,,,,,,,,,,,0.023953805156180556,0.0,0.014612174595,0.0,,,,,,,,,,,,,,,,,,,,,,,,,,,,,,,,,,,,,,,,,,,,,,,,,,,0.015223482022227272,0.0,0.024018326775,0.0,,,,,,,,,0.787620425225,0.0,0.01692069136,0.0,0.044935639945,0.0,0.009091648669537038,0.0,,,,,,,,,0.02528266795,0.0,,,0.018287469634999998,0.0,,,,,,,,,,,,,,,,,,,,,,,,,,,,,,,,,,,,,,,,,,,,,,,,,,,,,,,,,,,,,,,,,,,,,,,,,,,,,,,,,,,,,,,,,,,,,,,,,,,,,,,,,,,,,,
9,region_09,2023-04-15,,,,,,,,,,,,,,,,,,,,,,,,,,,,,,,,,,,,,,,,,,,,,,,,,,,,,,,,,,,,,,,0.020643424132361112,0.0,0.011147013848363637,0.0,,,,,,,,,,,,,,,,,,,,,,,,,,,,,,,,,,,,,,,,,,,,,,,,,,,0.015189306539454545,0.0,0.02189332561781818,0.0,0.007769227968148148,2.0,,,,,,,0.7487159057092727,0.0,0.014265000135864198,0.0,0.04611091850836364,0.0,0.009607958469074074,0.0,,,,,,,,,0.05176393632212766,0.0,,,0.020511512458363638,0.0,,,,,,,,,,,,,,,,,,,,,,,,,,,,,,,,,,,,,,,,,,,,,,,,,,,,,,,,,,,,,,,,,,,,,,,,,,,,,,,,,,,,,,,,,,,,,,,,,,,,,,,,,,,,,,
9,region_09,2023-04-22,,,,,,,,,,,,,,,,,,,,,,,,,,,,,,,,,,,,,,,,,,,,,,,,,,,,,,,,,,,,,,,0.017333043108541668,0.0,0.009102842097978115,0.0,,,,,,,,,,,,,,,,,,,,,,,,,,,,,,,,,,,,,,,,,,,,,,,,,,,0.01748803143500505,0.0,0.03262150034659427,0.0,0.013807732616574073,0.0,,,,,,,0.7291071314034099,0.0,0.011609308911728396,0.0,0.05610951079538552,0.0,0.013573234089907408,0.0,,,,,,,,,0.0444257115514342,0.0,,,0.021292873013626264,0.0,,,,,,,,,,,,,,,,,,,,,,,,,,,,,,,,,,,,,,,,,,,,,,,,,,,,,,,,,,,,,,,,,,,,,,,,,,,,,,,,,,,,,,,,,,,,,,,,,,,,,,,,,,,,,,
9,region_09,2023-04-29,,,,,,,,,,,,,,,,,,,,,,,,,,,,,,,,,,,,,,,,,,,,,,,,,,,,,,,,,,,,,,,0.014022662084722222,0.0,0.007058670347592593,0.0,,,,,,,,,,,,,,,,,,,,,,,,,,,,,,,,,,,,,,,,,,,,,,,,,,,0.019786756330555554,0.0,0.04334967507537037,0.0,0.019846237264999997,0.0,,,,,,,0.7094983570975472,0.0,0.008953617687592593,0.0,0.0661081030824074,0.0,0.01753850971074074,0.0,,,,,,,,,0.03708748678074074,0.0,,,0.02207423356888889,0.0,,,,,,,,,,,,,,,,,,,,,,,,,,,,,,,,,,,,,,,,,,,,,,,,,,,,,,,,,,,,,,,,,,,0.004304456301,2.0,,,,,,,,,,,,,,,,,,,,,,,,,,,,,,,,,,,,,,,,,,
9,region_09,2023-05-06,,,,,,,,,,,,,,,,,,,,,,,,,,,,,,,,,,,,,,,,,,,,,,,,,,,,,,,,,,,,,,,0.010712281060902778,0.0,0.007433058684267994,0.0,,,,,,,,,,,,,,,,,,,,,,,,,,,,,,,,,,,,,,,,,,,,,,,,,,,0.022022106255655136,0.0,0.05116227659985499,0.0,0.029873103825801883,0.0,,,,,,,0.6678640954895283,0.0,0.012020096588692129,0.0,0.08385667268827918,0.0,0.023256416525936408,0.0,,,,,,,,,0.027663678196691126,0.0,,,0.027685767621802936,0.0,,,,,,,,,,,,,,,,,,,,,,,,,,,,,,,,,,,,,,,,,,,,,,,,,,,,,,,,,,,,,,,,,,,0.004221203190833333,0.0,,,,,,,,,,,,,,,,,,,,,,,,,,,,,,,,,,,,,,,,,,
9,region_09,2023-05-13,,,,,,,,,,,,,,,,,,,,,,,,,,,,,,,,,,,,,,,,,,,,,,,,,,,,,,,,,,,,,,,0.007401900037083333,0.0,0.007807447020943396,0.0,,,,,,,,,,,,,,,,,,,,,,,,,,,,,,,,,,,,,,,,,,,,,,,,,,,0.024257456180754717,0.0,0.05897487812433962,0.0,0.03989997038660377,0.0,,,,,,,0.6262298338815094,0.0,0.015086575489791665,0.0,0.10160524229415095,0.0,0.028974323341132074,0.0,,,,,,,,,0.01823986961264151,0.0,,,0.033297301674716985,0.0,,,,,,,,,,,,,,,,,,,,,,,,,,,,,,,,,,,,,,,0.00581288891264151,2.0,,,,,,,,,,,,,,,,,,,,,,,,,,,0.0041379500806666665,0.0,,,,,,,,,,,,,,,,,,,,,,,,,,,,,,,,,,,,,,,,,,
9,region_09,2023-05-20,,,,,,,,,,,,,,,,,,,,,,,,,,,,,,,,,,,,,,,,,,,,,,,,,,,,,,,,,,,,,,,,,0.009864437011243262,0.0,,,,,,,,,,,,,,,,,,,,,,,,,,,,,,,,,,,,,,,,,,,,,,,,,,,0.028279069620761974,0.0,0.07691541735716981,0.0,0.0509084727024365,0.0,,,,,,,0.5631893708793123,0.0,0.011533071141275143,0.0,0.10776240408899856,0.0,0.041156986567918975,0.0,,,,,,,,,0.012466113055070754,0.0,,,0.037953480492454644,0.0,,,,,,,,,,,,,,,,,,,,,,,,,,,,,,,,,,,,,,,0.009593148978734548,0.0,,,,,,,,,,,,,,,,,,,,,,,,,,,0.0052242191621041665,0.0,,,,,,,,,,,,,,,,,,,,,,,,,,,,,,,,,,,,,,,,,,
9,region_09,2023-05-27,,,,,,,,,,,,,,,,,,,,,,,,,,,,,,,,,,,,,,,,,,,,,,,,,,,,,,,,,,,,,,,,,0.011921427001543129,0.0,,,,,,,,,,,,,,,,,,,,,,,,,,,,,,,,,,,,,,,,,,,,,,,,,,,0.032300683060769234,0.0,0.09485595659,0.0,0.06191697501826923,0.0,,,,,,,0.5001489078771153,0.0,0.00797956679275862,0.0,0.11391956588384616,0.0,0.05333964979470588,0.0,,,,,,,,,0.0066923564974999995,0.0,,,0.042609659310192304,0.0,,,,,,,,,,,,,,,,,,,,,,,,,,,,,,,,,,,,,,,0.013373409044827587,0.0,,,,,,,,,,,,,,,,,,,,,,,,,,,0.006310488243541666,0.0,,,,,,,,,,,,,,,,,,,,,,,,,,,,,,,,,,,,,,,,,,
9,region_09,2023-06-03,,,,,,,,,,,,,,,,,,,,,,,,,,,,,,,,,,,,,,,,,,,,,,,,,,,,,,,,,,,,,,,,,0.013978416991842994,0.0,,,,,,,,,,,,,,,,,,,,,,,,,,,,,,,,,,,,,,,,,,,,,,,,,,,0.0356636659446003,0.0,0.1086774504959804,0.0,0.06591752721462482,0.0,,,,,,,0.4389169074390479,0.0,0.007647971576893814,0.0,0.10986534116702112,0.0,0.06733002601254902,0.0,,,,,,,,,0.006824770122083333,0.0,,,0.04103745365539027,0.0,,,,,,,,,,,,,,,,,,,,,,,,,,,,,,,,,,,,,,,0.01205066827033046,0.0,,,,,,,,,,,,,,,,,,,,,,,,,,,,,,,,,,,,,,,,,,,,,,,,,,,,,,,,,,,,,,,,,,,,,,
9,region_09,2023-06-10,,,,,,,,,,,,,,,,,,,,,,,,,,,,,,,,,,,,,,,,,,,,,,,,,,,,,,,,,,,,,,,,,0.01603540698214286,0.0,0.034004653167894736,1.0,,,,,,,,,,,,,,,,,,,,,,,,,,,,,,,,,,,,,,,,,,,,,,,,,0.03902664882843137,0.0,0.1224989444019608,0.0,0.0699180794109804,0.0,,,,,,,0.3776849070009804,0.0,0.007316376361029008,0.0,0.10581111645019607,0.0,0.08132040223039215,0.0,,,,,,,,,0.0069571837466666665,0.0,,,0.03946524800058823,0.0,,,,,,,,,,,0.007120799788947369,2.0,,,,,,,,,,,,,,,,,,,,,,,,,,,0.010727927495833333,0.0,,,0.0080932682125,2.0,,,,,,,,,,,,,,,,,,,,,,,,,,,,,,,,,,,,,,,,,,,,,,,,,0.015353465072448981,2.0,,,,,,,,,,,,,,,,
9,region_09,2023-06-17,,,,,,,,,,,,,,,,,,,,,,,,,,,,,,,,,,,,,,,,,,,,,,,,,,,,,,,,,,,,,,,,,0.014583218665148811,0.0,0.034766627186192264,0.0,,,,,,,,,,,,,,,,,,,,,,,,,,,,,,,,,,,,,,,,,,,,,,,,,0.042684779417415684,0.0,0.13226452022818042,0.0,0.0706131401082902,0.0,,,,,,,0.3338415272807963,0.0,0.0069847811451642025,0.0,0.1153288353280147,0.0,0.08577663968279609,0.0,,,,,,,,,,,,,0.04275292609489412,0.0,,,,,,,,,,,0.006921707061217836,0.0,,,,,,,,,,,,,,,,,,,,,,,,,,,0.0096870825021875,0.0,,,0.008659734968949468,0.0,,,,,,,,,,,,,,,,,,,,,,,,,,,,,,,,,,,,,,,,,,,,,,,,,0.015555664987682823,0.0,,,,,,,,,,,,,,,,
9,region_09,2023-06-24,,,,,,,,,,,,,,,,,,,,,,,,,,,,,,,,,,,,,,,,,,,,,,,,,,,,,,,,,,,,,,,,,0.013131030348154764,0.0,0.0355286012044898,0.0,,,,,,,,,,,,,,,,,,,,,,,,,,,,,,,,,,,,,,,,,,,,,,,,,0.0463429100064,0.0,0.1420300960544,0.0,0.0713082008056,0.0,,,,,,,0.28999814756061226,0.0,0.006653185929299397,0.0,0.12484655420583333,0.0,0.09023287713520001,0.0,,,,,,,,,,,,,0.046040604189199995,0.0,,,,,,,,,,,0.006722614333488305,0.0,,,,,,,,,,,,,,,,,,,,,,,,,,,0.008646237508541666,0.0,,,0.009226201725398935,0.0,,,,,,,,,,,,,,,,,,,,,,,,,,,,,,,,,,,,,,,,,,,,,0.016160412948723404,2.0,,,0.015757864902916665,0.0,,,,,,,,,,,,,,,,
9,region_09,2023-07-01,,,,,,,,,,,,,,,,,,,,,,,,,,,,,,,,,,,,,,,,,,,,,,,,,,,,,,,,,,,,,,,,,0.011678842031160715,0.0,0.049738695693265306,0.0,,,,,,,,,,,,,,,,,,,,,,,,,,,,,,,,,,,,,,,,,,,,,,,,,0.04483516277901632,0.0,0.14329270906005714,0.0,0.06845378531113333,0.0,,,,,,,0.26424789170265306,0.0,0.006321590713434591,0.0,0.11798318291903911,0.0,0.09412135398464082,0.0,,,,,,,,,,,,,0.0456529762756204,0.0,,,,,,,,,,,0.006523521605758772,0.0,,,,,,,,,,,,,,,,,,,,,,,,,,,0.010344661183948254,0.0,,,0.009792668481848404,0.0,,,,,,,,,,,,,,,,,,,,,,,,,,,,,,,,,,,,,,,,,,,,,0.02164917643480615,0.0,,,0.014651174948839284,0.0,,,,,,,,,,,,,,,,
9,region_09,2023-07-08,,,,,,,,,,,,,,,,,,,,,,,,,,,,,,,,,,,,,,,,,,,,,,,,,,,,,,,,,,,,,,,,,0.010226653714166667,0.0,0.06394879018204082,0.0,,,,,,,,,,,,,,,,,,,,,,,,,,,,,,,,,,,,,,,,,,,,,,,,,0.04332741555163265,0.0,0.14455532206571428,0.0,0.06559936981666667,0.0,0.009012068493863636,2.0,,,,,0.23849763584469388,0.0,0.005989995497569785,0.0,0.1111198116322449,0.0,0.09800983083408163,0.0,,,,,,,,,,,,,0.04526534836204081,0.0,,,,,,,,,0.012290066188085107,2.0,0.00632442887802924,0.0,,,0.00795625305,2.0,,,,,,,,,,,,,,,,,,,,,,,0.01204308485935484,0.0,,,0.010359135238297873,0.0,,,,,,,,,,,,,,,,,,,,,,,,,,,,,,,,,,,,,,,,,,,,,0.02713793992088889,0.0,,,0.013544484994761904,0.0,,,,,,,,,,,,,,,,
9,region_09,2023-07-15,,,,,,,,,,,,,,,,,,,,,,,,,,,,,,,,,,,,,,,,,,,,,,,,,,,,,,,,,,,,,,,,,0.013543048454638888,0.0,0.08818790717654124,0.0,,,,,,,,,,,,,,,,,,,,,,,,,,,,,,,,,,,,,,,,,,,,,,,,,0.04208620321185799,0.0,0.14791596068566965,0.0,0.06228813936479166,0.0,0.011270094479804158,0.0,,,,,0.21378981036328443,0.0,0.00565840028170498,0.0,0.09450488912778912,0.0,0.10319262907329081,0.0,,,,,,,,,,,,,0.038526643264145406,0.0,,,,,,,,,0.014516814949148936,0.0,0.006125336150299708,0.0,,,0.011812353028777778,0.0,,,,,,,,,,,,,,,,,,,,,,,0.013221000192754342,0.0,,,0.011920343096037825,0.0,,,,,,,,,,,,,,,,,,,,,,,,,,,,,,,,,,,,,,,,,,,,,0.024852739455444445,0.0,,,0.01687110674096791,0.0,,,,,,,,,,,,,,,,
9,region_09,2023-07-22,,,,,,,,,,,,,,,,,,,,,,,,,,,,,,,,,,,,,,,,,,,,,,,,,,,,,,,,,,,,,,,,,0.01685944319511111,0.0,0.11242702417104167,0.0,0.010135215885531915,2.0,,,,,,,,,,,,,,,,,,,,,,,,,,,,,,,,,,,,,,,,,,,,,,,0.040844990872083334,0.0,0.151276599305625,0.0,0.05897690891291666,0.0,0.01352812046574468,0.0,,,0.036170427338541665,2.0,0.189081984881875,0.0,0.005326805065840174,0.0,0.07788996662333333,0.0,0.1083754273125,0.0,,,,,,,,,,,,,0.03178793816625,0.0,,,,,,,,,0.016743563710212767,0.0,0.005926243422570175,0.0,,,0.015668453007555556,0.0,,,,,,,,,,,,,,,,,,,,,,,0.014398915526153844,0.0,,,0.013481550953777777,0.0,,,,,,,,,,,,,,,,,,,,,,,,,,,,,,,,,,,,,,,,,,,,,0.022567538989999997,0.0,,,0.020197728487173914,0.0,,,,,,,,,,,,,,,,
9,region_09,2023-07-29,,,,,,,,,,,,,,,,,,,,,,,,,,,,,,,,,,,,,,,,,,,,,,,,,,,,,,,,,,,,,,,,,0.013346322490444443,0.0,0.14875398292945702,0.0,0.016022866215374652,0.0,,,,,,,,,,,,,,,,,,,,,,,,,,,,,,,,,,,,,,,,,,,,,,,0.04505860049593528,0.0,0.13864819194579123,0.0,0.059093746081777476,0.0,0.01333655468187234,0.0,,,0.039716168300121896,0.0,0.15760694187221408,0.0,0.004995209849975369,0.0,0.07097622170773049,0.0,0.1018522590536968,0.0,,,,,,,,,,,,,0.030279976645359044,0.0,,,,,,,,,0.022461541935550826,0.0,0.005727150694840644,0.0,,,0.016209532144888888,0.0,,,,,,,,,,,,,,,,,,,,,,,0.013413983085630113,0.0,,,0.012817258330367148,0.0,,,,,,,,,,,,,,,,,,,,,,,,,,,,,,,,,,,,,,,,,,,,,0.026030741151,0.0,,,0.017688588897173913,0.0,,,,,,,,,,,,,,,,
9,region_09,2023-08-05,,,,,,,,,,,,,,,,,,,,,,,,,,,,,,,,,,,,,,,,,,,,,,,,,,,,,,,,,,,,,,,,,0.009833201785777778,0.0,0.18508094168787234,0.0,0.02191051654521739,0.0,,,,,,,0.011565875043829789,1.0,,,,,,,,,,,,,,,,,,,,,,,,,,,,,,,,,,,,,,,0.04927221011978723,0.0,0.12601978458595745,0.0,0.0592105832506383,0.0,0.013144988898,0.0,,,0.043261909261702126,0.0,0.1261318988625532,0.0,0.0046636146341105635,0.0,0.06406247679212766,0.0,0.09532909079489361,0.0,,,,,,,,,,,,,0.028772015124468087,0.0,,,,,,,,,0.02817952016088889,0.0,0.005528057967111111,0.0,0.0059773247168888885,2.0,0.01675061128222222,0.0,,,,,,,,,,,,,,,,,,,,,,,0.012429050645106382,0.0,0.007922851817021277,2.0,0.012152965706956521,0.0,,,,,,,,,,,,,,,,,,,,,,,,,,,,,,,,,,,,,,,,,,,,,0.029493943312,0.0,0.004487859948235294,2.0,0.015179449307173914,0.0,,,,,,,,,,,,,,,,
9,region_09,2023-08-12,,,,,,,,,,,,,,,,,,,,,,,,,,,,,,,,,,,,,,,,,,,,,,,,,,,,,,,,,,,,,,,,,0.0087252713035,0.0,0.19839579859143616,0.0,0.0284284376948913,0.0,,,,,,,0.014291302940719241,0.0,,,,,,,,,,,,,,,,,,,,,,,,,,,,,,,,,,,,,,,0.049434234056741445,0.0,0.12476971071884829,0.0,0.06373939671564524,0.0,0.016297138765086955,0.0,,,0.049847566629438025,0.0,0.11076983777964616,0.0,0.004332019418245758,0.0,0.05089122963356383,0.0,0.09163324964320768,0.0,,,,,,,,,,,,,0.02376641313853839,0.0,,,,,,,,,0.02454959142935749,0.0,,,0.008915526944531401,0.0,0.017037870217555554,0.0,,,,,,,,,,,,,,,,,,,,,,,0.012605960490775413,0.0,0.01598593376684397,0.0,0.010653730300033817,0.0,,,,,,,,,,,,,,,,,,,,,,,,,,,,,,,,,,,,,,,,,,,,,0.03141409900186957,0.0,,,0.012431717094723321,0.0,,,,,,,,,,,,,,,,
9,region_09,2023-08-19,,,,,,,,,,,,,,,,,,,,,,,,,,,,,,,,,,,,,,,,,,,,,,,,,,,,,,,,,,,,,,,,,0.007617340821222222,0.0,0.21171065549499998,0.0,0.03494635884456521,0.0,0.004524349372727273,2.0,0.004985135091363636,2.0,,,0.017016730837608695,0.0,,,,,,,,,,,,,,,,,,,,,,,,,,,,,,,,,,,,,,,0.04959625799369566,0.0,0.12351963685173913,0.0,0.06826821018065217,0.0,0.019449288632173913,0.0,0.006784444548181819,2.0,0.05643322399717392,0.0,0.09540777669673912,0.0,0.004000424202380952,0.0,0.037719982475,0.0,0.08793740849152175,0.0,,,,,,,,,,,,,0.018760811152608695,0.0,,,,,,,,,0.020919662697826087,0.0,,,0.011853729172173914,0.0,0.017325129152888887,0.0,,,,,,,,,,,,,,,,,,,,,,,0.012782870336444445,0.0,0.024049015716666667,0.0,0.009154494893111112,0.0,,,,,,,,,,,,,,,,,,,,,,,,,0.00437925989,2.0,,,,,,,,,,,,,,,,,,,0.03333425469173913,0.0,,,0.009683984882272727,0.0,,,,,,,,,,,,,,,,
9,region_09,2023-08-26,,,,,,,,,,,,,,,,,,,,,,,,,,,,,,,,,,,,,,,,,,,,,,,,,,,,,,,,,,,,,,,,,0.006509410338944444,0.0,0.23306503253061112,0.0,0.04450629559428261,0.0,0.006488011679312897,0.0,0.004392806901194639,0.0,,,0.023433394340804346,0.0,,,,,,,,,,,,,,,,,,,,,,,,,,,,,,,,,,,,,,,0.041654335536958936,0.0,0.10552484127975845,0.0,0.06360605271554831,0.0,0.023459614061198064,0.0,0.009940831827424243,0.0,0.06244360191014252,0.0,0.08105148316892512,0.0,,,0.03571100194861111,0.0,0.08830224605287199,0.0,,,,,,,,,,,,,0.015245799341526568,0.0,,,,,,,,,0.024970519327357485,0.0,,,0.012711565012198068,0.0,0.017754864071888886,0.0,,,,,,,,,,,,,,,,,,,,,,,0.011985319439222222,0.0,0.016108981970555554,0.0,0.0102545922107601,0.0,,,,,,,,,,,,,,,,,,,,,,,,,,,,,,,,,,,,,,,,,,,,,0.031087015905869566,0.0,,,0.011558326784914141,0.0,,,,,,,,,,,,,,,,
9,region_09,2023-09-02,,,,,,,,,,,,,,,,,,,,,,,,,,,,,,,,,,,,,,,,,,,,,,,,,,,,,,,,,,,,,,,,,0.005401479856666666,0.0,0.2544194095662222,0.0,0.054066232344,0.0,0.00845167398589852,0.0,0.003800478711025641,0.0,,,0.029850057844,0.0,,,,,,,,,,,,,,,,,,,,,,,,,,,,,,,,,,,,,,,0.03371241308022222,0.0,0.08753004570777778,0.0,0.058943895250444446,0.0,0.02746993949022222,0.0,0.013097219106666667,0.0,0.06845397982311112,0.0,0.06669518964111111,0.0,,,0.03370202142222222,0.0,0.08866708361422222,0.0,,,,,,,,,,,,,0.011730787530444443,0.0,,,,,,,,,0.029021375956888886,0.0,,,0.013569400852222222,0.0,0.018184598990888888,0.0,,,,,,,,,,,,,,,,,,,,,,,0.011187768542,0.0,0.008168948224444444,0.0,0.01135468952840909,0.0,,,,,,,,,,,,,,,,,,,,,,,,,,,,,,,,,,,,,,,,,,,,,0.02883977712,0.0,,,0.013432668687555556,0.0,,,,,,,,,,,,,,,,
9,region_09,2023-09-09,,,,,,,,,,,,,,,,,,,,,,,,,,,,,,,,,,,,,,,,,,,,,,,,,,,,,,,,,,,,,,,,,0.005918256783630952,0.0,0.2631897839029975,0.0,0.060327747170977275,0.0,0.010415336292484145,0.0,0.004111709360144231,0.0,,,0.04462372469825,0.0,,,,,,,,,,,,,,,,,,,,,,,,,,,,,,,,,,,,,,,0.0330703880397702,0.0,0.07602617844150253,0.0,0.04963746610113132,0.0,0.02793812666136111,0.0,0.012216000461333334,0.0,0.07895726391837374,0.0,0.05587591998521464,0.0,,,0.0325315701982702,0.0,0.07292017150040657,0.0,,,,,,,,,,,,,0.011757980743744949,0.0,,,,,,,,,0.0274602415717399,0.0,,,0.010741599445277777,0.0,0.015226972105560723,0.0,,,,,,,,,,,,,,,,,,,,,,,0.010036904711857142,0.0,0.00966919152290404,0.0,0.009803592958014069,0.0,,,,,,,,,,,,,,,,,,,,,,,,,,,,,,,,,,,,,,,,,,,,,0.025894534377222223,0.0,,,0.016182295827868686,0.0,,,,,,,,,,,,,,,,
9,region_09,2023-09-16,,,,,,,,,,,,,,,,,,,,,,,,,,,,,,,,,,,,,,,,,,,,,,,,,,,,,,,,,,,,,,,,,0.006435033710595239,0.0,0.27196015823977276,0.0,0.06658926199795455,0.0,0.012378998599069768,0.0,0.004422940009262821,0.0,0.011953111613333334,2.0,0.059397391552500005,0.0,0.0036111587,2.0,,,,,,,,,,,,,,,,,,,,,,,,,,,,,,,,,,,,,0.03242836299931818,0.0,0.06452231117522728,0.0,0.04033103695181818,0.0,0.0284063138325,0.0,0.011334781816,0.0,0.08946054801363636,0.0,0.04505665032931818,0.0,,,0.03136111897431818,0.0,0.05717325938659091,0.0,,,,,,,,,,,,,0.011785173957045455,0.0,,,,,,,,,0.02589910718659091,0.0,,,0.007913798038333333,0.0,0.012269345220232559,0.0,,,,,,,,,,,,,,,,,,,,,,,0.008886040881714286,0.0,0.011169434821363637,0.0,0.008252496387619048,0.0,,,,,,,,,,,,,,,,,,,,,,,,,,,,,,,,,,,,,,,,,,,,,0.022949291634444445,0.0,,,0.018931922968181816,0.0,,,,,,,,,,,,,,,,
9,region_09,2023-09-23,,,,,,,,,,,,,,,,,,,,,,,,,,,,,,,,,,,,,,,,,,,,,,,,,,,,,,,,,,,,,,,,,0.006951810637559524,0.0,0.2735427917309329,0.0,0.06906549429374471,0.0,0.01495953140220155,0.0,0.00473417065838141,0.0,0.015122480303527133,0.0,0.07854333250488636,0.0,0.0056514619580000005,0.0,,,,,,,,,,,,,,,,,,,,,,,,,,,,,,,,,,,,,0.03927437514819568,0.0,0.057749715307613636,0.0,0.03733596277986258,0.0,0.028893869746831394,0.0,0.013261018472285713,0.0,0.08769060225181818,0.0,0.04029034829698467,0.0,,,0.023656874676810255,0.0,0.057714599944807085,0.0,,,,,,,,,,,,,0.00920248653185606,0.0,,,,,,,,,0.02472346175771406,0.0,,,0.009584247283809523,0.0,0.014647938570813954,0.0,,,,,,,,,,,,,,,,,,,,,,,0.007735177051571429,0.0,0.009307980431146935,0.0,,,,,,,,,,,,,,,,,,,,,,,,,,,,,,,,,,,,,,,,,,,,,,,0.020004048891666668,0.0,,,0.013411985783301435,0.0,,,,,,,,,,,,,,,,
9,region_09,2023-09-30,,,,,,,,,,,,,,,,,,,,,,,,,,,,,,,,,,,,,,,,,,,,,,,,,,,,,,,,,,,,,,,,,0.00746858756452381,0.0,0.27512542522209305,0.0,0.07154172658953488,0.0,0.01754006420533333,0.0,0.0050454013075,0.0,0.01829184899372093,0.0,0.09768927345727273,0.0,0.007691765216000001,0.0,,,,,,,,,,,,,,,,,,,,,,,,,,,,,,,,,,,,,0.04612038729707317,0.0,0.050977119439999996,0.0,0.03434088860790698,0.0,0.02938142566116279,0.0,0.015187255128571428,0.0,0.08592065649,0.0,0.03552404626465116,0.0,,,0.015952630379302325,0.0,0.058255940503023254,0.0,,,,,,,,,,,0.009173425835238095,2.0,0.006619799106666667,0.0,,,,,,,,,0.02354781632883721,0.0,,,0.011254696529285714,0.0,0.01702653192139535,0.0,,,,,,,,,,,,,,,,,,,,,,,0.006584313221428571,0.0,0.007446526040930233,0.0,,,,,,,,,,,,,,,,,,,,,,,,,,,,,,,,,,,,,,,,,,,,,,,0.01705880614888889,0.0,,,0.007892048598421053,0.0,,,,,,,,,,,,,,,,
9,region_09,2023-10-07,,,,,,,,,,,,,,,,,,,,,,,,,,,,,,,,,,,,,,,,,,,,,,,,,,,,,,,,,,,,,,,,,0.0072186628617741,0.0,0.27342688917687985,0.0,0.07536927167191029,0.0,0.018279951890761904,0.0,,,0.02607846872864618,0.0,0.12146255569077921,0.0,0.012123795332047618,0.0,,,,,,,,,,,,,,,,,,,,,,,,,,,,,,,,,,,,,0.0344125351153223,0.0,0.040045624097499996,0.0,0.025751782521453492,0.0,0.036146449261890916,0.0,0.014639245257142858,0.0,0.07784804419761904,0.0,0.03460372565065891,0.0,,,0.016911492611079736,0.0,0.048532207523950655,0.0,,,,,,,,,,,0.01228300316297619,0.0,0.006901551302333333,0.0,,,,,,,,,0.022646746251323367,0.0,,,0.011473251047691637,0.0,0.016808443698197676,0.0,,,,,,,,,,,,,,,,,,,,,,,,,0.007042753676074873,0.0,,,,,,,,,,,,,,,,,,,,,,,,,,,,,,,,,,,,,,,,,,,,,,,0.014113563406111113,0.0,,,0.008942587766405649,0.0,,,,,,,,,,,,,,,,
9,region_09,2023-10-14,,,,,,,,,,,,,,,,,,,,,,,,,,,,,,,,,,,,,,,,,,,,,,,,,,,,,,,,,,,,,,,,,0.0069687381590243895,0.0,0.27172835313166666,0.0,0.07919681675428572,0.0,0.019019839576190477,0.0,,,0.033865088463571426,0.0,0.1452358379242857,0.0,0.016555825448095238,0.0,,,,,,,,,,,,,,,,,,,,,,,,,,,,,,,,,,,,,0.02270468293357143,0.0,0.029114128755,0.0,0.017162676435,0.0,0.042911472862619045,0.0,0.014091235385714287,0.0,0.06977543190523809,0.0,0.03368340503666666,0.0,,,0.017870354842857143,0.0,0.03880847454487805,0.0,,,,,,,,,,,0.015392580490714286,0.0,0.007183303498,0.0,,,,,,,0.005792294284736842,2.0,0.021745676173809524,0.0,,,0.01169180556609756,0.0,0.016590355475000002,0.0,,,,,,,,,,,,,,,,,,,,,,,,,0.006638981311219512,0.0,,,,,,,,,,,,,,,,,,,,,,,,,,,,,,,,,,,,,,,,,,,,,,,0.011168320663333333,0.0,,,0.009993126934390244,0.0,,,,,,,,,,,,,,,,
9,region_09,2023-10-21,,,,,,,,,,,,,,,,,,,,,,,,,,,,,,,,,,,,,,,,,,,,,,,,,,,,,,,,,,,,,,,,,0.008386751832887195,0.0,0.254972288504126,0.0,0.07532597634787457,0.0,0.01547462207447024,0.0,,,0.032669850035932056,0.0,0.1836011078849477,0.0,0.025027923635511033,0.0,,,,,,,,,,,,,,,,,,,,,,,,,,,,,,,,,,,,,0.019500022825932058,0.0,0.028890497616375,0.0,0.016368421361602565,0.0,0.03384628479455952,0.0,0.011794758408,0.0,0.062115989812740996,0.0,0.02919206475483333,0.0,,,0.022081247571672475,0.0,0.03345495467,0.0,,,,,,,,,,,0.013762297948232144,0.0,,,,,,,,,0.006469403797368421,0.0,0.01652756795357143,0.0,,,0.010202384016548782,0.0,0.020225283829000004,0.0,,,,,,,,,,,,,,,,,,,,,,,,,0.010920601874484756,0.0,,,,,,,,,,,,,,,,,,,,,,,,,,,,,,,,,,,,,,,,,,,,,,,,,,,,,,,,,,,,,,,,,,,,
9,region_09,2023-10-28,,,,,,,,,,,,,,,,,,,,,,,,,,,,,,,,,,,,,,,,,,,,,,,,,,,,,,,,,,,,,,,,,0.00980476550675,0.0,0.23821622387658536,0.0,0.07145513594146341,0.0,0.011929404572750001,0.0,,,0.03147461160829269,0.0,0.22196637784560974,0.0,0.03350002182292683,0.0,0.021301622525609756,2.0,,,,,,,,,,,,,,,,,,,,,,,,,,,,,,,,,,,0.016295362718292683,0.0,0.028666866477750002,0.0,0.015574166288205129,0.0,0.024781096726499998,0.0,0.009498281430285714,0.0,0.05445654772024391,0.0,0.024700724473,0.0,,,0.026292140300487807,0.0,0.028101434795121952,0.0,,,,,,,0.007059062414736842,2.0,,,0.01213201540575,0.0,,,,,,,,,0.00714651331,0.0,0.011309459733333332,0.0,,,0.008712962467,0.0,0.023860212183000003,0.0,,,,,,,,,,,,,,,,,,,,,,,,,0.015202222437749999,0.0,,,,,,,,,,,,,,,,,,,,,,,,,,,,,,,,,,,,,,,,,,,,,,,,,,,,,,,,,,,,,,,,,,,,
9,region_09,2023-11-04,,,,,,,,,,,,,,,,,,,,,,,,,,,,,,,,,,,,,,,,,,,,,,,,,,,,,,,,,,,,,,,,,0.008108851590348683,0.0,0.21058637068241767,0.0,0.058006498543606705,0.0,0.01205476053900658,0.0,,,0.04445331035064634,0.0,0.2574247763560549,0.0,0.03785114583408841,0.0,0.026877861326394623,0.0,,,,,,,,,,,,,,,,,,,,,,,,,,,,,,,,,,,0.015432072273896341,0.0,0.02405800593575,0.0,0.013275759741868131,0.0,0.025475402481839743,0.0,0.009266008983160715,0.0,0.04894725515524703,0.0,0.021212822531371793,0.0,,,0.020413002018705443,0.0,0.026595266181278925,0.0,,,,,,,0.006815490922753036,0.0,,,0.01687418018725,0.0,,,,,,,,,0.009354173536710525,0.0,0.009137507694166666,0.0,,,0.00786154240975,0.0,0.01979192531475,0.0,,,,,,,,,,,,,,,,,,,,,,,,,0.015042410290798076,0.0,,,,,,,,,,,,,,,,,,,,,,,,,,,,,,,,,,,,,,,,,,,,,,,,,,,,,,,,,,,,,,,,,,,,
9,region_09,2023-11-11,,,,,,,,,,,,,,,,,,,,,,,,,,,,,,,,,,,,,,,,,,,,,,,,,,,,,,,,,,,,,,,,,0.006412937673947368,0.0,0.18295651748824998,0.0,0.04455786114575,0.0,0.012180116505263159,0.0,,,0.057432009093,0.0,0.2928831748665,0.0,0.04220226984525,0.0,0.03245410012717949,0.0,0.0319652928045,1.0,,,,,,,,,,,,,,,,,,,,,,,,,,,,,,,,,0.0145687818295,0.0,0.01944914539375,0.0,0.010977353195531135,0.0,0.026169708237179484,0.0,0.009033736536035715,0.0,0.04343796259025016,0.0,0.01772492058974359,0.0,,,0.014533863736923077,0.0,0.025089097567435898,0.0,,,,,,,0.006571919430769231,0.0,,,0.02161634496875,0.0,,,,,,,,,0.011561833763421053,0.0,0.006965555655,0.0,,,0.0070101223525,0.0,0.0157236384465,0.0,,,,,,,,,,,,,,,,,,,,,,,,,0.014882598143846154,0.0,,,,,,,,,,,,,,,,,,,,,,,,,,,,,,,,,,,,,,,,,,,,,,,,,,,,,,,,,,,,,,,,,,,,
9,region_09,2023-11-18,,,,,,,,,,,,,,,,,,,,,,,,,,,,,,,,,,,,,,,,,,,,,,,,,,,,,,,,,,,,,,,,,,,0.170482598044766,0.0,0.04745541026890064,0.0,0.012268503674041836,0.0,,,0.059967318427397436,0.0,0.3007989997381218,0.0,0.042968283644419875,0.0,0.03746290932410257,0.0,0.05152414013430128,0.0,,,,,,,,,,,,,,,,,,,,,,,,,,,,,,,,,0.012773595942249999,0.0,0.015102076741875,0.0,0.00867894664919414,0.0,0.024825787004615383,0.0,0.008801464088910714,0.0,0.03792867002525328,0.0,0.015354495280961538,0.0,,,0.015573677976794872,0.0,0.02389761860253374,0.0,,,,,,,0.008896133761700405,0.0,,,0.023421766256875,0.0,,,,,,,,,0.013769493990131578,0.0,,,,,,,0.011105341284857143,0.0,,,,,,,,,,,,,,,,,,,,,,,,,0.01591670563292308,0.0,,,,,,,,,,,,,,,,,,,,,,,,,,,,,,,,,,,,,,,,,,,,,,,,,,,,,,,,,,,,,,,,,,,,
9,region_09,2023-11-25,,,,,,,,,,,,,,,,,,,,,,,,,,,,,,,,,,,,,,,,,,,,,,,,,,,,,,,,,,,,,,,,,,,0.15800867860128207,0.0,0.05035295939205128,0.0,0.012356890842820514,0.0,,,0.06250262776179487,0.0,0.3087148246097436,0.0,0.04373429744358975,0.0,0.04247171852102564,0.0,0.07108298746410256,0.0,,,,,,,,,,,,,,,,,,,,,,,,,,,,,,,,,0.010978410055,0.0,0.01075500809,0.0,0.006380540102857143,0.0,0.02348186577205128,0.0,0.008569191641785715,0.0,0.03241937746025641,0.0,0.012984069972179487,0.0,,,0.016613492216666668,0.0,0.02270613963763158,0.0,,,,,,,0.01122034809263158,0.0,,,0.025227187545,0.0,,,,,,,,,0.015977154216842104,0.0,,,,,,,0.006487044123214285,0.0,,,,,,,,,,,,,,,,,,,,,,,,,0.016950813122,0.0,,,,,,,,,,,,,,,,,,,,,,,,,,,,,,,,,,,,,,,,,,,,,,,,,,,,,,,,,,,,,,,,,,,,
9,region_09,2023-12-02,,,,,,,,,,,,,,,,,,,,,,,,,,,,,,,,,,,,,,,,,,,,,,,,,,,,,,,,,,,,,,,,,,,0.13938832666853576,0.0,0.03770223075523617,0.0,0.008796473014624542,0.0,,,0.05879141540379217,0.0,0.3049431958522402,0.0,0.0451978408260054,0.0,0.04003809215353914,0.0,0.14408736214481443,0.0,,,,,,,,,,,,,,,,,,,,,,,,,,,,,,,,,0.00957200274118421,0.0,0.009413151023142857,0.0,,,0.016207601310608975,0.0,,,0.025070224287350427,0.0,0.010613644663397436,0.0,,,0.012093671211805556,0.0,0.021635880988157892,0.0,,,,,,,0.013279402408026315,0.0,,,0.02061767279141892,0.0,,,,,,,,,0.014139317169096728,0.0,,,,,,,0.006515727801746031,0.0,,,,,,,,,,,,,,,,,,,,,,,,,0.015232918641972222,0.0,,,,,,,,,,,,,,,,,,,,,,,,,,,,,,,,,,,,,,,,,,,,,,,,,,,,,,,,,,,,,,,,,,,,
9,region_09,2023-12-09,,,,,,,,,,,,,,,,,,,,,,,,,,,,,,,,,,,,,,,,,,,,,,,,,,,,,,,,,,,,,,,,,,,0.12076797473578947,0.0,0.02505150211842105,0.0,0.005236055186428571,0.0,,,0.05508020304578948,0.0,0.30117156709473686,0.0,0.04666138420842105,0.0,0.03760446578605263,0.0,0.21709173682552632,0.0,,,,,,,,,,,,,,,,,,,,,,,,,,,,,,,,,0.008165595427368421,0.0,0.008071293956285714,0.0,,,0.008933336849166666,0.0,,,0.017721071114444445,0.0,0.008243219354615385,0.0,,,0.007573850206944444,0.0,0.020565622338684208,0.0,,,,,,,0.01533845672342105,0.0,,,0.01600815803783784,0.0,,,,,,,,,0.012301480121351353,0.0,,,,,,,0.006544411480277778,0.0,,,,,,,,,,,,,,,,,,,,,,,,,0.013515024161944444,0.0,,,,,,,,,,,,,,,,,,,,,,,,,,,,,,,,,,,,,,,,,,,,,,,,,,,,,,,,,,,,,,,,,,,,
9,region_09,2023-12-16,,,,,,,,,,,,,,,,,,,,,,,,,,,,,,,,,,,,,,,,,,,,,,,,,,,,,,,,,,,,,,,,,,,0.09253625579951635,0.0,0.021047476449389098,0.0,0.005857572684603175,0.0,,,0.05465610061478663,0.0,0.2642306267131792,0.0,0.04623360549515647,0.0,0.03666884495262091,0.0,0.3156503954770875,0.0,,,,,,,,,,,,,,,,,,,,,,,,,,,,,,,,,0.007534394118505639,0.0,0.006729436889428572,0.0,,,,,,,0.01451288484388889,0.0,0.006359815777307693,0.0,,,0.006721528527736928,0.0,0.014485176545770676,0.0,,,,,,,0.013260705017281955,0.0,,,0.01585901869003003,0.0,,,,,,,,,0.01143518472275901,0.0,,,,,,,,,,,,,,,,,,,,,,,,,,,,,,,,,0.010044991497024853,0.0,,,,,,,,,,,,,,,,,,,,,,,,,,,,,,,,,,,,,,,,,,,,,,,,,,,,,,,,,,,,,,,,,,,,
9,region_09,2023-12-23,,,,,,,,,,,,,,,,,,,,,,,,,,,,,,,,,,,,,,,,,,,,,,,,,,,,,,,,,,,,,,,,,,,0.06430453686324325,0.0,0.017043450780357145,0.0,0.006479090182777778,0.0,,,0.05423199818378378,0.0,0.2272896863316216,0.0,0.04580582678189189,0.0,0.035733224119189194,0.0,0.41420905412864867,0.0,,,,,,,,,,,,,,,,,,,,,,,,,,,,,,,,,0.006903192809642857,0.0,0.0053875798225714285,0.0,,,,,,,0.011304698573333334,0.0,0.0044764122,0.0,,,0.005869206848529412,0.0,0.008404730752857144,0.0,,,,,,,0.011182953311142857,0.0,,,0.015709879342222222,0.0,,,,,,,,,0.010568889324166667,0.0,,,,,,,,,,,,,,,,,,,,,,,,,,,,,,,,,0.006574958832105263,0.0,,,,,,,,,,,,,,,,,,,,,,,,,,,,,,,,,,,,,,,,,,,,,,,,,,,,,,,,,,,,,,,,,,,,
9,region_09,2023-12-30,,,,,,,,,,,,,,,,,,,,,,,,,,,,,,,,,,,,,,,,,,,,,,,,,,,,,,,,,,,,,,,,,,,0.052421742498010515,0.0,,,,,,,0.040742622188697446,0.0,0.1815646486045608,0.0,0.03790559216011261,0.0,0.03205460207501126,0.0,0.5254773445675187,0.0,,,,,,,,,,,,,,,,,,,,,,,,,,,,,,,,,,,,,,,,,,,,,,,,,,,,,,,,,,,0.011824604975285714,0.0,,,,,,,,,,,,,0.008653480224289216,0.0,,,,,,,,,,,,,,,,,,,,,,,,,,,,,,,,,,,,,,,,,,,,,,,,,,,,,,,,,,,,,,,,,,,,,,,,,,,,,,,,,,,,,,,,,,,,,,,,,,,,,,
9,region_09,2024-01-06,,,,,,,,,,,,,,,,,,,,,,,,,,,,,,,,,,,,,,,,,,,,,,,,,,,,,,,,,,,,,,,,,,,0.04053894813277778,0.0,,,,,,,0.02725324619361111,0.0,0.13583961087750002,0.0,0.030005357538333333,0.0,0.028375980030833334,0.0,0.6367456350063888,0.0,,,,,0.0068782064399999995,2.0,,,,,,,,,,,,,,,,,,,,,,,,,,,,,,,,,,,,,,,,,,,,,,,,,,,,,0.012466256639428571,0.0,,,,,,,,,,,,,0.006738071124411764,0.0,,,,,,,,,,,,,,,,,,,,,,,,,,,,,,,,,,,,,,,,,,,,,,,,,,,,,,,,,,,,,,,,,,,,,,,,,,,,,,,,,,,,,,,,,,,,,,,,,,,,,,
9,region_09,2024-01-13,,,,,,,,,,,,,,,,,,,,,,,,,,,,,,,,,,,,,,,,,,,,,,,,,,,,,,,,,,,,,,,,,,,0.028250290639330065,0.0,,,,,,,,,0.10044684103433824,0.0,0.02610116737530952,0.0,0.022353628364130955,0.0,0.7175658327723373,0.0,,,,,0.006804556334833333,0.0,,,,,,,,,,,,,,,,,,,,,,,,,,,,,,,,,,,,,,,,,,,,,,,,,,,,,0.01304056147294958,0.0,,,,,,,,,,,,,,,,,,,,,,,,,,,,,,,,,,,,,,,,,,,,,,,,,,,,,,,,,,,,,,,,,,,,,,,,,,,,,,,,,,,,,,,,,,,,,,,,,,,,,,,,,,,,,,,,,,,,
9,region_09,2024-01-20,,,,,,,,,,,,,,,,,,,,,,,,,,,,,,,,,,,,,,,,,,,,,,,,,,,,,,,,,,,,,,,,,,,0.015961633145882354,0.0,,,,,,,,,0.06505407119117647,0.0,0.022196977212285713,0.0,0.016331276697428572,0.0,0.7983860305382857,0.0,,,,,0.006730906229666667,0.0,,,,,,,,,,,,,,,,,,,,,,,,,,,,,,,,,,,,,,,,,,,,,,,,,,,,,0.013614866306470588,0.0,,,,,,,,,,,,,,,,,,,,,,,,,,,,,,,,,,,,,,,,,,,,,,,,,,,,,,,,,,,,,,,,,,,,,,,,,,,,,,,,,,,,,,,,,,,,,,,,,,,,,0.008072773191578947,2.0,,,,,,,,,,,,,,
9,region_09,2024-01-27,,,,,,,,,,,,,,,,,,,,,,,,,,,,,,,,,,,,,,,,,,,,,,,,,,,,,,,,,,,,,,,,,,,0.01100702758627451,0.0,,,,,,,,,0.045546090723770055,0.0,0.016051051293400922,0.0,0.012772633544714286,0.0,0.828726553842231,0.0,,,,,0.009195320944333334,0.0,,,,,,,,,,,,,,,,,,,,,,,,,,,,,,,,,,,,,,,,,,,,,,,,,,,,,0.012709956116720142,0.0,,,,,,,,,,,,,,,,,,,,,,,,,,,,,,,,,,,,,,,,,,,,,,,,,,,,,,,,,,,,,,,,,,,,,,,,,,,,,,,,,,,,,,,,,,,,,,,,,,,,,0.007659045404003759,0.0,,,,,,,,,,,,,,
9,region_09,2024-02-03,,,,,,,,,,,,,,,,,,,,,,,,,,,,,,,,,,,,,,,,,,,,,,,,,,,,,,,,,,,,,,,,,,,0.006052422026666666,0.0,,,,,,,,,0.02603811025636364,0.0,0.00990512537451613,0.0,0.009213990392,0.0,0.8590670771461765,0.0,,,0.018291399254666666,2.0,0.011659735659,0.0,,,,,,,,,,,,,,,,,,,,,,,,,,,,,,,,,,,,,,,,,,,,,,,,,,,,,0.011805045926969697,0.0,,,,,,,,,,,,,,,,,,,,,,,,,,,,,,,0.007650581757777778,2.0,,,,,,,,,,,,,,,,,,,,,,,,,,,,,,,,,,,,,,,,,,,,,,,,,,,,,,,,,,,,,,,,,,,,,0.007245317616428571,0.0,,,,,,,,,,,,,,
9,region_09,2024-02-10,,,,,,,,,,,,,,,,,,,,,,,,,,,,,,,,,,,,,,,,,,,,,,,,,,,,,,,,,,,,,,,,,,,,,,,,,,,,,0.019450817242214077,0.0,,,,,0.855571407340361,0.0,,,0.025925931427333335,0.0,0.013869590219166665,0.0,,,,,,,,,,,,,,,,,,,,,,,,,,,,,,,,,,,,,,,,,,,,,,,,,,,,,0.013323474131699134,0.0,,,,,,,,,,,,,,,,,,,,,,,,,,,,,,,0.007221090440763888,0.0,,,,,,,,,,,,,,,,,,,,,,,,,,,,,,,,,,,,,,,,,,,,,,,,,,,,,,,,,,,,,,,,,,,,,0.011386442845056391,0.0,,,,,,,,,,,,,,
9,region_09,2024-02-17,,,,,,,,,,,,,,,,,,,,,,,,,,,,,,,,,,,,,,,,,,,,,,,,,,,,,,,,,,,,,,,,,,,,,,,,,,,,,0.012863524228064516,0.0,,,,,0.8520757375345455,0.0,,,0.0335604636,0.0,0.016079444779333332,0.0,,,,,,,,,,,,,,,,,,,,,,,,,,,,,,,,,,,,,,,,,,,,,,,,,,,,,0.014841902336428571,0.0,,,,,,,,,,,,,,,,,,,,,,,,,,,,,,,0.0067915991237499996,0.0,,,,,,,,,,,,,,,,,,,,,,,,,,,,,,,,,,,,,,,,,,,,,,,,,,,,,,,,,,,,,,,,,,,,,0.015527568073684212,0.0,,,,,,,,,,,,,,
9,region_09,2024-02-24,,,,,,,,,,,,,,,,,,,,,,,,,,,,,,,,,,,,,,,,,,,,,,,,,,,,,,,,,,,,,,,,,,,,,,,,,,,,,,,,,,,0.805196264109304,0.0,,,0.05396684895633333,0.0,0.026509475629833332,0.0,,,,,,,,,,,,,,,,,,,,,,,,,,,,,,,,,,,,,,,,,,,,,,,,,,,,,,,,,,,,,,,,,,,,,,,,,,,,,,,,,,,,,0.010570248836160714,0.0,,,,,,,,,,,,,,,,,,,,,,,,,,,,,,,,,,,,,,,,,,,,,,,,,,,,,,,,,,,,,,,,,,,,,0.017089452020592106,0.0,,,,,,,,,,,,,,
9,region_09,2024-03-02,,,,,,,,,,,,,,,,,,,,,,,,,,,,,,,,,,,,,,,,,,,,,,,,,,,,,,,,,,,,,,,,,,,,,,,,,,,,,,,,,,,0.7583167906840624,0.0,,,0.07437323431266667,0.0,0.03693950648033333,0.0,,,,,,,,,,,,,,,,,,,,,,,,,,,,,,,,,,,,,,,,,,,,,,,,,,,,,,,,,,,,,,,,,,,,,,,,,,,,,,,,,0.014101099262083333,2.0,,,0.014348898548571428,0.0,,,,,,,,,,,,,,,,,,,,,,,,,,,,,,,,,0.013116283423043478,2.0,,,,,,,,,,,,,0.010273868805185184,2.0,,,,,,,,,,,,,,,,,,,,,0.018651335967500002,0.0,,,,,,,,,,,,,,
9,region_09,2024-03-09,,,,,,,,,,,,,,,,,,,,,,,,,,,,,,,,,,,,,,,,,,,,,,,,,,,,,,,,,,,,,,,,,,,,,,,,,,,,,,,,,,,0.7297588456121925,0.0,,,0.07226521807483333,0.0,0.03897606759516667,0.0,,,,,,,,,,,,,,,,,,,,,,,,,,,,,,,,,,,,,,,,,,,,,,,,,,,,,,,,,,,,,,,,,,,,,,,,,,,,,,,,,0.01556389109621408,0.0,,,0.014488015649785715,0.0,,,,,,,,,,,,,,,,,,,,,,,,,,,,,,,,,0.01441542856811594,0.0,,,,,,,,,,,,,0.01204570021925926,0.0,,,,,,,,,,,,,,,,,,,,,0.017559070032083332,0.0,,,,,,,,,,,,,,
9,region_09,2024-03-16,,,,,,,,,,,,,,,,,,,,,,,,,,,,,,,,,,,,,,,,,,,,,,,,,,,,,,,,,,,,,,,,,,,,,,,,,,,,,,,,,,,0.7012009005403226,0.0,0.018792509711034484,2.0,0.070157201837,0.0,0.041012628710000006,0.0,0.023087466650000003,2.0,,,,,,,,,,,,,,,,,,,,,,,,,,,,,,,,,,,,,,,,,,,,,,,,,,,,,,,,,,,,,,,,,,,,,,,,,,,0.016807060066666667,2.0,,,0.017026682930344827,0.0,,,0.014627132751,0.0,,,,,,,,,,,,,,,,,,,,,,,,,,,,,,,,,0.015714573713188407,0.0,0.020882590607857143,2.0,,,,,,,,,,,0.013817531633333333,0.0,,,,,,,,,,,,,,,,,,,,,0.016466804096666666,0.0,,,,,,,,,,,,,,
9,region_09,2024-03-23,,,,,,,,,,,,,,,,,,,,,,,,,,,,,,,,,,,,,,,,,,,,,,,,,,,,,,,,,,,,,,,,,,,,,,,,,,,,,,,,,,,0.6439849663036096,0.0,0.02080287763184692,0.0,0.08117587257677586,0.0,0.03504145323767857,0.0,0.03482793969925926,0.0,,,,,,,,,,,,,,,,,,,,,,,,,,,,,,,,,,,,,,,,,,,,,,,,,,,,,,,,,,,,,,,,,,,,,,,,,,,0.02280164790454023,0.0,,,0.022361997135672412,0.0,,,0.0257068753865,0.0,,,,,,,,,,,,,,,,,,,,,,,,,,,,,,,,,0.01701371885826087,0.0,,,,,,,,,,,,,,,,,,,,,,,,,,,,,,,,,,,0.02319723459886905,0.0,,,,,,,,,,,,,,
9,region_09,2024-03-30,,,,,,,,,,,,,,,,,,,,,,,,,,,,,,,,,,,,,,,,,,,,,,,,,,,,,,,,,,,,,,,,,,,,,,,,,,,,,,,,,,,0.5867690320668966,0.0,0.02281324555265935,0.0,0.09219454331655172,0.0,0.029070277765357144,0.0,0.046568412748518515,0.0,,,,,,,,,,,,,,,,,,,,,,,,,,,,,,,,,,,,,,,,,,,,,,,,,,,,,,,,,,,,,,,,,,,,,,,,,,,0.02879623574241379,0.0,,,0.027697311340999998,0.0,,,0.036786618022,0.0,,,,,,,,,,,,,,,,,,,,,,,,,,,,,,,,,0.018312864003333332,0.0,,,,,,,,,,,,,,,,,,,,,,,,,,,,,,,,,,,0.029927665101071428,0.0,,,,,,,,,,,,,,
9,region_09,2024-04-06,,,,,,,,,,,,,,,,,,,,,,,,,,,,,,,,,,,,,,,,,,,,,,,,,,,,,,,,,,,,,,,,,,,,,,,,,,,,,,,,,,,0.5290766903405911,0.0,0.024823613473471787,0.0,0.11512798681113301,0.0,0.02839641108037088,0.0,0.06029056419158069,0.0,,,,,,,,,,,,,,,,,,,,,,,,,,,,,,,,,,,,,,,,,,,,,,,,,,,,,,,,,,,,,,,,,,,,,,,,,,,0.02978410643906404,0.0,,,0.026027560047999998,0.0,,,0.031543505145666666,0.0,,,,,,,,,,,,,,,,,,,,,,,,,,,,,,,,,0.018636275406777775,0.0,,,,,,,,,,,,,,,,,,,,,,,,,,,,,,,,,,,0.027768892967053573,0.0,,,,,,,,,,,,,,
9,region_09,2024-04-13,,,,,,,,,,,,,,,,,,,,,,,,,,,,,,,,,,,,,,,,,,,,,,,,,,,,,,,,,,,,,,,,,,,,,,,,,,,,,,,,,,,0.47138434861428574,0.0,0.026833981394284223,0.0,0.1380614303057143,0.0,0.027722544395384616,0.0,0.07401271563464286,0.0,,,0.038026013308333335,1.0,,,,,,,,,,,,,,,,,,,,,,,,,,,,,,,,,,,,,,,,,,,,,,,,,,,,,,,,,,,,,,,,,,,,,,,0.030771977135714286,0.0,,,0.024357808755,0.0,,,0.026300392269333332,0.0,0.023093742318888888,2.0,,,,,,,,,,,,,,,,,,,,,,,,,,,,,,,0.018959686810222223,0.0,,,,,,,,,,,,,,,,,,,,,,,,,,,,,,,,,,,0.025610120833035713,0.0,,,,,,,,,,,,,,
9,region_09,2024-04-20,,,,,,,,,,,,,,,,,,,,,,,,,,,,,,,,,,,,,,,,,,,,,,,,,,,,,,,,,,,,,,,,,,,,,,,,,,,,,,,,,,,0.40257645238750006,0.0,0.028844349315096655,0.0,0.12673139931410715,0.0,0.023563322995292308,0.0,0.08912545282857143,0.0,,,0.04766975737202381,0.0,,,,,,,,,,,,,,,,,,,,,,,,,,,,,,,,,,,,,,,,,,,,,,,,,,,,,,,,,,,,,,,,,,,,,,,0.04145766428605714,0.0,,,0.033205240965384616,0.0,,,0.021057279393,0.0,0.034603989084265874,0.0,,,,,,,,,,,,,,,,,,,,,,,,,,,,,,,0.019283098213666666,0.0,,,,,,,,,,,,,,,,,,,,,,,,,,,,,,,,,,,0.023451348699017854,0.0,,,,,,,,,,,,,,
9,region_09,2024-04-27,,,,,,,,,,,,,,,,,,,,,,,,,,,,,,,,,,,,,,,,,,,,,,,,,,,,,,,,,,,,,,,,,,,,,,,,,,,,,,,,,,,0.3337685561607143,0.0,0.03085471723590909,0.0,0.1154013683225,0.0,0.0194041015952,0.0,0.1042381900225,0.0,0.019372067582727272,2.0,0.05731350143571429,0.0,,,0.014881700330555556,2.0,,,,,,,,,,,,,,,,,,,,,,,,,,,,,,,,,,,,,,,,,,,,,,,,,,,,,,,,,,,,,,,,,,,0.0521433514364,0.0,,,0.04205267317576923,0.0,,,0.015814166516666665,0.0,0.04611423584964286,0.0,,,0.014816959233333335,2.0,,,,,,,,,,,,,,,,,,,,,,,,,,,0.01960650961711111,0.0,,,,,,,,,,,,,,,,,,,0.0168364390724,2.0,,,,,,,,,,,,,,,0.021292576565,0.0,,,,,,,,,,,,,,
9,region_09,2024-05-04,,,,,,,,,,,,,,,,,,,,,,,,,,,,,,,,,,,,,,,,,,,,,,,,,,,,,,,,,,,,,,,,,,,,,,,,,,,,,,,,,,,0.28553710115091274,0.0,,,0.10635797838625,0.0,0.017473709582336842,0.0,0.12039398235884258,0.0,0.02444822819506629,0.0,0.09125335591174603,0.0,,,0.026395392320092595,0.0,,,,,,,,,,,,,,,,,,,,,,,,,,,,,,,,,,,,,,,,,,,,,,,,,,,,,,,,,,,,,,,,,,,0.045248345733199996,0.0,,,0.04799309279788462,0.0,,,0.016036669353019322,0.0,0.05085257829802143,0.0,,,0.015924571159166668,0.0,,,,,,,,,,,,,,,,,,,,,,,,,,,0.019929921020555557,0.0,,,,,,,,,,,,,,,,,,,0.0159883538262,0.0,,,,,,,,,,,,,,,,,,,,,,,,,,,,,,
9,region_09,2024-05-11,,,,,,,,,,,,,,,,,,,,,,,,,,,,,,,,,,,,,,,,,,,,,,,,,,,,,,,,,,,,,,,,,,,,,,,,,,,,,,,,,,,0.23730564614111113,0.0,,,0.09731458845,0.0,0.015543317569473686,0.0,0.13654977469518517,0.0,0.0295243888074053,0.0,0.12519321038777778,0.0,,,0.03790908430962963,0.0,,,,,,,,,,,,,,,,,,,,,,,,,,,,,,,,,,,,,,,,,,,,,,,,,,,,,,,,,,,,,,,,,,,0.038353340029999995,0.0,,,0.05393351242,0.0,0.019934777166666667,2.0,0.01625917218937198,0.0,0.0555909207464,0.0,,,0.017032183085,0.0,,,,,,,,,,,,,,,,,,,,,,,,,,,0.020253332424,0.0,,,,,,,,,,,,,,,,,,,0.01514026858,0.0,,,,,,,,,,,,,,,,,0.0237513806676,2.0,,,,,,,,,,,,
9,region_09,2024-05-18,,,,,,,,,,,,,,,,,,,,,,,,,,,,,,,,,,,,,,,,,,,,,,,,,,,,,,,,,,,,,,,,,,,,,,,,,,,,,,,,,,,0.19369324258517095,0.0,,,0.07375363755346154,0.0,0.013851316019736843,0.0,0.15107468766105414,0.0,0.03460054941974432,0.0,0.1675012826267735,0.0,,,0.04251304099941482,0.0,,,,,,,,,,,,,,,,,,,,,,,,,,,,,,,,,,,,,,,,,,,,,,,,,,,,,,,,,,,,,,,,,,,0.0364921997492,0.0,,,0.039709907137400004,0.0,0.020896406134733335,0.0,0.016481675025724635,0.0,0.052018740848,0.0,,,0.025671361546071428,0.0,,,,,,,,,,,,,,,,,,,,,,,,,,,,,,,,,,,,,,,,,,,,,,,,,,,,,,,,,,,,,,,,,0.020364583177609523,0.0,,,,,,,,,,,,
9,region_09,2024-05-25,,,,,,,,,,,,,,,,,,,,,,,,,,,,,,,,,,,,,,,,,,,,,,,,,,,,,,,,,,,,,,,,,,,,,,,,,,,,,,,,,,,0.15008083902923078,0.0,,,0.05019268665692308,0.0,0.01215931447,0.0,0.16559960062692308,0.0,0.03967671003208333,0.0,0.20980935486576924,0.0,,,0.047116997689199996,0.0,,,,,,,,,,,,,,,,,,,,,,,,,,,,,,,,,,,,,,,,,,,,,,,,,,,,,,,,,,,,,,,,,,,0.0346310594684,0.0,,,0.0254863018548,0.0,0.0218580351028,0.0,0.016704177862077296,0.0,0.048446560949599995,0.0,,,0.034310540007142856,0.0,,,,,,,,,,,,,,,,,,,,,,,,,,,,,,,,,,,,,,,,,,,,,0.016345486665000002,2.0,,,,,,,,,,,,,,,,,,,0.016977785687619047,0.0,,,,,,,,,,,,
9,region_09,2024-06-01,,,,,,,,,,,,,,,,,,,,,,,,,,,,,,,,,,,,,,,,,,,,,,,,,,,,,,,,,,,,,,,,,,,,,,,,,,,,,,,,,,,0.1271659232330154,0.0,,,0.0375725920606044,0.0,,,0.15213558850386155,0.0,0.04823828442,0.0,0.24649864034088462,0.0,,,0.0567229434102,0.0,,,,,,,,,,,,,,,,,,,,,,,,,,,,,,,,,,,,,,,,,,,,,,,,,,,,,,,,,,,,,,,,,,,0.025649989071699998,0.0,,,0.02302405477921818,0.0,0.0252674290538,0.0,0.016926680698429952,0.0,0.05705155830521667,0.0,,,0.02656865270169643,0.0,,,,,,,,,,,,,,,,,,,,,,,,,,,,,,,,,,,,,,,,,,,,,0.015983643118152174,0.0,,,,,,,,,,,,,,,,,,,0.016264481597589284,0.0,,,,,,,,,,,,
9,region_09,2024-06-08,,,,,,,,,,,,,,,,,,,,,,,,,,,,,,,,,,,,,,,,,,,,,,,,,,,,,,,,,,,,,,,,,,,,,,,,,,,,,,,,,,,0.10425100743679999,0.0,,,0.024952497464285715,0.0,,,0.1386715763808,0.0,0.056799858807916666,0.0,0.283187925816,0.0,,,0.0663288891312,0.0,,,,,,,,,,,,,,,,,,,,,,,,,,,,,,,,,,,,,,,,,,,,,,,,,,,,,,,,,,,,,,,,,,,0.016668918674999998,0.0,,,0.020561807703636362,0.0,0.028676823004799998,0.0,0.01714918353478261,0.0,0.06565655566083334,0.0,,,0.01882676539625,0.0,,,,,,,,,,,,,,,,,,,,,,,,,,,,,,,0.009947791321999999,2.0,,,,,,,,,,,0.008212914985789473,2.0,0.015621799571304348,0.0,,,,,,,,,,,,,,,,,,,0.015551177507559525,0.0,,,,,,,,,,,,
9,region_09,2024-06-15,,,,,,,,,,,,,,,,,,,,,,,,,,,,,,,,,,,,,,,,,,,,,,,,,,,,,,,,,,,,,,,,,,,,,,,,,,,,,,,,,,,0.08802030742122609,0.0,,,0.022956599546925464,0.0,,,0.12201693174081667,0.0,0.08493002628208333,0.0,0.29368502274175,0.0,,,0.08138723418777391,0.0,,,,,,,,,,,,,,,,,,,,,,,,,,,,,,,,,,,,,,,,,,,,,,,,,,,,,,,,,,,,,,,,,,,0.016752651387272728,0.0,,,0.01812898277374126,0.0,0.021655517022172728,0.0,0.02089347608602767,0.0,0.06327783246520834,0.0,,,0.018769717543559782,0.0,,,,,,,,,,,,,,,,,,,,,,,,,,,,,,,0.009886881172749998,0.0,,,,,,,,,,,0.008398278371578947,0.0,0.017661916190864626,0.0,,,,,,,,,,,,,,,,,,,0.014837873417529762,0.0,,,,,,,,,,,,
9,region_09,2024-06-22,,,,,,,,,,,,,,,,,,,,,,,,,,,,,,,,,,,,,,,,,,,,,,,,,,,,,,,,,,,,,,,,,,,,,,,,,,,,,,,,,,,0.07178960740565218,0.0,,,0.020960701629565218,0.0,,,0.10536228710083334,0.0,0.11306019375625,0.0,0.30418211966750003,0.0,0.020406161880434783,1.0,0.09644557924434782,0.0,,,,,,,,,,,,,,,,,,,,,,,,,,,,,,,,,,,,,,,,,,,,,,,,,,,,,,,,,,,,,,,,,,,0.016836384099545455,0.0,,,0.015696157843846155,0.0,0.014634211039545457,0.0,0.02463776863727273,0.0,0.060899109269583335,0.0,0.022779319301428572,2.0,0.018712669690869564,0.0,0.0074287097275,2.0,,,,,,,,,,,,,,,,,,,,,,,,,,,,,0.0098259710235,0.0,,,,,,,,,,,0.008583641757368421,0.0,0.019702032810424902,0.0,,,0.011423749358947369,2.0,,,,,,,,,,,,,,,0.014124569327500001,0.0,,,,,,,,,,,,
9,region_09,2024-06-29,,,,,,,,,,,,,,,,,,,,,,,,,,,,,,,,,,,,,,,,,,,,,,,,,,,,,,,,,,,,,,,,,,,,,,,,,,,,,,,,,,,0.056098370474871546,0.0,,,0.015818978109328065,0.0,,,0.10717742974389494,0.0,0.10666477124095108,0.0,0.3106322993080979,0.0,0.03902602904369565,0.0,0.11699046129847826,0.0,,,,,,,,,,,,,,,,,,,,,,,,,,,,,,,,,,,,,,,,,,,,,,,,,,,,,,,,,,,,,,,,,,,0.012800909485606062,0.0,,,0.013039178182478633,0.0,0.014216260434318184,0.0,0.018597958537583732,0.0,0.04974466204609601,0.0,0.025766613583757765,0.0,0.016154053618389327,0.0,0.008070759010000001,0.0,,,,,,,,,,,,,,,,,,,,,,,,,,,,,0.00976506087425,0.0,,,,,,,,,,,,,0.021742149429985178,0.0,,,0.010168723516616542,0.0,,,,,,,,,,,,,,,0.014688957129431818,0.0,,,,,,,,,,,,
9,region_09,2024-07-06,,,,,,,,,,,,,,,,,,,,,,,,,,,,,,,,,,,,,,,,,,,,,,,,,,,,,,,,,,,,,,,,,,,,,,,,,,,,,,,,,,,0.04040713354409091,0.0,,,0.01067725458909091,0.0,,,0.10899257238695652,0.0,0.10026934872565219,0.0,0.3170824789486957,0.0,0.05764589620695652,0.0,0.1375353433526087,0.0,,,,,,,,,,,,,,,,,,,,,,,,,,,,,,,,,,,,,,,,,,,,,,,,,,,,,,,,,,,,,,,,,,,0.008765434871666667,0.0,,,0.010382198521111111,0.0,0.013798309829090909,0.0,0.012558148437894736,0.0,0.038590214822608694,0.0,0.028753907866086954,0.0,0.01359543754590909,0.0,0.0087128082925,0.0,,,,,,,,,,,,,,,0.008491247492857143,2.0,,,,,,,,,,,,,0.009704150725,0.0,,,,,,,,,,,,,0.023782266049545454,0.0,,,0.008913697674285714,0.0,,,,,,,,,,,,,,,0.015253344931363638,0.0,,,,,,,,,,,,
9,region_09,2024-07-13,,,,,,,,,,,,,,,,,,,,,,,,,,,,,,,,,,,,,,,,,,,,,,,,,,,,,,,,,,,,,,,,,,,,,,,,,,,,,,,,,,,0.039626540955454544,0.0,,,0.009181876127640693,0.0,,,0.10502895231325099,0.0,0.11161697500600792,0.0,0.2782444151438933,0.0,0.07964741468802372,0.0,0.14865546583766798,0.0,,,,,,,,,,,,,,,,,,,,,,,,,,,,,,,,,,,,,,,,,,,,,,,,,,,,,,,,,,,,,,,,,,,0.008752970870833335,0.0,,,,,0.013830744661818183,0.0,0.014798834135296052,0.0,0.03903727014016799,0.0,0.04161267356236166,0.0,0.013289885332165071,0.0,0.01228985035375,0.0,,,,,,,,,,,,,,,0.008377237359781745,0.0,,,,,,,,,,,,,0.009538653566617646,0.0,,,,,,,,,,,,,0.02016386206310606,0.0,,,,,,,,,,,,,,,,,,,0.013728901598181818,0.0,,,,,,,,,,,,
9,region_09,2024-07-20,,,,,,,,,,,,,,,,,,,,,,,,,,,,,,,,,,,,,,,,,,,,,,,,,,,,,,,,,,,,,,,,,,,,,,,,,,,,,,,,,,,0.03884594836681818,0.0,,,0.0076864976661904765,0.0,,,0.10106533223954545,0.0,0.12296460128636365,0.0,0.2394063513390909,0.0,0.1016489331690909,0.0,0.15977558832272729,0.0,,,,,,,,,,,,,,,,,,,,,,,,,,,,,,,,,,,,,,,,,,,,,,,,,,,,,,,,,,,,,,,,,,,0.008740506870000001,0.0,,,,,0.013863179494545456,0.0,0.017039519832697365,0.0,0.03948432545772727,0.0,0.05447143925863636,0.0,0.012984333118421051,0.0,0.015866892415,0.0,,,,,,,,,,,,,,,0.00826322722670635,0.0,,,,,,,,,,,,,0.009373156408235293,0.0,,,,,,,,,,,,,0.01654545807666667,0.0,,,,,,,,,,,,,,,,,,,0.012204458265,0.0,,,,,,,,,,,,
9,region_09,2024-07-27,,,,,,,,,,,,,,,,,,,,,,,,,,,,,,,,,,,,,,,,,,,,,,,,,,,,,,,,,,,,,,,,,,,,,,,,,,,,,,,,,,,0.033764232805075754,0.0,,,,,,,0.09356754552167748,0.0,0.1413355600250866,0.0,0.22467214675478356,0.0,0.12884624127406927,0.0,0.1535731265842208,0.0,,,,,,,,,,,,,,,,,,,,,,,,,,,,,,,,,,,,,,,,,,,,,,,,,,,,,,,,,,,,,,,,,,,,,,,,,0.013796993944272728,0.0,0.019280205530098682,0.0,0.03985513623338745,0.0,0.0444523482681277,0.0,0.010720631511578947,0.0,0.014625002253125,0.0,,,,,,,,,,,,,,,0.008149217093630954,0.0,,,,,,,,,,,,,0.0116526120214986,0.0,,,,,,,,,,,,,0.015555014416410256,0.0,,,,,,,,,,,,,,,,,,,,,,,,,,,,,,,,
9,region_09,2024-08-03,,,,,,,,,,,,,,,,,,,,,,,,,,,,,,,,,,,,,,,,,,,,,,,,,,,,,,,,,,,,,,,,,,,,,,,,,,,,,,,,,,,0.028682517243333334,0.0,,,,,,,0.08606975880380953,0.0,0.15970651876380954,0.0,0.2099379421704762,0.0,0.15604354937904763,0.0,0.1473706648457143,0.0,,,,,,,,,,,,,,,,,,,,,,,,,,,,,,,,,,,,,,,,,,,,,,,,,,,,,,,,,,,,,,,,,,,,,,,,,0.013730808394,0.0,0.0215208912275,0.0,0.040225947009047615,0.0,0.03443325727761905,0.0,0.008456929904736841,0.0,0.01338311209125,0.0,,,,,,,,,,,,,,,0.008035206960555557,0.0,,,,,,,,,,,,,0.013932067634761906,0.0,,,,,,,,,,,,,0.014564570756153845,0.0,,,,,,,,,,,,,,,,,,,,,,,,,,,,,,,,
9,region_09,2024-08-10,,,,,,,,,,,,,,,,,,,,,,,,,,,,,,,,,,,,,,,,,,,,,,,,,,,,,,,,,,,,,,,,,,,,,,,,,,,,,,,,,,,0.028800075492666666,0.0,,,,,,,0.07662563305740477,0.0,0.16020233331390477,0.0,0.1960234735872381,0.0,0.18623758169552382,0.0,0.14750133234785714,0.0,,,,,,,,,,,,,,,,,,,,,,,,,,,,,,,,,,,,,,,,,,,,,,,,,,,,,,,,,,,,,,,,,,,,,,,,,0.013043677211145834,0.0,0.017296717455999998,0.0,0.040228780784273804,0.0,0.035454760433809525,0.0,0.008679092141257309,0.0,0.013328084368782894,0.0,,,,,,,,,,,,,,,,,,,,,,,,,,,,,,,,,,,,,,,,,,,0.010984707574951923,0.0,,,,,,,,,,,,,,,,,,,,,,,,,,,,,,,,
9,region_09,2024-08-17,,,,,,,,,,,,,,,,,,,,,,,,,,,,,,,,,,,,,,,,,,,,,,,,,,,,,,,,,,,,,,,,,,,,,,,,,,,,,,,,,,,0.028917633741999998,0.0,,,,,,,0.067181507311,0.0,0.160698147864,0.0,0.182109005004,0.0,0.216431614012,0.0,0.14763199985,0.0,,,,,,,,,,,,,,,,,,,,,,,,,,,,,,,,,,,,,0.007818342126249999,1.0,,,,,,,,,,,,,,,,,,,,,,,,,,,,,,,,,,,0.012356546028291667,0.0,0.013072543684499999,0.0,0.0402316145595,0.0,0.03647626359,0.0,0.008901254377777777,0.0,0.01327305664631579,0.0,,,,,,,,,,,,,,,,,,,,,,,,,,,,,,,,,,,,,0.008888076059166666,2.0,,,,,0.00740484439375,0.0,,,,,,,,,,,,,,,,,,,,,,,,,,,,,,,,
9,region_09,2024-08-24,,,,,,,,,,,,,,,,,,,,,,,,,,,,,,,,,,,,,,,,,,,,,,,,,,,,,,,,,,,,,,,,,,,,,,,,,,,,,,,,,,,0.022811133513058822,0.0,,,,,,,0.06276628291207895,0.0,0.14992780781542103,0.0,0.16444554907357894,0.0,0.2662097957773158,0.0,0.14052058313236843,0.0,,,,,,,,,,,,,,,,,,,,,,,,,,,,,,,,,,,,,0.016061588680183824,0.0,,,,,,,,,,,,,,,,,,,,,,,,,,,,,,,,,,,0.011669414845437499,0.0,0.013183896606610294,0.0,0.03333540740891667,0.0,0.034142284146944445,0.0,0.01039435067888889,0.0,0.012811054850032894,0.0,,,,,,,,,,,,,,,,,,,,,,,,,,,,,,,,,,,,,0.008546107304951922,0.0,,,,,0.007836987256875,0.0,,,,,,,,,,,,,,,,,,,,,,,,,,,,,,,,
9,region_09,2024-08-31,,,,,,,,,,,,,,,,,,,,,,,,,,,,,,,,,,,,,,,,,,,,,,,,,,,,,,,,,,,,,,,,,,,,,,,,,,,,,,,,,,,0.016704633284117646,0.0,,,,,,,0.058351058513157895,0.0,0.1391574677668421,0.0,0.1467820931431579,0.0,0.3159879775426316,0.0,0.13340916641473685,0.0,,,,,,,,,,,,,,,,,,,,,,,,,,,,,,,,,,,,,0.02430483523411765,0.0,,,,,,,,,,,,,,,,,,,,,,,,,,,,,,,,,,,0.010982283662583333,0.0,0.013295249528720587,0.0,0.026439200258333333,0.0,0.03180830470388889,0.0,0.01188744698,0.0,0.01234905305375,0.0,,,,,,,,,,,,,,,,,,,,,,,,,,,,,,,,,,,,,0.00820413855073718,0.0,,,,,0.008269130119999999,0.0,,,,,,,,,,,,,,,,,,,,,,,,,,,,,,,,
9,region_09,2024-09-07,,,,,,,,,,,,,,,,,,,,,,,,,,,,,,,,,,,,,,,,,,,,,,,,,,,,,,,,,,,,,,,,,,,,,,,,,,,,,,,,,,,0.012938415557058824,0.0,,,,,,,0.05486996285657895,0.0,0.12933551682425437,0.0,0.13797859391157896,0.0,0.3641188541174269,0.0,0.11835098883181286,0.0,,,,,,,,,,,,,,,,,,,,,,,,,,,,,,,,,,,,,0.022130846534392158,0.0,,,,,,,,,,,,,,,,,,,,,,,,,,,,,,,,,,,0.010295152479729166,0.0,0.013406602450830881,0.0,0.02427342262651961,0.0,0.033151360691650325,0.0,0.010370910246666667,0.0,0.010307290389602273,0.0,,,,,,,,,,,,,,,,,,,,,,,,,,,,,,,,,,,,,0.007862169796522437,0.0,,,,,,,,,,,,,,,,,,,,,,,,,,,,,,,,,,,,,,
9,region_09,2024-09-14,,,,,,,,,,,,,,,,,,,,,,,,,,,,,,,,,,,,,,,,,,,,,,,,,,,,,,,,,,,,,,,,,,,,,,,,,,,,,,,,,,,0.009172197830000001,0.0,,,,,,,0.0513888672,0.0,0.11951356588166667,0.0,0.12917509468,0.0,0.4122497306922222,0.0,0.10329281124888888,0.0,0.00712343678,2.0,,,,,,,,,,,,,,,,,,,,,,,,,,,,,,,,,,,0.019956857834666667,0.0,,,,,,,,,,,,,,,,,,,,,,,,,,,,,,,,,,,0.009608021296875,0.0,0.013517955372941176,0.0,0.022107644994705883,0.0,0.03449441667941176,0.0,0.008854373513333333,0.0,0.008265527725454545,0.0,,,,,,,,,,,,,,,,,,,,,,,,,,,,,,,,,,,,,0.007520201042307693,0.0,,,,,,,,,,,,,,,,,,,,,,,,,,,,,,,,,,,,,,
9,region_09,2024-09-21,,,,,,,,,,,,,,,,,,,,,,,,,,,,,,,,,,,,,,,,,,,,,,,,,,,,,,,,,,,,,,,,,,,,,,,,,,,,,,,,,,,0.012611729291666669,0.0,,,,,,,0.04142644952058823,0.0,0.10760917683818627,0.0,0.09735756428264705,0.0,0.45286199664669935,0.0,0.0972086426870915,0.0,0.0081076787325,0.0,,,,,,,,,,,,,,,,,,,,,,,,,,,,,,,,,,,0.03458418488468627,0.0,,,,,,,,,,,,,,,,,,,,,,,,,,,,,,,,,,,0.011980119770937499,0.0,0.01261154061,0.0,0.018434140626415442,0.0,0.02799421636564338,0.0,,,,,,,,,,,,,,,,,,,,,,,,,,,,,,,,,,,,,,,,,0.009673915946923076,0.0,,,,,,,,,,,,,,,,,,,,,,,,,,,,,,,,,,,,,,
9,region_09,2024-09-28,,,,,,,,,,,,,,,,,,,,,,,,,,,,,,,,,,,,,,,,,,,,,,,,,,,,,,,,,,,,,,,,,,,,,,,,,,,,,,,,,,,0.016051260753333334,0.0,,,,,,,0.031464031841176465,0.0,0.09570478779470588,0.0,0.06554003388529411,0.0,0.4934742626011765,0.0,0.09112447412529412,0.0,0.009091920685,0.0,,,,,0.027592604650588236,2.0,0.008717630369166667,2.0,,,,,,,,,,,,,,,,,,,,,,,,,,,0.04921151193470588,0.0,,,,,,,,,,,,,,,,,,,,,,,,,,,,,,,,,,,0.014352218245,0.0,0.011705125847058823,0.0,0.014760636258125001,0.0,0.021494016051875,0.0,,,,,,,,,,,,,,,,,,,,,,,,,,,,,,,,,,,,,,,,,0.01182763085153846,0.0,,,,,,,,,,,,,,,,,,,,,,,,,,,,,,,,,,,,,,
9,region_09,2024-10-05,,,,,,,,,,,,,,,,,,,,,,,,,,,,,,,,,,,,,,,,,,,,,,,,,,,,,,,,,,,,,,,,,,,,,,,,,,,,,,,,,,,0.015344484098974358,0.0,,,,,,,,,0.07676821407454044,0.0,0.07066689246733455,0.0,0.48036068995652575,0.0,0.06796676311164707,0.0,,,,,,,0.028989836015857844,0.0,0.012320207515352564,0.0,,,,,,,,,,,,,,,,,,,,,,,,,,,0.08963276752547794,0.0,,,,,,,,,,,,,,,,,,,,,,,,,,,,,,,,,,,,,,,,,0.02540333409486607,0.0,,,,,,,,,,,,,,,,,,,,,,,,,,,,,,,,,,,,,,,,,,,,,,,,,,,,,,,,,,,,,,,,,,,,,,,,,,,,,,,,
9,region_09,2024-10-12,,,,,,,,,,,,,,,,,,,,,,,,,,,,,,,,,,,,,,,,,,,,,,,,,,,,,,,,,,,,,,,,,,,,,,,,,,,,,,,,,,,0.014637707444615384,0.0,,,,,,,,,0.057831640354375,0.0,0.075793751049375,0.0,0.467247117311875,0.0,0.044809052098,0.0,,,,,,,0.030387067381127453,0.0,0.015922784661538462,0.0,,,,,,,,,,,,,,,,,,,,,,,,,,,0.13005402311625,0.0,,,,,,,,,,,,,,,,,,,,,,,,,,,,,,,,,,,,,,,,,0.02931265213785714,0.0,,,,,,,,,,,,,,,,,,,,,,,,,,,,,,,,,,,,,,,,,,,,,,,,,,,,,,,,,,,,,,,,,,,,,,,,,,,,,,,,
9,region_09,2024-10-19,,,,,,,,,,,,,,,,,,,,,,,,,,,,,,,,,,,,,,,,,,,,,,,,,,,,,,,,,,,,,,,,,,,,,,,,,,,,,,,,,,,,,,,,,,,,,0.05760782537949519,0.0,0.08955066674385417,0.0,0.4656382807134375,0.0,,,,,,,,,0.03178429874639706,0.0,0.02054504577576923,0.0,,,,,,,,,,,,,,,,,,,,,,,,,,,0.14542122445979166,0.0,,,,,,,,,,,,,,,,,,,,,,,,,,,,,,,,,,,,,,,,,,,,,,,,,,,,,,,,,,,,,,,,,,,,,,,,,,,,,,,,,,,,,,,,,,,,,,,,,,,,,,,,,,,,,,,,,,,,,,,,,,
9,region_09,2024-10-26,,,,,,,,,,,,,,,,,,,,,,,,,,,,,,,,,,,,,,,,,,,,,,,,,,,,,,,,,,,,,,,,,,,,,,,,,,,,,,,,,,,,,,,,,,,,,0.05738401040461538,0.0,0.10330758243833334,0.0,0.464029444115,0.0,,,,,,,,,0.03318153011166667,0.0,0.02516730689,0.0,,,,,,,,,,,,,,,,,,,,,,,,,,,0.16078842580333333,0.0,,,,,,,,,,,,,,,,,,,,,,,,,,,,,,,,,,,,,,,,,,,,,,,,,,,,,,,,,,,,,,,,,,,,,,,,,,,,,,,,,,,,,,,,,,,,,,,,,,,,,,,,,,,,,,,,,,,,,,,,,,
9,region_09,2024-11-02,,,,,,,,,,,,,,,,,,,,,,,,,,,,,,,,,,,,,,,,,,,,,,,,,,,,,,,,,,,,,,,,,,,,,,,,,,,,,,,,,,,,,,,,,,,,,0.03942935261730769,0.0,0.06711121772791667,0.0,0.46680461828214287,0.0,,,,,,,,,0.040052685420416664,0.0,0.025016418893125003,0.0,,,,,,,,,,,,,,,,,,,,,,,,,,,0.19213851030416668,0.0,,,,,,,,,,,,,,,,,,,,,,,,,,,,,,,,,,,,,,,,,,,,,,,,,,,,,,,,,,,,,,,,,,,,,,,,,,,,,,,,,,,,,,,,,,,,,,,,,,,,,,,,,,,,,,,,,,,,,,,,,,
9,region_09,2024-11-09,,,,,,,,,,,,,,,,,,,,,,,,,,,,,,,,,,,,,,,,,,,,,,,,,,,,,,,,,,,,,,,,,,,,,,,,,,,,,,,,,,,,,,,,,,,,,0.02147469483,0.0,0.030914853017500004,0.0,0.4695797924492857,0.0,,,,,0.024190359835454544,2.0,0.028176912359999997,1.0,0.046923840729166666,0.0,0.02486553089625,0.0,,,,,,,,,,,,,,,,,,,,,,,,,,,0.223488594805,0.0,,,,,,,,,,,,,,,,,,,,,,,,,,,,,,,,,,,,,,,,,,,,,,,,,,,,,,,,,,,,,,,,,,,,,,,,,,,,,,,,,,,,,,,,,,,,,,,,,,,,,,,,,,,,,,,,,,,,,,,,,,
9,region_09,2024-11-16,,,,,,,,,,,,,,,,,,,,,,,,,,,,,,,,,,,,,,,,,,,,,,,,,,,,,,,,,,,,,,,,,,,,,,,,,,,,,,,,,,,,,,,,,,,,,0.021569905218749998,0.0,0.03463499791333333,0.0,0.42874549400255957,0.0,,,,,0.02330062449572727,0.0,0.03520138807,0.0,0.03861028359666666,0.0,0.03204784661877841,0.0,,,,,,,,,,,,,,,,,,,,,,,,,,,0.24133619682557694,0.0,,,,,,,,,,,,,,,,,,,,,,,,,,,,,,,,,,,,,,,,,,,,,,,,,,,,,,,,,,,,,,,,,,,,,,,,,,,,,,,,,,,,,,,,,,,,,,,,,,,,,,,,,,,,,,,,,,,,,,,,,,
9,region_09,2024-11-23,,,,,,,,,,,,,,,,,,,,,,,,,,,,,,,,,,,,,,,,,,,,,,,,,,,,,,,,,,,,,,,,,,,,,,,,,,,,,,,,,,,,,,,,,,,,,0.0216651156075,0.0,0.038355142809166666,0.0,0.38791119555583337,0.0,,,,,0.022410889156,0.0,0.04222586378,0.0,0.030296726464166663,0.0,0.03923016234130682,0.0,,,,,,,,,,,,,,,,,,,,,,,,,,,0.2591837988461539,0.0,,,,,,,,,,,,,,,,,,,,,,,,,,,,,,,,,,,,,,,,,,,,,,,,,,,,,,,,,,,,,,,,,,,,,,,,,,,,,,,,,,,,,,,,,,,,,,,,,,,,,,,,,,,,,,,,,,,,,,,,,,
9,region_09,2024-11-30,,,,,,,,,,,,,,,,,,,,,,,,,,,,,,,,,,,,,,,,,,,,,,,,,,,,,,,,,,,,,,,,,,,,,,,,,,,,,,,,,,,,,,,,,,,,,,,0.034213206624375,0.0,0.36400905748208334,0.0,,,,,0.022604158613,0.0,0.056384663405833334,0.0,0.03909041096208333,0.0,0.046412478063835236,0.0,,,,,,,,,,,,,,,,,,,,,,,,,,,0.2782635500609936,0.0,,,,,,,,,,,,,,,,,,,,,,,,,,,,,,,,,,,,,,,,,,,,,,,,,,,,,,,,,,,,,,,,,,,,,,,,,,,,,,,,,,,,,,,,,,,,,,,,,,,,,,,,,,,,,,,,,,,,,,,,,,
9,region_09,2024-12-07,,,,,,,,,,,,,,,,,,,,,,,,,,,,,,,,,,,,,,,,,,,,,,,,,,,,,,,,,,,,,,,,,,,,,,,,,,,,,,,,,,,,,,,,,,,,,,,0.030071270439583332,0.0,0.3401069194083333,0.0,,,,,0.02279742807,0.0,0.07054346303166667,0.0,0.04788409546,0.0,0.05359479378636364,0.0,,,,,,,,,,,,,,,,,,,,,,,,,,,0.29734330127583336,0.0,,,,,,,,,,,,,,,,,,,,,,,,,,,,,,,,,,,,,,,,,,,,,,,,,,,,,,,,,,,,,,,,,,,,,,,,,,,,,,,,,,,,,,,,,,,,,,,,,,,,,,,,,,,,,,,,,,,,,,,,,,
9,region_09,2024-12-14,,,,,,,,,,,,,,,,,,,,,,,,,,,,,,,,,,,,,,,,,,,,,,,,,,,,,,,,,,,,,,,,,,,,,,,,,,,,,,,,,,,,,,,,,,,,,,,0.025929334254791665,0.0,0.3144475283729167,0.0,,,,,0.0223512777115,0.0,0.0873184222725,0.0,0.05143772522772727,0.0,0.04346755726168182,0.0,,,,,,,,,,,,,,,,,,,,,,,,,,,0.32805113494375,0.0,,,,,,,,,,,,,,,,,,,,,,,,,,,,,,,,,,,,,,,,,,,,,,,,,,,,,,,,,,,,,,,,,,,,,,,,,,,,,,,,,,,,,,,,,,,,,,,,,,,,,,,,,,,,,,,,,,,,,,,,,,
9,region_09,2024-12-21,,,,,,,,,,,,,,,,,,,,,,,,,,,,,,,,,,,,,,,,,,,,,,,,,,,,,,,,,,,,,,,,,,,,,,,,,,,,,,,,,,,,,,,,,,,,,,,0.02178739807,0.0,0.28878813733750003,0.0,,,,,0.021905127353,0.0,0.10409338151333332,0.0,0.054991354995454544,0.0,0.033340320737,0.0,,,,,,,,,,,,,,,,,,,,,,,,,,,0.3587589686116666,0.0,,,,,,,,,,,,,,,,,,,,,,,,,,,,,,,,,,,,,,,,,,,,,,,,,,,,,,,,,,,,,,,,,,,,,,,,,,,,,,,,,,,,,,,,,,,,,,,,,,,,,,,,,,,,,,,,,,,,,,,,,,
9,region_09,2024-12-28,,,,,,,,,,,,,,,,,,,,,,,,,,,,,,,,,,,,,,,,,,,,,,,,,,,,,,,,,,,,,,,,,,,,,,,,,,,,,,,,,,,,,,,,,,,,,,,0.02339294065875,0.0,0.23784838492738636,0.0,,,,,0.024650118552055553,0.0,0.10674563180030303,0.0,0.058544984763181825,0.0,0.058877037278499994,0.0,,,,,,,,,,,,,,,,,,,,,,,,,,,0.3642350497344697,0.0,,,,,,,,,,,,,,,,,,,,,,,,,,,,,,,,,,,,,,,,,,,,,,,,,,,,,,,,,,,,,,,,,,,,,,,,,,,,,,,,,,,,,,,,,,,,,,,,,,,,,,,,,,,,,,,,,,,,,,,,,,
9,region_09,2025-01-04,,,,,,,,,,,,,,,,,,,,,,,,,,,,,,,,,,,,,,,,,,,,,,,,,,,,,,,,,,,,,,,,,,,,,,,,,,,,,,,,,,,,,,,,,,,,,,,0.0249984832475,0.0,0.18690863251727272,0.0,,,,,0.027395109751111108,0.0,0.10939788208727273,0.0,0.0620986145309091,0.0,0.08441375381999999,0.0,,,,,,,,,,,,,,,,,,,,,,,,,,,0.36971113085727275,0.0,,,,,,,,,,,,,,,,,,,,,,,,,,,,,,,,,,,,,,,,,,,,,,,,,,,,,,,,,,,,,,,,,,,,,,,,,,,,,,,,,,,,,,,,,,,,,,,,,,,,,,,,,,,,,,,0.017027879665714285,2.0,,,,,,,,,,
9,region_09,2025-01-11,,,,,,,,,,,,,,,,,,,,,,,,,,,,,,,,,,,,,,,,,,,,,,,,,,,,,,,,,,,,,,,,,,,,,,,,,,,,,,,,,,,,,,,,,,,,,,,0.02031061425875,0.0,0.17150565385813638,0.0,,,,,0.03576638717805555,0.0,0.12920468815363637,0.0,0.05526679737295455,0.0,0.09271434787624999,0.0,,,,,,,,,,,,,,,,,,,,,,,,,,,0.3734507501136364,0.0,,,,,,,,,,,,,,,,,,,,,,,,,,,,,,,,,,,,,,,,,,,,,,,,,,,,,,,,,,,,,,,,,,,,,,,,,,,,,,,,,,,,,,,,,,,,,,,,,,,,,,,,,,,,,,,0.019201054502857143,0.0,,,,,,,,,,
9,region_09,2025-01-18,,,,,,,,,,,,,,,,,,,,,,,,,,,,,,,,,,,,,,,,,,,,,,,,,,,,,,,,,,,,,,,,,,,,,,,,,,,,,,,,,,,,,,,,,,,,,,,0.01562274527,0.0,0.156102675199,0.0,,,,,0.044137664605,0.0,0.14901149421999998,0.0,0.048434980215,0.0,0.1010149419325,0.0,,,,,,,,,,,,,,,,,,,,,,,,,,,0.37719036937,0.0,,,,,,,,,,,,,,,,,,,,,,,,,,,,,,,,,,,,,,,,,,,,,,,,,,,,,,,,,,,,,,,,,,,,,,,,,,,,,,,,,,,,,,,,,,,,,,,,,,,,,,,,,,,,,,,0.021374229340000002,0.0,,,,,,,,,,
9,region_09,2025-01-25,,,,,,,,,,,,,,,,,,,,,,,,,,,,,,,,,,,,,,,,,,,,,,,,,,,,,,,,,,,,,,,,,,,,,,,,,,,,,,,,,,,,,,,,,,,,,,,0.01741984149125,0.0,0.14347584073838887,0.0,,,,,0.0425100934225,0.0,0.18571131999333335,0.0,0.0434978511175,0.0,0.11335598180791667,0.0,,,,,,,,,,,,,,,,,,,,,,,,,,,0.353331430755,0.0,,,,,,,,,,,,,,,,,,,,,,,,,,,,,,,,,,,,,,,,,,,,,,,,,,,,,,,,,,,,,,,,,,,,,,,,,,,,,,,,,,,,,,,,,,,,,,,,,,,,,,,,,,,,,,,0.02359899386107143,0.0,,,,,,,,,,
9,region_09,2025-02-01,,,,,,,,,,,,,,,,,,,,,,,,,,,,,,,,,,,,,,,,,,,,,,,,,,,,,,,,,,,,,,,,,,,,,,,,,,,,,,,,,,,,,,,,,,,,,,,0.0192169377125,0.0,0.13084900627777776,0.0,,,,,0.04088252224,0.0,0.22241114576666668,0.0,0.03856072202,0.0,0.12569702168333333,0.0,,,,,,,,,,,,,,,,,,,,,,,,,,,0.32947249214,0.0,,,,,,,,,,,,,,,,,,,,,,,,,,,,,,,,,,,,,,,,,,,,,,,,,,,,,,,,,,,,,,,,,,,,,,,,,,,,,,,,,,,,,,,,,,,,,,,,,,,,,,,,,,,,,,,0.02582375838214286,0.0,,,,,,,,,,
9,region_09,2025-02-08,,,,,,,,,,,,,,,,,,,,,,,,,,,,,,,,,,,,,,,,,,,,,,,,,,,,,,,,,,,,,,,,,,,,,,,,,,,,,,,,,,,,,,,,,,,,,,,0.02101403393375,0.0,0.10107519322451389,0.0,,,,,0.042356402612499996,0.0,0.24805450315270833,0.0,0.035370940340000004,0.0,0.11118203230854166,0.0,,,,,,,,,,,,,,,,,,,,,,,,,,,0.338466485341875,0.0,,,,,,,,,,,,,,,,,,,,,,,,,,,,,,,,,,,,,,,,,,,,,,,,,,,,,,,,,,,,,,,,,,,,,,,,,,,,,,,,,,,,,,,,,,,,,,,,,,,,,,,,,,,,,,,0.028048522903214287,0.0,,,,,,,,,,
9,region_09,2025-02-15,,,,,,,,,,,,,,,,,,,,,,,,,,,,,,,,,,,,,,,,,,,,,,,,,,,,,,,,,,,,,,,,,,,,,,,,,,,,,,,,,,,,,,,,,,,,,,,0.022811130155,0.0,0.07130138017125,0.0,,,,,0.043830282984999996,0.0,0.27369786053875,0.0,0.03218115866,0.0,0.09666704293375,0.0,,,,,,,,,,,,,,,,,,,,,,,,,,,0.34746047854375,0.0,,,,,,,,,,,,,,,,,,,,,,,,,,,,,,,,,,,,,,,,,,,,,,,,,,,,,,,,,,,,,,,,,,,,,,,,,,,,,,,,,,,,,,,,,,,,,,,,,,,,,,,,,,,,,,,0.030273287424285717,0.0,,,,,,,,,,
9,region_09,2025-02-22,,,,,,,,,,,,,,,,,,,,,,,,,,,,,,,,,,,,,,,,,,,,,,,,,,,,,,,,,,,,,,,,,,,,,,,,,,,,,,,,,,,,,,,,,,,,,,,0.02460822637625,0.0,0.066864093765625,0.0,,,,,0.045304163357499996,0.0,0.2915210165079464,0.0,,,0.11541669928830357,0.0,,,,,,,,,,,,,,,,,,,,,,,,,,,0.32775372266687497,0.0,,,,,,,,,,,,,,,,,,,,,,,,,,,,,,,,,,,,,,,,,,,,,,,,,,,,,,,,,,,,,,,,,,,,,,,,,,,,,,,,,,,,,,,,,,,,,,,,,,,,,,,,,,,,,,,0.03283292933297619,0.0,,,,,,,,,,
9,region_09,2025-03-01,,,,,,,,,,,,,,,,,,,,,,,,,,,,,,,,,,,,,,,,,,,,,,,,,,,,,,,,,,,,,,,,,,,,,,,,,,,,,,,,,,,,,,,,,,,,,,,0.0264053225975,0.0,0.06242680736,0.0,,,,,0.046778043729999996,0.0,0.3093441724771428,0.0,,,0.13416635564285714,0.0,,,,,,,,,,,,,,,,,,,,,,,,,,,0.30804696679,0.0,,,,,,,,,,,,,,,,,,,,,,,,,,,,,,,,,,,,,,,,,,,,,,,,,,,,,,,,,,,,,,,,,,,,,,,,,,,,,,,,,,,,,,,,,,,,,,,,,,,,,,,,,,,,,,,0.035392571241666664,0.0,,,,,,,,,,
9,region_09,2025-03-08,,,,,,,,,,,,,,,,,,,,,,,,,,,,,,,,,,,,,,,,,,,,,,,,,,,,,,,,,,,,,,,,,,,,,,,,,,,,,,,,,,,,,,,,,,,,,,,0.028202418818750002,0.0,0.055775329005,0.0,,,,,0.0404955158,0.0,0.36987752467357143,0.0,,,0.1007613760547619,0.0,,,,,,,,,,,,,,,,,,,,,,,,,,,0.27153778697,0.0,,,,,,,,,,,,,,,,,,,,,,,,,,,,,,,,,,,,,,,,,,,,,,,,,,,,,,,,,,,,,,,,,,,,,,,,,,,,,,,,,,,,,,,,,,,,,,,,,,,,,,,,,,,,,,,0.03636685758916666,0.0,,,,,,,,,,
9,region_09,2025-03-15,,,,,,,,,,,,,,,,,,,,,,,,,,,,,,,,,,,,,,,,,,,,,,,,,,,,,,,,,,,,,,,,,,,,,,,,,,,,,,,,,,,,,,,,,,,,,,,0.02999951504,0.0,0.04912385065,0.0,,,,,0.03421298787,0.0,0.43041087687000007,0.0,,,0.06735639646666668,0.0,,,,,,,,,,,,,,,,,,,,,,,,,,,0.23502860714999999,0.0,,,,,,,,,,,,,,,,,,,,,,,,,,,,,,,,,,,,,,,,,,,,,,,,,,,,,,,,,,,,,,,,,,,,,,,,,,,,,,,,,,,,,,,,,,,,,,,,,0.030581938103333334,2.0,,,,,,,,,,,,,0.03734114393666667,0.0,,,,,,,,,,
9,region_09,2025-03-22,,,,,,,,,,,,,,,,,,,,,,,,,,,,,,,,,,,,,,,,,,,,,,,,,,,,,,,,,,,,,,,,,,,,,,,,,,,,,,,,,,,,,,,,,,,,,,,,,0.042472372295000005,0.0,,,,,0.0391518045225,0.0,0.4711722031250001,0.0,,,0.06710665039733334,0.0,,,,,,,,,,,,,,,,,,,,,,,,,,,0.215053110072,0.0,,,,,,,,,,,,,,,,,,,,,,,,,,,,,,,,,,,,,,,,,,,,,,,,,,,,,,,,,,,,,,,,,,,,,,,,,,,,,,,,,,,,,,,,,,,,,,,,,0.02908106233638889,0.0,,,,,,,,,,,,,,,,,,,,,,,,
9,region_09,2025-03-29,,,,,,,,,,,,,,,,,,,,,,,,,,,,,,,,,,,,,,,,,,,,,,,,,,,,,,,,,,,,,,,,,,,,,,,,,,,,,,,,,,,,,,,,,,,,,,,,,0.03582089394,0.0,,,,,0.044090621175,0.0,0.51193352938,0.0,,,0.066856904328,0.0,,,,,,,,,,,,,,,,,,,,,,,,,,,0.195077612994,0.0,,,,,,,,,,,,,,,,,,,,,,,,,,,,,,,,,,,,,,,,,,,,,,,,,,,,,,,,,,,,,,,,,,,,,,,,,,,,,,,,,,,,,,,,,,,,,,,,,0.027580186569444446,0.0,,,,,,,,,,,,,,,,,,,,,,,,
9,region_09,2025-04-05,,,,,,,,,,,,,,,,,,,,,,,,,,,,,,,,,,,,,,,,,,,,,,,,,,,,,,,,,,,,,,,,,,,,,,,,,,,,,,,,,,,,,,,,,,,,,,,,,,,,,,,0.0490294378275,0.0,0.56933386326,0.0,,,0.05372887713233333,0.0,,,,,,,,,,,,,,,,,,,,,,,,,,,0.15694329018366668,0.0,,,,,,,,,,,,,,,,,,,,,,,,,,,,,,,,,,,,,,,,,,,,,,,,,,,,,,,,,,,,,,,,,,,,,,,,,,,,,,,,,,,,,,,,,,,,,,,,,0.026079310802500002,0.0,,,,,,,,,,,,,,,,,,,,,,,,
9,region_09,2025-04-12,,,,,,,,,,,,,,,,,,,,,,,,,,,,,,,,,,,,,,,,,,,,,,,,,,,,,,,,,,,,,,,,,,,,,,,,,,,,,,,,,,,,,,,,,,,,,,,,,,,,,,,0.05396825448,0.0,0.62673419714,0.0,,,0.04060084993666666,0.0,,,,,,,,,,,,,,,,,,,,,,,,,,,0.11880896737333334,0.0,,,,,,,,,,,,,,,,,,,,,,,,,,,,,,,,,,,,,,,,,,,,,,,,,,,,,,,,,,,,,,,,,,,,,,,,,,,,,,,,,,,,,,,,,,,,,,,,,0.024578435035555558,0.0,,,,,,,,,,,,,,,,,,,,,,,,
9,region_09,2025-04-19,,,,,,,,,,,,,,,,,,,,,,,,,,,,,,,,,,,,,,,,,,,,,,,,,,,,,,,,,,,,,,,,,,,,,,,,,,,,,,,,,,,,,,,,,,,,,,,,,,,,,,,0.051983972021,0.0,0.6339245140575,0.0,,,,,,,,,,,,,,,,,,,,,,,,,,,,,,,0.10926084468666666,0.0,,,,,,,,,,,,,,,,,,,,,,,,,,,,,,,,,,,,,,,,,,,,,,,,,,,,,,,,,,,,,,,,,,,,,,,,,,,,,,,,,,,,,,,,,,,,,,,,,0.023077559268611113,0.0,,,,,,,,,,,,,,,,,,,,,,,,
9,region_09,2025-04-26,,,,,,,,,,,,,,,,,,,,,,,,,,,,,,,,,,,,,,,,,,,,,,,,,,,,,,,,,,,,,,,,,,,,,,,,,,,,,,,,,,,,,,,,,,,,,,,,,,,,,,,0.049999689562,0.0,0.641114830975,0.0,,,,,,,,,,,,,,,,,,,,,,,,,,,,,,,0.099712722,0.0,,,,,,,,,,,,,,,,,,,,,,,,,,,,,,,,,,,,,,,,,,,,,,,,,,,,,,,,,,,,,,,,,,,,,,,,,,,,,,,,,,,,,,,,,,,,,,,,,0.02157668350166667,0.0,,,,,,,,,,,,,,,,,,,,,,,,
9,region_09,2025-05-03,,,,,,,,,,,,,,,,,,,,,,,,,,,,,,,,,,,,,,,,,,,,,,,,,,,,,,,,,,,,,,,,,,,,,,,,,,,,,,,,,,,,,,,,,,,,,,,,,,,,,,,0.048015407103,0.0,0.6261258125325,0.0,,,,,,,,,,,,,,,,,,,,,,,,,,,,,,,0.103926301,0.0,,,,,,,,,,,,,,,,,,,,,,,,,,,,,,,,,,,,,,,,,,,,,,,,,,,,,,,,,,,,,,,,,,,,,,,,,,,,,,,,,,,,,,,,,,,,,,,,,0.020075807734722225,0.0,,,,,,,,,,,,,,,,,,,,,,,,
9,region_09,2025-05-10,,,,,,,,,,,,,,,,,,,,,,,,,,,,,,,,,,,,,,,,,,,,,,,,,,,,,,,,,,,,,,,,,,,,,,,,,,,,,,,,,,,,,,,,,,,,,,,,,,,,,,,0.046031124644,0.0,0.61113679409,0.0,,,,,0.07822172344,2.0,,,,,,,,,,,,,,,,,,,,,,,,,0.10813988,0.0,,,,,,,,,,,,,,,,,,,,,,,,,,,,,,,,,,,,,,,,,,,,,,,,,,,,,,,,,,,,,,,,,,,,,,,,,,,,,,,,,,,,,,,,,,,,,,,,,0.018574931967777777,0.0,,,,,,,,,,,,,,,,,,,,,,,,
9,region_09,2025-05-17,,,,,,,,,,,,,,,,,,,,,,,,,,,,,,,,,,,,,,,,,,,,,,,,,,,,,,,,,,,,,,,,,,,,,,,,,,,,,,,,,,,,,,,,,,,,,,,,,,,,,,,0.044046842185,0.0,0.581356923282,0.0,,,,,0.1005432613215,0.0,,,,,,,,,,,,,,,,,,,,,,,,,0.092064055613125,0.0,,,,,,,,,,,,,,,,,,,,,,,,,,,,,,,,,,,,,,,,,,,,,,,,,,,,,,,,,,,,,,,,,,,,,,,,,,,,,,,,,,,,,,,,,,,,,,,,,0.017074056200833333,0.0,,,,,,,,,,,,,,,,,,,,,,,,
9,region_09,2025-05-24,,,,,,,,,,,,,,,,,,,,,,,,,,,,,,,,,,,,,,,,,,,,,,,,,,,,,,,,,,,,,,,,,,,,,,,,,,,,,,,,,,,,,,,,,,,,,,,,,,,,,,,0.042062559725999996,0.0,0.551577052474,0.0,,,,,0.122864799203,0.0,,,,,,,,,,,,,,,,,,,,,,,,,0.07598823122625,0.0,,,,,,,,,,,,,,,,,,,,,,,,,,,,,,,,,,,,,,,,,,,,,,,,,,,,,,,,,,,,,,,,,,,,,,,,,,,,,,,,,,,,,,,,,,,,,,,,,0.01557318043388889,0.0,,,,,,,,,,,,,,,,,,,,,,,,
9,region_09,2025-05-31,,,,,,,,,,,,,,,,,,,,,,,,,,,,,,,,,,,,,,,,,,,,,,,,,,,,,,,,,,,,,,,,,,,,,,,,,,,,,,,,,,,,,,,,,,,,,,,,,,,,,,,0.040078277267,0.0,0.5217971816660001,0.0,,,,,0.14518633708450002,0.0,,,,,,,,,,,,,,,,,,,,,,,,,0.059912406839374995,0.0,,,,,,,,,,,,,,,,,,,,,,,,,,,,,,,,,,,,,,,,,,,,,,,,,,,,,,,,,,,,,,,,,,,,,,,,,,,,,,,,,,,,,,,,,,,,,,,,,0.014072304666944447,0.0,,,,,,,,,,,,,,,,,,,,,,,,
9,region_09,2025-06-07,,,,,,,,,,,,,,,,,,,,,,,,,,,,,,,,,,,,,,,,,,,,,,,,,,,,,,,,,,,,,,,,,,,,,,,,,,,,,,,,,,,,,,,,,,,,,,,,,,,,,,,0.038093994808,0.0,0.49201731085800005,0.0,,,,,0.167507874966,0.0,,,,,,,,,,,,,,,,,,,,,,,,,0.0438365824525,0.0,0.098167313636,1.0,,,,,,,,,,,,,,,,,,,,,,,,,,,,,,,,,,,,,,,,,,,,,,,0.02221173467,2.0,,,,,,,0.04161268007,2.0,,,,,,,,,,,,,,,,,,,,,,,,,,,,,,,,,,,,,,,0.0125714289,0.0,,,,,,,,,,,,,,,,,,,,,,,,
9,region_09,2025-06-14,,,,,,,,,,,,,,,,,,,,,,,,,,,,,,,,,,,,,,,,,,,,,,,,,,,,,,,,,,,,,,,,,,,,,,,,,,,,,,,,,,,,,,,,,,,,,,,,,,,,,,,0.036109712349,0.0,0.45332244485650003,0.0,,,,,0.1789085999135,0.0,,,,,,,,,,,,,,,,,,,,,,,,,0.038573639466875004,0.0,0.1395379316065,0.0,,,,,,,,,,,,,,,,,,,,,,,,,,,,,,,,,,,,,,,,,,,,,,,0.0275587308915,0.0,,,,,,,0.04023856367,0.0,,,,,,,,,,,,,,,,,,,,,,,,,,,,,,,,,,,,,,,,,,,,,,,,,,,,,,,,,,,,,,,,
9,region_09,2025-06-21,,,,,,,,,,,,,,,,,,,,,,,,,,,,,,,,,,,,,,,,,,,,,,,,,,,,,,,,,,,,,,,,,,,,,,,,,,,,,,,,,,,,,,,,,,,,,,,,,,,,,,,0.03412542989,0.0,0.414627578855,0.0,,,,,0.190309324861,0.0,,,,,,,,,,,,,,,,,,,,,,,,,0.03331069648125,0.0,0.18090854957699998,0.0,,,,,,,,,,,,,,,,,,,,,,,,,,,,,,,,,,,,,,,,,,,,,,,0.032905727113,0.0,,,,,,,0.038864447270000005,0.0,,,,,,,,,,,,,,,,,,,,,,,,,,,,,,,,,,,,,,,,,,,,,,,,,,,,,,,,,,,,,,,,
9,region_09,2025-06-28,,,,,,,,,,,,,,,,,,,,,,,,,,,,,,,,,,,,,,,,,,,,,,,,,,,,,,,,,,,,,,,,,,,,,,,,,,,,,,,,,,,,,,,,,,,,,,,,,,,,,,,0.032141147431,0.0,0.3759327128535,0.0,,,,,0.2017100498085,0.0,,,,,,,,,,,,,,,,,,,,,,,,,0.028047753495625,0.0,0.2222791675475,0.0,,,,,,,,,,,,,,,,,,,,,,,,,,,,,,,,,,,,,,,,,,,,,,,0.0382527233345,0.0,,,,,,,0.037490330870000005,0.0,,,,,,,,,,,,,,,,,,,,,,,,,,,,,,,,,,,,,,,,,,,,,,,,,,,,,,,,,,,,,,,,
9,region_09,2025-07-05,,,,,,,,,,,,,,,,,,,,,,,,,,,,,,,,,,,,,,,,,,,,,,,,,,,,,,,,,,,,,,,,,,,,,,,,,,,,,,,,,,,,,,,,,,,,,,,,,,,,,,,0.030156864972,0.0,0.337237846852,0.0,,,,,0.213110774756,0.0,,,,,,,,,,,,,,,,,,,,,,,,,0.02278481051,0.0,0.263649785518,0.0,,,,,,,,,,,,,,,,,,,,,,,,,,,,,,,,,,,,,,,,,,,,,,,0.043599719556,0.0,,,,,,,0.036116214470000005,0.0,,,,,,,,,,,,,,,,,,,,,,,,,,,,,,,,,,,,,0.020008935778,2.0,,,,,,,,,,,,,,,,,,,,,,,,,,
9,region_09,2025-07-12,,,,,,,,,,,,,,,,,,,,,,,,,,,,,,,,,,,,,,,,,,,,,,,,,,,,,,,,,,,,,,,,,,,,,,,,,,,,,,,,,,,,,,,,,,,,,,,,,,,,,,,0.028172582512999998,0.0,0.30007057227212497,0.0,,,,,0.20757558662512499,0.0,,,,,,,,,,,,,,,,,,,,,,,,,0.019510503001666665,0.0,0.314429332687875,0.0,,,,,,,,,,,,,,,,,,,,,,,,,,,,,,,,,,,,,,,,,,,,,,,0.04413370552283333,0.0,,,,,,,0.03478355147000001,0.0,,,,,,,,,,,,,,,,,,,,,,,,,,,,,,,,,,,,,0.019263782754333332,0.0,,,,,,,,,,,,,,,,,,,,,,,,,,
9,region_09,2025-07-19,,,,,,,,,,,,,,,,,,,,,,,,,,,,,,,,,,,,,,,,,,,,,,,,,,,,,,,,,,,,,,,,,,,,,,,,,,,,,,,,,,,,,,,,,,,,,,,,,,,,,,,0.026188300054,0.0,0.26290329769224996,0.0,,,,,0.20204039849424998,0.0,,,,,,,,,,,,,,,,,,,,,,,,,0.016236195493333334,0.0,0.36520887985774997,0.0,,,,,,,,,,,,,,,,,,,,,,,,,,,,,,,,,,,,,,,,,,,,,,,0.044667691489666664,0.0,,,,,,,0.03345088847,0.0,,,,,,,,,,,,,,,,,,,,,,,,,,,,,,,,,,,,,0.018518629730666668,0.0,,,,,,,,,,,,,,,,,,,,,,,,,,
9,region_09,2025-07-26,,,,,,,,,,,,,,,,,,,,,,,,,,,,,,,,,,,,,,,,,,,,,,,,,,,,,,,,,,,,,,,,,,,,,,,,,,,,,,,,,,,,,,,,,,,,,,,,,,,,,,,0.024204017595000002,0.0,0.225736023112375,0.0,,,,,0.196505210363375,0.0,,,,,,,,,,,,,,,,,,,,,,,,,0.012961887985,0.0,0.415988427027625,0.0,,,,,,,,,,,,,,,,,,,,,,,,,,,,,,,,,,,,,,,,,,,,,,,0.0452016774565,0.0,,,,,,,0.03211822547,0.0,,,,,,,,,,,,,,,,,,,,,,,,,,,,,,,,,,,,,0.017773476707,0.0,,,,,,,,,,,,,,,,,,,,,,,,,,
9,region_09,2025-08-02,,,,,,,,,,,,,,,,,,,,,,,,,,,,,,,,,,,,,,,,,,,,,,,,,,,,,,,,,,,,,,,,,,,,,,,,,,,,,,,,,,,,,,,,,,,,,,,,,,,,,,,0.022219735136,0.0,0.1885687485325,0.0,,,,,0.1909700222325,0.0,,,,,,,,,,,,,,,,,,,,,,,,,0.009687580476666667,0.0,0.4667679741975,0.0,,,,,,,,,,,,,,,,,,,,,,,,,,,,,,,,,,,,,,,,,,,,,,,0.04573566342333333,0.0,,,,,,,0.03078556247,0.0,,,,,,,,,,,,,,,,,,,,,,,,,,,,,,,,,,,,,0.017028323683333332,0.0,,,,,,,,,,,,,,,,,,,,,,,,,,
9,region_09,2025-08-09,,,,,,,,,,,,,,,,,,,,,,,,,,,,,,,,,,,,,,,,,,,,,,,,,,,,,,,,,,,,,,,,,,,,,,,,,,,,,,,,,,,,,,,,,,,,,,,,,,,,,,,0.020235452677,0.0,0.161126135846875,0.0,,,,,0.18038343545187502,0.0,,,,,,,,,,,,,,,,,,,,,,,,,,,0.5073078777647917,0.0,,,,,,,,,,,,,,,,,,,,,,,,,,,,,,,,,,,,,,,,,,,,,,,0.042602959321249995,0.0,,,,,,,0.027707504729166665,0.0,,,,,,,,,,,,,,,,,,,,,,,,,,,,,,,,,,,,,0.015991087769166665,0.0,,,,,,,,,,,,,,,,,,,,,,,,,,
9,region_09,2025-08-16,,,,,,,,,,,,,,,,,,,,,,,,,,,,,,,,,,,,,,,,,,,,,,,,,,,,,,,,,,,,,,,,,,,,,,,,,,,,,,,,,,,,,,,,,,,,,,,,,,,,,,,0.018251170218,0.0,0.13368352316124998,0.0,,,,,0.16979684867125,0.0,,,,,,,,,,,,,,,,,,,,,,,,,,,0.5478477813320833,0.0,,,,,,,,,,,,,,,,,,,,,,,,,,,,,,,,,,,,,,,,,,,,,,,0.03947025521916667,0.0,,,,,,,0.02462944698833333,0.0,,,,,,,,,,,,,,,,,,,,,,,,,,,,,,,,,,,,,0.014953851854999999,0.0,,,,,,,,,,,,,,,,,,,,,,,,,,
9,region_09,2025-08-23,,,,,,,,,,,,,,,,,,,,,,,,,,,,,,,,,,,,,,,,,,,,,,,,,,,,,,,,,,,,,,,,,,,,,,,,,,,,,,,,,,,,,,,,,,,,,,,,,,,,,,,0.016266887759000002,0.0,0.106240910475625,0.0,,,,,0.15921026189062498,0.0,,,,,,,,,,,,,,,,,,,,,,,,,,,0.588387684899375,0.0,,,,,,,,,,,,,,,,,,,,,,,,,,,,,,,,,,,,,,,,,,,,,,,0.03633755111708333,0.0,,,,,,,0.0215513892475,0.0,,,,,,,,,,,,,,,,,,,,,,,,,,,,,,,,,,,,,0.013916615940833333,0.0,,,,,,,,,,,,,,,,,,,,,,,,,,
9,region_09,2025-08-30,,,,,,,,,,,,,,,,,,,,,,,,,,,,,,,,,,,,,,,,,,,,,,,,,,,,,,,,,,,,,,,,,,,,,,,,,,,,,,,,,,,,,,,,,,,,,,,,,,,,,,,0.0142826053,0.0,0.07879829779,0.0,,,,,0.14862367511,0.0,,,,,,,,,,,,,,,,,,,,,,,,,,,0.6289275884666666,0.0,,,,,,,,,,,,,,,,,,,,,,,,,,,,,,,,,,,,,,,,,,,,,,,0.033204847015,0.0,,,,,,,0.018473331506666666,0.0,,,,,,,,,,,,,,,,,,,,,,,,,,,,,,,,,,,,,0.012879380026666666,0.0,,,0.01517956331,2.0,,,,,,,,,,,,,,,,,,,,,0.006361356626666666,2.0
9,region_09,2025-09-06,,,,,,,,,,,,,,,,,,,,,,,,,,,,,,,,,,,,,,,,,,,,,,,,,,,,,,,,,,,,,,,,,,,,,,,,,,,,,,,,,,,,,,,,,,,,,,,,,,,,,,,,,0.06828861652333333,0.0,,,,,0.139032224195,0.0,,,,,,,,,,,,,,,,,,,,,,,,,,,0.6450881212974999,0.0,,,,,,,,,,,,,,,,,,,,,,,,,,,,,,,,,,,,,,,,,,,,,,,0.03068114002208333,0.0,,,,,,,0.01674985035875,0.0,,,,,,,,,,,,,,,,,,,,,,,,,,,,,,,,,,,,,,,,,,,,,,,,,,,,,,,,,,,,,,,0.008368681650833333,0.0
9,region_09,2025-09-13,,,,,,,,,,,,,,,,,,,,,,,,,,,,,,,,,,,,,,,,,,,,,,,,,,,,,,,,,,,,,,,,,,,,,,,,,,,,,,,,,,,,,,,,,,,,,,,,,,,,,,,,,0.057778935256666664,0.0,,,,,0.12944077327999998,0.0,,,,,,,,,,,,,,,,,,,,,,,,,,,0.6612486541283333,0.0,,,,,,,,,,,,,,,,,,,,,,,,,,,,,,,,,,,,,,,,,,,,,,,0.028157433029166665,0.0,,,,,,,0.015026369210833333,0.0,,,,,,,,,,,,,,,,,,,,,,,,,,,,,,,,,,,,,,,,,,,,,,,,,,,,,,,,,,,,,,,0.010376006675,0.0
9,region_09,2025-09-20,,,,,,,,,,,,,,,,,,,,,,,,,,,,,,,,,,,,,,,,,,,,,,,,,,,,,,,,,,,,,,,,,,,,,,,,,,,,,,,,,,,,,,,,,,,,,,,,,,,,,,,,,0.04726925399,0.0,,,,,0.11984932236499998,0.0,,,,,,,,,,,,,,,,,,,,,,,,,,,0.6774091869591667,0.0,,,,,,,,,,,,,,,,,,,,,,,,,,,,,,,,,,,,,,,,,,,,,,,0.02563372603625,0.0,,,,,,,0.013302888062916667,0.0,,,,,,,,,,,,,,,,,,,,,,,,,,,,,,,,,,,,,,,,,,,,,,,,,,,,,,,,,,,,,,,0.012383331699166666,0.0
9,region_09,2025-09-27,,,,,,,,,,,,,,,,,,,,,,,,,,,,,,,,,,,,,,,,,,,,,,,,,,,,,,,,,,,,,,,,,,,,,,,,,,,,,,,,,,,,,,,,,,,,,,,,,,,,,,,,,0.036759572723333335,0.0,,,,,0.11025787144999999,0.0,,,,,,,,,,,,,,,,,,,,,,,,,,,0.69356971979,0.0,,,,,,,,,,,,,,,,,,,,,,,,,,,,,,,,,,,,,,,,,,,,,,,0.023110019043333332,0.0,,,,,,,0.011579406915,0.0,0.023294929413333332,2.0,,,,,,,,,,,,,,,,,,,,,,,,,,,,,,,,,,,,,,,,,,,,,,,,,,,,,,,,,0.01473684236,2.0,0.0075012641,2.0,0.014390656723333334,0.0
9,region_09,2025-10-04,,,,,,,,,,,,,,,,,,,,,,,,,,,,,,,,,,,,,,,,,,,,,,,,,,,,,,,,,,,,,,,,,,,,,,,,,,,,,,,,,,,,,,,,,,,,,,,,,,,,,,,,,0.03249842184625,0.0,,,,,0.10151223838375,0.0,,,,,,,,,,,,,,,,,,,,,,,,,,,0.7012058397125001,0.0,,,,,,,,,,,,,,,,,,,,,,,,,,,,,,,,,,,,,,,,,,,,,,,,,,,,,,,,,0.029242276834166664,0.0,,,,,,,,,,,,,,,,,,,,,,,,,,,,,,,,,,,,,,,,,,,,,,,,,,,,,,,,,0.0171290207625,0.0,,,,
9,region_09,2025-10-11,,,,,,,,,,,,,,,,,,,,,,,,,,,,,,,,,,,,,,,,,,,,,,,,,,,,,,,,,,,,,,,,,,,,,,,,,,,,,,,,,,,,,,,,,,,,,,,,,,,,,,,,,0.028237270969166665,0.0,,,,,0.0927666053175,0.0,,,,,,,,,,,,,,,,,,,,,,,,,,,0.7088419596350001,0.0,,,,,,,,,,,,,,,,,,,,,,,,,,,,,,,,,,,,,,,,,,,,,,,,,,,,,,,,,0.035189624254999996,0.0,,,,,,,,,,,,,,,,,,,,,,,,,,,,,,,,,,,,,,,,,,,,,,,,,,,,,,,,,0.019521199165,0.0,,,,
9,region_09,2025-10-18,,,,,,,,,,,,,,,,,,,,,,,,,,,,,,,,,,,,,,,,,,,,,,,,,,,,,,,,,,,,,,,,,,,,,,,,,,,,,,,,,,,,,,,,,,,,,,,,,,,,,,,,,0.023976120092083334,0.0,,,,,0.08402097225124999,0.0,,,,,,,,,,,,,,,,,,,,,,,,,,,0.7164780795575001,0.0,,,,,,,,,,,,,,,,,,,,,,,,,,,,,,,,,,,,,,,,,,,,,,,,,,,,,,,,,0.041136971675833335,0.0,,,,,,,,,,,,,,,,,,,,,,,,,,,,,,,,,,,,,,,,,,,,,,,,,,,,,,,,,0.0219133775675,0.0,,,,
9,region_09,2025-10-25,,,,,,,,,,,,,,,,,,,,,,,,,,,,,,,,,,,,,,,,,,,,,,,,,,,,,,,,,,,,,,,,,,,,,,,,,,,,,,,,,,,,,,,,,,,,,,,,,,,,,,,,,0.019714969215,0.0,,,,,0.075275339185,0.0,,,,,,,,,,,,,,,,,,,,,,,,,,,0.7241141994800001,0.0,,,,,,,,,,,,,,,,,,,,,,,,,,,,,,,,,,,,,,,,,,,,,,,,,,,,,,,,,0.04708431909666667,0.0,,,,,,,,,,,,,,,,,,,,,,,,,,,,,,,,,,,,,,,,,,,,,,,,,,,,,0.03142328933,2.0,0.03125,2.0,0.02430555597,0.0,,,,
9,region_09,2025-11-01,,,,,,,,,,,,,,,,,,,,,,,,,,,,,,,,,,,,,,,,,,,,,,,,,,,,,,,,,,,,,,,,,,,,,,,,,,,,,,,,,,,,,,,,,,,,,,,,,,,,,,,,,,,,,,,,,,,,,,,,,,,,,,,,,,,,,,,,,,,0.7219177633525,0.0,,,,,,,,,,,,,,,,,,,,,,,,,,,,,,,,,,,,,,,,,,,,,,,,,,,,,,,,,,,,,,,,,,,,,,,,,,,,,,,,,,,,,,,,,,,,,,,,,,,,,,,,,,,,,,,,,,,,,,,,
9,region_09,2025-11-08,,,,,,,,,,,,,,,,,,,,,,,,,,,,,,,,,,,,,,,,,,,,,,,,,,,,,,,,,,,,,,,,,,,,,,,,,,,,,,,,,,,,,,,,,,,,,,,,,,,,,,,,,,,,,,,,,,,,,,,,,,,,,,,,,,,,,,,,,,,0.719721327225,0.0,,,,,,,,,,,,,,,,,,,,,,,,,,,,,,,,,,,,,,,,,,,,,,,,,,,,,,,,,,,,,,,,,,,,,,,,,,,,,,,,,,,,,,,,,,,,,,,,,,,,,,,,,,,,,,,,,,,,,,,,
9,region_09,2025-11-15,,,,,,,,,,,,,,,,,,,,,,,,,,,,,,,,,,,,,,,,,,,,,,,,,,,,,,,,,,,,,,,,,,,,,,,,,,,,,,,,,,,,,,,,,,,,,,,,,,,,,,,,,,,,,,,,,,,,,,,,,,,,,,,,,,,,,,,,,,,0.7175248910975001,0.0,,,,,,,,,,,,,,,,,,,,,,,,,,,,,,,,,,,,,,,,,,,,,,,,,,,,,,,,,,,,,,,,,,,,,,,,,,,,,,,,,,,,,,,,,,,,,,,,,,,,,,,,,,,,,,,,,,,,,,,,
9,region_09,2025-11-22,,,,,,,,,,,,,,,,,,,,,,,,,,,,,,,,,,,,,,,,,,,,,,,,,,,,,,,,,,,,,,,,,,,,,,,,,,,,,,,,,,,,,,,,,,,,,,,,,,,,,,,,,,,,,,,,,,,,,,,,,,,,,,,,,,,,,,,,,,,0.71532845497,0.0,,,,,,,,,,,,,,,,,,,,,,,,,,,,,,,,,,,,,,,,,,,,,,,,,,,,,,,,,,,,,,,,,,,,,,,,,,,,,,,,,,,,,,,,,,,,,,,,,,,,,,,,,,,,,,,,,,,,,,,,
