usa_or_hhsregion,region,Date,A.2.5_share,A.2.5_marker,AY.1_share,AY.1_marker,AY.2_share,AY.2_marker,AY.3_share,AY.3_marker,B.1_share,B.1_marker,B.1.1_share,B.1.1_marker,B.1.1.519_share,B.1.1.519_marker,B.1.1.529_share,B.1.1.529_marker,B.1.1.7_share,B.1.1.7_marker,B.1.2_share,B.1.2_marker,B.1.351_share,B.1.351_marker,B.1.427_share,B.1.427_marker,B.1.429_share,B.1.429_marker,B.1.525_share,B.1.525_marker,B.1.526_share,B.1.526_marker,B.1.526.1_share,B.1.526.1_marker,B.1.526.2_share,B.1.526.2_marker,B.1.596_share,B.1.596_marker,B.1.617_share,B.1.617_marker,B.1.617.1_share,B.1.617.1_marker,B.1.617.2_share,B.1.617.2_marker,B.1.617.3_share,B.1.617.3_marker,B.1.621_share,B.1.621_marker,B.1.621.1_share,B.1.621.1_marker,B.1.626_share,B.1.626_marker,B.1.628_share,B.1.628_marker,B.1.637_share,B.1.637_marker,BA.1.1_share,BA.1.1_marker,BA.2_share,BA.2_marker,BA.2.12.1_share,BA.2.12.1_marker,BA.2.75_share,BA.2.75_marker,BA.2.75.2_share,BA.2.75.2_marker,BA.2.86_share,BA.2.86_marker,BA.3.2_share,BA.3.2_marker,BA.4_share,BA.4_marker,BA.4.6_share,BA.4.6_marker,BA.5_share,BA.5_marker,BA.5.2.6_share,BA.5.2.6_marker,BF.11_share,BF.11_marker,BF.7_share,BF.7_marker,BN.1_share,BN.1_marker,BQ.1_share,BQ.1_marker,BQ.1.1_share,BQ.1.1_marker,CH.1.1_share,CH.1.1_marker,EG.5_share,EG.5_marker,EG.5.1.8_share,EG.5.1.8_marker,EG.6.1_share,EG.6.1_marker,EU.1.1_share,EU.1.1_marker,FD.1.1_share,FD.1.1_marker,FD.2_share,FD.2_marker,FE.1.1_share,FE.1.1_marker,FL.1.5.1_share,FL.1.5.1_marker,GE.1_share,GE.1_marker,GK.1.1_share,GK.1.1_marker,GK.2_share,GK.2_marker,HF.1_share,HF.1_marker,HK.3_share,HK.3_marker,HV.1_share,HV.1_marker,JD.1.1_share,JD.1.1_marker,JF.1_share,JF.1_marker,JG.3_share,JG.3_marker,JN.1_share,JN.1_marker,JN.1.11.1_share,JN.1.11.1_marker,JN.1.13_share,JN.1.13_marker,JN.1.13.1_share,JN.1.13.1_marker,JN.1.16_share,JN.1.16_marker,JN.1.16.1_share,JN.1.16.1_marker,JN.1.18_share,JN.1.18_marker,JN.1.18.6_share,JN.1.18.6_marker,JN.1.32_share,JN.1.32_marker,JN.1.4.3_share,JN.1.4.3_marker,JN.1.7_share,JN.1.7_marker,JN.1.8.1_share,JN.1.8.1_marker,KP.1.1_share,KP.1.1_marker,KP.1.1.3_share,KP.1.1.3_marker,KP.1.2_share,KP.1.2_marker,KP.2_share,KP.2_marker,KP.2.15_share,KP.2.15_marker,KP.2.3_share,KP.2.3_marker,KP.3_share,KP.3_marker,KP.3.1.1_share,KP.3.1.1_marker,KP.4.1_share,KP.4.1_marker,KQ.1_share,KQ.1_marker,KS.1_share,KS.1_marker,KV.2_share,KV.2_marker,KW.1.1_share,KW.1.1_marker,LB.1_share,LB.1_marker,LB.1.3.1_share,LB.1.3.1_marker,LF.3.1_share,LF.3.1_marker,LF.7_share,LF.7_marker,LF.7.2.1_share,LF.7.2.1_marker,LF.7.7.1_share,LF.7.7.1_marker,LF.7.7.2_share,LF.7.7.2_marker,LF.7.9_share,LF.7.9_marker,LP.1_share,LP.1_marker,LP.8.1_share,LP.8.1_marker,MC.1_share,MC.1_marker,MC.10.1_share,MC.10.1_marker,MC.19_share,MC.19_marker,MC.28.1_share,MC.28.1_marker,NB.1.8.1_share,NB.1.8.1_marker,NW.1_share,NW.1_marker,P.1_share,P.1_marker,P.2_share,P.2_marker,PA.1_share,PA.1_marker,PQ.17_share,PQ.17_marker,PQ.17.11_share,PQ.17.11_marker,PQ.2.1.6_share,PQ.2.1.6_marker,PQ.2.8.1_share,PQ.2.8.1_marker,RV.1_share,RV.1_marker,XBB_share,XBB_marker,XBB.1.16_share,XBB.1.16_marker,XBB.1.16.1_share,XBB.1.16.1_marker,XBB.1.16.11_share,XBB.1.16.11_marker,XBB.1.16.15_share,XBB.1.16.15_marker,XBB.1.16.17_share,XBB.1.16.17_marker,XBB.1.16.6_share,XBB.1.16.6_marker,XBB.1.42.2_share,XBB.1.42.2_marker,XBB.1.5_share,XBB.1.5_marker,XBB.1.5.1_share,XBB.1.5.1_marker,XBB.1.5.10_share,XBB.1.5.10_marker,XBB.1.5.59_share,XBB.1.5.59_marker,XBB.1.5.68_share,XBB.1.5.68_marker,XBB.1.5.70_share,XBB.1.5.70_marker,XBB.1.5.72_share,XBB.1.5.72_marker,XBB.1.9.1_share,XBB.1.9.1_marker,XBB.1.9.2_share,XBB.1.9.2_marker,XBB.2.3_share,XBB.2.3_marker,XBB.2.3.8_share,XBB.2.3.8_marker,XDP_share,XDP_marker,XDV.1_share,XDV.1_marker,XEC_share,XEC_marker,XEC.4_share,XEC.4_marker,XEK_share,XEK_marker,XEQ_share,XEQ_marker,XFC_share,XFC_marker,XFG_share,XFG_marker,XFG.1_share,XFG.1_marker,XFG.1.1_share,XFG.1.1_marker,XFG.10.4_share,XFG.10.4_marker,XFG.14.1_share,XFG.14.1_marker,XFG.2.5.1_share,XFG.2.5.1_marker,XFG.23.1.3_share,XFG.23.1.3_marker,XFG.6_share,XFG.6_marker,XFV_share,XFV_marker,XFY_share,XFY_marker,XFZ_share,XFZ_marker,n_marker_1,n_marker_2,n_marker_0,n_marker_1_wk
5,region_05,2021-01-30,0.0,,0.0,,0.0,,0.0,,0.03473461288958784,2.0,0.0174100343137979,2.0,0.02134972686568891,2.0,,,0.004548874815968254,1.0,0.6184351518750191,1.0,0.004032022009293183,2.0,0.0182373461623986,2.0,0.022099835022042148,2.0,0.0006357259283374143,2.0,0.001613004881489443,2.0,0.0,,0.0017862181606081169,2.0,0.09281151182949537,2.0,0.0,,0.0,,0.0,,0.0,,0.0,,0.0,,0.0,,0.0,,,,,,,,,,,,,,,,,,,,,,,,,,,,,,,,,,,,,,,,,,,,,,,,,,,,,,,,,,,,,,,,,,,,,,,,,,,,,,,,,,,,,,,,,,,,,,,,,,,,,,,,,,,,,,,,,,,,,,,,,,,,,,,,,,,,,,,,,,,,,,,,,,,,,,,,,,0.0,,0.0158983543515205,2.0,,,,,,,,,,,,,,,,,,,,,,,,,,,,,,,,,,,,,,,,,,,,,,,,,,,,,,,,,,,,,,,,,,,,,,,,,,,,,,,,,,,,,,,2,11,0,0
5,region_05,2021-02-06,0.0,,0.0,,0.0,,0.0,,0.024733960255980438,0.0,0.017185505479574148,0.0,0.03580474832819563,0.0,,,0.015736340533652665,0.0,0.6024632714688778,0.0,0.0020160110046465915,0.0,0.0190475596270213,0.0,0.03114528014945482,0.0,0.00031786296416870714,0.0,0.003715505732023772,0.0,0.0006466684474919917,2.0,0.0011172365096474835,0.0,0.07967036869376894,0.0,0.0,,0.0,,0.0,,0.0,,0.0,,0.0,,0.0,,0.0,,,,,,,,,,,,,,,,,,,,,,,,,,,,,,,,,,,,,,,,,,,,,,,,,,,,,,,,,,,,,,,,,,,,,,,,,,,,,,,,,,,,,,,,,,,,,,,,,,,,,,,,,,,,,,,,,,,,,,,,,,,,,,,,,,,,,,,,,,,,,,,,,,,,,,,,,,0.00023578068673181667,2.0,0.019744777845011777,0.0,,,,,,,,,,,,,,,,,,,,,,,,,,,,,,,,,,,,,,,,,,,,,,,,,,,,,,,,,,,,,,,,,,,,,,,,,,,,,,,,,,,,,,,0,2,13,1
5,region_05,2021-02-13,0.0,,0.0,,0.0,,0.0,,0.01473330762237304,0.0,0.0169609766453504,0.0,0.05025976979070235,0.0,,,0.026923806251337074,0.0,0.5864913910627365,0.0,0.0,0.0,0.019857773091644007,0.0,0.04019072527686749,0.0,0.0,0.0,0.0058180065825581,0.0,0.0012933368949839834,0.0,0.00044825485868685,0.0,0.0665292255580425,0.0,0.0,,0.0,,0.0,,0.0,,0.0,,0.0,,0.0,,0.0,,,,,,,,,,,,,,,,,,,,,,,,,,,,,,,,,,,,,,,,,,,,,,,,,,,,,,,,,,,,,,,,,,,,,,,,,,,,,,,,,,,,,,,,,,,,,,,,,,,,,,,,,,,,,,,,,,,,,,,,,,,,,,,,,,,,,,,,,,,,,,,,,,,,,,,,,,0.00047156137346363334,0.0,0.023591201338503055,0.0,,,,,,,,,,,,,,,,,,,,,,,,,,,,,,,,,,,,,,,,,,,,,,,,,,,,,,,,,,,,,,,,,,,,,,,,,,,,,,,,,,,,,,,0,0,15,2
5,region_05,2021-02-20,0.0,,0.0,,0.0,,0.0,,0.01488234762218775,0.0,0.018116826191544498,0.0,0.06105036702420971,0.0,,,0.050068464518214215,0.0,0.5450410041958094,0.0,0.0013633615140301461,0.0,0.023599439688647743,0.0,0.05152355957155422,0.0,0.0002242418570228846,0.0,0.010447825964850634,0.0,0.0036473957976946745,0.0,0.0022596388153032837,0.0,0.07246728148311372,0.0,0.0,,0.0,,0.0,,0.0,,0.0,,0.000421364893554675,2.0,0.0,,0.0,,,,,,,,,,,,,,,,,,,,,,,,,,,,,,,,,,,,,,,,,,,,,,,,,,,,,,,,,,,,,,,,,,,,,,,,,,,,,,,,,,,,,,,,,,,,,,,,,,,,,,,,,,,,,,,,,,,,,,,,,,,,,,,,,,,,,,,,,,,,,,,,,,,,,,,,,,0.0006395353461228744,0.0,0.01993277725867093,0.0,,,,,,,,,,,,,,,,,,,,,,,,,,,,,,,,,,,,,,,,,,,,,,,,,,,,,,,,,,,,,,,,,,,,,,,,,,,,,,,,,,,,,,,0,1,15,3
5,region_05,2021-02-27,0.0,,0.0,,0.0,,0.0,,0.015031387622002462,0.0,0.0192726757377386,0.0,0.07184096425771708,0.0,,,0.07321312278509136,0.0,0.5035906173288822,0.0,0.0027267230280602923,0.0,0.027341106285651482,0.0,0.06285639386624094,0.0,0.0004484837140457692,0.0,0.015077645347143167,0.0,0.006001454700405366,0.0,0.004071022771919717,0.0,0.07840533740818495,0.0,0.0,,0.0,,0.0,,0.0,,0.0,,0.00084272978710935,0.0,0.0,,0.0,,,,,,,,,,,,,,,,,,,,,,,,,,,,,,,,,,,,,,,,,,,,,,,,,,,,,,,,,,,,,,,,,,,,,,,,,,,,,,,,,,,,,,,,,,,,,,,,,,,,,,,,,,,,,,,,,,,,,,,,,,,,,,,,,,,,,,,,,,,,,,,,,,,,,,,,,,0.0008075093187821154,0.0,0.01627435317883881,0.0,,,,,,,,,,,,,,,,,,,,,,,,,,,,,,,,,,,,,,,,,,,,,,,,,,,,,,,,,,,,,,,,,,,,,,,,,,,,,,,,,,,,,,,0,0,16,4
5,region_05,2021-03-06,0.0,,0.0,,0.0,,0.0,,,,,,,,,,0.1975463658571243,0.0,,,0.00294944718480106,0.0,0.0277674980461597,0.0,0.0824130102992057,0.0,0.002071666356641725,0.0,0.02998007182031865,0.0,,,,,,,,,0.0,,0.0,,0.0,,0.0,,0.0,0.0,0.0,,0.0,,,,,,,,,,,,,,,,,,,,,,,,,,,,,,,,,,,,,,,,,,,,,,,,,,,,,,,,,,,,,,,,,,,,,,,,,,,,,,,,,,,,,,,,,,,,,,,,,,,,,,,,,,,,,,,,,,,,,,,,,,,,,,,,,,,,,,,,,,,,,,,,,,,,,,,,,,0.01064227689057582,0.0,,,,,,,,,,,,,,,,,,,,,,,,,,,,,,,,,,,,,,,,,,,,,,,,,,,,,,,,,,,,,,,,,,,,,,,,,,,,,,,,,,,,,,,,,0,0,8,5
5,region_05,2021-03-13,0.0003452566597843,2.0,0.0,,0.0,,0.0,,,,,,,,,,0.3120619773864746,0.0,,,0.00504490965977304,0.0,0.0304332133382558,0.0,0.0717079043388366,0.0,0.001397947635268725,0.0,0.0336850355379283,0.0,,,,,,,,,0.0,,0.0,,0.0,,0.0,,0.0,0.0,0.0,,0.0,,,,,,,,,,,,,,,,,,,,,,,,,,,,,,,,,,,,,,,,,,,,,,,,,,,,,,,,,,,,,,,,,,,,,,,,,,,,,,,,,,,,,,,,,,,,,,,,,,,,,,,,,,,,,,,,,,,,,,,,,,,,,,,,,,,,,,,,,,,,,,,,,,,,,,,,,,0.013351200707256742,0.0,,,,,,,,,,,,,,,,,,,,,,,,,,,,,,,,,,,,,,,,,,,,,,,,,,,,,,,,,,,,,,,,,,,,,,,,,,,,,,,,,,,,,,,,,0,1,8,6
5,region_05,2021-03-20,0.0,0.0,0.0,,0.0,,0.0,,,,,,,,,,0.4193925321102142,0.0,,,0.008003775216639,0.0,0.0332271754741668,0.0,0.0609416849911212,0.0,0.0,0.0,0.04127036221325395,0.0,,,,,,,,,0.0,,0.0,,0.0,,0.0,,0.0,0.0,0.0,,0.00020177056042783333,2.0,,,,,,,,,,,,,,,,,,,,,,,,,,,,,,,,,,,,,,,,,,,,,,,,,,,,,,,,,,,,,,,,,,,,,,,,,,,,,,,,,,,,,,,,,,,,,,,,,,,,,,,,,,,,,,,,,,,,,,,,,,,,,,,,,,,,,,,,,,,,,,,,,,,,,,,,,0.0176695849746465,0.0,,,,,,,,,,,,,,,,,,,,,,,,,,,,,,,,,,,,,,,,,,,,,,,,,,,,,,,,,,,,,,,,,,,,,,,,,,,,,,,,,,,,,,,,,0,1,9,7
5,region_05,2021-03-27,0.00018081506277665,0.0,0.0,,0.0,,0.0,,,,,,,,,,0.5449658989906311,0.0,,,0.00915588121861214,0.0,0.0216918289661407,0.0,0.0469432100653648,0.0,0.00191779711167325,0.0,0.0456888782791793,0.0,,,,,,,,,0.0007859271136111999,2.0,0.0,,0.0,,0.0,,0.0,0.0,0.0,,0.00018323463640016664,0.0,,,,,,,,,,,,,,,,,,,,,,,,,,,,,,,,,,,,,,,,,,,,,,,,,,,,,,,,,,,,,,,,,,,,,,,,,,,,,,,,,,,,,,,,,,,,,,,,,,,,,,,,,,,,,,,,,,,,,,,,,,,,,,,,,,,,,,,,,,,,,,,,,,,,,,,,,0.02897160798311228,0.0,,,,,,,,,,,,,,,,,,,,,,,,,,,,,,,,,,,,,,,,,,,,,,,,,,,,,,,,,,,,,,,,,,,,,,,,,,,,,,,,,,,,,,,,,0,1,10,8
5,region_05,2021-04-03,0.0003055308625334,0.0,0.0,,0.0,,0.0,,,,,,,,,,0.6448988199234009,0.0,,,0.0105274643748998,0.0,0.0174468681216239,0.0,0.0406007915735244,0.0,0.0009589733284276667,0.0,0.057418798096477944,0.0,,,,,,,,,0.0008318945377443666,0.0,0.0012282817624508801,1.0,0.00014519515874166668,2.0,4.271676225466e-05,2.0,0.0,0.0,0.0,,0.00014478426116203334,0.0,,,,,,,,,,,,,,,,,,,,,,,,,,,,,,,,,,,,,,,,,,,,,,,,,,,,,,,,,,,,,,,,,,,,,,,,,,,,,,,,,,,,,,,,,,,,,,,,,,,,,,,,,,,,,,,,,,,,,,,,,,,,,,,,,,,,,,,,,,,,,,,,,,,,,,,,,0.04872029051184652,0.0,,,,,,,,,,,,,,,,,,,,,,,,,,,,,,,,,,,,,,,,,,,,,,,,,,,,,,,,,,,,,,,,,,,,,,,,,,,,,,,,,,,,,,,,,1,2,11,0
5,region_05,2021-04-10,0.00017961745470524999,0.0,0.0,,0.0,,0.0,,,,,,,,,,0.7030456781387329,0.0,,,0.00936382282525298,0.0,0.0149140106514096,0.0,0.0319639965891838,0.0,0.00227686262223865,0.0,0.05859503149986264,0.0,,,,,,,,,0.0017566669266670335,0.0,0.00051014375640076,0.0,0.0,0.0,0.00094610372325398,0.0,0.0002669345800919666,0.0,0.0,,0.0001915091318854,0.0,,,,,,,,,,,,,,,,,,,,,,,,,,,,,,,,,,,,,,,,,,,,,,,,,,,,,,,,,,,,,,,,,,,,,,,,,,,,,,,,,,,,,,,,,,,,,,,,,,,,,,,,,,,,,,,,,,,,,,,,,,,,,,,,,,,,,,,,,,,,,,,,,,,,,,,,,0.04992649033665652,0.0,,,,,,,,,,,,,,,,,,,,,,,,,,,,,,,,,,,,,,,,,,,,,,,,,,,,,,,,,,,,,,,,,,,,,,,,,,,,,,,,,,,,,,,,,0,0,14,1
5,region_05,2021-04-17,0.0005710315017495,0.0,0.0,,0.0,,0.0,,,,,,,,,,0.7283226490020752,0.0,,,0.00761608555912968,0.0,0.0086082266643643,0.0,0.0193404071033,0.0,0.00130590851767915,0.0,0.058675895445048774,0.0,,,,,,,,,0.0021429962944239,0.0,0.0014856809517368199,0.0,0.0,0.0,0.00090950528392564,0.0,0.0,0.0,0.0,,0.0017546086649720333,0.0,,,,,,,,,,,,,,,,,,,,,,,,,,,,,,,,,,,,,,,,,,,,,,,,,,,,,,,,,,,,,,,,,,,,,,,,,,,,,,,,,,,,,,,,,,,,,,,,,,,,,,,,,,,,,,,,,,,,,,,,,,,,,,,,,,,,,,,,,,,,,,,,,,,,,,,,,0.06006408557295796,0.0,,,,,,,,,,,,,,,,,,,,,,,,,,,,,,,,,,,,,,,,,,,,,,,,,,,,,,,,,,,,,,,,,,,,,,,,,,,,,,,,,,,,,,,,,0,0,14,2
5,region_05,2021-04-24,3.68173641618e-05,0.0,0.0,,0.0,,0.00046261334500735,2.0,,,,,,,,,0.732300877571106,0.0,,,0.00686926757916802,0.0,0.0066237859427928,0.0,0.0141861215233802,0.0,0.002050794835668,0.0,0.061428090557456,0.0,,,,,,,,,0.0013480890775098668,0.0,0.00576672013849016,0.0,0.0,0.0,0.00104540064930908,0.0,0.0,0.0,0.0,,0.0007355145838421999,0.0,,,,,,,,,,,,,,,,,,,,,,,,,,,,,,,,,,,,,,,,,,,,,,,,,,,,,,,,,,,,,,,,,,,,,,,,,,,,,,,,,,,,,,,,,,,,,,,,,,,,,,,,,,,,,,,,,,,,,,,,,,,,,,,,,,,,,,,,,,,,,,,,,,,,,,,,,0.08975803107023231,0.0,,,,,,,,,,,,,,,,,,,,,,,,,,,,,,,,,,,,,,,,,,,,,,,,,,,,,,,,,,,,,,,,,,,,,,,,,,,,,,,,,,,,,,,,,0,1,14,3
5,region_05,2021-05-01,0.0,0.0,0.0,,0.0,,0.00074350781505925,0.0,,,,,,,,,0.744658625125885,0.0,,,0.0076134831644594,0.0,0.0058764014393091,0.0,0.013026513159275,0.0,0.000786119882832225,0.0,0.06450263597071168,0.0,,,,,,,,,0.0005323161215831333,0.0,0.01102073267102236,0.0,0.0,0.0,0.0010958621045574,0.0,0.0,0.0,0.0,,0.0051309736445546,0.0,,,,,,,,,,,,,,,,,,,,,,,,,,,,,,,,,,,,,,,,,,,,,,,,,,,,,,,,,,,,,,,,,,,,,,,,,,,,,,,,,,,,,,,,,,,,,,,,,,,,,,,,,,,,,,,,,,,,,,,,,,,,,,,,,,,,,,,,,,,,,,,,,,,,,,,,,0.07967410683631893,0.0,,,,,,,,,,,,,,,,,,,,,,,,,,,,,,,,,,,,,,,,,,,,,,,,,,,,,,,,,,,,,,,,,,,,,,,,,,,,,,,,,,,,,,,,,0,0,15,4
5,region_05,2021-05-08,0.0,0.0,0.0,,0.0,,0.0,0.0,,,,,,,0.0,,0.7519084470612662,0.0,,,0.00579861411824818,0.0,0.0075084473937749,0.0,0.0064538870938122,0.0,0.000743984870496175,0.0,0.058055975474417175,0.0,,,,,,,,,0.0014756373129784332,0.0,0.009464614443919188,0.0,0.0,0.0,0.0022107518743722998,0.0,0.0008510393381584,0.0,0.0,,0.0032227288465946336,0.0,,,0.0,,0.0,,0.0,,0.0,,0.0,,,,,,0.0,,0.0,,0.0,,0.0,,0.0,,0.0,,0.0,,0.0,,0.0,,0.0,,,,,,,,,,,,0.0,,,,,,,,,,,,,,,,,,,,,,,,,,,,,,,,,,,,,,,,,,,,,,,,,,,,,,,,,,,,,,,,,,,,,,,,,,,,,,,,,,,,,,,,,,,,,,,,,,,,,,,,,,0.09784293174743645,0.0,,,,,,,,,,,,,,,0.0,,0.0,,,,,,,,,,,,,,0.0,,0.0,,,,,,,,,,,,0.0,,0.0,,0.0,,,,,,,,,,,,,,,,,,,,,,,,,,,,,,,,,,,,,,,,0,0,15,5
5,region_05,2021-05-15,0.0003677760541904,0.0,0.0,,0.00035239090721001876,2.0,0.0,0.0,,,,,,,0.0,,0.741038465499878,0.0,,,0.00589014644113675,0.0,0.0033212709240615,0.0,0.0051663480699062,0.0,0.0,0.0,0.06058844116826848,0.0,,,,,,,,,0.00220516314730044,0.0,0.01612462471662592,0.0,0.0,0.0,0.0018961705209221125,0.0,0.000745513811125375,0.0,0.0,,0.00805161206517365,0.0,0.029990419745445203,2.0,0.0,,0.0,,0.0,,0.0,,0.0,,,,,,0.0,,0.0,,0.0,,0.0,,0.0,,0.0,,0.0,,0.0,,0.0,,0.0,,,,,,,,,,,,0.0,,,,,,,,,,,,,,,,,,,,,,,,,,,,,,,,,,,,,,,,,,,,,,,,,,,,,,,,,,,,,,,,,,,,,,,,,,,,,,,,,,,,,,,,,,,,,,,,,,,,,,,,,,0.10562921781092878,0.0,,,,,,,,,,,,,,,0.0,,0.0,,,,,,,,,,,,,,0.0,,0.0,,,,,,,,,,,,0.0,,0.0,,0.0,,,,,,,,,,,,,,,,,,,,,,,,,,,,,,,,,,,,,,,,0,2,15,6
5,region_05,2021-05-22,0.00096345040947195,0.0,0.0,,0.0,0.0,0.0,0.0,,,,,,,0.0,,0.7326227823893229,0.0,,,0.00836195237934585,0.0,0.0002539799024816,0.0,0.0028705182485282,0.0,0.000978617928922125,0.0,0.04478211235254998,0.0,,,,,,,,,0.0,0.0,0.02894959245519387,0.0,0.0,0.0,0.001668650773353825,0.0,0.000489304409711575,0.0,0.0,,0.004192731459625025,0.0,0.0294653922319412,0.0,0.0,,0.0,,0.0,,0.0,,0.0,,,,,,0.0,,0.0,,0.0,,0.0,,0.0,,0.0,,0.0,,0.0,,0.0,,0.0,,,,,,,,,,,,0.0,,,,,,,,,,,,,,,,,,,,,,,,,,,,,,,,,,,,,,,,,,,,,,,,,,,,,,,,,,,,,,,,,,,,,,,,,,,,,,,,,,,,,,,,,,,,,,,,,,,,,,,,,,0.12048003915697333,0.0,,,,,,,,,,,,,,,0.0,,0.0,,,,,,,,,,,,,,0.0,,0.0,,,,,,,,,,,,0.0,,0.0,,0.0,,,,,,,,,,,,,,,,,,,,,,,,,,,,,,,,,,,,,,,,0,0,17,7
5,region_05,2021-05-29,0.0012892769300378,0.0,0.0,,0.0,0.0,0.00237993279006325,0.0,,,,,,,0.0,,0.740196043252945,0.0,,,0.003533610708213257,0.0,0.0012892819941043,0.0,0.0004840600886382,0.0,0.0,0.0,0.057315823311606985,0.0,,,,,,,,,0.0,0.0,0.052602568771256915,0.0,0.0,0.0,0.0029605270829051377,0.0,0.0040320358239114,0.0,0.0,,0.0023599116131663,0.0,0.0389523655176162,0.0,0.0,,0.0,,0.0,,0.0,,0.0,,,,,,0.0,,0.0,,0.0,,0.0,,0.0,,0.0,,0.0,,0.0,,0.0,,0.0,,,,,,,,,,,,0.0,,,,,,,,,,,,,,,,,,,,,,,,,,,,,,,,,,,,,,,,,,,,,,,,,,,,,,,,,,,,,,,,,,,,,,,,,,,,,,,,,,,,,,,,,,,,,,,,,,,,,,,,,,0.09229691792279478,0.0,,,,,,,,,,,,,,,0.0,,0.0,,,,,,,,,,,,,,0.0,,0.0,,,,,,,,,,,,0.0,,0.0,,0.0,,,,,,,,,,,,,,,,,,,,,,,,,,,,,,,,,,,,,,,,0,0,17,8
5,region_05,2021-06-05,0.0,0.0,0.0,,0.0,0.0,0.0045276246964931,0.0,,,,,,,0.0,,0.6510264211230807,0.0,,,0.0137969212872641,0.0,0.0015093276742845,0.0,0.0,0.0,0.0,0.0,0.04309036657214158,0.0,,,,,,,,,0.0,0.0,0.09673059757121581,0.0,0.0,0.0,0.010653932578861667,0.0,0.0077358843991532245,0.0,0.0,,0.00441681696102018,0.0,0.028576494194567148,0.0,0.0,,0.0,,0.0,,0.0,,0.0,,,,,,0.0,,0.0,,0.0,,0.0,,0.0,,0.0,,0.0,,0.0,,0.0,,0.0,,,,,,,,,,,,0.0,,,,,,,,,,,,,,,,,,,,,,,,,,,,,,,,,,,,,,,,,,,,,,,,,,,,,,,,,,,,,,,,,,,,,,,,,,,,,,,,,,,,,,,,,,,,,,,,,,,,,,,,,,0.1305918842554092,0.0,,,,,,,,,,,,,,,0.0,,0.0,,,,,,,,,,,,,,0.0,,0.0,,,,,,,,,,,,0.0,,0.0,,0.0,,,,,,,,,,,,,,,,,,,,,,,,,,,,,,,,,,,,,,,,0,0,17,9
5,region_05,2021-06-12,0.0014732087147421502,0.0,0.0,,0.0,0.0,0.023162057623267153,0.0,,,,,,,0.0,,0.600432163476944,0.0,,,0.005067572795918971,0.0,0.002946579363197,0.0,0.0,0.0,0.0030089393840170998,0.0,0.04083855077624315,0.0,,,,,,,,,0.0,0.0,0.18956237106487664,0.0,0.0,0.0,0.007452126767020626,0.0,0.003242065722588375,0.0,0.0,,0.0153200482949614,0.0,0.03114284668117755,0.0,0.0,,0.0,,0.0,,0.0,,0.0,,,,,,0.0,,0.0,,0.0,,0.0,,0.0,,0.0,,0.0,,0.0,,0.0,,0.0,,,,,,,,,,,,0.0,,,,,,,,,,,,,,,,,,,,,,,,,,,,,,,,,,,,,,,,,,,,,,,,,,,,,,,,,,,,,,,,,,,,,,,,,,,,,,,,,,,,,,,,,,,,,,,,,,,,,,,,,,0.11307529546320436,0.0,,,,,,,,,,,,,,,0.0,,0.0,,,,,,,,,,,,,,0.0,,0.0,,,,,,,,,,,,0.0,,0.0,,0.0,,,,,,,,,,,,,,,,,,,,,,,,,,,,,,,,,,,,,,,,0,0,17,10
5,region_05,2021-06-19,0.0,0.0,0.0,,0.010622225825985234,0.0,0.035181049257516805,0.0,,,,,,,0.0,,0.5259313225746155,0.0,,,0.004069281875022771,0.0,0.0,0.0,0.0,0.0,0.00887766736559565,0.0,0.030200216453522426,0.0,,,,,,,,,0.0,0.0,0.3088341697879221,0.0,0.0,0.0,0.0160253848880529,0.0,0.0129070449620485,0.0,0.0,,0.00963435880839822,0.0,0.005460565444081951,0.0,0.0,,0.0,,0.0,,0.0,,0.0,,,,,,0.0,,0.0,,0.0,,0.0,,0.0,,0.0,,0.0,,0.0,,0.0,,0.0,,,,,,,,,,,,0.0,,,,,,,,,,,,,,,,,,,,,,,,,,,,,,,,,,,,,,,,,,,,,,,,,,,,,,,,,,,,,,,,,,,,,,,,,,,,,,,,,,,,,,,,,,,,,,,,,,,,,,,,,,0.0719600329175591,0.0,,,,,,,,,,,,,,,0.0,,0.0,,,,,,,,,,,,,,0.0,,0.0,,,,,,,,,,,,0.0,,0.0,,0.0,,,,,,,,,,,,,,,,,,,,,,,,,,,,,,,,,,,,,,,,0,0,17,11
5,region_05,2021-06-26,0.00632270006462925,0.0,0.0,,0.025296584586612825,0.0,0.0719334222376346,0.0,,,,,,,0.0,,0.3717736899852752,0.0,,,0.0,0.0,0.0,0.0,0.0,0.0,0.0,0.0,0.012747350071246383,0.0,,,,,,,,,0.0,0.0,0.49659616059877654,0.0,0.0,0.0,0.0332749523222446,0.0,0.012477735057473125,0.0,0.0,,0.0018596457317471,0.0,0.012465797364711699,0.0,0.0,,0.0,,0.0,,0.0,,0.0,,,,,,0.0,,0.0,,0.0,,0.0,,0.0,,0.0,,0.0,,0.0,,0.0,,0.0,,,,,,,,,,,,0.0,,,,,,,,,,,,,,,,,,,,,,,,,,,,,,,,,,,,,,,,,,,,,,,,,,,,,,,,,,,,,,,,,,,,,,,,,,,,,,,,,,,,,,,,,,,,,,,,,,,,,,,,,,0.05748065328225488,0.0,,,,,,,,,,,,,,,0.0,,0.0,,,,,,,,,,,,,,0.0,,0.0,,,,,,,,,,,,0.0,,0.0,,0.0,,,,,,,,,,,,,,,,,,,,,,,,,,,,,,,,,,,,,,,,0,0,17,12
5,region_05,2021-07-03,0.0015613100258633,0.0,0.0,,0.015668871055822767,0.0,0.11139520257711405,0.0,,,,,,,0.0,,0.20816177278757092,0.0,,,0.000549450982362,0.0,0.0,0.0,0.0,0.0,0.0,0.0,0.0025906695130591332,0.0,,,,,,,,,0.0,0.0,0.660355847667564,0.0,0.0,0.0,0.0291195623576641,0.0,0.016305100638419324,0.0,0.0,,0.0288875643163919,0.0,0.0038245719624683,0.0,0.0,,0.0,,0.0,,0.0,,0.0,,,,,,0.0,,0.0,,0.0,,0.0,,0.0,,0.0,,0.0,,0.0,,0.0,,0.0,,,,,,,,,,,,0.0,,,,,,,,,,,,,,,,,,,,,,,,,,,,,,,,,,,,,,,,,,,,,,,,,,,,,,,,,,,,,,,,,,,,,,,,,,,,,,,,,,,,,,,,,,,,,,,,,,,,,,,,,,0.046952595934271764,0.0,,,,,,,,,,,,,,,0.0,,0.0,,,,,,,,,,,,,,0.0,,0.0,,,,,,,,,,,,0.0,,0.0,,0.0,,,,,,,,,,,,,,,,,,,,,,,,,,,,,,,,,,,,,,,,0,0,17,13
5,region_05,2021-07-10,0.0014402784290723,0.0,0.0011120245508208938,2.0,0.01003853612928647,0.0,0.1368530318140983,0.0,,,,,,,0.0,,0.0777633965015411,0.0,,,0.0,0.0,0.0,0.0,0.0,0.0,0.0,0.0,0.008134906878694835,0.0,,,,,,,,,0.0,0.0,0.8529844781931709,0.0,0.0,0.0,0.009952305350452613,0.0,0.00367039750562975,0.0,0.0,,0.00933586861938234,0.0,0.00748650310561055,0.0,0.0,,0.0,,0.0,,0.0,,0.0,,,,,,0.0,,0.0,,0.0,,0.0,,0.0,,0.0,,0.0,,0.0,,0.0,,0.0,,,,,,,,,,,,0.0,,,,,,,,,,,,,,,,,,,,,,,,,,,,,,,,,,,,,,,,,,,,,,,,,,,,,,,,,,,,,,,,,,,,,,,,,,,,,,,,,,,,,,,,,,,,,,,,,,,,,,,,,,0.023580539350708297,0.0,,,,,,,,,,,,,,,0.0,,0.0,,,,,,,,,,,,,,0.0,,0.0,,,,,,,,,,,,0.0,,0.0,,0.0,,,,,,,,,,,,,,,,,,,,,,,,,,,,,,,,,,,,,,,,0,1,17,14
5,region_05,2021-07-17,0.0,0.0,0.0,0.0,0.003009422645845869,0.0,0.14065720140933985,0.0,,,,,,,0.0,,0.04337740577757352,0.0,,,0.0,0.0,0.0,0.0,0.0,0.0,0.0,0.0,0.0018344089233626668,0.0,,,,,,,,,0.0,0.0,0.8880162677545657,0.0,0.0,0.0,0.0164065745969613,0.0,0.008554975036531624,0.0,0.0,,0.00090380900073792,0.0,0.0028171919984742496,0.0,0.0,,0.0,,0.0,,0.0,,0.0,,,,,,0.0,,0.0,,0.0,,0.0,,0.0,,0.0,,0.0,,0.0,,0.0,,0.0,,,,,,,,,,,,0.0,,,,,,,,,,,,,,,,,,,,,,,,,,,,,,,,,,,,,,,,,,,,,,,,,,,,,,,,,,,,,,,,,,,,,,,,,,,,,,,,,,,,,,,,,,,,,,,,,,,,,,,,,,0.0267732137193282,0.0,,,,,,,,,,,,,,,0.0,,0.0,,,,,,,,,,,,,,0.0,,0.0,,,,,,,,,,,,0.0,,0.0,,0.0,,,,,,,,,,,,,,,,,,,,,,,,,,,,,,,,,,,,,,,,0,0,18,15
5,region_05,2021-07-24,0.0027232837164774,0.0,0.00040332014323208,0.0,0.01085948819915448,0.0,0.15189243108034128,0.0,,,,,,,0.0,,0.01418484281748528,0.0,,,0.0,0.0,0.0,0.0,0.0,0.0,0.0,0.0,0.0,0.0,,,,,,,,,0.0,0.0,0.9445545350804049,0.0,0.0,0.0,0.019312597112730086,0.0,0.0055544394999742005,0.0,0.0,,0.00207833421882236,0.0,0.0,0.0,0.0,,0.0,,0.0,,0.0,,0.0,,,,,,0.0,,0.0,,0.0,,0.0,,0.0,,0.0,,0.0,,0.0,,0.0,,0.0,,,,,,,,,,,,0.0,,,,,,,,,,,,,,,,,,,,,,,,,,,,,,,,,,,,,,,,,,,,,,,,,,,,,,,,,,,,,,,,,,,,,,,,,,,,,,,,,,,,,,,,,,,,,,,,,,,,,,,,,,0.004552113212412175,0.0,,,,,,,,,,,,,,,0.0,,0.0,,,,,,,,,,,,,,0.0,,0.0,,,,,,,,,,,,0.0,,0.0,,0.0,,,,,,,,,,,,,,,,,,,,,,,,,,,,,,,,,,,,,,,,0,0,18,16
5,region_05,2021-07-31,0.0,0.0,0.0002992315567098182,0.0,0.002113390310356967,0.0,0.1485361754894256,0.0,,,,,,,0.0,,0.007076823443639988,0.0,,,0.0,0.0,,,,,0.0,0.0,0.0002605920017231,0.0,,,,,,,,,0.0,0.0,0.9714390807841198,0.0,0.0,0.0,0.00616220915690058,0.0,0.0007357523233319,0.0,0.0,,0.0,0.0,0.0,0.0,0.0,,0.0,,0.0,,0.0,,0.0,,,,,,0.0,,0.0,,0.0,,0.0,,0.0,,0.0,,0.0,,0.0,,0.0,,0.0,,,,,,,,,,,,0.0,,,,,,,,,,,,,,,,,,,,,,,,,,,,,,,,,,,,,,,,,,,,,,,,,,,,,,,,,,,,,,,,,,,,,,,,,,,,,,,,,,,,,,,,,,,,,,,,,,,,,,,,,,0.010051277200026128,0.0,,,,,,,,,,,,,,,0.0,,0.0,,,,,,,,,,,,,,0.0,,0.0,,,,,,,,,,,,0.0,,0.0,,0.0,,,,,,,,,,,,,,,,,,,,,,,,,,,,,,,,,,,,,,,,0,0,16,17
5,region_05,2021-08-07,,,0.0005264276925507214,0.0,0.0027015709617573785,0.0,,,,,,,,,0.0,,0.00377251215104475,0.0,,,0.0,0.0,,,,,0.0,0.0,0.0010331925732316,0.0,,,,,,,,,0.0,0.0,0.9794861573770822,0.0,0.0,0.0,0.0013290906111554002,0.0,0.00016245663573495,0.0,,,0.0010709552055534666,0.0,0.0,0.0,0.0,,0.0,,0.0,,0.0,,0.0,,,,,,0.0,,0.0,,0.0,,0.0,,0.0,,0.0,,0.0,,0.0,,0.0,,0.0,,,,,,,,,,,,0.0,,,,,,,,,,,,,,,,,,,,,,,,,,,,,,,,,,,,,,,,,,,,,,,,,,,,,,,,,,,,,,,,,,,,,,,,,,,,,,,,,,,,,,,,,,,,,,,,,,,,,,,,,,0.0020864010439254,0.0,,,,,,,,,,,,,,,0.0,,0.0,,,,,,,,,,,,,,0.0,,0.0,,,,,,,,,,,,0.0,,0.0,,0.0,,,,,,,,,,,,,,,,,,,,,,,,,,,,,,,,,,,,,,,,0,0,14,18
5,region_05,2021-08-14,,,0.0,0.0,0.0023004536767704613,0.0,,,,,,,,,0.0,,0.0008985432297257001,0.0,,,0.0,0.0,,,,,0.0,0.0,0.0,0.0,,,,,,,,,0.0,0.0,0.9909355338797512,0.0,0.0,0.0,0.0013980427524074401,0.0,0.0004379989404696,0.0,,,9.87999992503e-05,0.0,0.0,0.0,0.0,,0.0,,0.0,,0.0,,0.0,,,,,,0.0,,0.0,,0.0,,0.0,,0.0,,0.0,,0.0,,0.0,,0.0,,0.0,,,,,,,,,,,,0.0,,,,,,,,,,,,,,,,,,,,,,,,,,,,,,,,,,,,,,,,,,,,,,,,,,,,,,,,,,,,,,,,,,,,,,,,,,,,,,,,,,,,,,,,,,,,,,,,,,,,,,,,,,0.0011261275736614601,0.0,,,,,,,,,,,,,,,0.0,,0.0,,,,,,,,,,,,,,0.0,,0.0,,,,,,,,,,,,0.0,,0.0,,0.0,,,,,,,,,,,,,,,,,,,,,,,,,,,,,,,,,,,,,,,,0,0,14,19
5,region_05,2021-08-21,,,0.00043187419214513336,0.0,0.00031153808554836666,0.0,,,,,,,,,0.0,,0.0,0.0,,,0.0,0.0,,,,,0.0,0.0,0.0,0.0,,,,,,,,,0.0,0.0,0.9905138518436846,0.0,0.0,0.0,0.00117382358293976,0.0,0.0015091876266524,0.0,,,0.00010377299986425,0.0,0.0,0.0,0.0,,0.0,,0.0,,0.0,,0.0,,,,,,0.0,,0.0,,0.0,,0.0,,0.0,,0.0,,0.0,,0.0,,0.0,,0.0,,,,,,,,,,,,0.0,,,,,,,,,,,,,,,,,,,,,,,,,,,,,,,,,,,,,,,,,,,,,,,,,,,,,,,,,,,,,,,,,,,,,,,,,,,,,,,,,,,,,,,,,,,,,,,,,,,,,,,,,,0.0017694202484562602,0.0,,,,,,,,,,,,,,,0.0,,0.0,,,,,,,,,,,,,,0.0,,0.0,,,,,,,,,,,,0.0,,0.0,,0.0,,,,,,,,,,,,,,,,,,,,,,,,,,,,,,,,,,,,,,,,0,0,14,20
5,region_05,2021-08-28,,,0.00031915650955241666,0.0,0.00041809181614851665,0.0,,,,,,,,,0.0,,0.0003799853099432,0.0,,,0.0,0.0,,,,,0.0,0.0,0.0,0.0,,,,,,,,,0.0,0.0,0.9833069814414512,0.0,0.0,0.0,0.000553586587557175,0.0,,,,,0.0,0.0,0.0,0.0,0.0,,0.0,,0.0,,0.0,,0.0,,,,,,0.0,,0.0,,0.0,,0.0,,0.0,,0.0,,0.0,,0.0,,0.0,,0.0,,,,,,,,,,,,0.0,,,,,,,,,,,,,,,,,,,,,,,,,,,,,,,,,,,,,,,,,,,,,,,,,,,,,,,,,,,,,,,,,,,,,,,,,,,,,,,,,,,,,,,,,,,,,,,,,,,,,,,,,,0.0008998945995699001,0.0,,,,,,,,,,,,,,,0.0,,0.0,,,,,,,,,,,,,,0.0,,0.0,,,,,,,,,,,,0.0,,0.0,,0.0,,,,,,,,,,,,,,,,,,,,,,,,,,,,,,,,,,,,,,,,0,0,13,21
5,region_05,2021-09-04,,,0.00026812682335725454,0.0,0.0011421233225105273,0.0,,,,,,,,,0.0,,0.00071079310728232,0.0,,,0.0,0.0,,,,,,,0.0,0.0,,,,,,,,,0.0,0.0,0.9922921076053526,0.0,,,0.0017866616835817333,0.0,,,,,0.0,0.0,0.0,0.0,0.0,,0.0,,0.0,,0.0,,0.0,,,,,,0.0,,0.0,,0.0,,0.0,,0.0,,0.0,,0.0,,0.0,,0.0,,0.0,,,,,,,,,,,,0.0,,,,,,,,,,,,,,,,,,,,,,,,,,,,,,,,,,,,,,,,,,,,,,,,,,,,,,,,,,,,,,,,,,,,,,,,,,,,,,,,,,,,,,,,,,,,,,,,,,,,,,,,,,0.0,0.0,,,,,,,,,,,,,,,0.0,,0.0,,,,,,,,,,,,,,0.0,,0.0,,,,,,,,,,,,0.0,,0.0,,0.0,,,,,,,,,,,,,,,,,,,,,,,,,,,,,,,,,,,,,,,,0,0,11,22
5,region_05,2021-09-11,,,0.001240792716006618,0.0,0.0005592467734293364,0.0,,,,,,,,,0.0,,0.0,0.0,,,0.0,0.0,,,,,,,0.0,0.0,,,,,,,,,0.0,0.0,0.9908310996323098,0.0,,,0.00013237700234936664,0.0,,,,,0.0,0.0,0.0,0.0,0.0,,0.0,,0.0,,0.0,,0.0,,,,,,0.0,,0.0,,0.0,,0.0,,0.0,,0.0,,0.0,,0.0,,0.0,,0.0,,,,,,,,,,,,0.0,,,,,,,,,,,,,,,,,,,,,,,,,,,,,,,,,,,,,,,,,,,,,,,,,,,,,,,,,,,,,,,,,,,,,,,,,,,,,,,,,,,,,,,,,,,,,,,,,,,,,,,,,,0.00010540566533259999,0.0,,,,,,,,,,,,,,,0.0,,0.0,,,,,,,,,,,,,,0.0,,0.0,,,,,,,,,,,,0.0,,0.0,,0.0,,,,,,,,,,,,,,,,,,,,,,,,,,,,,,,,,,,,,,,,0,0,11,23
5,region_05,2021-09-18,,,0.00023421825972031,0.0,3.7963555466033334e-05,0.0,,,,,,,,,0.0,,0.000710734137101025,0.0,,,0.0,0.0,,,,,,,0.0019205709686502,0.0,,,,,,,,,0.0,0.0,0.9901210658061199,0.0,,,0.0,0.0,,,,,0.0,0.0,0.0,0.0,0.0,,0.0,,0.0,,0.0,,0.0,,,,,,0.0,,0.0,,0.0,,0.0,,0.0,,0.0,,0.0,,0.0,,0.0,,0.0,,,,,,,,,,,,0.0,,,,,,,,,,,,,,,,,,,,,,,,,,,,,,,,,,,,,,,,,,,,,,,,,,,,,,,,,,,,,,,,,,,,,,,,,,,,,,,,,,,,,,,,,,,,,,,,,,,,,,,,,,0.0001051584986271,0.0,,,,,,,,,,,,,,,0.0,,0.0,,,,,,,,,,,,,,0.0,,0.0,,,,,,,,,,,,0.0,,0.0,,0.0,,,,,,,,,,,,,,,,,,,,,,,,,,,,,,,,,,,,,,,,0,0,11,24
5,region_05,2021-09-25,,,0.0002377655200689,0.0,0.0,0.0,,,,,,,,,0.0,,0.0,0.0,,,,,,,,,,,,,,,,,,,,,,,0.9904264081747104,0.0,,,0.0,0.0,,,,,,,,,0.0,,0.0,,0.0,,0.0,,0.0,,,,,,0.0,,0.0,,0.0,,0.0,,0.0,,0.0,,0.0,,0.0,,0.0,,0.0,,,,,,,,,,,,0.0,,,,,,,,,,,,,,,,,,,,,,,,,,,,,,,,,,,,,,,,,,,,,,,,,,,,,,,,,,,,,,,,,,,,,,,,,,,,,,,,,,,,,,,,,,,,,,,,,,,,,,,,,,0.0,0.0,,,,,,,,,,,,,,,0.0,,0.0,,,,,,,,,,,,,,0.0,,0.0,,,,,,,,,,,,0.0,,0.0,,0.0,,,,,,,,,,,,,,,,,,,,,,,,,,,,,,,,,,,,,,,,0,0,6,25
5,region_05,2021-10-02,,,0.000210140530725725,0.0,0.000249718053964875,0.0,,,,,,,,,0.0,,0.0,0.0,,,,,,,,,,,,,,,,,,,,,,,0.989256181294405,0.0,,,,,,,,,,,,,0.0,,0.0,,0.0,,0.0,,0.0,,,,,,0.0,,0.0,,0.0,,0.0,,0.0,,0.0,,0.0,,0.0,,0.0,,0.0,,,,,,,,,,,,0.0,,,,,,,,,,,,,,,,,,,,,,,,,,,,,,,,,,,,,,,,,,,,,,,,,,,,,,,,,,,,,,,,,,,,,,,,,,,,,,,,,,,,,,,,,,,,,,,,,,,,,,,,,,,,,,,,,,,,,,,,,,0.0,,0.0,,,,,,,,,,,,,,0.0,,0.0,,,,,,,,,,,,0.0,,0.0,,0.0,,,,,,,,,,,,,,,,,,,,,,,,,,,,,,,,,,,,,,,,0,0,4,26
5,region_05,2021-10-09,,,0.0007032060266282749,0.0,0.0,0.0,,,,,,,,,0.0,,0.0,0.0,,,,,,,,,,,,,,,,,,,,,,,0.9891224100992277,0.0,,,,,,,,,,,,,0.0,,0.0,,0.0,,0.0,,0.0,,,,,,0.0,,0.0,,0.0,,0.0,,0.0,,0.0,,0.0,,0.0,,0.0,,0.0,,,,,,,,,,,,0.0,,,,,,,,,,,,,,,,,,,,,,,,,,,,,,,,,,,,,,,,,,,,,,,,,,,,,,,,,,,,,,,,,,,,,,,,,,,,,,,,,,,,,,,,,,,,,,,,,,,,,,,,,,,,,,,,,,,,,,,,,,0.0,,0.0,,,,,,,,,,,,,,0.0,,0.0,,,,,,,,,,,,0.0,,0.0,,0.0,,,,,,,,,,,,,,,,,,,,,,,,,,,,,,,,,,,,,,,,0,0,4,27
5,region_05,2021-10-16,,,0.0008069007879904285,0.0,0.0,0.0,,,,,,,,,0.0,,0.0,0.0,,,,,,,,,,,,,,,,,,,,,,,0.9898236982333355,0.0,,,,,,,,,,,,,0.0,,0.0,,0.0,,0.0,,0.0,,,,,,0.0,,0.0,,0.0,,0.0,,0.0,,0.0,,0.0,,0.0,,0.0,,0.0,,,,,,,,,,,,0.0,,,,,,,,,,,,,,,,,,,,,,,,,,,,,,,,,,,,,,,,,,,,,,,,,,,,,,,,,,,,,,,,,,,,,,,,,,,,,,,,,,,,,,,,,,,,,,,,,,,,,,,,,,,,,,,,,,,,,,,,,,0.0,,0.0,,,,,,,,,,,,,,0.0,,0.0,,,,,,,,,,,,0.0,,0.0,,0.0,,,,,,,,,,,,,,,,,,,,,,,,,,,,,,,,,,,,,,,,0,0,4,28
5,region_05,2021-10-23,,,0.00067521460126345,0.0,0.0,0.0,,,,,,,,,0.0,,,,,,,,,,,,,,,,,,,,,,,,,,0.9873092527452269,0.0,,,,,,,,,,,,,0.0,,0.0,,0.0,,0.0,,0.0,,,,,,0.0,,0.0,,0.0,,0.0,,0.0,,0.0,,0.0,,0.0,,0.0,,0.0,,,,,,,,,,,,0.0,,,,,,,,,,,,,,,,,,,,,,,,,,,,,,,,,,,,,,,,,,,,,,,,,,,,,,,,,,,,,,,,,,,,,,,,,,,,,,,,,,,,,,,,,,,,,,,,,,,,,,,,,,,,,,,,,,,,,,,,,,0.0,,0.0,,,,,,,,,,,,,,0.0,,0.0,,,,,,,,,,,,0.0,,0.0,,0.0,,,,,,,,,,,,,,,,,,,,,,,,,,,,,,,,,,,,,,,,0,0,3,29
5,region_05,2021-10-30,,,0.0010367320850491202,0.0,0.0,0.0,,,,,,,,,6.787417599415672e-05,1.0,,,,,,,,,,,,,,,,,,,,,,,,,0.9901178960930811,0.0,,,,,,,,,,,,,0.0,,0.0,,0.0,,0.0,,0.0,,,,,,0.0,,0.0,,0.0,,0.0,,0.0,,0.0,,0.0,,0.0,,0.0,,0.0,,,,,,,,,,,,0.0,,,,,,,,,,,,,,,,,,,,,,,,,,,,,,,,,,,,,,,,,,,,,,,,,,,,,,,,,,,,,,,,,,,,,,,,,,,,,,,,,,,,,,,,,,,,,,,,,,,,,,,,,,,,,,,,,,,,,,,,,,0.0,,0.0,,,,,,,,,,,,,,0.0,,0.0,,,,,,,,,,,,0.0,,0.0,,0.0,,,,,,,,,,,,,,,,,,,,,,,,,,,,,,,,,,,,,,,,1,0,3,0
5,region_05,2021-11-06,,,0.00027568807126949997,0.0,0.0,0.0,,,,,,,,,0.0,0.0,,,,,,,,,,,,,,,,,,,,,,,,,0.9832008685151191,0.0,,,,,,,,,,,,,0.0,,0.0,,0.0,,0.0,,0.0,,,,,,0.0,,0.0,,0.0,,0.0,,0.0,,0.0,,0.0,,0.0,,0.0,,0.0,,,,,,,,,,,,0.0,,,,,,,,,,,,,,,,,,,,,,,,,,,,,,,,,,,,,,,,,,,,,,,,,,,,,,,,,,,,,,,,,,,,,,,,,,,,,,,,,,,,,,,,,,,,,,,,,,,,,,,,,,,,,,,,,,,,,,,,,,0.0,,0.0,,,,,,,,,,,,,,0.0,,0.0,,,,,,,,,,,,0.0,,0.0,,0.0,,,,,,,,,,,,,,,,,,,,,,,,,,,,,,,,,,,,,,,,0,0,4,1
5,region_05,2021-11-13,,,0.0017244243063032332,0.0,0.0,0.0,,,,,,,,,0.0,0.0,,,,,,,,,,,,,,,,,,,,,,,,,0.9818804054646879,0.0,,,,,,,,,,,,,0.0,,0.0,,0.0,,0.0,,0.0,,,,,,0.0,,0.0,,0.0,,0.0,,0.0,,0.0,,0.0,,0.0,,0.0,,0.0,,,,,,,,,,,,0.0,,,,,,,,,,,,,,,,,,,,,,,,,,,,,,,,,,,,,,,,,,,,,,,,,,,,,,,,,,,,,,,,,,,,,,,,,,,,,,,,,,,,,,,,,,,,,,,,,,,,,,,,,,,,,,,,,,,,,,,,,,0.0,,0.0,,,,,,,,,,,,,,0.0,,0.0,,,,,,,,,,,,0.0,,0.0,,0.0,,,,,,,,,,,,,,,,,,,,,,,,,,,,,,,,,,,,,,,,0,0,4,2
5,region_05,2021-11-20,,,0.00116135925054545,0.0,0.0,0.0,,,,,,,,,0.0,0.0,,,,,,,,,,,,,,,,,,,,,,,,,0.9797591852815184,0.0,,,,,,,,,,,,,0.0,,0.0,,0.0,,0.0,,0.0,,,,,,0.0,,0.0,,0.0,,0.0,,0.0,,0.0,,0.0,,0.0,,0.0,,0.0,,,,,,,,,,,,0.0,,,,,,,,,,,,,,,,,,,,,,,,,,,,,,,,,,,,,,,,,,,,,,,,,,,,,,,,,,,,,,,,,,,,,,,,,,,,,,,,,,,,,,,,,,,,,,,,,,,,,,,,,,,,,,,,,,,,,,,,,,0.0,,0.0,,,,,,,,,,,,,,0.0,,0.0,,,,,,,,,,,,0.0,,0.0,,0.0,,,,,,,,,,,,,,,,,,,,,,,,,,,,,,,,,,,,,,,,0,0,4,3
5,region_05,2021-11-27,,,0.0022404773626476,0.0,0.0,0.0,,,,,,,,,0.0002512317058600282,0.0,,,,,,,,,,,,,,,,,,,,,,,,,0.989140511375584,0.0,,,,,,,,,,,,,0.0,,0.0,,0.0,,0.0,,0.0,,,,,,0.0,,0.0,,0.0,,0.0,,0.0,,0.0,,0.0,,0.0,,0.0,,0.0,,,,,,,,,,,,0.0,,,,,,,,,,,,,,,,,,,,,,,,,,,,,,,,,,,,,,,,,,,,,,,,,,,,,,,,,,,,,,,,,,,,,,,,,,,,,,,,,,,,,,,,,,,,,,,,,,,,,,,,,,,,,,,,,,,,,,,,,,0.0,,0.0,,,,,,,,,,,,,,0.0,,0.0,,,,,,,,,,,,0.0,,0.0,,0.0,,,,,,,,,,,,,,,,,,,,,,,,,,,,,,,,,,,,,,,,0,0,4,4
5,region_05,2021-12-04,,,,,,,,,,,,,,,0.0034411076081191836,0.0,,,,,,,,,,,,,,,,,,,,,,,,,0.9931435738291059,0.0,,,,,,,,,,,,,0.0011832642553866735,1.0,0.0,,0.0,,0.0,,0.0,,,,,,0.0,,0.0,,0.0,,0.0,,0.0,,0.0,,0.0,,0.0,,0.0,,0.0,,,,,,,,,,,,0.0,,,,,,,,,,,,,,,,,,,,,,,,,,,,,,,,,,,,,,,,,,,,,,,,,,,,,,,,,,,,,,,,,,,,,,,,,,,,,,,,,,,,,,,,,,,,,,,,,,,,,,,,,,,,,,,,,,,,,,,,,,0.0,,0.0,,,,,,,,,,,,,,0.0,,0.0,,,,,,,,,,,,0.0,,0.0,,0.0,,,,,,,,,,,,,,,,,,,,,,,,,,,,,,,,,,,,,,,,1,0,2,0
5,region_05,2021-12-11,,,,,,,,,,,,,,,0.03909204617763554,0.0,,,,,,,,,,,,,,,,,,,,,,,,,0.9412198217821793,0.0,,,,,,,,,,,,,0.027401369612883066,0.0,0.0,,0.0,,0.0,,0.0,,,,,,0.0,,0.0,,0.0,,0.0,,0.0,,0.0,,0.0,,0.0,,0.0,,0.0,,,,,,,,,,,,0.0,,,,,,,,,,,,,,,,,,,,,,,,,,,,,,,,,,,,,,,,,,,,,,,,,,,,,,,,,,,,,,,,,,,,,,,,,,,,,,,,,,,,,,,,,,,,,,,,,,,,,,,,,,,,,,,,,,,,,,,,,,0.0,,0.0,,,,,,,,,,,,,,0.0,,0.0,,,,,,,,,,,,0.0,,0.0,,0.0,,,,,,,,,,,,,,,,,,,,,,,,,,,,,,,,,,,,,,,,0,0,3,1
5,region_05,2021-12-18,,,,,,,,,,,,,,,0.21480425830398284,0.0,,,,,,,,,,,,,,,,,,,,,,,,,0.7173048947538648,0.0,,,,,,,,,,,,,0.12564261893139161,0.0,0.0,,0.0,,0.0,,0.0,,,,,,0.0,,0.0,,0.0,,0.0,,0.0,,0.0,,0.0,,0.0,,0.0,,0.0,,,,,,,,,,,,0.0,,,,,,,,,,,,,,,,,,,,,,,,,,,,,,,,,,,,,,,,,,,,,,,,,,,,,,,,,,,,,,,,,,,,,,,,,,,,,,,,,,,,,,,,,,,,,,,,,,,,,,,,,,,,,,,,,,,,,,,,,,0.0,,0.0,,,,,,,,,,,,,,0.0,,0.0,,,,,,,,,,,,0.0,,0.0,,0.0,,,,,,,,,,,,,,,,,,,,,,,,,,,,,,,,,,,,,,,,0,0,3,2
5,region_05,2021-12-25,,,,,,,,,,,,,,,0.4812501159267149,0.0,,,,,,,,,,,,,,,,,,,,,,,,,0.38239387239235034,0.0,,,,,,,,,,,,,0.2527474817984244,0.0,0.0002615870019469526,1.0,0.0,,0.0,,0.0,,,,,,0.0,,0.0,,0.0,,0.0,,0.0,,0.0,,0.0,,0.0,,0.0,,0.0,,,,,,,,,,,,0.0,,,,,,,,,,,,,,,,,,,,,,,,,,,,,,,,,,,,,,,,,,,,,,,,,,,,,,,,,,,,,,,,,,,,,,,,,,,,,,,,,,,,,,,,,,,,,,,,,,,,,,,,,,,,,,,,,,,,,,,,,,0.0,,0.0,,,,,,,,,,,,,,0.0,,0.0,,,,,,,,,,,,0.0,,0.0,,0.0,,,,,,,,,,,,,,,,,,,,,,,,,,,,,,,,,,,,,,,,1,0,3,0
5,region_05,2022-01-01,,,,,,,,,,,,,,,0.6557182170012418,0.0,,,,,,,,,,,,,,,,,,,,,,,,,0.1454377855886431,0.0,,,,,,,,,,,,,0.37030498683452606,0.0,0.0004740235813454647,0.0,0.00014357711409932608,1.0,0.0,,0.0,,,,,,0.0,,0.0,,0.0,,0.0,,0.0,,0.0,,0.0,,0.0,,0.0,,0.0,,,,,,,,,,,,0.0,,,,,,,,,,,,,,,,,,,,,,,,,,,,,,,,,,,,,,,,,,,,,,,,,,,,,,,,,,,,,,,,,,,,,,,,,,,,,,,,,,,,,,,,,,,,,,,,,,,,,,,,,,,,,,,,,,,,,,,,,,0.0,,0.0,,,,,,,,,,,,,,0.0,,0.0,,,,,,,,,,,,0.0,,0.0,,0.0,,,,,,,,,,,,,,,,,,,,,,,,,,,,,,,,,,,,,,,,1,0,4,0
5,region_05,2022-01-08,,,,,,,,,,,,,,,0.6980837125386765,0.0,,,,,,,,,,,,,,,,,,,,,,,,,0.08580418755159229,0.0,,,,,,,,,,,,,0.41344161945230823,0.0,0.0006971342211019647,0.0,0.0,0.0,0.0,,0.0,,,,,,0.0,,0.0,,0.0,,0.0,,0.0,,0.0,,0.0,,0.0,,0.0001475249700888125,1.0,0.0,,,,,,,,,,,,0.0,,,,,,,,,,,,,,,,,,,,,,,,,,,,,,,,,,,,,,,,,,,,,,,,,,,,,,,,,,,,,,,,,,,,,,,,,,,,,,,,,,,,,,,,,,,,,,,,,,,,,,,,,,,,,,,,,,,,,,,,,,0.0,,0.0,,,,,,,,,,,,,,0.0,,0.0,,,,,,,,,,,,0.0,,0.0,,0.0,,,,,,,,,,,,,,,,,,,,,,,,,,,,,,,,,,,,,,,,1,0,5,0
5,region_05,2022-01-15,,,,,,,,,,,,,,,0.688402551768431,0.0,,,,,,,,,,,,,,,,,,,,,,,,,0.032217477166065614,0.0,,,,,,,,,,,,,0.5441121616784264,0.0,0.0019488350559240728,0.0,0.0,0.0,0.0,,0.0,,,,,,0.0,,0.0,,0.0,,0.0,,0.0,,0.0,,0.0,,0.0,,0.0,0.0,0.0,,,,,,,,,,,,0.0,,,,,,,,,,,,,,,,,,,,,,,,,,,,,,,,,,,,,,,,,,,,,,,,,,,,,,,,,,,,,,,,,,,,,,,,,,,,,,,,,,,,,,,,,,,,,,,,,,,,,,,,,,,,,,,,,,,,,,,,,,0.0,,0.0,,,,,,,,,,,,,,0.0,,0.0,,,,,,,,,,,,0.0,,0.0,,0.0,,,,,,,,,,,,,,,,,,,,,,,,,,,,,,,,,,,,,,,,0,0,6,1
5,region_05,2022-01-22,,,,,,,,,,,,,,,0.6811660930062785,0.0,,,,,,,,,,,,,,,,,,,,,,,,,0.014339374865476862,0.0,,,,,,,,,,,,,0.585435234448489,0.0,0.00282329993823425,0.0,0.0,0.0,0.0,,0.0,,,,,,0.0,,0.0,,0.0,,0.0,,0.0,,0.0,,0.0,,0.0,,0.0,0.0,0.0,,,,,,,,,,,,0.0,,,,,,,,,,,,,,,,,,,,,,,,,,,,,,,,,,,,,,,,,,,,,,,,,,,,,,,,,,,,,,,,,,,,,,,,,,,,,,,,,,,,,,,,,,,,,,,,,,,,,,,,,,,,,,,,,,,,,,,,,,0.0,,0.0,,,,,,,,,,,,,,0.0,,0.0,,,,,,,,,,,,0.0,,0.0,,0.0,,,,,,,,,,,,,,,,,,,,,,,,,,,,,,,,,,,,,,,,0,0,6,2
5,region_05,2022-01-29,,,,,,,,,,,,,,,0.6287106177769601,0.0,,,,,,,,,,,,,,,,,,,,,,,,,0.0077777632023589074,0.0,,,,,,,,,,,,,0.6724871537264656,0.0,0.0067243979312479,0.0,0.0,0.0,0.0,,0.0,,,,,,0.0,,0.0,,0.0,,0.0,,0.0,,0.0,,0.0,,0.0,,0.0,0.0,0.0,,,,,,,,,,,,0.0,,,,,,,,,,,,,,,,,,,,,,,,,,,,,,,,,,,,,,,,,,,,,,,,,,,,,,,,,,,,,,,,,,,,,,,,,,,,,,,,,,,,,,,,,,,,,,,,,,,,,,,,,,,,,,,,,,,,,,,,,,0.0,,0.0,,,,,,,,,,,,,,0.0,,0.0,,,,,,,,,,,,0.0,,0.0,,0.0,,,,,,,,,,,,,,,,,,,,,,,,,,,,,,,,,,,,,,,,0,0,6,3
5,region_05,2022-02-05,,,,,,,,,,,,,,,0.6152144144289196,0.0,,,,,,,,,,,,,,,,,,,,,,,,,0.0033880525588755954,0.0,,,,,,,,,,,,,0.7030380648725173,0.0,0.007843598345061717,0.0,0.0,0.0,0.0,,0.0,,,,,,0.0,,0.0,,0.0,,0.0,,0.0,,0.0,,0.0,,0.0,,0.0,0.0,0.0,,,,,,,,,,,,0.0,,,,,,,,,,,,,,,,,,,,,,,,,,,,,,,,,,,,,,,,,,,,,,,,,,,,,,,,,,,,,,,,,,,,,,,,,,,,,,,,,,,,,,,,,,,,,,,,,,,,,,,,,,,,,,,,,,,,,,,,,,0.0,,0.0,,,,,,,,,,,,,,0.0,,0.0,,,,,,,,,,,,0.0,,0.0,,0.0,,,,,,,,,,,,,,,,,,,,,,,,,,,,,,,,,,,,,,,,0,0,6,4
5,region_05,2022-02-12,,,,,,,,,,,,,,,0.5829620940817727,0.0,,,,,,,,,,,,,,,,,,,,,,,,,0.0024577840097388475,0.0,,,,,,,,,,,,,0.7307738468927496,0.0,0.02001410302898236,0.0,0.0,0.0,0.0,,0.0,,,,,,0.0,,0.0,,0.0,,0.0,,0.0,,0.0,,0.0,,0.0,,0.0,0.0,0.0,,,,,,,,,,,,0.0,,,,,,,,,,,,,,,,,,,,,,,,,,,,,,,,,,,,,,,,,,,,,,,,,,,,,,,,,,,,,,,,,,,,,,,,,,,,,,,,,,,,,,,,,,,,,,,,,,,,,,,,,,,,,,,,,,,,,,,,,,0.0,,0.0,,,,,,,,,,,,,,0.0,,0.0,,,,,,,,,,,,0.0,,0.0,,0.0,,,,,,,,,,,,,,,,,,,,,,,,,,,,,,,,,,,,,,,,0,0,6,5
5,region_05,2022-02-19,,,,,,,,,,,,,,,0.5628309694509352,0.0,,,,,,,,,,,,,,,,,,,,,,,,,0.0009457175209583459,0.0,,,,,,,,,,,,,0.7298833727836609,0.0,0.035432235788433734,0.0,0.0,0.0,0.0,,0.0,,,,,,0.0,,0.0,,0.0,,0.0,,0.0,,0.0,,0.0,,0.0,,0.0,0.0,0.0,,,,,,,,,,,,0.0,,,,,,,,,,,,,,,,,,,,,,,,,,,,,,,,,,,,,,,,,,,,,,,,,,,,,,,,,,,,,,,,,,,,,,,,,,,,,,,,,,,,,,,,,,,,,,,,,,,,,,,,,,,,,,,,,,,,,,,,,,0.0,,0.0,,,,,,,,,,,,,,0.0,,0.0,,,,,,,,,,,,0.0,,0.0,,0.0,,,,,,,,,,,,,,,,,,,,,,,,,,,,,,,,,,,,,,,,0,0,6,6
5,region_05,2022-02-26,,,,,,,,,,,,,,,0.5224032587692385,0.0,,,,,,,,,,,,,,,,,,,,,,,,,0.002121515171296962,0.0,,,,,,,,,,,,,0.73239105238634,0.0,0.06381376429659417,0.0,0.0005631791978624965,0.0,0.0,,0.0,,,,,,0.0,,0.0,,0.0,,0.0,,0.0,,0.0,,0.0,,0.0,,0.0,0.0,0.0,,,,,,,,,,,,0.0,,,,,,,,,,,,,,,,,,,,,,,,,,,,,,,,,,,,,,,,,,,,,,,,,,,,,,,,,,,,,,,,,,,,,,,,,,,,,,,,,,,,,,,,,,,,,,,,,,,,,,,,,,,,,,,,,,,,,,,,,,0.0,,0.0,,,,,,,,,,,,,,0.0,,0.0,,,,,,,,,,,,0.0,,0.0,,0.0,,,,,,,,,,,,,,,,,,,,,,,,,,,,,,,,,,,,,,,,0,0,6,7
5,region_05,2022-03-05,,,,,,,,,,,,,,,0.46057763569435833,0.0,,,,,,,,,,,,,,,,,,,,,,,,,0.0018173703022605846,0.0,,,,,,,,,,,,,0.705576625737277,0.0,0.14010588402549423,0.0,0.0,0.0,0.0,,0.0,,,,,,0.0,,0.0,,0.0,,0.0,,0.0,,0.0,,0.0,,0.0,,0.0,0.0,0.0,,,,,,,,,,,,0.0,,,,,,,,,,,,,,,,,,,,,,,,,,,,,,,,,,,,,,,,,,,,,,,,,,,,,,,,,,,,,,,,,,,,,,,,,,,,,,,,,,,,,,,,,,,,,,,,,,,,,,,,,,,,,,,,,,,,,,,,,,0.0,,0.0,,,,,,,,,,,,,,0.0,,0.0,,,,,,,,,,,,0.0,,0.0,,0.0,,,,,,,,,,,,,,,,,,,,,,,,,,,,,,,,,,,,,,,,0,0,6,8
5,region_05,2022-03-12,,,,,,,,,,,,,,,0.3983697311888481,0.0,,,,,,,,,,,,,,,,,,,,,,,,,0.0021026500291585204,0.0,,,,,,,,,,,,,0.6393516046159408,0.0,0.2325966833001476,0.0,0.0,0.0,0.0,,0.0,,,,,,0.0,,0.0,,0.0,,0.0,,0.0,,0.0,,0.0,,0.0,,0.0,0.0,0.0,,,,,,,,,,,,0.0,,,,,,,,,,,,,,,,,,,,,,,,,,,,,,,,,,,,,,,,,,,,,,,,,,,,,,,,,,,,,,,,,,,,,,,,,,,,,,,,,,,,,,,,,,,,,,,,,,,,,,,,,,,,,,,,,,,,,,,,,,0.0,,0.0,,,,,,,,,,,,,,0.0,,0.0,,,,,,,,,,,,0.0,,0.0,,0.0,,,,,,,,,,,,,,,,,,,,,,,,,,,,,,,,,,,,,,,,0,0,6,9
5,region_05,2022-03-19,,,,,,,,,,,,,,,0.30416285914593727,0.0,,,,,,,,,,,,,,,,,,,,,,,,,0.0013671812103611173,0.0,,,,,,,,,,,,,0.5199205980581396,0.0,0.38050005302346984,0.0,0.007128289549098284,0.0,0.0,,0.0,,,,,,0.0,,0.0,,0.0,,0.0,,0.0,,0.0,,0.0,,0.0,,0.0,0.0,0.0,,,,,,,,,,,,0.0,,,,,,,,,,,,,,,,,,,,,,,,,,,,,,,,,,,,,,,,,,,,,,,,,,,,,,,,,,,,,,,,,,,,,,,,,,,,,,,,,,,,,,,,,,,,,,,,,,,,,,,,,,,,,,,,,,,,,,,,,,0.0,,0.0,,,,,,,,,,,,,,0.0,,0.0,,,,,,,,,,,,0.0,,0.0,,0.0,,,,,,,,,,,,,,,,,,,,,,,,,,,,,,,,,,,,,,,,0,0,6,10
5,region_05,2022-03-26,,,,,,,,,,,,,,,0.19537381873580445,0.0,,,,,,,,,,,,,,,,,,,,,,,,,0.003507611421427,0.0,,,,,,,,,,,,,0.36945969498518744,0.0,0.5649902543851307,0.0,0.015313170641204485,0.0,0.0,,0.0,,,,,,0.0,,0.0,,0.0,,0.0,,0.0,,0.0,,0.0,,0.0,,0.0,0.0,0.0,,,,,,,,,,,,0.0,,,,,,,,,,,,,,,,,,,,,,,,,,,,,,,,,,,,,,,,,,,,,,,,,,,,,,,,,,,,,,,,,,,,,,,,,,,,,,,,,,,,,,,,,,,,,,,,,,,,,,,,,,,,,,,,,,,,,,,,,,0.0,,0.0,,,,,,,,,,,,,,0.0,,0.0,,,,,,,,,,,,0.0,,0.0,,0.0,,,,,,,,,,,,,,,,,,,,,,,,,,,,,,,,,,,,,,,,0,0,6,11
5,region_05,2022-04-02,,,,,,,,,,,,,,,0.12790543579363392,0.0,,,,,,,,,,,,,,,,,,,,,,,,,0.00028799218017845185,0.0,,,,,,,,,,,,,0.2552471073234783,0.0,0.6611826517365196,0.0,0.05090340290085541,0.0,0.0,,0.0,,,,,,0.0,,0.0,,0.0005403053317199551,1.0,0.0,,0.0,,0.0,,0.0,,0.0,,0.0,0.0,0.0,,,,,,,,,,,,0.0,,,,,,,,,,,,,,,,,,,,,,,,,,,,,,,,,,,,,,,,,,,,,,,,,,,,,,,,,,,,,,,,,,,,,,,,,,,,,,,,,,,,,,,,,,,,,,,,,,,,,,,,,,,,,,,,,,,,,,,,,,0.0,,0.0,,,,,,,,,,,,,,0.0,,0.0,,,,,,,,,,,,0.0,,0.0,,0.0,,,,,,,,,,,,,,,,,,,,,,,,,,,,,,,,,,,,,,,,1,0,6,0
5,region_05,2022-04-09,,,,,,,,,,,,,,,0.06500602878478104,0.0,,,,,,,,,,,,,,,,,,,,,,,,,0.0,0.0,,,,,,,,,,,,,0.11611696851975986,0.0,0.7798778646522098,0.0,0.08704105723987923,0.0,0.0,,0.0,,,,,,0.0005703203662830306,2.0,0.0,,0.0,0.0,0.0,,0.0,,0.0,,0.0,,0.0,,0.0,0.0,0.0,,,,,,,,,,,,0.0,,,,,,,,,,,,,,,,,,,,,,,,,,,,,,,,,,,,,,,,,,,,,,,,,,,,,,,,,,,,,,,,,,,,,,,,,,,,,,,,,,,,,,,,,,,,,,,,,,,,,,,,,,,,,,,,,,,,,,,,,,0.0,,0.0,,,,,,,,,,,,,,0.0,,0.0,,,,,,,,,,,,0.0,,0.0,,0.0,,,,,,,,,,,,,,,,,,,,,,,,,,,,,,,,,,,,,,,,0,1,7,1
5,region_05,2022-04-16,,,,,,,,,,,,,,,0.036980777129749995,0.0,,,,,,,,,,,,,,,,,,,,,,,,,0.0009178566354050407,0.0,,,,,,,,,,,,,0.0498057893093894,0.0,0.7769575287710946,0.0,0.1613284854425324,0.0,0.0,,0.0,,,,,,0.0005208414169122918,0.0,0.0,,0.0006409924173232898,0.0,0.0,,0.0,,0.0,,0.0,,0.0,,0.0,0.0,0.0,,,,,,,,,,,,0.0,,,,,,,,,,,,,,,,,,,,,,,,,,,,,,,,,,,,,,,,,,,,,,,,,,,,,,,,,,,,,,,,,,,,,,,,,,,,,,,,,,,,,,,,,,,,,,,,,,,,,,,,,,,,,,,,,,,,,,,,,,0.0,,0.0,,,,,,,,,,,,,,0.0,,0.0,,,,,,,,,,,,0.0,,0.0,,0.0,,,,,,,,,,,,,,,,,,,,,,,,,,,,,,,,,,,,,,,,0,0,8,2
5,region_05,2022-04-23,,,,,,,,,,,,,,,0.03298090045389372,0.0,,,,,,,,,,,,,,,,,,,,,,,,,0.0008245107590413661,0.0,,,,,,,,,,,,,0.029156442841186195,0.0,0.7494938700806861,0.0,0.21380793131314788,0.0,0.0,,0.0,,,,,,0.0013045026345786265,0.0,0.0,,0.0,0.0,0.0,,0.0,,0.0,,0.0,,0.0,,0.0,0.0,0.0,,,,,,,,,,,,0.0,,,,,,,,,,,,,,,,,,,,,,,,,,,,,,,,,,,,,,,,,,,,,,,,,,,,,,,,,,,,,,,,,,,,,,,,,,,,,,,,,,,,,,,,,,,,,,,,,,,,,,,,,,,,,,,,,,,,,,,,,,0.0,,0.0,,,,,,,,,,,,,,0.0,,0.0,,,,,,,,,,,,0.0,,0.0,,0.0,,,,,,,,,,,,,,,,,,,,,,,,,,,,,,,,,,,,,,,,0,0,8,3
5,region_05,2022-04-30,,,,,,,,,,,,,,,0.019367818203237273,0.0,,,,,,,,,,,,,,,,,,,,,,,,,0.0,0.0,,,,,,,,,,,,,0.01591679826378817,0.0,0.669752942056072,0.0,0.30466040253639215,0.0,0.0,,0.0,,,,,,0.002887908136472065,0.0,0.0,,0.0035567786592077344,0.0,0.0,,0.0,,0.0,,0.0,,0.0,,0.0,0.0,0.0,,,,,,,,,,,,0.0,,,,,,,,,,,,,,,,,,,,,,,,,,,,,,,,,,,,,,,,,,,,,,,,,,,,,,,,,,,,,,,,,,,,,,,,,,,,,,,,,,,,,,,,,,,,,,,,,,,,,,,,,,,,,,,,,,,,,,,,,,0.0,,0.0,,,,,,,,,,,,,,0.0,,0.0,,,,,,,,,,,,0.0,,0.0,,0.0,,,,,,,,,,,,,,,,,,,,,,,,,,,,,,,,,,,,,,,,0,0,8,4
5,region_05,2022-05-07,,,,,,,,,,,,,,,0.006839478999609075,0.0,,,,,,,,,,,,,,,,,,,,,,,,,0.0,0.0,,,,,,,,,,,,,0.006303031928837256,0.0,0.5935890701082017,0.0,0.3879677975177765,0.0,0.0,,0.0,,,,,,0.004762024846764186,0.0,0.0,,0.0036752042360603267,0.0,0.0,,0.0,,0.0,,0.0,,0.0,,0.0,0.0,0.0,,,,,,,,,,,,0.0,,,,,,,,,,,,,,,,,,,,,,,,,,,,,,,,,,,,,,,,,,,,,,,,,,,,,,,,,,,,,,,,,,,,,,,,,,,,,,,,,,,,,,,,,,,,,,,,,,,,,,,,,,,,,,,,,,,,,,,,,,0.0,,0.0,,,,,,,,,,,,,,0.0,,0.0,,,,,,,,,,,,0.0,,0.0,,0.0,,,,,,,,,,,,,,,,,,,,,,,,,,,,,,,,,,,,,,,,0,0,8,5
5,region_05,2022-05-14,,,,,,,,,,,,,,,0.00446685883216556,0.0,,,,,,,,,,,,,,,,,,,,,,,,,0.0001939855580103612,0.0,,,,,,,,,,,,,0.0033136795904925177,0.0,0.5052066445350647,0.0,0.4644914083182812,0.0,0.0,,0.0,,,,,,0.01188959095779118,0.0,0.00019684274433879757,2.0,0.012545347955001817,0.0,0.0,,0.0,,0.0,,0.0,,0.0,,0.0,0.0,0.0,,,,,,,,,,,,0.0,,,,,,,,,,,,,,,,,,,,,,,,,,,,,,,,,,,,,,,,,,,,,,,,,,,,,,,,,,,,,,,,,,,,,,,,,,,,,,,,,,,,,,,,,,,,,,,,,,,,,,,,,,,,,,,,,,,,,,,,,,0.0,,0.0,,,,,,,,,,,,,,0.0,,0.0,,,,,,,,,,,,0.0,,0.0,,0.0,,,,,,,,,,,,,,,,,,,,,,,,,,,,,,,,,,,,,,,,0,1,8,6
5,region_05,2022-05-21,,,,,,,,,,,,,,,0.00044552014429771915,0.0,,,,,,,,,,,,,,,,,,,,,,,,,0.0005117095005156558,0.0,,,,,,,,,,,,,0.0008197370967964235,0.0,0.39250007333854836,0.0,0.5540307303692432,0.0,0.0,,0.0,,,,,,0.022408755941559392,0.0,0.0002426826718075463,0.0,0.026763839290497107,0.0,0.0,,0.0,,0.00019406040664758,2.0,0.0,,0.0,,0.0,0.0,0.0,,,,,,,,,,,,0.0,,,,,,,,,,,,,,,,,,,,,,,,,,,,,,,,,,,,,,,,,,,,,,,,,,,,,,,,,,,,,,,,,,,,,,,,,,,,,,,,,,,,,,,,,,,,,,,,,,,,,,,,,,,,,,,,,,,,,,,,,,0.0,,0.0,,,,,,,,,,,,,,0.0,,0.0,,,,,,,,,,,,0.0,,0.0,,0.0,,,,,,,,,,,,,,,,,,,,,,,,,,,,,,,,,,,,,,,,0,1,9,7
5,region_05,2022-05-28,,,,,,,,,,,,,,,0.00043309145505495745,0.0,,,,,,,,,,,,,,,,,,,,,,,,,0.0,0.0,,,,,,,,,,,,,0.000818483498947203,0.0,0.31010398454964155,0.0,0.588476587086916,0.0,0.0,,0.0,,,,,,0.04212830659556891,0.0,0.0008307949898241584,0.0,0.05652861211759344,0.0,0.0,,0.0,,0.0,0.0,0.0,,0.0,,0.0,0.0,0.0,,,,,,,,,,,,0.0,,,,,,,,,,,,,,,,,,,,,,,,,,,,,,,,,,,,,,,,,,,,,,,,,,,,,,,,,,,,,,,,,,,,,,,,,,,,,,,,,,,,,,,,,,,,,,,,,,,,,,,,,,,,,,,,,,,,,,,,,,0.0,,0.0,,,,,,,,,,,,,,0.0,,0.0,,,,,,,,,,,,0.0,,0.0,,0.0,,,,,,,,,,,,,,,,,,,,,,,,,,,,,,,,,,,,,,,,0,0,10,8
5,region_05,2022-06-04,,,,,,,,,,,,,,,0.0007721546348778297,0.0,,,,,,,,,,,,,,,,,,,,,,,,,0.0011711866703835192,0.0,,,,,,,,,,,,,0.0015443255645496382,0.0,0.21971487038665344,0.0,0.5923029428873307,0.0,0.0,,0.0,,,,,,0.06984162100769101,0.0,0.0005694493756447366,0.0,0.11319082311314081,0.0,0.0,,0.0,,0.0,0.0,0.0,,0.0,,0.0,0.0,0.0,,,,,,,,,,,,0.0,,,,,,,,,,,,,,,,,,,,,,,,,,,,,,,,,,,,,,,,,,,,,,,,,,,,,,,,,,,,,,,,,,,,,,,,,,,,,,,,,,,,,,,,,,,,,,,,,,,,,,,,,,,,,,,,,,,,,,,,,,0.0,,0.0,,,,,,,,,,,,,,0.0,,0.0,,,,,,,,,,,,0.0,,0.0,,0.0,,,,,,,,,,,,,,,,,,,,,,,,,,,,,,,,,,,,,,,,0,0,10,9
5,region_05,2022-06-11,,,,,,,,,,,,,,,0.0003793329923673116,0.0,,,,,,,,,,,,,,,,,,,,,,,,,0.0,0.0,,,,,,,,,,,,,0.0007384560629040089,0.0,0.16656346483664075,0.0,0.561328271160955,0.0,0.0,,0.0,,,,,,0.09128264985654662,0.0,0.0012038196039544657,0.0,0.17813860916573065,0.0,0.0,,0.0,,0.0,0.0,0.0,,0.0,,0.0,0.0,0.0,,,,,,,,,,,,0.0,,,,,,,,,,,,,,,,,,,,,,,,,,,,,,,,,,,,,,,,,,,,,,,,,,,,,,,,,,,,,,,,,,,,,,,,,,,,,,,,,,,,,,,,,,,,,,,,,,,,,,,,,,,,,,,,,,,,,,,,,,0.0,,0.0,,,,,,,,,,,,,,0.0,,0.0,,,,,,,,,,,,0.0,,0.0,,0.0,,,,,,,,,,,,,,,,,,,,,,,,,,,,,,,,,,,,,,,,0,0,10,10
5,region_05,2022-06-18,,,,,,,,,,,,,,,0.0004012745410565711,0.0,,,,,,,,,,,,,,,,,,,,,,,,,0.0,0.0,,,,,,,,,,,,,0.00033563934352162644,0.0,0.11664311339457825,0.0,0.4782390687200758,0.0,0.0,,0.0,,,,,,0.0992307912972238,0.0,0.0025012906209179024,0.0,0.30235085636377335,0.0,0.00044710770764914287,2.0,0.0,,0.0,0.0,0.0,,0.0,,0.0,0.0,0.0,,,,,,,,,,,,0.0,,,,,,,,,,,,,,,,,,,,,,,,,,,,,,,,,,,,,,,,,,,,,,,,,,,,,,,,,,,,,,,,,,,,,,,,,,,,,,,,,,,,,,,,,,,,,,,,,,,,,,,,,,,,,,,,,,,,,,,,,,0.0,,0.0,,,,,,,,,,,,,,0.0,,0.0,,,,,,,,,,,,0.0,,0.0,,0.0,,,,,,,,,,,,,,,,,,,,,,,,,,,,,,,,,,,,,,,,0,1,10,11
5,region_05,2022-06-25,,,,,,,,,,,,,,,0.00042308015205581905,0.0,,,,,,,,,,,,,,,,,,,,,,,,,0.0,0.0,,,,,,,,,,,,,0.0,0.0,0.06899552216584028,0.0,0.3813505389473655,0.0,0.0006681242461233589,2.0,0.0,,,,,,0.11874682421601092,0.0,0.006888534953227078,0.0,0.4216943688013337,0.0,0.0,0.0,0.0,,0.0,0.0,0.0,,0.0,,0.0,0.0,0.0,,,,,,,,,,,,0.0,,,,,,,,,,,,,,,,,,,,,,,,,,,,,,,,,,,,,,,,,,,,,,,,,,,,,,,,,,,,,,,,,,,,,,,,,,,,,,,,,,,,,,,,,,,,,,,,,,,,,,,,,,,,,,,,,,,,,,,,,,0.0,,0.0,,,,,,,,,,,,,,0.0,,0.0,,,,,,,,,,,,0.0,,0.0,,0.0,,,,,,,,,,,,,,,,,,,,,,,,,,,,,,,,,,,,,,,,0,1,11,12
5,region_05,2022-07-02,,,,,,,,,,,,,,,0.0003172661628584558,0.0,,,,,,,,,,,,,,,,,,,,,,,,,0.0,0.0,,,,,,,,,,,,,0.0005583493004771676,0.0,0.047981795947998715,0.0,0.21990393067515168,0.0,0.0008375239592757265,0.0,0.0,,,,,,0.11406415822200992,0.0,0.014977287750963707,0.0,0.6020241550036839,0.0,0.0,0.0,0.0,,0.0004198797387823735,0.0,0.0,,0.0,,0.0,0.0,0.0,,,,,,,,,,,,0.0,,,,,,,,,,,,,,,,,,,,,,,,,,,,,,,,,,,,,,,,,,,,,,,,,,,,,,,,,,,,,,,,,,,,,,,,,,,,,,,,,,,,,,,,,,,,,,,,,,,,,,,,,,,,,,,,,,,,,,,,,,0.0,,0.0,,,,,,,,,,,,,,0.0,,0.0,,,,,,,,,,,,0.0,,0.0,,0.0,,,,,,,,,,,,,,,,,,,,,,,,,,,,,,,,,,,,,,,,0,0,12,13
5,region_05,2022-07-09,,,,,,,,,,,,,,,0.0003176962200086,0.0,,,,,,,,,,,,,,,,,,,,,,,,,0.0,0.0,,,,,,,,,,,,,0.00037941538304195,0.0,0.034328639598154395,0.0,0.15733949343363443,0.0,0.0004814910027882823,0.0,0.0,,,,,,0.11399953546268596,0.0,0.016489883703066036,0.0,0.6766660256045205,0.0,0.0,0.0,0.0,,0.0,0.0,0.0,,0.0,,0.0,0.0,0.0,,,,,,,,,,,,0.0,,,,,,,,,,,,,,,,,,,,,,,,,,,,,,,,,,,,,,,,,,,,,,,,,,,,,,,,,,,,,,,,,,,,,,,,,,,,,,,,,,,,,,,,,,,,,,,,,,,,,,,,,,,,,,,,,,,,,,,,,,0.0,,0.0,,,,,,,,,,,,,,0.0,,0.0,,,,,,,,,,,,0.0,,0.0,,0.0,,,,,,,,,,,,,,,,,,,,,,,,,,,,,,,,,,,,,,,,0,0,12,14
5,region_05,2022-07-16,,,,,,,,,,,,,,,0.00018261740993556096,0.0,,,,,,,,,,,,,,,,,,,,,,,,,0.0,0.0,,,,,,,,,,,,,0.0,0.0,0.01903829192061245,0.0,0.0891298688948154,0.0,0.0007640535563147823,0.0,0.0,,,,,,0.11378049668742385,0.0,0.025157899527651455,0.0,0.7503645837306976,0.0,0.00036927860076367856,0.0,0.000184653018950436,2.0,0.0004818994977326058,0.0,0.0,,0.0,,0.0,0.0,0.0,,,,,,,,,,,,0.0,,,,,,,,,,,,,,,,,,,,,,,,,,,,,,,,,,,,,,,,,,,,,,,,,,,,,,,,,,,,,,,,,,,,,,,,,,,,,,,,,,,,,,,,,,,,,,,,,,,,,,,,,,,,,,,,,,,,,,,,,,0.0,,0.0,,,,,,,,,,,,,,0.0,,0.0,,,,,,,,,,,,0.0,,0.0,,0.0,,,,,,,,,,,,,,,,,,,,,,,,,,,,,,,,,,,,,,,,0,1,12,15
5,region_05,2022-07-23,,,,,,,,,,,,,,,0.0,0.0,,,,,,,,,,,,,,,,,,,,,,,,,0.0,0.0,,,,,,,,,,,,,0.0,0.0,0.014860580186359527,0.0,0.05809240313246842,0.0,0.0012726613649111766,0.0,0.0,,,,,,0.09532494749873872,0.0,0.031153270462527822,0.0,0.7965033367276192,0.0,0.0005590250553462929,0.0,0.000429138557519712,0.0,0.0013473748866303734,0.0,0.0,,0.0,,0.0,0.0,0.0,,,,,,,,,,,,0.0,,,,,,,,,,,,,,,,,,,,,,,,,,,,,,,,,,,,,,,,,,,,,,,,,,,,,,,,,,,,,,,,,,,,,,,,,,,,,,,,,,,,,,,,,,,,,,,,,,,,,,,,,,,,,,,,,,,,,,,,,,0.0,,0.0,,,,,,,,,,,,,,0.0,,0.0,,,,,,,,,,,,0.0,,0.0,,0.0,,,,,,,,,,,,,,,,,,,,,,,,,,,,,,,,,,,,,,,,0,0,13,16
5,region_05,2022-07-30,,,,,,,,,,,,,,,0.0,0.0,,,,,,,,,,,,,,,,,,,,,,,,,0.0,0.0,,,,,,,,,,,,,0.0,0.0,0.009892524391608754,0.0,0.0369294072060208,0.0,0.004980004529523439,0.0,0.0,,,,,,0.07749553828647258,0.0,0.03919646663493227,0.0,0.8297937109189875,0.0,0.0005229668251038679,0.0,0.000444540908792936,0.0,0.0005289234121685617,0.0,0.0,,0.0,,0.0,0.0,0.0,,,,,,,,,,,,0.0,,,,,,,,,,,,,,,,,,,,,,,,,,,,,,,,,,,,,,,,,,,,,,,,,,,,,,,,,,,,,,,,,,,,,,,,,,,,,,,,,,,,,,,,,,,,,,,,,,,,,,,,,,,,,,,,,,,,,,,,,,0.0,,0.0,,,,,,,,,,,,,,0.0,,0.0,,,,,,,,,,,,0.0,,0.0,,0.0,,,,,,,,,,,,,,,,,,,,,,,,,,,,,,,,,,,,,,,,0,0,13,17
5,region_05,2022-08-06,,,,,,,,,,,,,,,0.00020778821458771352,0.0,,,,,,,,,,,,,,,,,,,,,,,,,0.0,0.0,,,,,,,,,,,,,0.0,0.0,0.006788222559702503,0.0,0.027483758994856337,0.0,0.0020538394524277056,0.0,0.0,,,,,,0.0744334193212645,0.0,0.04656595766947071,0.0,0.8375838882214314,0.0,0.0007979380004273715,0.0,0.000426131258718612,0.0,0.002240313545745906,0.0,0.0,,0.0,,0.0,0.0,0.0,,,,,,,,,,,,0.0,,,,,,,,,,,,,,,,,,,,,,,,,,,,,,,,,,,,,,,,,,,,,,,,,,,,,,,,,,,,,,,,,,,,,,,,,,,,,,,,,,,,,,,,,,,,,,,,,,,,,,,,,,,,,,,,,,,,,,,,,,0.0,,0.0,,,,,,,,,,,,,,0.0,,0.0,,,,,,,,,,,,0.0,,0.0,,0.0,,,,,,,,,,,,,,,,,,,,,,,,,,,,,,,,,,,,,,,,0,0,13,18
5,region_05,2022-08-13,,,,,,,,,,,,,,,0.0002713579950587686,0.0,,,,,,,,,,,,,,,,,,,,,,,,,0.0,0.0,,,,,,,,,,,,,0.0,0.0,0.006037639640271606,0.0,0.014151351819080914,0.0,0.0010667099405134413,0.0,0.0,,,,,,0.05895865522325034,0.0,0.05296247793095448,0.0,0.8585774845936719,0.0,0.0003593191847487428,0.0,0.001939996764995112,0.0,0.005374450592652783,0.0,0.0,,0.0,,0.0,0.0,0.0,,,,,,,,,,,,0.0,,,,,,,,,,,,,,,,,,,,,,,,,,,,,,,,,,,,,,,,,,,,,,,,,,,,,,,,,,,,,,,,,,,,,,,,,,,,,,,,,,,,,,,,,,,,,,,,,,,,,,,,,,,,,,,,,,,,,,,,,,0.0,,0.0,,,,,,,,,,,,,,0.0,,0.0,,,,,,,,,,,,0.0,,0.0,,0.0,,,,,,,,,,,,,,,,,,,,,,,,,,,,,,,,,,,,,,,,0,0,13,19
5,region_05,2022-08-20,,,,,,,,,,,,,,,0.00022083884021927429,0.0,,,,,,,,,,,,,,,,,,,,,,,,,0.0,0.0,,,,,,,,,,,,,0.0,0.0,0.0096003971993923,0.0,0.008270559010698465,0.0,0.0047203856520354,0.0,0.00042121923664424003,2.0,,,,,0.04113034212163512,0.0,0.05701328005109511,0.0,0.87937111714307,0.0,0.0009802280027152715,0.0,0.000992032401263652,0.0,0.004419759237755256,0.0,0.0,,0.0,,0.0,0.0,0.0,,,,,,,,,,,,0.0,,,,,,,,,,,,,,,,,,,,,,,,,,,,,,,,,,,,,,,,,,,,,,,,,,,,,,,,,,,,,,,,,,,,,,,,,,,,,,,,,,,,,,,,,,,,,,,,,,,,,,,,,,,,,,,,,,,,,,,,,,0.0,,0.0,,,,,,,,,,,,,,0.0,,0.0,,,,,,,,,,,,0.0,,0.0,,0.0,,,,,,,,,,,,,,,,,,,,,,,,,,,,,,,,,,,,,,,,0,1,13,20
5,region_05,2022-08-27,,,,,,,,,,,,,,,0.0,0.0,,,,,,,,,,,,,,,,,,,,,,,,,0.0,0.0,,,,,,,,,,,,,0.0,0.0,0.0034110314308610384,0.0,0.0033850048271500356,0.0,0.007161781890317775,0.0,0.00260363028695181,0.0,,,,,0.03782729727818681,0.0,0.06510410633157278,0.0,0.8732074797153473,0.0,0.000335440988627425,0.0,0.0030514941364526236,0.0,0.005774181884001232,0.0,0.0,,0.0006995771002644767,2.0,0.0,0.0,0.0,,,,,,,,,,,,0.0,,,,,,,,,,,,,,,,,,,,,,,,,,,,,,,,,,,,,,,,,,,,,,,,,,,,,,,,,,,,,,,,,,,,,,,,,,,,,,,,,,,,,,,,,,,,,,,,,,,,,,,,,,,,,,,,,,,,,,,,,,0.0,,0.0,,,,,,,,,,,,,,0.0,,0.0,,,,,,,,,,,,0.0,,0.0,,0.0,,,,,,,,,,,,,,,,,,,,,,,,,,,,,,,,,,,,,,,,0,1,14,21
5,region_05,2022-09-03,,,,,,,,,,,,,,,0.00027763384754171514,0.0,,,,,,,,,,,,,,,,,,,,,,,,,0.0,0.0,,,,,,,,,,,,,0.0,0.0,0.0015799102909636667,0.0,0.003833374354254521,0.0,0.0035017697300644968,0.0,0.0016154271123619867,0.0,,,,,0.032460296582994985,0.0,0.06831039533470612,0.0,0.8732039386575873,0.0,0.0010114652374925213,0.0,0.001745175756514016,0.0,0.009477721950547215,0.0,0.0,,0.0012709400965831633,0.0,0.00046158565285922,0.0,0.0,,,,,,,,,,,,0.0,,,,,,,,,,,,,,,,,,,,,,,,,,,,,,,,,,,,,,,,,,,,,,,,,,,,,,,,,,,,,,,,,,,,,,,,,,,,,,,,,,,,,,,,,,,,,,,,,,,,,,,,,,,,,,,,,,,,,,,,,,0.0,,0.0,,,,,,,,,,,,,,0.0,,0.0,,,,,,,,,,,,0.0,,0.0,,0.0,,,,,,,,,,,,,,,,,,,,,,,,,,,,,,,,,,,,,,,,0,0,15,22
5,region_05,2022-09-10,,,,,,,,,,,,,,,0.0,0.0,,,,,,,,,,,,,,,,,,,,,,,,,0.0,0.0,,,,,,,,,,,,,0.0,0.0,0.0007386222187050844,0.0,0.0023439112119376217,0.0,0.006347491245833175,0.0,0.001971394972254793,0.0,,,,,0.02755711210193109,0.0,0.08214382850565011,0.0,0.8606872595846653,0.0,0.001058841157438457,0.0,0.0016823897371068118,0.0,0.013217853673268063,0.0,0.0005128851827555808,2.0,0.0011992704006842901,0.0,0.00083055308593122,0.0,0.0,,,,,,,,,,,,0.0,,,,,,,,,,,,,,,,,,,,,,,,,,,,,,,,,,,,,,,,,,,,,,,,,,,,,,,,,,,,,,,,,,,,,,,,,,,,,,,,,,,,,,,,,,,,,,,,,,,,,,,,,,,,,,,,,,,,,,,,,,0.0,,0.0,,,,,,,,,,,,,,0.0,,0.0,,,,,,,,,,,,0.0,,0.0,,0.0,,,,,,,,,,,,,,,,,,,,,,,,,,,,,,,,,,,,,,,,0,1,15,23
5,region_05,2022-09-17,,,,,,,,,,,,,,,0.00024266652537565484,0.0,,,,,,,,,,,,,,,,,,,,,,,,,0.0005143650585875097,0.0,,,,,,,,,,,,,0.0,0.0,0.0025911271316749773,0.0,0.001411204397182629,0.0,0.006040720118870616,0.0,0.0007432550541124734,0.0,,,,,0.02291941095984746,0.0,0.08397081518365486,0.0,0.8507405173393988,0.0,0.0018559121277315857,0.0,0.003720160787925088,0.0,0.019886999180720642,0.0,0.00024976234551729614,0.0,0.0034006567051012866,0.0,0.0018302253369862234,0.0,0.0,,,,,,,,,,,,0.0,,,,,,,,,,,,,,,,,,,,,,,,,,,,,,,,,,,,,,,,,,,,,,,,,,,,,,,,,,,,,,,,,,,,,,,,,,,,,,,,,,,,,,,,,,,,,,,,,,,,,,,,,,,,,,,,,,,,,,,,,,0.0,,0.0,,,,,,,,,,,,,,0.0,,0.0,,,,,,,,,,,,0.0,,0.0,,0.0,,,,,,,,,,,,,,,,,,,,,,,,,,,,,,,,,,,,,,,,0,0,16,24
5,region_05,2022-09-24,,,,,,,,,,,,,,,0.0,0.0,,,,,,,,,,,,,,,,,,,,,,,,,0.00032581464038226,0.0,,,,,,,,,,,,,0.0,0.0,0.0032607186663274335,0.0,0.0,0.0,0.01101086760560666,0.0,0.00264233783818777,0.0,,,,,0.01254112500076488,0.0,0.09112717732787128,0.0,0.8332442780335744,0.0,0.002279442660177882,0.0,0.0067502446845173324,0.0,0.019466233129302603,0.0,0.0012075442176025038,0.0,0.0104632065631449,0.0,0.005607604794204183,0.0,0.0,,,,,,,,,,,,0.0,,,,,,,,,,,,,,,,,,,,,,,,,,,,,,,,,,,,,,,,,,,,,,,,,,,,,,,,,,,,,,,,,,,,,,,,,,,,,,,,,,,,,,,,,,,,,,,,,,,,,,,,,,,,,,,,,,,,,,,,,,0.0003282840358830208,2.0,0.0,,,,,,,,,,,,,,0.0,,0.0,,,,,,,,,,,,0.0,,0.0,,0.0,,,,,,,,,,,,,,,,,,,,,,,,,,,,,,,,,,,,,,,,0,1,16,25
5,region_05,2022-10-01,,,,,,,,,,,,,,,0.0,0.0,,,,,,,,,,,,,,,,,,,,,,,,,0.0,0.0,,,,,,,,,,,,,0.0,0.0,0.002283994983560521,0.0,0.0,0.0,0.00831925374423631,0.0,0.0039006411820521206,0.0,,,,,0.012177514072892949,0.0,0.09032723461759497,0.0,0.8100251719869417,0.0,0.010797584064952643,0.0,0.005068340376019423,0.0,0.030391908925155066,0.0,0.00038001925993455386,0.0,0.015022814370177882,0.0,0.009797038703129165,0.0,0.0,,,,,,,,,,,,0.0,,,,,,,,,,,,,,,,,,,,,,,,,,,,,,,,,,,,,,,,,,,,,,,,,,,,,,,,,,,,,,,,,,,,,,,,,,,,,,,,,,,,,,,,,,,,,,,,,,,,,,,,,,,,,,,,,,,,,,,,,,0.001556731202678396,0.0,0.0,,,,,,,,,,,,,,0.0,,0.0,,,,,,,,,,,,0.0,,0.0,,0.0,,,,,,,,,,,,,,,,,,,,,,,,,,,,,,,,,,,,,,,,0,0,17,26
5,region_05,2022-10-08,,,,,,,,,,,,,,,0.0008188624176129642,0.0,,,,,,,,,,,,,,,,,,,,,,,,,0.0,0.0,,,,,,,,,,,,,0.0,0.0,0.00291388557525345,0.0,0.0,0.0,0.007899880226302307,0.0,0.004374174251487164,0.0,,,,,0.0124441171064972,0.0,0.09171509450035431,0.0,0.7795159007821765,0.0,0.008632911151895867,0.0,0.008406065803553343,0.0,0.04247337952256198,0.0,0.0007996899031030576,0.0,0.023452595009335404,0.0,0.01469018985517315,0.0,0.0,,,,,,,,,,,,0.0,,,,,,,,,,,,,,,,,,,,,,,,,,,,,,,,,,,,,,,,,,,,,,,,,,,,,,,,,,,,,,,,,,,,,,,,,,,,,,,,,,,,,,,,,,,,,,,,,,,,,,,,,,,,,,,,,,,,,,,,,,0.004087699926458254,0.0,0.0,,,,,,,,,,,,,,0.0,,0.0,,,,,,,,,,,,0.0,,0.0,,0.0,,,,,,,,,,,,,,,,,,,,,,,,,,,,,,,,,,,,,,,,0,0,17,27
5,region_05,2022-10-15,,,,,,,,,,,,,,,0.0,0.0,,,,,,,,,,,,,,,,,,,,,,,,,0.0,0.0,,,,,,,,,,,,,0.0,0.0,0.003330364788847904,0.0,0.0009032419335130963,0.0,0.012716362790132893,0.0,0.008279788238858693,0.0,,,,,0.01262803762047374,0.0,0.09191752059592136,0.0,0.7308939805737248,0.0,0.012891769098738766,0.0,0.005555473435670084,0.0,0.058599148911458426,0.0,0.0032327143260492152,0.0,0.034559296651018936,0.0,0.023316559002355238,0.0,0.0,,,,,,,,,,,,0.0,,,,,,,,,,,,,,,,,,,,,,,,,,,,,,,,,,,,,,,,,,,,,,,,,,,,,,,,,,,,,,,,,,,,,,,,,,,,,,,,,,,,,,,,,,,,,,,,,,,,,,,,,,,,,,,,,,,,,,,,,,0.004477485335276729,0.0,0.0,,,,,,,,,,,,,,0.0,,0.0,,,,,,,,,,,,0.0,,0.0,,0.0,,,,,,,,,,,,,,,,,,,,,,,,,,,,,,,,,,,,,,,,0,0,17,28
5,region_05,2022-10-22,,,,,,,,,,,,,,,0.0,0.0,,,,,,,,,,,,,,,,,,,,,,,,,0.0,0.0,,,,,,,,,,,,,0.0019277621535225655,0.0,0.007560703025844189,0.0,0.0,0.0,0.008051577382362765,0.0,0.007239006208972249,0.0,,,,,0.0090893919114023,0.0,0.08183011126059747,0.0,0.690352024940344,0.0,0.01567195363056196,0.0,0.012575122527778109,0.0,0.055639594220198076,0.0,0.013079508473830529,0.0,0.04426683944005228,0.0,0.04968543923818144,0.0,0.0,,,,,,,,,,,,0.0,,,,,,,,,,,,,,,,,,,,,,,,,,,,,,,,,,,,,,,,,,,,,,,,,,,,,,,,,,,,,,,,,,,,,,,,,,,,,,,,,,,,,,,,,,,,,,,,,,,,,,,,,,,,,,,,,,,,,,,,,,0.004967782035237121,0.0,0.0,,,,,,,,,,,,,,0.0,,0.0,,,,,,,,,,,,0.0,,0.0,,0.0,,,,,,,,,,,,,,,,,,,,,,,,,,,,,,,,,,,,,,,,0,0,17,29
5,region_05,2022-10-29,,,,,,,,,,,,,,,0.000558572426671116,0.0,,,,,,,,,,,,,,,,,,,,,,,,,0.0,0.0,,,,,,,,,,,,,0.0,0.0,0.007594455175263673,0.0,0.0,0.0,0.0097380899637937,0.0,0.004211034951731516,0.0,,,,,0.006750006383905733,0.0,0.06320028156042094,0.0,0.623601496219635,0.0,0.014581462368369057,0.0,0.021863173991441675,0.0,0.08002116233110422,0.0,0.01139354977756734,0.0,0.07559715718030927,0.0,0.07328591585159297,0.0,0.002940743540724073,2.0,,,,,,,,,,,0.0,,,,,,,,,,,,,,,,,,,,,,,,,,,,,,,,,,,,,,,,,,,,,,,,,,,,,,,,,,,,,,,,,,,,,,,,,,,,,,,,,,,,,,,,,,,,,,,,,,,,,,,,,,,,,,,,,,,,,,,,,,0.0066713603640285125,0.0,0.0,,,,,,,,,,,,,,0.0,,0.0,,,,,,,,,,,,0.0,,0.0,,0.0,,,,,,,,,,,,,,,,,,,,,,,,,,,,,,,,,,,,,,,,0,1,17,30
5,region_05,2022-11-05,,,,,,,,,,,,,,,0.0,0.0,,,,,,,,,,,,,,,,,,,,,,,,,0.0,0.0,,,,,,,,,,,,,0.0008947758906287626,0.0,0.0055044440669007174,0.0,0.0,0.0,0.008247262022147516,0.0,0.002800052238550604,0.0,,,,,0.0062000218313187005,0.0,0.06590701670696333,0.0,0.5835104038317999,0.0,0.016616051395734084,0.0,0.012910947203636116,0.0,0.0733146900311112,0.0,0.018109274640058428,0.0,0.11190569493919607,0.0,0.08856944056848681,0.0,0.0027855905548979467,0.0,,,,,,,,,,,0.0,,,,,,,,,,,,,,,,,,,,,,,,,,,,,,,,,,,,,,,,,,,,,,,,,,,,,,,,,,,,,,,,,,,,,,,,,,,,,,,,,,,,,,,,,,,,,,,,,,,,,,,,,,,,,,,,,,,,,,,,,,0.011723412414236562,0.0,0.0,,,,,,,,,,,,,,0.0,,0.0,,,,,,,,,,,,0.0,,0.0,,0.0,,,,,,,,,,,,,,,,,,,,,,,,,,,,,,,,,,,,,,,,0,0,18,31
5,region_05,2022-11-12,,,,,,,,,,,,,,,0.0007123970540503174,0.0,,,,,,,,,,,,,,,,,,,,,,,,,0.0,0.0,,,,,,,,,,,,,0.0,0.0,0.004081516587377848,0.0,0.0,0.0,0.01551721990108484,0.0,0.0025302018038927997,0.0,,,,,0.010358204862669727,0.0,0.04788155626991517,0.0,0.502217200787171,0.0,0.017068726051112836,0.0,0.02240536493413584,0.0,0.08443222875180448,0.0,0.01659653213044454,0.0,0.1449102973160536,0.0,0.11936999663062714,0.0,0.003684227727353507,0.0,,,,,,,,,,,0.0,,,,,,,,,,,,,,,,,,,,,,,,,,,,,,,,,,,,,,,,,,,,,,,,,,,,,,,,,,,,,,,,,,,,,,,,,,,,,,,,,,,,,,,,,,,,,,,,,,,,,,,,,,,,,,,,,,,,,,,,,,0.011965584268586455,0.0,0.0,,,,,,,,,,,,,,0.0,,0.0,,,,,,,,,,,,0.0,,0.0,,0.0,,,,,,,,,,,,,,,,,,,,,,,,,,,,,,,,,,,,,,,,0,0,18,32
5,region_05,2022-11-19,,,,,,,,,,,,,,,0.0,0.0,,,,,,,,,,,,,,,,,,,,,,,,,0.0,0.0,,,,,,,,,,,,,0.0,0.0,0.008036047841111766,0.0,0.000534857145363521,0.0,0.011933938910563734,0.0,0.004275421633131086,0.0,,,,,0.001918890719852273,0.0,0.03396803707900368,0.0,0.40859458121386444,0.0,0.02358401287347073,0.0,0.0138293320778757,0.0,0.07866864651441569,0.0,0.02217798819765445,0.0,0.17135670103810047,0.0,0.1956553438847715,0.0,0.00310621233656998,0.0,,,,,,,,,,,0.0,,,,,,,,,,,,,,,,,,,,,,,,,,,,,,,,,,,,,,,,,,,,,,,,,,,,,,,,,,,,,,,,,,,,,,,,,,,,,,,,,,,,,,,,,,,,,,,,,,,,,,,,,,,,,,,,,,,,,,,,,,0.01656526229767631,0.0,0.0,,,,,,,,,,,,,,0.0,,0.0,,,,,,,,,,,,0.0,,0.0,,0.0,,,,,,,,,,,,,,,,,,,,,,,,,,,,,,,,,,,,,,,,0,0,18,33
5,region_05,2022-11-26,,,,,,,,,,,,,,,0.0010300649580760155,0.0,,,,,,,,,,,,,,,,,,,,,,,,,0.0,0.0,,,,,,,,,,,,,0.0,0.0,0.0103745954111218,0.0,0.0,0.0,0.008383140899240934,0.0,0.006144758735206819,0.0,,,,,0.00345589048118281,0.0,0.03438817044453956,0.0,0.3604204186371394,0.0,0.016831117682158912,0.0,0.015480106929317075,0.0,0.08587042809951871,0.0,0.024314251875406773,0.0,0.17429727670692258,0.0,0.23817109210150578,0.0,0.007209995326896447,0.0,,,,,,,,,,,0.0,,,,,,,,,,,,,,,,,,,,,,,,,,,,,,,,,,,,,,,,,,,,,,,,,,,,,,,,,,,,,,,,,,,,,,,,,,,,,,,,,,,,,,,,,,,,,,,,,,,,,,,,,,,,,,,,,,,,,,,,,,0.01431715437432834,0.0,0.0,,,,,,,,,,,,,,0.0005980975647137789,1.0,0.0,,,,,,,,,,,,0.0,,0.0,,0.0,,,,,,,,,,,,,,,,,,,,,,,,,,,,,,,,,,,,,,,,1,0,18,0
5,region_05,2022-12-03,,,,,,,,,,,,,,,0.0,0.0,,,,,,,,,,,,,,,,,,,,,,,,,0.0004951501653218867,0.0,,,,,,,,,,,,,0.0,0.0,0.0061502302996814,0.0,0.00036646563094105,0.0,0.013485907018184601,0.0,0.004697913279462748,0.0,,,,,0.001377470884472075,0.0,0.016666995827108587,0.0,0.29076896160840987,0.0,0.01559133669361468,0.0,0.017511472292244385,0.0,0.08131674006581302,0.0,0.03513948712497945,0.0,0.219008195400238,0.0,0.2728163942694664,0.0,0.008948372444137875,0.0,,,,,,,,,,,0.0,,,,,,,,,,,,,,,,,,,,,,,,,,,,,,,,,,,,,,,,,,,,,,,,,,,,,,,,,,,,,,,,,,,,,,,,,,,,,,,,,,,,,,,,,,,,,,,,,,,,,,,,,,,,,,,,,,,,,,,,,,0.01979623185960866,0.0,0.0,,,,,,,,,,,,,,0.001689361475751142,0.0,0.0,,,,,,,,,,,,0.0,,0.0,,0.0,,,,,,,,,,,,,,,,,,,,,,,,,,,,,,,,,,,,,,,,0,0,19,1
5,region_05,2022-12-10,,,,,,,,,,,,,,,0.0009406256067449688,0.0,,,,,,,,,,,,,,,,,,,,,,,,,0.0,0.0,,,,,,,,,,,,,0.0009514503180980332,0.0,0.009963835148434847,0.0,0.0005242258163266579,0.0,0.01194556032944662,0.0,0.002193934251812972,0.0,,,,,0.0020349361002444735,0.0,0.015941975589253355,0.0,0.24677150029885142,0.0,0.014088574110677321,0.0,0.016832982306368593,0.0,0.07384249685626276,0.0,0.03773828458629152,0.0,0.23172000991670705,0.0,0.2977244665748195,0.0,0.010588179280360486,0.0,,,,,,,,,,,0.0,,,,,,,,,,,,,,,,,,,,,,,,,,,,,,,,,,,,,,,,,,,,,,,,,,,,,,,,,,,,,,,,,,,,,,,,,,,,,,,,,,,,,,,,,,,,,,,,,,,,,,,,,,,,,,,,,,,,,,,,,,0.017675969749689043,0.0,0.0,,,,,,,,,,,,,,0.007030890556052269,0.0,0.0,,,,,,,,,,,,0.0,,0.0,,0.0,,,,,,,,,,,,,,,,,,,,,,,,,,,,,,,,,,,,,,,,0,0,19,2
5,region_05,2022-12-17,,,,,,,,,,,,,,,0.0009106642011409385,0.0,,,,,,,,,,,,,,,,,,,,,,,,,0.0,0.0,,,,,,,,,,,,,0.0,0.0,0.009343465686672221,0.0,0.0,0.0,0.01460449956357475,0.0,0.0024901839205994664,0.0,,,,,0.0006600053713875647,0.0,0.012261893774848376,0.0,0.22322084671921194,0.0,0.012971262156497637,0.0,0.008769887528615026,0.0,0.059862155467271756,0.0,0.029592468506760013,0.0,0.23353953162829078,0.0,0.3548102461629443,0.0,0.0112410857652624,0.0,,,,,,,,,,,0.0,,,,,,,,,,,,,,,,,,,,,,,,,,,,,,,,,,,,,,,,,,,,,,,,,,,,,,,,,,,,,,,,,,,,,,,,,,,,,,,,,,,,,,,,,,,,,,,,,,,,,,,,,,,,,,,,,,,,,,,,,,0.020280718693838348,0.0,0.0,,,,,,,,,,,,,,0.012439491391620164,0.0,0.0,,,,,,,,,,,,0.0,,0.0,,0.0,,,,,,,,,,,,,,,,,,,,,,,,,,,,,,,,,,,,,,,,0,0,19,3
5,region_05,2022-12-24,,,,,,,,,,,,,,,0.0,0.0,,,,,,,,,,,,,,,,,,,,,,,,,0.0,0.0,,,,,,,,,,,,,0.0,0.0,0.006332899032927565,0.0,0.0,0.0,0.0187173355370759,0.0,0.0005925158948229687,0.0,,,,,0.0,0.0,0.011001198490460672,0.0,0.16622711455120756,0.0,0.009349928470328391,0.0,0.0070487722097073826,0.0,0.049761217306641924,0.0,0.05345955030883056,0.0,0.22647856000591723,0.0,0.3962124656228458,0.0,0.014143282547593066,0.0,,,,,,,,,,,0.0,,,,,,,,,,,,,,,,,,,,,,,,,,,,,,,,,,,,,,,,,,,,,,,,,,,,,,,,,,,,,,,,,,,,,,,,,,,,,,,,,,,,,,,,,,,,,,,,,,,,,,,,,,,,,,,,,,,,,,,,,,0.023651688195326714,0.0,0.0,,,,,,,,,,,,,,0.027011344907805282,0.0,0.0,,,,,,,,,,,,0.0,,0.0,,0.0,,,,,,,,,,,,,,,,,,,,,,,,,,,,,,,,,,,,,,,,0,0,19,4
5,region_05,2022-12-31,,,,,,,,,,,,,,,0.0,0.0,,,,,,,,,,,,,,,,,,,,,,,,,0.0,0.0,,,,,,,,,,,,,0.0,0.0,0.007958108471939293,0.0,0.0008594636921770333,0.0,0.0276421923190355,0.0,0.0,0.0,,,,,0.0017789302582968312,0.0,0.0095387155306525,0.0,0.16089181043207643,0.0,0.0154872031261523,0.0,0.014543963538017075,0.0,0.04075025254860517,0.0,0.042787129292264546,0.0,0.20447484683245415,0.0,0.39284186996519566,0.0,0.022188401222228968,0.0,,,,,,,,,,,0.0,,,,,,,,,,,,,,,,,,,,,,,,,,,,,,,,,,,,,,,,,,,,,,,,,,,,,,,,,,,,,,,,,,,,,,,,,,,,,,,,,,,,,,,,,,,,,,,,,,,,,,,,,,,,,,,,,,,,,,,,,,0.022328984613219846,0.0,0.0,,,,,,,,,,,,,,0.05489954305812711,0.0,0.0,,,,,,,,,,,,0.0,,0.0,,0.0,,,,,,,,,,,,,,,,,,,,,,,,,,,,,,,,,,,,,,,,0,0,19,5
5,region_05,2023-01-07,,,,,,,,,,,,,,,0.0,0.0,,,,,,,,,,,,,,,,,,,,,,,,,0.0,0.0,,,,,,,,,,,,,0.0,0.0,0.003764359295989027,0.0,0.0,0.0,0.0038104671208808332,0.0,0.00036779936635865,0.0,,,,,0.0,0.0,0.00431738697613274,0.0,0.13010847717523571,0.0,0.0072869452026982666,0.0,0.0138519080355763,0.0,0.035387097671627954,0.0,0.02159894195695714,0.0,0.20967205266157782,0.0,0.3962043722470601,0.0,0.02547516115009781,0.0,,,,,,,,,,,0.0005419546505436,2.0,,,,,,,,,,,,,,,,,,,,,,,,,,,,,,,,,,,,,,,,,,,,,,,,,,,,,,,,,,,,,,,,,,,,,,,,,,,,,,,,,,,,,,,,,,,,,,,,,,,,,,,,,,,,,,,,,,,,,,,,,0.02455936013055695,0.0,0.0,,,,,,,,,,,,,,0.12129500359296795,0.0,0.0020275251008569665,2.0,,,,,,,,,,,0.0,,0.0,,0.0,,,,,,,,,,,,,,,,,,,,,,,,,,,,,,,,,,,,,,,,0,2,19,6
5,region_05,2023-01-14,,,,,,,,,,,,,,,0.0010808448257323428,0.0,,,,,,,,,,,,,,,,,,,,,,,,,0.0,0.0,,,,,,,,,,,,,0.0,0.0,0.0030948399300021285,0.0,0.0,0.0,0.007028344918840635,0.0,0.001257244360333807,0.0,,,,,0.0,0.0,0.003850655779907714,0.0,0.09825585516435754,0.0,0.004215660172381514,0.0,0.004995492220457065,0.0,0.02913862027760058,0.0,0.031158675572701806,0.0,0.22160002376352034,0.0,0.36740632142339436,0.0,0.017180412076413586,0.0,,,,,,,,,,,0.00173754396382715,0.0,,,,,,,,,,,,,,,,,,,,,,,,,,,,,,,,,,,,,,,,,,,,,,,,,,,,,,,,,,,,,,,,,,,,,,,,,,,,,,,,,,,,,,,,,,,,,,,,,,,,,,,,,,,,,,,,,,,,,,,,,0.025259187844182712,0.0,0.0,,,,,,,,,,,,,,0.17753077511276513,0.0,0.0,0.0,,,,,,,,,,,0.0,,0.0,,0.0,,,,,,,,,,,,,,,,,,,,,,,,,,,,,,,,,,,,,,,,0,0,21,7
5,region_05,2023-01-21,,,,,,,,,,,,,,,0.0,0.0,,,,,,,,,,,,,,,,,,,,,,,,,0.0,0.0,,,,,,,,,,,,,0.0004590586492364583,0.0,0.007449500047816638,0.0,0.0,0.0,0.0026473027403251,0.0,0.0,0.0,,,,,0.0019090564634937,0.0,0.002590908033128469,0.0,0.07308384260305986,0.0,0.00720673548774073,0.0,0.008409838120524654,0.0,0.022854654118418638,0.0,0.03247790640363324,0.0,0.1367758099849407,0.0,0.3664197211082165,0.0,0.019876040983945076,0.0,,,,,,,,,,,0.0,0.0,,,,,,,,,,,,,,,,,,,,,,,,,,,,,,,,,,,,,,,,,,,,,,,,,,,,,,,,,,,,,,,,,,,,,,,,,,,,,,,,,,,,,,,,,,,,,,,,,,,,,,,,,,,,,,,,,,,,,,,,,0.028141006827354376,0.0,0.0,,,,,,,,,,,,,,0.2797772563420809,0.0,0.0004799469121886667,0.0,,,,,,,,,,,0.0012134771927126285,2.0,0.0,,0.0,,,,,,,,,,,,,,,,,,,,,,,,,,,,,,,,,,,,,,,,0,1,21,8
5,region_05,2023-01-28,,,,,,,,,,,,,,,0.000595772697124575,0.0,,,,,,,,,,,,,,,,,,,,,,,,,0.0,0.0,,,,,,,,,,,,,0.0,0.0,0.00284794745190685,0.0,0.0009869708640810916,0.0,0.0024951853362532414,0.0,0.0003629634593380125,0.0,,,,,0.0011324508426089584,0.0,0.0011480360214287666,0.0,0.051926110560695286,0.0,0.0009166315721813083,0.0,0.0028589065380704333,0.0,0.020579252547273975,0.0,0.018801260739564857,0.0,0.13156653443972266,0.0,0.294366218149662,0.0,0.013516034853334184,0.0,,,,,,,,,,,0.000412075234635225,0.0,,,,,,,,,,,,,,,,,,,,,,,,,,,,,,,,,,,,,,,,,,,,,,,,,,,,,,,,,,,,,,,,,,,,,,,,,,,,,,,,,,,,,,,,,,,,,,,,,,,,,,,,,,,,,,,,,,,,,,,,,0.030486060772091098,0.0,0.0,,,,,,,,,,,,,,0.4156309937437375,0.0,0.004546361820151367,0.0,,,,,,,,,,,0.0009831544677061286,0.0,0.0,,0.0,,,,,,,,,,,,,,,,,,,,,,,,,,,,,,,,,,,,,,,,0,0,22,9
5,region_05,2023-02-04,,,,,,,,,,,,,,,0.0,0.0,,,,,,,,,,,,,,,,,,,,,,,,,0.0,0.0,,,,,,,,,,,,,0.0,0.0,0.0040055527775124545,0.0,0.0,0.0,0.0018173173196951908,0.0,0.0004755501795443125,0.0,,,,,0.0,0.0,0.0004199738905298833,0.0,0.022323312576521474,0.0,0.001846056770194609,0.0,0.0020948728038505545,0.0,0.002568448311649209,0.0,0.008696295490319026,0.0,0.08480869572270996,0.0,0.2435381859540939,0.0,0.013537141325121528,0.0,,,,,,,,,,,0.002449083025567175,0.0,,,,,,,,,,,,,,,,,,,,,,,,,,,,,,,,,,,,,,,,,,,,,,,,,,,,,,,,,,,,,,,,,,,,,,,,,,,,,,,,,,,,,,,,,,,,,,,,,,,,,,,,,,,,,,,,,,,,,,,,,0.016238160346719308,0.0,0.0,,,,,,,,,,,,,,0.5821502588012002,0.0,0.0036098748031589334,0.0,,,,,,,,,,,0.0,0.0,0.0,,0.0,,,,,,,,,,,,,,,,,,,,,,,,,,,,,,,,,,,,,,,,0,0,22,10
5,region_05,2023-02-11,,,,,,,,,,,,,,,0.0,0.0,,,,,,,,,,,,,,,,,,,,,,,,,0.00048983624728858,0.0,,,,,,,,,,,,,0.0,0.0,0.00089810047065834,0.0,0.0,0.0,0.00134974038228388,0.0,0.00084300285088825,0.0,,,,,0.0,0.0,0.0,0.0,0.02392431460320945,0.0,0.00232448568567629,0.0,0.0,0.0,0.00599058284424241,0.0,0.0116386073124077,0.0,0.03767912685871119,0.0,0.19227167814970011,0.0,0.01515582855790848,0.0,,,,,,,,,,,0.00508919579442585,0.0,,,,,,,,,,,,,,,,,,,,,,,,,,,,,,,,,,,,,,,,,,,,,,,,,,,,,,,,,,,,,,,,,,,,,,,,,,,,,,,,,,,,,,,,,,,,,,,,,,,,,,,,,,,,,,,,,,,,,,,,,0.01640013946841155,0.0,0.0,,,,,,,,,,,,,,0.6689848363399505,0.0,0.006646757634977444,0.0,,,,,,,,,,,0.0010441336780786143,0.0,0.0017421445518266,2.0,0.0,,,,,,,,,,,,,,,,,,,,,,,,,,,,,,,,,,,,,,,,0,1,22,11
5,region_05,2023-02-18,,,,,,,,,,,,,,,0.0,0.0,,,,,,,,,,,,,,,,,,,,,,,,,0.0,0.0,,,,,,,,,,,,,0.0,0.0,0.0029944767140679222,0.0,0.0,0.0,0.0,0.0,0.0,0.0,,,,,0.0,0.0,0.0,0.0,0.02112026781671572,0.0,0.0004953408031723999,0.0,0.0,0.0,0.0004435649607330111,0.0,0.003671785350888922,0.0,0.043841660436656694,0.0,0.14443218045764494,0.0,0.01080916677084228,0.0,,,,,,,,,,,0.001891887048259325,0.0,,,,,,,,,,,,,,,,,,,,,,,,,,,,,,,,,,,,,,,,,,,,,,,,,,,,,,,,,,,,,,,,,,,,,,,,,,,,,,,,,,,,,,,,,,,,,,,,,,,,,,,,,,,,,,,,,,,,,,,,,0.0149197075515985,0.0,0.0,,,,,,,,,,,,,,0.7341799073749118,0.0,0.006499408640795245,0.0,,,,,,,,,,,0.0038220144010015287,0.0,0.001224314881255775,0.0,0.0004231891070958,2.0,,,,,,,,,,,,,,,,,,,,,,,,,,,,,,,,,,,,,,,0,1,23,12
5,region_05,2023-02-25,,,,,,,,,,,,,,,0.0,0.0,,,,,,,,,,,,,,,,,,,,,,,,,0.0004758191535074125,0.0,,,,,,,,,,,,,0.0,0.0,0.0008192558234440626,0.0,0.0,0.0,0.001126369017583725,0.0,0.0,0.0,,,,,0.0,0.0,0.0005336440663085751,0.0,0.013719500228762579,0.0,0.0010390036622993,0.0,0.00292362319305535,0.0,0.0035649678611661627,0.0,0.00353996900958005,0.0,0.030129092978313524,0.0,0.11968229245394464,0.0,0.009208471165038612,0.0,,,,,,,,,,,0.000613490075920675,0.0,,,,,,,,,,,,,,,,,,,,,,,,,,,,,,,,,,,,,,,,,,,,,,,,,,,,,,,,,,,,,,,,,,,,,,,,,,,,,,,,,,,,,,,,,,,,,,,,,,,,,,,,,,,,,,,,,,,,,,,,,0.015160425566136785,0.0,0.0,,,,,,,,,,,,,,0.7804766148328781,0.0,0.009487592789810113,0.0,,,,,,,,,,,0.0030537998370293576,0.0,0.0017235674604307249,0.0,0.003079917281866,0.0,,,,,,,,,,,,,,,,,,,,,,,,,,,,,,,,,,,,,,,0,0,24,13
5,region_05,2023-03-04,,,,,,,,,,,,,,,0.0,0.0,,,,,,,,,,,,,,,,,,,,,,,,,0.0,0.0,,,,,,,,,,,,,0.0,0.0,0.0019917567260562714,0.0,0.0,0.0,0.00043205758265682504,0.0,0.0,0.0,,,,,0.0,0.0,0.0,0.0,0.009360457304865082,0.0,0.0,0.0,0.0007769233281058428,0.0,0.0,0.0,0.0011099136900156285,0.0,0.017103835940360988,0.0,0.07221876723425726,0.0,0.011189910051013701,0.0,,,,,,,,,,,0.00219136959640305,0.0,,,,,,,,,,,,,,,,,,,,,,,,,,,,,,,,,,,,,,,,,,,,,,,,,,,,,,,,,,,,,,,,,,,,,,,,,,,,,,,,,,,,,,,,,,,,,,,,,,,,,,,,,,,,,,,,,,,,,,,,,0.014329637001667657,0.0,0.00103200515150085,2.0,,,,,,,,,,,,,0.8231606653758458,0.0,0.02314616287393224,0.0,,,,,,,,,,,0.014024310479206657,0.0,0.0050151339964940745,0.0,0.0014542817370966,0.0,,,,,,,,,,,,,,,,,,,,,,,,,,,,,,,,,,,,,,,0,1,24,14
5,region_05,2023-03-11,,,,,,,,,,,,,,,0.0,0.0,,,,,,,,,,,,,,,,,,,,,,,,,0.0,0.0,,,,,,,,,,,,,0.0,0.0,0.0,0.0,0.0,0.0,0.0,0.0,0.0,0.0,,,,,0.0,0.0,0.0009700150888723166,0.0,0.0095865065231919,0.0,0.0012716080139701165,0.0,0.0,0.0,0.0009700150888723166,0.0,0.0014073666340360667,0.0,0.01444909876833355,0.0,0.06569754083951307,0.0,0.008737622449795366,0.0,,,,,,,,,,,0.0037789433263242,0.0,,,,,,,,,,,,,,,,,,,,,,,,,,,,,,,,,,,,,,,,,,,,,,,,,,,,,,,,,,,,,,,,,,,,,,,,,,,,,,,,,,,,,,,,,,,,,,,,,,,,,,,,,,,,,,,,,,,,,,,,,0.02229029436906173,0.0,0.0047043452505022,0.0,,,,,,,,,,,,,0.83725838859876,0.0,0.01420185978834825,0.0,,,,,,,,,,,0.012643878969053368,0.0,0.00296593492384995,0.0,0.0014001209056004,0.0,,,,,,,,,,,,,,,,,,,,,,,,,,,,,,,,,,,,,,,0,0,25,15
5,region_05,2023-03-18,,,,,,,,,,,,,,,0.0,0.0,,,,,,,,,,,,,,,,,,,,,,,,,0.0,0.0,,,,,,,,,,,,,0.0,0.0,0.0005177481798455,0.0,0.0,0.0,0.0,0.0,0.0009503097273408998,0.0,,,,,0.0,0.0,0.0,0.0,0.0015879679704084398,0.0,0.0,0.0,0.0,0.0,0.0,0.0,0.0,0.0,0.013088392280042122,0.0,0.04651488289237016,0.0,0.0068419162183999595,0.0,,,,,,,,,,,0.0029814009903929503,0.0,,,,,,,,,,,,,,,,,,,,,,,,,,,,,,,,,,,,,,,,,,,,,,,,,,,,,,,,,,,,,,,,,,,,,,,,,,,,,,,,,,,,,,,,,,,,,,,,,,,,,,,,,,,,,,,,,,,,,,,,,0.010273645259439902,0.0,0.00839016376994545,0.0,,,,,,,,,,,,,0.8812317490577698,0.0,0.01864499263465402,0.0,,,,,,,,,,,0.00947658009827132,0.0,0.0,0.0,0.000922932755202,0.0,,,,,,,,,,,,,,,,,,,,,,,,,,,,,,,,,,,,,,,0,0,25,16
5,region_05,2023-03-25,,,,,,,,,,,,,,,0.0,0.0,,,,,,,,,,,,,,,,,,,,,,,,,0.0,0.0,,,,,,,,,,,,,0.0,0.0,0.0,0.0,0.0,0.0,0.0,0.0,0.0,0.0,,,,,0.0,0.0,0.0,0.0,0.0,0.0,0.0,0.0,0.0,0.0,0.0,0.0,0.0008211288368329,0.0,0.014548096805810875,0.0,0.02971634144584333,0.0,0.003532723349053375,0.0,,,,,,,,,,,0.0,0.0,,,,,,,,,,,,,,,,,,,,,,,,,,,,,,,,,,,,,,,,,,,,,,,,,,,,,,,,,,,,,,,,,,,,,,,,,,,,,,,,,,,,,,,,,,,,,,,,,,,,,,,,,,,,,,,,,,,,,,,,,0.014777501113712725,0.0,0.0057697175070643,0.0,,,,,,,,,,,,,0.854685828089714,0.0,0.0311987185850739,0.0,,,,,,,,,,,0.02163632120937105,0.0,0.012855424778535924,0.0,0.0,0.0,,,,,,,,,,,,,,,,,,,,,,,,,,,,,,,,,,,,,,,0,0,25,17
5,region_05,2023-04-01,,,,,,,,,,,,,,,0.0,0.0,,,,,,,,,,,,,,,,,,,,,,,,,0.0,0.0,,,,,,,,,,,,,0.0,0.0,0.0,0.0,0.0,0.0,0.0016108740431566666,0.0,0.0,0.0,,,,,0.0,0.0,0.0,0.0,0.003212410490959833,0.0,0.0,0.0,0.0,0.0,0.0,0.0,0.0,0.0,0.008426290626327134,0.0,0.019859611367185868,0.0,0.016680299614866532,0.0,,,,,,,,,,,0.009696495408813099,0.0,,,,,,,,,,,,,,,,,,,,,,,,,,,,,,,,,,,,,,,,,,,,,,,,,,,,,,,,,,,,,,,,,,,,,,,,,,,,,,,,,,,,,,,,,,,,,,,,,,,,,,,,,,,,,,,,,,,,,,,,,0.024951680252949332,0.0,0.017899284760157234,0.0,,,,,,,,,,,,,0.8383244077364603,0.0,0.0302011165767908,0.0,,,,,,,,,,,0.019357071568568467,0.0,0.0079012826705972,0.0,0.002564851893112,0.0,,,,,,,,,,,,,,,,,,,,,,,,,,,,,,,,,,,,,,,0,0,25,18
5,region_05,2023-04-08,,,,,,,,,,,,,,,0.0,0.0,,,,,,,,,,,,,,,,,,,,,,,,,0.0,0.0,,,,,,,,,,,,,0.0,0.0,0.0,0.0,0.0,0.0,0.0,0.0,0.0,0.0,,,,,0.0,0.0,0.0,0.0,0.0017866026610135499,0.0,0.0,0.0,0.0,0.0,0.0,0.0,0.0,0.0,0.009010752197355,0.0,0.01827176660299295,0.0,0.00986638618633145,0.0,,,,,,,,,,,0.0046885840129107,0.0,,,,,,,,,,,,,,,,,,,,,,,,,,,,,,,,,,,,,,,,,,,,,,,,,,,,,,,,,,,,,,,,,,,,,,,,,,,,,,,,,,,,,,,,,,,,,,,,,,,,,,,,,,,,,,,,,,,,,,,,,0.0134400124661624,0.0,0.02657437510788435,0.0,,,,,,,,,,,,,0.8296765387058258,0.0,0.027430010028183398,0.0,,,,,,,,,,,0.031627262011170304,0.0,0.01806798484176395,0.0,0.0073982351459562,0.0,,,,,,,,,,,,,,,,,,,,,,,,,,,,,,,,,,,,,,,0,0,25,19
5,region_05,2023-04-15,,,,,,,,,,,,,,,0.0017770359504290128,0.0,,,,,,,,,,,,,,,,,,,,,,,,,0.0,0.0,,,,,,,,,,,,,0.0,0.0,0.0,0.0,0.0,0.0,0.0,0.0,0.0,0.0,0.0,,,,0.0,0.0,0.0,0.0,0.002481947261416727,0.0,0.0004750002471898982,0.0,0.0,0.0,0.0,0.0,0.0007996754276311691,0.0,0.00775225110654086,0.0,0.016094344803555396,0.0,0.005313452875072258,0.0,0.0,,0.0,,0.0,,0.0020426421005349904,2.0,0.0017919447491294227,2.0,0.00270252717150878,0.0,0.0022001897763961826,2.0,0.0,,0.0,,0.0,,0.0,,0.0,,0.0,,0.0,,0.0,,0.0,,0.0,,0.0,,0.0,,0.0,,0.0,,0.0,,0.0,,0.0,,0.0,,0.0,,0.0,,0.0,,0.0,,0.0,,0.0,,0.0,,0.0,,0.0,,0.0,,0.0,,0.0,,0.0,,0.0,,0.0,,0.0,,0.0,,0.0,,0.0,,0.0,,0.0,,0.0,,0.0,,0.0,,0.0,,0.0,,0.0,,0.0,,0.0,,0.0,,0.0,,0.0,,,,,,,,0.0,,,,,,,,,,,,0.01399799119681116,0.0,0.02375535345212975,0.0,0.007846550705532186,2.0,0.0005720012244030604,2.0,0.0,,0.0,,0.0,,0.0,,0.7968618262897839,0.0,0.03266984359784555,0.0,0.0032894280519476606,2.0,0.0005216093101937286,2.0,0.0030211886489548362,2.0,0.0,,0.0,,0.03232514326545321,0.0,0.014312031695788508,0.0,0.007594848110933147,0.0,0.0,,0.0,,0.0,,0.0,,0.0,,0.0,,0.0,,0.0,,0.0,,,,,,,,,,,,,,,,,,,,,,0,8,25,20
5,region_05,2023-04-22,,,,,,,,,,,,,,,0.0008885179752145064,0.0,,,,,,,,,,,,,,,,,,,,,,,,,0.0,0.0,,,,,,,,,,,,,0.0,0.0,0.0,0.0,0.0011413303630736723,0.0,0.0,0.0,0.0,0.0,0.0,,,,0.0,0.0,0.0,0.0,0.003900906737613118,0.0,0.0007846977709876732,0.0,0.0,0.0,0.0,0.0,0.0007426061223435644,0.0,0.004804060913071605,0.0,0.012574780765632336,0.0,0.006896810213053668,0.0,0.0007673366173334608,1.0,0.0,,0.0,,0.001401349715216822,0.0,0.0008959723745647114,0.0,0.0017228066726816104,0.0,0.001452343755270802,0.0,0.0,,0.0,,0.0,,0.0,,0.0,,0.0,,0.0,,0.0,,0.0,,0.0,,0.0,,0.0,,0.0,,0.0,,0.0,,0.0,,0.0,,0.0,,0.0,,0.0,,0.0,,0.0,,0.0,,0.0,,0.0,,0.0,,0.0,,0.0,,0.0,,0.0,,0.0,,0.0,,0.0,,0.0,,0.0,,0.0,,0.0,,0.0,,0.0,,0.0,,0.0,,0.0,,0.0,,0.0,,0.0,,0.0,,0.0,,0.0,,0.0,,0.0,,,,,,,,0.0,,,,,,,,,,,,0.018468916592084657,0.0,0.028483066668652378,0.0,0.010215179307297536,0.0,0.0002860006122015302,0.0,0.0,,0.0,,0.0,,0.0,,0.7864618213188769,0.0,0.03219501969564438,0.0,0.0033342525898917754,0.0,0.0035608137331325975,0.0,0.005156621563051274,0.0,0.0,,0.0,,0.0313854921687557,0.0,0.016776738455362244,0.0,0.00950958242981693,0.0,0.0,,0.0,,0.0,,0.0,,0.0,,0.0,,0.0,,0.0,,0.0,,,,,,,,,,,,,,,,,,,,,,1,0,33,0
5,region_05,2023-04-29,,,,,,,,,,,,,,,0.0,0.0,,,,,,,,,,,,,,,,,,,,,,,,,0.0,0.0,,,,,,,,,,,,,0.0,0.0,0.0,0.0,0.0022826607261473447,0.0,0.0,0.0,0.0,0.0,0.0,,,,0.0,0.0,0.0,0.0,0.0053198662138095095,0.0,0.0010943952947854482,0.0,0.0,0.0,0.0,0.0,0.0006855368170559595,0.0,0.0018558707196023498,0.0,0.009055216727709274,0.0,0.008480167551035079,0.0,0.0015346732346669216,0.0,0.0,,0.0,,0.0007600573298986538,0.0,0.0,0.0,0.0007430861738544407,0.0,0.0007044977341454218,0.0,0.0,,0.0,,0.0,,0.0,,0.0,,0.0,,0.0,,0.0,,0.0,,0.0,,0.0,,0.0,,0.0,,0.0,,0.0,,0.0,,0.0,,0.0,,0.0,,0.0,,0.0,,0.0,,0.0,,0.0,,0.0,,0.0,,0.0,,0.0,,0.0,,0.0,,0.0,,0.0,,0.0,,0.0,,0.0,,0.0,,0.0,,0.0,,0.0,,0.0,,0.0,,0.0,,0.0,,0.0,,0.0,,0.0,,0.0,,0.0,,0.0,,0.0,,,,,,,,0.0,,,,,,,,,,,,0.022939841987358156,0.0,0.033210779885175006,0.0,0.012583807909062888,0.0,0.0,0.0,0.0,,0.0,,0.0,,0.0,,0.7760618163479699,0.0,0.031720195793443214,0.0,0.0033790771278358906,0.0,0.0066000181560714665,0.0,0.007292054477147713,0.0,0.0,,0.0,,0.030445841072058187,0.0,0.01924144521493598,0.0,0.011424316748700713,0.0,0.0,,0.0,,0.0,,0.0,,0.0,,0.0,,0.0,,0.0,,0.0,,,,,,,,,,,,,,,,,,,,,,0,0,34,1
5,region_05,2023-05-06,,,,,,,,,,,,,,,0.0,0.0,,,,,,,,,,,,,,,,,,,,,,,,,0.0003969327827809859,0.0,,,,,,,,,,,,,0.0,0.0,0.0009977840203440169,0.0,0.0011413303630736723,0.0,0.0,0.0,0.0,0.0,0.0,,,,0.0,0.0,0.0,0.0,0.004320413139105249,0.0,0.0005471976473927241,0.0,0.0,0.0,0.0,0.0,0.000722376657938343,0.0,0.0013075436092115382,0.0,0.007295981858506134,0.0,0.007101719310945779,0.0,0.0026560479948552276,0.0,0.0,,0.0,,0.0008407521807104567,0.0,0.00047350474596894067,0.0,0.004352780659035429,0.0,0.002280056080041113,0.0,0.0,,0.00042584588062825326,2.0,0.0,,0.0,,0.0,,0.0,,0.0,,0.0,,0.0,,0.0,,0.0,,0.0,,0.0,,0.0,,0.0,,0.0,,0.0,,0.0,,0.0,,0.0,,0.0,,0.0,,0.0,,0.0,,0.0,,0.0,,0.0,,0.0,,0.0,,0.0,,0.0,,0.0,,0.0,,0.0,,0.0,,0.0,,0.0,,0.0,,0.0,,0.0,,0.0,,0.0,,0.0,,0.0,,0.0,,0.0,,0.0,,0.0,,0.0,,0.0,,,,,,,,0.0,,,,,,,,,,,,0.02609935777468809,0.0,0.04471517975099125,0.0,0.01992109642336467,0.0,0.0021175874353502647,0.0,0.0,,0.0,,0.0004702238765471882,2.0,0.0,,0.728197169909937,0.0,0.025909044495266292,0.0,0.00422872533310059,0.0,0.006264514812067402,0.0,0.009220150644138697,0.0,0.00044588947639565105,2.0,0.0016276733821723318,2.0,0.04279813385756642,0.0,0.024943446767704772,0.0,0.017689602518523133,0.0,0.00042584588062825326,2.0,0.0,,0.0,,0.0,,0.0,,0.0,,0.0,,0.0,,0.0,,,,,,,,,,,,,,,,,,,,,,0,5,34,2
5,region_05,2023-05-13,,,,,,,,,,,,,,,0.0,0.0,,,,,,,,,,,,,,,,,,,,,,,,,0.0007938655655619718,0.0,,,,,,,,,,,,,0.0,0.0,0.0019955680406880338,0.0,0.0,0.0,0.0,0.0,0.0,0.0,0.0,,,,0.0,0.0,0.0,0.0,0.003320960064400989,0.0,0.0,0.0,0.0,0.0,0.0,0.0,0.0007592164988207264,0.0,0.0007592164988207264,0.0,0.005536746989302993,0.0,0.00572327107085648,0.0,0.0037774227550435337,0.0,0.0,,0.0,,0.0009214470315222596,0.0,0.0009470094919378813,0.0,0.007962475144216418,0.0,0.003855614425936804,0.0,0.0,,0.0008516917612565065,0.0,0.0,,0.0,,0.0,,0.0,,0.0,,0.0,,0.0,,0.0,,0.0,,0.0,,0.0,,0.0,,0.0,,0.0,,0.0,,0.0,,0.0,,0.0,,0.0,,0.0,,0.0,,0.0,,0.0,,0.0,,0.0,,0.0,,0.0,,0.0,,0.0,,0.0,,0.0,,0.0,,0.0,,0.0,,0.0,,0.0,,0.0,,0.0,,0.0,,0.0,,0.0,,0.0,,0.0,,0.0,,0.0,,0.0,,0.0,,0.0,,,,,,,,0.0,,,,,,,,,,,,0.029258873562018027,0.0,0.05621957961680749,0.0,0.027258384937666448,0.0,0.0042351748707005294,0.0,0.0,,0.0,,0.0009404477530943764,0.0,0.0,,0.6803325234719042,0.0,0.020097893197089375,0.0,0.00507837353836529,0.0,0.005929011468063337,0.0,0.01114824681112968,0.0,0.0008917789527913021,0.0,0.0032553467643446636,0.0,0.05515042664307465,0.0,0.030645448320473563,0.0,0.023954888288345553,0.0,0.0008516917612565065,0.0,0.0,,0.0,,0.0,,0.0,,0.0,,0.0,,0.0,,0.0,,,,,,,,,,,,,,,,,,,,,,0,0,39,3
5,region_05,2023-05-20,,,,,,,,,,,,,,,0.0,0.0,,,,,,,,,,,,,,,,,,,,,,,,,0.0003969327827809859,0.0,,,,,,,,,,,,,0.0,0.0,0.0009977840203440169,0.0,0.0012603316236681097,0.0,0.0,0.0,0.0,0.0,0.0,,,,0.0,0.0,0.0,0.0,0.0027848935211366513,0.0,0.0,0.0,0.001122253571843909,0.0,0.0,0.0,0.0003796082494103632,0.0,0.0003796082494103632,0.0,0.003663776891849379,0.0,0.007954712643548906,0.0,0.004631074672729161,0.0,0.0,,0.0008893174987557729,2.0,0.0029936989124577243,0.0,0.0013434313993153511,0.0,0.005299361007727684,0.0,0.003421669280774342,0.0,0.0,,0.00042584588062825326,0.0,0.0,,0.0,,0.0,,0.0,,0.0,,0.0,,0.0,,0.0,,0.0,,0.0,,0.0,,0.0,,0.0,,0.0,,0.0,,0.0,,0.0,,0.0,,0.0,,0.0,,0.0,,0.0,,0.0,,0.0,,0.0,,0.0,,0.0,,0.0,,0.0,,0.0,,0.0,,0.0,,0.0,,0.0,,0.0,,0.0,,0.0,,0.0,,0.0,,0.0,,0.0,,0.0,,0.0,,0.0,,0.0,,0.0,,0.0,,0.0,,,,,,,,0.0,,,,,,,,,,,,0.04668258495795989,0.0,0.0770238150595126,0.0,0.03564877222469194,0.0,0.0021175874353502647,0.0,0.0,,0.0,,0.0022466221479607203,0.0,0.0,,0.5930829835063487,0.0,0.018978113586154643,0.0,0.010038891864814766,0.0,0.004890633894576968,0.0,0.014764189299267597,0.0,0.0059995478295604195,0.0,0.004041637686314008,0.0,0.06378398886077502,0.0,0.0337750013523663,0.0,0.04230093767142125,0.0,0.00042584588062825326,0.0,0.0,,0.0,,0.0,,0.0,,0.0,,0.0,,0.0,,0.0,,,,,,,,,,,,,,,,,,,,,,0,1,39,4
5,region_05,2023-05-27,,,,,,,,,,,,,,,0.0,0.0,,,,,,,,,,,,,,,,,,,,,,,,,0.0,0.0,,,,,,,,,,,,,0.0,0.0,0.0,0.0,0.0025206632473362195,0.0,0.0,0.0,0.0,0.0,0.0,,,,0.0,0.0,0.0,0.0,0.0022488269778723133,0.0,0.0,0.0,0.002244507143687818,0.0,0.0,0.0,0.0,0.0,0.0,0.0,0.0017908067943957654,0.0,0.010186154216241331,0.0,0.00548472659041479,0.0,0.0,,0.0017786349975115459,0.0,0.0050659507933931884,0.0,0.0017398533066928209,0.0,0.0026362468712389482,0.0,0.0029877241356118804,0.0,0.0,,0.0,0.0,0.0,,0.0,,0.0,,0.0,,0.0,,0.0,,0.0,,0.0,,0.0,,0.0,,0.0,,0.0,,0.0,,0.0,,0.0,,0.0,,0.0,,0.0,,0.0,,0.0,,0.0,,0.0,,0.0,,0.0,,0.0,,0.0,,0.0,,0.0,,0.0,,0.0,,0.0,,0.0,,0.0,,0.0,,0.0,,0.0,,0.0,,0.0,,0.0,,0.0,,0.0,,0.0,,0.0,,0.0,,0.0,,0.0,,0.0,,0.0,,,,,,,,0.0,,,,,,,,,,,,0.06410629635390176,0.0,0.0978280505022177,0.0,0.04403915951171743,0.0,0.0,0.0,0.0,,0.0,,0.0035527965428270645,0.0,0.0,,0.5058334435407932,0.0,0.017858333975219916,0.0,0.014999410191264244,0.0,0.0038522563210906,0.0,0.018380131787405517,0.0,0.011107316706329537,0.0,0.004827928608283352,0.0,0.07241755107847539,0.0,0.03690455438425903,0.0,0.06064698705449695,0.0,0.0,0.0,0.0,,0.0,,0.0,,0.0,,0.0,,0.0,,0.0,,0.0,,,,,,,,,,,,,,,,,,,,,,0,0,40,5
5,region_05,2023-06-03,,,,,,,,,,,,,,,0.0,0.0,,,,,,,,,,,,,,,,,,,,,,,,,0.0,0.0,,,,,,,,,,,,,0.0,0.0,0.0,0.0,0.0012603316236681097,0.0,0.0,0.0,0.0,0.0,0.0,,,,0.0,0.0,0.0,0.0,0.0011244134889361566,0.0,0.0,0.0,0.001122253571843909,0.0,0.0,0.0,0.0,0.0,0.0,0.0,0.002206471791780348,0.0,0.00843406623606587,0.0,0.01175922439845438,0.0,0.0,,0.002562746693370849,0.0,0.0044602540285005095,0.0,0.004005608509243603,0.0,0.0013181234356194741,0.0,0.004512173941283396,0.0,0.0,,0.0014012818624589186,0.0,0.0,,0.0,,0.0,,0.0,,0.0,,0.0,,0.0,,0.0,,0.0,,0.0,,0.0,,0.0,,0.0,,0.0,,0.0,,0.0,,0.0,,0.0,,0.0,,0.0,,0.0,,0.0,,0.0,,0.0,,0.0,,0.0,,0.0,,0.0,,0.0,,0.0,,0.0,,0.0,,0.0,,0.0,,0.0,,0.0,,0.0,,0.0,,0.0,,0.0,,0.0,,0.0,,0.0,,0.0,,0.0,,0.0,,0.0,,0.0,,,,,,,,0.0,,,,,,,,,,,,0.06335404495565358,0.0,0.10853964589440665,0.0,0.045861014499027436,0.0,0.002778412035220965,0.0,0.001597956892341178,2.0,0.0,,0.006310007927118236,0.0,0.0015570168859909894,2.0,0.4617118377302842,0.0,0.01962001004685414,0.0,0.010218176728999492,0.0,0.0036744297382995898,0.0,0.02051303485624803,0.0,0.009702909418948597,0.0,0.009824113229211989,0.0,0.07959877482792314,0.0,0.036470019138671025,0.0,0.05531142522100234,0.0,0.0,0.0,0.0,,0.0,,0.0,,0.0,,0.0,,0.0,,0.0,,0.0,,,,,,,,,,,,,,,,,,,,,,0,2,40,6
5,region_05,2023-06-10,,,,,,,,,,,,,,,0.0,0.0,,,,,,,,,,,,,,,,,,,,,,,,,0.0,0.0,,,,,,,,,,,,,0.0,0.0,0.0,0.0,0.0,0.0,0.0,0.0,0.0,0.0,0.0,,,,0.0,0.0,0.0,0.0,0.0,0.0,0.0,0.0,0.0,0.0,0.0,0.0,0.0,0.0,0.0,0.0,0.0026221367891649306,0.0,0.0066819782558904086,0.0,0.01803372220649397,0.0,0.0,,0.003346858389230152,0.0,0.0038545572636078307,0.0,0.006271363711794385,0.0,0.0,0.0,0.0060366237469549125,0.0,0.0,,0.0028025637249178372,0.0,0.0,,0.0,,0.0,,0.0,,0.0,,0.0,,0.0,,0.0,,0.0,,0.0,,0.0,,0.0,,0.0,,0.0,,0.0,,0.0,,0.0,,0.0,,0.0,,0.0,,0.0,,0.0,,0.0,,0.0,,0.0,,0.0,,0.0,,0.0,,0.0,,0.0,,0.0,,0.0,,0.0,,0.0,,0.0,,0.0,,0.0,,0.0,,0.0,,0.0,,0.0,,0.0,,0.0,,0.0,,0.0,,0.0,,0.0,,0.0,,,,,,,,0.0,,,,,,,,,,,,0.06260179355740539,0.0,0.1192512412865956,0.0,0.047682869486337445,0.0,0.00555682407044193,0.0,0.003195913784682356,0.0,0.0,,0.009067219311409408,0.0,0.0031140337719819788,0.0,0.4175902319197752,0.0,0.021381686118488365,0.0,0.005436943266734739,0.0,0.00349660315550858,0.0,0.022645937925090544,0.0,0.008298502131567657,0.0,0.014820297850140626,0.0,0.0867799985773709,0.0,0.03603548389308302,0.0,0.04997586338750774,0.0,0.0,0.0,0.0,,0.0,,0.0,,0.0,,0.0,,0.0,,0.0,,0.0,,,,,,,,,,,,,,,,,,,,,,0,0,42,7
5,region_05,2023-06-17,,,,,,,,,,,,,,,0.0,0.0,,,,,,,,,,,,,,,,,,,,,,,,,0.0,0.0,,,,,,,,,,,,,0.0,0.0,0.0015709996398072476,0.0,0.0,0.0,0.0,0.0,0.0,0.0,0.0,,,,0.0,0.0,0.0,0.0,0.0,0.0,0.0,0.0,0.0,0.0,0.0,0.0,0.0,0.0,0.0,0.0,0.0013110683945824653,0.0,0.012442974293651227,0.0,0.02707479181633657,0.0,0.0,,0.005409040603874387,0.0,0.0019272786318039153,0.0,0.006663437423623534,0.0,0.003088047927511569,0.0,0.008654439234645515,0.0,0.001957772481255208,2.0,0.0014012818624589186,0.0,0.0,,0.0,,0.0,,0.0,,0.0,,0.0,,0.0,,0.0,,0.0,,0.0,,0.0,,0.0,,0.0,,0.0,,0.0,,0.0,,0.0,,0.0,,0.0,,0.0,,0.0,,0.0,,0.0,,0.0,,0.0,,0.0,,0.0,,0.0,,0.0,,0.0,,0.0,,0.0,,0.0,,0.0,,0.0,,0.0,,0.0,,0.0,,0.0,,0.0,,0.0,,0.0,,0.0,,0.0,,0.0,,0.0,,0.0,,0.0,,,,,,,,0.0,,,,,,,,,,,,0.08389265104024493,0.0,0.14734092287910286,0.0,0.05811758515850976,0.0,0.0067125213082771295,0.0,0.001597956892341178,0.0,0.0,,0.007507659618510975,0.0,0.0015570168859909894,0.0,0.34362442410767124,0.0,0.016793001496512253,0.0,0.008804486238566257,0.0,0.00174830157775429,0.0,0.01882799788307996,0.0,0.010291183843999458,0.0,0.013597569388832892,0.0,0.10082411828627763,0.0,0.03605245285356058,0.0,0.05619827863944836,0.0,0.0,0.0,0.0,,0.0,,0.0,,0.0,,0.0,,0.0,,0.0,,0.0,,,,,,,,,,,,,,,,,,,,,,0,1,42,8
5,region_05,2023-06-24,,,,,,,,,,,,,,,0.0,0.0,,,,,,,,,,,,,,,,,,,,,,,,,0.0,0.0,,,,,,,,,,,,,0.0,0.0,0.003141999279614495,0.0,0.0,0.0,0.0,0.0,0.0,0.0,0.0,,,,0.0,0.0,0.0,0.0,0.0,0.0,0.0,0.0,0.0,0.0,0.0,0.0,0.0,0.0,0.0,0.0,0.0,0.0,0.018203970331412044,0.0,0.03611586142617917,0.0,0.0,,0.0074712228185186205,0.0,0.0,0.0,0.007055511135452683,0.0,0.006176095855023138,0.0,0.011272254722336115,0.0,0.003915544962510416,0.0,0.0,0.0,0.0,,0.0,,0.0,,0.0,,0.0,,0.0,,0.0,,0.0,,0.0,,0.0,,0.0,,0.0,,0.0,,0.0,,0.0,,0.0,,0.0,,0.0,,0.0,,0.0,,0.0,,0.0,,0.0,,0.0,,0.0,,0.0,,0.0,,0.0,,0.0,,0.0,,0.0,,0.0,,0.0,,0.0,,0.0,,0.0,,0.0,,0.0,,0.0,,0.0,,0.0,,0.0,,0.0,,0.0,,0.0,,0.0,,0.0,,0.0,,,,,,,,0.0,,,,,,,,,,,,0.10518350852308446,0.0,0.1754306044716101,0.0,0.06855230083068208,0.0,0.007868218546112329,0.0,0.0,0.0,0.0,,0.0059480999256125424,0.0,0.0,0.0,0.26965861629556725,0.0,0.01220431687453614,0.0,0.012172029210397776,0.0,0.0,0.0,0.015010057841069376,0.0,0.012283865556431258,0.0,0.012374840927525157,0.0,0.11486823799518435,0.0,0.036069421814038154,0.0,0.062420693891388976,0.0,0.0,0.0,0.0,,0.0,,0.0,,0.0,,0.0,,0.0,,0.0,,0.0,,,,,,,,,,,,,,,,,,,,,,0,0,43,9
5,region_05,2023-07-01,,,,,,,,,,,,,,,0.0,0.0,,,,,,,,,,,,,,,,,,,,,,,,,0.0,0.0,,,,,,,,,,,,,0.0,0.0,0.0015709996398072476,0.0,0.0,0.0,0.0,0.0,0.0,0.0,0.0,,,,0.0,0.0,0.0,0.0,0.0,0.0,0.0,0.0,0.0,0.0,0.0,0.0,0.0,0.0,0.0,0.0,0.0,0.0,0.01652448705755743,0.0,0.057570552920492735,0.0,0.0,,0.0037356114092593103,0.0,0.0,0.0,0.0035277555677263417,0.0,0.003088047927511569,0.0,0.01316326817542713,0.0,0.01276434338013464,0.0,0.006944385912412615,0.0,0.0,,0.002475043971334435,2.0,0.001986698697968965,2.0,0.0,,0.0,,0.0,,0.0,,0.0,,0.0,,0.0,,0.0,,0.0,,0.0,,0.0,,0.0,,0.0,,0.0,,0.0,,0.0,,0.0,,0.0,,0.0,,0.0,,0.0,,0.0,,0.0,,0.0,,0.0,,0.0,,0.0,,0.0,,0.0,,0.0,,0.0,,0.0,,0.0,,0.0,,0.0,,0.0,,0.0,,0.0,,0.0,,0.0,,0.0,,0.0,,0.0,,0.0,,0.0,,,,,,,,0.0,,,,,,,,,,,,0.09412744543342674,0.0,0.14164595578152395,0.0,0.07300025329348583,0.0,0.01060301946022376,0.0,0.0,0.0,0.0,,0.021135340426004363,0.0,0.006782728098332857,0.0,0.23279660658309698,0.0,0.013581444690986436,0.0,0.01571785173699934,0.0,0.002081327109287163,0.0,0.013944015211354037,0.0,0.00842118610550334,0.0,0.01804305746304954,0.0,0.10988180807385685,0.0,0.050492843315854324,0.0,0.06952950207250455,0.0,0.0,0.0,0.0,,0.0,,0.0,,0.0,,0.0,,0.0,,0.0,,0.0,,,,,,,,,,,,,,,,,,,,,,0,2,43,10
5,region_05,2023-07-08,,,,,,,,,,,,,,,0.0,0.0,,,,,,,,,,,,,,,,,,,,,,,,,0.0,0.0,,,,,,,,,,,,,0.0,0.0,0.0,0.0,0.0,0.0,0.0,0.0,0.0,0.0,0.0,,,,0.0,0.0,0.0,0.0,0.0,0.0,0.0,0.0,0.0,0.0,0.0,0.0,0.0,0.0,0.0,0.0,0.0,0.0,0.014845003783702815,0.0,0.07902524441480631,0.0,0.0,,0.0,0.0,0.0,0.0,0.0,0.0,0.0,0.0,0.015054281628518143,0.0,0.021613141797758865,0.0,0.01388877182482523,0.0,0.0,,0.00495008794266887,0.0,0.00397339739593793,0.0,0.0,,0.0,,0.0,,0.0,,0.0,,0.0,,0.0,,0.0,,0.0,,0.0,,0.0,,0.0,,0.0,,0.0,,0.0,,0.0,,0.0,,0.0,,0.0,,0.0,,0.0,,0.0,,0.0,,0.0,,0.0,,0.0,,0.0,,0.0,,0.0,,0.0,,0.0,,0.0,,0.0,,0.0,,0.0,,0.0,,0.0,,0.0,,0.0,,0.0,,0.0,,0.0,,0.0,,0.0,,0.0,,,,,,,,0.0,,,,,,,,,,,,0.08307138234376903,0.0,0.10786130709143782,0.0,0.07744820575628959,0.0,0.01333782037433519,0.0,0.0,0.0,0.0,,0.03632258092639618,0.0,0.013565456196665713,0.0,0.1959345968706267,0.0,0.014958572507436733,0.0,0.019263674263600903,0.0,0.004162654218574326,0.0,0.012877972581638699,0.0,0.004558506654575419,0.0,0.023711273998573926,0.0,0.10489537815252935,0.0,0.0649162648176705,0.0,0.07663831025362011,0.0,0.0,0.0,0.0,,0.0,,0.0,,0.0,,0.0,,0.0,,0.0,,0.0,,,,,,,,,,,,,,,,,,,,,,0,0,45,11
5,region_05,2023-07-15,,,,,,,,,,,,,,,0.0,0.0,,,,,,,,,,,,,,,,,,,,,,,,,0.0,0.0,,,,,,,,,,,,,0.0,0.0,0.0,0.0,0.0,0.0,0.0,0.0,0.0,0.0,0.0,,,,0.0,0.0,0.0,0.0,0.0,0.0,0.0,0.0,0.0,0.0,0.0,0.0,0.0,0.0,0.0,0.0,0.0,0.0,0.011598988498028859,0.0,0.10913409575819963,0.0,0.0,,0.011443002894520738,0.0,0.001280938879622552,0.0,0.002630290428974774,0.0,0.0,0.0,0.015541303590452497,0.0,0.020390773609418513,0.0,0.015105006893441693,0.0,0.0027656179867804804,2.0,0.005209219468942208,0.0,0.004916909797706733,0.0,0.0,,0.0,,0.0,,0.0,,0.0,,0.0,,0.0,,0.0,,0.0,,0.0,,0.0,,0.0,,0.0,,0.0,,0.0,,0.0,,0.0,,0.0,,0.0,,0.0,,0.0,,0.0,,0.0,,0.0,,0.0,,0.0,,0.0,,0.0,,0.0,,0.0,,0.0,,0.0,,0.0,,0.0,,0.0,,0.0,,0.0,,0.0,,0.0,,0.0,,0.0,,0.0,,0.0,,0.0,,0.0,,,,,,,,0.0,,,,,,,,,,,,0.05669962625418386,0.0,0.13048589021633542,0.0,0.07661992453393479,0.0,0.009512723452708342,0.0,0.0,0.0,0.0,,0.03170111315551569,0.0,0.008090841746478125,0.0,0.17711993551680016,0.0,0.010386508663317938,0.0,0.01837302166870027,0.0,0.006528082046480362,0.0,0.01344959242167049,0.0,0.009714869539519461,0.0,0.02711892282245331,0.0,0.08322619524437418,0.0,0.05374161895640466,0.0,0.08613837188908027,0.0,0.00429288143127716,0.0,0.0,,0.0,,0.0,,0.0,,0.0,,0.0,,0.0,,0.0,,,,,,,,,,,,,,,,,,,,,,0,1,45,12
5,region_05,2023-07-22,,,,,,,,,,,,,,,0.0,0.0,,,,,,,,,,,,,,,,,,,,,,,,,0.0,0.0,,,,,,,,,,,,,0.0,0.0,0.0,0.0,0.0,0.0,0.0,0.0,0.0,0.0,0.0,,,,0.0,0.0,0.0,0.0,0.0,0.0,0.0,0.0,0.0,0.0,0.0,0.0,0.0,0.0,0.0,0.0,0.0,0.0,0.008352973212354904,0.0,0.13924294710159296,0.0,0.0,,0.022886005789041475,0.0,0.002561877759245104,0.0,0.005260580857949548,0.0,0.0,0.0,0.01602832555238685,0.0,0.01916840542107816,0.0,0.016321241962058156,0.0,0.005531235973560961,0.0,0.0054683509952155466,0.0,0.005860422199475535,0.0,0.0,,0.0,,0.0,,0.0,,0.0,,0.0,,0.0,,0.0,,0.0,,0.0,,0.0,,0.0,,0.0,,0.0,,0.0,,0.0,,0.0,,0.0,,0.0,,0.0,,0.0,,0.0,,0.0,,0.0,,0.0,,0.0,,0.0,,0.0,,0.0,,0.0,,0.0,,0.0,,0.0,,0.0,,0.0,,0.0,,0.0,,0.0,,0.0,,0.0,,0.0,,0.0,,0.0,,0.0,,0.0,,,,,,,,0.0,,,,,,,,,,,,0.030327870164598685,0.0,0.153110473341233,0.0,0.07579164331157999,0.0,0.005687626531081494,0.0,0.0,0.0,0.0,,0.027079645384635198,0.0,0.002616227296290538,0.0,0.15830527416297366,0.0,0.005814444819199143,0.0,0.017482369073799634,0.0,0.0088935098743864,0.0,0.014021212261702283,0.0,0.0148712324244635,0.0,0.03052657164633269,0.0,0.061557012336219005,0.0,0.04256697309513882,0.0,0.09563843352454045,0.0,0.00858576286255432,0.0,0.0,,0.0,,0.0,,0.0,,0.0,,0.0,,0.0,,0.0,,,,,,,,,,,,,,,,,,,,,,0,0,46,13
5,region_05,2023-07-29,,,,,,,,,,,,,,,0.0,0.0,,,,,,,,,,,,,,,,,,,,,,,,,0.0,0.0,,,,,,,,,,,,,0.0,0.0,0.0007494720380886142,0.0,0.0,0.0,0.0,0.0,0.0,0.0,0.0008309195116275634,2.0,,,0.0,0.0,0.0,0.0,0.0,0.0,0.0,0.0,0.0,0.0,0.0,0.0,0.0,0.0,0.0,0.0,0.0,0.0,0.007593707147473283,0.0,0.15270270106006173,0.0,0.0,,0.017397393266412757,0.0,0.004250453988264635,0.0,0.003763315515340704,0.0,0.0009596009077404989,0.0,0.014535934735361244,0.0,0.03176433761663572,0.0,0.012510618069817727,0.0,0.007810480000937307,0.0,0.009238015857570395,0.0,0.008353041484790238,0.0,0.0,,0.005279427874793692,1.0,0.001548011834356199,2.0,0.0005800948461650476,2.0,0.0,,0.0,,0.0,,0.0,,0.0,,0.0,,0.0,,0.0,,0.0,,0.0,,0.0,,0.0,,0.0,,0.0,,0.0,,0.0,,0.0,,0.0,,0.0,,0.0,,0.0,,0.0,,0.0,,0.0,,0.0,,0.0,,0.0,,0.0,,0.0,,0.0,,0.0,,0.0,,0.0,,0.0,,0.0,,0.0,,0.0,,0.0,,0.0,,0.0,,0.0,,,,,,,,0.0,,,,,,,,,,,,0.03907009946878734,0.0,0.1361484452803598,0.0,0.08084122526148951,0.0,0.014601107774228716,0.0,0.0020367030261291157,0.0,0.0005111103275435184,2.0,0.03903275268452412,0.0,0.0056435776562184705,0.0,0.12402633567620916,0.0,0.0029072224095995714,0.0,0.017161890438019987,0.0,0.00907929056553352,0.0,0.013222229323635752,0.0,0.016854267190924987,0.0,0.02382832656304036,0.0,0.055694844327792384,0.0,0.034099029694292377,0.0,0.09556590354234248,0.0,0.007092069986000031,0.0,0.0,,0.0,,0.0,,0.0,,0.0,,0.0,,0.0,,0.0,,,,,,,,,,,,,,,,,,,,,,1,4,46,0
5,region_05,2023-08-05,,,,,,,,,,,,,,,0.0,0.0,,,,,,,,,,,,,,,,,,,,,,,,,0.0,0.0,,,,,,,,,,,,,0.0,0.0,0.0014989440761772285,0.0,0.0,0.0,0.0,0.0,0.0,0.0,0.0016618390232551268,0.0,,,0.0,0.0,0.0,0.0,0.0,0.0,0.0,0.0,0.0,0.0,0.0,0.0,0.0,0.0,0.0,0.0,0.0,0.0,0.006834441082591661,0.0,0.16616245501853047,0.0,0.0,,0.01190878074378404,0.0,0.005939030217284166,0.0,0.0022660501727318596,0.0,0.0019192018154809978,0.0,0.01304354391833564,0.0,0.04436026981219328,0.0,0.0086999941775773,0.0,0.010089724028313655,0.0,0.013007680719925243,0.0,0.01084566077010494,0.0,0.0,,0.010558855749587384,0.0,0.003096023668712398,0.0,0.0011601896923300952,0.0,0.0,,0.0,,0.0,,0.0,,0.0,,0.0,,0.0,,0.0,,0.0,,0.0,,0.0,,0.0,,0.0,,0.0,,0.0,,0.0,,0.0,,0.0,,0.0,,0.0,,0.0,,0.0,,0.0,,0.0,,0.0,,0.0,,0.0,,0.0,,0.0,,0.0,,0.0,,0.0,,0.0,,0.0,,0.0,,0.0,,0.0,,0.0,,0.0,,0.0,,0.0,,,,,,,,0.0,,,,,,,,,,,,0.047812328772976,0.0,0.1191864172194866,0.0,0.08589080721139904,0.0,0.02351458901737594,0.0,0.0040734060522582315,0.0,0.0010222206550870368,0.0,0.05098585998441305,0.0,0.008670928016146402,0.0,0.08974739718944465,0.0,0.0,0.0,0.016841411802240344,0.0,0.009265071256680638,0.0,0.012423246385569223,0.0,0.018837301957386473,0.0,0.017130081479748035,0.0,0.049832676319365755,0.0,0.02563108629344593,0.0,0.0954933735601445,0.0,0.005598377109445743,0.0,0.0,,0.0,,0.0,,0.0,,0.0,,0.0,,0.0,,0.0,,,,,,,,,,,,,,,,,,,,,,0,0,51,1
5,region_05,2023-08-12,,,,,,,,,,,,,,,0.0,0.0,,,,,,,,,,,,,,,,,,,,,,,,,0.0,0.0,,,,,,,,,,,,,0.0,0.0,0.0018702400365977043,0.0,0.0,0.0,0.0,0.0,0.0,0.0,0.0021271630937074073,0.0,,,0.0,0.0,0.0,0.0,0.0,0.0,0.0,0.0,0.0,0.0,0.0,0.0,0.0,0.0,0.0,0.0,0.0,0.0,0.009144166603582722,0.0,0.17317648929844623,0.0,0.0,,0.012487305500772861,0.0,0.00334503055736984,0.0,0.0041982898296732685,0.0,0.0009596009077404989,0.0,0.0075018656750017,0.0,0.04742867526900671,0.0,0.008361602453949967,0.0,0.01661127107923451,0.0,0.01086074704200852,0.0,0.011310289655294629,0.0,0.0,,0.02600887194547236,0.0,0.002568424389686473,0.0,0.0016767872896577144,0.0,0.0,,0.0,,0.0,,0.0,,0.0,,0.0,,0.0,,0.0,,0.0,,0.0,,0.0,,0.0,,0.0,,0.0,,0.0,,0.0,,0.0,,0.0,,0.0,,0.0,,0.0,,0.0,,0.0,,0.0,,0.0,,0.0,,0.0,,0.0,,0.0,,0.0,,0.0,,0.0,,0.0,,0.0,,0.0,,0.0,,0.0,,0.0,,0.0,,0.0,,0.0,,,,,,,,0.0,,,,,,,,,,,,0.04640284082339684,0.0,0.11000141022583873,0.0,0.07710881668912324,0.0,0.024574527874958806,0.0,0.010528210053841226,0.0,0.001041494076305608,0.0,0.06019733418692433,0.0,0.005809058353630476,0.0,0.07964718854097882,0.0,0.0,0.0,0.012984380565892874,0.0,0.00857183910166679,0.0,0.009764352993209081,0.0,0.017492459877007538,0.0,0.01937334811368925,0.0,0.0467867484778588,0.0,0.016680572602047496,0.0,0.10394262760243514,0.0,0.0046892713072169065,0.0,0.0,,0.0,,0.0,,0.0,,0.0,,0.0,,0.0,,0.0,,,,,,,,,,,,,,,,,,,,,,0,0,51,2
5,region_05,2023-08-19,,,,,,,,,,,,,,,0.0,0.0,,,,,,,,,,,,,,,,,,,,,,,,,0.0,0.0,,,,,,,,,,,,,0.0,0.0,0.00224153599701818,0.0,0.0,0.0,0.0,0.0,0.0,0.0,0.002592487164159688,0.0,,,0.0,0.0,0.0,0.0,0.0,0.0,0.0,0.0,0.0,0.0,0.0,0.0,0.0,0.0,0.0,0.0,0.0,0.0,0.011453892124573784,0.0,0.180190523578362,0.0,0.0,,0.013065830257761684,0.0,0.0007510308974555143,0.0,0.0061305294866146765,0.0,0.0,0.0,0.001960187431667761,0.0,0.05049708072582013,0.0,0.008023210730322633,0.0,0.02313281813015537,0.0,0.008713813364091797,0.0,0.01177491854048432,0.0,0.0,,0.041458888141357335,0.0,0.0020408251106605476,0.0,0.0021933848869853333,0.0,0.0,,0.0,,0.0,,0.0,,0.0,,0.0,,0.0,,0.0,,0.0,,0.0,,0.0,,0.0,,0.0,,0.0,,0.0,,0.0,,0.0,,0.0,,0.0,,0.0,,0.0,,0.0,,0.0,,0.0,,0.0,,0.0,,0.0,,0.0,,0.0,,0.0,,0.0,,0.0,,0.0,,0.0,,0.0,,0.0,,0.0,,0.0,,0.0,,0.0,,0.0,,,,,,,,0.0,,,,,,,,,,,,0.044993352873817685,0.0,0.10081640323219088,0.0,0.06832682616684745,0.0,0.02563446673254167,0.0,0.016983014055424222,0.0,0.001060767497524179,0.0,0.0694088083894356,0.0,0.00294718869111455,0.0,0.06954697989251299,0.0,0.0,0.0,0.009127349329545403,0.0,0.007878606946652942,0.0,0.0071054596008489415,0.0,0.0161476177966286,0.0,0.021616614747630464,0.0,0.043740820636351846,0.0,0.007730058910649061,0.0,0.11239188164472576,0.0,0.00378016550498807,0.0,0.0,,0.0,,0.0,,0.0,,0.0,,0.0,,0.0,,0.0,,,,,,,,,,,,,,,,,,,,,,0,0,51,3
5,region_05,2023-08-26,,,,,,,,,,,,,,,0.0,0.0,,,,,,,,,,,,,,,,,,,,,,,,,0.0,0.0,,,,,,,,,,,,,0.0,0.0,0.00394709797110405,0.0,0.0,0.0,0.0,0.0,0.0,0.0,0.0044985874981914205,0.0,,,0.0,0.0,0.0,0.0,0.0,0.0,0.0,0.0,0.0,0.0,0.0,0.0,0.0,0.0,0.0,0.0,0.0,0.0,0.006823768527280715,0.0,0.2068746522633415,0.0,0.0012577625610375224,2.0,0.01091296703437707,0.0,0.00037551544872775714,0.0,0.005722572681255554,0.0,0.0,0.0,0.0023686783765622136,0.0,0.06446723317556474,0.0,0.014518372213427416,0.0,0.019693962919215335,0.0,0.010453487552156752,0.0,0.021586932797417597,0.0,0.0034348186454735458,2.0,0.04553536356557246,0.0,0.0033914928804040373,0.0,0.0026233891646066784,0.0,0.0,,0.0,,0.0,,0.0,,0.0,,0.0,,0.0,,0.0,,0.0,,0.0,,0.0,,0.0,,0.0,,0.0,,0.0,,0.0,,0.0,,0.0,,0.0,,0.0,,0.0,,0.0,,0.0,,0.0,,0.0,,0.0,,0.0,,0.0,,0.0,,0.0,,0.0,,0.0,,0.0,,0.0,,0.0,,0.0,,0.0,,0.0,,0.0,,0.0,,0.0,,,,,,,,0.0,,,,,,,,,,,,0.03787757927362897,0.0,0.09001039526636757,0.0,0.05329215184106051,0.0,0.03183428548332864,0.0,0.012432609741679448,0.0,0.0005303837487620895,0.0,0.07310109464946572,0.0,0.004497765809081549,0.0,0.05887911682903475,0.0,0.0005317535969273234,0.0,0.011635863659723394,0.0,0.006573506138975799,0.0,0.007005471602680589,0.0,0.016216228545562296,0.0,0.016908535678479497,0.0,0.04103405152757958,0.0,0.011591225354887207,0.0,0.09090355171097646,0.0,0.006663194267137676,0.0,0.0,,0.0,,0.0,,0.0,,0.0,,0.0,,0.0,,0.0,,,,,,,,,,,,,,,,,,,,,,0,2,51,4
5,region_05,2023-09-02,,,,,,,,,,,,,,,0.0,0.0,,,,,,,,,,,,,,,,,,,,,,,,,0.0,0.0,,,,,,,,,,,,,0.0,0.0,0.005652659945189919,0.0,0.0,0.0,0.0,0.0,0.0,0.0,0.006404687832223153,0.0,,,0.0,0.0,0.0,0.0,0.0,0.0,0.0,0.0,0.0,0.0,0.0,0.0,0.0,0.0,0.0,0.0,0.0,0.0,0.0021936449299876466,0.0,0.233558780948321,0.0,0.0025155251220750447,0.0,0.008760103810992455,0.0,0.0,0.0,0.005314615875896431,0.0,0.0,0.0,0.0027771693214566667,0.0,0.07843738562530936,0.0,0.0210135336965322,0.0,0.0162551077082753,0.0,0.012193161740221708,0.0,0.031398947054350874,0.0,0.0068696372909470916,0.0,0.04961183898978759,0.0,0.0047421606501475266,0.0,0.0030533934422280235,0.0,0.0,,0.0,,0.0,,0.0,,0.0,,0.0,,0.0,,0.0,,0.0,,0.0,,0.0,,0.0,,0.0,,0.0,,0.0,,0.0,,0.0,,0.0,,0.0,,0.0,,0.0,,0.0,,0.0,,0.0,,0.0,,0.0,,0.0,,0.0,,0.0,,0.0,,0.0,,0.0,,0.0,,0.0,,0.0,,0.0,,0.0,,0.0,,0.0,,0.0,,0.0,,,,,,,,0.0,,,,,,,,,,,,0.030761805673440248,0.0,0.07920438730054427,0.0,0.03825747751527357,0.0,0.0380341042341156,0.0,0.007882205427934675,0.0,0.0,0.0,0.07679338090949585,0.0,0.006048342927048547,0.0,0.04821125376555651,0.0,0.0010635071938546467,0.0,0.014144377989901384,0.0,0.005268405331298658,0.0,0.006905483604512235,0.0,0.016284839294495992,0.0,0.012200456609328534,0.0,0.038327282418807306,0.0,0.015452391799125352,0.0,0.06941522177722716,0.0,0.009546223029287282,0.0,0.0,,0.0,,0.0,,0.0,,0.0,,0.0,,0.0,,0.0,,,,,,,,,,,,,,,,,,,,,,0,0,53,5
5,region_05,2023-09-09,,,,,,,,,,,,,,,0.0,0.0,,,,,,,,,,,,,,,,,,,,,,,,,0.0,0.0,,,,,,,,,,,,,0.0,0.0,0.004156338499160447,0.0,0.0,0.0,0.0,0.0,0.0,0.0,0.004925301602314652,0.0,,,0.0,0.0,0.0,0.0,0.0,0.0,0.0,0.0,0.0,0.0,0.0,0.0,0.0,0.0,0.0,0.0,0.0,0.0,0.004042238944957947,0.0,0.23467485429436868,0.0,0.0012577625610375224,0.0,0.011635977713509398,0.0,0.0,0.0,0.0026573079379482154,0.0,0.00026707550403606703,0.0,0.001822169982226892,0.0,0.08379429860811939,0.0,0.01948082481705861,0.0,0.011500972825822131,0.0,0.011018073152412013,0.0,0.033947802530484794,0.0,0.006160282254727,0.0,0.07037480790920628,0.0,0.008101674678203202,0.0,0.00864424484848921,0.0,0.00010702201316454269,2.0,0.0,,0.0,,0.0,,0.0,,0.0,,0.0,,0.0,,0.0,,0.0,,0.0,,0.0,,0.0,,0.0,,0.0,,0.0,,0.0,,0.0,,0.0,,0.0,,0.0,,0.0,,0.0,,0.0,,0.0,,0.0,,0.0,,0.0,,0.0,,0.0,,0.0,,0.0,,0.0,,0.0,,0.0,,0.0,,0.0,,0.0,,0.0,,0.0,,0.0,,,,,,,,0.0,,,,,,,,,,,,0.02884665898498933,0.0,0.06496893026856607,0.0,0.03326692174868801,0.0,0.042986303440887774,0.0,0.011779114355643543,0.0,0.0011653599152662362,0.0,0.082214718336484,0.0,0.008622531003713779,0.0,0.04479067963595037,0.0,0.002704284865952354,0.0,0.010274009692078088,0.0,0.003480895558393261,0.0,0.006601054450929721,0.0,0.01470795260837188,0.0,0.010607061573925068,0.0,0.030841983281866124,0.0,0.010646021360239772,0.0,0.07055311659727279,0.0,0.00667801876999245,0.0,0.0,,0.0,,0.0,,0.0,,0.0,,0.0,,0.0,,0.0,,,,,,,,,,,,,,,,,,,,,,0,1,53,6
5,region_05,2023-09-16,,,,,,,,,,,,,,,0.0,0.0,,,,,,,,,,,,,,,,,,,,,,,,,0.0,0.0,,,,,,,,,,,,,0.0,0.0,0.002660017053130975,0.0,0.0,0.0,0.0,0.0,0.0,0.0,0.0034459153724061514,0.0,,,0.0,0.0,0.0,0.0,0.0,0.0,0.0,0.0,0.0,0.0,0.0,0.0,0.0,0.0,0.0,0.0,0.0,0.0,0.0058908329599282475,0.0,0.23579092764041637,0.0,0.0,0.0,0.01451185161602634,0.0,0.0,0.0,0.0,0.0,0.0005341510080721341,0.0,0.0008671706429971171,0.0,0.08915121159092942,0.0,0.017948115937585014,0.0,0.006746837943368963,0.0,0.009842984564602319,0.0,0.036496658006618714,0.0,0.005450927218506909,0.0,0.09113777682862495,0.0,0.011461188706258877,0.0,0.014235096254750395,0.0,0.00021404402632908538,0.0,0.0,,0.0,,0.0,,0.0,,0.0,,0.0,,0.0,,0.0,,0.0,,0.0,,0.0,,0.0,,0.0,,0.0,,0.0,,0.0,,0.0,,0.0,,0.0,,0.0,,0.0,,0.0,,0.0,,0.0,,0.0,,0.0,,0.0,,0.0,,0.0,,0.0,,0.0,,0.0,,0.0,,0.0,,0.0,,0.0,,0.0,,0.0,,0.0,,0.0,,,,,,,,0.0,,,,,,,,,,,,0.02693151229653841,0.0,0.05073347323658786,0.0,0.02827636598210245,0.0,0.047938502647659954,0.0,0.015676023283352408,0.0,0.0023307198305324724,0.0,0.08763605576347216,0.0,0.011196719080379012,0.0,0.04137010550634423,0.0,0.004345062538050061,0.0,0.006403641394254791,0.0,0.0016933857854878637,0.0,0.006296625297347206,0.0,0.013131065922247769,0.0,0.009013666538521602,0.0,0.023356684144924943,0.0,0.005839650921354193,0.0,0.07169101141731843,0.0,0.0038098145106976182,0.0,0.0,,0.0,,0.0,,0.0,,0.0,,0.0,,0.0,,0.0,,,,,,,,,,,,,,,,,,,,,,0,0,54,7
5,region_05,2023-09-23,,,,,,,,,,,,,,,0.0,0.0,,,,,,,,,,,,,,,,,,,,,,,,,0.0,0.0,,,,,,,,,,,,,0.0,0.0,0.0019172858270859352,0.0,0.0,0.0,0.0,0.0,0.0,0.0,0.004247706613457915,0.0,,,0.0,0.0,0.0,0.0,0.0,0.0,0.0,0.0,0.0,0.0,0.0,0.0,0.0,0.0,0.0,0.0,0.0,0.0,0.008586314282366213,0.0,0.24354028107547226,0.0,0.0006610259190078987,0.0,0.010547886824839647,0.0,0.0004836789049413686,0.0,0.0004384261312309488,0.0,0.00026707550403606703,0.0,0.0008720114527295073,0.0,0.09440566243576257,0.0,0.01829428689251108,0.0,0.013809139834028709,0.0,0.009462165246652603,0.0,0.042651673310936326,0.0,0.014505581558103425,0.0,0.09680950214168797,0.0,0.013147163348981968,0.0,0.013458346306417651,0.0,0.0028821202784722216,0.0,0.0,,0.0,,0.0,,0.0,,0.0,,0.0,,0.0,,0.0,,0.0,,0.0,,0.0,,0.0,,0.0,,0.0,,0.0,,0.0,,0.0,,0.0,,0.0,,0.0,,0.0,,0.0,,0.0,,0.0,,0.0,,0.0,,0.0,,0.0,,0.0,,0.0,,0.0,,0.0,,0.0,,0.0,,0.0,,0.0,,0.0,,0.0,,0.0,,0.0,,,,,,,,0.0,,,,,,,,,,,,0.028065700223275564,0.0,0.048058498129996775,0.0,0.023423837105653808,0.0,0.03954631121273898,0.0,0.020162824953889852,0.0,0.0024344133486875297,0.0,0.08504551577226237,0.0,0.009651959374848204,0.0,0.03460375162680288,0.0,0.0026442592470196638,0.0,0.00414365566870681,0.0,0.0021676316200317006,0.0,0.005914692529457439,0.0,0.01355158499723599,0.0,0.007169612041717827,0.0,0.018734067985868574,0.0,0.0048478271570509095,0.0,0.06007594670056819,0.0,0.0020000243906633146,0.0,0.0,,0.0,,0.0,,0.0,,0.0,,0.0,,0.0,,0.0,,,,,,,,,,,,,,,,,,,,,,0,0,54,8
5,region_05,2023-09-30,,,,,,,,,,,,,,,0.0,0.0,,,,,,,,,,,,,,,,,,,,,,,,,0.0,0.0,,,,,,,,,,,,,0.0,0.0,0.0011745546010408954,0.0,0.0,0.0,0.0,0.0,0.0,0.0,0.005049497854509678,0.0,,,0.0,0.0,0.0,0.0,0.0,0.0,0.0,0.0,0.0,0.0,0.0,0.0,0.0,0.0,0.0,0.0,0.0,0.0,0.011281795604804178,0.0,0.25128963451052816,0.0,0.0013220518380157975,0.0,0.006583922033652953,0.0,0.0009673578098827372,0.0,0.0008768522624618976,0.0,0.0,0.0,0.0008768522624618976,0.0,0.0996601132805957,0.0,0.01864045784743714,0.0,0.020871441724688453,0.0,0.009081345928702888,0.0,0.04880668861525394,0.0,0.023560235897699938,0.0,0.102481227454751,0.0,0.014833137991705062,0.0,0.012681596358084907,0.0,0.005550196530615358,0.0,0.0,,0.0,,0.0,,0.0,,0.0,,0.0,,0.0,,0.0,,0.0,,0.0,,0.0,,0.0,,0.0,,0.0,,0.0,,0.0,,0.0,,0.0,,0.0,,0.0,,0.0,,0.0,,0.0,,0.0,,0.0,,0.0,,0.0,,0.0,,0.0,,0.0,,0.0,,0.0,,0.0,,0.0,,0.0,,0.0,,0.0,,0.0,,0.0,,0.0,,,,,,,,0.0,,,,,,,,,,,,0.029199888150012718,0.0,0.04538352302340569,0.0,0.01857130822920517,0.0,0.03115411977781801,0.0,0.024649626624427295,0.0,0.002538106866842587,0.0,0.08245497578105257,0.0,0.008107199669317397,0.0,0.027837397747261537,0.0,0.0009434559559892668,0.0,0.0018836699431588279,0.0,0.0026418774545755373,0.0,0.005532759761567672,0.0,0.01397210407222421,0.0,0.005325557544914051,0.0,0.014111451826812206,0.0,0.003856003392747626,0.0,0.048460881983817955,0.0,0.00019023427062901161,0.0,0.0,,0.0,,0.0,,0.0,,0.0,,0.0,,0.0,,0.0,,,,,,,,,,,,,,,,,,,,,,0,0,54,9
5,region_05,2023-10-07,,,,,,,,,,,,,,,0.0,0.0,,,,,,,,,,,,,,,,,,,,,,,,,0.0,0.0,,,,,,,,,,,,,0.0,0.0,0.0023804911876605978,0.0,0.0,0.0,0.0,0.0,0.0,0.0,0.004055353313139244,0.0,,,0.0,0.0,0.0001622294054998369,0.0,0.0,0.0,0.0,0.0,0.0,0.0,0.0,0.0,0.0,0.0,0.0005384818524927472,0.0,0.0,0.0,0.010042208637258323,0.0,0.23452812807422008,0.0,0.0027505078729805326,0.0,0.006917022717967038,0.0,0.0004836789049413686,0.0,0.000901082676024007,0.0,0.0,0.0,0.001926301239938723,0.0,0.08421479511680129,0.0,0.015426912442456104,0.0,0.02425793304160376,0.0,0.011285236954136166,0.0,0.04391386998551228,0.0,0.02522361529370143,0.0,0.13748586705472246,0.0,0.017561484618630933,0.0,0.01390375791206241,0.0,0.007083444912895143,0.0,0.0010695595236029213,1.0,0.0,,0.0,,0.0,,0.0,,0.0,,0.0,,0.0,,0.0,,0.0,,0.0,,0.0,,0.0,,0.0,,0.0,,0.0,,0.0,,0.0,,0.0,,0.0,,0.0,,0.0,,0.0,,0.0,,0.0004045924360979975,2.0,0.0,,0.0,,0.0,,0.0,,0.0,,0.0,,0.0,,0.0,,0.0,,0.0,,0.0,,0.0,,0.0,,0.0,,0.0,,,,,,,,0.0,,,,,,,,,,,,0.026172203531102993,0.0,0.04631138110898455,0.0,0.016747950793863743,0.0,0.03639569433544194,0.0,0.021506820707920343,0.0,0.0031379346178972787,0.0,0.081963450380767,0.0,0.005025187653101845,0.0,0.022065756052726232,0.0,0.0004717279779946334,0.0,0.001719096612311788,0.0,0.0013209387272877687,0.0,0.004325120376576621,0.0,0.014719687496360385,0.0,0.0035130878165131755,0.0,0.016219089794460455,0.0,0.004111638041919595,0.0,0.04480044162550633,0.0,0.001716396973099861,0.0,0.0,,0.0,,0.0,,0.0,,0.0,,0.0,,0.0,,0.0,,,,,,,,,,,,,,,,,,,,,,1,1,54,0
5,region_05,2023-10-14,,,,,,,,,,,,,,,0.0,0.0,,,,,,,,,,,,,,,,,,,,,,,,,0.0,0.0,,,,,,,,,,,,,0.0,0.0,0.0035864277742803,0.0,0.0,0.0,0.0,0.0,0.0,0.0,0.0030612087717688096,0.0,,,0.0,0.0,0.0003244588109996738,0.0,0.0,0.0,0.0,0.0,0.0,0.0,0.0,0.0,0.0,0.0,0.0010769637049854945,0.0,0.0,0.0,0.00880262166971247,0.0,0.217766621637912,0.0,0.004178963907945268,0.0,0.007250123402281124,0.0,0.0,0.0,0.0009253130895861166,0.0,0.0,0.0,0.0029757502174155488,0.0,0.06876947695300688,0.0,0.01221336703747507,0.0,0.02764442435851907,0.0,0.013489127979569445,0.0,0.039021051355770615,0.0,0.026886994689702924,0.0,0.17249050665469393,0.0,0.02028983124555681,0.0,0.015125919466039911,0.0,0.008616693295174928,0.0,0.0021391190472058426,0.0,0.0,,0.0,,0.0,,0.0,,0.0,,0.0,,0.0,,0.0,,0.0,,0.0,,0.0,,0.0,,0.0,,0.0,,0.0,,0.0,,0.0,,0.0,,0.0,,0.0,,0.0,,0.0,,0.0,,0.000809184872195995,0.0,0.0,,0.0,,0.0,,0.0,,0.0,,0.0,,0.0,,0.0,,0.0,,0.0,,0.0,,0.0,,0.0,,0.0,,0.0,,,,,,,,0.0,,,,,,,,,,,,0.02314451891219327,0.0,0.04723923919456341,0.0,0.014924593358522318,0.0,0.04163726889306586,0.0,0.01836401479141339,0.0,0.003737762368951971,0.0,0.08147192498048142,0.0,0.0019431756368862919,0.0,0.016294114358190923,0.0,0.0,0.0,0.0015545232814647477,0.0,0.0,0.0,0.0031174809915855686,0.0,0.01546727092049656,0.0,0.0017006180881123,0.0,0.018326727762108707,0.0,0.004367272691091564,0.0,0.041140001267194706,0.0,0.00324255967557071,0.0,0.0,,0.0,,0.0,,0.0,,0.0,,0.0,,0.0,,0.0,,,,,,,,,,,,,,,,,,,,,,0,0,56,1
5,region_05,2023-10-21,,,,,,,,,,,,,,,0.0,0.0,,,,,,,,,,,,,,,,,,,,,,,,,0.0,0.0,,,,,,,,,,,,,0.0,0.0,0.0030010827368397597,0.0,0.0,0.0,0.0,0.0,0.0,0.0,0.007024900334682717,0.0,,,0.0,0.0,0.0001622294054998369,0.0,0.0,0.0,0.0,0.0,0.0,0.0,0.0,0.0,0.0,0.0,0.0009316854938208507,0.0,0.0,0.0,0.006191392789235662,0.0,0.20019079679482626,0.0,0.005268053549930011,0.0,0.006533241470433013,0.0,0.0,0.0,0.0004626565447930583,0.0,0.0,0.0,0.0014878751087077744,0.0,0.07123477207702275,0.0,0.010581127992581258,0.0,0.020568574375541063,0.0,0.0101294482265286,0.0,0.03596511900178331,0.0,0.029896398546492123,0.0,0.19593415064921083,0.0,0.027193844055126676,0.0,0.020820217146229874,0.0,0.012102952579081738,0.0,0.0024396583468554727,0.0,0.0,,0.0,,0.0,,0.0,,0.0,,0.0,,0.0,,0.0,,0.0,,0.0,,0.0,,0.0,,0.0,,0.0,,0.0,,0.0,,0.0,,0.0,,0.0,,0.0,,0.0,,0.0,,0.0,,0.0004045924360979975,0.0,0.0,,0.0,,0.0,,0.0,,0.0,,0.0,,0.0,,0.0,,0.0,,0.0,,0.0,,0.0,,0.0,,0.0,,0.0,,,,,,,,0.0,,,,,,,,,,,,0.029229325765330598,0.0,0.03583004088416846,0.0,0.011727559169036103,0.0,0.04334915546282827,0.0,0.024085812114609598,0.0,0.0024367244586117227,0.0,0.08370340080597458,0.0,0.001732325133785858,0.0,0.014036934818302923,0.0,0.0,0.0,0.0007772616407323739,0.0,0.0,0.0,0.002361223732576821,0.0,0.016559448267055167,0.0,0.0011850556664741122,0.0,0.014051929329929103,0.0,0.0034346345591149616,0.0,0.03369228746287702,0.0,0.004928721893664171,0.0,0.0,,0.0,,0.0,,0.0,,0.0,,0.0,,0.0,,0.0,,,,,,,,,,,,,,,,,,,,,,0,0,56,2
5,region_05,2023-10-28,,,,,,,,,,,,,,,0.0,0.0,,,,,,,,,,,,,,,,,,,,,,,,,0.0,0.0,,,,,,,,,,,,,0.0,0.0,0.0024157376993992194,0.0,0.0,0.0,0.0,0.0,0.0,0.0,0.010988591897596624,0.0,,,0.0,0.0,0.0,0.0,0.0,0.0,0.0,0.0,0.0,0.0,0.0,0.0,0.0,0.0,0.0007864072826562069,0.0,0.0,0.0,0.0035801639087588532,0.0,0.1826149719517405,0.0,0.006357143191914755,0.0,0.0058163595385849025,0.0,0.0,0.0,0.0,0.0,0.0,0.0,0.0,0.0,0.07370006720103864,0.0,0.008948888947687446,0.0,0.01349272439256306,0.0,0.006769768473487756,0.0,0.032909186647796004,0.0,0.03290580240328132,0.0,0.2193777946437277,0.0,0.034097856864696546,0.0,0.026514514826419835,0.0,0.015589211862988547,0.0,0.0027401976465051027,0.0,0.0,,0.0,,0.0,,0.0,,0.0,,0.0,,0.0,,0.0,,0.0,,0.0,,0.0,,0.0,,0.0,,0.0,,0.0,,0.0,,0.0,,0.0,,0.0,,0.0,,0.0,,0.0,,0.0,,0.0,0.0,0.0,,0.0,,0.0,,0.0,,0.0,,0.0,,0.0,,0.0,,0.0,,0.0,,0.0,,0.0,,0.0,,0.0,,0.0,,,,,,,,0.0,,,,,,,,,,,,0.03531413261846793,0.0,0.02442084257377351,0.0,0.00853052497954989,0.0,0.045061042032590676,0.0,0.0298076094378058,0.0,0.0011356865482714741,0.0,0.08593487663146772,0.0,0.0015214746306854243,0.0,0.011779755278414924,0.0,0.0,0.0,0.0,0.0,0.0,0.0,0.0016049664735680728,0.0,0.01765162561361378,0.0,0.0006694932448359244,0.0,0.0097771308977495,0.0,0.0025019964271383584,0.0,0.026244573658559336,0.0,0.0066148841117576315,0.0,0.0,,0.0,,0.0,,0.0,,0.0,,0.0,,0.0,,0.0,,,,,,,,,,,,,,,,,,,,,,0,0,56,3
5,region_05,2023-11-04,,,,,,,,,,,,,,,0.0,0.0,,,,,,,,,,,,,,,,,,,,,,,,,0.0,0.0,,,,,,,,,,,,,0.0,0.0,0.0015559927864707904,0.0,0.0,0.0,0.0,0.0,0.0,0.0,0.014294392595680883,0.0,,,0.0,0.0,0.0,0.0,0.0,0.0,0.0,0.0,0.0,0.0,0.0,0.0,0.0,0.0,0.0003932036413281034,0.0,0.0,0.0,0.0033788342235421993,0.0,0.18247816538120185,0.0,0.008255086300012262,0.0,0.0050606116186826975,0.0,0.0,0.0,0.0,0.0,0.0,0.0,0.0,0.0,0.06804909472603618,0.0,0.00910261289284719,0.0,0.01730651520192619,0.0,0.009349618874853659,0.0,0.031379083240200244,0.0,0.04146027932534126,0.0,0.22935823247109238,0.0,0.03689823698385231,0.0,0.025813547516993423,0.0,0.02360422770981105,0.0,0.012656276495698303,0.0,0.0,,0.0,,0.0,,0.0,,0.0,,0.0,,0.0,,0.0,,0.0,,0.0,,0.0,,0.0,,0.0,,0.0,,0.0,,0.0,,0.0,,0.0,,0.0,,0.0,,0.0,,0.0,,0.0,,0.0,0.0,0.0,,0.0,,0.0,,0.0,,0.0,,0.0,,0.0,,0.0,,0.0,,0.0,,0.0,,0.0,,0.0,,0.0,,0.0,,,,,,,,0.0,,,,,,,,,,,,0.027158072134820556,0.0,0.024804323934382005,0.0,0.007436105918008559,0.0,0.03686315112416083,0.0,0.02229343529576463,0.0,0.00132237823165084,0.0,0.07703656837320286,0.0,0.001024139849962361,0.0,0.017307060686367948,0.0,0.0,0.0,0.0,0.0,0.0013215055820182688,0.0,0.00118196232719069,0.0,0.01673903452834428,0.0,0.000598149157037611,0.0,0.00901706905622792,0.0,0.0020398699494274205,0.0,0.021465986287334843,0.0,0.004900697036859207,0.0,0.0,,0.0,,0.0,,0.0,,0.0,,0.0,,0.0,,0.0,,,,,,,,,,,,,,,,,,,,,,0,0,56,4
5,region_05,2023-11-11,,,,,,,,,,,,,,,0.0,0.0,,,,,,,,,,,,,,,,,,,,,,,,,0.0,0.0,,,,,,,,,,,,,0.0,0.0,0.0006962478735423613,0.0,0.0,0.0,0.0,0.0,0.0,0.0,0.01760019329376514,0.0,,,0.0,0.0,0.0,0.0,0.0,0.0,0.0,0.0,0.0,0.0,0.0,0.0,0.0,0.0,0.0,0.0,0.0,0.0,0.003177504538325545,0.0,0.18234135881066318,0.0,0.010153029408109769,0.0,0.004304863698780493,0.0,0.0,0.0,0.0,0.0,0.0,0.0,0.0,0.0,0.062398122251033736,0.0,0.009256336838006933,0.0,0.02112030601128932,0.0,0.011929469276219563,0.0,0.029848979832604483,0.0,0.05001475624740119,0.0,0.2393386702984571,0.0,0.03969861710300808,0.0,0.02511258020756701,0.0,0.03161924355663355,0.0,0.022572355344891503,0.0,0.0,,0.0,,0.0,,0.0,,0.0,,0.0,,0.0,,0.0,,0.0,,0.0,,0.0,,0.0,,0.0,,0.0,,0.0,,0.0,,0.0,,0.0,,0.0,,0.0,,0.0,,0.0,,0.0,,0.0,0.0,0.0,,0.0,,0.0,,0.0,,0.0,,0.0,,0.0,,0.0,,0.0,,0.0,,0.0,,0.0,,0.0,,0.0,,0.0,,,,,,,,0.0,,,,,,,,,,,,0.019002011651173187,0.0,0.0251878052949905,0.0,0.006341686856467228,0.0,0.02866526021573099,0.0,0.014779261153723458,0.0,0.0015090699150302055,0.0,0.06813826011493798,0.0,0.0005268050692392975,0.0,0.02283436609432097,0.0,0.0,0.0,0.0,0.0,0.0026430111640365376,0.0,0.0007589581808133075,0.0,0.015826443443074784,0.0,0.0005268050692392975,0.0,0.00825700721470634,0.0,0.0015777434717164824,0.0,0.016687398916110353,0.0,0.0031865099619607824,0.0,0.0,,0.0,,0.0,,0.0,,0.0,,0.0,,0.0,,0.0,,,,,,,,,,,,,,,,,,,,,,0,0,56,5
5,region_05,2023-11-18,,,,,,,,,,,,,,,0.0,0.0,,,,,,,,,,,,,,,,,,,,,,,,,0.0,0.0,,,,,,,,,,,,,0.0,0.0,0.004714341917839911,0.0,0.0,0.0,0.0,0.0,0.0,0.0,0.01665466117150512,0.0,,,0.0,0.0,0.0,0.0,0.0,0.0,0.0,0.0,0.00030901896482247564,0.0,0.0,0.0,0.0,0.0,0.0,0.0,0.0,0.0,0.0034578389691886915,0.0,0.16690157402593353,0.0,0.011002008085440149,0.0,0.0027181362651156667,0.0,0.0,0.0,0.0,0.0,0.0,0.0,0.0,0.0,0.06144015092689253,0.0,0.008984270816047944,0.0,0.017477092776113166,0.0,0.009457481343251344,0.0,0.023503814636909866,0.0,0.04605248179286714,0.0,0.26841009059108983,0.0,0.04188463660195847,0.0,0.021109101665388895,0.0,0.02972246558130834,0.0,0.03626787460719542,0.0,0.0,,0.0,,0.0,,0.0,,0.0,,0.0,,0.0,,0.0,,0.0,,0.0,,0.0005879108580605183,2.0,0.0,,0.0,,0.0,,0.0,,0.0,,0.0,,0.0,,0.0,,0.0,,0.0,,0.0,,0.0,,0.0,0.0,0.0,,0.0,,0.0,,0.0,,0.0,,0.0,,0.0,,0.0,,0.0,,0.0,,0.0,,0.0,,0.0,,0.0,,0.0,,,,,,,,0.0,,,,,,,,,,,,0.019026955397566728,0.0,0.018108531570014238,0.0,0.004364590126095999,0.0,0.0318342594715154,0.0,0.01561184627832942,0.0,0.0032869279305953528,0.0,0.06239784986903075,0.0,0.00026340253461964877,0.0,0.01391153560342406,0.0,0.0,0.0,0.0,0.0,0.0013215055820182688,0.0,0.0013520187992607318,0.0,0.015588370423453506,0.0,0.00026340253461964877,0.0,0.01024529611921673,0.0,0.0027269178024979246,0.0,0.01872021881228477,0.0,0.0039901978137024795,0.0,0.001033826082545707,2.0,0.0,,0.0,,0.0,,0.0,,0.0,,0.0,,0.0,,,,,,,,,,,,,,,,,,,,,,0,2,56,6
5,region_05,2023-11-25,,,,,,,,,,,,,,,0.0,0.0,,,,,,,,,,,,,,,,,,,,,,,,,0.0,0.0,,,,,,,,,,,,,0.0,0.0,0.00873243596213746,0.0,0.0,0.0,0.0,0.0,0.0,0.0,0.0157091290492451,0.0,,,0.0,0.0,0.0,0.0,0.0,0.0,0.0,0.0,0.0006180379296449513,0.0,0.0,0.0,0.0,0.0,0.0,0.0,0.0,0.0,0.0037381734000518376,0.0,0.15146178924120385,0.0,0.01185098676277053,0.0,0.001131408831450841,0.0,0.0,0.0,0.0,0.0,0.0,0.0,0.0,0.0,0.06048217960275132,0.0,0.008712204794088954,0.0,0.013833879540937014,0.0,0.006985493410283126,0.0,0.01715864944121525,0.0,0.04209020733833308,0.0,0.29748151088372254,0.0,0.04407065610090887,0.0,0.01710562312321078,0.0,0.027825687605983127,0.0,0.04996339386949933,0.0,0.0,,0.0,,0.0,,0.0,,0.0,,0.0,,0.0,,0.0,,0.0,,0.0,,0.0011758217161210367,0.0,0.0,,0.0,,0.0,,0.0,,0.0,,0.0,,0.0,,0.0,,0.0,,0.0,,0.0,,0.0,,0.0,0.0,0.0,,0.0,,0.0,,0.0,,0.0,,0.0,,0.0,,0.0,,0.0,,0.0,,0.0,,0.0,,0.0,,0.0,,0.0,,,,,,,,0.0,,,,,,,,,,,,0.01905189914396027,0.0,0.011029257845037974,0.0,0.0023874933957247703,0.0,0.03500325872729981,0.0,0.016444431402935385,0.0,0.0050647859461605,0.0,0.056657439623123515,0.0,0.0,0.0,0.004988705112527149,0.0,0.0,0.0,0.0,0.0,0.0,0.0,0.0019450794177081564,0.0,0.015350297403832229,0.0,0.0,0.0,0.01223358502372712,0.0,0.0038760921332793665,0.0,0.020753038708459192,0.0,0.004793885665444177,0.0,0.002067652165091414,0.0,0.0,,0.0,,0.0,,0.0,,0.0,,0.0,,0.0,,,,,,,,,,,,,,,,,,,,,,0,0,58,7
5,region_05,2023-12-02,,,,,,,,,,,,,,,0.0,0.0,,,,,,,,,,,,,,,,,,,,,,,,,0.0,0.0,,,,,,,,,,,,,0.0,0.0,0.011559847782538123,0.0,0.0,0.0,0.0,0.0,0.0,0.0,0.018493192865880102,0.0,,,0.0,0.0,0.0,0.0,0.0,0.0,0.0,0.0,0.00030901896482247564,0.0,0.0,0.0,0.0,0.0,0.0,0.0,0.0,0.0,0.0032592007069308744,0.0,0.13502120871383405,0.0,0.009811430801835188,0.0,0.0025213951450836795,0.0,0.0,0.0,0.0,0.0,0.0,0.0,0.0,0.0,0.050362430294213945,0.0,0.010079944694185942,0.0,0.012226712047201969,0.0,0.00699630803445867,0.0,0.014642439960371852,0.0,0.03755123011375723,0.0,0.2760106563849648,0.0,0.0447913659316999,0.0,0.019490171652446174,0.0,0.029945259073600832,0.0,0.10757793289233453,0.0,0.0,,0.0,,0.0,,0.0,,0.0,,0.0,,0.0,,0.0,,0.0,,0.0,,0.002452882901222083,0.0,0.0,,0.0,,0.0,,0.0,,0.0,,0.0,,0.0,,0.0,,0.0,,0.0,,0.0,,0.0,,0.0,0.0,0.0,,0.0,,0.0,,0.0,,0.0,,0.0,,0.0,,0.0,,0.0,,0.0,,0.0,,0.0,,0.0,,0.0,,0.0,,,,,,,,0.0,,,,,,,,,,,,0.021579794409549984,0.0,0.010844871087365888,0.0,0.00697744800113031,0.0,0.0312099427621158,0.0,0.015714625499931377,0.0,0.0033361333047945436,0.0,0.04960371065487661,0.0,0.0,0.0,0.0042403351328418135,0.0,0.0,0.0,0.0,0.0,0.0,0.0,0.0041482626249499145,0.0,0.009654656811331333,0.0,0.0,0.0,0.012937136877996745,0.0,0.0031513870131618573,0.0,0.018269597398907343,0.0,0.0027125705866328067,0.0,0.001033826082545707,0.0,0.0,,0.0,,0.0,,0.0,,0.0,,0.0,,0.0,,,,,,,,,,,,,,,,,,,,,,0,0,58,8
5,region_05,2023-12-09,,,,,,,,,,,,,,,0.0,0.0,,,,,,,,,,,,,,,,,,,,,,,,,0.0,0.0,,,,,,,,,,,,,0.0,0.0,0.014387259602938783,0.0,0.0,0.0,0.0,0.0,0.0,0.0,0.0212772566825151,0.0,,,0.0,0.0,0.0,0.0,0.0,0.0,0.0,0.0,0.0,0.0,0.0,0.0,0.0,0.0,0.0,0.0,0.0,0.0,0.0027802280138099107,0.0,0.11858062818646427,0.0,0.007771874840899848,0.0,0.003911381458716518,0.0,0.0,0.0,0.0,0.0,0.0,0.0,0.0,0.0,0.04024268098567657,0.0,0.011447684594282928,0.0,0.010619544553466925,0.0,0.007007122658634213,0.0,0.012126230479528452,0.0,0.03301225288918139,0.0,0.2545398018862071,0.0,0.045512075762490924,0.0,0.021874720181681566,0.0,0.03206483054121854,0.0,0.16519247191516973,0.0,0.0,,0.0,,0.0,,0.0,,0.0,,0.0,,0.0,,0.0,,0.0,,0.0,,0.00372994408632313,0.0,0.0,,0.0,,0.0,,0.0,,0.0,,0.0,,0.0,,0.0,,0.0,,0.0,,0.0,,0.0,,0.0,0.0,0.0,,0.0,,0.0,,0.0,,0.0,,0.0,,0.0,,0.0,,0.0,,0.0,,0.0,,0.0,,0.0,,0.0,,0.0,,,,,,,,0.0,,,,,,,,,,,,0.0241076896751397,0.0,0.0106604843296938,0.0,0.011567402606535849,0.0,0.027416626796931787,0.0,0.014984819596927367,0.0,0.0016074806634285865,0.0,0.04254998168662969,0.0,0.0,0.0,0.003491965153156479,0.0,0.0,0.0,0.0,0.0,0.0,0.0,0.006351445832191671,0.0,0.003959016218830437,0.0,0.0,0.0,0.01364068873226637,0.0,0.0024266818930443477,0.0,0.015786156089355498,0.0,0.0006312555078214369,0.0,0.0,0.0,0.0,,0.0,,0.0,,0.0,,0.0,,0.0,,0.0,,,,,,,,,,,,,,,,,,,,,,0,0,58,9
5,region_05,2023-12-16,,,,,,,,,,,,,,,0.0,0.0,,,,,,,,,,,,,,,,,,,,,,,,,0.0,0.0,,,,,,,,,,,,,0.0,0.0,0.014108840698723344,0.0,0.0,0.0,0.0,0.0,0.0,0.0,0.0292023310437798,0.0,,,0.0,0.0,0.0,0.0,0.0,0.0,0.0,0.0,6.270704073577297e-05,0.0,0.0,0.0,0.0,0.0,0.0,0.0,0.0,0.0,0.0021618757226411446,0.0,0.09777555418376982,0.0,0.006937260748944324,0.0,0.002224214197021986,0.0,0.0,0.0,0.000248726317658995,0.0,0.0,0.0,0.0,0.0,0.027436712332822306,0.0,0.014992415832798051,0.0,0.007106877166663134,0.0,0.007257674475697881,0.0,0.0122250876922227,0.0,0.02948816396709352,0.0,0.24023928554731272,0.0,0.04580472802390918,0.0,0.016646819837304188,0.0,0.03380975472245208,0.0,0.234238581453711,0.0,0.0,,0.0,,0.0,,0.0,,0.0,,9.957277250254265e-05,2.0,0.0,,0.0,,0.0,,0.0004351595455469983,2.0,0.007300427152464732,0.0,0.0,,0.0,,0.0,,0.0,,0.0,,0.0,,0.0,,0.0,,0.0,,0.0,,0.0,,0.0,,0.0,0.0,0.0,,0.0,,0.0,,0.0,,0.0,,0.0,,0.0,,0.0,,0.0,,0.0,,0.0,,0.0,,0.0,,0.0,,0.0,,,,,,,,0.0,,,,,,,,,,,,0.02662086092929974,0.0,0.0075918523788412445,0.0,0.009886970315963126,0.0,0.020146871482752016,0.0,0.017128271308421487,0.0,0.0010619022646492253,0.0,0.033493653044638264,0.0,0.0,0.0,0.0024031770601818476,0.0,0.0,0.0,0.0,0.0,0.0,0.0,0.004871465910340652,0.0,0.006185342136794939,0.0,0.0,0.0,0.011803125534709996,0.0,0.003315883011002025,0.0,0.012707911447311399,0.0,0.00031562775391071843,0.0,0.0016253894427791034,0.0,0.0,,0.0,,0.0,,0.0,,0.0,,0.0,,0.0,,,,,,,,,,,,,,,,,,,,,,0,2,58,10
5,region_05,2023-12-23,,,,,,,,,,,,,,,0.0,0.0,,,,,,,,,,,,,,,,,,,,,,,,,0.0,0.0,,,,,,,,,,,,,0.0,0.0,0.013830421794507903,0.0,0.0,0.0,0.0,0.0,0.0,0.0,0.0371274054050445,0.0,,,0.0,0.0,0.0,0.0,0.0,0.0,0.0,0.0,0.00012541408147154594,0.0,0.0,0.0,0.0,0.0,0.0,0.0,0.0,0.0,0.0015435234314723784,0.0,0.07697048018107538,0.0,0.0061026466569888,0.0,0.0005370469353274541,0.0,0.0,0.0,0.00049745263531799,0.0,0.0,0.0,0.0,0.0,0.014630743679968038,0.0,0.018537147071313174,0.0,0.003594209779859343,0.0,0.007508226292761548,0.0,0.012323944904916949,0.0,0.02596407504500565,0.0,0.22593876920841832,0.0,0.04609738028532745,0.0,0.011418919492926808,0.0,0.03555467890368563,0.0,0.30328469099225225,0.0,0.0,,0.0,,0.0,,0.0,,0.0,,0.0001991455450050853,0.0,0.0,,0.0,,0.0,,0.0008703190910939966,0.0,0.010870910218606334,0.0,0.0,,0.0,,0.0,,0.0,,0.0,,0.0,,0.0,,0.0,,0.0,,0.0,,0.0,,0.0,,0.0,0.0,0.0,,0.0,,0.0,,0.0,,0.0,,0.0,,0.0,,0.0,,0.0,,0.0,,0.0,,0.0,,0.0,,0.0,,0.0,,,,,,,,0.0,,,,,,,,,,,,0.029134032183459783,0.0,0.004523220427988689,0.0,0.008206538025390404,0.0,0.012877116168572244,0.0,0.019271723019915605,0.0,0.0005163238658698639,0.0,0.024437324402646836,0.0,0.0,0.0,0.0013143889672072161,0.0,0.0,0.0,0.0,0.0,0.0,0.0,0.0033914859884896322,0.0,0.00841166805475944,0.0,0.0,0.0,0.009965562337153622,0.0,0.004205084128959703,0.0,0.0096296668052673,0.0,0.0,0.0,0.003250778885558207,0.0,0.0,,0.0,,0.0,,0.0,,0.0,,0.0,,0.0,,,,,,,,,,,,,,,,,,,,,,0,0,60,11
5,region_05,2023-12-30,,,,,,,,,,,,,,,0.0,0.0,,,,,,,,,,,,,,,,,,,,,,,,,0.0,0.0,,,,,,,,,,,,,0.0,0.0,0.013725278778463083,0.0,0.0,0.0,0.0,0.0,0.0,0.0,0.034066499029803556,0.0,,,0.0,0.0,0.0,0.0,0.0,0.0,0.0,0.0,6.270704073577297e-05,0.0,0.0,0.0,0.0,0.0,0.0,0.0,0.0,0.0,0.001591904631208552,0.0,0.06362434745942414,0.0,0.006091195945075583,0.0,0.0005462615516325753,0.0,0.0,0.0,0.000248726317658995,0.0,0.0,0.0,0.0,0.0,0.014018897000733747,0.0,0.024516584764181535,0.0,0.004153164583971456,0.0,0.004377366236429163,0.0,0.008403045803346198,0.0,0.0234786929616625,0.0,0.1703999959066644,0.0,0.04647849664209523,0.0,0.010449035824017756,0.0,0.03159552349871582,0.0,0.40782167326222674,0.0,0.00027105657209174,2.0,0.0004998451040591809,2.0,0.0,,0.0,,0.0,,0.0035621758279910528,0.0,0.0,,0.0002348331014217975,2.0,0.0009969846125588444,2.0,0.0014243722873894683,0.0,0.012038484852140093,0.0,0.0,,0.0,,0.0,,0.0,,0.0,,0.0,,0.0,,0.0,,0.0,,0.0,,0.0,,0.0,,0.0,0.0,0.0,,0.0,,0.0,,0.0,,0.0,,0.0,,0.0,,0.0,,0.0,,0.0,,0.0,,0.0,,0.0,,0.0,,0.0,,,,,,,,0.0,,,,,,,,,,,,0.029698930932839065,0.0,0.003420140834153903,0.0,0.004103269012695202,0.0,0.007793875004310955,0.0,0.014861701738334688,0.0,0.0005200727066835703,0.0,0.02064383233017801,0.0,0.0,0.0,0.0010135807820402052,0.0,0.0,0.0,0.0,0.0,0.0,0.0,0.002087547687453334,0.0,0.0049155919169101125,0.0,0.0,0.0,0.00813779503506654,0.0,0.0023878775316768294,0.0,0.007159476391583012,0.0,0.0,0.0,0.003458602316511214,0.0,0.0,,0.0,,0.0,,0.0,,0.0,,0.0,,0.0,,,,,,,,,,,,,,,,,,,,,,0,4,60,12
5,region_05,2024-01-06,,,,,,,,,,,,,,,0.0,0.0,,,,,,,,,,,,,,,,,,,,,,,,,0.0,0.0,,,,,,,,,,,,,0.0,0.0,0.013620135762418264,0.0,0.0,0.0,0.0,0.0,0.0,0.0,0.03100559265456261,0.0,,,0.0,0.0,0.0,0.0,0.0,0.0,0.0,0.0,0.0,0.0,0.0,0.0,0.0,0.0,0.0,0.0,0.0,0.0,0.0016402858309447251,0.0,0.0502782147377729,0.0,0.006079745233162366,0.0,0.0005554761679376966,0.0,0.0,0.0,0.0,0.0,0.0,0.0,0.0,0.0,0.013407050321499456,0.0,0.030496022457049896,0.0,0.0047121193880835695,0.0,0.0012465061800967779,0.0,0.004482146701775447,0.0,0.020993310878319345,0.0,0.11486122260491048,0.0,0.04685961299886302,0.0,0.009479152155108705,0.0,0.027636368093746,0.0,0.5123586555322012,0.0,0.00054211314418348,0.0,0.0009996902081183619,0.0,0.0,,0.0,,0.0,,0.006925206110977021,0.0,0.0,,0.000469666202843595,0.0,0.0019939692251176888,0.0,0.00197842548368494,0.0,0.013206059485673853,0.0,0.0,,0.0,,0.0,,0.0,,0.0,,0.0,,0.0,,0.0,,0.0,,0.0,,0.0,,0.0,,0.0,0.0,0.0,,0.0,,0.0,,0.0,,0.0,,0.0,,0.0,,0.0,,0.0,,0.0,,0.0,,0.0,,0.0,,0.0,,0.0,,,,,,,,0.0,,,,,,,,,,,,0.030263829682218347,0.0,0.0023170612403191166,0.0,0.0,0.0,0.0027106338400496666,0.0,0.010451680456753772,0.0,0.0005238215474972765,0.0,0.016850340257709186,0.0,0.0,0.0,0.0007127725968731944,0.0,0.0,0.0,0.0,0.0,0.0,0.0,0.0007836093864170362,0.0,0.0014195157790607834,0.0,0.0,0.0,0.0063100277329794585,0.0,0.0005706709343939556,0.0,0.004689285977898725,0.0,0.0,0.0,0.0036664257474642212,0.0,0.0,,0.0,,0.0,,0.0,,0.0,,0.0,,0.0,,,,,,,,,,,,,,,,,,,,,,0,0,64,13
5,region_05,2024-01-13,,,,,,,,,,,,,,,0.0,0.0,,,,,,,,,,,,,,,,,,,,,,,,,0.0,0.0,,,,,,,,,,,,,0.0,0.0,0.020458726872069094,0.0,0.0,0.0,0.0,0.0,0.0,0.0,0.033398474714250004,0.0,,,0.0,0.0,0.0,0.0,0.0,0.0,0.0,0.0,0.0,0.0,0.0,0.0,0.0,0.0,0.0,0.0,0.0,0.0,0.0008201429154723626,0.0,0.04586141288061348,0.0,0.0036061920160944654,0.0,0.0002777380839688483,0.0,0.0,0.0,0.0,0.0,0.0,0.0,0.0,0.0,0.0078075965944056185,0.0,0.024613047567092657,0.0,0.0033344134894875504,0.0,0.0006232530900483889,0.0,0.0022410733508877235,0.0,0.015303431892590098,0.0,0.08596014190642601,0.0,0.030471682767972477,0.0,0.007298752514179748,0.0,0.02496774069683136,0.0,0.5895042795510519,0.0,0.00027105657209174,0.0,0.0018772949872072407,0.0,0.0014825364419569318,2.0,0.0018126873614927208,2.0,0.0,,0.0038123210975723673,0.0,0.0,,0.0006072429302937957,0.0,0.0009969846125588444,0.0,0.004578771707989843,0.0,0.022125831308464163,0.0,0.0,,0.0,,0.0,,0.0,,0.0,,0.0,,0.0,,0.0,,0.0,,0.0,,0.0,,0.001079933763581441,2.0,0.0,0.0,0.0,,0.0,,0.0,,0.000113690824946375,2.0,0.0,,0.0,,0.0,,0.0,,0.0,,0.0,,0.0,,0.0,,0.0,,0.0,,0.0,,,,,,,,0.0,,,,,,,,,,,,0.022451728295632835,0.0,0.0024229412424444114,0.0,0.0,0.0,0.003970383976804158,0.0,0.00653724708744054,0.0,0.00026191077374863826,0.0,0.010155049810141635,0.0,0.0,0.0,0.0006894001163706286,0.0,0.0,0.0,0.0,0.0,0.0,0.0,0.0003918046932085181,0.0,0.003059253291668519,0.0,0.0,0.0,0.0059308601551622195,0.0,0.0006183492851310092,0.0,0.00354443830839863,0.0,0.0,0.0,0.0039293531486431395,0.0,0.0,,0.0,,0.0,,0.0,,0.0,,0.0,,0.0,,,,,,,,,,,,,,,,,,,,,,0,4,64,14
5,region_05,2024-01-20,,,,,,,,,,,,,,,0.0,0.0,,,,,,,,,,,,,,,,,,,,,,,,,0.0,0.0,,,,,,,,,,,,,0.0,0.0,0.027297317981719922,0.0,0.0,0.0,0.0,0.0,0.0,0.0,0.035791356773937404,0.0,,,0.0,0.0,0.0,0.0,0.0,0.0,0.0,0.0,0.0,0.0,0.0,0.0,0.0,0.0,0.0,0.0,0.0,0.0,0.0,0.0,0.041444611023454064,0.0,0.001132638799026565,0.0,0.0,0.0,0.0,0.0,0.0,0.0,0.0,0.0,0.0,0.0,0.0022081428673117803,0.0,0.018730072677135414,0.0,0.0019567075908915313,0.0,0.0,0.0,0.0,0.0,0.00961355290686085,0.0,0.05705906120794155,0.0,0.014083752537081932,0.0,0.005118352873250792,0.0,0.022299113299916722,0.0,0.6666499035699027,0.0,0.0,0.0,0.0027548997662961198,0.0,0.0029650728839138636,0.0,0.0036253747229854417,0.0,0.0,,0.0006994360841677143,0.0,0.0,,0.0007448196577439964,0.0,0.0,0.0,0.007179117932294746,0.0,0.031045603131254467,0.0,0.0,,0.0,,0.0,,0.0,,0.0,,0.0,,0.0,,0.0,,0.0,,0.0,,0.0,,0.002159867527162882,0.0,0.0,0.0,0.0,,0.0,,0.0,,0.00022738164989275,0.0,0.0,,0.0,,0.0,,0.0,,0.0,,0.0,,0.0,,0.0,,0.0,,0.0,,0.0,,,,,,,,0.0,,,,,,,,,,,,0.014639626909047321,0.0,0.0025288212445697057,0.0,0.0,0.0,0.005230134113558649,0.0,0.0026228137181273084,0.0,0.0,0.0,0.003459759362574086,0.0,0.0,0.0,0.0006660276358680629,0.0,0.0,0.0,0.0,0.0,0.0,0.0,0.0,0.0,0.004698990804276254,0.0,0.0,0.0,0.0055516925773449795,0.0,0.0006660276358680629,0.0,0.0023995906388985344,0.0,0.0,0.0,0.004192280549822057,0.0,0.0,,0.0,,0.0,,0.0,,0.0,,0.0,,0.0,,,,,,,,,,,,,,,,,,,,,,0,0,68,15
5,region_05,2024-01-27,,,,,,,,,,,,,,,0.0,0.0,,,,,,,,,,,,,,,,,,,,,,,,,0.0,0.0,,,,,,,,,,,,,0.0,0.0,0.02379209060660175,0.0,0.0,0.0,0.0,0.0,0.0,0.0,0.0283846497563097,0.0,,,0.0,0.0,0.0,0.0,0.0,0.0,0.0,0.0,0.0,0.0,0.0,0.0,0.0,0.0,0.0,0.0,0.0,0.0,0.0,0.0,0.02661702534019504,0.0,0.002018544588046208,0.0,0.0,0.0,0.0,0.0,0.0,0.0,0.0,0.0,0.0,0.0,0.0024522166621560285,0.0,0.017908267287866105,0.0,0.0009783537954457656,0.0,0.0004962095982216823,0.0,0.0,0.0,0.006825354286953387,0.0,0.0370921688502607,0.0,0.01111945345819286,0.0,0.002559176436625396,0.0,0.01602299778503087,0.0,0.7133684066914711,0.0,0.0005525298358406667,0.0,0.002811533222933641,0.0,0.0033320852594139203,0.0,0.0022271484204646336,0.0,0.0002980145135162429,2.0,0.0049245980802527746,0.0,0.0,,0.0037360388752338625,0.0,0.0012913497630506518,0.0,0.011366596887819415,0.0,0.037201045297257464,0.0,0.0,,0.0,,0.0,,0.0008110602144509846,1.0,0.0,,0.0,,0.0,,0.0,,0.0,,0.0,,0.0,,0.004588089455085363,0.0,0.0,0.0,0.0,,0.0,,0.0,,0.000113690824946375,0.0,0.0,,0.0,,0.0,,0.0,,0.0,,0.0,,0.0,,0.0,,0.0,,0.0,,0.0,,,,,,,,0.0,,,,,,,,,,,,0.017118077178019983,0.0,0.0018994703301924646,0.0,0.0,0.0,0.0029804605743958177,0.0,0.0013114068590636542,0.0,0.00046484903026736666,0.0,0.0021443407402589555,0.0,0.0,0.0,0.0008057668124972741,0.0,0.0,0.0,0.0,0.0,0.0,0.0,0.0,0.0,0.002349495402138127,0.0,0.0,0.0,0.0027758462886724898,0.0,0.00033301381793403144,0.0,0.0011997953194492672,0.0,0.0,0.0,0.009154246305115469,0.0,0.0,,0.0,,0.0,,0.0,,0.0,,0.0,,0.0,,,,,,,,,,,,,,,,,,,,,,1,1,68,0
5,region_05,2024-02-03,,,,,,,,,,,,,,,0.0,0.0,,,,,,,,,,,,,,,,,,,,,,,,,0.0,0.0,,,,,,,,,,,,,0.0,0.0,0.02028686323148358,0.0,0.0,0.0,0.0,0.0,0.0,0.0,0.020977942738682,0.0,,,0.0,0.0,0.0,0.0,0.0,0.0,0.0,0.0,0.0,0.0,0.0,0.0,0.0,0.0,0.0,0.0,0.0,0.0,0.0,0.0,0.01178943965693602,0.0,0.00290445037706585,0.0,0.0,0.0,0.0,0.0,0.0,0.0,0.0,0.0,0.0,0.0,0.0026962904570002767,0.0,0.0170864618985968,0.0,0.0,0.0,0.0009924191964433646,0.0,0.0,0.0,0.0040371556670459234,0.0,0.01712527649257985,0.0,0.008155154379303786,0.0,0.0,0.0,0.009746882270145023,0.0,0.7600869098130394,0.0,0.0011050596716813334,0.0,0.0028681666795711616,0.0,0.0036990976349139766,0.0,0.000828922117943825,0.0,0.0005960290270324858,0.0,0.009149760076337835,0.0,0.0,,0.006727258092723729,0.0,0.0025826995261013035,0.0,0.015554075843344081,0.0,0.043356487463260464,0.0,0.0,,0.0,,0.0,,0.0016221204289019692,0.0,0.0,,0.0,,0.0,,0.0,,0.0,,0.0,,0.0,,0.007016311383007843,0.0,0.0,0.0,0.0,,0.0,,0.0,,0.0,0.0,0.0,,0.0,,0.0,,0.0,,0.0,,0.0,,0.0,,0.0,,0.0,,0.0,,0.0,,,,,,,,0.0,,,,,,,,,,,,0.019596527446992643,0.0,0.0012701194158152235,0.0,0.0,0.0,0.0007307870352329867,0.0,0.0,0.0,0.0009296980605347333,0.0,0.000828922117943825,0.0,0.0,0.0,0.0009455059891264853,0.0,0.0,0.0,0.0,0.0,0.0,0.0,0.0,0.0,0.0,0.0,0.0,0.0,0.0,0.0,0.0,0.0,0.0,0.0,0.0,0.0,0.01411621206040888,0.0,0.0,,0.0,,0.0,,0.0,,0.0,,0.0,,0.0,,,,,,,,,,,,,,,,,,,,,,0,0,70,1
5,region_05,2024-02-10,,,,,,,,,,,,,,,0.0,0.0,,,,,,,,,,,,,,,,,,,,,,,,,0.0,0.0,,,,,,,,,,,,,0.0,0.0,0.02185268031927933,0.0,0.0,0.0,0.0,0.0,0.0,0.0,0.015946441548735313,0.0,,,0.0,0.0,0.0,0.0,0.0,0.0,0.0,0.0,0.0,0.0,0.0,0.0,0.0,0.0,0.0,0.0,0.0,0.0,0.0,0.0,0.00808887670929713,0.0,0.001452225188532925,0.0,0.0,0.0,0.0,0.0,0.0,0.0,0.0,0.0,0.0,0.0,0.0013481452285001383,0.0,0.019679769326612282,0.0,0.0,0.0,0.001122020229998284,0.0,0.00045065751659089087,0.0,0.0020185778335229617,0.0,0.013974398958501678,0.0,0.007770559237730339,0.0,0.0,0.0,0.011843418912072214,0.0,0.7459491425710141,0.0,0.0029549745939826755,0.0,0.0032786632087637357,0.0,0.0049166120549973815,0.0,0.0004144610589719125,0.0,0.0002980145135162429,0.0,0.012092746712048217,0.0,0.0,,0.010002228090472999,0.0,0.0012913497630506518,0.0,0.024307665803159226,0.0,0.05035597678787744,0.0,0.0,,0.0,,0.0,,0.001258353280793013,0.0,0.0,,0.0,,0.0,,0.0,,0.0,,0.0022584217988575266,2.0,0.0,,0.00733931015046042,0.0,0.0,0.0,0.0,,0.0,,0.0,,0.0,0.0,0.0,,0.0,,0.0,,0.0,,0.0,,0.0,,0.0,,0.0,,0.0,,0.0,,0.0,,,,,,,,0.0,,,,,,,,,,,,0.018796555064689087,0.0,0.0006350597079076118,0.0,0.0,0.0,0.0007127157354261266,0.0,0.0014421305562736123,0.0,0.00046484903026736666,0.0,0.0008187510000424909,0.0,0.0,0.0,0.00047275299456324264,0.0,0.0,0.0,0.0,0.0,0.0,0.0,0.0,0.0,0.0,0.0,0.0,0.0,0.00038074219579961165,0.0,0.0,0.0,0.001126383076718221,0.0,0.0,0.0,0.010907185114254862,0.0,0.0,,0.0,,0.0,,0.0,,0.0,,0.0,,0.0,,,,,,,,,,,,,,,,,,,,,,0,1,70,2
5,region_05,2024-02-17,,,,,,,,,,,,,,,0.0,0.0,,,,,,,,,,,,,,,,,,,,,,,,,0.0,0.0,,,,,,,,,,,,,0.0,0.0,0.023418497407075085,0.0,0.0,0.0,0.0,0.0,0.0,0.0,0.010914940358788622,0.0,,,0.0,0.0,0.0,0.0,0.0,0.0,0.0,0.0,0.0,0.0,0.0,0.0,0.0,0.0,0.0,0.0,0.0,0.0,0.0,0.0,0.0043883137616582395,0.0,0.0,0.0,0.0,0.0,0.0,0.0,0.0,0.0,0.0,0.0,0.0,0.0,0.0,0.0,0.022273076754627766,0.0,0.0,0.0,0.0012516212635532032,0.0,0.0009013150331817817,0.0,0.0,0.0,0.010823521424423506,0.0,0.0073859640961568915,0.0,0.0,0.0,0.013939955553999406,0.0,0.7318113753289888,0.0,0.004804889516284017,0.0,0.0036891597379563094,0.0,0.0061341264750807865,0.0,0.0,0.0,0.0,0.0,0.0150357333477586,0.0,0.0,,0.013277198088222269,0.0,0.0,0.0,0.03306125576297437,0.0,0.05735546611249442,0.0,0.0,,0.0,,0.0,,0.0008945861326840567,0.0,0.0,,0.0,,0.0,,0.0,,0.0,,0.004516843597715053,0.0,0.0,,0.007662308917912996,0.0,0.0,0.0,0.0,,0.0,,0.0,,0.0,0.0,0.0,,0.0,,0.0,,0.0,,0.0,,0.0,,0.0,,0.0,,0.0,,0.0,,0.0,,,,,,,,0.0,,,,,,,,,,,,0.017996582682385534,0.0,0.0,0.0,0.0,0.0,0.0006946444356192666,0.0,0.0028842611125472245,0.0,0.0,0.0,0.0008085798821411567,0.0,0.0,0.0,0.0,0.0,0.0,0.0,0.0,0.0,0.0,0.0,0.0,0.0,0.0,0.0,0.0,0.0,0.0007614843915992233,0.0,0.0,0.0,0.002252766153436442,0.0,0.0,0.0,0.007698158168100842,0.0,0.0,,0.0,,0.0,,0.0,,0.0,,0.0,,0.0,,,,,,,,,,,,,,,,,,,,,,0,0,71,3
5,region_05,2024-02-24,,,,,,,,,,,,,,,0.0,0.0,,,,,,,,,,,,,,,,,,,,,,,,,0.0,0.0,,,,,,,,,,,,,0.0,0.0,0.02257715178535414,0.0,0.0,0.0,0.0,0.0,0.0,0.0,0.008945334324821298,0.0,,,0.0,0.0,0.0,0.0,0.0,0.0,0.0,0.0,0.0,0.0,0.0,0.0,0.0,0.0,0.0,0.0,0.0,0.0,0.0,0.0,0.003980918128614853,0.0,0.0,0.0,0.0,0.0,0.0,0.0,0.0,0.0,0.0,0.0,0.0,0.0,0.0,0.0,0.01553909199631585,0.0,0.0,0.0,0.0006258106317766016,0.0,0.00045065751659089087,0.0,0.0006222797528607542,0.0,0.0063999971715185235,0.0,0.004075480274905433,0.0,0.0,0.0,0.006969977776999703,0.0,0.724107520205068,0.0,0.0037985311083805554,0.0,0.00266242754915606,0.0,0.006365950064112686,0.0,0.0033918775978588047,0.0,0.001252222876895991,0.0,0.0165837057453069,0.0,0.0,,0.016742423956964972,0.0,0.0016449358598846278,0.0,0.043607807904481835,0.0,0.07380973454564806,0.0,0.0,,0.0,,0.0,,0.00145196959104695,0.0,0.0,,0.0,,0.0,,0.0,,0.0,,0.008948114149582836,0.0,0.0,,0.008237363363150457,0.0,0.0007201454947269928,0.0,0.0,,0.0,,0.0,,0.0,0.0,0.0,,0.0,,0.0,,0.0,,0.0,,0.0,,0.0,,0.0,,0.0,,0.0,,0.0,,,,,,,,0.0,,,,,,,,,,,,0.012398826562055106,0.0,0.0005765196601714469,0.0,0.0,0.0,0.0003473222178096333,0.0,0.0014421305562736123,0.0,0.0,0.0,0.00040428994107057835,0.0,0.0,0.0,0.0,0.0,0.0,0.0,0.0,0.0,0.0,0.0,0.0,0.0,0.0,0.0,0.0,0.0,0.00038074219579961165,0.0,0.0,0.0,0.001126383076718221,0.0,0.0,0.0,0.009503190505451346,0.0,0.0,,0.0,,0.0,,0.0,,0.0,,0.0,,0.0,,,,,,,,,,,,,,,,,,,,,,0,0,71,4
5,region_05,2024-03-02,,,,,,,,,,,,,,,0.0,0.0,,,,,,,,,,,,,,,,,,,,,,,,,0.0,0.0,,,,,,,,,,,,,0.0,0.0,0.021735806163633197,0.0,0.0,0.0,0.0,0.0,0.0,0.0,0.006975728290853972,0.0,,,0.0,0.0,0.0,0.0,0.0,0.0,0.0,0.0,0.0,0.0,0.0,0.0,0.0,0.0,0.0,0.0,0.0,0.0,0.0,0.0,0.003573522495571466,0.0,0.0,0.0,0.0,0.0,0.0,0.0,0.0,0.0,0.0,0.0,0.0,0.0,0.0,0.0,0.008805107238003937,0.0,0.0,0.0,0.0,0.0,0.0,0.0,0.0012445595057215084,0.0,0.0019764729186135407,0.0,0.0007649964536539734,0.0,0.0,0.0,0.0,0.0,0.7164036650811473,0.0,0.0027921727004770933,0.0,0.0016356953603558105,0.0,0.0065977736531445865,0.0,0.0067837551957176095,0.0,0.002504445753791982,0.0,0.0181316781428552,0.0,0.0,,0.020207649825707674,0.0,0.0032898717197692557,0.0,0.0541543600459893,0.0,0.09026400297880169,0.0,0.0,,0.0,,0.0,,0.0020093530494098436,0.0,0.0,,0.0,,0.0,,0.0,,0.0,,0.01337938470145062,0.0,0.0,,0.008812417808387919,0.0,0.0014402909894539856,0.0,0.0,,0.0,,0.0,,0.0,0.0,0.0,,0.0,,0.0,,0.0,,0.0,,0.0,,0.0,,0.0,,0.0,,0.0,,0.0,,,,,,,,0.0,,,,,,,,,,,,0.006801070441724678,0.0,0.0011530393203428937,0.0,0.0,0.0,0.0,0.0,0.0,0.0,0.0,0.0,0.0,0.0,0.0,0.0,0.0,0.0,0.0,0.0,0.0,0.0,0.0,0.0,0.0,0.0,0.0,0.0,0.0,0.0,0.0,0.0,0.0,0.0,0.0,0.0,0.0,0.0,0.011308222842801847,0.0,0.0,,0.0,,0.0,,0.0,,0.0,,0.0,,0.0,,,,,,,,,,,,,,,,,,,,,,0,0,71,5
5,region_05,2024-03-09,,,,,,,,,,,,,,,0.0009809802117336614,0.0,,,,,,,,,,,,,,,,,,,,,,,,,0.0,0.0,,,,,,,,,,,,,0.0,0.0,0.013728569522255894,0.0,0.0,0.0,0.0,0.0,0.0,0.0,0.005347451492261483,0.0,,,0.0,0.0,0.0,0.0,0.0,0.0,0.0,0.0,0.0,0.0,0.0,0.0,0.0,0.0,0.0,0.0,0.0,0.0,0.0,0.0,0.001786761247785733,0.0,0.0,0.0,0.0,0.0,0.0,0.0,0.0,0.0,0.0,0.0,0.0,0.0,0.0,0.0,0.010539653336895854,0.0,0.0,0.0,0.0,0.0,0.0,0.0,0.0006222797528607542,0.0,0.0044124719887833445,0.0,0.0003824982268269867,0.0,0.0,0.0,0.0,0.0,0.6803770622899455,0.0,0.002324586122995193,0.0,0.0028646434711628614,0.0,0.009059029608033545,0.0,0.013374740107645854,0.0,0.005987940144093122,0.0,0.013768319806624758,0.0,0.0,,0.024015522726828768,0.0,0.005595046755236836,0.0,0.06760908377667263,0.0,0.10125295209387934,0.0,0.0,,0.0,,0.0,,0.007073163602035449,0.0,0.0,,0.0,,0.0,,0.0,,0.0,,0.012239552739386709,0.0,0.0009113217674894018,2.0,0.011893743266617567,0.0,0.0007201454947269928,0.0,0.0,,0.0,,0.0,,0.0,0.0,0.0,,0.0,,0.0,,0.0,,0.0,,0.0,,0.0,,0.0,,0.0,,0.0,,0.0,,,,,,,,0.0,,,,,,,,,,,,0.005515778323751823,0.0,0.0005765196601714469,0.0,0.0,0.0,0.0,0.0,0.0,0.0,0.0,0.0,0.0,0.0,0.0,0.0,0.0,0.0,0.0,0.0,0.0,0.0,0.0,0.0,0.0,0.0,0.0,0.0,0.0,0.0,0.0,0.0,0.0,0.0,0.0,0.0,0.0,0.0,0.011837265736955573,0.0,0.0,,0.0,,0.0,,0.0,,0.0,,0.0,,0.0,,,,,,,,,,,,,,,,,,,,,,0,1,71,6
5,region_05,2024-03-16,,,,,,,,,,,,,,,0.001961960423467323,0.0,,,,,,,,,,,,,,,,,,,,,,,,,0.0,0.0,,,,,,,,,,,,,0.0,0.0,0.0057213328808785905,0.0,0.0,0.0,0.0,0.0,0.0,0.0,0.0037191746936689933,0.0,,,0.0,0.0,0.0,0.0,0.0,0.0,0.0,0.0,0.0,0.0,0.0,0.0,0.0,0.0,0.0,0.0,0.0,0.0,0.0,0.0,0.0,0.0,0.0,0.0,0.0,0.0,0.0,0.0,0.0,0.0,0.0,0.0,0.0,0.0,0.0,0.0,0.012274199435787772,0.0,0.0,0.0,0.0,0.0,0.0,0.0,0.0,0.0,0.006848471058953148,0.0,0.0,0.0,0.0,0.0,0.0,0.0,0.6443504594987438,0.0,0.0018569995455132932,0.0,0.004093591581969913,0.0,0.011520285562922504,0.0,0.0199657250195741,0.0,0.009471434534394262,0.0,0.009404961470394314,0.0,0.0,,0.027823395627949866,0.0,0.007900221790704416,0.0,0.08106380750735596,0.0,0.112241901208957,0.0,0.0,,0.0,,0.0,,0.012136974154661053,0.0,0.0,,0.0,,0.0,,0.0,,0.0,,0.0110997207773228,0.0,0.0018226435349788035,0.0,0.014975068724847215,0.0,0.0,0.0,0.0,,0.0,,0.0,,0.0,0.0,0.0,,0.0,,0.0,,0.0,,0.0,,0.0,,0.0,,0.0,,0.0,,0.0,,0.0,,,,,,,,0.0,,,,,,,,,,,,0.004230486205778967,0.0,0.0,0.0,0.0,0.0,0.0,0.0,0.0,0.0,0.0,0.0,0.0,0.0,0.0,0.0,0.0,0.0,0.0,0.0,0.0,0.0,0.0,0.0,0.0,0.0,0.0,0.0,0.0,0.0,0.0,0.0,0.0,0.0,0.0,0.0,0.0,0.0,0.012366308631109296,0.0,0.0,,0.0,,0.0,,0.0,,0.0,,0.0,,0.0,,,,,,,,,,,,,,,,,,,,,,0,0,72,7
5,region_05,2024-03-23,,,,,,,,,,,,,,,0.0009809802117336614,0.0,,,,,,,,,,,,,,,,,,,,,,,,,0.0,0.0,,,,,,,,,,,,,0.0,0.0,0.006614350519048574,0.0,0.0,0.0,0.0,0.0,0.0,0.0,0.006593753848855723,0.0,,,0.0,0.0,0.0,0.0,0.0,0.0,0.0,0.0,0.0,0.0,0.0,0.0,0.0,0.0,0.0,0.0,0.0,0.0,0.0,0.0,0.00258513113949445,0.0,0.0,0.0,0.0,0.0,0.0,0.0,0.0,0.0,0.0,0.0,0.0,0.0,0.0,0.0,0.008746995849995474,0.0,0.0,0.0,0.0,0.0,0.0,0.0,0.0,0.0,0.003424235529476574,0.0,0.0,0.0,0.002122683749933307,0.0,0.00083798034077818,0.0,0.5995961906128032,0.0,0.004314602242084173,0.0,0.0033224944220554883,0.0,0.01326686756995812,0.0,0.020720365705589397,0.0,0.009915572898794977,0.0,0.018232770838714604,0.0,0.0,,0.02032729984992844,0.0,0.00610250668358743,0.0,0.09808975830674167,0.0,0.09697772550086177,0.0,0.00107737840153275,2.0,0.0012556295211349022,2.0,0.0,,0.017870716176306176,0.0,0.0,,0.0008476390745878583,2.0,0.001950904672932125,1.0,0.0,,0.0,,0.023963223475341952,0.0,0.003181676374099705,0.0,0.013970392423548823,0.0,0.0,0.0,0.0,,0.0,,0.0,,0.0,0.0,0.0,,0.0,,0.0,,0.0,,0.0,,0.0,,0.0,,0.0,,0.0,,0.0,,0.0,,,,,,,,0.0,,,,,,,,,,,,0.004271699096231358,0.0,0.0025050054688978175,0.0,0.0,0.0,0.0,0.0,0.0,0.0,0.0,0.0,0.001256749103777085,0.0,0.0,0.0,0.0,0.0,0.0,0.0,0.0,0.0,0.0,0.0,0.0,0.0,0.0,0.0,0.0,0.0,0.0,0.0,0.0,0.0,0.0,0.0,0.0,0.0,0.015939246896388228,0.0,0.0,,0.0,,0.0,,0.0,,0.0,,0.0,,0.0,,,,,,,,,,,,,,,,,,,,,,1,3,72,0
5,region_05,2024-03-30,,,,,,,,,,,,,,,0.0,0.0,,,,,,,,,,,,,,,,,,,,,,,,,0.0,0.0,,,,,,,,,,,,,0.0,0.0,0.007507368157218557,0.0,0.0,0.0,0.0,0.0,0.0,0.0,0.009468333004042453,0.0,,,0.0,0.0,0.0,0.0,0.0,0.0,0.0,0.0,0.0,0.0,0.0,0.0,0.0,0.0,0.0,0.0,0.0,0.0,0.0,0.0,0.0051702622789889,0.0,0.0,0.0,0.0,0.0,0.0,0.0,0.0,0.0,0.0,0.0,0.0,0.0,0.0,0.0,0.005219792264203177,0.0,0.0,0.0,0.0,0.0,0.0,0.0,0.0,0.0,0.0,0.0,0.0,0.0,0.004245367499866614,0.0,0.00167596068155636,0.0,0.5548419217268626,0.0,0.0067722049386550525,0.0,0.002551397262141063,0.0,0.01501344957699374,0.0,0.021475006391604694,0.0,0.010359711263195693,0.0,0.027060580207034893,0.0,0.0,,0.01283120407190701,0.0,0.004304791576470445,0.0,0.11511570910612738,0.0,0.08171354979276654,0.0,0.0021547568030655,0.0,0.0025112590422698045,0.0,0.0,,0.0236044581979513,0.0,0.0,,0.0016952781491757166,0.0,0.00390180934586425,0.0,0.0,,0.0,,0.03682672617336111,0.0,0.0045407092132206065,0.0,0.012965716122250429,0.0,0.0,0.0,0.0,,0.0,,0.0,,0.0,0.0,0.0,,0.0,,0.0,,0.0,,0.0,,0.0,,0.0,,0.0,,0.0,,0.0,,0.0,,,,,,,,0.0,,,,,,,,,,,,0.00431291198668375,0.0,0.005010010937795635,0.0,0.0,0.0,0.0,0.0,0.0,0.0,0.0,0.0,0.00251349820755417,0.0,0.0,0.0,0.0,0.0,0.0,0.0,0.0,0.0,0.0,0.0,0.0,0.0,0.0,0.0,0.0,0.0,0.0,0.0,0.0,0.0,0.0,0.0,0.0,0.0,0.01951218516166716,0.0,0.0,,0.0,,0.0,,0.0,,0.0,,0.0,,0.0,,,,,,,,,,,,,,,,,,,,,,0,0,76,1
5,region_05,2024-04-06,,,,,,,,,,,,,,,0.0,0.0,,,,,,,,,,,,,,,,,,,,,,,,,0.0,0.0,,,,,,,,,,,,,0.0,0.0,0.012940532245140999,0.0,0.0,0.0,0.0,0.0,0.0,0.0,0.006008657673373777,0.0,,,0.0,0.0,0.0,0.0,0.0,0.0,0.0,0.0,0.0,0.0,0.0,0.0,0.0,0.0,0.0,0.0,0.0,0.0,0.0,0.0,0.0037141556768411537,0.0,0.0,0.0,0.0,0.0,0.0,0.0,0.0,0.0,0.0,0.0,0.0,0.0,0.0,0.0,0.005170789278037364,0.0,0.0,0.0,0.0,0.0,0.0,0.0,0.0,0.0,0.0,0.0,0.0,0.0,0.007335606197427385,0.0,0.00083798034077818,0.0,0.4577425027030638,0.0,0.01642251166959299,0.0,0.0022761763094669997,0.0,0.023523826493571168,0.0,0.017027370350157,0.0,0.014131411984895436,0.0,0.03149868460805631,0.0,0.0,,0.020532364580574596,0.0,0.004097339050430341,0.0,0.12754923478625282,0.0,0.09636929001787609,0.0,0.003248206131031762,0.0,0.0012556295211349022,0.0,0.0,,0.05209508920409553,0.0,0.0,,0.0021473264496307313,0.0,0.004274631006410304,0.0,0.0,,0.0,,0.04287330536278838,0.0,0.006945070178647078,0.0,0.014949831429735848,0.0,0.0,0.0,0.0029957533934739777,2.0,0.0,,0.0,,0.0,0.0,0.0,,0.0,,0.0,,0.0,,0.0,,0.0,,0.0,,0.0,,0.0,,0.0,,0.0,,,,,,,,0.0,,,,,,,,,,,,0.005550577590541712,0.0,0.006286882937116423,0.0,0.0,0.0,0.0,0.0,0.0,0.0,0.0,0.0,0.0036829459956725175,0.0,0.0,0.0,0.0,0.0,0.0,0.0,0.0,0.0,0.0,0.0,0.0,0.0,0.0,0.0,0.0,0.0,0.0,0.0,0.0,0.0,0.0,0.0,0.0,0.0,0.01982247699717321,0.0,0.0,,0.0,,0.0,,0.0,,0.0,,0.0,,0.0,,,,,,,,,,,,,,,,,,,,,,0,1,76,2
5,region_05,2024-04-13,,,,,,,,,,,,,,,0.0,0.0,,,,,,,,,,,,,,,,,,,,,,,,,0.0,0.0,,,,,,,,,,,,,0.0,0.0,0.018373696333063443,0.0,0.0,0.0,0.0,0.0,0.0,0.0,0.0025489823427051,0.0,,,0.0,0.0,0.0,0.0,0.0,0.0,0.0,0.0,0.0,0.0,0.0,0.0,0.0,0.0,0.0,0.0,0.0,0.0,0.0,0.0,0.002258049074693407,0.0,0.0,0.0,0.0,0.0,0.0,0.0,0.0,0.0,0.0,0.0,0.0,0.0,0.0,0.0,0.005121786291871552,0.0,0.0,0.0,0.0,0.0,0.0,0.0,0.0,0.0,0.0,0.0,0.0,0.0,0.010425844894988157,0.0,0.0,0.0,0.360643083679265,0.0,0.02607281840053093,0.0,0.0020009553567929363,0.0,0.0320342034101486,0.0,0.012579734308709307,0.0,0.01790311270659518,0.0,0.035936789009077735,0.0,0.0,,0.028233525089242182,0.0,0.003889886524390237,0.0,0.13998276046637828,0.0,0.11102503024298564,0.0,0.004341655458998024,0.0,0.0,0.0,0.0,,0.08058572021023976,0.0,0.0,,0.002599374750085746,0.0,0.004647452666956357,0.0,0.0,,0.0,,0.04891988455221566,0.0,0.00934943114407355,0.0,0.016933946737221265,0.0,0.0,0.0,0.005991506786947955,0.0,0.0,,0.0,,0.0,0.0,0.0,,0.0,,0.0,,0.0,,0.0,,0.0,,0.0,,0.0,,0.0,,0.0,,0.0,,,,,,,,0.0,,,,,,,,,,,,0.006788243194399673,0.0,0.007563754936437212,0.0,0.0,0.0,0.0,0.0,0.0,0.0,0.0,0.0,0.004852393783790865,0.0,0.0,0.0,0.0,0.0,0.0,0.0,0.0,0.0,0.0,0.0,0.0,0.0,0.0,0.0,0.0,0.0,0.0,0.0,0.0,0.0,0.0,0.0,0.0,0.0,0.02013276883267926,0.0,0.0,,0.0,,0.0,,0.0,,0.0,,0.0,,0.0,,,,,,,,,,,,,,,,,,,,,,0,0,77,3
5,region_05,2024-04-20,,,,,,,,,,,,,,,0.0,0.0,,,,,,,,,,,,,,,,,,,,,,,,,0.0,0.0,,,,,,,,,,,,,0.0,0.0,0.01934743356624879,0.0,0.0,0.0,0.0,0.0,0.0,0.0,0.004524892106253078,0.0,,,0.0,0.0,0.0,0.0,0.0,0.0,0.0,0.0,0.0,0.0,0.0,0.0,0.0,0.0,0.0,0.0,0.0,0.0,0.0,0.0,0.0011290245373467035,0.0,0.0,0.0,0.0,0.0,0.0,0.0,0.0,0.0,0.0,0.0,0.0,0.0,0.0,0.0,0.002560893145935776,0.0,0.0,0.0,0.0,0.0,0.0,0.0,0.0,0.0,0.0012553749880420608,0.0,0.0,0.0,0.007595902711286031,0.0,0.0,0.0,0.3273515074233997,0.0,0.02790711551395428,0.0,0.0029976499579126847,0.0,0.026106868903817835,0.0,0.010777009886189362,0.0,0.018216546408698978,0.0,0.0278092029807272,0.0,0.0,,0.023483396181231922,0.0,0.003167752369470781,0.0,0.18036150245339433,0.0,0.08182220024568672,0.0,0.008978673513850215,0.0,0.0011492513003758854,0.0,0.0,,0.09095760324758845,0.0,0.0,,0.012289084013900671,0.0,0.012399422245964895,0.0,0.0,,0.0032354065310209717,2.0,0.04613220152729576,0.0,0.008060555713849886,0.0,0.012680405817393704,0.0,0.0015520659787580098,0.0,0.0071080083165455275,0.0,0.0,,0.0,,0.0,0.0,0.0,,0.0,,0.0,,0.0,,0.0,,0.0,,0.0,,0.0,,0.0,,0.0,,0.0,,,,,,,,0.0,,,,,,,,,,,,0.004820095360556598,0.0,0.00696595358338365,0.0,0.0,0.0,0.0,0.0,0.0,0.0,0.0,0.0,0.004024547455913307,0.0,0.0,0.0,0.0011315940042819464,0.0,0.0,0.0,0.0,0.0,0.0,0.0,0.0,0.0,0.0,0.0,0.0,0.0,0.0,0.0,0.0,0.0,0.0,0.0,0.0,0.0,0.024033642773117286,0.0,0.0016898377970964555,2.0,0.0,,0.0,,0.0,,0.0,,0.0,,0.0,,,,,,,,,,,,,,,,,,,,,,0,2,77,4
5,region_05,2024-04-27,,,,,,,,,,,,,,,0.0,0.0,,,,,,,,,,,,,,,,,,,,,,,,,0.0,0.0,,,,,,,,,,,,,0.0,0.0,0.02032117079943414,0.0,0.0,0.0,0.0,0.0,0.0,0.0,0.006500801869801057,0.0,,,0.0,0.0,0.0,0.0,0.0,0.0,0.0,0.0,0.0,0.0,0.0,0.0,0.0,0.0,0.0,0.0,0.0,0.0,0.0,0.0,0.0,0.0,0.0,0.0,0.0,0.0,0.0,0.0,0.0,0.0,0.0,0.0,0.0,0.0,0.0,0.0,0.0,0.0,0.0,0.0,0.0,0.0,0.0,0.0,0.0,0.0,0.0025107499760841216,0.0,0.0,0.0,0.004765960527583905,0.0,0.0,0.0,0.2940599311675344,0.0,0.029741412627377634,0.0,0.003994344559032433,0.0,0.02017953439748707,0.0,0.008974285463669416,0.0,0.018529980110802778,0.0,0.01968161695237666,0.0,0.0,,0.01873326727322166,0.0,0.002445618214551325,0.0,0.2207402444404104,0.0,0.0526193702483878,0.0,0.013615691568702407,0.0,0.002298502600751771,0.0,0.0,,0.10132948628493713,0.0,0.0,,0.021978793277715594,0.0,0.020151391824973434,0.0,0.0,,0.006470813062041943,0.0,0.043344518502375855,0.0,0.006771680283626222,0.0,0.00842686489756614,0.0,0.0031041319575160196,0.0,0.0082245098461431,0.0,0.0,,0.0,,0.0,0.0,0.0,,0.0,,0.0,,0.0,,0.0,,0.0,,0.0,,0.0,,0.0,,0.0,,0.0,,,,,,,,0.0,,,,,,,,,,,,0.002851947526713525,0.0,0.006368152230330088,0.0,0.0,0.0,0.0,0.0,0.0,0.0,0.0,0.0,0.0031967011280357497,0.0,0.0,0.0,0.002263188008563893,0.0,0.0,0.0,0.0,0.0,0.0,0.0,0.0,0.0,0.0,0.0,0.0,0.0,0.0,0.0,0.0,0.0,0.0,0.0,0.0,0.0,0.027934516713555315,0.0,0.003379675594192911,0.0,0.0,,0.0,,0.0,,0.0,,0.0,,0.0,,,,,,,,,,,,,,,,,,,,,,0,0,79,5
5,region_05,2024-05-04,,,,,,,,,,,,,,,0.0,0.0,,,,,,,,,,,,,,,,,,,,,,,,,0.0,0.0,,,,,,,,,,,,,0.0,0.0,0.01016058539971707,0.0,0.0,0.0,0.0,0.0,0.0,0.0,0.004536044018875218,0.0,,,0.0,0.0,0.0,0.0,0.0,0.0,0.0,0.0,0.0,0.0,0.0,0.0,0.0,0.0,0.0,0.0,0.0,0.0,0.0,0.0,0.0,0.0,0.0,0.0,0.0,0.0,0.0,0.0,0.0,0.0,0.0,0.0,0.0,0.0,0.0,0.0,0.0,0.0,0.0,0.0,0.0,0.0,0.0,0.0,0.0,0.0,0.0012553749880420608,0.0,0.0,0.0,0.008134328098302395,0.0,0.0,0.0,0.24851916528173854,0.0,0.029518323914547007,0.0,0.0019971722795162163,0.0,0.013829544815900017,0.0,0.03091886157302981,0.0,0.027723688859963274,0.0,0.013916003570257338,0.0,0.0,,0.016026202650474608,0.0,0.005140961327603704,0.0,0.17223592060415638,0.0,0.057243325555806614,0.0,0.0320067098901535,0.0,0.002953416376840277,0.0,0.0036083301529288045,2.0,0.11893510546003065,0.0,0.0,,0.03380346388144387,0.0,0.04660605142558255,0.0,0.0,,0.006843736683949777,0.0,0.043924014035428074,0.0,0.015111437337140368,0.0,0.007311557813414454,0.0,0.003300003572367082,0.0,0.014179987569559752,0.0,0.0,,0.0016463408363051502,2.0,0.0,0.0,0.0,,0.0,,0.0,,0.0,,0.0,,0.0,,0.0,,0.0,,0.0,,0.0,,0.0,,,,,,,,0.0,,,,,,,,,,,,0.0014259737633567624,0.0,0.007120269499661248,0.0,0.0,0.0,0.0,0.0,0.0,0.0,0.0,0.0,0.005534543948514079,0.0,0.0,0.0,0.0011315940042819464,0.0,0.0,0.0,0.0,0.0,0.0,0.0,0.0,0.0,0.0,0.0,0.0,0.0,0.0,0.0,0.0,0.0,0.0,0.0,0.0,0.0,0.018677301770127275,0.0,0.010031775868049327,0.0,0.0,,0.0,,0.0,,0.0,,0.0,,0.0,,,,,,,,,,,,,,,,,,,,,,0,2,79,6
5,region_05,2024-05-11,,,,,,,,,,,,,,,0.0,0.0,,,,,,,,,,,,,,,,,,,,,,,,,0.0,0.0,,,,,,,,,,,,,0.0,0.0,0.0,0.0,0.0,0.0,0.0,0.0,0.0,0.0,0.002571286167949378,0.0,,,0.0,0.0,0.0,0.0,0.0,0.0,0.0,0.0,0.0,0.0,0.0,0.0,0.0,0.0,0.0,0.0,0.0,0.0,0.0,0.0,0.0,0.0,0.0,0.0,0.0,0.0,0.0,0.0,0.0,0.0,0.0,0.0,0.0,0.0,0.0,0.0,0.0,0.0,0.0,0.0,0.0,0.0,0.0,0.0,0.0,0.0,0.0,0.0,0.0,0.0,0.011502695669020886,0.0,0.0,0.0,0.20297839939594264,0.0,0.029295235201716376,0.0,0.0,0.0,0.007479555234312965,0.0,0.0528634376823902,0.0,0.03691739760912377,0.0,0.008150390188138016,0.0,0.0,,0.01331913802772756,0.0,0.007836304440656082,0.0,0.12373159676790234,0.0,0.061867280863225425,0.0,0.050397728211604584,0.0,0.003608330152928783,0.0,0.007216660305857609,0.0,0.13654072463512418,0.0,0.0,,0.04562813448517214,0.0,0.07306071102619167,0.0,0.0,,0.007216660305857609,0.0,0.0445035095684803,0.0,0.023451194390654514,0.0,0.006196250729262768,0.0,0.0034958751872181445,0.0,0.020135465292976405,0.0,0.0,,0.0032926816726103003,0.0,0.0,0.0,0.0,,0.0,,0.0,,0.0,,0.0,,0.0,,0.0,,0.0,,0.0,,0.0,,0.0,,,,,,,,0.0,,,,,,,,,,,,0.0,0.0,0.00787238676899241,0.0,0.0,0.0,0.0,0.0,0.0,0.0,0.0,0.0,0.00787238676899241,0.0,0.0,0.0,0.0,0.0,0.0,0.0,0.0,0.0,0.0,0.0,0.0,0.0,0.0,0.0,0.0,0.0,0.0,0.0,0.0,0.0,0.0,0.0,0.0,0.0,0.009420086826699235,0.0,0.01668387614190574,0.0,0.0,,0.0,,0.0,,0.0,,0.0,,0.0,,,,,,,,,,,,,,,,,,,,,,0,0,81,7
5,region_05,2024-05-18,,,,,,,,,,,,,,,0.0,0.0,,,,,,,,,,,,,,,,,,,,,,,,,0.0,0.0,,,,,,,,,,,,,0.0,0.0,0.0,0.0,0.0,0.0,0.0,0.0,0.0,0.0,0.003140049767143114,0.0,,,0.0,0.0,0.0,0.0,0.0,0.0,0.0,0.0,0.0,0.0,0.0,0.0,0.0,0.0,0.0019129641139163213,0.0,0.0,0.0,0.0,0.0,0.0,0.0,0.0,0.0,0.0,0.0,0.0,0.0,0.0,0.0,0.0,0.0,0.0,0.0,0.0,0.0,0.0,0.0,0.0,0.0,0.0,0.0,0.0,0.0,0.0,0.0,0.0,0.0,0.0,0.0,0.005751347834510443,0.0,0.0,0.0,0.1437343639011184,0.0,0.023593910562877428,0.0,0.0024023608017999134,0.0,0.012546153367998459,0.0,0.03472529928414864,0.0,0.040509601338551554,0.0,0.014345024882529171,0.0,0.0,,0.00665956901386378,0.0,0.005631233640494438,0.0,0.11255731910467144,0.0,0.04088758920820855,0.0,0.059555467798823244,0.0,0.011806490792271942,0.0,0.012445677770301651,0.0,0.14679183894625075,0.0,0.006814710182053093,2.0,0.05750851923653825,0.0,0.11928662389516828,0.0,0.0,,0.009649015963077498,0.0,0.03434318823453321,0.0,0.02387776982039208,0.0,0.003098125364631384,0.0,0.00693306904286142,0.0,0.03824607569437756,0.0,0.0,,0.0034497550436450356,0.0,0.0,0.0,0.0,,0.0,,0.0,,0.0,,0.0015743589756311582,2.0,0.0,,0.0,,0.0,,0.0,,0.0,,0.0,,,,,,,,0.0,,,,,,,,,,,,0.0,0.0,0.003936193384496205,0.0,0.0,0.0,0.0,0.0,0.0,0.0,0.0,0.0,0.003936193384496205,0.0,0.0,0.0,0.0,0.0,0.0,0.0,0.0,0.0,0.0,0.0,0.0,0.0,0.0,0.0,0.0,0.0,0.0,0.0,0.0,0.0,0.0,0.0,0.0,0.0,0.0068127241728898535,0.0,0.011769869562704077,0.0,0.0,,0.0,,0.0,,0.0,,0.0,,0.0,,,,,,,,,,,,,,,,,,,,,,0,2,81,8
5,region_05,2024-05-25,,,,,,,,,,,,,,,0.0,0.0,,,,,,,,,,,,,,,,,,,,,,,,,0.0,0.0,,,,,,,,,,,,,0.0,0.0,0.0,0.0,0.0,0.0,0.0,0.0,0.0,0.0,0.0037088133663368502,0.0,,,0.0,0.0,0.0,0.0,0.0,0.0,0.0,0.0,0.0,0.0,0.0,0.0,0.0,0.0,0.0038259282278326427,0.0,0.0,0.0,0.0,0.0,0.0,0.0,0.0,0.0,0.0,0.0,0.0,0.0,0.0,0.0,0.0,0.0,0.0,0.0,0.0,0.0,0.0,0.0,0.0,0.0,0.0,0.0,0.0,0.0,0.0,0.0,0.0,0.0,0.0,0.0,0.0,0.0,0.0,0.0,0.08449032840629415,0.0,0.01789258592403848,0.0,0.004804721603599827,0.0,0.017612751501683954,0.0,0.01658716088590709,0.0,0.04410180506797933,0.0,0.020539659576920326,0.0,0.0,,0.0,0.0,0.003426162840332795,0.0,0.10138304144144054,0.0,0.019907897553191674,0.0,0.0687132073860419,0.0,0.020004651431615103,0.0,0.017674695234745692,0.0,0.1570429532573773,0.0,0.013629420364106186,0.0,0.06938890398790436,0.0,0.16551253676414487,0.0,0.0,,0.012081371620297387,0.0,0.024182866900586117,0.0,0.02430434525012965,0.0,0.0,0.0,0.010370262898504696,0.0,0.05635668609577872,0.0,0.0,,0.003606828414679771,0.0,0.0,0.0,0.0,,0.0,,0.0,,0.0,,0.0031487179512623164,0.0,0.0,,0.0,,0.0,,0.0,,0.0,,0.0,,,,,,,,0.0,,,,,,,,,,,,0.0,0.0,0.0,0.0,0.0,0.0,0.0,0.0,0.0,0.0,0.0,0.0,0.0,0.0,0.0,0.0,0.0,0.0,0.0,0.0,0.0,0.0,0.0,0.0,0.0,0.0,0.0,0.0,0.0,0.0,0.0,0.0,0.0,0.0,0.0,0.0,0.0,0.0,0.0042053615190804725,0.0,0.0068558629835024105,0.0,0.0,,0.0,,0.0,,0.0,,0.0,,0.0,,,,,,,,,,,,,,,,,,,,,,0,0,83,9
5,region_05,2024-06-01,,,,,,,,,,,,,,,0.0018362213602466692,0.0,,,,,,,,,,,,,,,,,,,,,,,,,0.0,0.0,,,,,,,,,,,,,0.0,0.0,0.0,0.0,0.0,0.0,0.0,0.0,0.0,0.0,0.0018544066831684251,0.0,,,0.0,0.0,0.0,0.0,0.0,0.0,0.0,0.0,0.0,0.0,0.0,0.0,0.0,0.0,0.0019129641139163213,0.0,0.0,0.0,0.0,0.0,0.0017362481623422125,0.0,0.0,0.0,0.0,0.0,0.0,0.0,0.0,0.0,0.0,0.0,0.0,0.0,0.0,0.0,0.0,0.0,0.0,0.0,0.0,0.0,0.0,0.0,0.0,0.0,0.0,0.0,0.0,0.0,0.0,0.0,0.0,0.0,0.08760360411057866,0.0,0.01738005534544474,0.0,0.0042546859587335745,0.0,0.016930145863102417,0.0,0.023917879866633938,0.0,0.035712959930546295,0.0,0.019447616552217606,0.0,0.0,,0.0,0.0,0.0035493027804130665,0.0,0.08472566319836507,0.0,0.011790170136842505,0.0,0.070271844131469,0.0,0.02299597469003245,0.0,0.012408328428864432,0.0,0.13479664532856622,0.0,0.012266067665709937,0.0,0.08065515101576841,0.0,0.2016868921452098,0.0,0.005595047818496798,1.0,0.007942513180231363,0.0,0.019109836036739034,0.0,0.01575867701987066,0.0,0.0,0.0,0.010807064295347203,0.0,0.0703139492573264,0.0,0.0,,0.0037128038743199955,0.0,0.0,0.0,0.0,,0.0,,0.0,,0.0,,0.010735586125520008,0.0,0.0,,0.0,,0.0,,0.0,,0.0,,0.0,,,,,,,,0.0,,,,,,,,,,,,0.0,0.0,0.0,0.0,0.0,0.0,0.0,0.0,0.0,0.0,0.0,0.0,0.0,0.0,0.0,0.0,0.0,0.0,0.0,0.0,0.0,0.0,0.0,0.0,0.0,0.0,0.0,0.0,0.0,0.0,0.0,0.0,0.0,0.0,0.0,0.0,0.0,0.0,0.003921147109045103,0.0,0.00721416354811347,0.0,0.0,,0.0,,0.0,,0.0,,0.0,,0.0,,,,,,,,,,,,,,,,,,,,,,1,0,83,0
5,region_05,2024-06-08,,,,,,,,,,,,,,,0.0036724427204933383,0.0,,,,,,,,,,,,,,,,,,,,,,,,,0.0,0.0,,,,,,,,,,,,,0.0,0.0,0.0,0.0,0.0,0.0,0.0,0.0,0.0,0.0,0.0,0.0,,,0.0,0.0,0.0,0.0,0.0,0.0,0.0,0.0,0.0,0.0,0.0,0.0,0.0,0.0,0.0,0.0,0.0,0.0,0.0,0.0,0.003472496324684425,0.0,0.0,0.0,0.0,0.0,0.0,0.0,0.0,0.0,0.0,0.0,0.0,0.0,0.0,0.0,0.0,0.0,0.0,0.0,0.0,0.0,0.0,0.0,0.0,0.0,0.0,0.0,0.0,0.0,0.0,0.0,0.0,0.0,0.09071687981486315,0.0,0.016867524766851,0.0,0.003704650313867323,0.0,0.01624754022452088,0.0,0.031248598847360785,0.0,0.02732411479311326,0.0,0.018355573527514882,0.0,0.0,,0.0,0.0,0.0036724427204933383,0.0,0.06806828495528959,0.0,0.0036724427204933383,0.0,0.07183048087689609,0.0,0.025987297948449794,0.0,0.00714196162298317,0.0,0.11255033739975516,0.0,0.010902714967313688,0.0,0.09192139804363246,0.0,0.23786124752627474,0.0,0.011190095636993596,0.0,0.003803654740165338,0.0,0.014036805172891952,0.0,0.007213008789611667,0.0,0.0,0.0,0.01124386569218971,0.0,0.08427121241887406,0.0,0.0,,0.0038187793339602197,0.0,0.0,0.0,0.0,,0.0,,0.0,,0.0,,0.018322454299777698,0.0,0.0,,0.0,,0.0,,0.0,,0.0,,0.0,,,,,,,,0.0,,,,,,,,,,,,0.0,0.0,0.0,0.0,0.0,0.0,0.0,0.0,0.0,0.0,0.0,0.0,0.0,0.0,0.0,0.0,0.0,0.0,0.0,0.0,0.0,0.0,0.0,0.0,0.0,0.0,0.0,0.0,0.0,0.0,0.0,0.0,0.0,0.0,0.0,0.0,0.0,0.0,0.003636932699009733,0.0,0.0075724641127245295,0.0,0.0,,0.0,,0.0,,0.0,,0.0,,0.0,,,,,,,,,,,,,,,,,,,,,,0,0,84,1
5,region_05,2024-06-15,,,,,,,,,,,,,,,0.0018362213602466692,0.0,,,,,,,,,,,,,,,,,,,,,,,,,0.0,0.0,,,,,,,,,,,,,0.0,0.0,0.0,0.0,0.0,0.0,0.0,0.0,0.0,0.0,0.0,0.0,,,0.0,0.0,0.0,0.0,0.0,0.0,0.0,0.0,0.0,0.0,0.0,0.0,0.0,0.0,0.0,0.0,0.0,0.0,0.0,0.0,0.0027608270446459002,0.0,0.0,0.0,0.0,0.0,0.0,0.0,0.0,0.0,0.0,0.0,0.0,0.0,0.0,0.0,0.0,0.0,0.0,0.0,0.0,0.0,0.0,0.0,0.0,0.0,0.0,0.0,0.0,0.0,0.0,0.0,0.0,0.0,0.07870144307937307,0.0,0.019223158120266343,0.0,0.0018523251569336615,0.0,0.00812377011226044,0.0,0.018379470941805327,0.0,0.024650960938916274,0.0,0.023235881080230024,0.0,0.0009491603839425846,2.0,0.0,0.0,0.0018362213602466692,0.0,0.04537329789147605,0.0,0.0018362213602466692,0.0,0.07114093899350572,0.0,0.022913279803469723,0.0,0.003570980811491585,0.0,0.11609879089808608,0.0,0.021408305105969565,0.0,0.10705408981960748,0.0,0.2275216552082467,0.0,0.027977518766949074,0.0,0.011588823172219407,0.0,0.008801172278809168,0.0,0.0072382924388095776,0.0,0.0,0.0,0.005621932846094855,0.0,0.11665832143330915,0.0,0.0,,0.005080115158731686,0.0,0.0,0.0,0.0,,0.0,,0.0,,0.0,,0.018125227613684985,0.0,0.0,,0.0,,0.0,,0.0,,0.0,,0.0,,,,,,,,0.0,,,,,,,,,,,,0.0,0.0,0.0,0.0,0.0,0.0,0.0,0.0,0.0,0.0,0.0,0.0,0.0,0.0,0.0,0.0,0.0,0.0,0.0,0.0,0.0,0.0,0.0,0.0,0.0,0.0,0.0,0.0,0.0,0.0,0.0,0.0,0.0,0.0,0.0,0.0,0.0,0.0,0.0018184663495048666,0.0,0.0037862320563622647,0.0,0.0,,0.0,,0.0,,0.0,,0.0,,0.0,,,,,,,,,,,,,,,,,,,,,,0,1,84,2
5,region_05,2024-06-22,,,,,,,,,,,,,,,0.0,0.0,,,,,,,,,,,,,,,,,,,,,,,,,0.0,0.0,,,,,,,,,,,,,0.0,0.0,0.0,0.0,0.0,0.0,0.0,0.0,0.0,0.0,0.0,0.0,,,0.0,0.0,0.0,0.0,0.0,0.0,0.0,0.0,0.0,0.0,0.0,0.0,0.0,0.0,0.0,0.0,0.0,0.0,0.0,0.0,0.002049157764607375,0.0,0.0,0.0,0.0,0.0,0.0,0.0,0.0,0.0,0.0,0.0,0.0,0.0,0.0,0.0,0.0,0.0,0.0,0.0,0.0,0.0,0.0,0.0,0.0,0.0,0.0,0.0,0.0,0.0,0.0,0.0,0.0,0.0,0.06668600634388298,0.0,0.02157879147368168,0.0,0.0,0.0,0.0,0.0,0.00551034303624987,0.0,0.02197780708471929,0.0,0.028116188632945165,0.0,0.0018983207678851693,0.0,0.0,0.0,0.0,0.0,0.02267831082766251,0.0,0.0,0.0,0.07045139711011536,0.0,0.019839261658489652,0.0,0.0,0.0,0.119647244396417,0.0,0.03191389524462544,0.0,0.12218678159558251,0.0,0.2171820628902186,0.0,0.044764941896904546,0.0,0.01937399160427348,0.0,0.003565539384726385,0.0,0.0072635760880074875,0.0,0.0,0.0,0.0,0.0,0.14904543044774424,0.0,0.0,,0.006341450983503153,0.0,0.0,0.0,0.0,,0.0,,0.0,,0.0,,0.01792800092759227,0.0,0.0,,0.0,,0.0,,0.0,,0.0,,0.0,,,,,,,,0.0,,,,,,,,,,,,0.0,0.0,0.0,0.0,0.0,0.0,0.0,0.0,0.0,0.0,0.0,0.0,0.0,0.0,0.0,0.0,0.0,0.0,0.0,0.0,0.0,0.0,0.0,0.0,0.0,0.0,0.0,0.0,0.0,0.0,0.0,0.0,0.0,0.0,0.0,0.0,0.0,0.0,0.0,0.0,0.0,0.0,0.0,,0.0,,0.0,,0.0,,0.0,,0.0,,,,,,,,,,,,,,,,,,,,,,0,0,85,3
5,region_05,2024-06-29,,,,,,,,,,,,,,,0.0,0.0,,,,,,,,,,,,,,,,,,,,,,,,,0.0,0.0,,,,,,,,,,,,,0.0,0.0,0.00104615299496797,0.0,0.0,0.0,0.0,0.0,0.0,0.0,0.0,0.0,,,0.0,0.0,0.0,0.0,0.0,0.0,0.0,0.0,0.0,0.0,0.0,0.0,0.0,0.0,0.0,0.0,0.0,0.0,0.0,0.0,0.0010245788823036875,0.0,0.0,0.0,0.0,0.0,0.0,0.0,0.0,0.0,0.0,0.0,0.0,0.0,0.0,0.0,0.0,0.0,0.0,0.0,0.0,0.0,0.0,0.0,0.0,0.0,0.0,0.0,0.0,0.0,0.0,0.0,0.0,0.0,0.049461480149108394,0.0,0.014478939921136193,0.0,0.0006580829980190227,0.0,0.010550156659023304,0.0,0.008576327550184414,0.0,0.024614897867043746,0.0,0.0229470448069058,0.0,0.0022007769439368963,0.0,0.0,0.0,0.0,0.0,0.02041048384811455,0.0,0.0,0.0,0.07901700223227595,0.0,0.025221152598724497,0.0,0.0024992475367110393,0.0,0.09280560456820033,0.0,0.03620227024128486,0.0,0.13005892624673632,0.0,0.23347876220941538,0.0,0.06674920173045316,0.0,0.010359945153628525,0.0,0.0017827696923631924,0.0,0.011964556028428643,0.0,0.0,0.0,0.004511066530223752,0.0,0.1347671675941218,0.0,0.0,,0.007907516816107877,0.0,0.0,0.0,0.0,,0.0,,0.0,,0.0,,0.014537248245872296,0.0,0.0,,0.0,,0.0,,0.0,,0.0,,0.0,,,,,,,,0.0,,,,,,,,,,,,0.0,0.0,0.0,0.0,0.0,0.0,0.0,0.0,0.0,0.0,0.0,0.0,0.0,0.0,0.0,0.0,0.0,0.0,0.0,0.0,0.0,0.0,0.0,0.0,0.0,0.0,0.0,0.0,0.0,0.0,0.0,0.0,0.0,0.0,0.0,0.0,0.0,0.0,0.0,0.0,0.0,0.0,0.0,,0.0,,0.0,,0.0,,0.0,,0.0,,,,,,,,,,,,,,,,,,,,,,0,0,85,4
5,region_05,2024-07-06,,,,,,,,,,,,,,,0.0,0.0,,,,,,,,,,,,,,,,,,,,,,,,,0.0,0.0,,,,,,,,,,,,,0.0,0.0,0.00209230598993594,0.0,0.0,0.0,0.0,0.0,0.0,0.0,0.0,0.0,,,0.0,0.0,0.0,0.0,0.0,0.0,0.0,0.0,0.0,0.0,0.0,0.0,0.0,0.0,0.0,0.0,0.0,0.0,0.0,0.0,0.0,0.0,0.0,0.0,0.0,0.0,0.0,0.0,0.0,0.0,0.0,0.0,0.0,0.0,0.0,0.0,0.0,0.0,0.0,0.0,0.0,0.0,0.0,0.0,0.0,0.0,0.0,0.0,0.0,0.0,0.0,0.0,0.0,0.0,0.0322369539543338,0.0,0.007379088368590705,0.0,0.0013161659960380454,0.0,0.02110031331804661,0.0,0.011642312064118957,0.0,0.0272519886493682,0.0,0.01777790098086643,0.0,0.0025032331199886233,0.0,0.0,0.0,0.0,0.0,0.018142656868566587,0.0,0.0,0.0,0.08758260735443656,0.0,0.030603043538959346,0.0,0.004998495073422079,0.0,0.06596396473998369,0.0,0.04049064523794429,0.0,0.13793107089789014,0.0,0.24977546152861219,0.0,0.08873346156400179,0.0,0.001345898702983574,0.0,0.0,0.0,0.016665535968849798,0.0,0.0,0.0,0.009022133060447505,0.0,0.12048890474049938,0.0,0.0,,0.0094735826487126,0.0,0.0,0.0,0.0,,0.0,,0.0,,0.0,,0.011146495564152321,0.0,0.0,,0.0,,0.0,,0.0,,0.0,,0.0,,,,,,,,0.0,,,,,,,,,,,,0.0,0.0,0.0,0.0,0.0,0.0,0.0,0.0,0.0,0.0,0.0,0.0,0.0,0.0,0.0,0.0,0.0,0.0,0.0,0.0,0.0,0.0,0.0,0.0,0.0,0.0,0.0,0.0,0.0,0.0,0.0,0.0,0.0,0.0,0.0,0.0,0.0,0.0,0.0,0.0,0.0,0.0,0.0,,0.0,,0.0,,0.0,,0.0,,0.0,,,,,,,,,,,,,,,,,,,,,,0,0,85,5
5,region_05,2024-07-13,,,,,,,,,,,,,,,0.0,0.0,,,,,,,,,,,,,,,,,,,,,,,,,0.0,0.0,,,,,,,,,,,,,0.0,0.0,0.00104615299496797,0.0,0.0,0.0,0.0,0.0,0.0,0.0,0.0,0.0,,,0.0,0.0,0.0,0.0,0.0,0.0,0.0,0.0,0.0,0.0,0.0,0.0,0.0,0.0,0.0,0.0,0.0,0.0,0.0,0.0,0.0,0.0,0.0,0.0,0.0,0.0,0.0,0.0,0.0,0.0,0.0,0.0,0.0,0.0,0.0,0.0,0.0,0.0,0.0,0.0,0.0,0.0,0.0,0.0,0.0,0.0,0.0,0.0,0.0,0.0,0.0,0.0,0.0,0.0,0.028549340008776368,0.0,0.005966637964473318,0.0,0.0006580829980190227,0.0,0.01640319966033774,0.0,0.007569151625898522,0.0,0.0179037356283515,0.0,0.014602295084388903,0.0,0.0012516165599943117,0.0,0.0,0.0,0.0,0.0,0.014178724208544786,0.0,0.0,0.0,0.061733728851236,0.0,0.031929331831634,0.0,0.0036697938611266576,0.0,0.06688146098432213,0.0,0.04001940744505682,0.0,0.1500863702194728,0.0,0.2630658551108224,0.0,0.1044205869787295,0.0,0.003553659486282469,0.0,0.0019695095887238044,0.0,0.015219799026187922,0.0,0.0,0.0,0.004511066530223752,0.0,0.119193101294427,0.0,0.0,,0.01013650743220835,0.0,0.0,0.0,0.0,,0.0,,0.0,,0.0,,0.015687262925610138,0.0,0.0,,0.001201799495093911,2.0,0.0,,0.001020293809812159,2.0,0.0,,0.0,,,,,,,,0.0,,,,,,,,,,,,0.0,0.0,0.0,0.0,0.0,0.0,0.0,0.0,0.0,0.0,0.0,0.0,0.0,0.0,0.0,0.0,0.0,0.0,0.0,0.0,0.0,0.0,0.0,0.0,0.0,0.0,0.0,0.0,0.0,0.0,0.0,0.0,0.0,0.0,0.0,0.0,0.0,0.0,0.0,0.0,0.0,0.0,0.0,,0.0,,0.0,,0.0,,0.0,,0.0,,,,,,,,,,,,,,,,,,,,,,0,2,85,6
5,region_05,2024-07-20,,,,,,,,,,,,,,,0.0,0.0,,,,,,,,,,,,,,,,,,,,,,,,,0.0,0.0,,,,,,,,,,,,,0.0,0.0,0.0,0.0,0.0,0.0,0.0,0.0,0.0,0.0,0.0,0.0,,,0.0,0.0,0.0,0.0,0.0,0.0,0.0,0.0,0.0,0.0,0.0,0.0,0.0,0.0,0.0,0.0,0.0,0.0,0.0,0.0,0.0,0.0,0.0,0.0,0.0,0.0,0.0,0.0,0.0,0.0,0.0,0.0,0.0,0.0,0.0,0.0,0.0,0.0,0.0,0.0,0.0,0.0,0.0,0.0,0.0,0.0,0.0,0.0,0.0,0.0,0.0,0.0,0.0,0.0,0.024861726063218934,0.0,0.004554187560355932,0.0,0.0,0.0,0.011706086002628869,0.0,0.0034959911876780866,0.0,0.008555482607334804,0.0,0.011426689187911378,0.0,0.0,0.0,0.0,0.0,0.0,0.0,0.010214791548522987,0.0,0.0,0.0,0.03588485034803544,0.0,0.03325562012430865,0.0,0.0023410926488312365,0.0,0.06779895722866056,0.0,0.03954816965216935,0.0,0.16224166954105546,0.0,0.27635624869303266,0.0,0.1201077123934572,0.0,0.005761420269581364,0.0,0.003939019177447609,0.0,0.013774062083526046,0.0,0.0,0.0,0.0,0.0,0.11789729784835465,0.0,0.0,,0.0107994322157041,0.0,0.0,0.0,0.0,,0.0,,0.0,,0.0,,0.020228030287067954,0.0,0.0,,0.002403598990187822,0.0,0.0,,0.002040587619624318,0.0,0.0,,0.0,,,,,,,,0.0,,,,,,,,,,,,0.0,0.0,0.0,0.0,0.0,0.0,0.0,0.0,0.0,0.0,0.0,0.0,0.0,0.0,0.0,0.0,0.0,0.0,0.0,0.0,0.0,0.0,0.0,0.0,0.0,0.0,0.0,0.0,0.0,0.0,0.0,0.0,0.0,0.0,0.0,0.0,0.0,0.0,0.0,0.0,0.0,0.0,0.0,,0.0,,0.0,,0.0,,0.0,,0.0,,,,,,,,,,,,,,,,,,,,,,0,0,87,7
5,region_05,2024-07-27,,,,,,,,,,,,,,,0.0,0.0,,,,,,,,,,,,,,,,,,,,,,,,,0.0,0.0,,,,,,,,,,,,,0.0,0.0,0.0,0.0,0.0,0.0,0.0,0.0,0.0,0.0,0.0,0.0,,,0.0,0.0,0.0,0.0,0.0,0.0,0.0,0.0,0.0,0.0,0.0,0.0,0.0,0.0,0.0,0.0,0.0,0.0,0.0,0.0,0.0,0.0,0.000558004199410765,0.0,0.0,0.0,0.0,0.0,0.0,0.0,0.0,0.0,0.0,0.0,0.0,0.0,0.0,0.0,0.0,0.0,0.0,0.0,0.0,0.0,0.0,0.0,0.0,0.0,0.0,0.0,0.0,0.0,0.0,0.0,0.026604042586052003,0.0,0.003298825732715861,0.0,0.0,0.0,0.005853043001314434,0.0,0.0029516056012684174,0.0,0.012902461513433378,0.0,0.009469229559659975,0.0,0.0026806752519825117,0.0,0.0,0.0,0.0,0.0,0.009767770126171648,0.0,0.0,0.0,0.0351941362186743,0.0,0.033562213369180645,0.0,0.0016725593326145111,0.0,0.06053604549240495,0.0,0.030857687775706785,0.0,0.16353811992904838,0.0,0.24964204575721316,0.0,0.16812056333665204,0.0,0.0033633874606175743,0.0,0.0019695095887238044,0.0,0.008681785281005699,0.0,0.0,0.0,0.0016015094560792547,0.0,0.12659927076978597,0.0,0.0010866911519163305,2.0,0.007531074063199243,0.0,0.0,0.0,0.0,,0.0,,0.0,,0.0,,0.017272661082261068,0.0,0.0,,0.0023790661232648918,0.0,0.0004995158748127769,2.0,0.0026092054338643323,0.0,0.0,,0.0,,,,,,,,0.0,,,,,,,,,,,,0.0,0.0,0.0,0.0,0.0,0.0,0.0,0.0,0.0,0.0,0.0,0.0,0.0,0.0,0.0,0.0,0.0,0.0,0.0,0.0,0.0,0.0,0.0,0.0,0.0,0.0,0.0,0.0,0.0,0.0,0.0,0.0,0.0,0.0,0.0,0.0,0.0,0.0,0.0,0.0,0.0024042845914317526,0.0,0.001172736740524021,1.0,0.0,,0.0,,0.0,,0.0,,0.0,,,,,,,,,,,,,,,,,,,,,,1,2,87,0
5,region_05,2024-08-03,,,,,,,,,,,,,,,0.0,0.0,,,,,,,,,,,,,,,,,,,,,,,,,0.0,0.0,,,,,,,,,,,,,0.0,0.0,0.0,0.0,0.0,0.0,0.0,0.0,0.0,0.0,0.0,0.0,,,0.0,0.0,0.0,0.0,0.0,0.0,0.0,0.0,0.0,0.0,0.0,0.0,0.0,0.0,0.0,0.0,0.0,0.0,0.0,0.0,0.0,0.0,0.00111600839882153,0.0,0.0,0.0,0.0,0.0,0.0,0.0,0.0,0.0,0.0,0.0,0.0,0.0,0.0,0.0,0.0,0.0,0.0,0.0,0.0,0.0,0.0,0.0,0.0,0.0,0.0,0.0,0.0,0.0,0.0,0.0,0.028346359108885073,0.0,0.0020434639050757905,0.0,0.0,0.0,0.0,0.0,0.0024072200148587478,0.0,0.017249440419531952,0.0,0.007511769931408572,0.0,0.005361350503965023,0.0,0.0,0.0,0.0,0.0,0.00932074870382031,0.0,0.0,0.0,0.03450342208931316,0.0,0.033868806614052636,0.0,0.0010040260163977858,0.0,0.05327313375614933,0.0,0.02216720589924422,0.0,0.16483457031704127,0.0,0.22292784282139366,0.0,0.21613341427984686,0.0,0.0009653546516537843,0.0,0.0,0.0,0.0035895084784853524,0.0,0.0,0.0,0.0032030189121585095,0.0,0.1353012436912173,0.0,0.002173382303832661,0.0,0.004262715910694386,0.0,0.0,0.0,0.0,,0.0,,0.0,,0.0,,0.01431729187745418,0.0,0.0,,0.0023545332563419613,0.0,0.0009990317496255537,0.0,0.0031778232481043463,0.0,0.0,,0.0,,,,,,,,0.0,,,,,,,,,,,,0.0,0.0,0.0,0.0,0.0,0.0,0.0,0.0,0.0,0.0,0.0,0.0,0.0,0.0,0.0,0.0,0.0,0.0,0.0,0.0,0.0,0.0,0.0,0.0,0.0,0.0,0.0,0.0,0.0,0.0,0.0,0.0,0.0,0.0,0.0,0.0,0.0,0.0,0.0,0.0,0.004808569182863505,0.0,0.002345473481048042,0.0,0.0,,0.0,,0.0,,0.0,,0.0,,,,,,,,,,,,,,,,,,,,,,0,0,90,1
5,region_05,2024-08-10,,,,,,,,,,,,,,,0.0,0.0,,,,,,,,,,,,,,,,,,,,,,,,,0.0,0.0,,,,,,,,,,,,,0.0,0.0,0.0,0.0,0.0,0.0,0.0,0.0,0.0,0.0,0.0,0.0,,,0.0,0.0,0.0,0.0,0.0,0.0,0.0,0.0,0.0,0.0,0.0,0.0,0.0,0.0,0.0,0.0,0.0,0.0,0.0,0.0,0.0,0.0,0.000558004199410765,0.0,0.0,0.0,0.0,0.0,0.0,0.0,0.0,0.0,0.0,0.0,0.0,0.0,0.0,0.0,0.0,0.0,0.0,0.0,0.0,0.0,0.0,0.0,0.0,0.0,0.0,0.0,0.0,0.0,0.0,0.0,0.022105589897061337,0.0,0.007467686669302255,0.0,0.0,0.0,0.0003792195202549875,0.0,0.002868922466656049,0.0,0.022619622349295536,0.0,0.005276227290215406,0.0,0.0037391927326097655,0.0,0.0,0.0,0.0,0.0,0.008970806230458258,0.0,0.0,0.0,0.027995324958311838,0.0,0.0319718082195012,0.0,0.0005020130081988929,0.0,0.05570666120934576,0.0,0.018016687894816513,0.0,0.17074568764794434,0.0,0.19399841379906446,0.0,0.2558646619674705,0.0,0.0007369447741534421,0.0,0.0,0.0,0.004161767748744353,0.0,0.0,0.0,0.002643456729267502,0.0,0.12557550956982938,0.0,0.0022117809502459167,0.0,0.004871452812637555,0.0,0.0,0.0,0.0,,0.0,,0.0,,0.0,,0.017141493547352955,0.0,0.0,,0.0014343665194852557,0.0,0.0015053484821691537,0.0,0.003687024858969019,0.0,0.0,,0.0,,,,,,,,0.0,,,,,,,,,,,,0.0,0.0,0.0,0.0,0.0,0.0,0.0,0.0,0.0,0.0,0.0,0.0,0.0,0.0,0.0,0.0,0.0,0.0,0.0,0.0,0.0,0.0,0.0,0.0,0.0,0.0,0.0,0.0,0.0,0.0,0.0,0.0,0.0,0.0,0.0,0.0,0.0,0.0,0.0,0.0,0.0043769957009879845,0.0,0.0026999604826988604,0.0,0.0,,0.0,,0.0,,0.0,,0.0,,,,,,,,,,,,,,,,,,,,,,0,0,90,2
5,region_05,2024-08-17,,,,,,,,,,,,,,,0.0,0.0,,,,,,,,,,,,,,,,,,,,,,,,,0.0,0.0,,,,,,,,,,,,,0.0,0.0,0.0,0.0,0.0,0.0,0.0,0.0,0.0,0.0,0.0,0.0,,,0.0,0.0,0.0,0.0,0.0,0.0,0.0,0.0,0.0,0.0,0.0,0.0,0.0,0.0,0.0,0.0,0.0,0.0,0.0,0.0,0.0,0.0,0.0,0.0,0.0,0.0,0.0,0.0,0.0,0.0,0.0,0.0,0.0,0.0,0.0,0.0,0.0,0.0,0.0,0.0,0.0,0.0,0.0,0.0,0.0,0.0,0.0,0.0,0.0,0.0,0.0,0.0,0.0,0.0,0.015864820685237598,0.0,0.01289190943352872,0.0,0.0,0.0,0.000758439040509975,0.0,0.00333062491845335,0.0,0.027989804279059123,0.0,0.00304068464902224,0.0,0.0021170349612545077,0.0,0.0,0.0,0.0,0.0,0.008620863757096205,0.0,0.0,0.0,0.021487227827310516,0.0,0.030074809824949766,0.0,0.0,0.0,0.05814018866254219,0.0,0.013866169890388805,0.0,0.17665680497884745,0.0,0.16506898477673526,0.0,0.29559590965509414,0.0,0.0005085348966531,0.0,0.0,0.0,0.0047340270190033545,0.0,0.0,0.0,0.002083894546376495,0.0,0.11584977544844147,0.0,0.0022501795966591723,0.0,0.005480189714580725,0.0,0.0,0.0,0.0,,0.0,,0.0,,0.0,,0.019965695217251733,0.0,0.0,,0.00051419978262855,0.0,0.002011665214712754,0.0,0.004196226469833691,0.0,0.0,,0.0,,,,,,,,0.0,,,,,,,,,,,,0.0,0.0,0.0,0.0,0.0,0.0,0.0,0.0,0.0,0.0,0.0,0.0,0.0,0.0,0.0,0.0,0.0,0.0,0.0,0.0,0.0,0.0,0.0,0.0,0.0,0.0,0.0,0.0,0.0,0.0,0.0,0.0,0.0,0.0,0.0,0.0,0.0,0.0,0.0,0.0,0.003945422219112465,0.0,0.003054447484349679,0.0,0.0,,0.0,,0.0,,0.0,,0.0,,,,,,,,,,,,,,,,,,,,,,0,0,90,3
5,region_05,2024-08-24,,,,,,,,,,,,,,,0.0,0.0,,,,,,,,,,,,,,,,,,,,,,,,,0.0,0.0,,,,,,,,,,,,,0.0,0.0,0.0,0.0,0.0,0.0,0.0,0.0,0.0,0.0,0.0,0.0,,,0.0,0.0,0.0,0.0,0.0,0.0,0.0,0.0,0.0,0.0,0.0,0.0,0.0,0.0,0.0,0.0,0.0,0.0,0.0,0.0,0.0,0.0,0.0,0.0,0.0,0.0,0.0,0.0,0.0,0.0,0.0,0.0,0.0,0.0,0.0,0.0,0.0,0.0,0.0,0.0,0.0,0.0,0.0,0.0,0.0,0.0,0.0,0.0,0.0,0.0,0.0,0.0,0.0,0.0,0.012305999922222944,0.0,0.008478310875790629,0.0,0.0,0.0,0.0003792195202549875,0.0,0.0027212995974542622,0.0,0.023001056544384627,0.0,0.0035929081212471327,0.0,0.0032018498123551386,0.0,0.0,0.0,0.0,0.0,0.007273164412962529,0.0,0.0,0.0,0.018095335991759,0.0,0.030193279595359328,0.0,0.0,0.0,0.053699520403622705,0.0,0.009972738370446337,0.0,0.1664248220622539,0.0,0.14917256602723344,0.0,0.35376671125230036,0.0,0.001394712162436871,0.0,0.0,0.0,0.0035074582236119985,0.0,0.0,0.0,0.0014563047561643417,0.0,0.09448682327607741,0.0,0.007409246224496056,0.0,0.009302332411569152,0.0,0.0004768889339175,0.0,0.0,,0.0,,0.0,,0.0,,0.01939144639886519,0.0,0.0,,0.006747614711962819,0.0,0.001005832607356377,0.0,0.005349298195027646,0.0,0.0011831413462964722,2.0,0.0,,,,,,,,0.0,,,,,,,,,,,,0.0,0.0,0.0,0.0,0.0,0.0,0.0,0.0,0.0,0.0,0.0,0.0,0.0,0.0,0.0,0.0,0.0,0.0,0.0,0.0,0.0,0.0,0.0,0.0,0.0,0.0,0.0,0.0,0.0,0.0,0.0,0.0,0.0,0.0,0.0,0.0,0.0,0.0,0.0,0.0,0.0026682566269300573,0.0,0.0036075449622186605,0.0,0.0,,0.0,,0.0,,0.0,,0.0,,,,,,,,,,,,,,,,,,,,,,0,1,90,4
5,region_05,2024-08-31,,,,,,,,,,,,,,,0.0,0.0,,,,,,,,,,,,,,,,,,,,,,,,,0.0,0.0,,,,,,,,,,,,,0.0,0.0,0.0,0.0,0.0,0.0,0.0,0.0,0.0,0.0,0.0,0.0,,,0.0,0.0,0.0,0.0,0.0,0.0,0.0,0.0,0.0,0.0,0.0,0.0,0.0,0.0,0.0,0.0,0.0,0.0,0.0,0.0,0.0,0.0,0.0,0.0,0.0,0.0,0.0,0.0,0.0,0.0,0.0,0.0,0.0,0.0,0.0,0.0,0.0,0.0,0.0,0.0,0.0,0.0,0.0,0.0,0.0,0.0,0.0,0.0,0.0,0.0,0.0,0.0,0.0,0.0,0.00874717915920829,0.0,0.004064712318052537,0.0,0.0,0.0,0.0,0.0,0.002111974276455174,0.0,0.018012308809710127,0.0,0.004145131593472026,0.0,0.004286664663455769,0.0,0.0,0.0,0.0,0.0,0.005925465068828853,0.0,0.0,0.0,0.014703444156207484,0.0,0.030311749365768886,0.0,0.0,0.0,0.049258852144703213,0.0,0.006079306850503868,0.0,0.15619283914566034,0.0,0.13327614727773163,0.0,0.4119375128495066,0.0,0.002280889428220642,0.0,0.0,0.0,0.002280889428220642,0.0,0.0,0.0,0.0008287149659521883,0.0,0.07312387110371335,0.0,0.012568312852332938,0.0,0.01312447510855758,0.0,0.000953777867835,0.0,0.0,,0.0,,0.0,,0.0,,0.018817197580478645,0.0,0.0,,0.012981029641297088,0.0,0.0,0.0,0.0065023699202216,0.0,0.0023662826925929443,0.0,0.0,,,,,,,,0.0,,,,,,,,,,,,0.0,0.0,0.0,0.0,0.0,0.0,0.0,0.0,0.0,0.0,0.0,0.0,0.0,0.0,0.0,0.0,0.0,0.0,0.0,0.0,0.0,0.0,0.0,0.0,0.0,0.0,0.0,0.0,0.0,0.0,0.0,0.0,0.0,0.0,0.0,0.0,0.0,0.0,0.0,0.0,0.00139109103474765,0.0,0.004160642440087642,0.0,0.0,,0.0,,0.0,,0.0,,0.0,,,,,,,,,,,,,,,,,,,,,,0,0,91,5
5,region_05,2024-09-07,,,,,,,,,,,,,,,0.0,0.0,,,,,,,,,,,,,,,,,,,,,,,,,0.0,0.0,,,,,,,,,,,,,0.0,0.0,0.0,0.0,0.0,0.0,0.0,0.0,0.0,0.0,0.0,0.0,,,0.0,0.0,0.0,0.0,0.0,0.0,0.0,0.0,0.0,0.0,0.0,0.0,0.0,0.0,0.0,0.0,0.0,0.0,0.0,0.0,0.0,0.0,0.0,0.0,0.0,0.0,0.0,0.0,0.0,0.0,0.0,0.0,0.0,0.0,0.0,0.0,0.0,0.0,0.0,0.0,0.0,0.0,0.0,0.0,0.0,0.0,0.0,0.0,0.0,0.0,0.0,0.0,0.0,0.0,0.020791209817520827,0.0,0.0046514938045507095,0.0,0.0,0.0,0.0,0.0,0.0032475940343291623,0.0,0.016582054543521275,0.0,0.005869837266757855,0.0,0.0028971793944947,0.0,0.0,0.0,0.0,0.0,0.004721239198092179,0.0,0.0,0.0,0.01468445764369822,0.0,0.021700067547754453,0.0,0.0,0.0,0.034657034078716356,0.0,0.005146939882379487,0.0,0.13084773672744626,0.0,0.1269745044287686,0.0,0.44546253543499614,0.0,0.0029461117875244375,0.0,0.0,0.0,0.003976689800361332,0.0,0.0,0.0,0.00041435748297609414,0.0,0.06708200010117031,0.0,0.010119531963330958,0.0,0.006813342143830465,0.0,0.0004768889339175,0.0,0.0,,0.0,,0.0,,0.0,,0.01950449467914403,0.0,0.0,,0.020668805680341143,0.0,0.0,0.0,0.0065861358128201045,0.0,0.0011831413462964722,0.0,0.0,,,,,,,,0.0,,,,,,,,,,,,0.0,0.0,0.0,0.0,0.0,0.0,0.0,0.0,0.0,0.0,0.0,0.0,0.0,0.0,0.0,0.0,0.0,0.0,0.0,0.0,0.0,0.0,0.0,0.0,0.0,0.0,0.0,0.0,0.0,0.0,0.0018056670734141165,0.0,0.0,0.0,0.0,0.0,0.0,0.0,0.0,0.0,0.0012169841518496027,0.0,0.01751460327578932,0.0,0.0,,0.0003589222503181077,2.0,0.0,,0.0,,0.0,,,,,,,,,,,,,,,,,,,,,,0,1,91,6
5,region_05,2024-09-14,,,,,,,,,,,,,,,0.0,0.0,,,,,,,,,,,,,,,,,,,,,,,,,0.0,0.0,,,,,,,,,,,,,0.0,0.0,0.0,0.0,0.0,0.0,0.0,0.0,0.0,0.0,0.0,0.0,,,0.0,0.0,0.0,0.0,0.0,0.0,0.0,0.0,0.0,0.0,0.0,0.0,0.0,0.0,0.0,0.0,0.0,0.0,0.0,0.0,0.0,0.0,0.0,0.0,0.0,0.0,0.0,0.0,0.0,0.0,0.0,0.0,0.0,0.0,0.0,0.0,0.0,0.0,0.0,0.0,0.0,0.0,0.0,0.0,0.0,0.0,0.0,0.0,0.0,0.0,0.0,0.0,0.0,0.0,0.03283524047583336,0.0,0.005238275291048882,0.0,0.0,0.0,0.0,0.0,0.004383213792203151,0.0,0.015151800277332421,0.0,0.007594542940043684,0.0,0.0015076941255336305,0.0,0.0,0.0,0.0,0.0,0.003517013327355506,0.0,0.0,0.0,0.014665471131188955,0.0,0.013088385729740018,0.0,0.0,0.0,0.020055216012729495,0.0,0.004214572914255105,0.0,0.1055026343092322,0.0,0.12067286157980557,0.0,0.47898755802048576,0.0,0.003611334146828233,0.0,0.0,0.0,0.005672490172502023,0.0,0.0,0.0,0.0,0.0,0.061040129098627265,0.0,0.007670751074328979,0.0,0.00050220917910335,0.0,0.0,0.0,0.0,,0.0,,0.0,,0.0,,0.02019179177780941,0.0,0.0,,0.028356581719385196,0.0,0.0,0.0,0.006669901705418608,0.0,0.0,0.0,0.0,,,,,,,,0.0,,,,,,,,,,,,0.0,0.0,0.0,0.0,0.0,0.0,0.0,0.0,0.0,0.0,0.0,0.0,0.0,0.0,0.0,0.0,0.0,0.0,0.0,0.0,0.0,0.0,0.0,0.0,0.0,0.0,0.0,0.0,0.0,0.0,0.003611334146828233,0.0,0.0,0.0,0.0,0.0,0.0,0.0,0.0,0.0,0.0010428772689515557,0.0,0.030868564111490995,0.0,0.0,,0.0007178445006362154,0.0,0.0,,0.0,,0.0,,,,,,,,,,,,,,,,,,,,,,0,0,92,7
5,region_05,2024-09-21,,,,,,,,,,,,,,,0.0,0.0,,,,,,,,,,,,,,,,,,,,,,,,,0.0,0.0,,,,,,,,,,,,,0.0,0.0,0.0,0.0,0.0,0.0,0.0,0.0,0.0,0.0,0.0,0.0,,,0.0,0.0,0.0,0.0,0.0,0.0,0.0,0.0,0.0,0.0,0.0,0.0,0.0,0.0,0.0,0.0,0.0,0.0,0.0,0.0,0.0,0.0,0.0,0.0,0.0,0.0,0.0,0.0,0.0,0.0,0.0,0.0,0.0,0.0,0.0,0.0,0.0,0.0,0.0,0.0,0.0,0.0,0.0,0.0,0.0,0.0,0.0,0.0,0.0,0.0,0.0,0.0,0.0,0.0,0.021211200804613913,0.0,0.004187853988292324,0.0,0.0,0.0,0.000282785069430225,0.0,0.0021916068961015753,0.0,0.01403299917229538,0.0,0.007132442856018742,0.0,0.0028389432297374305,0.0,0.0,0.0,0.0,0.0,0.003807820740963891,0.0,0.0,0.0,0.016191502492813946,0.0,0.014551576770221158,0.0,0.0,0.0,0.0223443686134285,0.0,0.005869299708637265,0.0,0.09147711007801043,0.0,0.11045487188076705,0.0,0.47563326495145664,0.0,0.0018056670734141165,0.0,0.0,0.0,0.007594641737846811,0.0,0.0,0.0,0.002017496256431653,0.0,0.07509559383189753,0.0,0.022885752026922952,0.0,0.001519578467944925,0.0,0.001453447563108032,0.0,0.0,,0.0,,0.0,,0.0,,0.010621738100798712,0.0,0.0,,0.021441500174380738,0.0,0.0004500987527605154,0.0,0.010618283574540989,0.0,0.0,0.0,0.0,,,,,,,,0.0,,,,,,,,,,,,0.0,0.0,0.0,0.0,0.0,0.0,0.0,0.0,0.0,0.0,0.0,0.0,0.0,0.0,0.0,0.0,0.0,0.0,0.0,0.0,0.0,0.0,0.0,0.0,0.0,0.0,0.0,0.0,0.0,0.0,0.0018056670734141165,0.0,0.0,0.0,0.0,0.0,0.0,0.0,0.0,0.0,0.0023018211700604604,0.0,0.04135121824219817,0.0,0.0,,0.0003589222503181077,0.0,0.0,,0.0,,0.0,,,,,,,,,,,,,,,,,,,,,,0,0,92,8
5,region_05,2024-09-28,,,,,,,,,,,,,,,0.0,0.0,,,,,,,,,,,,,,,,,,,,,,,,,0.0,0.0,,,,,,,,,,,,,0.0,0.0,0.0,0.0,0.0,0.0,0.0,0.0,0.0,0.0,0.0,0.0,,,0.0,0.0,0.0,0.0,0.0,0.0,0.0,0.0,0.0,0.0,0.0,0.0,0.0,0.0,0.0,0.0,0.0,0.0,0.0,0.0,0.0,0.0,0.0,0.0,0.0,0.0,0.0,0.0,0.0,0.0,0.0,0.0,0.0,0.0,0.0,0.0,0.0,0.0,0.0,0.0,0.0,0.0,0.0,0.0,0.0,0.0,0.0,0.0,0.0,0.0,0.0,0.0,0.0,0.0,0.009587161133394464,0.0,0.0031374326855357665,0.0,0.0,0.0,0.00056557013886045,0.0,0.0,0.0,0.01291419806725834,0.0,0.006670342771993801,0.0,0.004170192333941231,0.0,0.0,0.0,0.0,0.0,0.004098628154572276,0.0,0.0,0.0,0.017717533854438937,0.0,0.0160147678107023,0.0,0.0,0.0,0.0246335212141275,0.0,0.007524026503019424,0.0,0.07745158584678868,0.0,0.10023688218172853,0.0,0.47227897188242746,0.0,0.0,0.0,0.0,0.0,0.0095167933031916,0.0,0.0,0.0,0.004034992512863306,0.0,0.08915105856516778,0.0,0.03810075297951693,0.0,0.0025369477567865,0.0,0.002906895126216064,0.0,0.0,,0.0,,0.0,,0.0,,0.0010516844237880116,0.0,0.0,,0.014526418629376281,0.0,0.0009001975055210308,0.0,0.01456666544366337,0.0,0.0,0.0,0.0,,,,,,,,0.0,,,,,,,,,,,,0.0,0.0,0.0,0.0,0.0,0.0,0.0,0.0,0.0,0.0,0.0,0.0,0.0,0.0,0.0,0.0,0.0,0.0,0.0,0.0,0.0,0.0,0.0,0.0,0.0,0.0,0.0,0.0,0.0,0.0,0.0,0.0,0.0,0.0,0.0,0.0,0.0,0.0,0.0,0.0,0.0035607650711693647,0.0,0.05183387237290535,0.0,0.0,,0.0,0.0,0.0,,0.0,,0.0,,,,,,,,,,,,,,,,,,,,,,0,0,92,9
5,region_05,2024-10-05,,,,,,,,,,,,,,,0.0,0.0,,,,,,,,,,,,,,,,,,,,,,,,,0.0,0.0,,,,,,,,,,,,,0.0,0.0,0.0,0.0,0.0,0.0,0.0,0.0,0.0,0.0,0.0,0.0,,,0.0,0.0,0.0,0.0,0.0,0.0,0.0,0.0,0.0,0.0,0.0,0.0,0.0,0.0,0.0,0.0,0.0,0.0,0.0,0.0,0.0,0.0,0.0,0.0,0.0,0.0,0.0,0.0,0.0,0.0,0.0,0.0,0.0,0.0,0.0,0.0,0.0,0.0,0.0,0.0,0.0,0.0,0.0,0.0,0.0,0.0,0.0,0.0,0.0,0.0,0.0,0.0,0.0,0.0,0.009303587375838699,0.0,0.009955819844940839,0.0,0.0,0.0,0.000282785069430225,0.0,0.0013380881246120907,0.0,0.009304710192715372,0.0,0.0033351713859969003,0.0,0.0020850961669706155,0.0,0.0,0.0,0.0,0.0,0.002477471964940513,0.0,0.0,0.0,0.009678359838503868,0.0,0.009805439058254668,0.0,0.0,0.0,0.029198351316153955,0.0,0.006107844770560675,0.0,0.060945744624511994,0.0,0.07731474999922744,0.0,0.5207731801578227,0.0,0.0,0.0,0.0,0.0,0.007434572900820002,0.0,0.0,0.0,0.002017496256431653,0.0,0.06182842118912099,0.0,0.028954744746442832,0.0,0.00126847387839325,0.0,0.002309763338416782,0.0,0.0,,0.0,,0.0,,0.0,,0.006453011732767555,0.0,0.0008780692139855154,1.0,0.03880407998119203,0.0,0.002593450481072012,0.0,0.009379807250717465,0.0,0.0,0.0,0.0,,,,,,,,0.0,,,,,,,,,,,,0.0,0.0,0.0,0.0,0.0,0.0,0.0,0.0,0.0,0.0,0.0,0.0,0.0,0.0,0.0,0.0,0.0,0.0,0.0,0.0,0.0,0.0,0.0,0.0,0.0,0.0,0.0,0.0,0.0,0.0,0.0,0.0,0.0,0.0,0.0,0.0,0.0,0.0,0.0,0.0,0.0017803825355846823,0.0,0.07670720027138783,0.0,0.0,,0.00098263603285885,0.0,0.0,,0.0,,0.0,,,,,,,,,,,,,,,,,,,,,,1,0,92,0
5,region_05,2024-10-12,,,,,,,,,,,,,,,0.0,0.0,,,,,,,,,,,,,,,,,,,,,,,,,0.0,0.0,,,,,,,,,,,,,0.0,0.0,0.0,0.0,0.0,0.0,0.0,0.0,0.0,0.0,0.0,0.0,,,0.0,0.0,0.0,0.0,0.0,0.0,0.0,0.0,0.0,0.0,0.0,0.0,0.0,0.0,0.0,0.0,0.0,0.0,0.0,0.0,0.0,0.0,0.0,0.0,0.0,0.0,0.0,0.0,0.0,0.0,0.0,0.0,0.0,0.0,0.0,0.0,0.0,0.0,0.0,0.0,0.0,0.0,0.0,0.0,0.0,0.0,0.0,0.0,0.0,0.0,0.0,0.0,0.0,0.0,0.009020013618282932,0.0,0.016774207004345912,0.0,0.0,0.0,0.0,0.0,0.0026761762492241814,0.0,0.005695222318172407,0.0,0.0,0.0,0.0,0.0,0.0,0.0,0.0,0.0,0.00085631577530875,0.0,0.0,0.0,0.0016391858225688,0.0,0.0035961103058070377,0.0,0.0,0.0,0.03376318141818041,0.0,0.004691663038101925,0.0,0.0444399034022353,0.0,0.05439261781672633,0.0,0.569267388433218,0.0,0.0,0.0,0.0,0.0,0.005352352498448406,0.0,0.0,0.0,0.0,0.0,0.0345057838130742,0.0,0.019808736513368737,0.0,0.0,0.0,0.0017126315506175,0.0,0.0,,0.0,,0.0,,0.0,,0.011854339041747099,0.0,0.0017561384279710308,0.0,0.06308174133300777,0.0,0.004286703456622992,0.0,0.0041929490577715615,0.0,0.0,0.0,0.0,,,,,,,,0.0,,,,,,,,,,,,0.0,0.0,0.0,0.0,0.0,0.0,0.0,0.0,0.0,0.0,0.0,0.0,0.0,0.0,0.0,0.0,0.0,0.0,0.0,0.0,0.0,0.0,0.0,0.0,0.0,0.0,0.0,0.0,0.0,0.0,0.0,0.0,0.0,0.0,0.0,0.0,0.0,0.0,0.0,0.0,0.0,0.0,0.10158052816987033,0.0,0.0,,0.0019652720657177,0.0,0.0,,0.0,,0.0,,,,,,,,,,,,,,,,,,,,,,0,0,93,1
5,region_05,2024-10-19,,,,,,,,,,,,,,,0.0,0.0,,,,,,,,,,,,,,,,,,,,,,,,,0.0,0.0,,,,,,,,,,,,,0.0,0.0,0.0,0.0,0.0,0.0,0.0,0.0,0.0,0.0,0.0,0.0,,,0.0,0.0,0.0,0.0,0.0,0.0,0.0,0.0,0.0,0.0,0.0,0.0,0.0,0.0,0.0,0.0,0.0,0.0,0.0,0.0,0.0,0.0,0.0,0.0,0.0,0.0,0.0,0.0,0.0,0.0,0.0,0.0,0.0,0.0,0.0,0.0,0.0,0.0,0.0,0.0,0.0,0.0,0.0,0.0,0.0,0.0,0.0031081802250506794,0.0,0.0,0.0,0.0,0.0,0.0,0.0,0.010339387479082945,0.0,0.012354043511939852,0.0,0.0,0.0,0.0,0.0,0.0013380881246120907,0.0,0.0033688030787743283,0.0,0.0,0.0,0.0,0.0,0.0,0.0,0.0,0.0,0.000428157887654375,0.0,0.0,0.0,0.005232921710038247,0.0,0.006463850571647783,0.0,0.0,0.0,0.0366541861246029,0.0,0.0023458315190509624,0.0,0.07214171439603276,0.0,0.05512102066228783,0.0,0.550609640404582,0.0,0.0,0.0,0.0,0.0,0.00409468381403708,0.0,0.0,0.0,0.0,0.0,0.026853807293809914,0.0,0.017047757162557242,0.0,0.0,0.0,0.0055583227991259174,0.0,0.0,,0.0,,0.0,,0.0,,0.0064483614405616745,0.0,0.0008780692139855154,0.0,0.05673262104392049,0.0,0.003147154598711746,0.0,0.009745165060919016,0.0,0.0,0.0,0.0,,,,,,,,0.0,,,,,,,,,,,,0.0,0.0,0.0,0.0,0.0,0.0,0.0,0.0,0.0,0.0,0.0,0.0,0.0,0.0,0.0,0.0,0.0,0.0,0.0,0.0,0.0,0.0,0.0,0.0,0.0,0.0,0.0,0.0,0.0,0.0,0.0,0.0,0.0,0.0,0.0,0.0,0.0,0.0,0.0,0.0,0.0,0.0,0.11377825550734993,0.0,0.0024940669633603126,2.0,0.001465246954467125,0.0,0.0,,0.0,,0.0,,,,,,,,,,,,,,,,,,,,,,0,1,93,2
5,region_05,2024-10-26,,,,,,,,,,,,,,,0.0,0.0,,,,,,,,,,,,,,,,,,,,,,,,,0.0,0.0,,,,,,,,,,,,,0.0,0.0,0.0,0.0,0.0,0.0,0.0,0.0,0.0,0.0,0.0,0.0,,,0.0,0.0,0.0,0.0,0.0,0.0,0.0,0.0,0.0,0.0,0.0,0.0,0.0,0.0,0.0,0.0,0.0,0.0,0.0,0.0,0.0,0.0,0.0,0.0,0.0,0.0,0.0,0.0,0.0,0.0,0.0,0.0,0.0,0.0,0.0,0.0,0.0,0.0,0.0,0.0,0.0,0.0,0.0,0.0,0.0,0.0,0.006216360450101359,0.0,0.0,0.0,0.0,0.0,0.0,0.0,0.01165876133988296,0.0,0.007933880019533792,0.0,0.0,0.0,0.0,0.0,0.0,0.0,0.00104238383937625,0.0,0.0,0.0,0.0,0.0,0.0,0.0,0.0,0.0,0.0,0.0,0.0,0.0,0.008826657597507693,0.0,0.009331590837488527,0.0,0.0,0.0,0.039545190831025395,0.0,0.0,0.0,0.09984352538983023,0.0,0.05584942350784932,0.0,0.5319518923759461,0.0,0.0,0.0,0.0,0.0,0.0028370151296257533,0.0,0.0,0.0,0.0,0.0,0.019201830774545625,0.0,0.014286777811745748,0.0,0.0,0.0,0.009404014047634334,0.0,0.0,,0.0,,0.0,,0.0,,0.00104238383937625,0.0,0.0,0.0,0.0503835007548332,0.0,0.0020076057408005,0.0,0.01529738106406647,0.0,0.0,0.0,0.0,,,,,,,,0.0,,,,,,,,,,,,0.0,0.0,0.0,0.0,0.0,0.0,0.0,0.0,0.0,0.0,0.0,0.0,0.0,0.0,0.0,0.0,0.0,0.0,0.0,0.0,0.0,0.0,0.0,0.0,0.0,0.0,0.0,0.0,0.0,0.0,0.0,0.0,0.0,0.0,0.0,0.0,0.0,0.0,0.0,0.0,0.0,0.0,0.12597598284482953,0.0,0.004988133926720625,0.0,0.00096522184321655,0.0,0.0,,0.0,,0.0,,,,,,,,,,,,,,,,,,,,,,0,0,94,3
5,region_05,2024-11-02,,,,,,,,,,,,,,,0.0,0.0,,,,,,,,,,,,,,,,,,,,,,,,,0.0,0.0,,,,,,,,,,,,,0.0,0.0,0.0,0.0,0.0,0.0,0.0,0.0,0.0,0.0,0.0,0.0,,,0.0,0.0,0.0,0.0,0.0,0.0,0.0,0.0,0.0,0.0,0.0,0.0,0.0,0.0,0.0,0.0,0.0,0.0,0.0,0.0,0.0,0.0,0.0,0.0,0.0,0.0,0.0,0.0,0.0,0.0,0.0,0.0,0.0,0.0,0.0,0.0,0.0,0.0,0.0,0.0,0.0,0.0,0.0,0.0,0.0,0.0,0.0031081802250506794,0.0,0.0,0.0,0.0,0.0,0.0,0.0,0.011608230260511184,0.0,0.003966940009766896,0.0,0.0,0.0,0.0,0.0,0.0032406637910753285,0.0,0.000521191919688125,0.0,0.003121078654658025,0.0,0.001070945174433275,0.0,0.0,0.0,0.0,0.0,0.0,0.0,0.0,0.0,0.013776564665715196,0.0,0.01005127773664532,0.0,0.0,0.0,0.019772595415512698,0.0,0.0,0.0,0.07118217270998722,0.0,0.06689187000017786,0.0,0.5347435850363511,0.0,0.0,0.0,0.0,0.0,0.00980655739882158,0.0,0.0,0.0,0.0,0.0,0.01963835645999222,0.0,0.012392366575520605,0.0,0.0,0.0,0.013333675942184084,0.0,0.003196516035435075,2.0,0.0,,0.0,,0.0,,0.003003837075084425,0.0,0.0025359344704506234,0.0,0.0400329770387283,0.0,0.007037018721278438,0.0,0.015240972216885777,0.0,0.0,0.0,0.0,,,,,,,,0.0,,,,,,,,,,,,0.0,0.0,0.0,0.0,0.0,0.0,0.0,0.0,0.0,0.0,0.0,0.0,0.0,0.0,0.0,0.0,0.0,0.0,0.0,0.0,0.0,0.0,0.0,0.0,0.0,0.0,0.0,0.0,0.0,0.0,0.0,0.0,0.0,0.0,0.0,0.0,0.0,0.0,0.0,0.0,0.0,0.0,0.12495217346228082,0.0,0.0024940669633603126,0.0,0.007657174229209924,0.0,0.0,,0.0,,0.0,,,,,,,,,,,,,,,,,,,,,,0,1,94,4
5,region_05,2024-11-09,,,,,,,,,,,,,,,0.0,0.0,,,,,,,,,,,,,,,,,,,,,,,,,0.0,0.0,,,,,,,,,,,,,0.0,0.0,0.0,0.0,0.0,0.0,0.0,0.0,0.0,0.0,0.0,0.0,,,0.0,0.0,0.0,0.0,0.0,0.0,0.0,0.0,0.0,0.0,0.0,0.0,0.0,0.0,0.0,0.0,0.0,0.0,0.0,0.0,0.0,0.0,0.0,0.0,0.0,0.0,0.0,0.0,0.0,0.0,0.0,0.0,0.0,0.0,0.0,0.0,0.0,0.0,0.0,0.0,0.0,0.0,0.0,0.0,0.0,0.0,0.0,0.0,0.0,0.0,0.0,0.0,0.0,0.0,0.011557699181139408,0.0,0.0,0.0,0.0,0.0,0.0,0.0,0.006481327582150657,0.0,0.0,0.0,0.00624215730931605,0.0,0.00214189034886655,0.0,0.0,0.0,0.0,0.0,0.0,0.0,0.0,0.0,0.0187264717339227,0.0,0.010770964635802113,0.0,0.0,0.0,0.0,0.0,0.0,0.0,0.04252082003014423,0.0,0.0779343164925064,0.0,0.5375352776967562,0.0,0.0,0.0,0.0,0.0,0.016776099668017408,0.0,0.0,0.0,0.0,0.0,0.02007488214543882,0.0,0.010497955339295465,0.0,0.0,0.0,0.017263337836733835,0.0,0.00639303207087015,0.0,0.0,,0.0,,0.0,,0.0049652903107926,0.0,0.005071868940901247,0.0,0.0296824533226234,0.0,0.012066431701756376,0.0,0.015184563369705084,0.0,0.0,0.0,0.0,,,,,,,,0.0,,,,,,,,,,,,0.0,0.0,0.0,0.0,0.0,0.0,0.0,0.0,0.0,0.0,0.0,0.0,0.0,0.0,0.0,0.0,0.0,0.0,0.0,0.0,0.0,0.0,0.0,0.0,0.0,0.0,0.0,0.0,0.0,0.0,0.0,0.0,0.0,0.0,0.0,0.0,0.0,0.0,0.0,0.0,0.0,0.0,0.12392836407973211,0.0,0.0,0.0,0.014349126615203298,0.0,0.0,,0.0,,0.0,,,,,,,,,,,,,,,,,,,,,,0,0,95,5
5,region_05,2024-11-16,,,,,,,,,,,,,,,0.0,0.0,,,,,,,,,,,,,,,,,,,,,,,,,0.0,0.0,,,,,,,,,,,,,0.0,0.0,0.0,0.0,0.0,0.0,0.0,0.0,0.0,0.0,0.0,0.0,,,0.0,0.0,0.0,0.0,0.0,0.0,0.0,0.0,0.0,0.0,0.0,0.0,0.0,0.0,0.0,0.0,0.0,0.0,0.0,0.0,0.0,0.0,0.0,0.0,0.0,0.0,0.0,0.0,0.0,0.0,0.0,0.0,0.0,0.0,0.0,0.0,0.0,0.0,0.0,0.0,0.0,0.0,0.0,0.0,0.0,0.0,0.0,0.0,0.0,0.0,0.0,0.0,0.0,0.0,0.013708516812095225,0.0,0.0,0.0,0.0,0.0,0.0,0.0,0.0032406637910753285,0.0,0.0,0.0,0.003121078654658025,0.0,0.001745344954542775,0.0,0.0,0.0,0.0,0.0,0.0,0.0,0.0,0.0,0.00936323586696135,0.0,0.006059882098010557,0.0,0.0,0.0,0.007558787823654691,0.0,0.0,0.0,0.03191377334092012,0.0,0.06989498711754,0.0,0.47145438079650587,0.0,0.0,0.0,0.0,0.0,0.013043583644513038,0.0,0.0,0.0,0.0,0.0,0.01989943381644534,0.0,0.01515735493420239,0.0,0.0,0.0,0.018576853949535628,0.0,0.003196516035435075,0.0,0.0,,0.0,,0.0,,0.0024826451553963,0.0,0.0040111014655289275,0.0,0.04393862838457732,0.0,0.010783677258027237,0.0,0.013410071448351284,0.0,0.0,0.0,0.0,,,,,,,,0.0,,,,,,,,,,,,0.0,0.0,0.0,0.0,0.0,0.0,0.0,0.0,0.0,0.0,0.0,0.0,0.0,0.0,0.0,0.0,0.0,0.0,0.0,0.0,0.0,0.0,0.0,0.0,0.0,0.0,0.0,0.0,0.0,0.0,0.0,0.0,0.0,0.0,0.0,0.0,0.0,0.0,0.0,0.0,0.0,0.0,0.19726663455367083,0.0,0.0,0.0,0.01803508479721267,0.0,0.0,,0.0,,0.0,,,,,,,,,,,,,,,,,,,,,,0,0,95,6
5,region_05,2024-11-23,,,,,,,,,,,,,,,0.0,0.0,,,,,,,,,,,,,,,,,,,,,,,,,0.0,0.0,,,,,,,,,,,,,0.0,0.0,0.0,0.0,0.0,0.0,0.0,0.0,0.0,0.0,0.0,0.0,,,0.0,0.0,0.0,0.0,0.0,0.0,0.0,0.0,0.0,0.0,0.0,0.0,0.0,0.0,0.0,0.0,0.0,0.0,0.0,0.0,0.0,0.0,0.0,0.0,0.0,0.0,0.0,0.0,0.0,0.0,0.0,0.0,0.0,0.0,0.0,0.0,0.0,0.0,0.0,0.0,0.0,0.0,0.0,0.0,0.0,0.0,0.0,0.0,0.0,0.0,0.0,0.0,0.0,0.0,0.01585933444305104,0.0,0.0,0.0,0.0,0.0,0.0,0.0,0.0,0.0,0.0,0.0,0.0,0.0,0.001348799560219,0.0,0.0,0.0,0.0,0.0,0.0,0.0,0.0,0.0,0.0,0.0,0.001348799560219,0.0,0.0,0.0,0.015117575647309383,0.0,0.0,0.0,0.021306726651696015,0.0,0.06185565774257361,0.0,0.4053734838962555,0.0,0.0,0.0,0.0,0.0,0.009311067621008669,0.0,0.0,0.0,0.0,0.0,0.01972398548745186,0.0,0.019816754529109318,0.0,0.0,0.0,0.019890370062337417,0.0,0.0,0.0,0.0,,0.0,,0.0,,0.0,0.0,0.002950333990156608,0.0,0.05819480344653124,0.0,0.0095009228142981,0.0,0.011635579526997484,0.0,0.0,0.0,0.0,,,,,,,,0.0,,,,,,,,,,,,0.0,0.0,0.0,0.0,0.0,0.0,0.0,0.0,0.0,0.0,0.0,0.0,0.0,0.0,0.0,0.0,0.0,0.0,0.0,0.0,0.0,0.0,0.0,0.0,0.0,0.0,0.0,0.0,0.0,0.0,0.0,0.0,0.0,0.0,0.0,0.0,0.0,0.0,0.0,0.0,0.0,0.0,0.2706049050276096,0.0,0.0,0.0,0.021721042979222047,0.0,0.0,,0.0,,0.0,,,,,,,,,,,,,,,,,,,,,,0,0,95,7
5,region_05,2024-11-30,,,,,,,,,,,,,,,0.0,0.0,,,,,,,,,,,,,,,,,,,,,,,,,0.0,0.0,,,,,,,,,,,,,0.0,0.0,0.0,0.0,0.0,0.0,0.0,0.0,0.0,0.0,0.0,0.0,,,0.0,0.0,0.0,0.0,0.0,0.0,0.0,0.0,0.0,0.0,0.0,0.0,0.0,0.0,0.0,0.0,0.0,0.0,0.0,0.0,0.0,0.0,0.0,0.0,0.0,0.0,0.0,0.0,0.0,0.0,0.0,0.0,0.0,0.0,0.0,0.0,0.0,0.0,0.0,0.0,0.0,0.0,0.0,0.0,0.0,0.0,0.0,0.0,0.0,0.0,0.0,0.0,0.0,0.0,0.012289034971334482,0.0,0.0,0.0,0.0,0.0,0.0,0.0,0.0,0.0,0.0,0.0,0.0,0.0,0.0014349909421677,0.0,0.0,0.0,0.0,0.0,0.0,0.0,0.0,0.0,0.0,0.0,0.0006743997801095,0.0,0.0,0.0,0.008690925431437766,0.0,0.0,0.0,0.016572256862090334,0.0,0.04840480533237444,0.0,0.37316116094589236,0.0,0.0,0.0,0.0,0.0,0.0046555338105043345,0.0,0.0,0.0,0.0,0.0,0.00986199274372593,0.0,0.02813692320472532,0.0,0.0,0.0,0.02478446201301914,0.0,0.0,0.0,0.0,,0.0,,0.0,,0.0,0.0,0.028696042019873805,0.0,0.06709133200347417,0.0,0.00931252478263694,0.0,0.012518404036736404,0.0,0.0,0.0,0.0,,,,,,,,0.0,,,,,,,,,,,,0.0,0.0,0.0,0.0,0.0,0.0,0.0,0.0,0.0,0.0,0.0,0.0,0.0,0.0,0.0,0.0,0.0,0.0,0.0,0.0,0.0,0.0,0.0,0.0,0.0,0.0,0.0,0.0,0.0,0.0,0.0,0.0,0.0,0.0,0.0,0.0,0.0,0.0,0.0,0.0,0.0,0.0,0.3113252774297774,0.0,0.0065503756438071254,0.0,0.025530766140526268,0.0,0.000788851809920715,2.0,0.0,,0.0,,,,,,,,,,,,,,,,,,,,,,0,1,95,8
5,region_05,2024-12-07,,,,,,,,,,,,,,,0.0,0.0,,,,,,,,,,,,,,,,,,,,,,,,,0.0,0.0,,,,,,,,,,,,,0.0,0.0,0.0,0.0,0.0,0.0,0.0,0.0,0.0,0.0,0.0,0.0,,,0.0,0.0,0.0,0.0,0.0,0.0,0.0,0.0,0.0,0.0,0.0,0.0,0.0,0.0,0.0,0.0,0.0,0.0,0.0,0.0,0.0,0.0,0.0,0.0,0.0,0.0,0.0,0.0,0.0,0.0,0.0,0.0,0.0,0.0,0.0,0.0,0.0,0.0,0.0,0.0,0.0,0.0,0.0,0.0,0.0,0.0,0.0,0.0,0.0,0.0,0.0,0.0,0.0,0.0,0.008718735499617925,0.0,0.0,0.0,0.0,0.0,0.0,0.0,0.0,0.0,0.0,0.0,0.0,0.0,0.0015211823241163998,0.0,0.0,0.0,0.0,0.0,0.0,0.0,0.0,0.0,0.0,0.0,0.0,0.0,0.0,0.0,0.00226427521556615,0.0,0.0,0.0,0.011837787072484651,0.0,0.034953952922175284,0.0,0.34094883799552916,0.0,0.0,0.0,0.0,0.0,0.0,0.0,0.0,0.0,0.0,0.0,0.0,0.0,0.036457091880341325,0.0,0.0,0.0,0.029678553963700866,0.0,0.0,0.0,0.0,,0.0,,0.0,,0.0,0.0,0.054441750049591,0.0,0.0759878605604171,0.0,0.009124126750975783,0.0,0.013401228546475324,0.0,0.0,0.0,0.0,,,,,,,,0.0,,,,,,,,,,,,0.0,0.0,0.0,0.0,0.0,0.0,0.0,0.0,0.0,0.0,0.0,0.0,0.0,0.0,0.0,0.0,0.0,0.0,0.0,0.0,0.0,0.0,0.0,0.0,0.0,0.0,0.0,0.0,0.0,0.0,0.0,0.0,0.0,0.0,0.0,0.0,0.0,0.0,0.0,0.0,0.0,0.0,0.3520456498319452,0.0,0.013100751287614251,0.0,0.029340489301830492,0.0,0.00157770361984143,0.0,0.0,,0.0,,,,,,,,,,,,,,,,,,,,,,0,0,96,9
5,region_05,2024-12-14,,,,,,,,,,,,,,,0.0,0.0,,,,,,,,,,,,,,,,,,,,,,,,,0.0,0.0,,,,,,,,,,,,,0.0,0.0,0.0,0.0,0.0,0.0,0.0,0.0,0.0,0.0,0.0,0.0,,,0.0,0.0,0.0,0.0,0.0,0.0,0.0,0.0,0.0,0.0,0.0,0.0,0.0,0.0,0.0,0.0,0.0,0.0,0.0,0.0,0.0,0.0,0.0,0.0,0.0,0.0,0.0,0.0,0.0,0.0,0.0,0.0,0.0,0.0,0.0,0.0,0.0,0.0,0.0,0.0,0.0,0.0,0.0,0.0,0.0,0.0,0.0,0.0,0.0,0.0,0.0,0.0,0.0,0.0,0.011677865424038184,0.0,0.0,0.0,0.0,0.0,0.0,0.0,0.0012147399073000752,0.0,0.0,0.0,0.0,0.0,0.0007605911620581999,0.0,0.0,0.0,0.0,0.0,0.0,0.0,0.0,0.0,0.0003001635278840928,0.0,0.0013638749544042802,0.0,0.0,0.0,0.002592357137473263,0.0,0.0,0.0,0.011558438379627913,0.0,0.03409645562836274,0.0,0.3202498227357864,0.0,0.0,0.0,0.0,0.0,0.00038559378696264093,0.0,0.0,0.0,0.0,0.0,0.0017179616406792584,0.0,0.028306564005712624,0.0,0.0,0.0,0.030766362091526323,0.0,0.0,0.0,0.0,,0.0,,0.0,,0.0,0.0,0.06335282884538168,0.0,0.06960367225110525,0.0,0.011907929709802017,0.0,0.012147376216792762,0.0,0.0,0.0,0.0,,,,,,,,0.0,,,,,,,,,,,,0.0,0.0,0.0,0.0,0.0,0.0,0.0,0.0,0.0007071861431800643,0.0,0.0,0.0,0.0,0.0,0.0,0.0,0.0,0.0,0.0,0.0,0.0,0.0,0.0,0.0,0.0,0.0,0.0,0.0,0.0,0.0,0.0,0.0,0.0,0.0,0.0,0.0,0.0,0.0,0.0,0.0,0.0,0.0,0.35788930929971463,0.0,0.008981533523183264,0.0,0.02648425979229307,0.0,0.001449277845676935,0.0,0.0011924925202037875,2.0,0.0,,,,,,,,,,,,,,,,,,,,,,0,1,96,10
5,region_05,2024-12-21,,,,,,,,,,,,,,,0.0,0.0,,,,,,,,,,,,,,,,,,,,,,,,,0.0,0.0,,,,,,,,,,,,,0.0,0.0,0.0,0.0,0.0,0.0,0.0,0.0,0.0,0.0,0.0,0.0,,,0.0,0.0,0.0,0.0,0.0,0.0,0.0,0.0,0.0,0.0,0.0,0.0,0.0,0.0,0.0,0.0,0.0,0.0,0.0,0.0,0.0,0.0,0.0,0.0,0.0,0.0,0.0,0.0,0.0,0.0,0.0,0.0,0.0,0.0,0.0,0.0,0.0,0.0,0.0,0.0,0.0,0.0,0.0,0.0,0.0,0.0,0.0,0.0,0.0,0.0,0.0,0.0,0.0,0.0,0.014636995348458443,0.0,0.0,0.0,0.0,0.0,0.0,0.0,0.0024294798146001504,0.0,0.0,0.0,0.0,0.0,0.0,0.0,0.0,0.0,0.0,0.0,0.0,0.0,0.0,0.0,0.0006003270557681856,0.0,0.0027277499088085603,0.0,0.0,0.0,0.002920439059380375,0.0,0.0,0.0,0.011279089686771175,0.0,0.0332389583345502,0.0,0.2995508074760437,0.0,0.0,0.0,0.0,0.0,0.0007711875739252819,0.0,0.0,0.0,0.0,0.0,0.003435923281358517,0.0,0.020156036131083924,0.0,0.0,0.0,0.03185417021935178,0.0,0.0,0.0,0.0,,0.0,,0.0,,0.0,0.0,0.07226390764117237,0.0,0.0632194839417934,0.0,0.014691732668628249,0.0,0.0108935238871102,0.0,0.0,0.0,0.0,,,,,,,,0.0,,,,,,,,,,,,0.0,0.0,0.0,0.0,0.0,0.0,0.0,0.0,0.0014143722863601286,0.0,0.0,0.0,0.0,0.0,0.0,0.0,0.0,0.0,0.0,0.0,0.0,0.0,0.0,0.0,0.0,0.0,0.0,0.0,0.0,0.0,0.0,0.0,0.0,0.0,0.0,0.0,0.0,0.0,0.0,0.0,0.0,0.0,0.363732968767484,0.0,0.004862315758752275,0.0,0.02362803028275565,0.0,0.00132085207151244,0.0,0.002384985040407575,0.0,0.0,,,,,,,,,,,,,,,,,,,,,,0,0,97,11
5,region_05,2024-12-28,,,,,,,,,,,,,,,0.0,0.0,,,,,,,,,,,,,,,,,,,,,,,,,0.0,0.0,,,,,,,,,,,,,0.0,0.0,0.0,0.0,0.0,0.0,0.0,0.0,0.0,0.0,0.0,0.0,,,0.0,0.0,0.0,0.0,0.0,0.0,0.0,0.0,0.0,0.0,0.0,0.0,0.0,0.0,0.0,0.0,0.0,0.0,0.0,0.0,0.0,0.0,0.0,0.0,0.0,0.0,0.0,0.0,0.0,0.0,0.0,0.0,0.0,0.0,0.0,0.0,0.0,0.0,0.0,0.0,0.0,0.0,0.0,0.0,0.0,0.0,0.0,0.0,0.0,0.0,0.0,0.0,0.0,0.0,0.013173313892559303,0.0,0.0,0.0,0.0,0.0,0.0,0.0,0.003527577065291166,0.0,0.0,0.0,0.0,0.0,0.0012114336298379284,0.0,0.0,0.0,0.0,0.0,0.000487718265503625,0.0,0.0,0.0,0.0009825268824074263,0.0,0.0019180054058475524,0.0,0.0,0.0,0.0021248225530143233,0.0,0.0,0.0,0.006690635314832077,0.0,0.029814192062159094,0.0,0.2595237997445193,0.0,0.0,0.0,0.0,0.0,0.00038559378696264093,0.0,0.0,0.0,0.0,0.0,0.0017179616406792584,0.0,0.02944260457944535,0.0,0.0,0.0,0.02585808100799713,0.0,0.0,0.0,0.00058526191860435,2.0,0.0,,0.0,,0.0,0.0,0.08472114540636536,0.0,0.0651649141218513,0.0,0.028029469864894435,0.0,0.008951535407862941,0.0,0.0014708290400449,0.0,0.0,,,,,,,,0.0,,,,,,,,,,,,0.0,0.0,0.0,0.0,0.0,0.0,0.0,0.0,0.0007071861431800643,0.0,0.0,0.0,0.0,0.0,0.0,0.0,0.0,0.0,0.0,0.0,0.0,0.0,0.0,0.0,0.0,0.0,0.0,0.0,0.0,0.0,0.0,0.0,0.0,0.0,0.0,0.0,0.0,0.0,0.0,0.0,0.0,0.0,0.37615444962725497,0.0,0.012813084873469556,0.0,0.020919919211530275,0.0,0.00610407447093161,0.0,0.001520310725027175,0.0,0.0,,,,,,,,,,,,,,,,,,,,,,0,1,97,12
5,region_05,2025-01-04,,,,,,,,,,,,,,,0.0,0.0,,,,,,,,,,,,,,,,,,,,,,,,,0.0,0.0,,,,,,,,,,,,,0.0,0.0,0.0,0.0,0.0,0.0,0.0,0.0,0.0,0.0,0.0,0.0,,,0.0,0.0,0.0,0.0,0.0,0.0,0.0,0.0,0.0,0.0,0.0,0.0,0.0,0.0,0.0,0.0,0.0,0.0,0.0,0.0,0.0,0.0,0.0,0.0,0.0,0.0,0.0,0.0,0.0,0.0,0.0,0.0,0.0,0.0,0.0,0.0,0.0,0.0,0.0,0.0,0.0,0.0,0.0,0.0,0.0,0.0,0.0,0.0,0.0,0.0,0.0,0.0,0.0,0.0,0.011709632436660162,0.0,0.0,0.0,0.0,0.0,0.0,0.0,0.004625674315982182,0.0,0.0,0.0,0.0,0.0,0.0024228672596758568,0.0,0.0,0.0,0.0,0.0,0.00097543653100725,0.0,0.0,0.0,0.0013647267090466668,0.0,0.0011082609028865444,0.0,0.0,0.0,0.0013292060466482715,0.0,0.0,0.0,0.00210218094289298,0.0,0.02638942578976799,0.0,0.2194967920129949,0.0,0.0,0.0,0.0,0.0,0.0,0.0,0.0,0.0,0.0,0.0,0.0,0.0,0.038729173027806776,0.0,0.0,0.0,0.01986199179664248,0.0,0.0,0.0,0.0011705238372087,0.0,0.0,,0.0,,0.0,0.0,0.09717838317155833,0.0,0.06711034430190918,0.0,0.04136720706116062,0.0,0.007009546928615682,0.0,0.0029416580800898,0.0,0.0,,,,,,,,0.0,,,,,,,,,,,,0.0,0.0,0.0,0.0,0.0,0.0,0.0,0.0,0.0,0.0,0.0,0.0,0.0,0.0,0.0,0.0,0.0,0.0,0.0,0.0,0.0,0.0,0.0,0.0,0.0,0.0,0.0,0.0,0.0,0.0,0.0,0.0,0.0,0.0,0.0,0.0,0.0,0.0,0.0,0.0,0.0,0.0,0.3885759304870259,0.0,0.020763853988186837,0.0,0.0182118081403049,0.0,0.010887296870350779,0.0,0.000655636409646775,0.0,0.0,,,,,,,,,,,,,,,,,,,,,,0,0,98,13
5,region_05,2025-01-11,,,,,,,,,,,,,,,0.0,0.0,,,,,,,,,,,,,,,,,,,,,,,,,0.0,0.0,,,,,,,,,,,,,0.0,0.0,0.0,0.0,0.0,0.0,0.0,0.0,0.0,0.0,0.0,0.0,,,0.0,0.0,0.0,0.0,0.0,0.0,0.0,0.0,0.0,0.0,0.0,0.0,0.0,0.0,0.0,0.0,0.0,0.0,0.0,0.0,0.0,0.0,0.0,0.0,0.0,0.0,0.0,0.0,0.0,0.0,0.0,0.0,0.0,0.0,0.0,0.0,0.0,0.0,0.0,0.0,0.0,0.0,0.0,0.0,0.0,0.0,0.0,0.0,0.0,0.0,0.0,0.0,0.0,0.0,0.014159129695458805,0.0,0.0,0.0,0.0,0.0,0.0,0.0,0.005610997498628036,0.0,0.0,0.0,0.0,0.0,0.0012114336298379284,0.0,0.0,0.0,0.0,0.0,0.000487718265503625,0.0,0.0,0.0,0.0006823633545233334,0.0,0.001330535577532491,0.0,0.0,0.0,0.0006646030233241357,0.0,0.0,0.0,0.002829163381829815,0.0,0.02262722155163906,0.0,0.18839393678036598,0.0,0.0,0.0,0.0,0.0,0.00054586282931266,0.0,0.0,0.0,0.0,0.0,0.0,0.0,0.04020581584837697,0.0,0.0,0.0,0.02740249610505993,0.0,0.0003542358463164167,0.0,0.00138882419560101,0.0,0.0,,0.0,,0.0,0.0,0.13679851144552227,0.0,0.0513049661647528,0.0,0.03266185528664571,0.0,0.004874516984934611,0.0,0.0014708290400449,0.0,0.0,,,,,,,,0.0,,,,,,,,,,,,0.0,0.0,0.0,0.0,0.0,0.0,0.0,0.0,0.0,0.0,0.0,0.0,0.0,0.0,0.0,0.0,0.0,0.0,0.0,0.0,0.0,0.0,0.0,0.0,0.0,0.0,0.0,0.0,0.0,0.0,0.0,0.0,0.0,0.0,0.0,0.0,0.0,0.0,0.0,0.0,0.0,0.0,0.4067129811102694,0.0,0.012340438437902078,0.0,0.02635406623171129,0.0,0.010312286228872779,0.0,0.0010108468486577625,0.0,0.0,,,,,,,,,,,,,,,,,,,,,,0,0,98,14
5,region_05,2025-01-18,,,,,,,,,,,,,,,0.0,0.0,,,,,,,,,,,,,,,,,,,,,,,,,0.0,0.0,,,,,,,,,,,,,0.0,0.0,0.0,0.0,0.0,0.0,0.0,0.0,0.0,0.0,0.0,0.0,,,0.0,0.0,0.0,0.0,0.0,0.0,0.0,0.0,0.0,0.0,0.0,0.0,0.0,0.0,0.0,0.0,0.0,0.0,0.0,0.0,0.0,0.0,0.0,0.0,0.0,0.0,0.0,0.0,0.0,0.0,0.0,0.0,0.0,0.0,0.0,0.0,0.0,0.0,0.0,0.0,0.0,0.0,0.0,0.0,0.0,0.0,0.0,0.0,0.0,0.0,0.0,0.0,0.0,0.0,0.01660862695425745,0.0,0.0,0.0,0.0,0.0,0.0,0.0,0.00659632068127389,0.0,0.0,0.0,0.0,0.0,0.0,0.0,0.0,0.0,0.0,0.0,0.0,0.0,0.0,0.0,0.0,0.0,0.0015528102521784374,0.0,0.0,0.0,0.0,0.0,0.0,0.0,0.0035561458207666505,0.0,0.01886501731351013,0.0,0.15729108154773708,0.0,0.0,0.0,0.0,0.0,0.00109172565862532,0.0,0.0,0.0,0.0,0.0,0.0,0.0,0.04168245866894717,0.0,0.0,0.0,0.03494300041347738,0.0,0.0007084716926328334,0.0,0.00160712455399332,0.0,0.0,,0.0,,0.0,0.0,0.1764186397194862,0.0,0.03549958802759643,0.0,0.0239565035121308,0.0,0.00273948704125354,0.0,0.0,0.0,0.0,,,,,,,,0.0,,,,,,,,,,,,0.0,0.0,0.0,0.0,0.0,0.0,0.0,0.0,0.0,0.0,0.0,0.0,0.0,0.0,0.0,0.0,0.0,0.0,0.0,0.0,0.0,0.0,0.0,0.0,0.0,0.0,0.0,0.0,0.0,0.0,0.0,0.0,0.0,0.0,0.0,0.0,0.0,0.0,0.0,0.0,0.0,0.0,0.4248500317335129,0.0,0.003917022887617321,0.0,0.03449632432311769,0.0,0.00973727558739478,0.0,0.0013660572876687499,0.0,0.0,,,,,,,,,,,,,,,,,,,,,,0,0,98,15
5,region_05,2025-01-25,,,,,,,,,,,,,,,0.0,0.0,,,,,,,,,,,,,,,,,,,,,,,,,0.0,0.0,,,,,,,,,,,,,0.0,0.0,0.0,0.0,0.0,0.0,0.0,0.0,0.0,0.0,0.0,0.0,,,0.0,0.0,0.0,0.0,0.0,0.0,0.0,0.0,0.0,0.0,0.0,0.0,0.0,0.0,0.0,0.0,0.0,0.0,0.0,0.0,0.0,0.0,0.0,0.0,0.0,0.0,0.0,0.0,0.0,0.0,0.0,0.0,0.0,0.0,0.0,0.0,0.0,0.0,0.0,0.0,0.0,0.0,0.0,0.0,0.0,0.0,0.0,0.0,0.0,0.0,0.0,0.0,0.0,0.0,0.01278998835219273,0.0,0.0,0.0,0.0,0.0,0.0,0.0,0.006020486437612067,0.0,0.0,0.0,0.0,0.0,0.0,0.0,0.0,0.0,0.0,0.0,0.0,0.0,0.0,0.0,0.0004378903540782375,0.0,0.0012142954801674561,0.0,0.0,0.0,0.0,0.0,0.0,0.0,0.0017780729103833253,0.0,0.01211651158001682,0.0,0.12191292163398526,0.0,0.0,0.0,0.0,0.0,0.00054586282931266,0.0,0.0,0.0,0.0,0.0,0.0,0.0,0.03467997685074802,0.0,0.0,0.0,0.03454911527741282,0.0,0.0003542358463164167,0.0,0.00080356227699666,0.0,0.0,,0.0,,0.0,0.0,0.22923327982425684,0.0,0.033870800739775046,0.0,0.026624951408141147,0.0,0.007218383760320809,0.0,0.002117610484775544,0.0,0.0,,,,,,,,0.0,,,,,,,,,,,,0.0,0.0,0.0,0.0,0.0,0.0,0.0,0.0,0.0,0.0,0.0,0.0,0.0,0.0,0.0,0.0,0.0,0.0,0.0,0.0,0.0,0.0,0.0,0.0,0.0,0.0,0.0,0.0,0.0,0.0,0.0,0.0,0.0,0.0,0.0,0.0,0.0,0.0,0.0,0.0,0.0,0.0,0.42534055188298225,0.0,0.007698214959560127,0.0,0.02167266920571108,0.0,0.011791533477500851,0.0,0.0029262399038998002,0.0,0.0,,,,,,,,,,,,,,,,,,,,,,0,0,98,16
5,region_05,2025-02-01,,,,,,,,,,,,,,,0.0,0.0,,,,,,,,,,,,,,,,,,,,,,,,,0.0,0.0,,,,,,,,,,,,,0.0,0.0,0.0,0.0,0.0,0.0,0.0,0.0,0.0,0.0,0.0,0.0,,,0.0,0.0,0.0,0.0,0.0,0.0,0.0,0.0,0.0,0.0,0.0,0.0,0.0,0.0,0.0,0.0,0.0,0.0,0.0,0.0,0.0,0.0,0.0,0.0,0.0,0.0,0.0,0.0,0.0,0.0,0.0,0.0,0.0,0.0,0.0,0.0,0.0,0.0,0.0,0.0,0.0,0.0,0.0,0.0,0.0,0.0,0.0,0.0,0.0,0.0,0.0,0.0,0.0,0.0,0.008971349750128012,0.0,0.0,0.0,0.0,0.0,0.0,0.0,0.005444652193950244,0.0,0.0,0.0,0.0,0.0,0.0,0.0,0.0,0.0,0.0,0.0,0.0,0.0,0.0,0.0,0.000875780708156475,0.0,0.000875780708156475,0.0,0.0,0.0,0.0,0.0,0.0,0.0,0.0,0.0,0.0053680058465235105,0.0,0.08653476172023344,0.0,0.0,0.0,0.0,0.0,0.0,0.0,0.0,0.0,0.0,0.0,0.0,0.0,0.027677495032548877,0.0,0.0,0.0,0.03415523014134827,0.0,0.0,0.0,0.0,0.0,0.0,,0.0,,0.0,0.0,0.2820479199290275,0.0,0.03224201345195366,0.0,0.029293399304151497,0.0,0.011697280479388077,0.0,0.004235220969551088,0.0,0.0,,,,,,,,0.0,,,,,,,,,,,,0.0,0.0,0.0,0.0,0.0,0.0,0.0,0.0,0.0,0.0,0.0,0.0,0.0,0.0,0.0,0.0,0.0,0.0,0.0,0.0,0.0,0.0,0.0,0.0,0.0,0.0,0.0,0.0,0.0,0.0,0.0,0.0,0.0,0.0,0.0,0.0,0.0,0.0,0.0,0.0,0.0,0.0,0.4258310720324516,0.0,0.011479407031502933,0.0,0.008849014088304467,0.0,0.013845791367606922,0.0,0.00448642252013085,0.0,0.0,,,,,,,,,,,,,,,,,,,,,,0,0,98,17
5,region_05,2025-02-08,,,,,,,,,,,,,,,0.0,0.0,,,,,,,,,,,,,,,,,,,,,,,,,0.0,0.0,,,,,,,,,,,,,0.0,0.0,0.0,0.0,0.0,0.0,0.0,0.0,0.0,0.0,0.0,0.0,,,0.0,0.0,0.0,0.0,0.0,0.0,0.0,0.0,0.0,0.0,0.0,0.0,0.0,0.0,0.0,0.0,0.0,0.0,0.0,0.0,0.0,0.0,0.0,0.0,0.0,0.0,0.0,0.0,0.0,0.0,0.0,0.0,0.0,0.0,0.0,0.0,0.0,0.0,0.0,0.0,0.0,0.0,0.0,0.0,0.0,0.0,0.0,0.0,0.0,0.0,0.0,0.0,0.0,0.0,0.01283412057414853,0.0,0.0,0.0,0.0,0.0,0.0,0.0,0.004509875796631765,0.0,0.0008368600004663001,0.0,0.0,0.0,0.0,0.0,0.0,0.0,0.0,0.0,0.0,0.0,0.0,0.0,0.001215660575932471,0.0,0.001215660575932471,0.0,0.0,0.0,0.0,0.0,0.0,0.0,0.0,0.0,0.010174106580153473,0.0,0.08356817806553504,0.0,0.0,0.0,0.0,0.0,0.0,0.0,0.0,0.0,0.0,0.0,0.00116328976582735,0.0,0.031119091552682183,0.0,0.0,0.0,0.03210812719124881,0.0,0.0022972547449171335,0.0,0.00064003596780819,0.0,0.0,,0.0,,0.0,0.0,0.31985378451645374,0.0,0.027032102962645344,0.0,0.021703987906221255,0.0,0.009976359460981427,0.0,0.005208378576854612,0.0,0.0,,,,,,,,0.00051531057688404,2.0,,,,,,,,,,,0.0,0.0,0.0,0.0,0.0,0.0,0.0,0.0,0.0,0.0,0.0,0.0,0.0,0.0,0.0,0.0,0.0,0.0,0.0,0.0,0.0,0.0,0.0,0.0,0.0,0.0,0.0,0.0,0.0,0.0,0.0,0.0,0.0,0.0,0.0,0.0,0.0,0.0,0.0,0.0,0.0004224715133507833,0.0,0.38955872505903244,0.0,0.010045200618656505,0.0,0.010875522812259245,0.0,0.014591710975057293,0.0,0.00497193651972335,0.0,0.0,,,,,,,,,,,,,,,,,,,,,,0,1,98,18
5,region_05,2025-02-15,,,,,,,,,,,,,,,0.0,0.0,,,,,,,,,,,,,,,,,,,,,,,,,0.0,0.0,,,,,,,,,,,,,0.0,0.0,0.0,0.0,0.0,0.0,0.0,0.0,0.0,0.0,0.0,0.0,,,0.0,0.0,0.0,0.0,0.0,0.0,0.0,0.0,0.0,0.0,0.0,0.0,0.0,0.0,0.0,0.0,0.0,0.0,0.0,0.0,0.0,0.0,0.0,0.0,0.0,0.0,0.0,0.0,0.0,0.0,0.0,0.0,0.0,0.0,0.0,0.0,0.0,0.0,0.0,0.0,0.0,0.0,0.0,0.0,0.0,0.0,0.0,0.0,0.0,0.0,0.0,0.0,0.0,0.0,0.016696891398169048,0.0,0.0,0.0,0.0,0.0,0.0,0.0,0.0035750993993132855,0.0,0.0016737200009326002,0.0,0.0,0.0,0.0,0.0,0.0,0.0,0.0,0.0,0.0,0.0,0.0,0.0,0.0015555404437084667,0.0,0.0015555404437084667,0.0,0.0,0.0,0.0,0.0,0.0,0.0,0.0,0.0,0.014980207313783437,0.0,0.08060159441083665,0.0,0.0,0.0,0.0,0.0,0.0,0.0,0.0,0.0,0.0,0.0,0.0023265795316547,0.0,0.03456068807281549,0.0,0.0,0.0,0.030061024241149353,0.0,0.004594509489834267,0.0,0.00128007193561638,0.0,0.0,,0.0,,0.0,0.0,0.35765964910387993,0.0,0.021822192473337026,0.0,0.014114576508291012,0.0,0.008255438442574776,0.0,0.006181536184158137,0.0,0.0,,,,,,,,0.00103062115376808,0.0,,,,,,,,,,,0.0,0.0,0.0,0.0,0.0,0.0,0.0,0.0,0.0,0.0,0.0,0.0,0.0,0.0,0.0,0.0,0.0,0.0,0.0,0.0,0.0,0.0,0.0,0.0,0.0,0.0,0.0,0.0,0.0,0.0,0.0,0.0,0.0,0.0,0.0,0.0,0.0,0.0,0.0,0.0,0.0008449430267015666,0.0,0.35328637808561325,0.0,0.008610994205810076,0.0,0.012902031536214024,0.0,0.015337630582507663,0.0,0.00545745051931585,0.0,0.0,,,,,,,,,,,,,,,,,,,,,,0,0,99,19
5,region_05,2025-02-22,,,,,,,,,,,,,,,0.0,0.0,,,,,,,,,,,,,,,,,,,,,,,,,0.0,0.0,,,,,,,,,,,,,0.0,0.0,0.0,0.0,0.0,0.0,0.0,0.0,0.0,0.0,0.0,0.0,,,0.0,0.0,0.0,0.0,0.0,0.0,0.0,0.0,0.0,0.0,0.0,0.0,0.0,0.0,0.0,0.0,0.0,0.0,0.0,0.0,0.0,0.0,0.0,0.0,0.0,0.0,0.0,0.0,0.0,0.0,0.0,0.0,0.0,0.0,0.0,0.0,0.0,0.0,0.0,0.0,0.0,0.0,0.0,0.0,0.0,0.0,0.0,0.0,0.0,0.0,0.0,0.0,0.0,0.0,0.010242768555014745,0.0,0.0,0.0,0.0,0.0,0.0,0.0,0.0035019213100894826,0.0,0.0008368600004663001,0.0,0.0,0.0,0.0,0.0,0.0,0.0,0.0,0.0,0.0,0.0,0.0,0.0,0.0011887807437839333,0.0,0.0011713858208774084,0.0,0.0,0.0,0.001852572546340525,0.0,0.0,0.0,0.0,0.0,0.011682418299772332,0.0,0.07051920968418315,0.0,0.0,0.0,0.0,0.0,0.0,0.0,0.0,0.0,0.0,0.0,0.00116328976582735,0.0,0.032758344480368656,0.0,0.0,0.0,0.031204281973519432,0.0,0.0022972547449171335,0.0,0.00193000690778713,0.0,0.0008591807913035,2.0,0.0,,0.0,0.0,0.4275264774582216,0.0,0.02118418307509269,0.0,0.011336379576407849,0.0,0.006612084978509523,0.0,0.0030907680920790686,0.0,0.0,,,,,,,,0.0011867568653542,0.0,,,,,,,,,,,0.0,0.0,0.0,0.0,0.0,0.0,0.0,0.0,0.0,0.0,0.0,0.0,0.0,0.0,0.0,0.0,0.0,0.0,0.0,0.0,0.0,0.0,0.0,0.0,0.0,0.0,0.0,0.0,0.0,0.0,0.0,0.0,0.0,0.0,0.0,0.0,0.0,0.0,0.0,0.0,0.0004224715133507833,0.0,0.3119367430252688,0.0,0.010750268877018188,0.0,0.013345805337719056,0.0,0.016705119188242946,0.0,0.006160744931548787,0.0,0.0,,,,,,,,,,,,,,,,,,,,,,0,1,99,20
5,region_05,2025-03-01,,,,,,,,,,,,,,,0.0,0.0,,,,,,,,,,,,,,,,,,,,,,,,,0.0,0.0,,,,,,,,,,,,,0.0,0.0,0.0,0.0,0.0,0.0,0.0,0.0,0.0,0.0,0.0,0.0,,,0.0,0.0,0.0,0.0,0.0,0.0,0.0,0.0,0.0,0.0,0.0,0.0,0.0,0.0,0.0,0.0,0.0,0.0,0.0,0.0,0.0,0.0,0.0,0.0,0.0,0.0,0.0,0.0,0.0,0.0,0.0,0.0,0.0,0.0,0.0,0.0,0.0,0.0,0.0,0.0,0.0,0.0,0.0,0.0,0.0,0.0,0.0,0.0,0.0,0.0,0.0,0.0,0.0,0.0,0.0037886457118604428,0.0,0.0,0.0,0.0,0.0,0.0,0.0,0.00342874322086568,0.0,0.0,0.0,0.0,0.0,0.0,0.0,0.0,0.0,0.0,0.0,0.0,0.0,0.0,0.0,0.0008220210438594,0.0,0.00078723119804635,0.0,0.0,0.0,0.00370514509268105,0.0,0.0,0.0,0.0,0.0,0.008384629285761228,0.0,0.060436824957529646,0.0,0.0,0.0,0.0,0.0,0.0,0.0,0.0,0.0,0.0,0.0,0.0,0.0,0.030956000887921827,0.0,0.0,0.0,0.032347539705889515,0.0,0.0,0.0,0.00257994187995788,0.0,0.001718361582607,0.0,0.0,,0.0,0.0,0.4973933058125632,0.0,0.020546173676848356,0.0,0.008558182644524685,0.0,0.004968731514444271,0.0,0.0,0.0,0.0,,,,,,,,0.00134289257694032,0.0,,,,,,,,,,,0.0,0.0,0.0,0.0,0.0,0.0,0.0,0.0,0.0,0.0,0.0,0.0,0.0,0.0,0.0,0.0,0.0,0.0,0.0,0.0,0.0,0.0,0.0,0.0,0.0,0.0,0.0,0.0,0.0,0.0,0.0,0.0,0.0,0.0,0.0,0.0,0.0,0.0,0.0,0.0,0.0,0.0,0.27058710796492436,0.0,0.0128895435482263,0.0,0.013789579139224087,0.0,0.018072607793978228,0.0,0.006864039343781725,0.0,0.0,,,,,,,,,,,,,,,,,,,,,,0,0,100,21
5,region_05,2025-03-08,,,,,,,,,,,,,,,0.0,0.0,,,,,,,,,,,,,,,,,,,,,,,,,0.0,0.0,,,,,,,,,,,,,0.0,0.0,0.0,0.0,0.0,0.0,0.0,0.0,0.0,0.0,0.0,0.0,,,0.0,0.0,0.0,0.0,0.0,0.0,0.0,0.0,0.0,0.0,0.0,0.0,0.0,0.0,0.0,0.0,0.0,0.0,0.0,0.0,0.0,0.0,0.0,0.0,0.0,0.0,0.0,0.0,0.0,0.0,0.0,0.0,0.0,0.0,0.0,0.0,0.0,0.0,0.0,0.0,0.0,0.0,0.0,0.0,0.0,0.0,0.0,0.0,0.0,0.0,0.0,0.0,0.0,0.0,0.0018943228559302214,0.0,0.0,0.0,0.0,0.0,0.0,0.0,0.00171437161043284,0.0,0.0,0.0,0.0,0.0,0.0,0.0,0.0,0.0,0.0,0.0,0.0,0.0,0.0,0.0,0.0004110105219297,0.0,0.000393615599023175,0.0,0.0,0.0,0.001852572546340525,0.0,0.0,0.0,0.0,0.0,0.0063169589349334225,0.0,0.04564893990755076,0.0,0.0,0.0,0.0,0.0,0.0,0.0,0.0,0.0,0.0,0.0,0.0,0.0,0.03428867219814228,0.0,0.0,0.0,0.030205900293020935,0.0,0.001278621493838725,0.0,0.00128997093997894,0.0,0.0008591807913035,0.0,0.0037891871761530247,2.0,0.0,0.0,0.5135225085985092,0.0,0.018809881759807412,0.0,0.010086916764044992,0.0,0.005114667694683016,0.0,0.0018391631698856416,0.0,0.0,,,,,,,,0.00319124829256904,0.0,,,,,,,,,,,0.0,0.0,0.0,0.0,0.0,0.0,0.0,0.0,0.0,0.0,0.0,0.0,0.0,0.0,0.0,0.0,0.0,0.0,0.0,0.0,0.0,0.0,0.0,0.0,0.0,0.0,0.0,0.0,0.0,0.0,0.0,0.0,0.0,0.0,0.0,0.0,0.0,0.0,0.0,0.0,0.0,0.0,0.26723927082050414,0.0,0.013838875650738625,0.0,0.02299016412524946,0.0,0.011794464945393964,0.0,0.008420118771027737,0.0,0.0,,,,,,,,,,,,,,,,,,,,,,0,1,100,22
5,region_05,2025-03-15,,,,,,,,,,,,,,,0.0,0.0,,,,,,,,,,,,,,,,,,,,,,,,,0.0,0.0,,,,,,,,,,,,,0.0,0.0,0.0,0.0,0.0,0.0,0.0,0.0,0.0,0.0,0.0,0.0,,,0.0,0.0,0.0,0.0,0.0,0.0,0.0,0.0,0.0,0.0,0.0,0.0,0.0,0.0,0.0,0.0,0.0,0.0,0.0,0.0,0.0,0.0,0.0,0.0,0.0,0.0,0.0,0.0,0.0,0.0,0.0,0.0,0.0,0.0,0.0,0.0,0.0,0.0,0.0,0.0,0.0,0.0,0.0,0.0,0.0,0.0,0.0,0.0,0.0,0.0,0.0,0.0,0.0,0.0,0.0,0.0,0.0,0.0,0.0,0.0,0.0,0.0,0.0,0.0,0.0,0.0,0.0,0.0,0.0,0.0,0.0,0.0,0.0,0.0,0.0,0.0,0.0,0.0,0.0,0.0,0.0,0.0,0.0,0.0,0.0,0.0,0.0,0.0,0.0,0.0,0.004249288584105617,0.0,0.030861054857571884,0.0,0.0,0.0,0.0,0.0,0.0,0.0,0.0,0.0,0.0,0.0,0.0,0.0,0.037621343508362735,0.0,0.0,0.0,0.02806426088015235,0.0,0.00255724298767745,0.0,0.0,0.0,0.0,0.0,0.0075783743523060495,0.0,0.0,0.0,0.5296517113844553,0.0,0.017073589842766468,0.0,0.0116156508835653,0.0,0.00526060387492176,0.0,0.003678326339771283,0.0,0.0,,,,,,,,0.00503960400819776,0.0,,,,,,,,,,,0.0,0.0,0.0,0.0,0.0,0.0,0.0,0.0,0.0,0.0,0.0,0.0,0.0,0.0,0.0,0.0,0.0,0.0,0.0,0.0,0.0,0.0,0.0,0.0,0.0,0.0,0.0,0.0,0.0,0.0,0.0,0.0,0.0,0.0,0.0,0.0,0.0,0.0,0.0,0.0,0.0,0.0,0.26389143367608386,0.0,0.01478820775325095,0.0,0.032190749111274834,0.0,0.0055163220968097,0.0,0.00997619819827375,0.0,0.0,,,,,,,,,,,,,,,,,,,,,,0,0,101,23
5,region_05,2025-03-22,,,,,,,,,,,,,,,0.0,0.0,,,,,,,,,,,,,,,,,,,,,,,,,0.0,0.0,,,,,,,,,,,,,0.0,0.0,0.0,0.0,0.0,0.0,0.0,0.0,0.0,0.0,0.0,0.0,,,0.0,0.0,0.0,0.0,0.0,0.0,0.0,0.0,0.0,0.0,0.0,0.0,0.0,0.0,0.0,0.0,0.0,0.0,0.0,0.0,0.0,0.0,0.0,0.0,0.0,0.0,0.0,0.0,0.0,0.0,0.0,0.0,0.0,0.0,0.0,0.0,0.0,0.0,0.0,0.0,0.0,0.0,0.0,0.0,0.0,0.0,0.0,0.0,0.0,0.0,0.0,0.0,0.0,0.0,0.0,0.0,0.0,0.0,0.0,0.0,0.0,0.0,0.0,0.0,0.0,0.0,0.0,0.0,0.0,0.0,0.0,0.0,0.0,0.0,0.0,0.0,0.0,0.0,0.0,0.0,0.0,0.0,0.0,0.0,0.0,0.0,0.0,0.0,0.0,0.0,0.005318005557637618,0.0,0.0222448359864453,0.0,0.0,0.0,0.0,0.0,0.0,0.0,0.0,0.0,0.0,0.0,0.0,0.0,0.03733419943600889,0.0,0.0,0.0,0.026710233216484344,0.0,0.001278621493838725,0.0,0.0032060242258012102,0.0,0.0018342073075473101,0.0,0.007031699991784925,0.0,0.0,0.0,0.5906255712111791,0.0,0.009754379629157435,0.0,0.01022912495148674,0.0,0.00483268649938203,0.0,0.0018391631698856416,0.0,0.0,,,,,,,,0.00251980200409888,0.0,,,,,,,,,,,0.0,0.0,0.0,0.0,0.0,0.0,0.0,0.0,0.0,0.0,0.0,0.0,0.0,0.0,0.0,0.0,0.0,0.0,0.0,0.0,0.0,0.0,0.0,0.0,0.0,0.0,0.0,0.0,0.0,0.0,0.0,0.0,0.0,0.0,0.0,0.0,0.0,0.0,0.0,0.0,0.0,0.0,0.2064504007498423,0.0,0.021116139351700695,0.0,0.022952943838511868,0.0,0.00594322031829503,0.0,0.021460777730680964,0.0,0.0,,,,,,,,,,,,,,,,,,,,,,0,0,101,24
5,region_05,2025-03-29,,,,,,,,,,,,,,,0.0,0.0,,,,,,,,,,,,,,,,,,,,,,,,,0.0,0.0,,,,,,,,,,,,,0.0,0.0,0.0,0.0,0.0,0.0,0.0,0.0,0.0,0.0,0.0,0.0,,,0.0,0.0,0.0,0.0,0.0,0.0,0.0,0.0,0.0,0.0,0.0,0.0,0.0,0.0,0.0,0.0,0.0,0.0,0.0,0.0,0.0,0.0,0.0,0.0,0.0,0.0,0.0,0.0,0.0,0.0,0.0,0.0,0.0,0.0,0.0,0.0,0.0,0.0,0.0,0.0,0.0,0.0,0.0,0.0,0.0,0.0,0.0,0.0,0.0,0.0,0.0,0.0,0.0,0.0,0.0,0.0,0.0,0.0,0.0,0.0,0.0,0.0,0.0,0.0,0.0,0.0,0.0,0.0,0.0,0.0,0.0,0.0,0.0,0.0,0.0,0.0,0.0,0.0,0.0,0.0,0.0,0.0,0.0,0.0,0.0,0.0,0.0,0.0,0.0,0.0,0.00638672253116962,0.0,0.013628617115318719,0.0,0.0,0.0,0.0,0.0,0.0,0.0,0.0,0.0,0.0,0.0,0.0,0.0,0.03704705536365504,0.0,0.0,0.0,0.02535620555281634,0.0,0.0,0.0,0.0064120484516024204,0.0,0.0036684146150946203,0.0,0.0064850256312638,0.0,0.0,0.0,0.6515994310379029,0.0,0.0024351694155484,0.0,0.00884259901940818,0.0,0.0044047691238423,0.0,0.0,0.0,0.0,,,,,,,,0.0,0.0,,,,,,,,,,,0.0,0.0,0.0,0.0,0.0,0.0,0.0,0.0,0.0,0.0,0.0,0.0,0.0,0.0,0.0,0.0,0.0,0.0,0.0,0.0,0.0,0.0,0.0,0.0,0.0,0.0,0.0,0.0,0.0,0.0,0.0,0.0,0.0,0.0,0.0,0.0,0.0,0.0,0.0,0.0,0.0,0.0,0.14900936782360075,0.0,0.02744407095015044,0.0,0.013715138565748899,0.0,0.00637011853978036,0.0,0.03294535726308818,0.0,0.0,,,,,,,,,,,,,,,,,,,,,,0,0,101,25
5,region_05,2025-04-05,,,,,,,,,,,,,,,0.0,0.0,,,,,,,,,,,,,,,,,,,,,,,,,0.0,0.0,,,,,,,,,,,,,0.0,0.0,0.0,0.0,0.0,0.0,0.0,0.0,0.0,0.0,0.0,0.0,,,0.0,0.0,0.0,0.0,0.0,0.0,0.0,0.0,0.0,0.0,0.0,0.0,0.0,0.0,0.0,0.0,0.0,0.0,0.0,0.0,0.0,0.0,0.0,0.0,0.0,0.0,0.0,0.0,0.0,0.0,0.0,0.0,0.0,0.0,0.0,0.0,0.0,0.0,0.0,0.0,0.0,0.0,0.0,0.0,0.0,0.0,0.0,0.0,0.0,0.0,0.0,0.0,0.0,0.0,0.0,0.0,0.0,0.0,0.0,0.0,0.0,0.0,0.0,0.0,0.0,0.0,0.0,0.0,0.0,0.0,0.0,0.0,0.0,0.0,0.0,0.0,0.0,0.0,0.0,0.0,0.0,0.0,0.0,0.0,0.0,0.0,0.0,0.0,0.0,0.0,0.00319336126558481,0.0,0.029414295777678432,0.0,0.0,0.0,0.0,0.0,0.0,0.0,0.0,0.0,0.0,0.0,0.0,0.0,0.03705977033823725,0.0,0.0,0.0,0.03215562431141728,0.0,0.0,0.0,0.0062498989747836724,0.0,0.0018342073075473101,0.0,0.0032425128156319,0.0,0.0,0.0,0.634035986661911,0.0,0.0042614594567566624,0.0,0.009530292311683251,0.0,0.00220238456192115,0.0,0.0,0.0,0.0,,,,,,,,0.00363837514305485,0.0,,,,,,,,,,,0.0,0.0,0.0,0.0,0.0,0.0,0.0,0.0,0.0,0.0,0.0,0.0,0.0,0.0,0.0,0.0,0.0,0.0,0.0,0.0,0.0,0.0,0.0,0.0,0.0,0.0,0.0,0.0,0.0,0.0,0.0,0.0,0.0,0.0,0.0,0.0,0.0,0.0,0.0,0.0,0.0,0.0,0.1333094576373696,0.0,0.01372203547507522,0.0,0.0068575692828744495,0.0,0.009633681946434054,0.0,0.06389577127993103,0.0,0.0029079249361529747,1.0,,,,,,,,,,,,,,,,,,,,,1,0,101,0
5,region_05,2025-04-12,,,,,,,,,,,,,,,0.0,0.0,,,,,,,,,,,,,,,,,,,,,,,,,0.0,0.0,,,,,,,,,,,,,0.0,0.0,0.0,0.0,0.0,0.0,0.0,0.0,0.0,0.0,0.0,0.0,,,0.0,0.0,0.0,0.0,0.0,0.0,0.0,0.0,0.0,0.0,0.0,0.0,0.0,0.0,0.0,0.0,0.0,0.0,0.0,0.0,0.0,0.0,0.0,0.0,0.0,0.0,0.0,0.0,0.0,0.0,0.0,0.0,0.0,0.0,0.0,0.0,0.0,0.0,0.0,0.0,0.0,0.0,0.0,0.0,0.0,0.0,0.0,0.0,0.0,0.0,0.0,0.0,0.0,0.0,0.0,0.0,0.0,0.0,0.0,0.0,0.0,0.0,0.0,0.0,0.0,0.0,0.0,0.0,0.0,0.0,0.0,0.0,0.0,0.0,0.0,0.0,0.0,0.0,0.0,0.0,0.0,0.0,0.0,0.0,0.0,0.0,0.0,0.0,0.0,0.0,0.0,0.0,0.04519997444003815,0.0,0.0,0.0,0.0,0.0,0.0,0.0,0.0,0.0,0.0,0.0,0.0,0.0,0.03707248531281945,0.0,0.0,0.0,0.03895504307001822,0.0,0.0,0.0,0.0060877494979649244,0.0,0.0,0.0,0.0,0.0,0.0,0.0,0.6164725422859192,0.0,0.0060877494979649244,0.0,0.010217985603958325,0.0,0.0,0.0,0.0,0.0,0.0,,,,,,,,0.0072767502861097,0.0,,,,,,,,,,,0.0,0.0,0.0,0.0,0.0,0.0,0.0,0.0,0.0,0.0,0.0,0.0,0.0,0.0,0.0,0.0,0.0,0.0,0.0,0.0,0.0,0.0,0.0,0.0,0.0,0.0,0.0,0.0,0.0,0.0,0.0,0.0,0.0,0.0,0.0,0.0,0.0,0.0,0.0,0.0,0.0,0.0,0.11760954745113845,0.0,0.0,0.0,0.0,0.0,0.01289724535308775,0.0,0.09484618529677388,0.0,0.005815849872305949,0.0,,,,,,,,,,,,,,,,,,,,,0,0,102,1
5,region_05,2025-04-19,,,,,,,,,,,,,,,0.0,0.0,,,,,,,,,,,,,,,,,,,,,,,,,0.0,0.0,,,,,,,,,,,,,0.0,0.0,0.0,0.0,0.0,0.0,0.0,0.0,0.0,0.0,0.0,0.0,,,0.0,0.0,0.0,0.0,0.0,0.0,0.0,0.0,0.0,0.0,0.0,0.0,0.0,0.0,0.0,0.0,0.0,0.0,0.0,0.0,0.0,0.0,0.0,0.0,0.0,0.0,0.0,0.0,0.0,0.0,0.0,0.0,0.0,0.0,0.0,0.0,0.0,0.0,0.0,0.0,0.0,0.0,0.0,0.0,0.0,0.0,0.0,0.0,0.0,0.0,0.0,0.0,0.0,0.0,0.0,0.0,0.0,0.0,0.0,0.0,0.0,0.0,0.0,0.0,0.0,0.0,0.0,0.0,0.0,0.0,0.0,0.0,0.0,0.0,0.0,0.0,0.0,0.0,0.0,0.0,0.0,0.0,0.0,0.0,0.0,0.0,0.0,0.0,0.0,0.0,0.005626438806454317,0.0,0.029901657835580357,0.0,0.0,0.0,0.0,0.0,0.0,0.0,0.0,0.0,0.0,0.0,0.0,0.0,0.018536242656409727,0.0,0.0,0.0,0.04127073551838589,0.0,0.0,0.0,0.004780179394098562,0.0,0.00435020603860415,0.0,0.00417402456514535,0.0,0.0,0.0,0.6471779247124989,0.0,0.005887630434396312,0.0,0.020524405796701665,0.0,0.0,0.0,0.0,0.0,0.0038857158506289003,2.0,,,,,,,0.008218435551195051,0.0,,,,,,,,,,,0.0,0.0,0.0,0.0,0.0,0.0,0.0,0.0,0.0,0.0,0.0,0.0,0.0,0.0,0.0,0.0,0.0,0.0,0.0,0.0,0.0,0.0,0.0,0.0,0.0,0.0,0.0,0.0,0.0,0.0,0.0,0.0,0.0,0.0,0.0,0.0,0.0,0.0,0.0,0.0,0.0,0.0,0.08250776895632342,0.0,0.00496486551128325,0.0,0.007822815328836417,0.0,0.007940878897594875,0.0,0.09626936726272103,0.0,0.004555256396997675,0.0,,,,,,,,,,,,,,,,,,,,,0,1,102,2
5,region_05,2025-04-26,,,,,,,,,,,,,,,0.0,0.0,,,,,,,,,,,,,,,,,,,,,,,,,0.0,0.0,,,,,,,,,,,,,0.0,0.0,0.0,0.0,0.0,0.0,0.0,0.0,0.0,0.0,0.0,0.0,,,0.0,0.0,0.0,0.0,0.0,0.0,0.0,0.0,0.0,0.0,0.0,0.0,0.0,0.0,0.0,0.0,0.0,0.0,0.0,0.0,0.0,0.0,0.0,0.0,0.0,0.0,0.0,0.0,0.0,0.0,0.0,0.0,0.0,0.0,0.0,0.0,0.0,0.0,0.0,0.0,0.0,0.0,0.0,0.0,0.0,0.0,0.0,0.0,0.0,0.0,0.0,0.0,0.0,0.0,0.0,0.0,0.0,0.0,0.0,0.0,0.0,0.0,0.0,0.0,0.0,0.0,0.0,0.0,0.0,0.0,0.0,0.0,0.0,0.0,0.0,0.0,0.0,0.0,0.0,0.0,0.0,0.0,0.0,0.0,0.0,0.0,0.0,0.0,0.0,0.0,0.011252877612908633,0.0,0.014603341231122566,0.0,0.0,0.0,0.0,0.0,0.0,0.0,0.0,0.0,0.0,0.0,0.0,0.0,0.0,0.0,0.0,0.0,0.04358642796675357,0.0,0.0,0.0,0.0034726092902321996,0.0,0.0087004120772083,0.0,0.0083480491302907,0.0,0.0,0.0,0.6778833071390787,0.0,0.0056875113708277,0.0,0.030830825989445,0.0,0.0,0.0,0.0,0.0,0.007771431701257801,0.0,,,,,,,0.0091601208162804,0.0,,,,,,,,,,,0.0,0.0,0.0,0.0,0.0,0.0,0.0,0.0,0.0,0.0,0.0,0.0,0.0,0.0,0.0,0.0,0.0,0.0,0.0,0.0,0.0,0.0,0.0,0.0,0.0,0.0,0.0,0.0,0.0,0.0,0.0,0.0,0.0,0.0,0.0,0.0,0.0,0.0,0.0,0.0,0.0,0.0,0.04740599046150837,0.0,0.0099297310225665,0.0,0.015645630657672834,0.0,0.0029845124421020003,0.0,0.09769254922866817,0.0,0.0032946629216894,0.0,,,,,,,,,,,,,,,,,,,,,0,0,103,3
5,region_05,2025-05-03,,,,,,,,,,,,,,,0.0,0.0,,,,,,,,,,,,,,,,,,,,,,,,,0.0,0.0,,,,,,,,,,,,,0.0,0.0,0.0,0.0,0.0,0.0,0.0,0.0,0.0,0.0,0.0,0.0,,,0.0,0.0,0.0,0.0,0.0,0.0,0.0,0.0,0.0,0.0,0.0,0.0,0.0,0.0,0.0,0.0,0.0,0.0,0.0,0.0,0.0,0.0,0.0,0.0,0.0,0.0,0.0,0.0,0.0,0.0,0.0,0.0,0.0,0.0,0.0,0.0,0.0,0.0,0.0,0.0,0.0,0.0,0.0,0.0,0.0,0.0,0.0,0.0,0.0,0.0,0.0,0.0,0.0,0.0,0.0,0.0,0.0,0.0,0.0,0.0,0.0,0.0,0.0,0.0,0.0,0.0,0.0,0.0,0.0,0.0,0.0,0.0,0.0,0.0,0.0,0.0,0.0,0.0,0.0,0.0,0.0,0.0,0.0,0.0,0.0,0.0,0.0,0.0,0.0,0.0,0.005626438806454317,0.0,0.017285920330323234,0.0,0.0,0.0,0.0,0.0,0.0,0.0,0.0,0.0,0.0,0.0,0.0,0.0,0.009207239374518374,0.0,0.0,0.0,0.021793213983376785,0.0,0.0,0.0,0.0017363046451160998,0.0,0.007997066869089926,0.0,0.016053751343861174,0.0,0.0,0.0,0.6302093615134556,0.0,0.00284375568541385,0.0,0.03347039471069967,0.0,0.0,0.0,0.0,0.0,0.01386996556539085,0.0,,,,,,,0.024368385241056452,0.0,,,,,,,,,,,0.0,0.0,0.0,0.0,0.0,0.0,0.0,0.0,0.0,0.0,0.0,0.0,0.0,0.0,0.0,0.0,0.0,0.0,0.0,0.0,0.0,0.0,0.0,0.0,0.0,0.0,0.0,0.0,0.0,0.0,0.0,0.0,0.0,0.0,0.0,0.0,0.0,0.0,0.0,0.0,0.0,0.0,0.06613230643173054,0.0,0.00496486551128325,0.0,0.007822815328836417,0.0,0.0014922562210510002,0.0,0.12010901421308512,0.0,0.014141934632789278,0.0,,,,,,,,,,,,,,,,,,,,,0,0,103,4
5,region_05,2025-05-10,,,,,,,,,,,,,,,0.0,0.0,,,,,,,,,,,,,,,,,,,,,,,,,0.0,0.0,,,,,,,,,,,,,0.0,0.0,0.0,0.0,0.0,0.0,0.0,0.0,0.0,0.0,0.0,0.0,,,0.0,0.0,0.0,0.0,0.0,0.0,0.0,0.0,0.0,0.0,0.0,0.0,0.0,0.0,0.0,0.0,0.0,0.0,0.0,0.0,0.0,0.0,0.0,0.0,0.0,0.0,0.0,0.0,0.0,0.0,0.0,0.0,0.0,0.0,0.0,0.0,0.0,0.0,0.0,0.0,0.0,0.0,0.0,0.0,0.0,0.0,0.0,0.0,0.0,0.0,0.0,0.0,0.0,0.0,0.0,0.0,0.0,0.0,0.0,0.0,0.0,0.0,0.0,0.0,0.0,0.0,0.0,0.0,0.0,0.0,0.0,0.0,0.0,0.0,0.0,0.0,0.0,0.0,0.0,0.0,0.0,0.0,0.0,0.0,0.0,0.0,0.0,0.0,0.0,0.0,0.0,0.0,0.0199684994295239,0.0,0.0,0.0,0.0,0.0,0.0,0.0,0.0,0.0,0.0,0.0,0.0,0.0,0.018414478749036747,0.0,0.0,0.0,0.0,0.0,0.0,0.0,0.0,0.0,0.00729372166097155,0.0,0.02375945355743165,0.0,0.0,0.0,0.5825354158878326,0.0,0.0,0.0,0.03610996343195435,0.0,0.0,0.0,0.0,0.0,0.0199684994295239,0.0,,,,,,,0.039576649665832506,0.0,,,,,,,,,,,0.0,0.0,0.0,0.0,0.0,0.0,0.0,0.0,0.0,0.0,0.0,0.0,0.0,0.0,0.0,0.0,0.0,0.0,0.0,0.0,0.0,0.0,0.0,0.0,0.0,0.0,0.0,0.0,0.0,0.0,0.0,0.0,0.0,0.0,0.0,0.0,0.0,0.0,0.0,0.0,0.0,0.0,0.0848586224019527,0.0,0.0,0.0,0.0,0.0,0.0,0.0,0.14252547919750208,0.0,0.024989206343889153,0.0,,,,,,,,,,,,,,,,,,,,,0,0,103,5
5,region_05,2025-05-17,,,,,,,,,,,,,,,0.0,0.0,,,,,,,,,,,,,,,,,,,,,,,,,0.0,0.0,,,,,,,,,,,,,0.0,0.0,0.0,0.0,0.0,0.0,0.0,0.0,0.0,0.0,0.0,0.0,,,0.0,0.0,0.0,0.0,0.0,0.0,0.0,0.0,0.0,0.0,0.0,0.0,0.0,0.0,0.0,0.0,0.0,0.0,0.0,0.0,0.0,0.0,0.0,0.0,0.0,0.0,0.0,0.0,0.0,0.0,0.0,0.0,0.0,0.0,0.0,0.0,0.0,0.0,0.0,0.0,0.0,0.0,0.0,0.0,0.0,0.0,0.0,0.0,0.0,0.0,0.0,0.0,0.0,0.0,0.0,0.0,0.0,0.0,0.0,0.0,0.0,0.0,0.0,0.0,0.0,0.0,0.0,0.0,0.0,0.0,0.0,0.0,0.0,0.0,0.0,0.0,0.0,0.0,0.0,0.0,0.0,0.0,0.0,0.0,0.0,0.0,0.0,0.0,0.0,0.0,0.0,0.0,0.022179371211677748,0.0,0.0,0.0,0.0,0.0,0.0,0.0,0.0,0.0,0.0,0.0,0.0,0.0,0.009207239374518374,0.0,0.0,0.0,0.0,0.0,0.0,0.0,0.0,0.0,0.003646860830485775,0.0,0.03626996977254743,0.0,0.0,0.0,0.571755513548851,0.0,0.0,0.0,0.018054981715977175,0.0,0.0,0.0,0.0,0.0,0.03437449270859355,0.0,,,,,,,0.03198344632983205,0.0,,,,,,,,,,,0.0,0.0,0.0,0.0,0.0,0.0,0.0,0.0,0.0,0.0,0.0,0.0,0.0,0.0,0.0,0.0,0.0,0.0,0.0,0.0,0.0,0.0,0.0,0.0,0.0,0.0,0.0,0.0,0.0,0.0,0.0,0.0,0.0,0.0,0.0,0.0,0.0,0.0,0.0,0.0,0.0,0.0,0.1034049224108457,0.0,0.0,0.0,0.0,0.0,0.0243902429938316,0.0,0.12004322558641428,0.0,0.024689724668860377,0.0,,,,,,,,,,,,,,,,,,,,,0,0,103,6
5,region_05,2025-05-24,,,,,,,,,,,,,,,0.0,0.0,,,,,,,,,,,,,,,,,,,,,,,,,0.0,0.0,,,,,,,,,,,,,0.0,0.0,0.0,0.0,0.0,0.0,0.0,0.0,0.0,0.0,0.0,0.0,,,0.0,0.0,0.0,0.0,0.0,0.0,0.0,0.0,0.0,0.0,0.0,0.0,0.0,0.0,0.0,0.0,0.0,0.0,0.0,0.0,0.0,0.0,0.0,0.0,0.0,0.0,0.0,0.0,0.0,0.0,0.0,0.0,0.0,0.0,0.0,0.0,0.0,0.0,0.0,0.0,0.0,0.0,0.0,0.0,0.0,0.0,0.0,0.0,0.0,0.0,0.0,0.0,0.0,0.0,0.0,0.0,0.0,0.0,0.0,0.0,0.0,0.0,0.0,0.0,0.0,0.0,0.0,0.0,0.0,0.0,0.0,0.0,0.0,0.0,0.0,0.0,0.0,0.0,0.0,0.0,0.0,0.0,0.0,0.0,0.0,0.0,0.0,0.0,0.0,0.0,0.0,0.0,0.0243902429938316,0.0,0.0,0.0,0.0,0.0,0.0,0.0,0.0,0.0,0.0,0.0,0.0,0.0,0.0,0.0,0.0,0.0,0.0,0.0,0.0,0.0,0.0,0.0,0.0,0.0,0.0487804859876632,0.0,0.0,0.0,0.5609756112098694,0.0,0.0,0.0,0.0,0.0,0.0,0.0,0.0,0.0,0.0487804859876632,0.0,,,,,,,0.0243902429938316,0.0,,,,,,,,,,,0.0,0.0,0.0,0.0,0.0,0.0,0.0,0.0,0.0,0.0,0.0,0.0,0.0,0.0,0.0,0.0,0.0,0.0,0.0,0.0,0.0,0.0,0.0,0.0,0.0,0.0,0.0,0.0,0.0,0.0,0.0,0.0,0.0,0.0,0.0,0.0,0.0,0.0,0.0,0.0,0.0,0.0,0.1219512224197387,0.0,0.0,0.0,0.0,0.0,0.0487804859876632,0.0,0.0975609719753265,0.0,0.0243902429938316,0.0,,,,,,,,,,,,,,,,,,,,,0,0,103,7
5,region_05,2025-05-31,,,,,,,,,,,,,,,6.191950217869473e-05,0.0,,,,,,,,,,,,,,,,,,,,,,,,,,,,,,,,,,,,,,,,,,,,,,,,,,,,,,,,,,,,,,,,,,,,,,,,,,,,,,,,,,,,,,,,,,,,,,,,,,,,,,,,,,,0.0021136191789991876,0.0,,,,,,,,,,,0.00034108711872249197,0.0,,,,,,,,,,,,,,,,,,,,,0.00033511802321299254,0.0,0.006385976541787361,0.0,0.018535979092121076,0.0,,,,,,,,,,,,,0.00426674643531441,0.0,,,0.00515170218423008,0.0,,,0.0021136191789991876,0.0,0.004227238357998425,0.0,0.03815445434302085,0.0,,,0.5395624935626984,0.0,0.00031969309582010436,0.0,0.0029695518780499504,0.0,,,,,0.05868450924754138,0.0,,,,,,,0.016461867932230208,0.0,,,,,,,,,,,,,,,,,,,,,,,,,,,,,,,,,,,,,,,,,,,,,,,,,,,,,0.091235258616507,0.0,,,0.00426674643531441,0.0,0.03284570407122368,0.0,0.08025959022343154,0.0,0.07730107878645257,0.0,,,,,,,,,,,,,,,,,,,,,0,0,21,8
5,region_05,2025-06-07,,,,,,,,,,,,,,,0.00012383900435738947,0.0,,,,,,,,,,,,,,,,,,,,,,,,,,,,,,,,,,,,,,,,,,,,,,,,,,,,,,,,,,,,,,,,,,,,,,,,,,,,,,,,,,,,,,,,,,,,,,,,,,,,,,,,,,,0.004227238357998375,0.0,,,,,,,,,,,0.0006821742374449839,0.0,,,,,,,,,,,,,,,,,,,,,0.0006702360464259851,0.0,0.012771953083574723,0.0,0.01268171519041055,0.0,,,,,,,,,,,,,0.00853349287062882,0.0,,,0.01030340436846016,0.0,,,0.004227238357998375,0.0,0.00845447671599685,0.0,0.0275284226983785,0.0,,,0.5181493759155273,0.0,0.0006393861916402087,0.0,0.005939103756099901,0.0,,,,,0.06858853250741956,0.0,0.01615374386310574,2.0,,,,,0.00853349287062882,0.0,0.004114247858524267,2.0,,,0.0039370078593492,2.0,,,,,,,,,,,,,,,,,,,,,,,,,,,,,,,,,,,,,,,,,,,,,,,0.060519294813275296,0.0,,,0.00853349287062882,0.0,0.01691092215478416,0.0,0.0629582084715366,0.0,0.13021191457907355,0.0,,,,,,,,,,,,,,,,,,,,,0,3,21,9
5,region_05,2025-06-14,,,,,,,,,,,,,,,0.0001857585065360842,0.0,,,,,,,,,,,,,,,,,,,,,,,,,,,,,,,,,,,,,,,,,,,,,,,,,,,,,,,,,,,,,,,,,,,,,,,,,,,,,,,,,,,,,,,,,,,,,,,,,,,,,,,,,,,0.004052901899235062,0.0,,,,,,,,,,,0.0010232613561674759,0.0,,,,,,,,,,,,,,,,,,,,,0.0010053540696389777,0.0,,,0.012855156557634412,0.0,,,,,,,,,,,,,0.00822294447571037,0.0,,,0.01107142344117162,0.0,,,0.004063697473611627,0.0,0.007816564655513484,0.0,0.0325635378248989,0.0,,,0.44766950979828835,0.0,0.0009590792874603131,0.0,,,,,,,0.07541681329409278,0.0,0.020085099525749647,0.0,,,,,0.010171340266242598,0.0,0.005583080608630496,0.0,,,0.003929454344971468,0.0,,,,,,,,,,,,,,,,,,,,,,,,,,,,,,,,,,,,,,,,,,,,,,,0.05085794557817276,0.0,,,,,,,0.05679624127224084,0.0,0.20450721010565753,0.0,,,,,,,,,,,,,,,,,,,,,0,0,20,10
5,region_05,2025-06-21,,,,,,,,,,,,,,,0.00024767800871477894,0.0,,,,,,,,,,,,,,,,,,,,,,,,,,,,,,,,,,,,,,,,,,,,,,,,,,,,,,,,,,,,,,,,,,,,,,,,,,,,,,,,,,,,,,,,,,,,,,,,,,,,,,,,,,,0.003878565440471749,0.0,,,,,,,,,,,0.0013643484748899679,0.0,,,,,,,,,,,,,,,,,,,,,0.0013404720928519701,0.0,,,0.013028597924858274,0.0,,,,,,,,,,,,,0.007912396080791922,0.0,,,0.01183944251388308,0.0,,,0.0039001565892248795,0.0,0.007178652595030118,0.0,0.0375986529514193,0.0,,,0.37718964368104935,0.0,0.0012787723832804175,0.0,,,,,,,0.08224509408076601,0.0,0.02401645518839355,0.0,,,,,0.01180918766185638,0.0,0.007051913358736725,0.0,,,0.003921900830593736,0.0,,,,,,,,,,,,,,,,,,,,,,,,,,,,,,,,,,,,,,,,,,,,,,,0.04119659634307023,0.0,,,,,,,0.05063427407294508,0.0,0.2788025056322415,0.0,,,,,,,,,,,,,,,,,,,,,0,0,20,11
5,region_05,2025-06-28,,,,,,,,,,,,,,,0.0003095975108934737,0.0,,,,,,,,,,,,,,,,,,,,,,,,,,,,,,,,,,,,,,,,,,,,,,,,,,,,,,,,,,,,,,,,,,,,,,,,,,,,,,,,,,,,,,,,,,,,,,,,,,,,,,,,,,,0.0037042289817084354,0.0,,,,,,,,,,,0.00170543559361246,0.0,,,,,,,,,,,,,,,,,,,,,0.0016755901160649626,0.0,,,0.013202039292082137,0.0,,,,,,,,,,,,,0.007601847685873474,0.0,,,0.012607461586594539,0.0,,,0.0037366157048381314,0.0,0.006540740534546753,0.0,0.0426337680779397,0.0,,,0.3067097775638103,0.0,0.0015984654791005217,0.0,,,,,,,0.08907337486743924,0.0,0.027947810851037456,0.0,,,,,0.01344703505747016,0.0,0.008520746108842955,0.0,,,0.003914347316216004,0.0,,,,,,,,,,,,,,,,,,,,,,,,,,,,,,,,,,,,,,,,,,,,,,,0.031535247107967686,0.0,,,,,,,0.04447230687364932,0.0,0.35309780115882555,0.0,,,,,,,,,,,,,,,,,,,,,0,0,20,12
5,region_05,2025-07-05,,,,,,,,,,,,,,,0.0003715170130721684,0.0,,,,,,,,,,,,,,,,,,,,,,,,,,,,,,,,,,,,,,,,,,,,,,,,,,,,,,,,,,,,,,,,,,,,,,,,,,,,,,,,,,,,,,,,,,,,,,,,,,,,,,,,,,,0.0035298925229451223,0.0,,,,,,,,,,,0.0020465227123349517,0.0,,,,,,,,,,,,,,,,,,,,,0.0020107081392779554,0.0,,,0.013375480659305999,0.0,,,,,,,,,,,,,0.007291299290955025,0.0,,,0.013375480659305999,0.0,,,0.0035730748204513833,0.0,0.005902828474063387,0.0,0.0476688832044601,0.0,,,0.2362299114465713,0.0,0.0019181585749206262,0.0,,,,,,,0.09590165565411246,0.0,0.03187916651368136,0.0,,,,,0.01508488245308394,0.0,0.009989578858949183,0.0,,,0.0039067938018382715,0.0,,,,,,,,,,,,,,,,,,,,,,,,,,,,,,,,,,,,,,,,,,,,,,,0.02187389787286515,0.0,,,,,,,0.03831033967435356,0.0,0.42739309668540953,0.0,,,,,,,,,,,,,,,,,0.014392959574858298,2.0,,,0,1,20,13
5,region_05,2025-07-12,,,,,,,,,,,,,,,0.0004334365152508631,0.0,,,,,,,,,,,,,,,,,,,,,,,,,,,,,,,,,,,,,,,,,,,,,,,,,,,,,,,,,,,,,,,,,,,,,,,,,,,,,,,,,,,,,,,,,,,,,,,,,,,,,,,,,,,0.003355556064181809,0.0,,,,,,,,,,,0.002387609831057444,0.0,,,,,,,,,,,,,,,,,,,,,0.002345826162490948,0.0,,,0.01294105415789605,0.0,,,,,,,,,,,,,,,,,0.012589763896539754,0.0,,,0.0034095339360646357,0.0,0.0052649164135800215,0.0,0.041277877707034304,0.0,,,0.21959366649389261,0.0,0.0022378516707407307,0.0,,,,,,,0.09828717354685065,0.0,0.035638505872338966,0.0,,,,,0.01374184920319484,0.0,0.011458411609055412,0.0,,,0.0038992402874605397,0.0,,,,,,,,,,,,,,,,,,,,,,,,,,,,,,,,,,,,,,,,,,,,,,,0.019727061075779248,0.0,,,,,,,0.03346908686216916,0.0,0.46024087419112525,0.0,,,,,,,,,,,,,,,,,0.01330810488434503,0.0,,,0,0,20,14
5,region_05,2025-07-19,,,,,,,,,,,,,,,0.0004953560174295579,0.0,,,,,,,,,,,,,,,,,,,,,,,,,,,,,,,,,,,,,,,,,,,,,,,,,,,,,,,,,,,,,,,,,,,,,,,,,,,,,,,,,,,,,,,,,,,,,,,,,,,,,,,,,,,0.0031812196054184956,0.0,,,,,,,,,,,0.0027286969497799358,0.0,,,,,,,,,,,,,,,,,,,,,0.0026809441857039403,0.0,,,0.012506627656486101,0.0,,,,,,,,,,,,,,,,,0.01180404713377351,0.0,,,0.0032459930516778876,0.0,0.004627004353096657,0.0,0.034886872209608503,0.0,,,0.20295742154121393,0.0,0.002557544766560835,0.0,,,,,,,0.10067269143958883,0.0,0.03939784523099657,0.0,,,,,0.01239881595330574,0.0,0.012927244359161642,0.0,,,0.003891686773082808,0.0,,,,,,,,,,,,,,,,,,,,,,,,,,,,,,,,,,,,,,,,,,,,,,,0.01758022427869334,0.0,,,,,,,0.028627834049984764,0.0,0.4930886516968409,0.0,,,,,,,,,,,,,,,,,0.012223250193831761,0.0,,,0,0,20,15
5,region_05,2025-07-26,,,,,,,,,,,,,,,0.0005572755196082526,0.0,,,,,,,,,,,,,,,,,,,,,,,,,,,,,,,,,,,,,,,,,,,,,,,,,,,,,,,,,,,,,,,,,,,,,,,,,,,,,,,,,,,,,,,,,,,,,,,,,,,,,,,,,,,0.0030068831466551825,0.0,,,,,,,,,,,0.0030697840685024276,0.0,,,,,,,,,,,,,,,,,,,,,0.0030160622089169327,0.0,,,0.012072201155076151,0.0,,,,,,,,,,,,,,,,,0.011018330371007265,0.0,,,0.0030824521672911396,0.0,0.003989092292613291,0.0,0.02849586671218271,0.0,,,0.18632117658853528,0.0,0.002877237862380939,0.0,,,,,,,0.10305820933232701,0.0,0.043157184589654174,0.0,,,,,0.011055782703416641,0.0,0.014396077109267871,0.0,,,0.003884133258705076,0.0,,,,,,,,,,,,,,,,,,,,,,,,,,,,,,,,,,,,,,,,,,,,,,,0.015433387481607438,0.0,,,,,,,0.023786581237800364,0.0,0.5259364292025567,0.0,,,,,,,,,,,,,,,,,0.011138395503318493,0.0,,,0,0,20,16
5,region_05,2025-08-02,,,,,,,,,,,,,,,0.0006191950217869474,0.0,,,,,,,,,,,,,,,,,,,,,,,,,,,,,,,,,,,,,,,,,,,,,,,,,,,,,,,,,,,,,,,,,,,,,,,,,,,,,,,,,,,,,,,,,,,,,,,,,,,,,,,,,,,0.0028325466878918694,0.0,,,,,,,,,,,0.00341087118722492,0.0,,,,,,,,,,,,,,,,,,,,,0.003351180232129925,0.0,,,0.011637774653666203,0.0,,,,,,,,,,,,,,,,,0.01023261360824102,0.0,,,0.0029189112829043915,0.0,0.003351180232129925,0.0,0.022104861214756914,0.0,,,0.1696849316358566,0.0,0.0031969309582010434,0.0,,,,,,,0.1054437272250652,0.0,0.04691652394831178,0.0,,,,,0.009712749453527542,0.0,0.0158649098593741,0.0,,,0.0038765797443273443,0.0,,,,,,,,,,,,,,,,,,,,,,,,,,,,,,,,,,,,,,,,,,,,,,,0.013286550684521533,0.0,,,,,,,0.018945328425615967,0.0,0.5587842067082723,0.0,0.0102217318490147,2.0,0.009980063575009433,1.0,,,,,,,,,0.006702360464259925,2.0,,,0.010053540812805226,0.0,0.003351180232129925,2.0,1,3,20,0
5,region_05,2025-08-09,,,,,,,,,,,,,,,0.0006811145239656421,0.0,,,,,,,,,,,,,,,,,,,,,,,,,,,,,,,,,,,,,,,,,,,,,,,,,,,,,,,,,,,,,,,,,,,,,,,,,,,,,,,,,,,,,,,,,,,,,,,,,,,,,,,,,,,0.0026582102291285562,0.0,,,,,,,,,,,,,,,,,,,,,,,,,,,,,,,,,,,,,0.011203348152256255,0.0,,,,,,,,,,,,,,,,,0.009275018676583204,0.0,,,0.002755370398517644,0.0,0.00303099202574225,0.0,0.023306187009438824,0.0,,,0.14881189846034557,0.0,0.003516624054021148,0.0,,,,,,,0.10151489358395335,0.0,0.0436656856909394,0.0,,,,,0.008369716203638442,0.0,0.015521930239628938,0.0,,,0.003869026229949612,0.0,,,,,,,,,,,,,,,,,,,,,,,,,,,,,,,,,,,,,,,,,,,,,,,0.012514498348658223,0.0,,,,,,,0.016064253818642828,0.0,0.5758264362812042,0.0,0.0082062556757591,0.0,0.00900635654397768,0.0,,,,,,,,,0.006790931375386764,0.0,,,0.010989291884470665,0.0,0.005716186395147756,0.0,0,0,22,1
5,region_05,2025-08-16,,,,,,,,,,,,,,,0.0007430340261443368,0.0,,,,,,,,,,,,,,,,,,,,,,,,,,,,,,,,,,,,,,,,,,,,,,,,,,,,,,,,,,,,,,,,,,,,,,,,,,,,,,,,,,,,,,,,,,,,,,,,,,,,,,,,,,,0.002483873770365243,0.0,,,,,,,,,,,,,,,,,,,,,,,,,,,,,,,,,,,,,0.010768921650846305,0.0,,,,,,,,,,,,,,,,,0.008317423744925388,0.0,,,0.0025918295141308958,0.0,0.002710803819354575,0.0,0.02450751280412073,0.0,,,0.12793886528483456,0.0,0.0038363171498412524,0.0,,,,,,,0.0975860599428415,0.0,0.04041484743356701,0.0,,,,,0.007026682953749343,0.0,0.015178950619883775,0.0,,,0.0038614727155718803,0.0,,,,,,,,,,,,,,,,,,,,,,,,,,,,,,,,,,,,,,,,,,,,,,,0.011742446012794915,0.0,,,,,,,0.01318317921166969,0.0,0.5928686658541362,0.0,0.0061907795025035,0.0,0.008032649512945928,0.0,,,,,,,,,0.006879502286513604,0.0,,,0.011925042956136105,0.0,0.008081192558165588,0.0,0,0,22,2
5,region_05,2025-08-23,,,,,,,,,,,,,,,0.0008049535283230316,0.0,,,,,,,,,,,,,,,,,,,,,,,,,,,,,,,,,,,,,,,,,,,,,,,,,,,,,,,,,,,,,,,,,,,,,,,,,,,,,,,,,,,,,,,,,,,,,,,,,,,,,,,,,,,0.0023095373116019296,0.0,,,,,,,,,,,,,,,,,,,,,,,,,,,,,,,,,,,,,0.010334495149436355,0.0,,,,,,,,,,,,,,,,,0.007359828813267573,0.0,,,0.0024282886297441477,0.0,0.0023906156129669,0.0,0.02570883859880264,0.0,,,0.10706583210932352,0.0,0.004156010245661357,0.0,,,,,,,0.09365722630172965,0.0,0.037164009176194626,0.0,,,,,0.005683649703860243,0.0,0.014835971000138611,0.0,,,0.0038539192011941485,0.0,,,,,,,,,,,,,,,,,,,,,,,,,,,,,,,,,,,,,,,,,,,,,,,0.010970393676931606,0.0,,,,,,,0.010302104604696553,0.0,0.6099108954270681,0.0,0.0041753033292479,0.0,0.007058942481914177,0.0,,,,,,,,,0.006968073197640444,0.0,,,0.012860794027801544,0.0,0.01044619872118342,0.0,0,0,22,3
5,region_05,2025-08-30,,,,,,,,,,,,,,,0.0008668730305017262,0.0,,,,,,,,,,,,,,,,,,,,,,,,,,,,,,,,,,,,,,,,,,,,,,,,,,,,,,,,,,,,,,,,,,,,,,,,,,,,,,,,,,,,,,,,,,,,,,,,,,,,,,,,,,,0.0021352008528386164,0.0,,,,,,,,,,,,,,,,,,,,,,,,,,,,,,,,,,,,,0.009900068648026407,0.0,,,,,,,,,,,,,,,,,0.006402233881609757,0.0,,,0.0022647477453574,0.0,0.002070427406579225,0.0,0.02691016439348455,0.0,,,0.0861927989338125,0.0,0.004475703341481461,0.0,,,,,,,0.0897283926606178,0.0,0.03391317091882225,0.0,,,,,0.004340616453971143,0.0,0.01449299138039345,0.0,,,0.0038463656868164163,0.0,,,,,,,,,,,,,,,,,,,,,,,,,,,,,,,,,,,,,,,,,,,,,,,0.010198341341068297,0.0,,,,,,,0.007421029997723414,0.0,0.626953125,0.0,0.0021598271559923,0.0,0.006085235450882425,0.0,,,0.01921680755913255,2.0,,,,,0.007056644108767283,0.0,0.004270401705677267,2.0,0.013796545099466984,0.0,0.012811204884201252,0.0,0,2,22,4
5,region_05,2025-09-06,,,,,,,,,,,,,,,0.000928792532680421,0.0,,,,,,,,,,,,,,,,,,,,,,,,,,,,,,,,,,,,,,,,,,,,,,,,,,,,,,,,,,,,,,,,,,,,,,,,,,,,,,,,,,,,,,,,,,,,,,,,,,,,,,,,,,,,,,,,,,,,,,,,,,,,,,,,,,,,,,,,,,,,,,,,,0.009465642146616458,0.0,,,,,,,,,,,,,,,,,0.006665564202038277,0.0,,,,,0.0019255983119364436,0.0,0.021673734323121568,0.0,,,0.07137483671041467,0.0,0.004795396437301565,0.0,,,,,,,0.08901171870529649,0.0,0.02878987798467274,0.0,,,,,,,0.014305215328931755,0.0,,,0.0038388121724386845,0.0,,,,,,,,,,,,,,,,,,,,,,,,,,,,,,,,,,,,,,,,,,,,,,,0.009426289005204987,0.0,,,,,,,0.006580935239825096,0.0,0.6568860679864883,0.0,0.002849767182487915,0.0,0.008698811157955743,0.0,,,0.020204338245093795,0.0,,,,,0.007529149611946163,0.0,0.004321134544443295,0.0,0.013443341269157773,0.0,0.015945625468157188,0.0,0,0,21,5
5,region_05,2025-09-13,,,,,,,,,,,,,,,0.0009907120348591157,0.0,,,,,,,,,,,,,,,,,,,,,,,,,,,,,,,,,,,,,,,,,,,,,,,,,,,,,,,,,,,,,,,,,,,,,,,,,,,,,,,,,,,,,,,,,,,,,,,,,,,,,,,,,,,,,,,,,,,,,,,,,,,,,,,,,,,,,,,,,,,,,,,,,0.009031215645206508,0.0,,,,,,,,,,,,,,,,,0.006928894522466799,0.0,,,,,0.0017807692172936624,0.0,0.016437304252758585,0.0,,,0.05655687448701682,0.0,0.00511508953312167,0.0,,,,,,,0.08829504474997518,0.0,0.023666585050523235,0.0,,,,,,,0.01411743927747006,0.0,,,0.0038312586580609527,0.0,,,,,,,,,,,,,,,,,,,,,,,,,,,,,,,,,,,,,,,,,,,,,,,0.008654236669341678,0.0,,,,,,,0.005740840481926777,0.0,0.6868190109729767,0.0,0.0035397072089835297,0.0,0.011312386865029063,0.0,,,0.021191868931055034,0.0,,,,,0.008001655115125041,0.0,0.004371867383209323,0.0,0.013090137438848562,0.0,0.019080046052113126,0.0,0,0,21,6
5,region_05,2025-09-20,,,,,,,,,,,,,,,0.0010526315370378105,0.0,,,,,,,,,,,,,,,,,,,,,,,,,,,,,,,,,,,,,,,,,,,,,,,,,,,,,,,,,,,,,,,,,,,,,,,,,,,,,,,,,,,,,,,,,,,,,,,,,,,,,,,,,,,,,,,,,,,,,,,,,,,,,,,,,,,,,,,,,,,,,,,,,0.008596789143796559,0.0,,,,,,,,,,,,,,,,,0.00719222484289532,0.0,,,,,0.0016359401226508812,0.0,0.011200874182395602,0.0,,,0.041738912263618984,0.0,0.0054347826289417745,0.0,,,,,,,0.08757837079465387,0.0,0.018543292116373726,0.0,,,,,,,0.013929663226008363,0.0,,,0.0038237051436832204,0.0,,,,,,,,,,,,,,,,,,,,,,,,,,,,,,,,,,,,,,,,,,,,,,,0.00788218433347837,0.0,,,,,,,0.0049007457240284585,0.0,0.7167519539594651,0.0,0.004229647235479145,0.0,0.013925962572102381,0.0,,,0.022179399617016277,0.0,,,,,0.008474160618303922,0.0,0.004422600221975352,0.0,0.01273693360853935,0.0,0.022214466636069064,0.0,0,0,21,7
5,region_05,2025-09-27,,,,,,,,,,,,,,,0.0011145510392165051,0.0,,,,,,,,,,,,,,,,,,,,,,,,,,,,,,,,,,,,,,,,,,,,,,,,,,,,,,,,,,,,,,,,,,,,,,,,,,,,,,,,,,,,,,,,,,,,,,,,,,,,,,,,,,,,,,,,,,,,,,,,,,,,,,,,,,,,,,,,,,,,,,,,,0.00816236264238661,0.0,,,,,,,,,,,,,,,,,0.0074555551633238406,0.0,,,,,0.0014911110280081,0.0,0.00596444411203262,0.0,,,0.02692095004022114,0.0,0.005754475724761878,0.0,,,,,,,0.08686169683933256,0.0,0.01341999918222422,0.0,,,,,,,0.013741887174546668,0.0,,,0.0038161516293054886,0.0,0.001390820601955,2.0,,,,,,,,,,,,,,,,,,,,,,,,,,,,,,,,,,,,,,,,,,,,,0.0071101319976150604,0.0,,,,,,,0.00406065096613014,0.0,0.7466848969459534,0.0,0.00491958726197476,0.0,0.0165395382791757,0.0,,,0.02316693030297752,0.0,,,,,0.0089466661214828,0.0,0.00447333306074138,0.0,0.01238372977823014,0.0,0.025348887220025002,0.0,0,1,21,8
5,region_05,2025-10-04,,,,,,,,,,,,,,,0.0011764705413952,0.0,,,,,,,,,,,,,,,,,,,,,,,,,,,,,,,,,,,,,,,,,,,,,,,,,,,,,,,,,,,,,,,,,,,,,,,,,,,,,,,,,,,,,,,,,,,,,,,,,,,,,,,,,,,,,,,,,,,,,,,,,,,,,,,,,,,,,,,,,,,,,,,,,0.007727936140976661,0.0,,,,,,,,,,,,,,,,,0.006952403274287118,0.0,,,,,,,0.0068570024566724525,0.0,,,0.02237457414157682,0.0,0.006074168820581983,0.0,,,,,,,0.08247960507869717,0.0,0.017047612625174173,0.0,,,,,,,0.011650588829070288,0.0,,,0.003808598114927757,0.0,0.0024036768299992625,0.0,,,,,,,,,,,,,,,,,,,,,,,,,,,,,,,,,,,,,,,,,,,,,0.007037759246304596,0.0,,,,,,,0.0064273298077750386,0.0,0.7383096799254418,0.0,0.0067775583709589705,0.0,0.017109260661527462,0.0,,,0.026710860431194257,0.0,,,,,0.012332756374962582,0.0,0.005912740109488323,0.0,0.017608907725661947,0.0,0.024101220699958445,0.0,0,0,21,9
5,region_05,2025-10-11,,,,,,,,,,,,,,,0.0012383900435738947,0.0,,,,,,,,,,,,,,,,,,,,,,,,,,,,,,,,,,,,,,,,,,,,,,,,,,,,,,,,,,,,,,,,,,,,,,,,,,,,,,,,,,,,,,,,,,,,,,,,,,,,,,,,,,,,,,,,,,,,,,,,,,,,,,,,,,,,,,,,,,,,,,,,,0.007293509639566712,0.0,,,,,,,,,,,,,,,,,0.006449251385250397,0.0,,,,,,,0.007749560801312286,0.0,,,0.0178281982429325,0.0,0.006393861916402087,0.0,,,,,,,0.07809751331806178,0.0,0.020675226068124122,0.0,,,,,,,0.00955929048359391,0.0,,,0.003801044600550025,0.0,0.003416533058043525,0.0,,,,,,,,,,,,,,,,,,,,,,,,,,,,,,,,,,,,,,,,,,,,,0.00696538649499413,0.0,,,,,,,0.008794008649419937,0.0,0.7299344629049301,0.0,0.00863552947994318,0.0,0.017678983043879222,0.0,,,0.030254790559410997,0.0,,,,,0.015718846628442362,0.0,0.007352147158235265,0.0,0.02283408567309376,0.0,0.02285355417989189,0.0,0,0,21,10
5,region_05,2025-10-18,,,,,,,,,,,,,,,0.0013003095457525893,0.0,,,,,,,,,,,,,,,,,,,,,,,,,,,,,,,,,,,,,,,,,,,,,,,,,,,,,,,,,,,,,,,,,,,,,,,,,,,,,,,,,,,,,,,,,,,,,,,,,,,,,,,,,,,,,,,,,,,,,,,,,,,,,,,,,,,,,,,,,,,,,,,,,0.006859083138156763,0.0,,,,,,,,,,,,,,,,,0.005946099496213676,0.0,,,,,,,0.008642119145952119,0.0,,,0.01328182234428818,0.0,0.0067135550122221915,0.0,,,,,,,0.07371542155742639,0.0,0.02430283951107407,0.0,,,,,,,0.00746799213811753,0.0,,,0.003793491086172293,0.0,0.004429389286087788,0.0,,,,,,,,,,,,,,,,,,,,,,,,,,,,,,,,,,,,,,,,,,,,,0.006893013743683665,0.0,,,,,,,0.011160687491064835,0.0,0.7215592458844184,0.0,0.01049350058892739,0.0,0.018248705426230985,0.0,,,0.03379872068762774,0.0,,,,,0.019104936881922146,0.0,0.008791554206982207,0.0,0.028059263620525566,0.0,0.021605887659825334,0.0,0,0,21,11
5,region_05,2025-10-25,,,,,,,,,,,,,,,0.0013622290479312841,0.0,,,,,,,,,,,,,,,,,,,,,,,,,,,,,,,,,,,,,,,,,,,,,,,,,,,,,,,,,,,,,,,,,,,,,,,,,,,,,,,,,,,,,,,,,,,,,,,,,,,,,,,,,,,,,,,,,,,,,,,,,,,,,,,,,,,,,,,,,,,,,,,,,0.006424656636746814,0.0,,,,,,,,,,,,,,,,,0.005442947607176954,0.0,,,,,,,0.00953467749059195,0.0,,,0.00873544644564386,0.0,0.007033248108042296,0.0,,,,,,,0.069333329796791,0.0,0.027930452954024024,0.0,,,,,,,0.00537669379264115,0.0,,,0.003785937571794561,0.0,0.0054422455141320495,0.0,,,,,,,,,,,,,,,,,,,,,,,,,,,,,,,,,,,,,,,,,,,,,0.0068206409923732,0.0,,,,,,,0.013527366332709734,0.0,0.7131840288639069,0.0,0.012351471697911601,0.0,0.018818427808582748,0.0,,,0.03734265081584447,0.0,,,,,0.022491027135401926,0.0,0.01023096125572915,0.0,0.033284441567957374,0.0,0.020358221139758777,0.0,0,0,21,12
5,region_05,2025-11-01,,,,,,,,,,,,,,,0.001424148550109979,0.0,,,,,,,,,,,,,,,,,,,,,,,,,,,,,,,,,,,,,,,,,,,,,,,,,,,,,,,,,,,,,,,,,,,,,,,,,,,,,,,,,,,,,,,,,,,,,,,,,,,,,,,,,,,,,,,,,,,,,,,,,,,,,,,,,,,,,,,,,,,,,,,,,0.005990230135336865,0.0,,,,,,,,,,,,,,,,,0.004939795718140232,0.0,,,,,,,0.00806593599554612,0.0,,,0.007466512711835051,0.0,0.0073529412038624,0.0,,,,,,,0.06740418472327285,0.0,0.022777695470722337,0.0,,,,,,,0.009178030227000495,0.0,,,0.003778384057416829,0.0,0.006455101742176312,0.0,,,,,,,,,,,,,,,,,,,,,,,,,,,,,,,,,,,,,,,,,,,,,,,,,,,,,0.011057925507581433,0.0,0.7034006863832474,0.0,0.020133169193286428,0.0,0.02649493274899816,0.0,,,0.04336413927376264,0.0,,,,,0.02488075825385746,0.0,0.015455081476829901,0.0,0.028533237695228267,0.0,0.016317063861060837,0.0,0,0,20,13
5,region_05,2025-11-08,,,,,,,,,,,,,,,0.0014860680522886735,0.0,,,,,,,,,,,,,,,,,,,,,,,,,,,,,,,,,,,,,,,,,,,,,,,,,,,,,,,,,,,,,,,,,,,,,,,,,,,,,,,,,,,,,,,,,,,,,,,,,,,,,,,,,,,,,,,,,,,,,,,,,,,,,,,,,,,,,,,,,,,,,,,,,0.005555803633926916,0.0,,,,,,,,,,,,,,,,,0.00443664382910351,0.0,,,,,,,0.006597194500500288,0.0,,,0.006197578978026242,0.0,0.007672634299682505,0.0,,,,,,,0.0654750396497547,0.0,0.01762493798742065,0.0,,,,,,,0.012979366661359841,0.0,,,0.003770830543039097,0.0,0.007467957970220575,0.0,,,,,,,,,,,,,,,,,,,,,,,,,,,,,,,,,,,,,,,,,,,,,,,,,,,,,0.008588484682453133,0.0,0.6936173439025879,0.0,0.02791486668866125,0.0,0.034171437689413574,0.0,,,0.049385627731680815,0.0,,,,,0.027270489372312988,0.0,0.020679201697930652,0.0,0.02378203382249916,0.0,0.012275906582362899,0.0,0,0,20,14
5,region_05,2025-11-15,,,,,,,,,,,,,,,0.0015479875544673683,0.0,,,,,,,,,,,,,,,,,,,,,,,,,,,,,,,,,,,,,,,,,,,,,,,,,,,,,,,,,,,,,,,,,,,,,,,,,,,,,,,,,,,,,,,,,,,,,,,,,,,,,,,,,,,,,,,,,,,,,,,,,,,,,,,,,,,,,,,,,,,,,,,,,0.005121377132516967,0.0,,,,,,,,,,,,,,,,,0.003933491940066789,0.0,,,,,,,0.005128453005454456,0.0,,,0.004928645244217433,0.0,0.007992327395502609,0.0,,,,,,,0.06354589457623655,0.0,0.012472180504118961,0.0,,,,,,,0.016780703095719187,0.0,,,0.003763277028661365,0.0,0.008480814198264837,0.0,,,,,,,,,,,,,,,,,,,,,,,,,,,,,,,,,,,,,,,,,,,,,,,,,,,,,0.006119043857324834,0.0,0.6838340014219284,0.0,0.03569656418403608,0.0,0.04184794262982899,0.0,,,0.05540711618959898,0.0,,,,,0.02966022049076852,0.0,0.0259033219190314,0.0,0.019030829949770057,0.0,0.00823474930366496,0.0,0,0,20,15
5,region_05,2025-11-22,,,,,,,,,,,,,,,0.001609907056646063,0.0,,,,,,,,,,,,,,,,,,,,,,,,,,,,,,,,,,,,,,,,,,,,,,,,,,,,,,,,,,,,,,,,,,,,,,,,,,,,,,,,,,,,,,,,,,,,,,,,,,,,,,,,,,,,,,,,,,,,,,,,,,,,,,,,,,,,,,,,,,,,,,,,,0.004686950631107018,0.0,,,,,,,,,,,,,,,,,0.0034303400510300665,0.0,,,,,,,0.003659711510408625,0.0,,,0.003659711510408625,0.0,0.008312020491322713,0.0,,,,,,,0.0616167495027184,0.0,0.007319423020817275,0.0,,,,,,,0.020582039530078533,0.0,,,0.0037557235142836333,0.0,0.0094936704263091,0.0,,,,,,,,,,,,,,,,,,,,,,,,,,,,,,,,,,,,,,,,,,,,,,,,,,,,,0.003649603032196533,0.0,0.6740506589412689,0.0,0.0434782616794109,0.0,0.0495244475702444,0.0,0.0063291140832006,2.0,0.06142860464751715,0.0,0.00818326137959955,2.0,,,0.03204995160922405,0.0,0.03112744214013215,0.0,0.01427962607704095,0.0,0.00419359202496702,0.0,0,2,20,16
5,region_05,2025-11-29,,,,,,,,,,,,,,,0.001671826558824758,0.0,,,,,,,,,,,,,,,,,,,,,,,,,,,,,,,,,,,,,,,,,,,,,,,,,,,,,,,,,,,,,,,,,,,,,,,,,,,,,,,,,,,,,,,,,,,,,,,,,,,,,,,,,,,,,,,,,,,,,,,,,,,,,,,,,,,,,,,,,,,,,,,,,0.004252524129697069,0.0,,,,,,,,,,,,,,,,,0.0032538672870335,0.0,,,,,,,0.0037366428150562127,0.0,,,0.0035074472737808564,0.0,0.008631713587142818,0.0,,,,,,,0.06121917930431659,0.0,,,,,,,,,0.016990112897474274,0.0,,,0.003748169999905901,0.0,0.009836041795400267,0.0,,,,,,,,,,,,,,,,,,,,,,,,,,,,,,,,,,,,,,,,,,,,,,,,,,,,,0.003880656401937173,0.0,0.6356926336884499,0.0,0.04005115162969253,0.0,0.0603392114862799,0.0,0.007164642214774994,0.0,0.07445859769359225,0.0,0.01126344028549888,0.0,,,0.03762348132052767,0.0,0.03704079298768189,0.0,0.02038715482922264,0.0,0.007674314477480897,0.0,0,0,21,17
5,region_05,2025-12-06,,,,,,,,,,,,,,,0.0017337460610034525,0.0,,,,,,,,,,,,,,,,,,,,,,,,,,,,,,,,,,,,,,,,,,,,,,,,,,,,,,,,,,,,,,,,,,,,,,,,,,,,,,,,,,,,,,,,,,,,,,,,,,,,,,,,,,,,,,,,,,,,,,,,,,,,,,,,,,,,,,,,,,,,,,,,,0.0038180976282871197,0.0,,,,,,,,,,,,,,,,,0.003077394523036933,0.0,,,,,,,0.0038135741197038,0.0,,,0.0033551830371530873,0.0,0.008951406682962923,0.0,,,,,,,0.06082160910591479,0.0,,,,,,,,,0.013398186264870016,0.0,,,0.0037406164855281693,0.0,0.010178413164491433,0.0,,,,,,,,,,,,,,,,,,,,,,,,,,,,,,,,,,,,,,,,,,,,,,,,,,,,,0.004111709771677813,0.0,0.5973346084356308,0.0,0.03662404157997415,0.0,0.0711539754023154,0.0,0.008000170346349388,0.0,0.08748859073966737,0.0,0.014343619191398208,0.0,,,0.04319701103183128,0.0,0.04295414383523163,0.0,0.026494683581404326,0.0,0.011155036929994772,0.0,0,0,21,18
5,region_05,2025-12-13,,,,,,,,,,,,,,,0.0017956655631821473,0.0,,,,,,,,,,,,,,,,,,,,,,,,,,,,,,,,,,,,,,,,,,,,,,,,,,,,,,,,,,,,,,,,,,,,,,,,,,,,,,,,,,,,,,,,,,,,,,,,,,,,,,,,,,,,,,,,,,,,,,,,,,,,,,,,,,,,,,,,,,,,,,,,,0.0033836711268771706,0.0,,,,,,,,,,,,,,,,,0.0029009217590403665,0.0,,,,,,,0.0038905054243513876,0.0,,,0.0032029188005253187,0.0,0.009271099778783027,0.0,,,,,,,0.06042403890751298,0.0,,,,,,,,,0.009806259632265758,0.0,,,0.0037330629711504375,0.0,0.0105207845335826,0.0,,,,,,,,,,,,,,,,,,,,,,,,,,,,,,,,,,,,,,,,,,,,,,,,,,,,,0.004342763141418452,0.0,0.5589765831828117,0.0,0.033196931530255776,0.0,0.0819687393183509,0.0,0.008835698477923782,0.0,0.1005185837857425,0.0,0.017423798097297535,0.0,,,0.04877054074313489,0.0,0.048867494682781364,0.0,0.03260221233358602,0.0,0.01463575938250865,0.0,0,0,21,19
5,region_05,2025-12-20,,,,,,,,,,,,,,,0.001857585065360842,0.0,,,,,,,,,,,,,,,,,,,,,,,,,,,,,,,,,,,,,,,,,,,,,,,,,,,,,,,,,,,,,,,,,,,,,,,,,,,,,,,,,,,,,,,,,,,,,,,,,,,,,,,,,,,,,,,,,,,,,,,,,,,,,,,,,,,,,,,,,,,,,,,,,0.0029492446254672216,0.0,,,,,,,,,,,,,,,,,0.0027244489950438,0.0,,,,,,,0.003967436728998975,0.0,,,0.00305065456389755,0.0,0.00959079287460313,0.0,,,,,,,0.06002646870911117,0.0,,,,,,,,,0.0062143329996615,0.0,,,0.0037255094567727053,0.0,0.010863155902673767,0.0,0.0025773195084184,2.0,,,,,,,,,,,,,,,,,,,,,,,,,,,,,,,,,,,,,,,,,,,,,,,,,,,0.004573816511159092,0.0,0.5206185579299927,0.0,0.029769821480537396,0.0,0.0927835032343864,0.0,0.009671226609498176,0.0,0.1135485768318176,0.0,0.020503977003196866,0.0,0.0025839793961495,2.0,0.0543440704544385,0.0,0.0547808455303311,0.0,0.038709741085767704,0.0,0.018116481835022527,0.0,0,2,21,20
5,region_05,2025-12-27,,,,,,,,,,,,,,,0.0019195045675395367,0.0,,,,,,,,,,,,,,,,,,,,,,,,,,,,,,,,,,,,,,,,,,,,,,,,,,,,,,,,,,,,,,,,,,,,,,,,,,,,,,,,,,,,,,,,,,,,,,,,,,,,,,,,,,,,,,,,,,,,,,,,,,,,,,,,,,,,,,,,,,,,,,,,,0.0025148181240572725,0.0,,,,,,,,,,,,,,,,,0.003878033036016825,0.0,,,,,,,0.0040443680336465625,0.0,,,0.0028983903272697814,0.0,0.009910485970423235,0.0,,,,,,,0.05645879148505624,0.0,,,,,,,,,0.008907034469302674,0.0,,,0.0037179559423949735,0.0,0.011205527271764933,0.0,0.003935041779186538,0.0,,,,,,,,,,,,,,,,,,,,,,,,,,,,,,,,,,,,,,,,,,,,,,,,,,,0.0048048698808997314,0.0,0.49725671112537384,0.0,0.026342711430819024,0.0,0.10625799838453527,0.0,0.01050675474107257,0.0,0.10926473420113322,0.0,0.017244019021745757,0.0,0.0030678382609039333,0.0,0.05694701336324213,0.0,0.050332310376688796,0.0,0.04615375120192762,0.0,0.0219724642229266,0.0,0,0,23,21
5,region_05,2026-01-03,,,,,,,,,,,,,,,0.0019814240697182315,0.0,,,,,,,,,,,,,,,,,,,,,,,,,,,,,,,,,,,,,,,,,,,,,,,,,,,,,,,,,,,,,,,,,,,,,,,,,,,,,,,,,,,,,,,,,,,,,,,,,,,,,,,,,,,,,,,,,,,,,,,,,,,,,,,,,,,,,,,,,,,,,,,,,0.0020803916226473235,0.0,,,,,,,,,,,,,,,,,0.00503161707698985,0.0,,,,,,,0.00412129933829415,0.0,,,0.0027461260906420128,0.0,0.01023017906624334,0.0,,,,,,,0.05289111426100131,0.0,,,,,,,,,0.01159973593894385,0.0,,,0.0037104024280172417,0.0,0.0115478986408561,0.0,0.005292764049954674,0.0,,,,,,,,,,,,,,,,,,,,,,,,,,,,,,,,,,,,,,,,,,,,,,,,,,,0.005035923250640371,0.0,0.473894864320755,0.0,0.02291560138110065,0.0,0.11973249353468413,0.0,0.011342282872646962,0.0,0.10498089157044885,0.0,0.013984061040294645,0.0,0.003551697125658367,0.0,0.05954995627204575,0.0,0.045883775223046486,0.0,0.05359776131808753,0.0,0.025828446610830676,0.0,0,0,23,22
5,region_05,2026-01-10,,,,,,,,,,,,,,,0.002043343571896926,0.0,,,,,,,,,,,,,,,,,,,,,,,,,,,,,,,,,,,,,,,,,,,,,,,,,,,,,,,,,,,,,,,,,,,,,,,,,,,,,,,,,,,,,,,,,,,,,,,,,,,,,,,,,,,,,,,,,,,,,,,,,,,,,,,,,,,,,,,,,,,,,,,,,0.0016459651212373744,0.0,,,,,,,,,,,,,,,,,0.006185201117962875,0.0,,,,,,,0.004198230642941738,0.0,,,0.0025938618540142437,0.0,0.010549872162063444,0.0,,,,,,,0.04932343703694638,0.0,,,,,,,,,0.014292437408585025,0.0,,,0.00370284891363951,0.0,0.011890270009947267,0.0,0.006650486320722812,0.0,,,,,,,,,,,,,,,,,,,,,,,,,,,,,,,,,,,,,,,,,,,,,,,,,,,0.005266976620381011,0.0,0.4505330175161361,0.0,0.019488491331382272,0.0,0.133206988684833,0.0,0.012177811004221356,0.0,0.10069704893976446,0.0,0.010724103058843535,0.0,0.0040355559904128,0.0,0.062152899180849375,0.0,0.04143524006940418,0.0,0.06104177143424744,0.0,0.02968442899873475,0.0,0,0,23,23
5,region_05,2026-01-17,,,,,,,,,,,,,,,0.002105263074075621,0.0,,,,,,,,,,,,,,,,,,,,,,,,,,,,,,,,,,,,,,,,,,,,,,,,,,,,,,,,,,,,,,,,,,,,,,,,,,,,,,,,,,,,,,,,,,,,,,,,,,,,,,,,,,,,,,,,,,,,,,,,,,,,,,,,,,,,,,,,,,,,,,,,,0.001211538619827425,0.0,,,,,,,,,,,,,,,,,0.0073387851589359,0.0,,,,,,,0.004275161947589325,0.0,,,0.002441597617386475,0.0,0.010869565257883549,0.0,,,,,,,0.04575575981289145,0.0,,,,,,,,,0.0169851388782262,0.0,,,0.0036952953992617776,0.0,0.012232641379038433,0.0,0.00800820859149095,0.0,,,,,,,,,,,,,,,,,,,,,,,,,,,,,,,,,,,,,,,,,,,,,,,,,,,0.00549802999012165,0.0,0.4271711707115173,0.0,0.016061381281663897,0.0,0.14668148383498186,0.0,0.01301333913579575,0.0,0.09641320630908008,0.0,0.007464145077392425,0.0,0.004519414855167233,0.0,0.064755842089653,0.0,0.03698670491576188,0.0,0.06848578155040735,0.0,0.033540411386638824,0.0,0,0,23,24
5,region_05,2026-01-24,,,,,,,,,,,,,,,0.0021671825762543157,0.0,,,,,,,,,,,,,,,,,,,,,,,,,,,,,,,,,,,,,,,,,,,,,,,,,,,,,,,,,,,,,,,,,,,,,,,,,,,,,,,,,,,,,,,,,,,,,,,,,,,,,,,,,,,,,,,,,,,,,,,,,,,,,,,,,,,,,,,,,,,,,,,,,0.0014389845964614717,0.0,,,,,,,,,,,,,,,,,0.009774524645763408,0.0,,,,,,,0.004209375198115544,0.0,,,0.0022893333807587064,0.0,0.011189258353703652,0.0,,,,,,,0.04853055975399908,0.0,,,,,,,,,0.016358712300037267,0.0,,,0.003687741884884046,0.0,0.016304852285732776,0.0,0.0069224267790559246,0.0,,,,,,,,,,,,,,,,,,,,,,,,,,,,,,,,,,,,,,,,,,,,,,,,,,,0.0061936518080376625,0.0,0.39759963254133857,0.0,0.01263427123194552,0.0,0.15680437255650753,0.0,0.016173896729014738,0.0,0.1023439631486932,0.0,0.011223974540674402,0.0,0.00456603168277065,0.0,0.06358754696945347,0.0,0.034714052298416634,0.0,0.06774043105542654,0.0,0.03383540862705554,0.0,0,0,23,25
5,region_05,2026-01-31,,,,,,,,,,,,,,,0.0022291020784330103,0.0,,,,,,,,,,,,,,,,,,,,,,,,,,,,,,,,,,,,,,,,,,,,,,,,,,,,,,,,,,,,,,,,,,,,,,,,,,,,,,,,,,,,,,,,,,,,,,,,,,,,,,,,,,,,,,,,,,,,,,,,,,,,,,,,,,,,,,,,,,,,,,,,,0.0016664305730955185,0.0,,,,,,,,,,,,,,,,,0.012210264132590918,0.0,,,,,,,0.004143588448641763,0.0,,,0.0021370691441309373,0.0,0.011508951449523757,0.0,,,,,,,0.05130535969510671,0.0,,,,,,,,,0.015732285721848333,0.0,,,0.003680188370506314,0.0,0.020377063192427117,0.0,0.0058366449666209,0.0,,,,,,,,,,,,,,,,,,,,,,,,,,,,,,,,,,,,,,,,,,,,,,,,,,,0.006889273625953676,0.0,0.36802809437115985,0.0,0.009207161182227145,0.0,0.16692726127803323,0.0,0.019334454322233723,0.0,0.10827471998830632,0.0,0.01498380400395638,0.0,0.004612648510374066,0.0,0.062419251849253954,0.0,0.03244139968107139,0.0,0.06699508056044574,0.0,0.03413040586747225,0.0,0,0,23,26
5,region_05,2026-02-07,,,,,,,,,,,,,,,0.0022910215806117053,0.0,,,,,,,,,,,,,,,,,,,,,,,,,,,,,,,,,,,,,,,,,,,,,,,,,,,,,,,,,,,,,,,,,,,,,,,,,,,,,,,,,,,,,,,,,,,,,,,,,,,,,,,,,,,,,,,,,,,,,,,,,,,,,,,,,,,,,,,,,,,,,,,,,0.0018938765497295655,0.0,,,,,,,,,,,,,,,,,0.014646003619418427,0.0,,,,,,,0.004077801699167981,0.0,,,0.0019848049075031687,0.0,0.011828644545343861,0.0,,,,,,,0.05408015963621434,0.0,,,,,,,,,0.015105859143659401,0.0,,,0.003672634856128582,0.0,0.02444927409912146,0.0,0.004750863154185875,0.0,,,,,,,,,,,,,,,,,,,,,,,,,,,,,,,,,,,,,,,,,,,,,,,,,,,0.007584895443869688,0.0,0.33845655620098114,0.0,0.005780051132508771,0.0,0.17705014999955893,0.0,0.022495011915452712,0.0,0.11420547682791944,0.0,0.018743633467238355,0.0,0.004659265337977484,0.0,0.06125095672905442,0.0,0.030168747063726145,0.0,0.06624973006546495,0.0,0.034425403107888955,0.0,0,0,23,27
5,region_05,2026-02-14,,,,,,,,,,,,,,,0.0023529410827904,0.0,,,,,,,,,,,,,,,,,,,,,,,,,,,,,,,,,,,,,,,,,,,,,,,,,,,0.0053667263127863,2.0,,,,,,,,,,,,,,,,,,,,,,,,,,,,,,,,,,,,,,,,,,,,,,,,,,,,,,,,,,,,,,,,,,,,,,,,,,,,,,,,,,,,,,,,,,,,,0.0021213225263636126,0.0,,,,,,,,,,,,,,,,,0.017081743106245936,0.0,,,,,,,0.0040120149496942,0.0,,,0.0018325406708754,0.0,0.012148337641163966,0.0,,,,,,,0.05685495957732197,0.0,,,,,,,,,0.014479432565470468,0.0,,,0.00366508134175085,0.0,0.028521485005815802,0.0,0.00366508134175085,0.0,,,,,,,,,,,,,,,,,,,,,,,,,,,,,,,,,,,,,,,,,,,,,,,,,,,0.0082805172617857,0.0,0.3088850180308024,0.0,0.0023529410827904,0.0,0.1871730387210846,0.0,0.025655569508671698,0.0,0.12013623366753257,0.0,0.022503462930520333,0.0,0.0047058821655809,0.0,0.0600826616088549,0.0,0.0278960944463809,0.0,0.06550437957048413,0.0,0.03472040034830567,0.0,0,1,23,28
5,region_05,2026-02-21,,,,,,,,,,,,,,,,,,,,,,,,,,,,,,,,,,,,,,,,,,,,,,,,,,,,,,,,,,,,,,,,,,,0.005244556930847425,0.0,,,,,,,,,,,,,,,,,,,,,,,,,,,,,,,,,,,,,,,,,,,,,,,,,,,,,,,,,,,,,,,,,,,,,,,,,,,,,,,,,,,,,,,,,,,,,0.0023487685029976594,0.0,,,,,,,,,,,,,,,,,0.01842945860698814,0.0,,,,,,,,,,,,,0.01246803073698407,0.0,,,,,,,0.051595355384051765,0.0,,,,,,,,,0.01980487327091389,0.0,,,0.0038114656636025123,0.0,0.028977716807275976,0.0,0.0033585671044419874,0.0,,,,,,,,,,,,,,,,,,,,,,,,,,,,,,,,,,,,,,,,,,,,,,,,,,,,,0.2896038480103016,0.0,,,0.21500862017273903,0.0,0.0240932148881256,0.0,0.11634598858654495,0.0,0.01915092702256511,0.0,0.004139167722314525,0.0,0.06646310910582538,0.0,0.0225944815902039,0.0,0.06505043013021347,0.0,0.033174004638567525,0.0,0,0,19,29
5,region_05,2026-02-28,,,,,,,,,,,,,,,,,,,,,,,,,,,,,,,,,,,,,,,,,,,,,,,,,,,,,,,,,,,,,,,,,,,0.00512238754890855,0.0,,,,,,,,,,,,,,,,,,,,,,,,,,,,,,,,,,,,,,,,,,,,,,,,,,,,,,,,,,,,,,,,,,,,,,,,,,,,,,,,,,,,,,,,,,,,,0.002576214479631706,0.0,,,,,,,,,,,,,,,,,0.01977717410773034,0.0,,,,,,,,,,,,,0.012787723832804174,0.0,,,,,,,0.046335751190781566,0.0,,,,,,,,,0.02513031397635731,0.0,,,0.003957849985454175,0.0,0.029433948608736153,0.0,0.0030520528671331253,0.0,,,,,,,,,,,,,,,,,,,,,,,,,,,,,,,,,,,,,,,,,,,,,,,,,,,,,0.27032267798980075,0.0,,,0.24284420162439346,0.0,0.0225308602675795,0.0,0.11255574350555733,0.0,0.015798391114609893,0.0,0.00357245327904815,0.0,0.07284355660279587,0.0,0.0172928687340269,0.0,0.06459648068994281,0.0,0.03162760892882938,0.0,0,0,19,30
5,region_05,2026-03-07,,,,,,,,,,,,,,,,,,,,,,,,,,,,,,,,,,,,,,,,,,,,,,,,,,,,,,,,,,,,,,,,,,,0.005000218166969675,0.0,,,,,,,,,,,,,,,,,,,,,,,,,,,,,,,,,,,,,,,,,,,,,,,,,,,,,,,,,,,,,,,,,,,,,,,,,,,,,,,,,,,,,,,,,,,,,0.002803660456265753,0.0,,,,,,,,,,,,,,,,,0.021124889608472544,0.0,,,,,,,,,,,,,0.013107416928624278,0.0,,,,,,,0.04107614699751136,0.0,,,,,,,,,0.030455754681800732,0.0,,,0.004104234307305837,0.0,0.029890180410196327,0.0,0.0027455386298242627,0.0,,,,,,,,,,,,,,,,,,,,,,,,,,,,,,,,,,,,,,,,,,,,,,,,,,,,,0.2510415079692999,0.0,,,0.2706797830760479,0.0,0.0209685056470334,0.0,0.10876549842456971,0.0,0.012445855206654671,0.0,0.0030057388357817754,0.0,0.07922400409976636,0.0,0.011991255877849901,0.0,0.06414253124967216,0.0,0.03008121321909124,0.0,0,0,19,31
5,region_05,2026-03-14,,,,,,,,,,,,,,,,,,,,,,,,,,,,,,,,,,,,,,,,,,,,,,,,,,,,,,,,,,,,,,,,,,,0.0048780487850308,0.0,,,,,,,,,,,,,,,,,,,,,,,,,,,,,,,,,,,,,,,,,,,,,,,,,,,,,,,,,,,,,,,,,,,,,,,,,,,,,,,,,,,,,,,,,,,,,0.0030311064328997998,0.0,,,,,,,,,,,,,,,,,0.022472605109214748,0.0,,,,,,,,,,,,,0.013427110024444383,0.0,,,,,,,0.03581654280424115,0.0,,,,,,,,,0.035781195387244155,0.0,,,0.0042506186291575,0.0,0.0303464122116565,0.0,0.0024390243925154,0.0,,,,,,,,,,,,,,,,,,,,,,,,,,,,,,,,,,,,,,,,,,,,,,,,,,,,,0.23176033794879908,0.0,,,0.29851536452770233,0.0,0.019406151026487302,0.0,0.1049752533435821,0.0,0.00909331929869945,0.0,0.0024390243925154,0.0,0.08560445159673685,0.0,0.0066896430216729,0.0,0.0636885818094015,0.0,0.0285348175093531,0.0,0,0,19,32
5,region_05,2026-03-21,,,,,,,,,,,,,,,,,,,,,,,,,,,,,,,,,,,,,,,,,,,,,,,,,,,,,,,,,,,,,,,,,,,0.0128497134428471,0.0,,,,,,,,,,,,,,,,,,,,,,,,,,,,,,,,,,,,,,,,,,,,,,,,,,,,,,,,,,,,,,,,,,,,,,,,,,,,,,,,,,,,,,,,,,,,,,,,,,,,,,,,,,,,,,,0.024207395035773488,0.0,,,,,,,,,,,,,0.013746803120264488,0.0,,,,,,,0.061788877472281414,0.0,,,,,,,,,0.036027073394507114,0.0,,,,,0.031950986012816374,0.0,0.0036675035953521503,0.0,,,,,,,,,,,,,,,,,,,,,,,,,,,,,,,,,,,,,,,,,,,,,,,,,,,,,0.21426143124699587,0.0,,,0.28638652339577675,0.0,0.02558402530848975,0.0,0.08976085204631085,0.0,0.016011166328098587,0.0,,,0.08258569240570064,0.0,0.006855467567220275,0.0,0.05695761321112512,0.0,0.0324305251706391,0.0,0,0,16,33
5,region_05,2026-03-28,,,,,,,,,,,,,,,,,,,,,,,,,,,,,,,,,,,,,,,,,,,,,,,,,,,,,,,,,,,,,,,,,,,0.0208213781006634,0.0,,,,,,,,,,,,,,,,,,,,,,,,,,,,,,,,,,,,,,,,,,,,,,,,,,,,,,,,,,,,,,,,,,,,,,,,,,,,,,,,,,,,,,,,,,,,,,,,,,,,,,,,,,,,,,,0.025942184962332224,0.0,,,,,,,,,,,,,0.014066496216084592,0.0,,,,,,,0.08776121214032168,0.0,,,,,,,,,0.03627295140177007,0.0,,,,,0.033555559813976246,0.0,0.0048959827981889005,0.0,,,,,,,,,,,,,,,,,,,,,,,,,,,,,,,,,,,,,,,,,,,,,,,,,,,,,0.1967625245451927,0.0,,,0.27425768226385117,0.0,0.0317618995904922,0.0,0.0745464507490396,0.0,0.022929013357497724,0.0,,,0.07956693321466443,0.0,0.0070212921127676495,0.0,0.050226644612848745,0.0,0.0363262328319251,0.0,0,0,16,34
5,region_05,2026-04-04,,,,,,,,,,,,,,,,,,,,,,,,,,,,,,,,,,,,,,,,,,,,,,,,,,,,,,,,,,,,,,,,,,,0.0287930427584797,0.0,,,,,,,,,,,,,,,,,,,,,,,,,,,,,,,,,,,,,,,,,,,,,,,,,,,,,,,,,,,,,,,,,,,,,,,,,,,,,,,,,,,,,,,,,,,,,,,,,,,,,,,,,,,,,,,0.02767697488889096,0.0,,,,,,,,,,,,,0.014386189311904697,0.0,,,,,,,0.11373354680836194,0.0,,,,,,,,,0.03651882940903304,0.0,,,,,0.035160133615136126,0.0,0.00612446200102565,0.0,,,,,,,,,,,,,,,,,,,,,,,,,,,,,,,,,,,,,,,,,,,,,,,,,,,,,0.1792636178433895,0.0,,,0.2621288411319256,0.0,0.03793977387249465,0.0,0.05933204945176835,0.0,0.02984686038689686,0.0,,,0.07654817402362821,0.0,0.007187116658315025,0.0,0.043495676014572375,0.0,0.040221940493211095,0.0,0,0,16,35
5,region_05,2026-04-11,,,,,,,,,,,,,,,,,,,,,,,,,,,,,,,,,,,,,,,,,,,,,,,,,,,,,,,,,,,,,,,,,,,0.036764707416296,0.0,,,,,,,,,,,,,,,,,,,,,,,,,,,,,,,,,,,,,,,,,,,,,,,,,,,,,,,,,,,,,,,,,,,,,,,,,,,,,,,,,,,,,,,,,,,,,,,,,,,,,,,,,,,,,,,0.0294117648154497,0.0,,,,,,,,,,,,,0.0147058824077248,0.0,,,,,,,0.1397058814764022,0.0,,,,,,,,,0.036764707416296,0.0,,,,,0.036764707416296,0.0,0.0073529412038624,0.0,,,,,,,,,,,,,,,,,,,,,,,,,,,,,,,,,,,,,,,,,,,,,,,,,,,,,0.1617647111415863,0.0,,,0.25,0.0,0.0441176481544971,0.0,0.0441176481544971,0.0,0.036764707416296,0.0,,,0.073529414832592,0.0,0.0073529412038624,0.0,0.036764707416296,0.0,0.0441176481544971,0.0,0,0,16,36
