usa_or_hhsregion,region,Date,A.2.5_share,A.2.5_marker,AY.1_share,AY.1_marker,AY.2_share,AY.2_marker,AY.3_share,AY.3_marker,B.1_share,B.1_marker,B.1.1_share,B.1.1_marker,B.1.1.519_share,B.1.1.519_marker,B.1.1.529_share,B.1.1.529_marker,B.1.1.7_share,B.1.1.7_marker,B.1.2_share,B.1.2_marker,B.1.351_share,B.1.351_marker,B.1.427_share,B.1.427_marker,B.1.429_share,B.1.429_marker,B.1.525_share,B.1.525_marker,B.1.526_share,B.1.526_marker,B.1.526.1_share,B.1.526.1_marker,B.1.526.2_share,B.1.526.2_marker,B.1.596_share,B.1.596_marker,B.1.617_share,B.1.617_marker,B.1.617.1_share,B.1.617.1_marker,B.1.617.2_share,B.1.617.2_marker,B.1.617.3_share,B.1.617.3_marker,B.1.621_share,B.1.621_marker,B.1.621.1_share,B.1.621.1_marker,B.1.626_share,B.1.626_marker,B.1.628_share,B.1.628_marker,B.1.637_share,B.1.637_marker,BA.1.1_share,BA.1.1_marker,BA.2_share,BA.2_marker,BA.2.12.1_share,BA.2.12.1_marker,BA.2.75_share,BA.2.75_marker,BA.2.75.2_share,BA.2.75.2_marker,BA.2.86_share,BA.2.86_marker,BA.3.2_share,BA.3.2_marker,BA.4_share,BA.4_marker,BA.4.6_share,BA.4.6_marker,BA.5_share,BA.5_marker,BA.5.2.6_share,BA.5.2.6_marker,BF.11_share,BF.11_marker,BF.7_share,BF.7_marker,BN.1_share,BN.1_marker,BQ.1_share,BQ.1_marker,BQ.1.1_share,BQ.1.1_marker,CH.1.1_share,CH.1.1_marker,EG.5_share,EG.5_marker,EG.5.1.8_share,EG.5.1.8_marker,EG.6.1_share,EG.6.1_marker,EU.1.1_share,EU.1.1_marker,FD.1.1_share,FD.1.1_marker,FD.2_share,FD.2_marker,FE.1.1_share,FE.1.1_marker,FL.1.5.1_share,FL.1.5.1_marker,GE.1_share,GE.1_marker,GK.1.1_share,GK.1.1_marker,GK.2_share,GK.2_marker,HF.1_share,HF.1_marker,HK.3_share,HK.3_marker,HV.1_share,HV.1_marker,JD.1.1_share,JD.1.1_marker,JF.1_share,JF.1_marker,JG.3_share,JG.3_marker,JN.1_share,JN.1_marker,JN.1.11.1_share,JN.1.11.1_marker,JN.1.13_share,JN.1.13_marker,JN.1.13.1_share,JN.1.13.1_marker,JN.1.16_share,JN.1.16_marker,JN.1.16.1_share,JN.1.16.1_marker,JN.1.18_share,JN.1.18_marker,JN.1.18.6_share,JN.1.18.6_marker,JN.1.32_share,JN.1.32_marker,JN.1.4.3_share,JN.1.4.3_marker,JN.1.7_share,JN.1.7_marker,JN.1.8.1_share,JN.1.8.1_marker,KP.1.1_share,KP.1.1_marker,KP.1.1.3_share,KP.1.1.3_marker,KP.1.2_share,KP.1.2_marker,KP.2_share,KP.2_marker,KP.2.15_share,KP.2.15_marker,KP.2.3_share,KP.2.3_marker,KP.3_share,KP.3_marker,KP.3.1.1_share,KP.3.1.1_marker,KP.4.1_share,KP.4.1_marker,KQ.1_share,KQ.1_marker,KS.1_share,KS.1_marker,KV.2_share,KV.2_marker,KW.1.1_share,KW.1.1_marker,LB.1_share,LB.1_marker,LB.1.3.1_share,LB.1.3.1_marker,LF.3.1_share,LF.3.1_marker,LF.7_share,LF.7_marker,LF.7.2.1_share,LF.7.2.1_marker,LF.7.7.1_share,LF.7.7.1_marker,LF.7.7.2_share,LF.7.7.2_marker,LF.7.9_share,LF.7.9_marker,LP.1_share,LP.1_marker,LP.8.1_share,LP.8.1_marker,MC.1_share,MC.1_marker,MC.10.1_share,MC.10.1_marker,MC.19_share,MC.19_marker,MC.28.1_share,MC.28.1_marker,NB.1.8.1_share,NB.1.8.1_marker,NW.1_share,NW.1_marker,P.1_share,P.1_marker,P.2_share,P.2_marker,PA.1_share,PA.1_marker,PQ.17_share,PQ.17_marker,PQ.17.11_share,PQ.17.11_marker,PQ.2.1.6_share,PQ.2.1.6_marker,PQ.2.8.1_share,PQ.2.8.1_marker,RV.1_share,RV.1_marker,XBB_share,XBB_marker,XBB.1.16_share,XBB.1.16_marker,XBB.1.16.1_share,XBB.1.16.1_marker,XBB.1.16.11_share,XBB.1.16.11_marker,XBB.1.16.15_share,XBB.1.16.15_marker,XBB.1.16.17_share,XBB.1.16.17_marker,XBB.1.16.6_share,XBB.1.16.6_marker,XBB.1.42.2_share,XBB.1.42.2_marker,XBB.1.5_share,XBB.1.5_marker,XBB.1.5.1_share,XBB.1.5.1_marker,XBB.1.5.10_share,XBB.1.5.10_marker,XBB.1.5.59_share,XBB.1.5.59_marker,XBB.1.5.68_share,XBB.1.5.68_marker,XBB.1.5.70_share,XBB.1.5.70_marker,XBB.1.5.72_share,XBB.1.5.72_marker,XBB.1.9.1_share,XBB.1.9.1_marker,XBB.1.9.2_share,XBB.1.9.2_marker,XBB.2.3_share,XBB.2.3_marker,XBB.2.3.8_share,XBB.2.3.8_marker,XDP_share,XDP_marker,XDV.1_share,XDV.1_marker,XEC_share,XEC_marker,XEC.4_share,XEC.4_marker,XEK_share,XEK_marker,XEQ_share,XEQ_marker,XFC_share,XFC_marker,XFG_share,XFG_marker,XFG.1_share,XFG.1_marker,XFG.1.1_share,XFG.1.1_marker,XFG.10.4_share,XFG.10.4_marker,XFG.14.1_share,XFG.14.1_marker,XFG.2.5.1_share,XFG.2.5.1_marker,XFG.23.1.3_share,XFG.23.1.3_marker,XFG.6_share,XFG.6_marker,XFV_share,XFV_marker,XFY_share,XFY_marker,XFZ_share,XFZ_marker,n_marker_1,n_marker_2,n_marker_0,n_marker_1_wk
4,region_04,2021-01-30,0.0028539306949824,2.0,0.0,,0.0,,0.0,,0.0406538257375359,2.0,0.0114857442677021,2.0,0.012382056150171454,2.0,,,0.01716995448805386,1.0,0.4605247341096401,1.0,0.00090479049443575,2.0,0.023767952031145442,2.0,0.023148676225294613,2.0,0.0002287962888658,2.0,0.008537706142912266,2.0,0.0022570184276749167,2.0,0.0009303621676128833,2.0,0.13343440368771547,2.0,0.0,,0.0,,0.0,,0.0,,0.0,,0.0,,0.0,,0.0,,,,,,,,,,,,,,,,,,,,,,,,,,,,,,,,,,,,,,,,,,,,,,,,,,,,,,,,,,,,,,,,,,,,,,,,,,,,,,,,,,,,,,,,,,,,,,,,,,,,,,,,,,,,,,,,,,,,,,,,,,,,,,,,,,,,,,,,,,,,,,,,,,,,,,,,,,0.00157907520285025,2.0,0.0043650674633681,2.0,,,,,,,,,,,,,,,,,,,,,,,,,,,,,,,,,,,,,,,,,,,,,,,,,,,,,,,,,,,,,,,,,,,,,,,,,,,,,,,,,,,,,,,2,14,0,0
4,region_04,2021-02-06,0.0020227389177307,0.0,0.0,,0.0,,0.0,,0.043084101285785395,0.0,0.0109740542247891,0.0,0.015413143775529282,0.0,,,0.04228769068140531,0.0,0.4515887629240751,0.0,0.003429785884994358,0.0,0.023927905441572223,0.0,0.02786134245494997,0.0,0.0007490440711989499,0.0,0.009847392599719212,0.0,0.00337911696018025,0.0,0.0008430165617027666,0.0,0.12047042325139042,0.0,0.0,,0.0,,0.0,,0.0,,0.0,,0.0,,0.0,,6.0001038946175004e-05,2.0,,,,,,,,,,,,,,,,,,,,,,,,,,,,,,,,,,,,,,,,,,,,,,,,,,,,,,,,,,,,,,,,,,,,,,,,,,,,,,,,,,,,,,,,,,,,,,,,,,,,,,,,,,,,,,,,,,,,,,,,,,,,,,,,,,,,,,,,,,,,,,,,,,,,,,,,,0.001153112401273825,0.0,0.00692585770351185,0.0,,,,,,,,,,,,,,,,,,,,,,,,,,,,,,,,,,,,,,,,,,,,,,,,,,,,,,,,,,,,,,,,,,,,,,,,,,,,,,,,,,,,,,,0,1,16,1
4,region_04,2021-02-13,0.001191547140479,0.0,0.0,,0.0,,0.0,,0.045514376834034885,0.0,0.0104623641818761,0.0,0.01844423140088711,0.0,,,0.06740542687475676,0.0,0.44265279173851013,0.0,0.005954781275552966,0.0,0.024087858851999,0.0,0.032574008684605325,0.0,0.0012692918535321,0.0,0.011157079056526159,0.0,0.0045012154926855836,0.0,0.00075567095579265,0.0,0.10750644281506536,0.0,0.0,,0.0,,0.0,,0.0,,0.0,,0.0,,0.0,,0.00012000207789235001,0.0,,,,,,,,,,,,,,,,,,,,,,,,,,,,,,,,,,,,,,,,,,,,,,,,,,,,,,,,,,,,,,,,,,,,,,,,,,,,,,,,,,,,,,,,,,,,,,,,,,,,,,,,,,,,,,,,,,,,,,,,,,,,,,,,,,,,,,,,,,,,,,,,,,,,,,,,,0.0007271495996974,0.0,0.0094866479436556,0.0,,,,,,,,,,,,,,,,,,,,,,,,,,,,,,,,,,,,,,,,,,,,,,,,,,,,,,,,,,,,,,,,,,,,,,,,,,,,,,,,,,,,,,,0,0,17,2
4,region_04,2021-02-20,0.0016268233302980002,0.0,0.0,,0.0,,0.0,,0.039055990520864683,0.0,0.0114020560868084,0.0,0.020270474875966657,0.0,,,0.10785419028252359,0.0,0.4067585729062557,0.0,0.006641815668748016,0.0,0.02718131314031775,0.0,0.04161797331956521,0.0,0.001827345074464796,0.0,0.023241791835365143,0.0,0.008321658164883599,0.0,0.002062908747272208,0.0,0.09194108098745343,0.0,0.0,,0.0,,0.0,,0.0,,0.0,,0.0,,0.0,,6.0001038946175004e-05,0.0,,,,,,,,,,,,,,,,,,,,,,,,,,,,,,,,,,,,,,,,,,,,,,,,,,,,,,,,,,,,,,,,,,,,,,,,,,,,,,,,,,,,,,,,,,,,,,,,,,,,,,,,,,,,,,,,,,,,,,,,,,,,,,,,,,,,,,,,,,,,,,,,,,,,,,,,,0.001247447483668375,0.0,0.010085437860753756,0.0,,,,,,,,,,,,,,,,,,,,,,,,,,,,,,,,,,,,,,,,,,,,,,,,,,,,,,,,,,,,,,,,,,,,,,,,,,,,,,,,,,,,,,,0,0,17,3
4,region_04,2021-02-27,0.002062099520117,0.0,0.0,,0.0,,0.0,,0.03259760420769449,0.0,0.0123417479917407,0.0,0.0220967183510462,0.0,,,0.14830295369029042,0.0,0.3708643540740013,0.0,0.007328850061943067,0.0,0.0302747674286365,0.0,0.050661937954525095,0.0,0.002385398295397492,0.0,0.03532650461420413,0.0,0.012142100837081615,0.0,0.0033701465387517664,0.0,0.07637571915984151,0.0,0.0,,0.0,,0.0,,0.0,,0.0,,0.0,,0.0,,0.0,0.0,,,,,,,,,,,,,,,,,,,,,,,,,,,,,,,,,,,,,,,,,,,,,,,,,,,,,,,,,,,,,,,,,,,,,,,,,,,,,,,,,,,,,,,,,,,,,,,,,,,,,,,,,,,,,,,,,,,,,,,,,,,,,,,,,,,,,,,,,,,,,,,,,,,,,,,,,0.00176774536763935,0.0,0.01068422777785191,0.0,,,,,,,,,,,,,,,,,,,,,,,,,,,,,,,,,,,,,,,,,,,,,,,,,,,,,,,,,,,,,,,,,,,,,,,,,,,,,,,,,,,,,,,0,0,17,4
4,region_04,2021-03-06,0.00224471348337825,0.0,0.0,,0.0,,0.0,,,,,,,,,,0.2988711774349212,0.0,,,0.00772167788818474,0.0,0.0293457061052322,0.0,0.0538430921733379,0.0,0.003821259597316325,0.0,0.052870358340442125,0.0,,,,,,,,,0.0003326028915277,2.0,0.0,,0.0,,0.0,,0.0,,0.0,,0.0001515930780442,0.0,,,,,,,,,,,,,,,,,,,,,,,,,,,,,,,,,,,,,,,,,,,,,,,,,,,,,,,,,,,,,,,,,,,,,,,,,,,,,,,,,,,,,,,,,,,,,,,,,,,,,,,,,,,,,,,,,,,,,,,,,,,,,,,,,,,,,,,,,,,,,,,,,,,,,,,,,0.006531058655430866,0.0,,,,,,,,,,,,,,,,,,,,,,,,,,,,,,,,,,,,,,,,,,,,,,,,,,,,,,,,,,,,,,,,,,,,,,,,,,,,,,,,,,,,,,,,,0,1,9,5
4,region_04,2021-03-13,0.00147313560592005,0.0,0.0,,0.0,,0.0,,,,,,,,,,0.41801745891571046,0.0,,,0.0116470510140061,0.0,0.0266244579106569,0.0,0.0409267880022525,0.0,0.002171176834963225,0.0,0.060939283110201324,0.0,,,,,,,,,0.0,0.0,0.0002395227056695,1.0,0.0,,0.00043042995966966,2.0,0.0,,0.0,,0.0003255951354124667,0.0,,,,,,,,,,,,,,,,,,,,,,,,,,,,,,,,,,,,,,,,,,,,,,,,,,,,,,,,,,,,,,,,,,,,,,,,,,,,,,,,,,,,,,,,,,,,,,,,,,,,,,,,,,,,,,,,,,,,,,,,,,,,,,,,,,,,,,,,,,,,,,,,,,,,,,,,,0.008094410691410281,0.0,,,,,,,,,,,,,,,,,,,,,,,,,,,,,,,,,,,,,,,,,,,,,,,,,,,,,,,,,,,,,,,,,,,,,,,,,,,,,,,,,,,,,,,,,1,1,10,0
4,region_04,2021-03-20,0.0013831419637426,0.0,0.0,,0.0,,0.0,,,,,,,,,,0.48679102063179014,0.0,,,0.01517494674772018,0.0,0.0168577004224061,0.0,0.0395311266183853,0.0,0.003804315580055075,0.0,0.08222996070981023,0.0,,,,,,,,,0.0,0.0,0.0,0.0,0.0,,0.0016106991330161198,0.0,0.0,,0.0,,0.00020258896499089998,0.0,,,,,,,,,,,,,,,,,,,,,,,,,,,,,,,,,,,,,,,,,,,,,,,,,,,,,,,,,,,,,,,,,,,,,,,,,,,,,,,,,,,,,,,,,,,,,,,,,,,,,,,,,,,,,,,,,,,,,,,,,,,,,,,,,,,,,,,,,,,,,,,,,,,,,,,,,0.01591876428574316,0.0,,,,,,,,,,,,,,,,,,,,,,,,,,,,,,,,,,,,,,,,,,,,,,,,,,,,,,,,,,,,,,,,,,,,,,,,,,,,,,,,,,,,,,,,,0,0,12,1
4,region_04,2021-03-27,0.0012979402090422501,0.0,0.0,,0.0,,0.0,,,,,,,,,,0.5827882528305054,0.0,,,0.011658627167344041,0.0,0.0140401180833578,0.0,0.0360119044780731,0.0,0.004145660437643475,0.0,0.10578460246324535,0.0,,,,,,,,,0.0008585303633783667,0.0,0.0,0.0,0.0,,0.00043913744157174,0.0,0.0,,0.0,,0.00022110231414743334,0.0,,,,,,,,,,,,,,,,,,,,,,,,,,,,,,,,,,,,,,,,,,,,,,,,,,,,,,,,,,,,,,,,,,,,,,,,,,,,,,,,,,,,,,,,,,,,,,,,,,,,,,,,,,,,,,,,,,,,,,,,,,,,,,,,,,,,,,,,,,,,,,,,,,,,,,,,,0.02338882498443122,0.0,,,,,,,,,,,,,,,,,,,,,,,,,,,,,,,,,,,,,,,,,,,,,,,,,,,,,,,,,,,,,,,,,,,,,,,,,,,,,,,,,,,,,,,,,0,0,12,2
4,region_04,2021-04-03,0.00062900187913325,0.0,0.0,,0.0,,0.0,,,,,,,,,,0.6247224807739258,0.0,,,0.0177325759083032,0.0,0.009888076223433,0.0,0.0291656218469142,0.0,0.0039781139930709745,0.0,0.1055716816335916,0.0,,,,,,,,,0.0004537645824408,0.0,0.0,0.0,0.0,,0.00212104371748862,0.0,0.0,,0.0,,0.0010976816605155,0.0,,,,,,,,,,,,,,,,,,,,,,,,,,,,,,,,,,,,,,,,,,,,,,,,,,,,,,,,,,,,,,,,,,,,,,,,,,,,,,,,,,,,,,,,,,,,,,,,,,,,,,,,,,,,,,,,,,,,,,,,,,,,,,,,,,,,,,,,,,,,,,,,,,,,,,,,,0.03708686269819732,0.0,,,,,,,,,,,,,,,,,,,,,,,,,,,,,,,,,,,,,,,,,,,,,,,,,,,,,,,,,,,,,,,,,,,,,,,,,,,,,,,,,,,,,,,,,0,0,12,3
4,region_04,2021-04-10,0.0008287031669169001,0.0,0.0,,0.0,,0.0,,,,,,,,,,0.6723444581031799,0.0,,,0.0138791045174002,0.0,0.0084553128108382,0.0,0.0171389244496822,0.0,0.00440142373554405,0.0,0.10840667039155955,0.0,,,,,,,,,0.0011517653862634666,0.0,0.00162261303048578,0.0,0.0,,0.0008518645539879599,0.0,0.0,,0.0,,0.0002364856530523333,0.0,,,,,,,,,,,,,,,,,,,,,,,,,,,,,,,,,,,,,,,,,,,,,,,,,,,,,,,,,,,,,,,,,,,,,,,,,,,,,,,,,,,,,,,,,,,,,,,,,,,,,,,,,,,,,,,,,,,,,,,,,,,,,,,,,,,,,,,,,,,,,,,,,,,,,,,,,0.039820105209946596,0.0,,,,,,,,,,,,,,,,,,,,,,,,,,,,,,,,,,,,,,,,,,,,,,,,,,,,,,,,,,,,,,,,,,,,,,,,,,,,,,,,,,,,,,,,,0,0,12,4
4,region_04,2021-04-17,0.00049992173444475,0.0,0.0,,0.0,,0.0,,,,,,,,,,0.6807481408119201,0.0,,,0.01138725113123652,0.0,0.0054872585460543,0.0,0.0119394212961196,0.0,0.00186792097520075,0.0,0.11770294420421121,0.0,,,,,,,,,0.0004961979866493,0.0,0.0028483202680945003,0.0,0.0,,0.0035583046264946196,0.0,0.000680379816913,2.0,0.0,,0.00017017807113003336,0.0,,,,,,,,,,,,,,,,,,,,,,,,,,,,,,,,,,,,,,,,,,,,,,,,,,,,,,,,,,,,,,,,,,,,,,,,,,,,,,,,,,,,,,,,,,,,,,,,,,,,,,,,,,,,,,,,,,,,,,,,,,,,,,,,,,,,,,,,,,,,,,,,,,,,,,,,,0.0487099543213844,0.0,,,,,,,,,,,,,,,,,,,,,,,,,,,,,,,,,,,,,,,,,,,,,,,,,,,,,,,,,,,,,,,,,,,,,,,,,,,,,,,,,,,,,,,,,0,1,12,5
4,region_04,2021-04-24,0.001148231443949,0.0,0.0002767441561445,2.0,0.0,,0.0,,,,,,,,,,0.7051223874092102,0.0,,,0.00703032733872528,0.0,0.0055806767195463,0.0,0.0084595941007137,0.0,0.0018264968239235751,0.0,0.10551722720265386,0.0,,,,,,,,,0.0018227773640925,0.0,0.00666402829810972,0.0,0.0,,0.00298663810826834,0.0,0.0,0.0,0.0,,0.0025300723500549334,0.0,,,,,,,,,,,,,,,,,,,,,,,,,,,,,,,,,,,,,,,,,,,,,,,,,,,,,,,,,,,,,,,,,,,,,,,,,,,,,,,,,,,,,,,,,,,,,,,,,,,,,,,,,,,,,,,,,,,,,,,,,,,,,,,,,,,,,,,,,,,,,,,,,,,,,,,,,0.05145454630255693,0.0,,,,,,,,,,,,,,,,,,,,,,,,,,,,,,,,,,,,,,,,,,,,,,,,,,,,,,,,,,,,,,,,,,,,,,,,,,,,,,,,,,,,,,,,,0,1,13,6
4,region_04,2021-05-01,0.0020633109379559,0.0,0.0,0.0,0.0,,0.0,,,,,,,,,,0.7188257336616516,0.0,,,0.00823318120092148,0.0,0.0016889664111658,0.0,0.0071982080116868,0.0,0.0005501702689798,0.0,0.10772086866199965,0.0,,,,,,,,,0.0,0.0,0.00544535638764496,0.0,0.0,,0.0111951438710093,0.0,0.000222762282646675,0.0,0.0,,0.003471425812070533,0.0,,,,,,,,,,,,,,,,,,,,,,,,,,,,,,,,,,,,,,,,,,,,,,,,,,,,,,,,,,,,,,,,,,,,,,,,,,,,,,,,,,,,,,,,,,,,,,,,,,,,,,,,,,,,,,,,,,,,,,,,,,,,,,,,,,,,,,,,,,,,,,,,,,,,,,,,,0.06385977864265437,0.0,,,,,,,,,,,,,,,,,,,,,,,,,,,,,,,,,,,,,,,,,,,,,,,,,,,,,,,,,,,,,,,,,,,,,,,,,,,,,,,,,,,,,,,,,0,0,14,7
4,region_04,2021-05-08,0.00083476098370735,0.0,0.0,0.0,0.0,,0.0,,,,,,,,0.0,,0.6983031460217067,0.0,,,0.010790150053799099,0.0,0.0024087675847113,0.0,0.0056408559903502,0.0,0.001346475124591925,0.0,0.10030788369476792,0.0,,,,,,,,,0.0006689732351029333,0.0,0.018689753312398357,0.0,0.0,,0.00939637972041958,0.0,0.001557234791107425,0.0,0.0,,0.0016265944189701668,0.0,,,0.0,,0.0,,0.0,,0.0,,0.0,,,,,,0.0,,0.0,,0.0,,0.0,,0.0,,0.0,,0.0,,0.0,,0.0,,0.0,,,,,,,,,,,,0.0,,,,,,,,,,,,,,,,,,,,,,,,,,,,,,,,,,,,,,,,,,,,,,,,,,,,,,,,,,,,,,,,,,,,,,,,,,,,,,,,,,,,,,,,,,,,,,,,,,,,,,,,,,0.07792897447943684,0.0,,,,,,,,,,,,,,,0.0,,0.0,,,,,,,,,,,,,,0.0,,0.0,,,,,,,,,,,,0.0,,0.0,,0.0,,,,,,,,,,,,,,,,,,,,,,,,,,,,,,,,,,,,,,,,0,0,14,8
4,region_04,2021-05-15,0.0,0.0,0.0,0.0,0.0,,0.0,,,,,,,,0.0,,0.7223006010055542,0.0,,,0.008066030840078951,0.0,0.0033315774053335,0.0,0.0006476687849499,0.0,0.0023252752143888998,0.0,0.09352938209970789,0.0,,,,,,,,,0.0,0.0,0.0147348521277308,0.0,0.0,,0.009832636569626576,0.0,0.0020472223986871,0.0,0.0,,0.00415797182358795,0.0,0.0209429841488599,2.0,0.0,,0.0,,0.0,,0.0,,0.0,,,,,,0.0,,0.0,,0.0,,0.0,,0.0,,0.0,,0.0,,0.0,,0.0,,0.0,,,,,,,,,,,,0.0,,,,,,,,,,,,,,,,,,,,,,,,,,,,,,,,,,,,,,,,,,,,,,,,,,,,,,,,,,,,,,,,,,,,,,,,,,,,,,,,,,,,,,,,,,,,,,,,,,,,,,,,,,0.07823138451203698,0.0,,,,,,,,,,,,,,,0.0,,0.0,,,,,,,,,,,,,,0.0,,0.0,,,,,,,,,,,,0.0,,0.0,,0.0,,,,,,,,,,,,,,,,,,,,,,,,,,,,,,,,,,,,,,,,0,1,14,9
4,region_04,2021-05-22,0.0,0.0,0.0,0.0,0.0,,0.0,,,,,,,,0.0,,0.7004976809024811,0.0,,,0.004306052013167271,0.0,0.0,0.0,0.0009932848624885,0.0,0.001806398038752325,0.0,0.08431565637389814,0.0,,,,,,,,,0.0,0.0,0.022558917947621455,0.0,0.0,,0.016103133442811612,0.0,0.009095993358641825,0.0,0.0,,0.0076773069798946,0.0,0.02036895696073765,0.0,0.0,,0.0,,0.0,,0.0,,0.0,,,,,,0.0,,0.0,,0.0,,0.0,,0.0,,0.0,,0.0,,0.0,,0.0,,0.0,,,,,,,,,,,,0.0,,,,,,,,,,,,,,,,,,,,,,,,,,,,,,,,,,,,,,,,,,,,,,,,,,,,,,,,,,,,,,,,,,,,,,,,,,,,,,,,,,,,,,,,,,,,,,,,,,,,,,,,,,0.1014563916251063,0.0,,,,,,,,,,,,,,,0.0,,0.0,,,,,,,,,,,,,,0.0,,0.0,,,,,,,,,,,,0.0,,0.0,,0.0,,,,,,,,,,,,,,,,,,,,,,,,,,,,,,,,,,,,,,,,0,0,15,10
4,region_04,2021-05-29,0.00058731861645355,0.0,0.0,0.0,0.0,,0.0011749006225727,2.0,,,,,,,0.0,,0.6422847390174866,0.0,,,0.0048930440098047,0.0,0.0011751640122383,0.0,0.0023503280244767,0.0,0.0,0.0,0.08897051090995468,0.0,,,,,,,,,0.0,0.0,0.02867974066871331,0.0,0.0,,0.03474269621074196,0.0,0.002388454449828675,0.0,0.0,,0.007140628434717621,0.0,0.0246346481144428,0.0,0.0,,0.0,,0.0,,0.0,,0.0,,,,,,0.0,,0.0,,0.0,,0.0,,0.0,,0.0,,0.0,,0.0,,0.0,,0.0,,,,,,,,,,,,0.0,,,,,,,,,,,,,,,,,,,,,,,,,,,,,,,,,,,,,,,,,,,,,,,,,,,,,,,,,,,,,,,,,,,,,,,,,,,,,,,,,,,,,,,,,,,,,,,,,,,,,,,,,,0.11062468029558654,0.0,,,,,,,,,,,,,,,0.0,,0.0,,,,,,,,,,,,,,0.0,,0.0,,,,,,,,,,,,0.0,,0.0,,0.0,,,,,,,,,,,,,,,,,,,,,,,,,,,,,,,,,,,,,,,,0,1,15,11
4,region_04,2021-06-05,0.0,0.0,0.0,0.0,0.0,,0.0094859600067138,0.0,,,,,,,0.0,,0.6011511147022247,0.0,,,0.0009570329233870428,0.0,0.0024518182035535,0.0,0.0012259091017767,0.0,0.0025527614052407,0.0,0.08327538644274073,0.0,,,,,,,,,0.0,0.0,0.05911407307132903,0.0,0.0,,0.025529890010754234,0.0,0.01262213871814305,0.0,0.0024515924742445003,2.0,0.00970905069261784,0.0,0.025166377425193752,0.0,0.0,,0.0,,0.0,,0.0,,0.0,,,,,,0.0,,0.0,,0.0,,0.0,,0.0,,0.0,,0.0,,0.0,,0.0,,0.0,,,,,,,,,,,,0.0,,,,,,,,,,,,,,,,,,,,,,,,,,,,,,,,,,,,,,,,,,,,,,,,,,,,,,,,,,,,,,,,,,,,,,,,,,,,,,,,,,,,,,,,,,,,,,,,,,,,,,,,,,0.14603907521814105,0.0,,,,,,,,,,,,,,,0.0,,0.0,,,,,,,,,,,,,,0.0,,0.0,,,,,,,,,,,,0.0,,0.0,,0.0,,,,,,,,,,,,,,,,,,,,,,,,,,,,,,,,,,,,,,,,0,1,16,12
4,region_04,2021-06-12,0.005938000278547351,0.0,0.0,0.0,0.0010334314574719813,2.0,0.017966997809708098,0.0,,,,,,,0.0,,0.5196461021900177,0.0,,,0.001040457348738343,0.0,0.0,0.0,0.0,0.0,0.0012699497456196,0.0,0.06407934365173176,0.0,,,,,,,,,0.0,0.0,0.16882705722342833,0.0,0.0,,0.05196004034951325,0.0,0.0089552209246903,0.0,0.0,0.0,0.0124448277056217,0.0,0.0167305525392293,0.0,0.0,,0.0,,0.0,,0.0,,0.0,,,,,,0.0,,0.0,,0.0,,0.0,,0.0,,0.0,,0.0,,0.0,,0.0,,0.0,,,,,,,,,,,,0.0,,,,,,,,,,,,,,,,,,,,,,,,,,,,,,,,,,,,,,,,,,,,,,,,,,,,,,,,,,,,,,,,,,,,,,,,,,,,,,,,,,,,,,,,,,,,,,,,,,,,,,,,,,0.11570692155510184,0.0,,,,,,,,,,,,,,,0.0,,0.0,,,,,,,,,,,,,,0.0,,0.0,,,,,,,,,,,,0.0,,0.0,,0.0,,,,,,,,,,,,,,,,,,,,,,,,,,,,,,,,,,,,,,,,0,1,17,13
4,region_04,2021-06-19,0.0016291446518152501,0.0,0.0009477839739701687,0.0,0.006752981513272931,0.0,0.0259798029437661,0.0,,,,,,,0.0,,0.45666153728961945,0.0,,,0.0004759862910889143,0.0,0.0,0.0,0.0,0.0,0.0020621851435862,0.0,0.05053116567432875,0.0,,,,,,,,,0.0,0.0,0.25534005327658216,0.0,0.0,,0.06400575442239638,0.0,0.012796566355973451,0.0,0.0,0.0,0.00961391218006606,0.0,0.0189853254705667,0.0,0.0,,0.0,,0.0,,0.0,,0.0,,,,,,0.0,,0.0,,0.0,,0.0,,0.0,,0.0,,0.0,,0.0,,0.0,,0.0,,,,,,,,,,,,0.0,,,,,,,,,,,,,,,,,,,,,,,,,,,,,,,,,,,,,,,,,,,,,,,,,,,,,,,,,,,,,,,,,,,,,,,,,,,,,,,,,,,,,,,,,,,,,,,,,,,,,,,,,,0.11056696064770218,0.0,,,,,,,,,,,,,,,0.0,,0.0,,,,,,,,,,,,,,0.0,,0.0,,,,,,,,,,,,0.0,,0.0,,0.0,,,,,,,,,,,,,,,,,,,,,,,,,,,,,,,,,,,,,,,,0,0,18,14
4,region_04,2021-06-26,0.0007098075584507999,0.0,0.0,0.0,0.0033421342814107815,0.0,0.028566015884280198,0.0,,,,,,,0.0,,0.32654970884323115,0.0,,,0.0,0.0,0.0,0.0,0.0,0.0,0.0,0.0,0.03785856689016021,0.0,,,,,,,,,0.0,0.0,0.4260513100815915,0.0,0.0003548432141542,2.0,0.05883665895089504,0.0,0.010668391129001925,0.0,0.0,0.0,0.007748462725430675,0.0,0.00911211874336,0.0,0.0,,0.0,,0.0,,0.0,,0.0,,,,,,0.0,,0.0,,0.0,,0.0,,0.0,,0.0,,0.0,,0.0,,0.0,,0.0,,,,,,,,,,,,0.0,,,,,,,,,,,,,,,,,,,,,,,,,,,,,,,,,,,,,,,,,,,,,,,,,,,,,,,,,,,,,,,,,,,,,,,,,,,,,,,,,,,,,,,,,,,,,,,,,,,,,,,,,,0.0857737315818667,0.0,,,,,,,,,,,,,,,0.0,,0.0,,,,,,,,,,,,,,0.0,,0.0,,,,,,,,,,,,0.0,,0.0,,0.0,,,,,,,,,,,,,,,,,,,,,,,,,,,,,,,,,,,,,,,,0,1,18,15
4,region_04,2021-07-03,0.0035208959598094,0.0,0.0,0.0,0.003193687385646575,0.0,0.055512698367238,0.0,,,,,,,0.0,,0.20976266264915466,0.0,,,0.00033890119604095714,0.0,0.0,0.0,0.0,0.0,0.0,0.0,0.023529494491716197,0.0,,,,,,,,,0.0,0.0,0.6379270926117897,0.0,0.0,0.0,0.03258079259345925,0.0,0.00388952641515055,0.0,0.0,0.0,0.007477819453924849,0.0,0.0061538130976259,0.0,0.0,,0.0,,0.0,,0.0,,0.0,,,,,,0.0,,0.0,,0.0,,0.0,,0.0,,0.0,,0.0,,0.0,,0.0,,0.0,,,,,,,,,,,,0.0,,,,,,,,,,,,,,,,,,,,,,,,,,,,,,,,,,,,,,,,,,,,,,,,,,,,,,,,,,,,,,,,,,,,,,,,,,,,,,,,,,,,,,,,,,,,,,,,,,,,,,,,,,0.06158291408792134,0.0,,,,,,,,,,,,,,,0.0,,0.0,,,,,,,,,,,,,,0.0,,0.0,,,,,,,,,,,,0.0,,0.0,,0.0,,,,,,,,,,,,,,,,,,,,,,,,,,,,,,,,,,,,,,,,0,0,19,16
4,region_04,2021-07-10,0.00110370444599535,0.0,0.00032911004382181876,0.0,0.0028431580285541123,0.0,0.07488337531685825,0.0,,,,,,,0.0,,0.102091172337532,0.0,,,0.0,0.0,0.0,0.0,0.0004385648935567,0.0,0.0,0.0,0.007930187818904649,0.0,,,,,,,,,0.0,0.0,0.7812831387462387,0.0,0.0,0.0,0.03151139104738829,0.0,0.004444521269760975,0.0,0.0,0.0,0.00462825484573836,0.0,0.00367758702486745,0.0,0.0,,0.0,,0.0,,0.0,,0.0,,,,,,0.0,,0.0,,0.0,,0.0,,0.0,,0.0,,0.0,,0.0,,0.0,,0.0,,,,,,,,,,,,0.0,,,,,,,,,,,,,,,,,,,,,,,,,,,,,,,,,,,,,,,,,,,,,,,,,,,,,,,,,,,,,,,,,,,,,,,,,,,,,,,,,,,,,,,,,,,,,,,,,,,,,,,,,,0.03947166446596377,0.0,,,,,,,,,,,,,,,0.0,,0.0,,,,,,,,,,,,,,0.0,,0.0,,,,,,,,,,,,0.0,,0.0,,0.0,,,,,,,,,,,,,,,,,,,,,,,,,,,,,,,,,,,,,,,,0,0,19,17
4,region_04,2021-07-17,0.00018823042046275,0.0,0.00017824066050633076,0.0,0.0030428549507632375,0.0,0.08830643072724335,0.0,,,,,,,0.0,,0.05771783515810962,0.0,,,0.0006368466087483428,0.0,0.0,0.0,0.0,0.0,0.0,0.0,0.00471450192853802,0.0,,,,,,,,,0.00034322790452275,0.0,0.8630141096059666,0.0,0.0,0.0,0.020953569561243002,0.0,0.00473209656774995,0.0,0.0,0.0,0.0016424484318121799,0.0,0.0021828960161656,0.0,0.0,,0.0,,0.0,,0.0,,0.0,,,,,,0.0,,0.0,,0.0,,0.0,,0.0,,0.0,,0.0,,0.0,,0.0,,0.0,,,,,,,,,,,,0.0,,,,,,,,,,,,,,,,,,,,,,,,,,,,,,,,,,,,,,,,,,,,,,,,,,,,,,,,,,,,,,,,,,,,,,,,,,,,,,,,,,,,,,,,,,,,,,,,,,,,,,,,,,0.024473275989294,0.0,,,,,,,,,,,,,,,0.0,,0.0,,,,,,,,,,,,,,0.0,,0.0,,,,,,,,,,,,0.0,,0.0,,0.0,,,,,,,,,,,,,,,,,,,,,,,,,,,,,,,,,,,,,,,,0,0,19,18
4,region_04,2021-07-24,0.0,0.0,0.00019416323630134374,0.0,0.0024419962816560666,0.0,0.10216754674911495,0.0,,,,,,,0.0,,0.02478882987052199,0.0,,,0.00012580963916008573,0.0,0.0,0.0,0.0,0.0,0.0,0.0,0.00164597434923045,0.0,,,,,,,,,6.321629189185e-05,0.0,0.9345971074971285,0.0,0.0,0.0,0.01161307236179705,0.0,0.002936756238341275,0.0,0.00013088763807895002,0.0,0.00180692733265456,0.0,0.0011385289835743502,0.0,0.0,,0.0,,0.0,,0.0,,0.0,,,,,,0.0,,0.0,,0.0,,0.0,,0.0,,0.0,,0.0,,0.0,,0.0,,0.0,,,,,,,,,,,,0.0,,,,,,,,,,,,,,,,,,,,,,,,,,,,,,,,,,,,,,,,,,,,,,,,,,,,,,,,,,,,,,,,,,,,,,,,,,,,,,,,,,,,,,,,,,,,,,,,,,,,,,,,,,0.010454808594658924,0.0,,,,,,,,,,,,,,,0.0,,0.0,,,,,,,,,,,,,,0.0,,0.0,,,,,,,,,,,,0.0,,0.0,,0.0,,,,,,,,,,,,,,,,,,,,,,,,,,,,,,,,,,,,,,,,0,0,19,19
4,region_04,2021-07-31,0.0,0.0,8.746216034129285e-05,0.0,0.0027666347256550734,0.0,0.1060303747653961,0.0,,,,,,,0.0,,0.014470636430713835,0.0,,,0.0,0.0,,,,,0.0,0.0,0.00053680524579248,0.0,,,,,,,,,0.0,0.0,0.9567488233248392,0.0,0.0,0.0,0.008035478927195,0.0,0.0013698218390345,0.0,0.0,0.0,0.0010442626080475002,0.0,0.0008007860160432,0.0,0.0,,0.0,,0.0,,0.0,,0.0,,,,,,0.0,,0.0,,0.0,,0.0,,0.0,,0.0,,0.0,,0.0,,0.0,,0.0,,,,,,,,,,,,0.0,,,,,,,,,,,,,,,,,,,,,,,,,,,,,,,,,,,,,,,,,,,,,,,,,,,,,,,,,,,,,,,,,,,,,,,,,,,,,,,,,,,,,,,,,,,,,,,,,,,,,,,,,,0.007567709245319828,0.0,,,,,,,,,,,,,,,0.0,,0.0,,,,,,,,,,,,,,0.0,,0.0,,,,,,,,,,,,0.0,,0.0,,0.0,,,,,,,,,,,,,,,,,,,,,,,,,,,,,,,,,,,,,,,,0,0,17,20
4,region_04,2021-08-07,,,0.0004971596936229214,0.0,0.0011522577932247232,0.0,,,,,,,,,0.0,,0.007649938866961675,0.0,,,0.0,0.0,,,,,0.0,0.0,0.00017246494098795,0.0,,,,,,,,,0.0,0.0,0.9626002241583431,0.0,0.0,0.0,0.0052053829810271,0.0,0.0009347803425043,0.0,,,0.00094754050951445,0.0,0.0005039660027249999,0.0,0.0,,0.0,,0.0,,0.0,,0.0,,,,,,0.0,,0.0,,0.0,,0.0,,0.0,,0.0,,0.0,,0.0,,0.0,,0.0,,,,,,,,,,,,0.0,,,,,,,,,,,,,,,,,,,,,,,,,,,,,,,,,,,,,,,,,,,,,,,,,,,,,,,,,,,,,,,,,,,,,,,,,,,,,,,,,,,,,,,,,,,,,,,,,,,,,,,,,,0.004607189524297867,0.0,,,,,,,,,,,,,,,0.0,,0.0,,,,,,,,,,,,,,0.0,,0.0,,,,,,,,,,,,0.0,,0.0,,0.0,,,,,,,,,,,,,,,,,,,,,,,,,,,,,,,,,,,,,,,,0,0,14,21
4,region_04,2021-08-14,,,0.00016935596851483077,0.0,0.001223345246846523,0.0,,,,,,,,,0.0,,0.0051517499211643,0.0,,,0.0,0.0,,,,,0.0,0.0,0.00042434444185340006,0.0,,,,,,,,,0.0,0.0,0.983934258358388,0.0,0.0,0.0,0.002927879570052,0.0,0.0005890350439585,0.0,,,0.0007457875180989,0.0,0.0,0.0,0.0,,0.0,,0.0,,0.0,,0.0,,,,,,0.0,,0.0,,0.0,,0.0,,0.0,,0.0,,0.0,,0.0,,0.0,,0.0,,,,,,,,,,,,0.0,,,,,,,,,,,,,,,,,,,,,,,,,,,,,,,,,,,,,,,,,,,,,,,,,,,,,,,,,,,,,,,,,,,,,,,,,,,,,,,,,,,,,,,,,,,,,,,,,,,,,,,,,,0.0019375890260562,0.0,,,,,,,,,,,,,,,0.0,,0.0,,,,,,,,,,,,,,0.0,,0.0,,,,,,,,,,,,0.0,,0.0,,0.0,,,,,,,,,,,,,,,,,,,,,,,,,,,,,,,,,,,,,,,,0,0,14,22
4,region_04,2021-08-21,,,0.00016025142758730834,0.0,0.0005899319020009924,0.0,,,,,,,,,0.0,,0.00203719050623472,0.0,,,0.0,0.0,,,,,0.0,0.0,0.0,0.0,,,,,,,,,0.0,0.0,0.9830993607819799,0.0,0.0,0.0,0.00083748196484512,0.0,0.0008268709061667,0.0,,,0.00045517800026565,0.0,8.91279996722e-05,0.0,0.0,,0.0,,0.0,,0.0,,0.0,,,,,,0.0,,0.0,,0.0,,0.0,,0.0,,0.0,,0.0,,0.0,,0.0,,0.0,,,,,,,,,,,,0.0,,,,,,,,,,,,,,,,,,,,,,,,,,,,,,,,,,,,,,,,,,,,,,,,,,,,,,,,,,,,,,,,,,,,,,,,,,,,,,,,,,,,,,,,,,,,,,,,,,,,,,,,,,0.0006630314834182601,0.0,,,,,,,,,,,,,,,0.0,,0.0,,,,,,,,,,,,,,0.0,,0.0,,,,,,,,,,,,0.0,,0.0,,0.0,,,,,,,,,,,,,,,,,,,,,,,,,,,,,,,,,,,,,,,,0,0,14,23
4,region_04,2021-08-28,,,0.0002530105193727125,0.0,0.00079217889773035,0.0,,,,,,,,,0.0,,0.0007565365813206334,0.0,,,8.784133145426666e-05,0.0,,,,,0.0,0.0,0.0,0.0,,,,,,,,,0.0,0.0,0.9803794479068322,0.0,0.0,0.0,0.0012272220337763,0.0,,,,,0.0001259525015484,0.0,0.0,0.0,0.0,,0.0,,0.0,,0.0,,0.0,,,,,,0.0,,0.0,,0.0,,0.0,,0.0,,0.0,,0.0,,0.0,,0.0,,0.0,,,,,,,,,,,,0.0,,,,,,,,,,,,,,,,,,,,,,,,,,,,,,,,,,,,,,,,,,,,,,,,,,,,,,,,,,,,,,,,,,,,,,,,,,,,,,,,,,,,,,,,,,,,,,,,,,,,,,,,,,0.0008531424246029251,0.0,,,,,,,,,,,,,,,0.0,,0.0,,,,,,,,,,,,,,0.0,,0.0,,,,,,,,,,,,0.0,,0.0,,0.0,,,,,,,,,,,,,,,,,,,,,,,,,,,,,,,,,,,,,,,,0,0,13,24
4,region_04,2021-09-04,,,0.0001151564494648,0.0,0.0009900693548842727,0.0,,,,,,,,,0.0,,0.0010939249768853,0.0,,,0.0,0.0,,,,,,,0.0,0.0,,,,,,,,,0.0,0.0,0.9865730236738156,0.0,,,0.0006800276654151,0.0,,,,,0.0,0.0,0.0001013319997582,0.0,0.0,,0.0,,0.0,,0.0,,0.0,,,,,,0.0,,0.0,,0.0,,0.0,,0.0,,0.0,,0.0,,0.0,,0.0,,0.0,,,,,,,,,,,,0.0,,,,,,,,,,,,,,,,,,,,,,,,,,,,,,,,,,,,,,,,,,,,,,,,,,,,,,,,,,,,,,,,,,,,,,,,,,,,,,,,,,,,,,,,,,,,,,,,,,,,,,,,,,0.0006849176910084666,0.0,,,,,,,,,,,,,,,0.0,,0.0,,,,,,,,,,,,,,0.0,,0.0,,,,,,,,,,,,0.0,,0.0,,0.0,,,,,,,,,,,,,,,,,,,,,,,,,,,,,,,,,,,,,,,,0,0,11,25
4,region_04,2021-09-11,,,0.00021007356157162727,0.0,0.0001785097073562091,0.0,,,,,,,,,0.0,,0.0,0.0,,,0.0,0.0,,,,,,,0.0,0.0,,,,,,,,,0.0,0.0,0.9889000021381142,0.0,,,0.0004961380036547333,0.0,,,,,0.0,0.0,0.0,0.0,0.0,,0.0,,0.0,,0.0,,0.0,,,,,,0.0,,0.0,,0.0,,0.0,,0.0,,0.0,,0.0,,0.0,,0.0,,0.0,,,,,,,,,,,,0.0,,,,,,,,,,,,,,,,,,,,,,,,,,,,,,,,,,,,,,,,,,,,,,,,,,,,,,,,,,,,,,,,,,,,,,,,,,,,,,,,,,,,,,,,,,,,,,,,,,,,,,,,,,0.0005096390086691666,0.0,,,,,,,,,,,,,,,0.0,,0.0,,,,,,,,,,,,,,0.0,,0.0,,,,,,,,,,,,0.0,,0.0,,0.0,,,,,,,,,,,,,,,,,,,,,,,,,,,,,,,,,,,,,,,,0,0,11,26
4,region_04,2021-09-18,,,0.0005063843628805,0.0,0.00041289073415096003,0.0,,,,,,,,,9.014151146398332e-05,1.0,7.459669238109999e-05,0.0,,,0.0,0.0,,,,,,,0.0,0.0,,,,,,,,,0.0,0.0,0.9844567149500304,0.0,,,0.00010390300303695,0.0,,,,,0.0,0.0,0.0,0.0,0.00010568266289359118,1.0,0.0,,0.0,,0.0,,0.0,,,,,,0.0,,0.0,,0.0,,0.0,,0.0,,0.0,,0.0,,0.0,,0.0,,0.0,,,,,,,,,,,,0.0,,,,,,,,,,,,,,,,,,,,,,,,,,,,,,,,,,,,,,,,,,,,,,,,,,,,,,,,,,,,,,,,,,,,,,,,,,,,,,,,,,,,,,,,,,,,,,,,,,,,,,,,,,6.016049883325e-05,0.0,,,,,,,,,,,,,,,0.0,,0.0,,,,,,,,,,,,,,0.0,,0.0,,,,,,,,,,,,0.0,,0.0,,0.0,,,,,,,,,,,,,,,,,,,,,,,,,,,,,,,,,,,,,,,,2,0,11,0
4,region_04,2021-09-25,,,0.0006030285213556112,0.0,0.00013401054376213333,0.0,,,,,,,,,0.0,0.0,0.00022373751077486666,0.0,,,,,,,,,,,,,,,,,,,,,,,0.9859339496757411,0.0,,,0.0,0.0,,,,,,,,,9.723217347826667e-05,0.0,0.0,,0.0,,0.0,,0.0,,,,,,0.0,,0.0,,0.0,,0.0,,0.0,,0.0,,0.0,,0.0,,0.0,,0.0,,,,,,,,,,,,0.0,,,,,,,,,,,,,,,,,,,,,,,,,,,,,,,,,,,,,,,,,,,,,,,,,,,,,,,,,,,,,,,,,,,,,,,,,,,,,,,,,,,,,,,,,,,,,,,,,,,,,,,,,,0.0,0.0,,,,,,,,,,,,,,,0.0,,0.0,,,,,,,,,,,,,,0.0,,0.0,,,,,,,,,,,,0.0,,0.0,,0.0,,,,,,,,,,,,,,,,,,,,,,,,,,,,,,,,,,,,,,,,0,0,8,1
4,region_04,2021-10-02,,,0.0001159510848082875,0.0,0.00021566420764422502,0.0,,,,,,,,,0.0,0.0,0.0,0.0,,,,,,,,,,,,,,,,,,,,,,,0.9863037459160152,0.0,,,,,,,,,,,,,0.0,0.0,0.0,,0.0,,0.0,,0.0,,,,,,0.0,,0.0,,0.0,,0.0,,0.0,,0.0,,0.0,,0.0,,0.0,,0.0,,,,,,,,,,,,0.0,,,,,,,,,,,,,,,,,,,,,,,,,,,,,,,,,,,,,,,,,,,,,,,,,,,,,,,,,,,,,,,,,,,,,,,,,,,,,,,,,,,,,,,,,,,,,,,,,,,,,,,,,,,,,,,,,,,,,,,,,,0.0,,0.0,,,,,,,,,,,,,,0.0,,0.0,,,,,,,,,,,,0.0,,0.0,,0.0,,,,,,,,,,,,,,,,,,,,,,,,,,,,,,,,,,,,,,,,0,0,6,2
4,region_04,2021-10-09,,,0.0,0.0,0.0001567921821593,0.0,,,,,,,,,0.0,0.0,0.0,0.0,,,,,,,,,,,,,,,,,,,,,,,0.9829703684036548,0.0,,,,,,,,,,,,,0.0,0.0,0.0,,0.0,,0.0,,0.0,,,,,,0.0,,0.0,,0.0,,0.0,,0.0,,0.0,,0.0,,0.0,,0.0,,0.0,,,,,,,,,,,,0.0,,,,,,,,,,,,,,,,,,,,,,,,,,,,,,,,,,,,,,,,,,,,,,,,,,,,,,,,,,,,,,,,,,,,,,,,,,,,,,,,,,,,,,,,,,,,,,,,,,,,,,,,,,,,,,,,,,,,,,,,,,0.0,,0.0,,,,,,,,,,,,,,0.0,,0.0,,,,,,,,,,,,0.0,,0.0,,0.0,,,,,,,,,,,,,,,,,,,,,,,,,,,,,,,,,,,,,,,,0,0,6,3
4,region_04,2021-10-16,,,0.0,0.0,0.0,0.0,,,,,,,,,0.0,0.0,0.0,0.0,,,,,,,,,,,,,,,,,,,,,,,0.988904236973106,0.0,,,,,,,,,,,,,0.0,0.0,0.0,,0.0,,0.0,,0.0,,,,,,0.0,,0.0,,0.0,,0.0,,0.0,,0.0,,0.0,,0.0,,0.0,,0.0,,,,,,,,,,,,0.0,,,,,,,,,,,,,,,,,,,,,,,,,,,,,,,,,,,,,,,,,,,,,,,,,,,,,,,,,,,,,,,,,,,,,,,,,,,,,,,,,,,,,,,,,,,,,,,,,,,,,,,,,,,,,,,,,,,,,,,,,,0.0,,0.0,,,,,,,,,,,,,,0.0,,0.0,,,,,,,,,,,,0.0,,0.0,,0.0,,,,,,,,,,,,,,,,,,,,,,,,,,,,,,,,,,,,,,,,0,0,6,4
4,region_04,2021-10-23,,,0.00045397133605239995,0.0,0.0,0.0,,,,,,,,,0.0,0.0,,,,,,,,,,,,,,,,,,,,,,,,,0.9803460653011615,0.0,,,,,,,,,,,,,0.0,0.0,0.0,,0.0,,0.0,,0.0,,,,,,0.0,,0.0,,0.0,,0.0,,0.0,,0.0,,0.0,,0.0,,0.0,,0.0,,,,,,,,,,,,0.0,,,,,,,,,,,,,,,,,,,,,,,,,,,,,,,,,,,,,,,,,,,,,,,,,,,,,,,,,,,,,,,,,,,,,,,,,,,,,,,,,,,,,,,,,,,,,,,,,,,,,,,,,,,,,,,,,,,,,,,,,,0.0,,0.0,,,,,,,,,,,,,,0.0,,0.0,,,,,,,,,,,,0.0,,0.0,,0.0,,,,,,,,,,,,,,,,,,,,,,,,,,,,,,,,,,,,,,,,0,0,5,5
4,region_04,2021-10-30,,,0.00044254119275131997,0.0,0.0,0.0,,,,,,,,,0.0,0.0,,,,,,,,,,,,,,,,,,,,,,,,,0.9858389872394197,0.0,,,,,,,,,,,,,0.0,0.0,0.0,,0.0,,0.0,,0.0,,,,,,0.0,,0.0,,0.0,,0.0,,0.0,,0.0,,0.0,,0.0,,0.0,,0.0,,,,,,,,,,,,0.0,,,,,,,,,,,,,,,,,,,,,,,,,,,,,,,,,,,,,,,,,,,,,,,,,,,,,,,,,,,,,,,,,,,,,,,,,,,,,,,,,,,,,,,,,,,,,,,,,,,,,,,,,,,,,,,,,,,,,,,,,,0.0,,0.0,,,,,,,,,,,,,,0.0,,0.0,,,,,,,,,,,,0.0,,0.0,,0.0,,,,,,,,,,,,,,,,,,,,,,,,,,,,,,,,,,,,,,,,0,0,5,6
4,region_04,2021-11-06,,,0.00040236546192314997,0.0,0.0,0.0,,,,,,,,,0.0,0.0,,,,,,,,,,,,,,,,,,,,,,,,,0.9752001969710641,0.0,,,,,,,,,,,,,0.0,0.0,0.0,,0.0,,0.0,,0.0,,,,,,0.0,,0.0,,0.0,,0.0,,0.0,,0.0,,0.0,,0.0,,0.0,,0.0,,,,,,,,,,,,0.0,,,,,,,,,,,,,,,,,,,,,,,,,,,,,,,,,,,,,,,,,,,,,,,,,,,,,,,,,,,,,,,,,,,,,,,,,,,,,,,,,,,,,,,,,,,,,,,,,,,,,,,,,,,,,,,,,,,,,,,,,,0.0,,0.0,,,,,,,,,,,,,,0.0,,0.0,,,,,,,,,,,,0.0,,0.0,,0.0,,,,,,,,,,,,,,,,,,,,,,,,,,,,,,,,,,,,,,,,0,0,5,7
4,region_04,2021-11-13,,,0.0,0.0,0.0,0.0,,,,,,,,,0.0,0.0,,,,,,,,,,,,,,,,,,,,,,,,,0.9785770039627517,0.0,,,,,,,,,,,,,0.0008483751924991348,0.0,0.0,,0.0,,0.0,,0.0,,,,,,0.0,,0.0,,0.0,,0.0,,0.0,,0.0,,0.0,,0.0,,0.0,,0.0,,,,,,,,,,,,0.0,,,,,,,,,,,,,,,,,,,,,,,,,,,,,,,,,,,,,,,,,,,,,,,,,,,,,,,,,,,,,,,,,,,,,,,,,,,,,,,,,,,,,,,,,,,,,,,,,,,,,,,,,,,,,,,,,,,,,,,,,,0.0,,0.0,,,,,,,,,,,,,,0.0,,0.0,,,,,,,,,,,,0.0,,0.0,,0.0,,,,,,,,,,,,,,,,,,,,,,,,,,,,,,,,,,,,,,,,0,0,5,8
4,region_04,2021-11-20,,,0.0,0.0,0.0,0.0,,,,,,,,,0.0015357495184339478,0.0,,,,,,,,,,,,,,,,,,,,,,,,,0.9739203637754413,0.0,,,,,,,,,,,,,0.004095332049157261,0.0,0.0,,0.0,,0.0,,0.0,,,,,,0.0,,0.0,,0.0,,0.0,,0.0,,0.0,,0.0,,0.0,,0.0,,0.0,,,,,,,,,,,,0.0,,,,,,,,,,,,,,,,,,,,,,,,,,,,,,,,,,,,,,,,,,,,,,,,,,,,,,,,,,,,,,,,,,,,,,,,,,,,,,,,,,,,,,,,,,,,,,,,,,,,,,,,,,,,,,,,,,,,,,,,,,0.0,,0.0,,,,,,,,,,,,,,0.0,,0.0,,,,,,,,,,,,0.0,,0.0,,0.0,,,,,,,,,,,,,,,,,,,,,,,,,,,,,,,,,,,,,,,,0,0,5,9
4,region_04,2021-11-27,,,0.0005376213812269,0.0,0.0,0.0,,,,,,,,,0.0013398908726546565,0.0,,,,,,,,,,,,,,,,,,,,,,,,,0.9874653383477093,0.0,,,,,,,,,,,,,0.002679781745309374,0.0,0.0,,0.0,,0.0,,0.0,,,,,,0.0,,0.0,,0.0,,0.0,,0.0,,0.0,,0.0,,0.0,,0.0,,0.0,,,,,,,,,,,,0.0,,,,,,,,,,,,,,,,,,,,,,,,,,,,,,,,,,,,,,,,,,,,,,,,,,,,,,,,,,,,,,,,,,,,,,,,,,,,,,,,,,,,,,,,,,,,,,,,,,,,,,,,,,,,,,,,,,,,,,,,,,0.0,,0.0,,,,,,,,,,,,,,0.0,,0.0,,,,,,,,,,,,0.0,,0.0,,0.0,,,,,,,,,,,,,,,,,,,,,,,,,,,,,,,,,,,,,,,,0,0,5,10
4,region_04,2021-12-04,,,,,,,,,,,,,,,0.010444827836989901,0.0,,,,,,,,,,,,,,,,,,,,,,,,,0.9819276081004613,0.0,,,,,,,,,,,,,0.00660773915896078,0.0,0.0,,0.0,,0.0,,0.0,,,,,,0.0,,0.0,,0.0,,0.0,,0.0,,0.0,,0.0,,0.0,,0.0,,0.0,,,,,,,,,,,,0.0,,,,,,,,,,,,,,,,,,,,,,,,,,,,,,,,,,,,,,,,,,,,,,,,,,,,,,,,,,,,,,,,,,,,,,,,,,,,,,,,,,,,,,,,,,,,,,,,,,,,,,,,,,,,,,,,,,,,,,,,,,0.0,,0.0,,,,,,,,,,,,,,0.0,,0.0,,,,,,,,,,,,0.0,,0.0,,0.0,,,,,,,,,,,,,,,,,,,,,,,,,,,,,,,,,,,,,,,,0,0,3,11
4,region_04,2021-12-11,,,,,,,,,,,,,,,0.08616706090314043,0.0,,,,,,,,,,,,,,,,,,,,,,,,,0.8882651001634733,0.0,,,,,,,,,,,,,0.05042275172822611,0.0,0.0,,0.0,,0.0,,0.0,,,,,,0.0,,0.0,,0.0,,0.0,,0.0,,0.0,,0.0,,0.0,,0.0,,0.0,,,,,,,,,,,,0.0,,,,,,,,,,,,,,,,,,,,,,,,,,,,,,,,,,,,,,,,,,,,,,,,,,,,,,,,,,,,,,,,,,,,,,,,,,,,,,,,,,,,,,,,,,,,,,,,,,,,,,,,,,,,,,,,,,,,,,,,,,0.0,,0.0,,,,,,,,,,,,,,0.0,,0.0,,,,,,,,,,,,0.0,,0.0,,0.0,,,,,,,,,,,,,,,,,,,,,,,,,,,,,,,,,,,,,,,,0,0,3,12
4,region_04,2021-12-18,,,,,,,,,,,,,,,0.3801109592861204,0.0,,,,,,,,,,,,,,,,,,,,,,,,,0.4807831500382984,0.0,,,,,,,,,,,,,0.2711155901060385,0.0,0.0007505604510449,1.0,0.0,,0.0,,0.0,,,,,,0.0,,0.0,,0.0,,0.0,,0.0,,0.0,,0.0,,0.0,,0.0,,0.0,,,,,,,,,,,,0.0,,,,,,,,,,,,,,,,,,,,,,,,,,,,,,,,,,,,,,,,,,,,,,,,,,,,,,,,,,,,,,,,,,,,,,,,,,,,,,,,,,,,,,,,,,,,,,,,,,,,,,,,,,,,,,,,,,,,,,,,,,0.0,,0.0,,,,,,,,,,,,,,0.0,,0.0,,,,,,,,,,,,0.0,,0.0,,0.0,,,,,,,,,,,,,,,,,,,,,,,,,,,,,,,,,,,,,,,,1,0,3,0
4,region_04,2021-12-25,,,,,,,,,,,,,,,0.577132995577826,0.0,,,,,,,,,,,,,,,,,,,,,,,,,0.17620755732059476,0.0,,,,,,,,,,,,,0.48339895115179177,0.0,0.0007479801477694637,0.0,0.0,,0.0,,0.0,,,,,,0.0,,0.0,,0.0,,0.0,,0.0,,0.0,,0.0,,0.0,,0.0,,0.0,,,,,,,,,,,,0.0,,,,,,,,,,,,,,,,,,,,,,,,,,,,,,,,,,,,,,,,,,,,,,,,,,,,,,,,,,,,,,,,,,,,,,,,,,,,,,,,,,,,,,,,,,,,,,,,,,,,,,,,,,,,,,,,,,,,,,,,,,0.0,,0.0,,,,,,,,,,,,,,0.0,,0.0,,,,,,,,,,,,0.0,,0.0,,0.0,,,,,,,,,,,,,,,,,,,,,,,,,,,,,,,,,,,,,,,,0,0,4,1
4,region_04,2022-01-01,,,,,,,,,,,,,,,0.6427627197083305,0.0,,,,,,,,,,,,,,,,,,,,,,,,,0.06015480747994251,0.0,,,,,,,,,,,,,0.5688633164938759,0.0,0.0013356285518966201,0.0,0.0,,0.0,,0.0,,,,,,0.0,,0.0,,0.0,,0.0,,0.0,,0.0,,0.0,,0.0,,0.0,,0.0,,,,,,,,,,,,0.0,,,,,,,,,,,,,,,,,,,,,,,,,,,,,,,,,,,,,,,,,,,,,,,,,,,,,,,,,,,,,,,,,,,,,,,,,,,,,,,,,,,,,,,,,,,,,,,,,,,,,,,,,,,,,,,,,,,,,,,,,,0.0,,0.0,,,,,,,,,,,,,,0.0,,0.0,,,,,,,,,,,,0.0,,0.0,,0.0,,,,,,,,,,,,,,,,,,,,,,,,,,,,,,,,,,,,,,,,0,0,4,2
4,region_04,2022-01-08,,,,,,,,,,,,,,,0.6507605292014221,0.0,,,,,,,,,,,,,,,,,,,,,,,,,0.027022186236885827,0.0,,,,,,,,,,,,,0.6178527842549717,0.0,0.005217482661828371,0.0,0.0006521058690157166,1.0,0.0,,0.0,,,,,,0.0,,0.00010602078795527713,2.0,0.0002173686235826619,1.0,0.0,,0.0,,0.0,,0.0,,0.0,,0.0,,0.0,,,,,,,,,,,,0.0,,,,,,,,,,,,,,,,,,,,,,,,,,,,,,,,,,,,,,,,,,,,,,,,,,,,,,,,,,,,,,,,,,,,,,,,,,,,,,,,,,,,,,,,,,,,,,,,,,,,,,,,,,,,,,,,,,,,,,,,,,0.0,,0.0,,,,,,,,,,,,,,0.0,,0.0,,,,,,,,,,,,0.0,,0.0,,0.0,,,,,,,,,,,,,,,,,,,,,,,,,,,,,,,,,,,,,,,,2,1,4,0
4,region_04,2022-01-15,,,,,,,,,,,,,,,0.6300628643427322,0.0,,,,,,,,,,,,,,,,,,,,,,,,,0.012851901797216278,0.0,,,,,,,,,,,,,0.6945347768418929,0.0,0.0035799516597762302,0.0,0.0,0.0,0.0,,0.0,,,,,,0.0,,0.0,0.0,0.0,0.0,0.0,,0.0,,0.0,,0.0,,0.0,,0.0,,0.0,,,,,,,,,,,,0.0,,,,,,,,,,,,,,,,,,,,,,,,,,,,,,,,,,,,,,,,,,,,,,,,,,,,,,,,,,,,,,,,,,,,,,,,,,,,,,,,,,,,,,,,,,,,,,,,,,,,,,,,,,,,,,,,,,,,,,,,,,0.0,,0.0,,,,,,,,,,,,,,0.0,,0.0,,,,,,,,,,,,0.0,,0.0,,0.0,,,,,,,,,,,,,,,,,,,,,,,,,,,,,,,,,,,,,,,,0,0,7,1
4,region_04,2022-01-22,,,,,,,,,,,,,,,0.6172531635472269,0.0,,,,,,,,,,,,,,,,,,,,,,,,,0.0039235253507891865,0.0,,,,,,,,,,,,,0.7272341461742625,0.0,0.0037991599179803904,0.0,0.002194626753528869,0.0,0.0,,0.0,,,,,,0.00012946741674866,2.0,0.0,0.0,0.0005178696669948112,0.0,0.0,,0.0,,0.0,,0.0,,0.0,,0.0,,0.0,,,,,,,,,,,,0.0,,,,,,,,,,,,,,,,,,,,,,,,,,,,,,,,,,,,,,,,,,,,,,,,,,,,,,,,,,,,,,,,,,,,,,,,,,,,,,,,,,,,,,,,,,,,,,,,,,,,,,,,,,,,,,,,,,,,,,,,,,0.0,,0.0,,,,,,,,,,,,,,0.0,,0.0,,,,,,,,,,,,0.0,,0.0,,0.0,,,,,,,,,,,,,,,,,,,,,,,,,,,,,,,,,,,,,,,,0,1,7,2
4,region_04,2022-01-29,,,,,,,,,,,,,,,0.5958365108817816,0.0,,,,,,,,,,,,,,,,,,,,,,,,,0.0025618779298383298,0.0,,,,,,,,,,,,,0.7690219933336432,0.0,0.0047637556679546375,0.0,0.0,0.0,0.0,,0.0,,,,,,0.0,0.0,0.0,0.0,0.0,0.0,0.0,,0.0,,0.0,,0.0,,0.0,,0.0,,0.0,,,,,,,,,,,,0.0,,,,,,,,,,,,,,,,,,,,,,,,,,,,,,,,,,,,,,,,,,,,,,,,,,,,,,,,,,,,,,,,,,,,,,,,,,,,,,,,,,,,,,,,,,,,,,,,,,,,,,,,,,,,,,,,,,,,,,,,,,0.0,,0.0,,,,,,,,,,,,,,0.0,,0.0,,,,,,,,,,,,0.0,,0.0,,0.0,,,,,,,,,,,,,,,,,,,,,,,,,,,,,,,,,,,,,,,,0,0,8,3
4,region_04,2022-02-05,,,,,,,,,,,,,,,0.5507245843039185,0.0,,,,,,,,,,,,,,,,,,,,,,,,,0.00747685923215608,0.0,,,,,,,,,,,,,0.7804993934491101,0.0,0.005760656943219473,0.0,0.0,0.0,0.0,,0.0,,,,,,0.0,0.0,0.0,0.0,0.0,0.0,0.0,,0.0,,0.0,,0.0,,0.0,,0.0,,0.0,,,,,,,,,,,,0.0,,,,,,,,,,,,,,,,,,,,,,,,,,,,,,,,,,,,,,,,,,,,,,,,,,,,,,,,,,,,,,,,,,,,,,,,,,,,,,,,,,,,,,,,,,,,,,,,,,,,,,,,,,,,,,,,,,,,,,,,,,0.0,,0.0,,,,,,,,,,,,,,0.0,,0.0,,,,,,,,,,,,0.0,,0.0,,0.0,,,,,,,,,,,,,,,,,,,,,,,,,,,,,,,,,,,,,,,,0,0,8,4
4,region_04,2022-02-12,,,,,,,,,,,,,,,0.5517888651007697,0.0,,,,,,,,,,,,,,,,,,,,,,,,,0.0010813166413248714,0.0,,,,,,,,,,,,,0.8066122496829313,0.0,0.01110050860311711,0.0,0.0,0.0,0.0,,0.0,,,,,,0.00020697591421392175,0.0,0.0,0.0,0.0002609576755535457,0.0,0.0,,0.0,,0.0,,0.0,,0.0,,0.0,,0.0,,,,,,,,,,,,0.0,,,,,,,,,,,,,,,,,,,,,,,,,,,,,,,,,,,,,,,,,,,,,,,,,,,,,,,,,,,,,,,,,,,,,,,,,,,,,,,,,,,,,,,,,,,,,,,,,,,,,,,,,,,,,,,,,,,,,,,,,,0.0,,0.0,,,,,,,,,,,,,,0.0,,0.0,,,,,,,,,,,,0.0,,0.0,,0.0,,,,,,,,,,,,,,,,,,,,,,,,,,,,,,,,,,,,,,,,0,0,8,5
4,region_04,2022-02-19,,,,,,,,,,,,,,,0.5302569719572221,0.0,,,,,,,,,,,,,,,,,,,,,,,,,0.0002953490874196258,0.0,,,,,,,,,,,,,0.8138634106692146,0.0,0.02282292537030669,0.0,0.0,0.0,0.0,,0.0,,,,,,0.0,0.0,0.0,0.0,0.0,0.0,0.0,,0.0,,0.0,,0.0,,0.0,,0.0,,0.0,,,,,,,,,,,,0.0,,,,,,,,,,,,,,,,,,,,,,,,,,,,,,,,,,,,,,,,,,,,,,,,,,,,,,,,,,,,,,,,,,,,,,,,,,,,,,,,,,,,,,,,,,,,,,,,,,,,,,,,,,,,,,,,,,,,,,,,,,0.0,,0.0,,,,,,,,,,,,,,0.0,,0.0,,,,,,,,,,,,0.0,,0.0,,0.0,,,,,,,,,,,,,,,,,,,,,,,,,,,,,,,,,,,,,,,,0,0,8,6
4,region_04,2022-02-26,,,,,,,,,,,,,,,0.4994831673923086,0.0,,,,,,,,,,,,,,,,,,,,,,,,,0.001059633910610123,0.0,,,,,,,,,,,,,0.8096590971245485,0.0,0.04751768940296325,0.0,0.0,0.0,0.0,,0.0,,,,,,0.0,0.0,0.0,0.0,0.0,0.0,0.0,,0.0,,0.0,,0.0,,0.0,,0.0,,0.0,,,,,,,,,,,,0.0,,,,,,,,,,,,,,,,,,,,,,,,,,,,,,,,,,,,,,,,,,,,,,,,,,,,,,,,,,,,,,,,,,,,,,,,,,,,,,,,,,,,,,,,,,,,,,,,,,,,,,,,,,,,,,,,,,,,,,,,,,0.0,,0.0,,,,,,,,,,,,,,0.0,,0.0,,,,,,,,,,,,0.0,,0.0,,0.0,,,,,,,,,,,,,,,,,,,,,,,,,,,,,,,,,,,,,,,,0,0,8,7
4,region_04,2022-03-05,,,,,,,,,,,,,,,0.45537390050788723,0.0,,,,,,,,,,,,,,,,,,,,,,,,,0.00031944139870267,0.0,,,,,,,,,,,,,0.7923236086088068,0.0,0.09515076888104275,0.0,0.0002735014131758,0.0,0.0,,0.0,,,,,,0.0,0.0,0.0,0.0,0.0,0.0,0.0,,0.0,,0.0,,0.0,,0.0,,0.0,,0.0,,,,,,,,,,,,0.0,,,,,,,,,,,,,,,,,,,,,,,,,,,,,,,,,,,,,,,,,,,,,,,,,,,,,,,,,,,,,,,,,,,,,,,,,,,,,,,,,,,,,,,,,,,,,,,,,,,,,,,,,,,,,,,,,,,,,,,,,,0.0,,0.0,,,,,,,,,,,,,,0.0,,0.0,,,,,,,,,,,,0.0,,0.0,,0.0,,,,,,,,,,,,,,,,,,,,,,,,,,,,,,,,,,,,,,,,0,0,8,8
4,region_04,2022-03-12,,,,,,,,,,,,,,,0.37407942709781355,0.0,,,,,,,,,,,,,,,,,,,,,,,,,0.0019509263900976321,0.0,,,,,,,,,,,,,0.6651588172623606,0.0,0.23820528539560606,0.0,0.0018455481518425357,0.0,0.0,,0.0,,,,,,0.0,0.0,0.0,0.0,0.0,0.0,0.0,,0.0,,0.0,,0.0,,0.0,,0.0,,0.0,,,,,,,,,,,,0.0,,,,,,,,,,,,,,,,,,,,,,,,,,,,,,,,,,,,,,,,,,,,,,,,,,,,,,,,,,,,,,,,,,,,,,,,,,,,,,,,,,,,,,,,,,,,,,,,,,,,,,,,,,,,,,,,,,,,,,,,,,0.0,,0.0,,,,,,,,,,,,,,0.0,,0.0,,,,,,,,,,,,0.0,,0.0,,0.0,,,,,,,,,,,,,,,,,,,,,,,,,,,,,,,,,,,,,,,,0,0,8,9
4,region_04,2022-03-19,,,,,,,,,,,,,,,0.2918413380353615,0.0,,,,,,,,,,,,,,,,,,,,,,,,,0.0012244402715967896,0.0,,,,,,,,,,,,,0.5207859242663664,0.0,0.3939913721947834,0.0,0.0061780182129170785,0.0,0.0,,0.0,,,,,,0.0,0.0,0.0,0.0,0.0,0.0,0.0,,0.0,,0.0,,0.0,,0.0,,0.0,,0.0,,,,,,,,,,,,0.0,,,,,,,,,,,,,,,,,,,,,,,,,,,,,,,,,,,,,,,,,,,,,,,,,,,,,,,,,,,,,,,,,,,,,,,,,,,,,,,,,,,,,,,,,,,,,,,,,,,,,,,,,,,,,,,,,,,,,,,,,,0.0,,0.0,,,,,,,,,,,,,,0.0,,0.0,,,,,,,,,,,,0.0,,0.0,,0.0,,,,,,,,,,,,,,,,,,,,,,,,,,,,,,,,,,,,,,,,0,0,8,10
4,region_04,2022-03-26,,,,,,,,,,,,,,,0.1696948144984032,0.0,,,,,,,,,,,,,,,,,,,,,,,,,0.0,0.0,,,,,,,,,,,,,0.3032291882178363,0.0,0.6221882418582314,0.0,0.029921156187940872,0.0,0.0,,0.0,,,,,,0.0,0.0,0.0,0.0,0.0,0.0,0.0,,0.0,,0.0,,0.0,,0.0,,0.0,,0.0,,,,,,,,,,,,0.0,,,,,,,,,,,,,,,,,,,,,,,,,,,,,,,,,,,,,,,,,,,,,,,,,,,,,,,,,,,,,,,,,,,,,,,,,,,,,,,,,,,,,,,,,,,,,,,,,,,,,,,,,,,,,,,,,,,,,,,,,,0.0,,0.0,,,,,,,,,,,,,,0.0,,0.0,,,,,,,,,,,,0.0,,0.0,,0.0,,,,,,,,,,,,,,,,,,,,,,,,,,,,,,,,,,,,,,,,0,0,8,11
4,region_04,2022-04-02,,,,,,,,,,,,,,,0.08566752235804283,0.0,,,,,,,,,,,,,,,,,,,,,,,,,0.0,0.0,,,,,,,,,,,,,0.1711067579248372,0.0,0.7343670544879777,0.0,0.07170288910024927,0.0,0.0,,0.0,,,,,,0.0,0.0,0.0,0.0,0.0,0.0,0.0,,0.0,,0.0,,0.0,,0.0,,0.0,,0.0,,,,,,,,,,,,0.0,,,,,,,,,,,,,,,,,,,,,,,,,,,,,,,,,,,,,,,,,,,,,,,,,,,,,,,,,,,,,,,,,,,,,,,,,,,,,,,,,,,,,,,,,,,,,,,,,,,,,,,,,,,,,,,,,,,,,,,,,,0.0,,0.0,,,,,,,,,,,,,,0.0,,0.0,,,,,,,,,,,,0.0,,0.0,,0.0,,,,,,,,,,,,,,,,,,,,,,,,,,,,,,,,,,,,,,,,0,0,8,12
4,region_04,2022-04-09,,,,,,,,,,,,,,,0.03916523147543718,0.0,,,,,,,,,,,,,,,,,,,,,,,,,0.0007730021596547036,0.0,,,,,,,,,,,,,0.08549085653880059,0.0,0.761953062360937,0.0,0.1440291876142675,0.0,0.0,,0.0,,,,,,0.0,0.0,0.0,0.0,0.0,0.0,0.0,,0.0,,0.0,,0.0,,0.0,,0.0,,0.0,,,,,,,,,,,,0.0,,,,,,,,,,,,,,,,,,,,,,,,,,,,,,,,,,,,,,,,,,,,,,,,,,,,,,,,,,,,,,,,,,,,,,,,,,,,,,,,,,,,,,,,,,,,,,,,,,,,,,,,,,,,,,,,,,,,,,,,,,0.0,,0.0,,,,,,,,,,,,,,0.0,,0.0,,,,,,,,,,,,0.0,,0.0,,0.0,,,,,,,,,,,,,,,,,,,,,,,,,,,,,,,,,,,,,,,,0,0,8,13
4,region_04,2022-04-16,,,,,,,,,,,,,,,0.040633446536958176,0.0,,,,,,,,,,,,,,,,,,,,,,,,,0.0,0.0,,,,,,,,,,,,,0.0360224122802416,0.0,0.7498000749835262,0.0,0.20594272569373798,0.0,0.0,,0.0,,,,,,0.0,0.0,0.0,0.0,0.00027303714233882856,0.0,0.0,,0.0,,0.0,,0.0,,0.0,,0.0,,0.0,,,,,,,,,,,,0.0,,,,,,,,,,,,,,,,,,,,,,,,,,,,,,,,,,,,,,,,,,,,,,,,,,,,,,,,,,,,,,,,,,,,,,,,,,,,,,,,,,,,,,,,,,,,,,,,,,,,,,,,,,,,,,,,,,,,,,,,,,0.0,,0.0,,,,,,,,,,,,,,0.0,,0.0,,,,,,,,,,,,0.0,,0.0,,0.0,,,,,,,,,,,,,,,,,,,,,,,,,,,,,,,,,,,,,,,,0,0,8,14
4,region_04,2022-04-23,,,,,,,,,,,,,,,0.019104461136617113,0.0,,,,,,,,,,,,,,,,,,,,,,,,,0.0,0.0,,,,,,,,,,,,,0.017555765698061217,0.0,0.7094950181133343,0.0,0.2674975656675842,0.0,0.0,,0.0,,,,,,0.00039966562489631634,0.0,0.0,0.0,0.0004844036106523408,0.0,0.0,,0.0,,0.0,,0.0,,0.0,,0.0,,0.0,,,,,,,,,,,,0.0,,,,,,,,,,,,,,,,,,,,,,,,,,,,,,,,,,,,,,,,,,,,,,,,,,,,,,,,,,,,,,,,,,,,,,,,,,,,,,,,,,,,,,,,,,,,,,,,,,,,,,,,,,,,,,,,,,,,,,,,,,0.0,,0.0,,,,,,,,,,,,,,0.0,,0.0,,,,,,,,,,,,0.0,,0.0,,0.0,,,,,,,,,,,,,,,,,,,,,,,,,,,,,,,,,,,,,,,,0,0,8,15
4,region_04,2022-04-30,,,,,,,,,,,,,,,0.011896178591996383,0.0,,,,,,,,,,,,,,,,,,,,,,,,,0.0,0.0,,,,,,,,,,,,,0.009834951940266482,0.0,0.6056367067190317,0.0,0.37071022391319275,0.0,0.0,,0.0,,,,,,0.002207584831179351,0.0,0.0,0.0,0.007140980738842316,0.0,0.0,,0.0,,0.0,,0.0,,0.0,,0.0,,0.0,,,,,,,,,,,,0.0,,,,,,,,,,,,,,,,,,,,,,,,,,,,,,,,,,,,,,,,,,,,,,,,,,,,,,,,,,,,,,,,,,,,,,,,,,,,,,,,,,,,,,,,,,,,,,,,,,,,,,,,,,,,,,,,,,,,,,,,,,0.0,,0.0,,,,,,,,,,,,,,0.0,,0.0,,,,,,,,,,,,0.0,,0.0,,0.0,,,,,,,,,,,,,,,,,,,,,,,,,,,,,,,,,,,,,,,,0,0,8,16
4,region_04,2022-05-07,,,,,,,,,,,,,,,0.006969273501240112,0.0,,,,,,,,,,,,,,,,,,,,,,,,,0.0,0.0,,,,,,,,,,,,,0.005445817841545577,0.0,0.540956878194622,0.0,0.4333773185225094,0.0,0.0,,0.0,,,,,,0.004040524981231661,0.0,0.0,0.0,0.011082096177400316,0.0,0.0,,0.0,,0.0,,0.0,,0.0,,0.0,,0.0,,,,,,,,,,,,0.0,,,,,,,,,,,,,,,,,,,,,,,,,,,,,,,,,,,,,,,,,,,,,,,,,,,,,,,,,,,,,,,,,,,,,,,,,,,,,,,,,,,,,,,,,,,,,,,,,,,,,,,,,,,,,,,,,,,,,,,,,,0.0,,0.0,,,,,,,,,,,,,,0.0,,0.0,,,,,,,,,,,,0.0,,0.0,,0.0,,,,,,,,,,,,,,,,,,,,,,,,,,,,,,,,,,,,,,,,0,0,8,17
4,region_04,2022-05-14,,,,,,,,,,,,,,,0.0233088042587041,0.0,,,,,,,,,,,,,,,,,,,,,,,,,0.0,0.0,,,,,,,,,,,,,0.0011213825337642999,0.0,0.4410562992095947,0.0,0.529577049612999,0.0,0.0,,0.0,,,,,,0.009112379646726974,0.0,0.0,0.0,0.016115168565694123,0.0,0.0,,0.0,,0.0,,0.0,,0.0,,0.0,,0.0,,,,,,,,,,,,0.0,,,,,,,,,,,,,,,,,,,,,,,,,,,,,,,,,,,,,,,,,,,,,,,,,,,,,,,,,,,,,,,,,,,,,,,,,,,,,,,,,,,,,,,,,,,,,,,,,,,,,,,,,,,,,,,,,,,,,,,,,,0.0,,0.0,,,,,,,,,,,,,,0.0,,0.0,,,,,,,,,,,,0.0,,0.0,,0.0,,,,,,,,,,,,,,,,,,,,,,,,,,,,,,,,,,,,,,,,0,0,8,18
4,region_04,2022-05-21,,,,,,,,,,,,,,,0.0007609091892158449,0.0,,,,,,,,,,,,,,,,,,,,,,,,,0.0,0.0,,,,,,,,,,,,,0.0017671159208368147,0.0,0.33821507193604294,0.0,0.6009561954712381,0.0,0.0,,0.0,,,,,,0.014800636173815086,0.0,0.0005729595446254489,0.0,0.03942707355837428,0.0,0.0,,0.0,,0.0,,0.0,,0.0,,0.0,,0.0,,,,,,,,,,,,0.0,,,,,,,,,,,,,,,,,,,,,,,,,,,,,,,,,,,,,,,,,,,,,,,,,,,,,,,,,,,,,,,,,,,,,,,,,,,,,,,,,,,,,,,,,,,,,,,,,,,,,,,,,,,,,,,,,,,,,,,,,,0.0,,0.0,,,,,,,,,,,,,,0.0,,0.0,,,,,,,,,,,,0.0,,0.0,,0.0,,,,,,,,,,,,,,,,,,,,,,,,,,,,,,,,,,,,,,,,0,0,8,19
4,region_04,2022-05-28,,,,,,,,,,,,,,,0.0005748287114091543,0.0,,,,,,,,,,,,,,,,,,,,,,,,,0.0,0.0,,,,,,,,,,,,,0.0005582516759578706,0.0,0.2758066498984893,0.0,0.6365745762983958,0.0,0.0,,0.0,,,,,,0.02989702233268565,0.0,0.0015482094632915393,0.0,0.05216007221800581,0.0,0.0,,0.0,,0.0,,0.0,,0.0,,0.0,,0.0,,,,,,,,,,,,0.0,,,,,,,,,,,,,,,,,,,,,,,,,,,,,,,,,,,,,,,,,,,,,,,,,,,,,,,,,,,,,,,,,,,,,,,,,,,,,,,,,,,,,,,,,,,,,,,,,,,,,,,,,,,,,,,,,,,,,,,,,,0.0,,0.0,,,,,,,,,,,,,,0.0,,0.0,,,,,,,,,,,,0.0,,0.0,,0.0,,,,,,,,,,,,,,,,,,,,,,,,,,,,,,,,,,,,,,,,0,0,8,20
4,region_04,2022-06-04,,,,,,,,,,,,,,,0.003148150360929987,0.0,,,,,,,,,,,,,,,,,,,,,,,,,0.0,0.0,,,,,,,,,,,,,0.004199293373590824,0.0,0.20892813326196463,0.0,0.6162121600293099,0.0,0.0,,0.0,,,,,,0.056752201407513685,0.0,0.0035779066327050217,0.0,0.10597213864960565,0.0,0.0,,0.0,,0.0,,0.0,,0.0,,0.0,,0.0,,,,,,,,,,,,0.0,,,,,,,,,,,,,,,,,,,,,,,,,,,,,,,,,,,,,,,,,,,,,,,,,,,,,,,,,,,,,,,,,,,,,,,,,,,,,,,,,,,,,,,,,,,,,,,,,,,,,,,,,,,,,,,,,,,,,,,,,,0.0,,0.0,,,,,,,,,,,,,,0.0,,0.0,,,,,,,,,,,,0.0,,0.0,,0.0,,,,,,,,,,,,,,,,,,,,,,,,,,,,,,,,,,,,,,,,0,0,8,21
4,region_04,2022-06-11,,,,,,,,,,,,,,,0.00022558924494023042,0.0,,,,,,,,,,,,,,,,,,,,,,,,,0.0,0.0,,,,,,,,,,,,,0.0001139798041549,0.0,0.16434572734262629,0.0,0.5817879218122234,0.0,0.0,,0.0,,,,,,0.0744330160643743,0.0,0.0045139568789702685,0.0,0.17343307999165158,0.0,0.0,,0.0,,0.0,,0.0,,0.0,,0.0,,0.0,,,,,,,,,,,,0.0,,,,,,,,,,,,,,,,,,,,,,,,,,,,,,,,,,,,,,,,,,,,,,,,,,,,,,,,,,,,,,,,,,,,,,,,,,,,,,,,,,,,,,,,,,,,,,,,,,,,,,,,,,,,,,,,,,,,,,,,,,0.0,,0.0,,,,,,,,,,,,,,0.0,,0.0,,,,,,,,,,,,0.0,,0.0,,0.0,,,,,,,,,,,,,,,,,,,,,,,,,,,,,,,,,,,,,,,,0,0,8,22
4,region_04,2022-06-18,,,,,,,,,,,,,,,0.00026340132656812445,0.0,,,,,,,,,,,,,,,,,,,,,,,,,0.0,0.0,,,,,,,,,,,,,0.0,0.0,0.09994194722837868,0.0,0.4888284961382548,0.0,0.0,,0.0,,,,,,0.1120448960198296,0.0,0.01116379450370621,0.0,0.28820919593175254,0.0,0.0,,0.0,,0.0,,0.0,,0.0,,0.0,,0.0,,,,,,,,,,,,0.0,,,,,,,,,,,,,,,,,,,,,,,,,,,,,,,,,,,,,,,,,,,,,,,,,,,,,,,,,,,,,,,,,,,,,,,,,,,,,,,,,,,,,,,,,,,,,,,,,,,,,,,,,,,,,,,,,,,,,,,,,,0.0,,0.0,,,,,,,,,,,,,,0.0,,0.0,,,,,,,,,,,,0.0,,0.0,,0.0,,,,,,,,,,,,,,,,,,,,,,,,,,,,,,,,,,,,,,,,0,0,8,23
4,region_04,2022-06-25,,,,,,,,,,,,,,,0.0,0.0,,,,,,,,,,,,,,,,,,,,,,,,,0.0,0.0,,,,,,,,,,,,,0.0,0.0,0.065477637743408,0.0,0.3700950816273689,0.0,0.00013921674476205295,2.0,0.0,,,,,,0.12413186071948568,0.0,0.014519324458045154,0.0,0.42523945664817636,0.0,0.0,,0.0,,0.0,,0.0,,0.0,,0.0,,0.0,,,,,,,,,,,,0.0,,,,,,,,,,,,,,,,,,,,,,,,,,,,,,,,,,,,,,,,,,,,,,,,,,,,,,,,,,,,,,,,,,,,,,,,,,,,,,,,,,,,,,,,,,,,,,,,,,,,,,,,,,,,,,,,,,,,,,,,,,0.0,,0.0,,,,,,,,,,,,,,0.0,,0.0,,,,,,,,,,,,0.0,,0.0,,0.0,,,,,,,,,,,,,,,,,,,,,,,,,,,,,,,,,,,,,,,,0,1,8,24
4,region_04,2022-07-02,,,,,,,,,,,,,,,0.0,0.0,,,,,,,,,,,,,,,,,,,,,,,,,0.0,0.0,,,,,,,,,,,,,0.0,0.0,0.04376216068170787,0.0,0.24831736053145204,0.0,0.0,0.0,0.0,,,,,,0.13329165168972898,0.0,0.02336494724561523,0.0,0.5513952554658402,0.0,0.00015752748160069641,2.0,0.0,,0.0,,0.0,,0.0,,0.0,,0.0,,,,,,,,,,,,0.0,,,,,,,,,,,,,,,,,,,,,,,,,,,,,,,,,,,,,,,,,,,,,,,,,,,,,,,,,,,,,,,,,,,,,,,,,,,,,,,,,,,,,,,,,,,,,,,,,,,,,,,,,,,,,,,,,,,,,,,,,,0.0,,0.0,,,,,,,,,,,,,,0.0,,0.0,,,,,,,,,,,,0.0,,0.0,,0.0,,,,,,,,,,,,,,,,,,,,,,,,,,,,,,,,,,,,,,,,0,1,9,25
4,region_04,2022-07-09,,,,,,,,,,,,,,,0.00031021318864074,0.0,,,,,,,,,,,,,,,,,,,,,,,,,0.0,0.0,,,,,,,,,,,,,0.00038424470061294413,0.0,0.0214864417821878,0.0,0.16943703201555066,0.0,0.00014734215159580293,0.0,0.0,,,,,,0.13085973085392086,0.0,0.031086195442007764,0.0,0.6467953636532738,0.0,0.0,0.0,0.0,,0.0,,0.0,,0.0,,0.0,,0.0,,,,,,,,,,,,0.0,,,,,,,,,,,,,,,,,,,,,,,,,,,,,,,,,,,,,,,,,,,,,,,,,,,,,,,,,,,,,,,,,,,,,,,,,,,,,,,,,,,,,,,,,,,,,,,,,,,,,,,,,,,,,,,,,,,,,,,,,,0.0,,0.0,,,,,,,,,,,,,,0.0,,0.0,,,,,,,,,,,,0.0,,0.0,,0.0,,,,,,,,,,,,,,,,,,,,,,,,,,,,,,,,,,,,,,,,0,0,10,26
4,region_04,2022-07-16,,,,,,,,,,,,,,,0.0,0.0,,,,,,,,,,,,,,,,,,,,,,,,,0.0,0.0,,,,,,,,,,,,,0.0,0.0,0.020321460349894103,0.0,0.10781293798510617,0.0,0.00018516000529731765,0.0,0.0,,,,,,0.13134027254290692,0.0,0.04224089405885553,0.0,0.697182355857477,0.0,0.0001847479080814,0.0,0.00027449234621594403,2.0,0.0,,0.0,,0.0,,0.0,,0.0,,,,,,,,,,,,0.0,,,,,,,,,,,,,,,,,,,,,,,,,,,,,,,,,,,,,,,,,,,,,,,,,,,,,,,,,,,,,,,,,,,,,,,,,,,,,,,,,,,,,,,,,,,,,,,,,,,,,,,,,,,,,,,,,,,,,,,,,,0.0,,0.0,,,,,,,,,,,,,,0.0,,0.0,,,,,,,,,,,,0.0,,0.0,,0.0,,,,,,,,,,,,,,,,,,,,,,,,,,,,,,,,,,,,,,,,0,1,10,27
4,region_04,2022-07-23,,,,,,,,,,,,,,,0.0003812827169894675,0.0,,,,,,,,,,,,,,,,,,,,,,,,,0.0,0.0,,,,,,,,,,,,,0.0007151798961464382,0.0,0.011832246909270365,0.0,0.05840830206871028,0.0,0.0003283991254112412,0.0,0.0,,,,,,0.10097143389284606,0.0,0.0541858103126287,0.0,0.7707726001739502,0.0,0.00032758976885811783,0.0,0.00044969661976206,0.0,0.0010231282623648559,2.0,0.0,,0.0,,0.0,,0.0,,,,,,,,,,,,0.0,,,,,,,,,,,,,,,,,,,,,,,,,,,,,,,,,,,,,,,,,,,,,,,,,,,,,,,,,,,,,,,,,,,,,,,,,,,,,,,,,,,,,,,,,,,,,,,,,,,,,,,,,,,,,,,,,,,,,,,,,,0.0,,0.0,,,,,,,,,,,,,,0.0,,0.0,,,,,,,,,,,,0.0,,0.0,,0.0,,,,,,,,,,,,,,,,,,,,,,,,,,,,,,,,,,,,,,,,0,1,11,28
4,region_04,2022-07-30,,,,,,,,,,,,,,,0.0,0.0,,,,,,,,,,,,,,,,,,,,,,,,,0.0,0.0,,,,,,,,,,,,,0.0,0.0,0.008732769221655579,0.0,0.03808772407079993,0.0,0.000608233455910897,0.0,0.0,,,,,,0.08420313992782638,0.0,0.0571090976070416,0.0,0.8088160078776511,0.0,0.0003033709758060607,0.0,0.000820499078836248,0.0,0.0011256232255083206,0.0,0.0,,0.00030360108842913,2.0,0.0,,0.0,,,,,,,,,,,,0.0,,,,,,,,,,,,,,,,,,,,,,,,,,,,,,,,,,,,,,,,,,,,,,,,,,,,,,,,,,,,,,,,,,,,,,,,,,,,,,,,,,,,,,,,,,,,,,,,,,,,,,,,,,,,,,,,,,,,,,,,,,0.0,,0.0,,,,,,,,,,,,,,0.0,,0.0,,,,,,,,,,,,0.0,,0.0,,0.0,,,,,,,,,,,,,,,,,,,,,,,,,,,,,,,,,,,,,,,,0,1,12,29
4,region_04,2022-08-06,,,,,,,,,,,,,,,0.00020817181211895,0.0,,,,,,,,,,,,,,,,,,,,,,,,,0.0,0.0,,,,,,,,,,,,,0.00024536669790150585,0.0,0.005013063239554533,0.0,0.02194197410465893,0.0,0.0012270629488150382,0.0,0.0,,,,,,0.07757254545059464,0.0,0.06439772691275618,0.0,0.8274054865579348,0.0,0.0007349994328770572,0.0,0.000297213291050816,0.0,0.002313345300910168,0.0,0.0,,0.00024490386955823004,0.0,0.0,,0.0,,,,,,,,,,,,0.0,,,,,,,,,,,,,,,,,,,,,,,,,,,,,,,,,,,,,,,,,,,,,,,,,,,,,,,,,,,,,,,,,,,,,,,,,,,,,,,,,,,,,,,,,,,,,,,,,,,,,,,,,,,,,,,,,,,,,,,,,,0.0,,0.0,,,,,,,,,,,,,,0.0,,0.0,,,,,,,,,,,,0.0,,0.0,,0.0,,,,,,,,,,,,,,,,,,,,,,,,,,,,,,,,,,,,,,,,0,0,13,30
4,region_04,2022-08-13,,,,,,,,,,,,,,,0.0,0.0,,,,,,,,,,,,,,,,,,,,,,,,,0.0,0.0,,,,,,,,,,,,,0.0,0.0,0.00454235449433325,0.0,0.01508899511665929,0.0,0.001995858907535179,0.0,0.0,,,,,,0.06602104587687381,0.0,0.08699686680403015,0.0,0.8220419338771275,0.0,0.000989954062138775,0.0,0.0006784428795799121,0.0,0.003441630195205363,0.0,0.0,,0.00033131622088448,0.0,0.0,,0.0,,,,,,,,,,,,0.0,,,,,,,,,,,,,,,,,,,,,,,,,,,,,,,,,,,,,,,,,,,,,,,,,,,,,,,,,,,,,,,,,,,,,,,,,,,,,,,,,,,,,,,,,,,,,,,,,,,,,,,,,,,,,,,,,,,,,,,,,,0.00032179091829758096,2.0,0.0,,,,,,,,,,,,,,0.0,,0.0,,,,,,,,,,,,0.0,,0.0,,0.0,,,,,,,,,,,,,,,,,,,,,,,,,,,,,,,,,,,,,,,,0,1,13,31
4,region_04,2022-08-20,,,,,,,,,,,,,,,0.0,0.0,,,,,,,,,,,,,,,,,,,,,,,,,0.0,0.0,,,,,,,,,,,,,0.0,0.0,0.0065827104263007,0.0,0.00455517159508802,0.0,0.003240219433791888,0.0,0.0,,,,,,0.047501012150730354,0.0,0.09254240031753264,0.0,0.8428258841687982,0.0,0.00032378768706356785,0.0,0.0013432905171066082,0.0,0.00453752400353548,0.0,0.0,,0.0005177732576460333,0.0,0.0,,0.0,,,,,,,,,,,,0.0,,,,,,,,,,,,,,,,,,,,,,,,,,,,,,,,,,,,,,,,,,,,,,,,,,,,,,,,,,,,,,,,,,,,,,,,,,,,,,,,,,,,,,,,,,,,,,,,,,,,,,,,,,,,,,,,,,,,,,,,,,0.0,0.0,0.0,,,,,,,,,,,,,,0.0,,0.0,,,,,,,,,,,,0.0,,0.0,,0.0,,,,,,,,,,,,,,,,,,,,,,,,,,,,,,,,,,,,,,,,0,0,14,32
4,region_04,2022-08-27,,,,,,,,,,,,,,,0.0,0.0,,,,,,,,,,,,,,,,,,,,,,,,,0.0,0.0,,,,,,,,,,,,,0.0005453766344169412,0.0,0.0020191970637396268,0.0,0.00463853372425275,0.0,0.003000540816334624,0.0,0.00043384565215087,2.0,,,,,0.04905482721241077,0.0,0.1044352953048313,0.0,0.8266200703733108,0.0,0.0006827508768764715,0.0,0.0011150323133915238,0.0,0.006862036842743212,0.0,0.0,,0.0008334665015960233,0.0,0.0,,0.0,,,,,,,,,,,,0.0,,,,,,,,,,,,,,,,,,,,,,,,,,,,,,,,,,,,,,,,,,,,,,,,,,,,,,,,,,,,,,,,,,,,,,,,,,,,,,,,,,,,,,,,,,,,,,,,,,,,,,,,,,,,,,,,,,,,,,,,,,0.0,0.0,0.0,,,,,,,,,,,,,,0.0,,0.0,,,,,,,,,,,,0.0,,0.0,,0.0,,,,,,,,,,,,,,,,,,,,,,,,,,,,,,,,,,,,,,,,0,1,14,33
4,region_04,2022-09-03,,,,,,,,,,,,,,,0.0,0.0,,,,,,,,,,,,,,,,,,,,,,,,,0.0,0.0,,,,,,,,,,,,,0.0,0.0,0.0019497595670999394,0.0,0.0011766343095311242,0.0,0.0030107761620345847,0.0,0.0012886276196998367,0.0,,,,,0.031205467992659712,0.0,0.13710292451309433,0.0,0.8138722542560461,0.0,0.0008343795676149785,0.0,0.001279474264010732,0.0,0.006740886365260988,0.0,0.00024116050134086154,2.0,0.0009343934226004533,0.0,0.0,,0.0,,,,,,,,,,,,0.0,,,,,,,,,,,,,,,,,,,,,,,,,,,,,,,,,,,,,,,,,,,,,,,,,,,,,,,,,,,,,,,,,,,,,,,,,,,,,,,,,,,,,,,,,,,,,,,,,,,,,,,,,,,,,,,,,,,,,,,,,,0.0,0.0,0.0,,,,,,,,,,,,,,0.0,,0.0,,,,,,,,,,,,0.0,,0.0,,0.0,,,,,,,,,,,,,,,,,,,,,,,,,,,,,,,,,,,,,,,,0,1,15,34
4,region_04,2022-09-10,,,,,,,,,,,,,,,0.0,0.0,,,,,,,,,,,,,,,,,,,,,,,,,0.0,0.0,,,,,,,,,,,,,0.0,0.0,0.0016496376047143125,0.0,0.0007133320450520407,0.0,0.0027005275842383906,0.0,0.00098248777018545,0.0,,,,,0.03002077486598859,0.0,0.1300258710980415,0.0,0.8104804437607527,0.0,0.0009017663698094215,0.0,0.004161751829087688,0.0,0.012993392389034797,0.0,0.0,0.0,0.0035451494312534267,0.0,0.0008493112671809401,1.0,0.0,,,,,,,,,,,,0.0,,,,,,,,,,,,,,,,,,,,,,,,,,,,,,,,,,,,,,,,,,,,,,,,,,,,,,,,,,,,,,,,,,,,,,,,,,,,,,,,,,,,,,,,,,,,,,,,,,,,,,,,,,,,,,,,,,,,,,,,,,0.0,0.0,0.0,,,,,,,,,,,,,,0.0,,0.0,,,,,,,,,,,,0.0,,0.0,,0.0,,,,,,,,,,,,,,,,,,,,,,,,,,,,,,,,,,,,,,,,1,0,16,0
4,region_04,2022-09-17,,,,,,,,,,,,,,,0.0,0.0,,,,,,,,,,,,,,,,,,,,,,,,,0.0,0.0,,,,,,,,,,,,,0.0,0.0,0.0019294258635190163,0.0,0.0005997608137887355,0.0,0.0071096532046794,0.0,0.004168132770185616,0.0,,,,,0.029220943128870334,0.0,0.13777675744025936,0.0,0.7930032841620906,0.0,0.002839157378600332,0.0,0.0054807718098163205,0.0,0.01709592023924469,0.0,0.0,0.0,0.00293444469571109,0.0,0.0014368478286390033,0.0,0.0,,,,,,,,,,,,0.0,,,,,,,,,,,,,,,,,,,,,,,,,,,,,,,,,,,,,,,,,,,,,,,,,,,,,,,,,,,,,,,,,,,,,,,,,,,,,,,,,,,,,,,,,,,,,,,,,,,,,,,,,,,,,,,,,,,,,,,,,,0.0,0.0,0.0,,,,,,,,,,,,,,0.0,,0.0,,,,,,,,,,,,0.0,,0.0,,0.0,,,,,,,,,,,,,,,,,,,,,,,,,,,,,,,,,,,,,,,,0,0,17,1
4,region_04,2022-09-24,,,,,,,,,,,,,,,0.0,0.0,,,,,,,,,,,,,,,,,,,,,,,,,0.0,0.0,,,,,,,,,,,,,0.0003295598512825367,0.0,0.0017412083921953434,0.0,0.0003240951280950884,0.0,0.00606862170000866,0.0,0.004226109509666706,0.0,,,,,0.010615225271161214,0.0,0.14854362457990644,0.0,0.7849703629811605,0.0,0.002625685160247825,0.0,0.006786638814955892,0.0,0.02020693891521153,0.0,0.0,0.0,0.00855149764878051,0.0,0.004318897270907913,0.0,0.0,,,,,,,,,,,,0.0,,,,,,,,,,,,,,,,,,,,,,,,,,,,,,,,,,,,,,,,,,,,,,,,,,,,,,,,,,,,,,,,,,,,,,,,,,,,,,,,,,,,,,,,,,,,,,,,,,,,,,,,,,,,,,,,,,,,,,,,,,0.0,0.0,0.0,,,,,,,,,,,,,,0.0,,0.0,,,,,,,,,,,,0.0,,0.0,,0.0,,,,,,,,,,,,,,,,,,,,,,,,,,,,,,,,,,,,,,,,0,0,17,2
4,region_04,2022-10-01,,,,,,,,,,,,,,,0.0,0.0,,,,,,,,,,,,,,,,,,,,,,,,,0.0,0.0,,,,,,,,,,,,,0.0018735926589994643,0.0,0.004422798447696241,0.0,0.0004999707598471536,0.0,0.01527454504935901,0.0,0.004899238380764017,0.0,,,,,0.022689752794545222,0.0,0.16498012635214573,0.0,0.7222493393667813,0.0,0.009060573365007086,0.0,0.002004867866635276,0.0,0.030722549698989916,0.0,0.0020101626242438808,0.0,0.013643993168241386,0.0,0.004624613255647704,0.0,0.0010157665936275867,2.0,,,,,,,,,,,0.0,,,,,,,,,,,,,,,,,,,,,,,,,,,,,,,,,,,,,,,,,,,,,,,,,,,,,,,,,,,,,,,,,,,,,,,,,,,,,,,,,,,,,,,,,,,,,,,,,,,,,,,,,,,,,,,,,,,,,,,,,,0.0005181562883080417,0.0,0.0,,,,,,,,,,,,,,0.0,,0.0,,,,,,,,,,,,0.0,,0.0,,0.0,,,,,,,,,,,,,,,,,,,,,,,,,,,,,,,,,,,,,,,,0,1,17,3
4,region_04,2022-10-08,,,,,,,,,,,,,,,0.0,0.0,,,,,,,,,,,,,,,,,,,,,,,,,0.0,0.0,,,,,,,,,,,,,0.0006841094623917964,0.0,0.0027309659469339997,0.0,0.0,0.0,0.009720160492828861,0.0,0.008148811408318529,0.0,,,,,0.007816586693349647,0.0,0.13127169491989268,0.0,0.7163636939866203,0.0,0.009148224808827548,0.0,0.008323361054062804,0.0,0.056507962489766694,0.0,0.007146055434042399,0.0,0.023592192213982295,0.0,0.01801884900778526,0.0,0.0,0.0,,,,,,,,,,,0.0,,,,,,,,,,,,,,,,,,,,,,,,,,,,,,,,,,,,,,,,,,,,,,,,,,,,,,,,,,,,,,,,,,,,,,,,,,,,,,,,,,,,,,,,,,,,,,,,,,,,,,,,,,,,,,,,,,,,,,,,,,0.0031634988263248916,0.0,0.0,,,,,,,,,,,,,,0.0,,0.0,,,,,,,,,,,,0.0,,0.0,,0.0,,,,,,,,,,,,,,,,,,,,,,,,,,,,,,,,,,,,,,,,0,0,18,4
4,region_04,2022-10-15,,,,,,,,,,,,,,,0.0,0.0,,,,,,,,,,,,,,,,,,,,,,,,,0.0,0.0,,,,,,,,,,,,,0.0033373811009088767,0.0,0.002302442884279578,0.0,0.0,0.0,0.0168489459902048,0.0,0.005703498505883701,0.0,,,,,0.0117047429084777,0.0,0.11439216302500826,0.0,0.6851368480258517,0.0,0.01608106700910458,0.0,0.006596758831292349,0.0,0.06522613363685427,0.0,0.00596764669395405,0.0,0.03366433773879648,0.0,0.04114849948220778,0.0,0.0,0.0,,,,,,,,,,,0.0,,,,,,,,,,,,,,,,,,,,,,,,,,,,,,,,,,,,,,,,,,,,,,,,,,,,,,,,,,,,,,,,,,,,,,,,,,,,,,,,,,,,,,,,,,,,,,,,,,,,,,,,,,,,,,,,,,,,,,,,,,0.0009812592373539542,0.0,0.0,,,,,,,,,,,,,,0.0,,0.0,,,,,,,,,,,,0.0,,0.0,,0.0,,,,,,,,,,,,,,,,,,,,,,,,,,,,,,,,,,,,,,,,0,0,18,5
4,region_04,2022-10-22,,,,,,,,,,,,,,,0.0,0.0,,,,,,,,,,,,,,,,,,,,,,,,,0.0,0.0,,,,,,,,,,,,,0.0,0.0,0.004916220509375473,0.0,0.0,0.0,0.019683825281950097,0.0,0.00118139113496555,0.0,,,,,0.00118139113496555,0.0,0.08364708721637723,0.0,0.6544103989234338,0.0,0.017447766537467584,0.0,0.011044802218675572,0.0,0.0649129742613205,0.0,0.020056448733577315,0.0,0.0626937290653586,0.0,0.06862033874942701,0.0,0.0033167857987184734,0.0,,,,,,,,,,,0.0,,,,,,,,,,,,,,,,,,,,,,,,,,,,,,,,,,,,,,,,,,,,,,,,,,,,,,,,,,,,,,,,,,,,,,,,,,,,,,,,,,,,,,,,,,,,,,,,,,,,,,,,,,,,,,,,,,,,,,,,,,0.00900056760292496,0.0,0.0,,,,,,,,,,,,,,0.0,,0.0,,,,,,,,,,,,0.0,,0.0,,0.0,,,,,,,,,,,,,,,,,,,,,,,,,,,,,,,,,,,,,,,,0,0,18,6
4,region_04,2022-10-29,,,,,,,,,,,,,,,0.0,0.0,,,,,,,,,,,,,,,,,,,,,,,,,0.0,0.0,,,,,,,,,,,,,0.000744155453285152,0.0,0.002624618271365704,0.0,0.0,0.0,0.0070480469428002325,0.0,0.006485983431339212,0.0,,,,,0.0017797575425356161,0.0,0.08550497357334405,0.0,0.5546731079618136,0.0,0.02425067046923291,0.0,0.011196744628250543,0.0,0.0847767478227615,0.0,0.022291676923632577,0.0,0.09213728934526438,0.0,0.1079279431700706,0.0,0.0,0.0,,,,,,,,,,,0.0,,,,,,,,,,,,,,,,,,,,,,,,,,,,,,,,,,,,,,,,,,,,,,,,,,,,,,,,,,,,,,,,,,,,,,,,,,,,,,,,,,,,,,,,,,,,,,,,,,,,,,,,,,,,,,,,,,,,,,,,,,0.013410291227046333,0.0,0.0,,,,,,,,,,,,,,0.0,,0.0,,,,,,,,,,,,0.0,,0.0,,0.0,,,,,,,,,,,,,,,,,,,,,,,,,,,,,,,,,,,,,,,,0,0,18,7
4,region_04,2022-11-05,,,,,,,,,,,,,,,0.0,0.0,,,,,,,,,,,,,,,,,,,,,,,,,0.0,0.0,,,,,,,,,,,,,0.0010742625842491333,0.0,0.0027169984144468583,0.0,0.0010742625842491333,0.0,0.01441664500938103,0.0,0.002100145934188383,0.0,,,,,0.003439986341011975,0.0,0.08315294049680229,0.0,0.5081871501777483,0.0,0.02355444431304925,0.0,0.013049259626617,0.0,0.09347396499166881,0.0,0.028979292449851788,0.0,0.12331580029179649,0.0,0.08362461098780231,0.0,0.0027653484294811468,0.0,,,,,,,,,,,0.0,,,,,,,,,,,,,,,,,,,,,,,,,,,,,,,,,,,,,,,,,,,,,,,,,,,,,,,,,,,,,,,,,,,,,,,,,,,,,,,,,,,,,,,,,,,,,,,,,,,,,,,,,,,,,,,,,,,,,,,,,,0.012059943808708291,0.0,0.0,,,,,,,,,,,,,,0.0,,0.0,,,,,,,,,,,,0.0,,0.0,,0.0,,,,,,,,,,,,,,,,,,,,,,,,,,,,,,,,,,,,,,,,0,0,18,8
4,region_04,2022-11-12,,,,,,,,,,,,,,,0.0,0.0,,,,,,,,,,,,,,,,,,,,,,,,,0.0,0.0,,,,,,,,,,,,,0.0,0.0,0.005699008197078192,0.0,0.0035518642575682,0.0,0.01557079721242186,0.0,0.002828107488786996,0.0,,,,,0.003338565467856783,0.0,0.05912454895999117,0.0,0.43098936162211676,0.0,0.021217897534370374,0.0,0.02216537520289416,0.0,0.0775563305486803,0.0,0.03260193243622776,0.0,0.16286658722421393,0.0,0.16879843045835904,0.0,0.00395730280627802,0.0,,,,,,,,,,,0.0,,,,,,,,,,,,,,,,,,,,,,,,,,,,,,,,,,,,,,,,,,,,,,,,,,,,,,,,,,,,,,,,,,,,,,,,,,,,,,,,,,,,,,,,,,,,,,,,,,,,,,,,,,,,,,,,,,,,,,,,,,0.015815470327177717,0.0,0.0,,,,,,,,,,,,,,0.0,,0.0,,,,,,,,,,,,0.0,,0.0,,0.0,,,,,,,,,,,,,,,,,,,,,,,,,,,,,,,,,,,,,,,,0,0,18,9
4,region_04,2022-11-19,,,,,,,,,,,,,,,0.0,0.0,,,,,,,,,,,,,,,,,,,,,,,,,0.0,0.0,,,,,,,,,,,,,0.0,0.0,0.0019383725805461544,0.0,0.0,0.0,0.014210059307515576,0.0,0.00313298885752865,0.0,,,,,0.0034032741942527133,0.0,0.036189880222082096,0.0,0.32487785951657727,0.0,0.03021074822616005,0.0,0.00571964700198305,0.0,0.09388764778321436,0.0,0.030915107408707735,0.0,0.17886486039920282,0.0,0.25945545191114594,0.0,0.0036084485861161866,0.0,,,,,,,,,,,0.0,,,,,,,,,,,,,,,,,,,,,,,,,,,,,,,,,,,,,,,,,,,,,,,,,,,,,,,,,,,,,,,,,,,,,,,,,,,,,,,,,,,,,,,,,,,,,,,,,,,,,,,,,,,,,,,,,,,,,,,,,,0.02884186897426838,0.0,0.0,,,,,,,,,,,,,,0.000941287203826642,1.0,0.0,,,,,,,,,,,,0.0,,0.0,,0.0,,,,,,,,,,,,,,,,,,,,,,,,,,,,,,,,,,,,,,,,1,0,18,0
4,region_04,2022-11-26,,,,,,,,,,,,,,,0.0,0.0,,,,,,,,,,,,,,,,,,,,,,,,,0.0,0.0,,,,,,,,,,,,,0.0,0.0,0.0038882607006511813,0.0,0.000904928215147338,0.0,0.0172996732095877,0.0,0.0013533303419881477,0.0,,,,,0.000519876819453175,0.0,0.0251531079411506,0.0,0.23798044238771707,0.0,0.0227043706746328,0.0,0.004642673147221367,0.0,0.10130629085359115,0.0,0.032071401261621016,0.0,0.22939493826457427,0.0,0.26892459960210885,0.0,0.008479066068927399,0.0,,,,,,,,,,,0.0,,,,,,,,,,,,,,,,,,,,,,,,,,,,,,,,,,,,,,,,,,,,,,,,,,,,,,,,,,,,,,,,,,,,,,,,,,,,,,,,,,,,,,,,,,,,,,,,,,,,,,,,,,,,,,,,,,,,,,,,,,0.038340842351317364,0.0,0.0,,,,,,,,,,,,,,0.008235903138196726,0.0,0.0,,,,,,,,,,,,0.0,,0.0,,0.0,,,,,,,,,,,,,,,,,,,,,,,,,,,,,,,,,,,,,,,,0,0,19,1
4,region_04,2022-12-03,,,,,,,,,,,,,,,0.0,0.0,,,,,,,,,,,,,,,,,,,,,,,,,0.0,0.0,,,,,,,,,,,,,0.0,0.0,0.00647297478280955,0.0,0.0,0.0,0.0172242252156138,0.0,0.00291533404961223,0.0,,,,,0.001195869510411245,0.0,0.03443487007170912,0.0,0.20585652291774745,0.0,0.01991372341290112,0.0,0.007982929457763258,0.0,0.0625660547986626,0.0,0.02874287894289739,0.0,0.2104981146752834,0.0,0.3363526329398155,0.0,0.008846194172898867,0.0,,,,,,,,,,,0.0,,,,,,,,,,,,,,,,,,,,,,,,,,,,,,,,,,,,,,,,,,,,,,,,,,,,,,,,,,,,,,,,,,,,,,,,,,,,,,,,,,,,,,,,,,,,,,,,,,,,,,,,,,,,,,,,,,,,,,,,,,0.057701718683044065,0.0,0.0,,,,,,,,,,,,,,0.008699108086722415,0.0,0.0,,,,,,,,,,,,0.0,,0.0,,0.0,,,,,,,,,,,,,,,,,,,,,,,,,,,,,,,,,,,,,,,,0,0,19,2
4,region_04,2022-12-10,,,,,,,,,,,,,,,0.0,0.0,,,,,,,,,,,,,,,,,,,,,,,,,0.0,0.0,,,,,,,,,,,,,0.0,0.0,0.00843243720009918,0.0,0.0005333586013875368,0.0,0.0075002039390566575,0.0,0.0008768190746195111,0.0,,,,,0.0,0.0,0.013312620453928593,0.0,0.1972268851179825,0.0,0.017475815489888132,0.0,0.009073444900827234,0.0,0.05120658325521565,0.0,0.03067155142447773,0.0,0.21513507319124117,0.0,0.36917129002119364,0.0,0.008079106919467387,0.0,,,,,,,,,,,0.0,,,,,,,,,,,,,,,,,,,,,,,,,,,,,,,,,,,,,,,,,,,,,,,,,,,,,,,,,,,,,,,,,,,,,,,,,,,,,,,,,,,,,,,,,,,,,,,,,,,,,,,,,,,,,,,,,,,,,,,,,,0.05290094586579417,0.0,0.0,,,,,,,,,,,,,,0.018054297504325655,0.0,0.0,,,,,,,,,,,,0.0,,0.0,,0.0,,,,,,,,,,,,,,,,,,,,,,,,,,,,,,,,,,,,,,,,0,0,19,3
4,region_04,2022-12-17,,,,,,,,,,,,,,,0.0,0.0,,,,,,,,,,,,,,,,,,,,,,,,,0.0,0.0,,,,,,,,,,,,,0.0,0.0,0.0068809732329099885,0.0,0.0,0.0,0.0236887168139219,0.0,0.0,0.0,,,,,0.001258736224068911,0.0,0.013034649686339972,0.0,0.1602572550376256,0.0,0.014113786889033126,0.0,0.008740980048767355,0.0,0.048834295115537066,0.0,0.027855199244287216,0.0,0.20604513006077868,0.0,0.41747159428066677,0.0,0.014179750469823614,0.0,,,,,,,,,,,0.0,,,,,,,,,,,,,,,,,,,,,,,,,,,,,,,,,,,,,,,,,,,,,,,,,,,,,,,,,,,,,,,,,,,,,,,,,,,,,,,,,,,,,,,,,,,,,,,,,,,,,,,,,,,,,,,,,,,,,,,,,,0.03669832340058154,0.0,0.0,,,,,,,,,,,,,,0.030681932551993227,0.0,0.001644255903859889,2.0,,,,,,,,,,,0.0,,0.0,,0.0,,,,,,,,,,,,,,,,,,,,,,,,,,,,,,,,,,,,,,,,0,1,19,4
4,region_04,2022-12-24,,,,,,,,,,,,,,,0.0,0.0,,,,,,,,,,,,,,,,,,,,,,,,,0.0,0.0,,,,,,,,,,,,,0.0,0.0,0.002385249375091706,0.0,0.0,0.0,0.02187593467533585,0.0,0.0013927219175349705,0.0,,,,,0.0,0.0,0.01182700978482466,0.0,0.12475118873750457,0.0,0.01626451319704448,0.0,0.014702602234833323,0.0,0.0189747796120012,0.0,0.02544421647839682,0.0,0.1999559945919934,0.0,0.4297378256040461,0.0,0.015310900951070416,0.0,,,,,,,,,,,0.0,,,,,,,,,,,,,,,,,,,,,,,,,,,,,,,,,,,,,,,,,,,,,,,,,,,,,,,,,,,,,,,,,,,,,,,,,,,,,,,,,,,,,,,,,,,,,,,,,,,,,,,,,,,,,,,,,,,,,,,,,,0.060739089899203305,0.0,0.0,,,,,,,,,,,,,,0.0705780487726716,0.0,0.0,0.0,,,,,,,,,,,0.0,,0.0,,0.0,,,,,,,,,,,,,,,,,,,,,,,,,,,,,,,,,,,,,,,,0,0,20,5
4,region_04,2022-12-31,,,,,,,,,,,,,,,0.0,0.0,,,,,,,,,,,,,,,,,,,,,,,,,0.0,0.0,,,,,,,,,,,,,0.0,0.0,0.0027890994388144,0.0,0.0,0.0,0.0185193177312612,0.0,0.0011994793894700188,0.0,,,,,0.0,0.0,0.0024889181877369502,0.0,0.09973327256739135,0.0,0.013892535062041082,0.0,0.007567211636342056,0.0,0.03486769064329561,0.0,0.03569281846284861,0.0,0.17120460886508224,0.0,0.4492700770497322,0.0,0.014480997497836707,0.0,,,,,,,,,,,0.0,,,,,,,,,,,,,,,,,,,,,,,,,,,,,,,,,,,,,,,,,,,,,,,,,,,,,,,,,,,,,,,,,,,,,,,,,,,,,,,,,,,,,,,,,,,,,,,,,,,,,,,,,,,,,,,,,,,,,,,,,,0.049052684567868654,0.0,0.0,,,,,,,,,,,,,,0.11228808201849458,0.0,0.00034961738856504997,0.0,,,,,,,,,,,0.0,,0.0,,0.0,,,,,,,,,,,,,,,,,,,,,,,,,,,,,,,,,,,,,,,,0,0,20,6
4,region_04,2023-01-07,,,,,,,,,,,,,,,0.0,0.0,,,,,,,,,,,,,,,,,,,,,,,,,0.0,0.0,,,,,,,,,,,,,0.0,0.0,0.0006605358367474734,0.0,0.00037369307246985333,0.0,0.005437294673174573,0.0,0.0008903670008293733,0.0,,,,,0.00024291993759105,0.0,0.0059160653501748465,0.0,0.0755007813374201,0.0,0.008745643558601494,0.0,0.0064382427372038,0.0,0.022703550489885416,0.0,0.03131618077556287,0.0,0.15007931100470676,0.0,0.42243382732073465,0.0,0.0218681320548057,0.0,,,,,,,,,,,0.0,,,,,,,,,,,,,,,,,,,,,,,,,,,,,,,,,,,,,,,,,,,,,,,,,,,,,,,,,,,,,,,,,,,,,,,,,,,,,,,,,,,,,,,,,,,,,,,,,,,,,,,,,,,,,,,,,,,,,,,,,,0.05137262294689808,0.0,0.0,,,,,,,,,,,,,,0.18742733399073278,0.0,0.0004071522529960666,0.0,,,,,,,,,,,0.0,,0.0,,0.0,,,,,,,,,,,,,,,,,,,,,,,,,,,,,,,,,,,,,,,,0,0,20,7
4,region_04,2023-01-14,,,,,,,,,,,,,,,0.0,0.0,,,,,,,,,,,,,,,,,,,,,,,,,0.0,0.0,,,,,,,,,,,,,0.0,0.0,0.0033763591699035576,0.0,0.0,0.0,0.0077149833265978,0.0,0.0013534765540888,0.0,,,,,0.0005630777533431714,0.0,0.00143633944597755,0.0,0.05474284530750339,0.0,0.008256104641726986,0.0,0.0017977222783623571,0.0,0.01550605580476773,0.0,0.021052033640444234,0.0,0.13287290611437386,0.0,0.36431136088711874,0.0,0.02322479310844622,0.0,,,,,,,,,,,0.0004152122928644,2.0,,,,,,,,,,,,,,,,,,,,,,,,,,,,,,,,,,,,,,,,,,,,,,,,,,,,,,,,,,,,,,,,,,,,,,,,,,,,,,,,,,,,,,,,,,,,,,,,,,,,,,,,,,,,,,,,,,,,,,,,,0.06071881577372547,0.0,0.0,,,,,,,,,,,,,,0.29783173331192564,0.0,0.0011896073507765333,0.0,,,,,,,,,,,0.0,,0.0,,0.0,,,,,,,,,,,,,,,,,,,,,,,,,,,,,,,,,,,,,,,,0,1,20,8
4,region_04,2023-01-21,,,,,,,,,,,,,,,0.0,0.0,,,,,,,,,,,,,,,,,,,,,,,,,0.0,0.0,,,,,,,,,,,,,0.0,0.0,0.0036151378522984614,0.0,0.0,0.0,0.004926485045311485,0.0,0.001405129146475577,0.0,,,,,0.0,0.0,0.0025737091200425766,0.0,0.03602604711285,0.0,0.003112414404033423,0.0,0.002390034210223369,0.0,0.008710487888982616,0.0,0.015248911885114775,0.0,0.11002782101814558,0.0,0.36342714383051944,0.0,0.0192361327891166,0.0,,,,,,,,,,,0.00198681442998345,0.0,,,,,,,,,,,,,,,,,,,,,,,,,,,,,,,,,,,,,,,,,,,,,,,,,,,,,,,,,,,,,,,,,,,,,,,,,,,,,,,,,,,,,,,,,,,,,,,,,,,,,,,,,,,,,,,,,,,,,,,,,0.04416718247991336,0.0,0.0,,,,,,,,,,,,,,0.37451072610341585,0.0,0.0080659970020254,0.0,,,,,,,,,,,0.0,,0.0,,0.0,,,,,,,,,,,,,,,,,,,,,,,,,,,,,,,,,,,,,,,,0,0,21,9
4,region_04,2023-01-28,,,,,,,,,,,,,,,0.0,0.0,,,,,,,,,,,,,,,,,,,,,,,,,0.0,0.0,,,,,,,,,,,,,0.0,0.0,0.0021629233378916497,0.0,0.0,0.0,0.0016853199437415417,0.0,0.0010431648406665332,0.0,,,,,0.0,0.0,0.00040100975941939165,0.0,0.038017555450399663,0.0,0.006580275367014058,0.0,0.0036721192106293665,0.0,0.007928248184422592,0.0,0.016882197000086276,0.0,0.08699866384267803,0.0,0.291053240497907,0.0,0.029800350933025226,0.0,,,,,,,,,,,0.0019742365693673,0.0,,,,,,,,,,,,,,,,,,,,,,,,,,,,,,,,,,,,,,,,,,,,,,,,,,,,,,,,,,,,,,,,,,,,,,,,,,,,,,,,,,,,,,,,,,,,,,,,,,,,,,,,,,,,,,,,,,,,,,,,,0.03862378404786185,0.0,0.0,,,,,,,,,,,,,,0.46590758860111237,0.0,0.005446075099623811,0.0,,,,,,,,,,,0.0012804098161203145,2.0,0.0013274076336528499,2.0,0.0004011806740891,2.0,,,,,,,,,,,,,,,,,,,,,,,,,,,,,,,,,,,,,,,0,3,21,10
4,region_04,2023-02-04,,,,,,,,,,,,,,,0.0,0.0,,,,,,,,,,,,,,,,,,,,,,,,,0.0,0.0,,,,,,,,,,,,,0.0,0.0,0.0020973869686713,0.0,0.0,0.0,0.0,0.0,0.0,0.0,,,,,0.0,0.0,0.0004227088092275455,0.0,0.02072267335924231,0.0,0.0024642055134542545,0.0,0.0004227088092275455,0.0,0.00736825468695971,0.0,0.0112290810793638,0.0,0.05706226148388598,0.0,0.2620521539991552,0.0,0.01670605528422371,0.0,,,,,,,,,,,0.001347208191873475,0.0,,,,,,,,,,,,,,,,,,,,,,,,,,,,,,,,,,,,,,,,,,,,,,,,,,,,,,,,,,,,,,,,,,,,,,,,,,,,,,,,,,,,,,,,,,,,,,,,,,,,,,,,,,,,,,,,,,,,,,,,,0.03308511169796636,0.0,0.0,,,,,,,,,,,,,,0.5720962882041931,0.0,0.005866804884539667,0.0,,,,,,,,,,,0.003507578678961257,0.0,0.00068957389157725,0.0,0.0,0.0,,,,,,,,,,,,,,,,,,,,,,,,,,,,,,,,,,,,,,,0,0,24,11
4,region_04,2023-02-11,,,,,,,,,,,,,,,0.0,0.0,,,,,,,,,,,,,,,,,,,,,,,,,0.0,0.0,,,,,,,,,,,,,0.0,0.0,0.0008415844640694142,0.0,0.0,0.0,0.0,0.0,0.0,0.0,,,,,0.0,0.0,0.00074439696036274,0.0,0.014327199291437831,0.0,0.0009189149714074601,0.0,0.00158646781928833,0.0,0.0,0.0,0.0069197835866361395,0.0,0.03884997963905331,0.0,0.20068453103303904,0.0,0.022906804457306813,0.0,,,,,,,,,,,0.0026529894676059,0.0,,,,,,,,,,,,,,,,,,,,,,,,,,,,,,,,,,,,,,,,,,,,,,,,,,,,,,,,,,,,,,,,,,,,,,,,,,,,,,,,,,,,,,,,,,,,,,,,,,,,,,,,,,,,,,,,,,,,,,,,,0.0217928091064095,0.0,0.0,,,,,,,,,,,,,,0.672232586145401,0.0,0.012997601491709511,0.0,,,,,,,,,,,0.004031481620456428,0.0,0.0019714231602847,0.0,0.0004565256240312,0.0,,,,,,,,,,,,,,,,,,,,,,,,,,,,,,,,,,,,,,,0,0,24,12
4,region_04,2023-02-18,,,,,,,,,,,,,,,0.0,0.0,,,,,,,,,,,,,,,,,,,,,,,,,0.0,0.0,,,,,,,,,,,,,0.0,0.0,0.0,0.0,0.0,0.0,0.0,0.0,0.0,0.0,,,,,0.0,0.0,0.0008122473489492601,0.0,0.0110727176070213,0.0,0.0,0.0,0.0,0.0,0.0005794606857104667,0.0,0.0006382997057193222,0.0,0.03296606697969962,0.0,0.15728012886312268,0.0,0.0132921199417776,0.0,,,,,,,,,,,0.00305643241154025,0.0,,,,,,,,,,,,,,,,,,,,,,,,,,,,,,,,,,,,,,,,,,,,,,,,,,,,,,,,,,,,,,,,,,,,,,,,,,,,,,,,,,,,,,,,,,,,,,,,,,,,,,,,,,,,,,,,,,,,,,,,,0.020415361349781322,0.0,0.000572980687138575,2.0,,,,,,,,,,,,,0.7436048256026374,0.0,0.0169819208482901,0.0,,,,,,,,,,,0.0005731979202079428,0.0,0.001145961374277175,0.0,0.0,0.0,,,,,,,,,,,,,,,,,,,,,,,,,,,,,,,,,,,,,,,0,1,24,13
4,region_04,2023-02-25,,,,,,,,,,,,,,,0.0,0.0,,,,,,,,,,,,,,,,,,,,,,,,,0.0,0.0,,,,,,,,,,,,,0.0,0.0,0.0027839562098960872,0.0,0.0,0.0,0.0033963008609134123,0.0,0.0,0.0,,,,,0.0,0.0,0.0,0.0,0.00609481974970545,0.0,0.0010019818049234333,0.0,0.0,0.0,0.003826791362371225,0.0,0.0012661660148295874,0.0,0.01798287522979076,0.0,0.09081064816564316,0.0,0.013797419278749373,0.0,,,,,,,,,,,0.006683257408440075,0.0,,,,,,,,,,,,,,,,,,,,,,,,,,,,,,,,,,,,,,,,,,,,,,,,,,,,,,,,,,,,,,,,,,,,,,,,,,,,,,,,,,,,,,,,,,,,,,,,,,,,,,,,,,,,,,,,,,,,,,,,,0.01400217565242195,0.0,0.0,0.0,,,,,,,,,,,,,0.8145390748977661,0.0,0.02201490872539574,0.0,,,,,,,,,,,0.004403389325099286,0.0,0.0020563355647027,0.0,0.0012482011225074,0.0,,,,,,,,,,,,,,,,,,,,,,,,,,,,,,,,,,,,,,,0,0,25,14
4,region_04,2023-03-04,,,,,,,,,,,,,,,0.0,0.0,,,,,,,,,,,,,,,,,,,,,,,,,0.0,0.0,,,,,,,,,,,,,0.0,0.0,0.0021337948273867,0.0,0.0,0.0,0.0,0.0,0.0,0.0,,,,,0.0,0.0,0.0007931685623978285,0.0,0.002732602679835843,0.0,0.0023546389171054997,0.0,0.0,0.0,0.0,0.0,0.007294741525713829,0.0,0.009811901753502172,0.0,0.06231729845915517,0.0,0.007117245412830743,0.0,,,,,,,,,,,0.006662001134827675,0.0,,,,,,,,,,,,,,,,,,,,,,,,,,,,,,,,,,,,,,,,,,,,,,,,,,,,,,,,,,,,,,,,,,,,,,,,,,,,,,,,,,,,,,,,,,,,,,,,,,,,,,,,,,,,,,,,,,,,,,,,,0.0195939716483865,0.0,0.0,0.0,,,,,,,,,,,,,0.8471001046044486,0.0,0.02527324216706407,0.0,,,,,,,,,,,0.006731465126254685,0.0,0.0055128713138400745,0.0,0.0,0.0,,,,,,,,,,,,,,,,,,,,,,,,,,,,,,,,,,,,,,,0,0,25,15
4,region_04,2023-03-11,,,,,,,,,,,,,,,0.0,0.0,,,,,,,,,,,,,,,,,,,,,,,,,0.0,0.0,,,,,,,,,,,,,0.0,0.0,0.0038320054494154665,0.0,0.0,0.0,0.0,0.0,0.0,0.0,,,,,0.0,0.0,0.0,0.0,0.0008261208907545335,0.0,0.0,0.0,0.0,0.0,0.0024624695264113,0.0,0.0,0.0,0.009188137327631267,0.0,0.0614369412263234,0.0,0.010475095361471115,0.0,,,,,,,,,,,0.0044149028835817755,0.0,,,,,,,,,,,,,,,,,,,,,,,,,,,,,,,,,,,,,,,,,,,,,,,,,,,,,,,,,,,,,,,,,,,,,,,,,,,,,,,,,,,,,,,,,,,,,,,,,,,,,,,,,,,,,,,,,,,,,,,,,0.0158659610897302,0.0,0.004463592078536725,0.0,,,,,,,,,,,,,0.8273234665393829,0.0,0.020827867090702,0.0,,,,,,,,,,,0.020081482827663366,0.0,0.0038914281176402497,0.0,0.0,0.0,,,,,,,,,,,,,,,,,,,,,,,,,,,,,,,,,,,,,,,0,0,25,16
4,region_04,2023-03-18,,,,,,,,,,,,,,,0.0,0.0,,,,,,,,,,,,,,,,,,,,,,,,,0.0,0.0,,,,,,,,,,,,,0.0,0.0,0.0,0.0,0.0,0.0,0.0034464567899703397,0.0,0.0,0.0,,,,,0.0,0.0,0.0,0.0,0.00831473190337412,0.0,0.0,0.0,0.0,0.0,0.0031600838527083203,0.0,0.002291543991304925,0.0,0.00284363655373448,0.0,0.030322749912738756,0.0,0.0104726273566484,0.0,,,,,,,,,,,0.0,0.0,,,,,,,,,,,,,,,,,,,,,,,,,,,,,,,,,,,,,,,,,,,,,,,,,,,,,,,,,,,,,,,,,,,,,,,,,,,,,,,,,,,,,,,,,,,,,,,,,,,,,,,,,,,,,,,,,,,,,,,,,0.0168074775487184,0.0,0.001523710961919225,0.0,,,,,,,,,,,,,0.854321551322937,0.0,0.021402481012046302,0.0,,,,,,,,,,,0.033493187278509105,0.0,0.00563296210020775,0.0,0.0013758840505033,0.0,,,,,,,,,,,,,,,,,,,,,,,,,,,,,,,,,,,,,,,0,0,25,17
4,region_04,2023-03-25,,,,,,,,,,,,,,,0.0,0.0,,,,,,,,,,,,,,,,,,,,,,,,,0.0,0.0,,,,,,,,,,,,,0.0034390165819786003,0.0,0.0,0.0,0.0,0.0,0.0,0.0,0.0,0.0,,,,,0.0,0.0,0.0,0.0,0.0042126904008909505,0.0,0.0,0.0,0.0,0.0,0.0,0.0,0.00687803316395725,0.0,0.004745549522340225,0.0,0.033164615742862176,0.0,0.005354477558284925,0.0,,,,,,,,,,,0.004745549522340225,0.0,,,,,,,,,,,,,,,,,,,,,,,,,,,,,,,,,,,,,,,,,,,,,,,,,,,,,,,,,,,,,,,,,,,,,,,,,,,,,,,,,,,,,,,,,,,,,,,,,,,,,,,,,,,,,,,,,,,,,,,,,0.035383666865527574,0.0,0.003983771719504075,0.0,,,,,,,,,,,,,0.8421796709299088,0.0,0.0177272302098572,0.0,,,,,,,,,,,0.01985468575730915,0.0,0.016264577861875226,0.0,0.0030397018417716,0.0,,,,,,,,,,,,,,,,,,,,,,,,,,,,,,,,,,,,,,,0,0,25,18
4,region_04,2023-04-01,,,,,,,,,,,,,,,0.0,0.0,,,,,,,,,,,,,,,,,,,,,,,,,0.0,0.0,,,,,,,,,,,,,0.0,0.0,0.0,0.0,0.0,0.0,0.0,0.0,0.0,0.0,,,,,0.0,0.0,0.0,0.0,0.0,0.0,0.0,0.0,0.0,0.0,0.0,0.0,0.0,0.0,0.003459701081737833,0.0,0.0163965156922737,0.0,0.0085565199454625,0.0,,,,,,,,,,,0.0,0.0,,,,,,,,,,,,,,,,,,,,,,,,,,,,,,,,,,,,,,,,,,,,,,,,,,,,,,,,,,,,,,,,,,,,,,,,,,,,,,,,,,,,,,,,,,,,,,,,,,,,,,,,,,,,,,,,,,,,,,,,,0.0254931030794978,0.0,0.031148251146078065,0.0,,,,,,,,,,,,,0.8589073220888773,0.0,0.017801508307456932,0.0,,,,,,,,,,,0.0313474144786596,0.0,0.0083880263070265,0.0,0.0074171237647533,0.0,,,,,,,,,,,,,,,,,,,,,,,,,,,,,,,,,,,,,,,0,0,25,19
4,region_04,2023-04-08,,,,,,,,,,,,,,,0.0,0.0,,,,,,,,,,,,,,,,,,,,,,,,,0.0,0.0,,,,,,,,,,,,,0.0,0.0,0.0,0.0,0.0,0.0,0.0,0.0,0.0,0.0,,,,,0.0,0.0,0.0,0.0,0.0,0.0,0.0,0.0,0.0,0.0,0.0,0.0,0.0,0.0,0.0017985893064178002,0.0,0.02535336371511215,0.0,0.01496882038190955,0.0,,,,,,,,,,,0.0037573467707260498,0.0,,,,,,,,,,,,,,,,,,,,,,,,,,,,,,,,,,,,,,,,,,,,,,,,,,,,,,,,,,,,,,,,,,,,,,,,,,,,,,,,,,,,,,,,,,,,,,,,,,,,,,,,,,,,,,,,,,,,,,,,,0.037749595940113,0.0,0.023554774001240703,0.0,,,,,,,,,,,,,0.8148708641529083,0.0,0.01196239795535795,0.0,,,,,,,,,,,0.0503519140183925,0.0,0.0121225658804178,0.0,0.0070195365697145,0.0,,,,,,,,,,,,,,,,,,,,,,,,,,,,,,,,,,,,,,,0,0,25,20
4,region_04,2023-04-15,,,,,,,,,,,,,,,0.0,0.0,,,,,,,,,,,,,,,,,,,,,,,,,0.0,0.0,,,,,,,,,,,,,0.0,0.0,0.0,0.0,0.0,0.0,0.0,0.0,0.0,0.0,0.0,,,,0.0,0.0,0.0,0.0,0.0,0.0,0.0,0.0,0.0,0.0,0.0,0.0,0.0,0.0,0.004686499911953053,0.0,0.01987215747887433,0.0,0.010736459171907412,0.0,0.0009341390276162883,1.0,0.0,,0.0,,0.0,,0.0,,0.005126957142386869,0.0,0.007084886785238351,2.0,0.0,,0.0013201938102913814,2.0,0.0,,0.0,,0.0,,0.0,,0.0,,0.0,,0.0,,0.0,,0.0,,0.0,,0.0,,0.0,,0.0,,0.0,,0.0,,0.0,,0.0,,0.0,,0.0,,0.0,,0.0,,0.0,,0.0,,0.0,,0.0,,0.0,,0.0,,0.0,,0.0,,0.0,,0.0,,0.0,,0.0,,0.0,,0.0,,0.0,,0.0,,0.0,,0.0,,0.0,,0.0,,0.0,,0.0,,0.0,,0.0,,0.0,,0.0,,0.0,,,,,,,,0.0,,,,,,,,,,,,0.023053643479943223,0.0,0.024118866195732853,0.0,0.006702297186065,2.0,0.0,,0.0,,0.0,,0.0009616103089487097,2.0,0.0,,0.7841520667076111,0.0,0.02181688120419324,0.0,0.022548166472675615,2.0,0.0006723224445629157,2.0,0.00568333615620544,2.0,0.0,,0.00284370952285822,2.0,0.03759329650889739,0.0,0.010789215734059115,0.0,0.008701820942488527,0.0,0.0,,0.0,,0.0,,0.0,,0.0,,0.0,,0.0,,0.0,,0.0,,,,,,,,,,,,,,,,,,,,,,1,8,25,0
4,region_04,2023-04-22,,,,,,,,,,,,,,,0.0,0.0,,,,,,,,,,,,,,,,,,,,,,,,,0.0,0.0,,,,,,,,,,,,,0.0,0.0,0.0,0.0,0.0,0.0,0.0005598314649735611,0.0,0.0,0.0,0.0,,,,0.0,0.0,0.0,0.0,0.0,0.0,0.0,0.0,0.0,0.0,0.0,0.0,0.0,0.0,0.0028974009692760106,0.0,0.012974624460647679,0.0,0.010010317375378549,0.0,0.00046706951380814417,0.0,0.0,,0.00048142837355648127,2.0,0.002155006757955254,2.0,0.000566552887903499,2.0,0.005754317522914372,0.0,0.009157740130411552,0.0,0.0,,0.0006600969051456907,0.0,0.0,,0.0,,0.0,,0.0,,0.0,,0.0,,0.0,,0.0,,0.0,,0.0,,0.0,,0.0,,0.0,,0.0,,0.0,,0.0,,0.0,,0.0,,0.0,,0.0,,0.0,,0.0,,0.0,,0.0,,0.0,,0.0,,0.0,,0.0,,0.0,,0.0,,0.0,,0.0,,0.0,,0.0,,0.0,,0.0,,0.0,,0.0,,0.0,,0.0,,0.0,,0.0,,0.0,,0.0,,0.0,,0.0,,0.0,,0.0,,,,,,,,0.0,,,,,,,,,,,,0.034383470889318826,0.0,0.03601355249319309,0.0,0.006778844071690084,0.0,0.0,,0.0,,0.0,,0.0009588625455530342,0.0,0.0,,0.7503463666748118,0.0,0.016119850447451525,0.0,0.01989416841347258,0.0,0.00188867847878006,0.0,0.00901871295466727,0.0,0.000560952982899201,2.0,0.002380128853255837,0.0,0.04894506501203229,0.0,0.01629028041448803,0.0,0.009961288835483265,0.0,0.0,,0.0,,0.0,,0.0,,0.0,,0.0,,0.0,,0.0,,0.0,,,,,,,,,,,,,,,,,,,,,,0,4,34,1
4,region_04,2023-04-29,,,,,,,,,,,,,,,0.0,0.0,,,,,,,,,,,,,,,,,,,,,,,,,0.0,0.0,,,,,,,,,,,,,0.0,0.0,0.0,0.0,0.0,0.0,0.0011196629299471221,0.0,0.0,0.0,0.0,,,,0.0,0.0,0.0,0.0,0.0,0.0,0.0,0.0,0.0,0.0,0.0,0.0,0.0,0.0,0.0011083020265989685,0.0,0.006077091442421027,0.0,0.009284175578849687,0.0,0.0,0.0,0.0,,0.0009628567471129625,0.0,0.004310013515910508,0.0,0.001133105775806998,0.0,0.006381677903441874,0.0,0.011230593475584753,0.0,0.0,,0.0,0.0,0.0,,0.0,,0.0,,0.0,,0.0,,0.0,,0.0,,0.0,,0.0,,0.0,,0.0,,0.0,,0.0,,0.0,,0.0,,0.0,,0.0,,0.0,,0.0,,0.0,,0.0,,0.0,,0.0,,0.0,,0.0,,0.0,,0.0,,0.0,,0.0,,0.0,,0.0,,0.0,,0.0,,0.0,,0.0,,0.0,,0.0,,0.0,,0.0,,0.0,,0.0,,0.0,,0.0,,0.0,,0.0,,0.0,,0.0,,0.0,,,,,,,,0.0,,,,,,,,,,,,0.04571329829869443,0.0,0.047908238790653326,0.0,0.006855390957315167,0.0,0.0,,0.0,,0.0,,0.0009561147821573587,0.0,0.0,,0.7165406666420124,0.0,0.010422819690709814,0.0,0.01724017035426954,0.0,0.003105034512997204,0.0,0.012354089753129103,0.0,0.001121905965798402,0.0,0.001916548183653454,0.0,0.06029683351516719,0.0,0.02179134509491695,0.0,0.011220756728478002,0.0,0.0,,0.0,,0.0,,0.0,,0.0,,0.0,,0.0,,0.0,,0.0,,,,,,,,,,,,,,,,,,,,,,0,0,38,2
4,region_04,2023-05-06,,,,,,,,,,,,,,,0.0,0.0,,,,,,,,,,,,,,,,,,,,,,,,,0.0,0.0,,,,,,,,,,,,,0.0,0.0,0.0,0.0,0.0,0.0,0.0005598314649735611,0.0,0.0,0.0,0.0,,,,0.0,0.0,0.0,0.0,0.0,0.0,0.0,0.0,0.0,0.0,0.0,0.0,0.0006158558777006057,0.0,0.001455445835571913,0.0,0.004403016416307592,0.0,0.009039910104965899,0.0,0.0010232121875399824,0.0,0.0,,0.0009998642356852314,0.0,0.006642418450120639,0.0,0.0015001579522503949,0.0,0.003698489182534435,0.0,0.011510275465507874,0.0,0.0,,0.0009336050643468959,0.0,0.0,,0.0,,0.0,,0.0,,0.0,,0.0,,0.0,,0.0,,0.0,,0.0,,0.0,,0.0,,0.0,,0.0,,0.0,,0.0,,0.0,,0.0,,0.0,,0.0,,0.0,,0.0,,0.0,,0.0,,0.0,,0.0,,0.0,,0.0,,0.0,,0.0,,0.0,,0.0,,0.0,,0.0,,0.0,,0.0,,0.0,,0.0,,0.0,,0.0,,0.0,,0.0,,0.0,,0.0,,0.0,,0.0,,0.0,,0.0,,,,,,,,0.0,,,,,,,,,,,,0.04528079111360733,0.0,0.055686176317834374,0.0,0.015973835111622564,0.0,0.0005550130214638917,2.0,0.0,,0.0,,0.004018202893705258,0.0,0.0,,0.6770565563007138,0.0,0.014733281193670695,0.0,0.017340885404989362,0.0,0.0019889383837317647,0.0,0.006728762180920494,0.0,0.001079388845027951,0.0,0.002064898120006496,0.0,0.06945797990796695,0.0,0.030230207679497724,0.0,0.014508385012892056,0.0,0.0,,0.0,,0.0,,0.0,,0.0,,0.0,,0.0,,0.0,,0.0,,,,,,,,,,,,,,,,,,,,,,0,1,38,3
4,region_04,2023-05-13,,,,,,,,,,,,,,,0.0,0.0,,,,,,,,,,,,,,,,,,,,,,,,,0.0,0.0,,,,,,,,,,,,,0.0,0.0,0.0,0.0,0.0,0.0,0.0,0.0,0.0,0.0,0.0,,,,0.0,0.0,0.0,0.0,0.0,0.0,0.0,0.0,0.0,0.0,0.0,0.0,0.0012317117554012113,0.0,0.0018025896445448572,0.0,0.002728941390194157,0.0,0.00879564463108211,0.0,0.0020464243750799647,0.0,0.0,,0.0010368717242575,0.0,0.008974823384330772,0.0,0.0018672101286937917,0.0,0.0010153004616269962,0.0,0.011789957455430995,0.0,0.0,,0.0018672101286937917,0.0,0.0,,0.0,,0.0,,0.0,,0.0,,0.0,,0.0,,0.0,,0.0,,0.0,,0.0,,0.0,,0.0,,0.0,,0.0,,0.0,,0.0,,0.0,,0.0,,0.0,,0.0,,0.0,,0.0,,0.0,,0.0,,0.0,,0.0,,0.0,,0.0,,0.0,,0.0,,0.0,,0.0,,0.0,,0.0,,0.0,,0.0,,0.0,,0.0,,0.0,,0.0,,0.0,,0.0,,0.0,,0.0,,0.0,,0.0,,0.0,,,,,,,,0.0,,,,,,,,,,,,0.044848283928520236,0.0,0.06346411384501542,0.0,0.025092279265929964,0.0,0.0011100260429277834,0.0,0.0,,0.0,,0.007080291005253157,0.0,0.0,,0.6375724459594151,0.0,0.019043742696631578,0.0,0.01744160045570918,0.0,0.0008728422544663249,0.0,0.0011034346087118846,0.0,0.0010368717242575,0.0,0.002213248056359538,0.0,0.07861912630076673,0.0,0.038669070264078495,0.0,0.01779601329730611,0.0,0.0,,0.0,,0.0,,0.0,,0.0,,0.0,,0.0,,0.0,,0.0,,,,,,,,,,,,,,,,,,,,,,0,0,39,4
4,region_04,2023-05-20,,,,,,,,,,,,,,,0.0,0.0,,,,,,,,,,,,,,,,,,,,,,,,,0.0,0.0,,,,,,,,,,,,,0.0,0.0,0.0,0.0,0.0,0.0,0.0,0.0,0.0,0.0,0.0,,,,0.0,0.0,0.0,0.0,0.0,0.0,0.0,0.0,0.0,0.0,0.0,0.0,0.0006158558777006057,0.0,0.0009012948222724286,0.0,0.0013644706950970784,0.0,0.0059944729785947354,0.0,0.0026045424657922776,0.0,0.0,,0.0030017396280175883,0.0,0.01273380365945912,0.0,0.0025423201874026657,0.0,0.0005076502308134981,0.0,0.012033906973379829,0.0,0.0014961628237356872,2.0,0.004016789732160805,0.0,0.0,,0.0,,0.0,,0.0,,0.0,,0.0,,0.0,,0.0,,0.0,,0.0,,0.0,,0.0,,0.0,,0.0,,0.0,,0.0,,0.0,,0.0,,0.0,,0.0,,0.0,,0.0,,0.0,,0.0,,0.0,,0.0,,0.0,,0.0,,0.0,,0.0,,0.0,,0.0,,0.0,,0.0,,0.0,,0.0,,0.0,,0.0,,0.0,,0.0,,0.0,,0.0,,0.0,,0.0,,0.0,,0.0,,0.0,,0.0,,,,,,,,0.0,,,,,,,,,,,,0.05746236731702423,0.0,0.06818840396653283,0.0,0.03462448636011479,0.0,0.0005550130214638917,0.0,0.0,,0.0,,0.008608630735877833,0.0,0.0,,0.5910308924767207,0.0,0.017795085309325828,0.0,0.013823237782846238,0.0,0.0023013390422089173,0.0,0.00925284459295289,0.0,0.00051843586212875,0.0,0.004484625634504432,0.0,0.08423804424314857,0.0,0.037338945100892196,0.0,0.03086808577887575,0.0,0.0,,0.0,,0.0,,0.0,,0.0,,0.0,,0.0,,0.0,,0.0,,,,,,,,,,,,,,,,,,,,,,0,1,39,5
4,region_04,2023-05-27,,,,,,,,,,,,,,,0.0,0.0,,,,,,,,,,,,,,,,,,,,,,,,,0.0,0.0,,,,,,,,,,,,,0.0,0.0,0.0,0.0,0.0,0.0,0.0,0.0,0.0,0.0,0.0,,,,0.0,0.0,0.0,0.0,0.0,0.0,0.0,0.0,0.0,0.0,0.0,0.0,0.0,0.0,0.0,0.0,0.0,0.0,0.0031933013261073616,0.0,0.0031626605565045905,0.0,0.0,,0.004966607531777676,0.0,0.016492783934587467,0.0,0.0032174302461115394,0.0,0.0,0.0,0.012277856491328662,0.0,0.0029923256474713744,0.0,0.006166369335627819,0.0,0.0,,0.0,,0.0,,0.0,,0.0,,0.0,,0.0,,0.0,,0.0,,0.0,,0.0,,0.0,,0.0,,0.0,,0.0,,0.0,,0.0,,0.0,,0.0,,0.0,,0.0,,0.0,,0.0,,0.0,,0.0,,0.0,,0.0,,0.0,,0.0,,0.0,,0.0,,0.0,,0.0,,0.0,,0.0,,0.0,,0.0,,0.0,,0.0,,0.0,,0.0,,0.0,,0.0,,0.0,,0.0,,0.0,,0.0,,0.0,,,,,,,,0.0,,,,,,,,,,,,0.07007645070552822,0.0,0.07291269408805026,0.0,0.04415669345429961,0.0,0.0,0.0,0.0,,0.0,,0.01013697046650251,0.0,0.0,,0.5444893389940262,0.0,0.016546427922020077,0.0,0.010204875109983294,0.0,0.0037298358299515093,0.0,0.017402254577193892,0.0,0.0,0.0,0.006756003212649328,0.0,0.0898569621855304,0.0,0.0360088199377059,0.0,0.04394015826044539,0.0,0.0,,0.0,,0.0,,0.0,,0.0,,0.0,,0.0,,0.0,,0.0,,,,,,,,,,,,,,,,,,,,,,0,0,40,6
4,region_04,2023-06-03,,,,,,,,,,,,,,,0.0,0.0,,,,,,,,,,,,,,,,,,,,,,,,,0.0,0.0,,,,,,,,,,,,,0.0,0.0,0.0,0.0,0.0,0.0,0.0,0.0,0.0,0.0,0.0,,,,0.0,0.0,0.0,0.0,0.0,0.0,0.0,0.0,0.0,0.0,0.0,0.0,0.0,0.0,0.0,0.0,0.0025800572038860796,0.0,0.005839084138209506,0.0,0.016877953883788568,0.0,0.0,,0.009719396277838674,0.0,0.008246391967293733,0.0,0.005864763354794654,0.0,0.0,0.0,0.00997499293970616,0.0,0.0014961628237356872,0.0,0.010892729388597203,0.0,0.0,,0.0,,0.0,,0.0,,0.0,,0.0,,0.0,,0.0,,0.0,,0.0,,0.0,,0.0,,0.0,,0.0,,0.0,,0.0,,0.0,,0.0,,0.0,,0.0,,0.0,,0.0,,0.0,,0.0,,0.0,,0.0,,0.0,,0.0,,0.0,,0.0,,0.0,,0.0,,0.0,,0.0,,0.0,,0.0,,0.0,,0.0,,0.0,,0.0,,0.0,,0.0,,0.0,,0.0,,0.0,,0.0,,0.0,,0.0,,,,,,,,0.0,,,,,,,,,,,,0.0617450943757449,0.0,0.09080889501741951,0.0,0.05826067951108723,0.0,0.004958079774574962,0.0,0.0013055732437910713,2.0,0.0,,0.02119349914176584,0.0,0.0,,0.46770687182159987,0.0,0.01347739631201807,0.0,0.015649921244143324,0.0,0.0063005903397093796,0.0,0.013793199531002186,0.0,0.005662367325918403,0.0,0.011462442300304902,0.0,0.08446665910360887,0.0,0.040068232570774784,0.0,0.04972082704883965,0.0,0.0,,0.0,,0.0,,0.0,,0.0,,0.0,,0.0,,0.0,,0.0,,,,,,,,,,,,,,,,,,,,,,0,1,40,7
4,region_04,2023-06-10,,,,,,,,,,,,,,,0.0,0.0,,,,,,,,,,,,,,,,,,,,,,,,,0.0,0.0,,,,,,,,,,,,,0.0,0.0,0.0,0.0,0.0,0.0,0.0,0.0,0.0,0.0,0.0,,,,0.0,0.0,0.0,0.0,0.0,0.0,0.0,0.0,0.0,0.0,0.0,0.0,0.0,0.0,0.0,0.0,0.005160114407772159,0.0,0.00848486695031165,0.0,0.030593247211072545,0.0,0.0,,0.014472185023899672,0.0,0.0,0.0,0.008512096463477769,0.0,0.0,0.0,0.00767212938808366,0.0,0.0,0.0,0.015619089441566586,0.0,0.0,,0.0,,0.0,,0.0,,0.0,,0.0,,0.0,,0.0,,0.0,,0.0,,0.0,,0.0,,0.0,,0.0,,0.0,,0.0,,0.0,,0.0,,0.0,,0.0,,0.0,,0.0,,0.0,,0.0,,0.0,,0.0,,0.0,,0.0,,0.0,,0.0,,0.0,,0.0,,0.0,,0.0,,0.0,,0.0,,0.0,,0.0,,0.0,,0.0,,0.0,,0.0,,0.0,,0.0,,0.0,,0.0,,0.0,,0.0,,,,,,,,0.0,,,,,,,,,,,,0.053413738045961584,0.0,0.10870509594678876,0.0,0.07236466556787485,0.0,0.009916159549149924,0.0,0.0026111464875821426,0.0,0.0,,0.03225002781702917,0.0,0.0,,0.3909244046491735,0.0,0.010408364702016065,0.0,0.021094967378303357,0.0,0.00887134484946725,0.0,0.010184144484810477,0.0,0.011324734651836806,0.0,0.01616888138796048,0.0,0.07907635602168735,0.0,0.044127645203843664,0.0,0.05550149583723392,0.0,0.0,,0.0,,0.0,,0.0,,0.0,,0.0,,0.0,,0.0,,0.0,,,,,,,,,,,,,,,,,,,,,,0,0,41,8
4,region_04,2023-06-17,,,,,,,,,,,,,,,0.0,0.0,,,,,,,,,,,,,,,,,,,,,,,,,0.0,0.0,,,,,,,,,,,,,0.0,0.0,0.0,0.0,0.0,0.0,0.0,0.0,0.0,0.0,0.0,,,,0.0,0.0,0.0,0.0,0.0,0.0,0.0,0.0,0.0,0.0,0.0,0.0,0.002041396120778042,0.0,0.0,0.0,0.0025800572038860796,0.0,0.010447300368888572,0.0,0.047439138541589085,0.0,0.0,,0.008822402994960614,0.0,0.0046436525164888255,0.0,0.014824956569863414,0.0,0.0,0.0,0.00383606469404183,0.0,0.0019258021185283882,0.0,0.01679214257104639,0.0,0.0,,0.0,,0.0,,0.0,,0.0038516042096649735,1.0,0.0017093891704765278,2.0,0.0,,0.0,,0.0,,0.0,,0.0,,0.0,,0.0,,0.0,,0.0,,0.0,,0.0,,0.0,,0.0,,0.0,,0.0,,0.0,,0.0,,0.0,,0.0,,0.0,,0.0,,0.0,,0.0,,0.0,,0.0,,0.0,,0.0,,0.0,,0.0,,0.0,,0.0,,0.0,,0.0,,0.0,,0.0,,0.0,,0.0,,0.0,,0.0,,0.0,,0.0,,0.0,,,,,,,,0.0,,,,,,,,,,,,0.05143186072853595,0.0,0.10709325883250967,0.0,0.06810754802651126,0.0,0.0068838818931033505,0.0,0.0013055732437910713,0.0,0.0,,0.03441984141961882,0.0,0.0037962859901396937,2.0,0.34881725439838335,0.0,0.0052041823510080324,0.0,0.01657498207910411,0.0,0.008208203810715528,0.0,0.008214501014803133,0.0,0.018673953557408356,0.0,0.019593696164258385,0.0,0.07871464853927201,0.0,0.03556217085749193,0.0,0.07890393706307242,0.0,0.003203136664207846,2.0,0.0,,0.0,,0.0,,0.0,,0.0,,0.0,,0.0,,0.0,,,,,,,,,,,,,,,,,,,,,,1,3,41,0
4,region_04,2023-06-24,,,,,,,,,,,,,,,0.0,0.0,,,,,,,,,,,,,,,,,,,,,,,,,0.0,0.0,,,,,,,,,,,,,0.0,0.0,0.0,0.0,0.0,0.0,0.0,0.0,0.0,0.0,0.0,,,,0.0,0.0,0.0,0.0,0.0,0.0,0.0,0.0,0.0,0.0,0.0,0.0,0.004082792241556084,0.0,0.0,0.0,0.0,0.0,0.012409733787465497,0.0,0.06428502987210562,0.0,0.0,,0.003172620966021554,0.0,0.009287305032977651,0.0,0.02113781667624906,0.0,0.0,0.0,0.0,0.0,0.0038516042370567763,0.0,0.017965195700526192,0.0,0.0,,0.0,,0.0,,0.0,,0.007703208419329947,0.0,0.0034187783409530556,0.0,0.0,,0.0,,0.0,,0.0,,0.0,,0.0,,0.0,,0.0,,0.0,,0.0,,0.0,,0.0,,0.0,,0.0,,0.0,,0.0,,0.0,,0.0,,0.0,,0.0,,0.0,,0.0,,0.0,,0.0,,0.0,,0.0,,0.0,,0.0,,0.0,,0.0,,0.0,,0.0,,0.0,,0.0,,0.0,,0.0,,0.0,,0.0,,0.0,,0.0,,0.0,,0.0,,,,,,,,0.0,,,,,,,,,,,,0.049449983411110315,0.0,0.10548142171823058,0.0,0.06385043048514766,0.0,0.0038516042370567763,0.0,0.0,0.0,0.0,,0.03658965502220846,0.0,0.007592571980279387,0.0,0.3067101041475932,0.0,0.0,0.0,0.012054996779904865,0.0,0.007545062771963807,0.0,0.006244857544795789,0.0,0.0260231724629799,0.0,0.023018510940556295,0.0,0.0783529410568567,0.0,0.026996696511140193,0.0,0.1023063782889109,0.0,0.006406273328415692,0.0,0.0,,0.0,,0.0,,0.0,,0.0,,0.0,,0.0,,0.0,,,,,,,,,,,,,,,,,,,,,,0,0,45,1
4,region_04,2023-07-01,,,,,,,,,,,,,,,0.0,0.0,,,,,,,,,,,,,,,,,,,,,,,,,0.0,0.0,,,,,,,,,,,,,0.0,0.0,0.0014034866721236042,0.0,0.0,0.0,0.0,0.0,0.0,0.0,0.0,,,,0.0,0.0,0.0,0.0,0.0,0.0,0.0,0.0,0.0,0.0,0.0,0.0,0.002041396120778042,0.0,0.0,0.0,0.0011154386423984123,0.0,0.01326264871914502,0.0,0.06546679686819268,0.0,0.0,,0.006056818689103193,0.0,0.00933843457141486,0.0,0.016275976367372352,0.0,0.0,0.0,0.005352143625899823,0.0,0.010638352762739984,0.0,0.01381529438852638,0.0,0.0,,0.004419084607313053,2.0,0.005270662034551279,2.0,0.0,,0.006091449427207395,0.0,0.0017093891704765278,0.0,0.0,,0.0,,0.0,,0.0,,0.0,,0.0,,0.0,,0.0,,0.0,,0.0,,0.0,,0.0,,0.0,,0.0,,0.0,,0.0,,0.0,,0.0,,0.0,,0.0,,0.0,,0.0,,0.0,,0.0,,0.0,,0.0,,0.0,,0.0,,0.0,,0.0,,0.0,,0.0,,0.0,,0.0,,0.0,,0.0,,0.0,,0.0,,0.0,,0.0,,0.0,,0.0,,,,,,,,0.0,,,,,,,,,,,,0.052902264699626375,0.0,0.1219955370052362,0.0,0.058674812040568014,0.0,0.008413817498983544,0.0,0.0,0.0,0.0,,0.05861850333030168,0.0,0.0046682104717221985,0.0,0.2571109604267847,0.0,0.0,0.0,0.01495867836752571,0.0,0.008436586096627945,0.0,0.011328857409251665,0.0,0.028693420502046693,0.0,0.02832572385429949,0.0,0.06637603624649283,0.0,0.03136453511020869,0.0,0.08673872236378802,0.0,0.005498797108723323,0.0,0.0,,0.0,,0.0,,0.0,,0.0,,0.0,,0.0,,0.0,,,,,,,,,,,,,,,,,,,,,,0,2,45,2
4,region_04,2023-07-08,,,,,,,,,,,,,,,0.0,0.0,,,,,,,,,,,,,,,,,,,,,,,,,0.0,0.0,,,,,,,,,,,,,0.0,0.0,0.0028069733442472084,0.0,0.0,0.0,0.0,0.0,0.0,0.0,0.0,,,,0.0,0.0,0.0,0.0,0.0,0.0,0.0,0.0,0.0,0.0,0.0,0.0,0.0,0.0,0.0,0.0,0.0022308772847968246,0.0,0.014115563650824541,0.0,0.06664856386427973,0.0,0.0,,0.008941016412184833,0.0,0.00938956410985207,0.0,0.011414136058495642,0.0,0.0,0.0,0.010704287251799645,0.0,0.017425101288423193,0.0,0.00966539307652657,0.0,0.0,,0.008838169214626107,0.0,0.010541324069102558,0.0,0.0,,0.004479690435084842,0.0,0.0,0.0,0.0,,0.0,,0.0,,0.0,,0.0,,0.0,,0.0,,0.0,,0.0,,0.0,,0.0,,0.0,,0.0,,0.0,,0.0,,0.0,,0.0,,0.0,,0.0,,0.0,,0.0,,0.0,,0.0,,0.0,,0.0,,0.0,,0.0,,0.0,,0.0,,0.0,,0.0,,0.0,,0.0,,0.0,,0.0,,0.0,,0.0,,0.0,,0.0,,0.0,,0.0,,0.0,,,,,,,,0.0,,,,,,,,,,,,0.05635454598814244,0.0,0.13850965229224182,0.0,0.05349919359598837,0.0,0.012976030760910312,0.0,0.0,0.0,0.0,,0.0806473516383949,0.0,0.0017438489631650107,0.0,0.20751181670597618,0.0,0.0,0.0,0.017862359955146557,0.0,0.00932810942129208,0.0,0.01641285727370754,0.0,0.031363668541113485,0.0,0.03363293676804269,0.0,0.05439913143612896,0.0,0.03573237370927718,0.0,0.07117106643866515,0.0,0.004591320889030953,0.0,0.0,,0.0,,0.0,,0.0,,0.0,,0.0,,0.0,,0.0,,,,,,,,,,,,,,,,,,,,,,0,0,47,3
4,region_04,2023-07-15,,,,,,,,,,,,,,,0.0,0.0,,,,,,,,,,,,,,,,,,,,,,,,,0.0,0.0,,,,,,,,,,,,,0.0,0.0,0.0014034866721236042,0.0,0.0,0.0,0.0,0.0,0.0,0.0,0.0,,,,0.0,0.0,0.0,0.0,0.0,0.0,0.0,0.0,0.0,0.0,0.0,0.0,0.0017917277424809438,0.0,0.0,0.0,0.0021762274119459194,0.0,0.011198212193158016,0.0,0.08142764627185906,0.0,0.0,,0.008460942374464694,0.0,0.005495221594718339,0.0,0.014410608137647263,0.0,0.0,0.0,0.011030012849190848,0.0,0.03171223694962273,0.0,0.015916887084798215,0.0,0.002224768247370667,2.0,0.005807744388261556,0.0,0.01013950279189476,0.0,0.0,,0.010003167462158662,0.0,0.0,0.0,0.0017853348288640464,2.0,0.0,,0.0,,0.0,,0.0,,0.0,,0.0,,0.0,,0.0,,0.0,,0.0,,0.0,,0.0,,0.0,,0.0,,0.0,,0.0,,0.0,,0.0,,0.0,,0.0,,0.0,,0.0,,0.0,,0.0,,0.0,,0.0,,0.0,,0.0,,0.0,,0.0,,0.0,,0.0,,0.0,,0.0,,0.0,,0.0,,0.0,,0.0,,0.0,,0.0,,0.0,,,,,,,,0.0,,,,,,,,,,,,0.06264272743525601,0.0,0.1402830672577074,0.0,0.06064155738845108,0.0,0.01805313477719508,0.0,0.0008082113862554822,0.0,0.0,,0.07280257660071962,0.0,0.0018416574717736618,0.0,0.17823608432497295,0.0,0.0,0.0,0.02498434901199468,0.0,0.0058207433299734355,0.0,0.014430008583138233,0.0,0.021973442024318453,0.0,0.023849385109944936,0.0,0.054543870588165184,0.0,0.02721478151581974,0.0,0.07195084644196437,0.0,0.0022956604445154767,0.0,0.0,,0.0,,0.0,,0.0,,0.0,,0.0,,0.0,,0.0,,,,,,,,,,,,,,,,,,,,,,0,2,47,4
4,region_04,2023-07-22,,,,,,,,,,,,,,,0.0,0.0,,,,,,,,,,,,,,,,,,,,,,,,,0.0,0.0,,,,,,,,,,,,,0.0,0.0,0.0,0.0,0.0,0.0,0.0,0.0,0.0,0.0,0.0,,,,0.0,0.0,0.0,0.0,0.0,0.0,0.0,0.0,0.0,0.0,0.0,0.0,0.0035834554849618876,0.0,0.0,0.0,0.0021215775390950146,0.0,0.008280860735491493,0.0,0.0962067286794384,0.0,0.0,,0.007980868336744558,0.0,0.0016008790795846084,0.0,0.017407080216798883,0.0,0.0,0.0,0.011355738446582053,0.0,0.04599937261082227,0.0,0.022168381093069862,0.0,0.004449536494741334,0.0,0.0027773195618970045,0.0,0.00973768151468696,0.0,0.0,,0.015526644489232484,0.0,0.0,0.0,0.0035706696577280927,0.0,0.0,,0.0,,0.0,,0.0,,0.0,,0.0,,0.0,,0.0,,0.0,,0.0,,0.0,,0.0,,0.0,,0.0,,0.0,,0.0,,0.0,,0.0,,0.0,,0.0,,0.0,,0.0,,0.0,,0.0,,0.0,,0.0,,0.0,,0.0,,0.0,,0.0,,0.0,,0.0,,0.0,,0.0,,0.0,,0.0,,0.0,,0.0,,0.0,,0.0,,0.0,,,,,,,,0.0,,,,,,,,,,,,0.06893090888236957,0.0,0.14205648222317294,0.0,0.0677839211809138,0.0,0.023130238793479852,0.0,0.0016164227725109644,0.0,0.0,,0.06495780156304436,0.0,0.0019394659803823127,0.0,0.1489603519439697,0.0,0.0,0.0,0.032106338068842805,0.0,0.0023133772386547896,0.0,0.01244715989256893,0.0,0.01258321550752342,0.0,0.014065833451847183,0.0,0.054688609740201406,0.0,0.018697189322362296,0.0,0.07273062644526358,0.0,0.0,0.0,0.0,,0.0,,0.0,,0.0,,0.0,,0.0,,0.0,,0.0,,,,,,,,,,,,,,,,,,,,,,0,0,49,5
4,region_04,2023-07-29,,,,,,,,,,,,,,,0.0,0.0,,,,,,,,,,,,,,,,,,,,,,,,,0.0,0.0,,,,,,,,,,,,,0.0,0.0,0.0,0.0,0.0009363236022181574,0.0,0.0,0.0,0.0,0.0,0.0,,,,0.0,0.0,0.0,0.0,0.0,0.0,0.0,0.0,0.0,0.0,0.0,0.0,0.0017917277424809438,0.0,0.0,0.0,0.0010607887695475073,0.0,0.009492519460118937,0.0,0.09519688741152059,0.0,0.0,,0.008314834084074421,0.0,0.0033822471313285423,0.0,0.011698501679347774,0.0,0.0,0.0,0.010695358982899156,0.0,0.055574847442256436,0.0,0.01980570628099694,0.0,0.0036465251098640457,0.0,0.003366832856813191,0.0,0.0062957057108481256,0.0,0.0,,0.014912688530030357,0.0,0.0,0.0,0.0028884680913982474,0.0,0.0,,0.0,,0.0,,0.0,,0.0,,0.0,,0.0,,0.0,,0.0,,0.0,,0.0,,0.0,,0.0,,0.0,,0.0,,0.0,,0.0,,0.0,,0.0,,0.0,,0.0,,0.0,,0.0,,0.0,,0.0,,0.0,,0.0,,0.0,,0.0,,0.0,,0.0,,0.0,,0.0,,0.0,,0.0,,0.0,,0.0,,0.0,,0.0,,0.0,,0.0,,,,,,,,0.0,,,,,,,,,,,,0.07065562143135838,0.0,0.13226610142407366,0.0,0.06811997422069993,0.0,0.020599137092131334,0.0,0.0027164472305836298,0.0,0.0008615826771251197,2.0,0.07839879785591719,0.0,0.005341342464584729,0.0,0.14215632718294222,0.0,0.0017649989570193564,0.0,0.022760182539833286,0.0,0.0017293467162034439,0.0,0.011541416450793283,0.0,0.013961833794989258,0.0,0.019844876144391746,0.0,0.05633874063162088,0.0,0.021044002824416666,0.0,0.0798731017907328,0.0,0.00030444872793441703,0.0,0.0,,0.0,,0.0,,0.0,,0.0,,0.0,,0.0,,0.0,,,,,,,,,,,,,,,,,,,,,,0,1,49,6
4,region_04,2023-08-05,,,,,,,,,,,,,,,0.0,0.0,,,,,,,,,,,,,,,,,,,,,,,,,0.0,0.0,,,,,,,,,,,,,0.0,0.0,0.0,0.0,0.0018726472044363147,0.0,0.0,0.0,0.0,0.0,0.0,,,,0.0,0.0,0.0,0.0,0.0,0.0,0.0,0.0,0.0,0.0,0.0,0.0,0.0,0.0,0.0,0.0,0.0,0.0,0.010704178184746381,0.0,0.09418704614360278,0.0,0.0,,0.008648799831404284,0.0,0.005163615183072476,0.0,0.005989923141896666,0.0,0.0,0.0,0.010034979519216261,0.0,0.06515032227369061,0.0,0.017443031468924015,0.0,0.002843513724986757,0.0,0.003956346151729378,0.0,0.002853729907009291,0.0,0.0,,0.014298732570828228,0.0,0.0,0.0,0.0022062665250684025,0.0,0.0,,0.0,,0.0,,0.0,,0.0,,0.0,,0.0,,0.0,,0.0,,0.0,,0.0,,0.0,,0.0,,0.0,,0.0,,0.0,,0.0,,0.0,,0.0,,0.0,,0.0,,0.0,,0.0,,0.0,,0.0,,0.0,,0.0,,0.0,,0.0,,0.0,,0.0,,0.0,,0.0,,0.0,,0.0,,0.0,,0.0,,0.0,,0.0,,0.0,,0.0,,,,,,,,0.0,,,,,,,,,,,,0.0723803339803472,0.0,0.1224757206249744,0.0,0.06845602726048608,0.0,0.01806803539078282,0.0,0.0038164716886562953,0.0,0.0017231653542502394,0.0,0.09183979414879004,0.0,0.008743218948787147,0.0,0.13535230242191473,0.0,0.0035299979140387128,0.0,0.013414027010823764,0.0,0.0011453161937520979,0.0,0.010635673009017636,0.0,0.0153404520824551,0.0,0.02562391883693631,0.0,0.05798887152304036,0.0,0.02339081632647104,0.0,0.08701557713620202,0.0,0.0006088974558688341,0.0,0.0,,0.0,,0.0,,0.0,,0.0,,0.0,,0.0,,0.0,,,,,,,,,,,,,,,,,,,,,,0,0,50,7
4,region_04,2023-08-12,,,,,,,,,,,,,,,0.0,0.0,,,,,,,,,,,,,,,,,,,,,,,,,0.0,0.0,,,,,,,,,,,,,0.0,0.0,0.0,0.0,0.0009363236022181574,0.0,0.0,0.0,0.0,0.0,0.0,,,,0.0,0.0,0.0,0.0,0.0,0.0,0.0,0.0,0.0,0.0,0.0,0.0,0.0,0.0,0.0007519668802936744,0.0,0.0007464443135011523,0.0,0.006709372765885553,0.0,0.11973939800874484,0.0,0.0,,0.00921364730804685,0.0,0.0031046983948138304,0.0,0.005821179775723568,0.0,0.0,0.0,0.005504721658223702,0.0,0.057006920142500694,0.0,0.020360075682143153,0.0,0.0032158213937442956,0.0,0.0075841170735656705,0.0,0.0037763165051324012,0.0,0.0,,0.024765554398546344,0.0,0.0,0.0,0.0030887746640170105,0.0,0.0,,0.0,,0.0,,0.0,,0.0,,0.0,,0.0,,0.0,,0.0,,0.0,,0.0,,0.0,,0.0,,0.0,,0.0,,0.0,,0.0,,0.0,,0.0,,0.0,,0.0,,0.0,,0.0,,0.0,,0.0,,0.0,,0.0,,0.0,,0.0,,0.0,,0.0,,0.0,,0.0,,0.0,,0.0,,0.0,,0.0,,0.0,,0.0,,0.0,,0.0,,,,,,,,0.0,,,,,,,,,,,,0.06342316933310518,0.0,0.11353240867044556,0.0,0.07443125453277052,0.0,0.025944760582727662,0.0,0.008237222263899894,0.0,0.0016384350433087341,0.0,0.11211571676327492,0.0,0.005263923893693215,0.0,0.1148087504189754,0.0,0.0017649989570193564,0.0,0.014071566833934374,0.0,0.0017236573353476455,0.0,0.009598913056531202,0.0,0.016338242101483,0.0,0.02555972951282135,0.0,0.04667298705640152,0.0,0.021418168110416247,0.0,0.07513403564012647,0.0,0.0011534145168727388,0.0,0.0,,0.0,,0.0,,0.0,,0.0,,0.0,,0.0,,0.0,,,,,,,,,,,,,,,,,,,,,,0,0,50,8
4,region_04,2023-08-19,,,,,,,,,,,,,,,0.0,0.0,,,,,,,,,,,,,,,,,,,,,,,,,0.0,0.0,,,,,,,,,,,,,0.0,0.0,0.0,0.0,0.0,0.0,0.0,0.0,0.0,0.0,0.0,,,,0.0,0.0,0.0,0.0,0.0,0.0,0.0,0.0,0.0,0.0,0.0,0.0,0.0,0.0,0.0015039337605873488,0.0,0.0014928886270023046,0.0,0.002714567347024724,0.0,0.1452917498738869,0.0,0.0,,0.009778494784689418,0.0,0.001045781606555185,0.0,0.005652436409550469,0.0,0.0,0.0,0.0009744637972311415,0.0,0.04886351801131079,0.0,0.023277119895362294,0.0,0.003588129062501834,0.0,0.011211887995401964,0.0,0.004698903103255511,0.0,0.0,,0.035232376226264454,0.0,0.0,0.0,0.003971282802965619,0.0,0.0,,0.0,,0.0,,0.0,,0.0,,0.0,,0.0,,0.0,,0.0,,0.0,,0.0,,0.0,,0.0,,0.0,,0.0,,0.0,,0.0,,0.0,,0.0,,0.0,,0.0,,0.0,,0.0,,0.0,,0.0,,0.0,,0.0,,0.0,,0.0,,0.0,,0.0,,0.0,,0.0,,0.0,,0.0,,0.0,,0.0,,0.0,,0.0,,0.0,,0.0,,,,,,,,0.0,,,,,,,,,,,,0.054466004685863156,0.0,0.10458909671591672,0.0,0.08040648180505498,0.0,0.033821485774672505,0.0,0.012657972839143493,0.0,0.0015537047323672289,0.0,0.1323916393777598,0.0,0.0017846288385992828,0.0,0.09426519841603608,0.0,0.0,0.0,0.014729106657044985,0.0,0.0023019984769431933,0.0,0.008562153104044769,0.0,0.0173360321205109,0.0,0.025495540188706388,0.0,0.03535710258976268,0.0,0.01944551989436145,0.0,0.06325249414405092,0.0,0.0016979315778766436,0.0,0.0,,0.0,,0.0,,0.0,,0.0,,0.0,,0.0,,0.0,,,,,,,,,,,,,,,,,,,,,,0,0,50,9
4,region_04,2023-08-26,,,,,,,,,,,,,,,0.0,0.0,,,,,,,,,,,,,,,,,,,,,,,,,0.0,0.0,,,,,,,,,,,,,0.0,0.0,0.0002376629388890878,0.0,0.0,0.0,0.0,0.0,0.0,0.0,0.0,,,,0.0,0.0,0.0,0.0,0.0,0.0,0.0,0.0,0.0,0.0,0.0,0.0,0.0,0.0,0.0007519668802936744,0.0,0.0016552247845594632,0.0,0.0043755152289179314,0.0,0.15989053724828545,0.0,0.0,,0.007254305106007269,0.0,0.0005228908032775925,0.0,0.003681380015793366,0.0,0.0,0.0,0.0011390449539006974,0.0,0.0523779160968491,0.0,0.0276961606909219,0.0,0.006630474974041416,0.0,0.01214076330264404,0.0,0.008735768129635137,0.0,0.000489737640871364,2.0,0.04197231411196035,0.0,0.0010243376836158286,0.0,0.005114359753428067,0.0,0.0,,0.0,,0.0,,0.0,,0.0,,0.0,,0.0,,0.0,,0.0,,0.0,,0.0,,0.0,,0.0,,0.0,,0.0,,0.0,,0.0,,0.0,,0.0,,0.0,,0.0,,0.0,,0.0,,0.0,,0.0,,0.0,,0.0,,0.0,,0.0,,0.0,,0.0,,0.0,,0.0,,0.0,,0.0,,0.0,,0.0,,0.0,,0.0,,0.0,,0.0,,,,,,,,0.0,,,,,,,,,,,,0.04941919194309459,0.0,0.10216439648346909,0.0,0.06887956300507417,0.0,0.04003680865977692,0.0,0.014765970036387393,0.0,0.002568968576317797,0.0,0.13403180067377962,0.0,0.0021988444272886595,0.0,0.07873454236645913,0.0,0.0003259065276425522,0.0,0.009621094406811815,0.0,0.0013732257268755466,0.0,0.011144660166037278,0.0,0.01740195730235425,0.0,0.01739255769565192,0.0,0.03820181807890025,0.0,0.01819830257445569,0.0,0.06200323029902673,0.0,0.0017268999878165896,0.0,0.0,,0.0,,0.0,,0.0,,0.0,,0.0,,0.0,,0.0,,,,,,,,,,,,,,,,,,,,,,0,1,50,10
4,region_04,2023-09-02,,,,,,,,,,,,,,,0.0,0.0,,,,,,,,,,,,,,,,,,,,,,,,,0.0,0.0,,,,,,,,,,,,,0.0,0.0,0.0004753258777781756,0.0,0.0,0.0,0.0,0.0,0.0,0.0,0.0,,,,0.0,0.0,0.0,0.0,0.0,0.0,0.0,0.0,0.0,0.0,0.0,0.0,0.0,0.0,0.0,0.0,0.001817560942116622,0.0,0.0060364631108111395,0.0,0.17448932462268402,0.0,0.0,,0.00473011542732512,0.0,0.0,0.0,0.0017103236220362623,0.0,0.0,0.0,0.0013036261105702533,0.0,0.055892314182387416,0.0,0.032115201486481504,0.0,0.009672820885580998,0.0,0.013069638609886117,0.0,0.012772633156014762,0.0,0.000979475281742728,0.0,0.04871225199765624,0.0,0.002048675367231657,0.0,0.006257436703890514,0.0,0.0,,0.0,,0.0,,0.0,,0.0,,0.0,,0.0,,0.0,,0.0,,0.0,,0.0,,0.0,,0.0,,0.0,,0.0,,0.0,,0.0,,0.0,,0.0,,0.0,,0.0,,0.0,,0.0,,0.0,,0.0,,0.0,,0.0,,0.0,,0.0,,0.0,,0.0,,0.0,,0.0,,0.0,,0.0,,0.0,,0.0,,0.0,,0.0,,0.0,,0.0,,,,,,,,0.0,,,,,,,,,,,,0.04437237920032603,0.0,0.09973969625102146,0.0,0.057352644205093346,0.0,0.046252131544881336,0.0,0.016873967233631295,0.0,0.0035842324202683654,0.0,0.13567196196979942,0.0,0.0026130600159780357,0.0,0.06320388631688219,0.0,0.0006518130552851044,0.0,0.004513082156578647,0.0,0.0004444529768079,0.0,0.01372716722802979,0.0,0.0174678824841976,0.0,0.009289575202597457,0.0,0.04104653356803783,0.0,0.016951085254549934,0.0,0.06075396645400255,0.0,0.0017558683977565357,0.0,0.0,,0.0,,0.0,,0.0,,0.0,,0.0,,0.0,,0.0,,,,,,,,,,,,,,,,,,,,,,0,0,51,11
4,region_04,2023-09-09,,,,,,,,,,,,,,,0.0,0.0,,,,,,,,,,,,,,,,,,,,,,,,,0.0,0.0,,,,,,,,,,,,,0.0,0.0,0.0002376629388890878,0.0,0.0,0.0,0.0,0.0,0.0,0.0,0.0,,,,0.0,0.0,0.0,0.0,0.0,0.0,0.0,0.0,0.0,0.0,0.0,0.0,0.0,0.0,0.0002485732809211568,0.0,0.000908780471058311,0.0,0.0059560225142936945,0.0,0.1824330371964459,0.0,0.0,,0.004168972605662937,0.0,0.00039728990337935797,0.0,0.0024058097755921643,0.0,0.0,0.0,0.0009690343325303368,0.0,0.06320099757626799,0.0,0.03397292598254145,0.0,0.009063106379471667,0.0,0.00862773969420227,0.0,0.01732256094774584,0.0,0.001447849995092332,0.0,0.06512393342763782,0.0,0.0031474465157813976,0.0,0.008810364951689992,0.0,0.0,,0.0,,0.0,,0.0,,0.0,,0.0,,0.0,,0.0,,0.0,,0.0,,0.0,,0.0,,0.0,,0.0,,0.0,,0.0,,0.0,,0.0,,0.0,,0.0,,0.0,,0.0,,0.0,,0.0,,0.0,,0.0,,0.0,,0.0,,0.0,,0.0,,0.0,,0.0,,0.0,,0.0,,0.0,,0.0,,0.0,,0.0,,0.0,,0.0,,0.0,,,,,,,,0.0,,,,,,,,,,,,0.04783955712360561,0.0,0.09177622737344163,0.0,0.047714505928822495,0.0,0.044414298480959805,0.0,0.019159070868515406,0.0,0.0022520919500445247,0.0,0.133309191220788,0.0,0.00364971498146206,0.0,0.05493828433970305,0.0,0.0013332319232773452,0.0,0.005016202302155686,0.0,0.0011576843588210306,0.0,0.014953576403227822,0.0,0.01185356728753749,0.0,0.006668639219321278,0.0,0.03024712848580541,0.0,0.012684120450549796,0.0,0.060724343101710335,0.0,0.0029474682395694033,0.0,0.0,,0.0,,0.0,,0.0,,0.0,,0.0,,0.0,,0.0,,,,,,,,,,,,,,,,,,,,,,0,0,51,12
4,region_04,2023-09-16,,,,,,,,,,,,,,,0.0,0.0,,,,,,,,,,,,,,,,,,,,,,,,,0.0,0.0,,,,,,,,,,,,,0.0,0.0,0.0,0.0,0.0,0.0,0.0,0.0,0.0,0.0,0.0,,,,0.0,0.0,0.0,0.0,0.0,0.0,0.0,0.0,0.0,0.0,0.0,0.0,0.0,0.0,0.0004971465618423136,0.0,0.0,0.0,0.0058755819177762495,0.0,0.1903767497702078,0.0,0.0,,0.0036078297840007544,0.0,0.0007945798067587159,0.0,0.0031012959291480662,0.0,0.0,0.0,0.0006344425544904204,0.0,0.07050968097014856,0.0,0.0358306504786014,0.0,0.008453391873362337,0.0,0.0041858407785184204,0.0,0.021872488739476916,0.0,0.0019162247084419362,0.0,0.08153561485761941,0.0,0.004246217664331138,0.0,0.011363293199489468,0.0,0.0,,0.0,,0.0,,0.0,,0.0,,0.0,,0.0,,0.0,,0.0,,0.0,,0.0,,0.0,,0.0,,0.0,,0.0,,0.0,,0.0,,0.0,,0.0,,0.0,,0.0,,0.0,,0.0,,0.0,,0.0,,0.0,,0.0,,0.0,,0.0,,0.0,,0.0,,0.0,,0.0,,0.0,,0.0,,0.0,,0.0,,0.0,,0.0,,0.0,,0.0,,,,,,,,0.0,,,,,,,,,,,,0.05130673504688519,0.0,0.0838127584958618,0.0,0.03807636765255165,0.0,0.042576465417038266,0.0,0.02144417450339952,0.0,0.0009199514798206843,0.0,0.13094642047177657,0.0,0.004686369946946084,0.0,0.04667268236252391,0.0,0.002014650791269586,0.0,0.005519322447732725,0.0,0.0018709157408341615,0.0,0.016179985578425857,0.0,0.006239252090877379,0.0,0.004047703236045098,0.0,0.019447723403572995,0.0,0.008417155646549658,0.0,0.06069471974941812,0.0,0.004139068081382271,0.0,0.0,,0.0,,0.0,,0.0,,0.0,,0.0,,0.0,,0.0,,,,,,,,,,,,,,,,,,,,,,0,0,51,13
4,region_04,2023-09-23,,,,,,,,,,,,,,,0.0,0.0,,,,,,,,,,,,,,,,,,,,,,,,,0.0,0.0,,,,,,,,,,,,,0.0,0.0,0.0006863127152124832,0.0,0.0,0.0,0.0,0.0,0.0,0.0,0.00050609972095115,2.0,,,0.0,0.0,0.0,0.0,0.0,0.0,0.0,0.0,0.0,0.0,0.0,0.0,0.0,0.0,0.0002485732809211568,0.0,0.0,0.0,0.010421294740147156,0.0,0.18827593925922914,0.0,0.0,,0.006284967546947316,0.0,0.00039728990337935797,0.0,0.0015506479645740331,0.0,0.0,0.0,0.0003172212772452102,0.0,0.0837314412774241,0.0,0.03211763659275544,0.0,0.0080808823407444,0.0,0.010018442946264125,0.0,0.018337533376563533,0.0,0.007495057914085071,0.0,0.10613528552640375,0.0,0.010516686043480272,0.0,0.009473742096729174,0.0,0.003890245817828809,2.0,0.0009655356436269099,1.0,0.0,,0.0,,0.0,,0.0,,0.0,,0.0,,0.0,,0.0,,0.0,,0.0,,0.0,,0.0,,0.0,,0.0,,0.0,,0.0,,0.0,,0.0,,0.0,,0.0,,0.0,,0.0,,0.0,,0.0,,0.0,,0.0,,0.0,,0.0,,0.0,,0.0,,0.0,,0.0,,0.0,,0.0,,0.0,,0.0,,0.0,,0.0,,0.0,,,,,,,,0.0,,,,,,,,,,,,0.039800472071830975,0.0,0.06968434531651196,0.0,0.03673155510002629,0.0,0.03757679629598368,0.0,0.0203851811345753,0.0,0.0032449550367584937,0.0,0.12663259781330002,0.0,0.0037085982671486444,0.0,0.04206860981708153,0.0,0.0018209898823748115,0.0,0.00360883882044796,0.0,0.0018866157168469057,0.0,0.012028058701397578,0.0,0.014351519160184279,0.0,0.003686693718941856,0.0,0.014440078992223278,0.0,0.006177610779367144,0.0,0.056149263594527904,0.0,0.003556832859202005,0.0,0.0,,0.0,,0.0,,0.0,,0.0,,0.0,,0.0,,0.0,,,,,,,,,,,,,,,,,,,,,,1,2,51,0
4,region_04,2023-09-30,,,,,,,,,,,,,,,0.0,0.0,,,,,,,,,,,,,,,,,,,,,,,,,0.0,0.0,,,,,,,,,,,,,0.0,0.0,0.0013726254304249664,0.0,0.0,0.0,0.0,0.0,0.0,0.0,0.0010121994419023,0.0,,,0.0,0.0,0.0,0.0,0.0,0.0,0.0,0.0,0.0,0.0,0.0,0.0,0.0,0.0,0.0,0.0,0.0,0.0,0.014967007562518063,0.0,0.1861751287482505,0.0,0.0,,0.008962105309893878,0.0,0.0,0.0,0.0,0.0,0.0,0.0,0.0,0.0,0.09695320158469964,0.0,0.028404622706909476,0.0,0.007708372808126466,0.0,0.015851045114009827,0.0,0.014802578013650154,0.0,0.013073891119728205,0.0,0.13073495619518807,0.0,0.01678715442262941,0.0,0.007584190993968877,0.0,0.007780491635657618,0.0,0.0019310712872538198,0.0,0.0,,0.0,,0.0,,0.0,,0.0,,0.0,,0.0,,0.0,,0.0,,0.0,,0.0,,0.0,,0.0,,0.0,,0.0,,0.0,,0.0,,0.0,,0.0,,0.0,,0.0,,0.0,,0.0,,0.0,,0.0,,0.0,,0.0,,0.0,,0.0,,0.0,,0.0,,0.0,,0.0,,0.0,,0.0,,0.0,,0.0,,0.0,,0.0,,,,,,,,0.0,,,,,,,,,,,,0.028294209096776764,0.0,0.055555932137162145,0.0,0.035386742547500925,0.0,0.03257712717492909,0.0,0.019326187765751082,0.0,0.005569958593696303,0.0,0.12231877515482346,0.0,0.0027308265873512046,0.0,0.03746453727163915,0.0,0.0016273289734800372,0.0,0.0016983551931631952,0.0,0.00190231569285965,0.0,0.0078761318243693,0.0,0.02246378622949118,0.0,0.003325684201838614,0.0,0.009432434580873563,0.0,0.00393806591218463,0.0,0.05160380743963769,0.0,0.0029745976370217394,0.0,0.0,,0.0,,0.0,,0.0,,0.0,,0.0,,0.0,,0.0,,,,,,,,,,,,,,,,,,,,,,0,0,54,1
4,region_04,2023-10-07,,,,,,,,,,,,,,,0.0,0.0,,,,,,,,,,,,,,,,,,,,,,,,,0.0,0.0,,,,,,,,,,,,,0.0,0.0,0.0018472814062122024,0.0,0.0,0.0,0.0,0.0,0.0,0.0,0.00114804523764175,0.0,,,0.0,0.0,0.0,0.0,0.0,0.0,0.0,0.0,0.0,0.0,0.0,0.0,0.0,0.0,0.0,0.0,0.0,0.0,0.00861722796634278,0.0,0.17240903519531287,0.0,0.0,,0.006749276029629795,0.0,0.0,0.0,0.0,0.0,0.0,0.0,0.0,0.0,0.09129298136339159,0.0,0.02760896198234928,0.0,0.01188076653075322,0.0,0.012280164030457848,0.0,0.01080022047011843,0.0,0.016832964442740433,0.0,0.1546848092768609,0.0,0.01585977827198799,0.0,0.013982773703035096,0.0,0.007098653597938896,0.0,0.002092075152904681,0.0,0.0,,0.0,,0.0,,0.0,,0.0,,0.0,,0.0,,0.0,,0.0,,0.0,,0.0,,0.0,,0.0,,0.0,,0.0,,0.0,,0.0,,0.0,,0.0,,0.0,,0.0,,0.0,,0.0,,0.0,,0.0,,0.0,,0.0,,0.0,,0.0,,0.0,,0.0,,0.0,,0.0,,0.0,,0.0,,0.0,,0.0,,0.0,,0.0,,,,,,,,0.0,,,,,,,,,,,,0.03445470713097644,0.0,0.040470151187375486,0.0,0.04782960877123625,0.0,0.03895027813597569,0.0,0.0183005702627256,0.0,0.0027849792968481515,0.0,0.1285050986695659,0.0,0.0035728072678744083,0.0,0.033523727436609405,0.0,0.0008136644867400186,0.0,0.0008491775965815976,0.0,0.0018618073649121951,0.0,0.006207064319100776,0.0,0.014912710692511731,0.0,0.0029936255252860835,0.0,0.010947170362324052,0.0,0.003126777462388678,0.0,0.05055372959883634,0.0,0.0014872988185108697,0.0,0.0,,0.0,,0.0,,0.0,,0.0,,0.0,,0.0,,0.0,,,,,,,,,,,,,,,,,,,,,,0,0,54,2
4,region_04,2023-10-14,,,,,,,,,,,,,,,0.0,0.0,,,,,,,,,,,,,,,,,,,,,,,,,0.0,0.0,,,,,,,,,,,,,0.0,0.0,0.002321937381999438,0.0,0.0,0.0,0.0,0.0,0.0,0.0,0.0012838910333812,0.0,,,0.0,0.0,0.0,0.0,0.0,0.0,0.0,0.0,0.0,0.0,0.0,0.0,0.0,0.0,0.0,0.0,0.0,0.0,0.0022674483701674974,0.0,0.1586429416423752,0.0,0.0,,0.004536446749365712,0.0,0.0,0.0,0.0,0.0,0.0,0.0,0.0,0.0,0.08563276114208354,0.0,0.026813301257789083,0.0,0.016053160253379974,0.0,0.008709282946905868,0.0,0.006797862926586705,0.0,0.02059203776575266,0.0,0.17863466235853376,0.0,0.01493240212134657,0.0,0.020381356412101315,0.0,0.006416815560220173,0.0,0.0022530790185555424,0.0,0.0,,0.0,,0.0,,0.0,,0.0,,0.0,,0.0,,0.0,,0.0,,0.0,,0.0,,0.0,,0.0,,0.0,,0.0,,0.0,,0.0,,0.0,,0.0,,0.0,,0.0,,0.0,,0.0,,0.0,,0.0,,0.0,,0.0,,0.0,,0.0,,0.0,,0.0,,0.0,,0.0,,0.0,,0.0,,0.0,,0.0,,0.0,,0.0,,,,,,,,0.0,,,,,,,,,,,,0.04061520516517611,0.0,0.02538437023758883,0.0,0.060272474994971584,0.0,0.045323429097022284,0.0,0.01727495275970012,0.0,0.0,0.0,0.13469142218430832,0.0,0.004414787948397612,0.0,0.029582917601579665,0.0,0.0,0.0,0.0,0.0,0.00182129903696474,0.0,0.004537996813832252,0.0,0.0073616351555322816,0.0,0.0026615668487335524,0.0,0.012461906143774541,0.0,0.002315489012592726,0.0,0.04950365175803499,0.0,0.0,0.0,0.0,,0.0,,0.0,,0.0,,0.0,,0.0,,0.0,,0.0,,,,,,,,,,,,,,,,,,,,,,0,0,54,3
4,region_04,2023-10-21,,,,,,,,,,,,,,,0.0,0.0,,,,,,,,,,,,,,,,,,,,,,,,,0.0,0.0,,,,,,,,,,,,,0.0,0.0,0.001160968690999719,0.0,0.0,0.0,0.0,0.0,0.0,0.0,0.006632061641929372,0.0,,,0.0,0.0,0.0,0.0,0.0,0.0,0.0,0.0,0.0,0.0,0.0,0.0,0.0,0.0,0.0,0.0,0.0,0.0,0.0040081030317759055,0.0,0.1769736388964312,0.0,0.0,,0.0065568488789721924,0.0,0.0,0.0,0.0,0.0,0.0,0.0,0.0,0.0,0.08239848352968689,0.0,0.02993557555600994,0.0,0.02295699397634178,0.0,0.008201418145160542,0.0,0.0060319520278079315,0.0,0.022812336106740244,0.0,0.19745398880470363,0.0,0.030209267367830535,0.0,0.02839276538274823,0.0,0.008957165540017478,0.0,0.0025253853566633627,0.0,0.0,,0.0,,0.0,,0.0,,0.0,,0.0,,0.0,,0.0,,0.0,,0.0,,0.0,,0.0,,0.0,,0.0,,0.0,,0.0,,0.0,,0.0,,0.0,,0.0,,0.0,,0.0,,0.0,,0.0,,0.0,,0.0,,0.0,,0.0,,0.0,,0.0,,0.0,,0.0,,0.0,,0.0,,0.0,,0.0,,0.0,,0.0,,0.0,,,,,,,,0.0,,,,,,,,,,,,0.0354800454695664,0.0,0.029266770929098067,0.0,0.03583910985894142,0.0,0.03245248933256199,0.0,0.01823619041325785,0.0,0.0015657780958073212,0.0,0.10665937814684137,0.0,0.002207393974198806,0.0,0.023643940642830815,0.0,0.001437189423346057,0.0,0.001437189423346057,0.0,0.00091064951848237,0.0,0.010892134747423534,0.0,0.006082151035245986,0.0,0.0013307834243667762,0.0,0.011738352532986327,0.0,0.001157744506296363,0.0,0.039903341482082945,0.0,0.004070209838183843,0.0,0.0,,0.0,,0.0,,0.0,,0.0,,0.0,,0.0,,0.0,,,,,,,,,,,,,,,,,,,,,,0,0,54,4
4,region_04,2023-10-28,,,,,,,,,,,,,,,0.0,0.0,,,,,,,,,,,,,,,,,,,,,,,,,0.0,0.0,,,,,,,,,,,,,0.0,0.0,0.0,0.0,0.0,0.0,0.0,0.0,0.0,0.0,0.011980232250477544,0.0,,,0.0,0.0,0.0,0.0,0.0,0.0,0.0,0.0,0.0,0.0,0.0,0.0,0.0,0.0,0.0,0.0,0.0,0.0,0.0057487576933843145,0.0,0.19530433615048723,0.0,0.0,,0.008577251008578672,0.0,0.0,0.0,0.0,0.0,0.0,0.0,0.0,0.0,0.07916420591729023,0.0,0.0330578498542308,0.0,0.029860827699303583,0.0,0.007693553343415214,0.0,0.005266041129029157,0.0,0.02503263444772783,0.0,0.2162733152508735,0.0,0.0454861326143145,0.0,0.036404174353395144,0.0,0.011497515519814785,0.0,0.002797691694771183,0.0,0.0,,0.0,,0.0,,0.0,,0.0,,0.0,,0.0,,0.0,,0.0,,0.0,,0.0,,0.0,,0.0,,0.0,,0.0,,0.0,,0.0,,0.0,,0.0,,0.0,,0.0,,0.0,,0.0,,0.0,,0.0,,0.0,,0.0,,0.0,,0.0,,0.0,,0.0,,0.0,,0.0,,0.0,,0.0,,0.0,,0.0,,0.0,,0.0,,,,,,,,0.0,,,,,,,,,,,,0.0303448857739567,0.0,0.0331491716206073,0.0,0.011405744722911256,0.0,0.0195815495681017,0.0,0.019197428066815587,0.0,0.0031315561916146423,0.0,0.0786273341093744,0.0,0.0,0.0,0.017704963684081965,0.0,0.002874378846692114,0.0,0.002874378846692114,0.0,0.0,0.0,0.017246272681014814,0.0,0.004802666914959689,0.0,0.0,0.0,0.011014798922198114,0.0,0.0,0.0,0.0303030312061309,0.0,0.008140419676367685,0.0,0.0,,0.0,,0.0,,0.0,,0.0,,0.0,,0.0,,0.0,,,,,,,,,,,,,,,,,,,,,,0,0,54,5
4,region_04,2023-11-04,,,,,,,,,,,,,,,0.0,0.0,,,,,,,,,,,,,,,,,,,,,,,,,0.0,0.0,,,,,,,,,,,,,0.0,0.0,0.0012844991288147604,0.0,0.0,0.0,0.0,0.0,0.0,0.0,0.012824351472043194,0.0,,,0.0,0.0,0.0,0.0,0.0,0.0,0.0,0.0,0.0,0.0,0.0,0.0,0.0,0.0,0.0,0.0,0.0,0.0,0.004162899670856283,0.0,0.175468767477178,0.0,0.0053613876680964736,2.0,0.004288625504289336,0.0,0.0,0.0,0.0,0.0,0.0,0.0,0.0,0.0,0.07402989006468223,0.0,0.02792309686684831,0.0,0.020372266918420742,0.0,0.003846776671707607,0.0,0.009355982936519541,0.0,0.035573842751752224,0.0,0.22881979241967199,0.0,0.05429738072678442,0.0,0.03655019451464921,0.0,0.0172784316537717,0.0,0.02643951499496819,0.0,0.0,,0.0,,0.0,,0.0,,0.0,,0.0,,0.0,,0.0,,0.0,,0.0,,0.0013362664308043904,2.0,0.0,,0.0,,0.0,,0.0,,0.0,,0.0,,0.0,,0.0,,0.0,,0.0,,0.0,,0.0,,0.0,,0.0,,0.0,,0.0,,0.0,,0.0,,0.0,,0.0,,0.0,,0.0,,0.0,,0.0,,0.0,,0.0,,0.0,,0.0,,,,,,,,0.0,,,,,,,,,,,,0.025805345593163536,0.0,0.026061560618332882,0.0,0.013771907441199722,0.0,0.02706741328195974,0.0,0.013680533482027852,0.0,0.002252591299890896,0.0,0.07246038564613883,0.0,0.0,0.0,0.010213374709710416,0.0,0.001437189423346057,0.0,0.001437189423346057,0.0,0.0,0.0,0.011344062884205095,0.0,0.010036992427582488,0.0,0.0,0.0,0.017592001615890387,0.0,0.001288520824164126,0.0,0.02318292365481068,0.0,0.005430673100719446,0.0,0.0,,0.0,,0.0,,0.0,,0.0,,0.0,,0.0,,0.0,,,,,,,,,,,,,,,,,,,,,,0,2,54,6
4,region_04,2023-11-11,,,,,,,,,,,,,,,0.0,0.0,,,,,,,,,,,,,,,,,,,,,,,,,0.0,0.0,,,,,,,,,,,,,0.0,0.0,0.002568998257629521,0.0,0.0,0.0,0.0,0.0,0.0,0.0,0.013668470693608843,0.0,,,0.0,0.0,0.0,0.0,0.0,0.0,0.0,0.0,0.0,0.0,0.0,0.0,0.0,0.0,0.0,0.0,0.0,0.0,0.002577041648328252,0.0,0.15563319880386875,0.0,0.010722775336192947,0.0,0.0,0.0,0.0,0.0,0.0,0.0,0.0,0.0,0.0,0.0,0.06889557421207423,0.0,0.02278834387946582,0.0,0.010883706137537901,0.0,0.0,0.0,0.013445924744009928,0.0,0.04611505105577662,0.0,0.24136626958847043,0.0,0.06310862883925433,0.0,0.03669621467590328,0.0,0.02305934778772862,0.0,0.050081338295165194,0.0,0.0,,0.0,,0.0,,0.0,,0.0,,0.0,,0.0,,0.0,,0.0,,0.0,,0.002672532861608781,0.0,0.0,,0.0,,0.0,,0.0,,0.0,,0.0,,0.0,,0.0,,0.0,,0.0,,0.0,,0.0,,0.0,,0.0,,0.0,,0.0,,0.0,,0.0,,0.0,,0.0,,0.0,,0.0,,0.0,,0.0,,0.0,,0.0,,0.0,,0.0,,,,,,,,0.0,,,,,,,,,,,,0.021265805412370373,0.0,0.018973949616058465,0.0,0.01613807015948819,0.0,0.034553276995817776,0.0,0.008163638897240116,0.0,0.00137362640816715,0.0,0.06629343718290326,0.0,0.0,0.0,0.002721785735338868,0.0,0.0,0.0,0.0,0.0,0.0,0.0,0.0054418530873953765,0.0,0.015271317940205285,0.0,0.0,0.0,0.024169204309582658,0.0,0.002577041648328252,0.0,0.016062816103490453,0.0,0.0027209265250712077,0.0,0.0,,0.0,,0.0,,0.0,,0.0,,0.0,,0.0,,0.0,,,,,,,,,,,,,,,,,,,,,,0,0,56,7
4,region_04,2023-11-18,,,,,,,,,,,,,,,0.0,0.0,,,,,,,,,,,,,,,,,,,,,,,,,0.0,0.0,,,,,,,,,,,,,0.0,0.0,0.0012844991288147604,0.0,0.0,0.0,0.0,0.0,0.0,0.0,0.013544606256227033,0.0,,,0.0,0.0,0.0,0.0,0.0,0.0,0.0,0.0,0.0,0.0,0.0,0.0,0.0,0.0,0.0,0.0,0.0,0.0,0.001288520824164126,0.0,0.14308162991739923,0.0,0.00751438463912329,0.0,0.0,0.0,0.0,0.0,0.0,0.0,0.0,0.0,0.0,0.0,0.05969750002026553,0.0,0.024112999775948378,0.0,0.009767289101146107,0.0,0.004725342461218407,0.0,0.010700079395901362,0.0,0.047057257360382625,0.0,0.26831484882604506,0.0,0.07232113632772647,0.0,0.024830985362641472,0.0,0.039392803681011335,0.0,0.04720353313228659,0.0,0.0,,0.0,,0.0,,0.0,,0.0,,0.0,,0.0,,0.0,,0.0,,0.0,,0.0013362664308043904,0.0,0.0,,0.0,,0.0,,0.0,,0.0,,0.0,,0.0,,0.0,,0.0,,0.0,,0.0,,0.0,,0.0,,0.0,,0.0,,0.0,,0.0,,0.0,,0.0,,0.0,,0.0,,0.0,,0.0,,0.0,,0.0,,0.0,,0.0,,0.0,,,,,,,,0.0,,,,,,,,,,,,0.021430664831915677,0.0,0.015733628659150872,0.0,0.010231753095932656,0.0,0.03240511243542031,0.0,0.008401979468762824,0.0,0.002226467302534692,0.0,0.05236869145184752,0.0,0.0,0.0,0.01066434735476611,0.0,0.0,0.0,0.0,0.0,0.0,0.0,0.0027209265436976882,0.0,0.01577850381045464,0.0,0.0,0.0,0.018446654044091654,0.0,0.0037995578488334465,0.0,0.027490593987302095,0.0,0.0013604632625356038,0.0,0.0,,0.0,,0.0,,0.0,,0.0,,0.0,,0.0,,0.0,,,,,,,,,,,,,,,,,,,,,,0,0,56,8
4,region_04,2023-11-25,,,,,,,,,,,,,,,0.0,0.0,,,,,,,,,,,,,,,,,,,,,,,,,0.0,0.0,,,,,,,,,,,,,0.0,0.0,0.0,0.0,0.0,0.0,0.0,0.0,0.0,0.0,0.013420741818845224,0.0,,,0.0,0.0,0.0,0.0,0.0,0.0,0.0,0.0,0.0,0.0,0.0,0.0,0.0,0.0,0.0,0.0,0.0,0.0,0.0,0.0,0.1305300610309297,0.0,0.004305993942053631,0.0,0.0,0.0,0.0,0.0,0.0,0.0,0.0,0.0,0.0,0.0,0.05049942582845683,0.0,0.02543765567243094,0.0,0.008650872064754315,0.0,0.009450684922436814,0.0,0.007954234047792795,0.0,0.04799946366498863,0.0,0.29526342806361966,0.0,0.08153364381619858,0.0,0.012965756049379659,0.0,0.05572625957429404,0.0,0.044325727969407994,0.0,0.0,,0.0,,0.0,,0.0,,0.0,,0.0,,0.0,,0.0,,0.0,,0.0,,0.0,0.0,0.0,,0.0,,0.0,,0.0,,0.0,,0.0,,0.0,,0.0,,0.0,,0.0,,0.0,,0.0,,0.0,,0.0,,0.0,,0.0,,0.0,,0.0,,0.0,,0.0,,0.0,,0.0,,0.0,,0.0,,0.0,,0.0,,0.0,,0.0,,,,,,,,0.0,,,,,,,,,,,,0.021595524251460985,0.0,0.01249330770224328,0.0,0.00432543603237712,0.0,0.030256947875022838,0.0,0.00864032004028553,0.0,0.0030793081969022335,0.0,0.03844394572079178,0.0,0.0,0.0,0.01860690897419335,0.0,0.0,0.0,0.0,0.0,0.0,0.0,0.0,0.0,0.016285689680703992,0.0,0.0,0.0,0.012724103778600651,0.0,0.0050220740493386404,0.0,0.03891837187111374,0.0,0.0,0.0,0.0,,0.0,,0.0,,0.0,,0.0,,0.0,,0.0,,0.0,,,,,,,,,,,,,,,,,,,,,,0,0,56,9
4,region_04,2023-12-02,,,,,,,,,,,,,,,0.0,0.0,,,,,,,,,,,,,,,,,,,,,,,,,0.0,0.0,,,,,,,,,,,,,0.0,0.0,0.0,0.0,0.0,0.0,0.0,0.0,0.0,0.0,0.020784322428517,0.0,,,0.0,0.0,0.0,0.0,0.0,0.0,0.0,0.0,0.0,0.0,0.0,0.0,0.0,0.0,0.0,0.0,0.0,0.0,0.0012463341973831278,0.0,0.12937057568607002,0.0,0.013066140864182771,0.0,0.001196434441226275,0.0,0.0,0.0,0.0,0.0,0.0,0.0,0.0,0.0,0.03710663450662699,0.0,0.01271882783621547,0.0,0.009670181529979886,0.0,0.005971676658601535,0.0,0.009499245971742527,0.0,0.04420579457655545,0.0,0.2754716816402617,0.0,0.07627932674118446,0.0,0.013251341190462992,0.0,0.05068338304100663,0.0,0.11946047624307017,0.0,0.0,,0.0,,0.0,,0.0,,0.0,,0.0010369783655429666,2.0,0.0,,0.0,,0.0,,0.0,,0.0,0.0,0.0,,0.0,,0.0,,0.0,,0.0,,0.0,,0.0,,0.0,,0.0,,0.0,,0.0,,0.0,,0.0,,0.0,,0.0,,0.0,,0.0,,0.0,,0.0,,0.0,,0.0,,0.0,,0.0,,0.0,,0.0,,0.0,,0.0,,0.0,,,,,,,,0.0,,,,,,,,,,,,0.013805584994363827,0.0,0.010972328579929776,0.0,0.003409052213571688,0.0,0.02680670455755551,0.0,0.014043997932115845,0.0,0.006202105587969183,0.0,0.032219139470116134,0.0,0.0012463341973831278,0.0,0.01080673798430884,0.0,0.0,0.0,0.0,0.0,0.0,0.0,0.0,0.0,0.011881847432501437,0.0,0.0010274086654295587,0.0,0.014513718835352053,0.0,0.0062455882783978645,0.0,0.0249476000132477,0.0,0.0,0.0,0.0,,0.0,,0.0,,0.0,,0.0,,0.0,,0.0,,0.0,,,,,,,,,,,,,,,,,,,,,,0,1,56,10
4,region_04,2023-12-09,,,,,,,,,,,,,,,0.0,0.0,,,,,,,,,,,,,,,,,,,,,,,,,0.0,0.0,,,,,,,,,,,,,0.0,0.0,0.0,0.0,0.0,0.0,0.0,0.0,0.0,0.0,0.028147903038188773,0.0,,,0.0,0.0,0.0,0.0,0.0,0.0,0.0,0.0,0.0,0.0,0.0,0.0,0.0,0.0,0.0,0.0,0.0,0.0,0.0024926683947662557,0.0,0.12821109034121034,0.0,0.021826287786311908,0.0,0.00239286888245255,0.0,0.0,0.0,0.0,0.0,0.0,0.0,0.0,0.0,0.023713843184797155,0.0,0.0,0.0,0.010689490995205456,0.0,0.0024926683947662557,0.0,0.011044257895692257,0.0,0.04041212548812227,0.0,0.2556799352169037,0.0,0.07102500966617034,0.0,0.013536926331546326,0.0,0.04564050650771921,0.0,0.19459522451673233,0.0,0.0,,0.0,,0.0,,0.0,,0.0,,0.002073956731085933,0.0,0.0,,0.0,,0.0,,0.0,,0.0,0.0,0.0,,0.0,,0.0,,0.0,,0.0,,0.0,,0.0,,0.0,,0.0,,0.0,,0.0,,0.0,,0.0,,0.0,,0.0,,0.0,,0.0,,0.0,,0.0,,0.0,,0.0,,0.0,,0.0,,0.0,,0.0,,0.0,,0.0,,0.0,,,,,,,,0.0,,,,,,,,,,,,0.006015645737266668,0.0,0.009451349457616273,0.0,0.0024926683947662557,0.0,0.023356461240088184,0.0,0.01944767582394616,0.0,0.009324902979036133,0.0,0.025994333219440488,0.0,0.0024926683947662557,0.0,0.0030065669944243285,0.0,0.0,0.0,0.0,0.0,0.0,0.0,0.0,0.0,0.00747800518429888,0.0,0.0020548173308591175,0.0,0.016303333892103453,0.0,0.0074691025074570885,0.0,0.010976828155381662,0.0,0.0,0.0,0.0,,0.0,,0.0,,0.0,,0.0,,0.0,,0.0,,0.0,,,,,,,,,,,,,,,,,,,,,,0,0,57,11
4,region_04,2023-12-16,,,,,,,,,,,,,,,0.0,0.0,,,,,,,,,,,,,,,,,,,,,,,,,0.0,0.0,,,,,,,,,,,,,0.0,0.0,0.0006659220118308225,0.0,0.0,0.0,0.0,0.0,0.0,0.0,0.029681859887205023,0.0,,,0.0,0.0,0.0,0.0,0.0,0.0,0.0,0.0,0.0,0.0,0.0,0.0,0.0,0.0,0.0,0.0,0.0,0.0,0.002246406121902701,0.0,0.09188360053425029,0.0,0.013437419030770894,0.0,0.001196434441226275,0.0,0.0,0.0,0.0,0.0,0.0,0.0,0.0,0.0,0.025685608995483528,0.0,0.002276448101887603,0.0,0.009049501511400047,0.0,0.0012463341973831278,0.0,0.006413176523344555,0.0,0.03991019687204207,0.0,0.22629738921249232,0.0,0.05341544625094033,0.0,0.009152263999636718,0.0,0.04187858026824141,0.0,0.3127563111050419,0.0,0.0,,0.0,,0.0,,0.0,,0.0,,0.0018735907062710237,0.0,0.0,,0.0008516835743128732,2.0,0.0,,0.00285109888451792,1.0,0.0035789786915605038,0.0,0.0,,0.0,,0.0,,0.0,,0.0,,0.0,,0.0,,0.0,,0.0,,0.0,,0.0,,0.0008516835743128732,2.0,0.0,,0.0,,0.0,,0.0,,0.0,,0.0,,0.0,,0.0,,0.0,,0.0,,0.0,,0.0,,0.0,,0.0,,0.0,,0.0,,,,,,,,0.0,,,,,,,,,,,,0.01586748515859105,0.0,0.008915319971056143,0.0,0.0012463341973831278,0.0,0.014680923886274323,0.0,0.010484999413668636,0.0,0.005219244378774092,0.0,0.019500732601772708,0.0,0.0012463341973831278,0.0,0.0015032834972121642,0.0,0.0,0.0,0.0,0.0,0.0,0.0,0.0,0.0,0.006471564040285306,0.0,0.0015521484584656838,0.0,0.014628523726768396,0.0,0.0047638858935946295,0.0,0.015460227917626579,0.0,0.0,0.0,0.0,,0.0,,0.0,,0.0,,0.0,,0.0,,0.0,,0.0,,,,,,,,,,,,,,,,,,,,,,1,2,57,0
4,region_04,2023-12-23,,,,,,,,,,,,,,,0.0,0.0,,,,,,,,,,,,,,,,,,,,,,,,,0.0,0.0,,,,,,,,,,,,,0.0,0.0,0.001331844023661645,0.0,0.0,0.0,0.0,0.0,0.0,0.0,0.031215816736221272,0.0,,,0.0,0.0,0.0,0.0,0.0,0.0,0.0,0.0,0.0,0.0,0.0,0.0,0.0,0.0,0.0,0.0,0.0,0.0,0.002000143849039146,0.0,0.05555611072729026,0.0,0.0050485502752298786,0.0,0.0,0.0,0.0,0.0,0.0,0.0,0.0,0.0,0.0,0.0,0.027657374806169904,0.0,0.004552896203775206,0.0,0.0074095120275946376,0.0,0.0,0.0,0.001782095150996854,0.0,0.03940826825596187,0.0,0.19691484320808098,0.0,0.035805882835710325,0.0,0.004767601667727109,0.0,0.0381166540287636,0.0,0.43091739769335147,0.0,0.0,,0.0,,0.0,,0.0,,0.0,,0.0016732246814561143,0.0,0.0,,0.0017033671486257464,0.0,0.0,,0.00570219776903584,0.0,0.0071579573831210075,0.0,0.0,,0.0,,0.0,,0.0,,0.0,,0.0,,0.0,,0.0,,0.0,,0.0,,0.0,,0.0017033671486257464,0.0,0.0,,0.0,,0.0,,0.0,,0.0,,0.0,,0.0,,0.0,,0.0,,0.0,,0.0,,0.0,,0.0,,0.0,,0.0,,0.0,,,,,,,,0.0,,,,,,,,,,,,0.025719324579915433,0.0,0.008379290484496014,0.0,0.0,0.0,0.006005386532460464,0.0,0.0015223230033911135,0.0,0.00111358577851205,0.0,0.013007131984104931,0.0,0.0,0.0,0.0,0.0,0.0,0.0,0.0,0.0,0.0,0.0,0.0,0.0,0.005465122896271732,0.0,0.00104947958607225,0.0,0.01295371356143334,0.0,0.0020586692797321705,0.0,0.019943627679871494,0.0,0.0,0.0,0.0,,0.0,,0.0,,0.0,,0.0,,0.0,,0.0,,0.0,,,,,,,,,,,,,,,,,,,,,,0,0,60,1
4,region_04,2023-12-30,,,,,,,,,,,,,,,0.0,0.0,,,,,,,,,,,,,,,,,,,,,,,,,0.0,0.0,,,,,,,,,,,,,0.0,0.0,0.0017652913614356852,0.0,0.0,0.0,0.0,0.0,0.0,0.0,0.024058989356630076,0.0,,,0.0,0.0,0.0,0.0,0.0,0.0,0.0,0.0,0.0,0.0,0.0,0.0,0.0,0.0,0.0,0.0,0.0,0.0,0.0017896444853041633,0.0,0.03849073457309883,0.0,0.0033107192096315354,0.0,0.0007844857318559347,0.0,0.0,0.0,0.0,0.0,0.0,0.0,0.0,0.0,0.018564489030737437,0.0,0.002276448101887603,0.0,0.004560249007650246,0.0,0.0007585009734611653,0.0,0.0017465405693513534,0.0,0.029760087299085112,0.0,0.1599776849497456,0.0,0.03528462254719149,0.0,0.005684826228006864,0.0,0.03455696679062015,0.0,0.5306126312525183,0.0,0.0007752885401714267,2.0,0.0,,0.0,,0.0,,0.0,,0.0016965012549336057,0.0,0.0,,0.002829471189345711,0.0,0.0,,0.007240859620893941,0.0,0.008999712850588015,0.0,0.0,,0.0,,0.0,,0.0,,0.0,,0.0,,0.0,,0.0,,0.0,,0.001410221665476735,2.0,0.0,,0.0014528307427618395,0.0,0.0,,0.0,,0.0,,0.0,,0.0,,0.0,,0.0,,0.0,,0.0,,0.0,,0.0,,0.0,,0.0,,0.0,,0.0,,0.0,,,,,,,,0.0,,,,,,,,,,,,0.019368481350357823,0.0,0.005696571672663137,0.0,0.0,0.0,0.005677228522652647,0.0,0.004058030551941265,0.0,0.000556792889256025,0.0,0.009870511820880987,0.0,0.0,0.0,0.0006112492814685667,0.0,0.0,0.0,0.0,0.0,0.0,0.0,0.0,0.0,0.0035880544419887926,0.0,0.000524739793036125,0.0,0.008118793846586217,0.0,0.0017857883193414551,0.0,0.014083237870206154,0.0,0.0,0.0,0.0007754933093175321,2.0,0.0,,0.0,,0.0,,0.0,,0.0,,0.0,,0.0,,,,,,,,,,,,,,,,,,,,,,0,3,60,2
4,region_04,2024-01-06,,,,,,,,,,,,,,,0.0,0.0,,,,,,,,,,,,,,,,,,,,,,,,,0.0,0.0,,,,,,,,,,,,,0.0,0.0,0.0021987386992097253,0.0,0.0,0.0,0.0,0.0,0.0,0.0,0.01690216197703888,0.0,,,0.0,0.0,0.0,0.0,0.0,0.0,0.0,0.0,0.0,0.0,0.0,0.0,0.0,0.0,0.0,0.0,0.0,0.0,0.0015791451215691806,0.0,0.021425358418907397,0.0,0.0015728881440331918,0.0,0.0015689714637118694,0.0,0.0,0.0,0.0,0.0,0.0,0.0,0.0,0.0,0.009471603255304974,0.0,0.0,0.0,0.0017109859877058528,0.0,0.0015170019469223305,0.0,0.0017109859877058528,0.0,0.02011190634220835,0.0,0.12304052669141023,0.0,0.03476336225867265,0.0,0.006602050788286619,0.0,0.030997279552476695,0.0,0.6303078648116853,0.0,0.0015505770803428535,0.0,0.0,,0.0,,0.0,,0.0,,0.0017197778284110971,0.0,0.0,,0.003955575230065675,0.0,0.0,,0.008779521472752043,0.0,0.010841468318055023,0.0,0.0,,0.0,,0.0,,0.0,,0.0,,0.0,,0.0,,0.0,,0.0,,0.00282044333095347,0.0,0.0,,0.0012022943368979323,0.0,0.0,,0.0,,0.0,,0.0,,0.0,,0.0,,0.0,,0.0,,0.0,,0.0,,0.0,,0.0,,0.0,,0.0,,0.0,,0.0,,,,,,,,0.0,,,,,,,,,,,,0.013017638120800213,0.0,0.003013852860830261,0.0,0.0,0.0,0.00534907051284483,0.0,0.006593738100491416,0.0,0.0,0.0,0.006733891657657042,0.0,0.0,0.0,0.0012224985629371334,0.0,0.0,0.0,0.0,0.0,0.0,0.0,0.0,0.0,0.0017109859877058528,0.0,0.0,0.0,0.0032838741317390945,0.0,0.00151290735895074,0.0,0.008222848060540813,0.0,0.0,0.0,0.0015509866186350643,0.0,0.0,,0.0,,0.0,,0.0,,0.0,,0.0,,0.0,,,,,,,,,,,,,,,,,,,,,,0,0,63,3
4,region_04,2024-01-13,,,,,,,,,,,,,,,0.000666061125230025,0.0,,,,,,,,,,,,,,,,,,,,,,,,,0.0,0.0,,,,,,,,,,,,,0.0013806442250771324,0.0,0.003085292081463114,0.0,0.0,0.0,0.0,0.0,0.0,0.0,0.013446899890326484,0.0,,,0.0,0.0,0.0,0.0,0.0,0.0,0.0,0.0,0.0,0.0,0.0,0.0,0.0,0.0,0.0,0.0,0.0,0.0,0.0007895725607845903,0.0,0.01590086992031757,0.0,0.0014530169540121372,0.0,0.0007844857318559347,0.0,0.0,0.0,0.0,0.0,0.0,0.0,0.0,0.0,0.011457917100143763,0.0,0.0,0.0,0.0008554929938529264,0.0,0.0007585009734611653,0.0,0.0008554929938529264,0.0,0.012372152833268008,0.0,0.08498628991582086,0.0,0.024271413830241936,0.0,0.004746210314924711,0.0,0.027353910117277027,0.0,0.7037647952399557,0.0,0.0007752885401714267,0.0,0.0011146760312840099,2.0,0.0012794625867778833,2.0,0.0007109148352737128,2.0,0.0,,0.0020982345381258074,0.0,0.0,,0.0036425362673720607,0.0,0.0,,0.009438957724099304,0.0,0.017657456500455693,0.0,0.0,,0.0,,0.0,,0.0,,0.0,,0.0,,0.0,,0.0,,0.0,,0.005385383404791307,0.0,0.0,,0.0018993236922791536,0.0,0.0,,0.0019715183627103065,2.0,0.0,,0.0,,0.0,,0.0,,0.0,,0.0,,0.0,,0.0,,0.0,,0.0,,0.0,,0.0,,0.0,,0.0,,,,,,,,0.0,,,,,,,,,,,,0.009297178386311403,0.0,0.0015069264304151304,0.0,0.0,0.0,0.002674535256422415,0.0,0.003963441932241249,0.0,0.0,0.0,0.003366945828828521,0.0,0.0,0.0,0.0016042106473976823,0.0,0.0,0.0,0.0,0.0,0.0,0.0,0.0,0.0,0.0022446583428914852,0.0,0.0,0.0,0.002634898431798663,0.0,0.00075645367947537,0.0,0.005703641635565313,0.0,0.0,0.0,0.004278781676215873,0.0,0.0,,0.0,,0.0,,0.0,,0.0,,0.0,,0.0,,,,,,,,,,,,,,,,,,,,,,0,4,63,4
4,region_04,2024-01-20,,,,,,,,,,,,,,,0.00133212225046005,0.0,,,,,,,,,,,,,,,,,,,,,,,,,0.0,0.0,,,,,,,,,,,,,0.0027612884501542648,0.0,0.003971845463716503,0.0,0.0,0.0,0.0,0.0,0.0,0.0,0.009991637803614091,0.0,,,0.0,0.0,0.0,0.0,0.0,0.0,0.0,0.0,0.0,0.0,0.0,0.0,0.0,0.0,0.0,0.0,0.0,0.0,0.0,0.0,0.01037638142172774,0.0,0.0013331457639910828,0.0,0.0,0.0,0.0,0.0,0.0,0.0,0.0,0.0,0.0,0.0,0.013444230944982554,0.0,0.0,0.0,0.0,0.0,0.0,0.0,0.0,0.0,0.0046323993243276625,0.0,0.04693205314023149,0.0,0.01377946540181122,0.0,0.002890369841562803,0.0,0.02371054068207736,0.0,0.777221725668226,0.0,0.0,0.0,0.0022293520625680198,0.0,0.0025589251735557666,0.0,0.0014218296705474256,0.0,0.0,,0.0024766912478405177,0.0,0.0,,0.0033294973046784464,0.0,0.0,,0.010098393975446566,0.0,0.02447344468285636,0.0,0.0,,0.0,,0.0,,0.0,,0.0,,0.0,,0.0,,0.0,,0.0,,0.007950323478629144,0.0,0.0,,0.002596353047660375,0.0,0.0,,0.003943036725420613,0.0,0.0,,0.0,,0.0,,0.0,,0.0,,0.0,,0.0,,0.0,,0.0,,0.0,,0.0,,0.0,,0.0,,0.0,,,,,,,,0.0,,,,,,,,,,,,0.005576718651822591,0.0,0.0,0.0,0.0,0.0,0.0,0.0,0.0013331457639910828,0.0,0.0,0.0,0.0,0.0,0.0,0.0,0.0019859227318582313,0.0,0.0,0.0,0.0,0.0,0.0,0.0,0.0,0.0,0.0027783306980771172,0.0,0.0,0.0,0.0019859227318582313,0.0,0.0,0.0,0.0031844352105898114,0.0,0.0,0.0,0.007006576733796682,0.0,0.0,,0.0,,0.0,,0.0,,0.0,,0.0,,0.0,,,,,,,,,,,,,,,,,,,,,,0,0,67,5
4,region_04,2024-01-27,,,,,,,,,,,,,,,0.000666061125230025,0.0,,,,,,,,,,,,,,,,,,,,,,,,,0.0,0.0,,,,,,,,,,,,,0.0013806442250771324,0.0,0.004760769451381354,0.0,0.0,0.0,0.0,0.0,0.0,0.0,0.009218456204432724,0.0,,,0.0,0.0,0.0,0.0,0.0,0.0,0.0,0.0,0.0,0.0,0.0,0.0,0.0,0.0,0.0,0.0,0.0,0.0,0.0,0.0,0.007777114238339511,0.0,0.0006665728819955414,0.0,0.0,0.0,0.0,0.0,0.0,0.0,0.0,0.0,0.0,0.0,0.008382489833787053,0.0,0.0,0.0,0.0006536021178095015,0.0,0.0,0.0,0.0009901767257628176,0.0,0.0039894517476889105,0.0,0.030684726965464912,0.0,0.010584946888686747,0.0,0.0014451849207814014,0.0,0.019976783883483923,0.0,0.7911658289051857,0.0,0.0,0.0,0.00186109874630342,0.0,0.0021571965403078233,0.0,0.0024277136136974698,0.0,0.0,,0.004908101569847425,0.0,0.0,,0.00249956799754203,0.0,0.0,,0.02268729268661917,0.0,0.02778408080339427,0.0,0.0,,0.0,,0.0,,0.0,,0.0,,0.0,,0.0,,0.0,,0.0,,0.02137820573213195,0.0,0.0,,0.001962312050246857,0.0,0.0,,0.0019715183627103065,0.0,0.0,,0.0,,0.0,,0.0,,0.0,,0.0,,0.0,,0.0,,0.0,,0.0,,0.0,,0.0,,0.0,,0.0,,,,,,,,0.0,,,,,,,,,,,,0.006437566924934084,0.0,0.0,0.0,0.0,0.0,0.0,0.0,0.001485354015544918,0.0,0.0,0.0,0.0006830753683221912,0.0,0.0,0.0,0.0009929613659291157,0.0,0.0,0.0,0.0,0.0,0.0,0.0,0.0,0.0,0.0013891653490385586,0.0,0.0,0.0,0.0009929613659291157,0.0,0.0,0.0,0.0033522949188148953,0.0,0.0,0.0,0.0052540957112796145,0.0,0.0,,0.0,,0.0,,0.0,,0.0,,0.0,,0.0,,,,,,,,,,,,,,,,,,,,,,0,0,67,6
4,region_04,2024-02-03,,,,,,,,,,,,,,,0.0,0.0,,,,,,,,,,,,,,,,,,,,,,,,,0.0,0.0,,,,,,,,,,,,,0.0,0.0,0.005549693439046205,0.0,0.0,0.0,0.0,0.0,0.0,0.0,0.008445274605251359,0.0,,,0.0,0.0,0.0,0.0,0.0,0.0,0.0,0.0,0.0,0.0,0.0,0.0,0.0,0.0,0.0,0.0,0.0,0.0,0.0,0.0,0.005177847054951282,0.0,0.0,0.0,0.0,0.0,0.0,0.0,0.0,0.0,0.0,0.0,0.0,0.0,0.0033207487225915527,0.0,0.0,0.0,0.001307204235619003,0.0,0.0,0.0,0.0019803534515256353,0.0,0.0033465041710501586,0.0,0.014437400790698336,0.0,0.007390428375562273,0.0,0.0,0.0,0.016243027084890484,0.0,0.8051099321421455,0.0,0.0,0.0,0.0014928454300388201,0.0,0.00175546790705988,0.0,0.003433597556847514,0.0,0.0,,0.0073395118918543325,0.0,0.0,,0.0016696386904056142,0.0,0.0,,0.03527619139779178,0.0,0.031094716923932186,0.0,0.0,,0.0,,0.0,,0.0,,0.0,,0.0,,0.0,,0.0,,0.0,,0.034806087985634754,0.0,0.0,,0.0013282710528333393,0.0,0.0,,0.0,0.0,0.0,,0.0,,0.0,,0.0,,0.0,,0.0,,0.0,,0.0,,0.0,,0.0,,0.0,,0.0,,0.0,,0.0,,,,,,,,0.0,,,,,,,,,,,,0.007298415198045576,0.0,0.0,0.0,0.0,0.0,0.0,0.0,0.001637562267098753,0.0,0.0,0.0,0.0013661507366443824,0.0,0.0,0.0,0.0,0.0,0.0,0.0,0.0,0.0,0.0,0.0,0.0,0.0,0.0,0.0,0.0,0.0,0.0,0.0,0.0,0.0,0.003520154627039979,0.0,0.0,0.0,0.0035016146887625467,0.0,0.0,,0.0,,0.0,,0.0,,0.0,,0.0,,0.0,,,,,,,,,,,,,,,,,,,,,,0,0,67,7
4,region_04,2024-02-10,,,,,,,,,,,,,,,0.0,0.0,,,,,,,,,,,,,,,,,,,,,,,,,0.0,0.0,,,,,,,,,,,,,0.0,0.0,0.007244842198142756,0.0,0.0,0.0,0.0,0.0,0.0,0.0,0.011385385186117555,0.0,,,0.0,0.0,0.0,0.0,0.0,0.0,0.0,0.0,0.0,0.0,0.0,0.0,0.0,0.0,0.0,0.0,0.0,0.0,0.0,0.0,0.0046532774302998365,0.0,0.0,0.0,0.0,0.0,0.0,0.0,0.0,0.0,0.0,0.0,0.0,0.0,0.0016603743612957763,0.0,0.0008457680303377348,0.0,0.0006536021178095015,0.0,0.0,0.0,0.0009901767257628176,0.0,0.0016732520855250793,0.0,0.014410659317225965,0.0,0.008034890241806352,0.0,0.0010734513917034544,0.0,0.013846880071522504,0.0,0.7669956031755119,0.0,0.0008260222190680317,0.0,0.004997017595451285,0.0,0.006222112870697504,0.0,0.001716798778423757,0.0,0.0,,0.010546863787990506,0.0,0.0,,0.004411580248935368,0.0,0.00066038039706955,2.0,0.047909381098690446,0.0,0.03414168739691372,0.0,0.0,,0.0,,0.0,,0.0,,0.0,,0.0,,0.0,,0.0,,0.0,,0.04955455369005596,0.0,0.0,,0.006981461277713819,0.0,0.0,,0.00047296377622681955,0.0,0.0,,0.0,,0.0,,0.0,,0.0,,0.0,,0.0,,0.0,,0.0,,0.0,,0.0,,0.0,,0.0,,0.0,,,,,,,,0.0,,,,,,,,,,,,0.004753828586374637,0.0,0.0,0.0,0.0,0.0,0.0,0.0,0.0008187811335493765,0.0,0.0,0.0,0.0006830753683221912,0.0,0.0,0.0,0.0,0.0,0.0,0.0,0.0,0.0,0.0,0.0,0.0,0.0,0.0,0.0,0.0,0.0,0.0,0.0,0.0,0.0,0.0025131500777646836,0.0,0.0,0.0,0.003565834344564216,0.0,0.0,,0.0,,0.0,,0.0,,0.0,,0.0,,0.0,,,,,,,,,,,,,,,,,,,,,,0,1,67,8
4,region_04,2024-02-17,,,,,,,,,,,,,,,0.0,0.0,,,,,,,,,,,,,,,,,,,,,,,,,0.0,0.0,,,,,,,,,,,,,0.0,0.0,0.008939990957239307,0.0,0.0,0.0,0.0,0.0,0.0,0.0,0.014325495766983751,0.0,,,0.0,0.0,0.0,0.0,0.0,0.0,0.0,0.0,0.0,0.0,0.0,0.0,0.0,0.0,0.0,0.0,0.0,0.0,0.0,0.0,0.004128707805648391,0.0,0.0,0.0,0.0,0.0,0.0,0.0,0.0,0.0,0.0,0.0,0.0,0.0,0.0,0.0,0.0016915360606754696,0.0,0.0,0.0,0.0,0.0,0.0,0.0,0.0,0.0,0.014383917843753594,0.0,0.008679352108050431,0.0,0.002146902783406909,0.0,0.011450733058154524,0.0,0.728881274208878,0.0,0.0016520444381360633,0.0,0.00850118976086375,0.0,0.010688757834335127,0.0,0.0,0.0,0.0,,0.013754215684126679,0.0,0.0,,0.007153521807465121,0.0,0.0013207607941391,0.0,0.060542570799589114,0.0,0.03718865786989525,0.0,0.0,,0.0,,0.0,,0.0,,0.0,,0.0,,0.0,,0.0,,0.0,,0.06430301939447716,0.0,0.0,,0.0126346515025943,0.0,0.0,,0.0009459275524536391,0.0,0.0,,0.0,,0.0,,0.0,,0.0,,0.0,,0.0,,0.0,,0.0,,0.0,,0.0,,0.0,,0.0,,0.0,,,,,,,,0.0,,,,,,,,,,,,0.0022092419747036973,0.0,0.0,0.0,0.0,0.0,0.0,0.0,0.0,0.0,0.0,0.0,0.0,0.0,0.0,0.0,0.0,0.0,0.0,0.0,0.0,0.0,0.0,0.0,0.0,0.0,0.0,0.0,0.0,0.0,0.0,0.0,0.0,0.0,0.001506145528489388,0.0,0.0,0.0,0.0036300540003658855,0.0,0.0,,0.0,,0.0,,0.0,,0.0,,0.0,,0.0,,,,,,,,,,,,,,,,,,,,,,0,0,68,9
4,region_04,2024-02-24,,,,,,,,,,,,,,,0.0,0.0,,,,,,,,,,,,,,,,,,,,,,,,,0.0,0.0,,,,,,,,,,,,,0.0,0.0,0.010116879349184753,0.0,0.0,0.0,0.0,0.0,0.0,0.0,0.012289856479276481,0.0,,,0.0,0.0,0.0,0.0,0.0,0.0,0.0,0.0,0.0,0.0,0.0,0.0,0.0,0.0,0.0,0.0,0.0,0.0,0.0,0.0,0.0020643539028241953,0.0,0.0,0.0,0.0,0.0,0.0,0.0,0.0,0.0,0.0,0.0,0.0,0.0,0.0,0.0,0.0008457680303377348,0.0,0.0,0.0,0.0014117209676412581,0.0,0.0,0.0,0.0,0.0,0.01142712181728995,0.0,0.0043396760540252155,0.0,0.0010734513917034544,0.0,0.008358115540637073,0.0,0.7087409369873279,0.0,0.00504991819228351,0.0,0.010661527048796391,0.0,0.015003086812794164,0.0,0.0,0.0,0.0,,0.01298264873315114,0.0,0.0,,0.006787233487037628,0.0,0.0020692149507036558,0.0,0.0666685618460178,0.0,0.03767566898216799,0.0,0.0,,0.0,,0.0,,0.0014079653269921516,2.0,0.0,,0.0,,0.0,,0.0,,0.0,,0.07081528964142,0.0,0.0,,0.011948513815046373,0.0,0.0,,0.00047296377622681955,0.0,0.0,,0.0,,0.0,,0.0,,0.0,,0.0,,0.0,,0.0,,0.0,,0.0,,0.0,,0.0,,0.0,,0.0,,,,,,,,0.0,,,,,,,,,,,,0.003737369998911658,0.0,0.0,0.0,0.0,0.0,0.0,0.0,0.0,0.0,0.0,0.0,0.0,0.0,0.0,0.0,0.0014117209676412581,0.0,0.0,0.0,0.0,0.0,0.0,0.0,0.0,0.0,0.0,0.0,0.0,0.0,0.0,0.0,0.0,0.0,0.000753072764244694,0.0,0.0,0.0,0.008643348659721287,0.0,0.0,,0.0,,0.0,,0.0,,0.0,,0.0,,0.0,,,,,,,,,,,,,,,,,,,,,,0,1,68,10
4,region_04,2024-03-02,,,,,,,,,,,,,,,0.0,0.0,,,,,,,,,,,,,,,,,,,,,,,,,0.0,0.0,,,,,,,,,,,,,0.0,0.0,0.0112937677411302,0.0,0.0,0.0,0.0,0.0,0.0,0.0,0.010254217191569213,0.0,,,0.0,0.0,0.0,0.0,0.0,0.0,0.0,0.0,0.0,0.0,0.0,0.0,0.0,0.0,0.0,0.0,0.0,0.0,0.0,0.0,0.0,0.0,0.0,0.0,0.0,0.0,0.0,0.0,0.0,0.0,0.0,0.0,0.0,0.0,0.0,0.0,0.0,0.0,0.0,0.0,0.0028234419352825162,0.0,0.0,0.0,0.0,0.0,0.008470325790826306,0.0,0.0,0.0,0.0,0.0,0.0052654980231196195,0.0,0.6886005997657776,0.0,0.008447791946430956,0.0,0.012821864336729034,0.0,0.0193174157912532,0.0,0.0,0.0,0.0,,0.0122110817821756,0.0,0.0,,0.006420945166610135,0.0,0.0028176691072682113,0.0,0.07279455289244648,0.0,0.038162680094440724,0.0,0.0,,0.0,,0.0,,0.0028159306539843033,0.0,0.0,,0.0,,0.0,,0.0,,0.0,,0.07732755988836285,0.0,0.0,,0.011262376127498447,0.0,0.0,,0.0,0.0,0.0,,0.0,,0.0,,0.0,,0.0,,0.0,,0.0,,0.0,,0.0,,0.0,,0.0,,0.0,,0.0,,0.0,,,,,,,,0.0,,,,,,,,,,,,0.0052654980231196195,0.0,0.0,0.0,0.0,0.0,0.0,0.0,0.0,0.0,0.0,0.0,0.0,0.0,0.0,0.0,0.0028234419352825162,0.0,0.0,0.0,0.0,0.0,0.0,0.0,0.0,0.0,0.0,0.0,0.0,0.0,0.0,0.0,0.0,0.0,0.0,0.0,0.0,0.0,0.013656643319076687,0.0,0.0,,0.0,,0.0,,0.0,,0.0,,0.0,,0.0,,,,,,,,,,,,,,,,,,,,,,0,0,69,11
4,region_04,2024-03-09,,,,,,,,,,,,,,,0.0,0.0,,,,,,,,,,,,,,,,,,,,,,,,,0.0,0.0,,,,,,,,,,,,,0.0,0.0,0.0056468838705651,0.0,0.0,0.0,0.0,0.0,0.0,0.0,0.0051271085957846066,0.0,,,0.0,0.0,0.0,0.0,0.0,0.0,0.0,0.0,0.0,0.0,0.0,0.0,0.0,0.0,0.0,0.0,0.0,0.0,0.0,0.0,0.005892862632338464,0.0,0.0,0.0,0.0,0.0,0.0,0.0,0.0,0.0,0.0,0.0,0.0,0.0,0.0,0.0,0.0,0.0,0.0,0.0,0.0014117209676412581,0.0,0.0,0.0,0.0,0.0,0.007181594211582381,0.0,0.0,0.0,0.0,0.0,0.0026327490115598097,0.0,0.6508617103099823,0.0,0.007369274555128914,0.0,0.012609279248863441,0.0,0.017905101925134607,0.0,0.005892862632338464,0.0,0.0,,0.0183047687444555,0.0,0.0,,0.007684620388317801,0.0,0.0014088345536341057,0.0,0.09264536947011943,0.0,0.042851986860235496,0.0,0.0054975959938019245,2.0,0.0,,0.0,,0.004988883962366866,0.0,0.0,,0.0,,0.0,,0.0,,0.0026703941402956627,2.0,0.10015721147259073,0.0,0.0,,0.010456304897421123,0.0,0.0,,0.0,0.0,0.0,,0.0,,0.0,,0.0,,0.0,,0.0,,0.0,,0.0,,0.0,,0.0,,0.0,,0.0,,0.0,,0.0,,,,,,,,0.0,,,,,,,,,,,,0.0026327490115598097,0.0,0.0,0.0,0.0,0.0,0.0,0.0,0.0,0.0,0.0,0.0,0.00235611256877225,0.0,0.0,0.0,0.0014117209676412581,0.0,0.0,0.0,0.0,0.0,0.0,0.0,0.0,0.0,0.0,0.0,0.0,0.0,0.0,0.0,0.0,0.0,0.0,0.0,0.0,0.0,0.009517123180973704,0.0,0.0,,0.0,,0.0,,0.0,,0.0,,0.0,,0.0,,,,,,,,,,,,,,,,,,,,,,0,2,69,12
4,region_04,2024-03-16,,,,,,,,,,,,,,,0.0,0.0,,,,,,,,,,,,,,,,,,,,,,,,,0.0,0.0,,,,,,,,,,,,,0.0,0.0,0.0,0.0,0.0,0.0,0.0,0.0,0.0,0.0,0.0,0.0,,,0.0,0.0,0.0,0.0,0.0,0.0,0.0,0.0,0.0,0.0,0.0,0.0,0.0,0.0,0.0,0.0,0.0,0.0,0.0,0.0,0.011785725264676928,0.0,0.0,0.0,0.0,0.0,0.0,0.0,0.0,0.0,0.0,0.0,0.0,0.0,0.0,0.0,0.0,0.0,0.0,0.0,0.0,0.0,0.0,0.0,0.0,0.0,0.005892862632338457,0.0,0.0,0.0,0.0,0.0,0.0,0.0,0.613122820854187,0.0,0.006290757163826871,0.0,0.01239669416099785,0.0,0.01649278805901602,0.0,0.011785725264676928,0.0,0.0,,0.0243984557067354,0.0,0.0,,0.008948295610025466,0.0,0.0,0.0,0.11249618604779239,0.0,0.04754129362603027,0.0,0.010995191987603849,0.0,0.0,,0.0,,0.007161837270749429,0.0,0.0,,0.0,,0.0,,0.0,,0.005340788280591325,0.0,0.12298686305681861,0.0,0.0,,0.0096502336673438,0.0,0.0,,0.0,0.0,0.0,,0.0,,0.0,,0.0,,0.0,,0.0,,0.0,,0.0,,0.0,,0.0,,0.0,,0.0,,0.0,,0.0,,,,,,,,0.0,,,,,,,,,,,,0.0,0.0,0.0,0.0,0.0,0.0,0.0,0.0,0.0,0.0,0.0,0.0,0.0047122251375445,0.0,0.0,0.0,0.0,0.0,0.0,0.0,0.0,0.0,0.0,0.0,0.0,0.0,0.0,0.0,0.0,0.0,0.0,0.0,0.0,0.0,0.0,0.0,0.0,0.0,0.00537760304287072,0.0,0.0,,0.0,,0.0,,0.0,,0.0,,0.0,,0.0,,,,,,,,,,,,,,,,,,,,,,0,0,71,13
4,region_04,2024-03-23,,,,,,,,,,,,,,,0.0,0.0,,,,,,,,,,,,,,,,,,,,,,,,,0.0,0.0,,,,,,,,,,,,,0.0,0.0,0.007007043653478209,0.0,0.0,0.0,0.0,0.0,0.0,0.0,0.0,0.0,,,0.0,0.0,0.0,0.0,0.0,0.0,0.0,0.0,0.0,0.0,0.0,0.0,0.0,0.0,0.0,0.0,0.0,0.0,0.0,0.0,0.005892862632338464,0.0,0.0,0.0,0.0,0.0,0.0,0.0,0.0,0.0,0.0,0.0,0.0,0.0,0.0,0.0,0.0035035218267390916,0.0,0.0,0.0,0.0,0.0,0.0,0.0,0.0,0.0,0.0029464313161692286,0.0,0.0,0.0,0.0,0.0,0.0,0.0,0.5270492464303971,0.0,0.012266748773288837,0.0,0.006198347080498925,0.0,0.01736776422088341,0.0,0.005892862632338464,0.0,0.0,,0.04335474973130553,0.0,0.0,,0.010960151150356933,0.0,0.005581491028091715,0.0,0.12795653859419479,0.0,0.05917131331645778,0.0,0.009404773857178382,0.0,0.0,,0.0,,0.008538516670731515,0.0,0.0,,0.0,,0.009116748347878434,1.0,0.0,,0.0026703941402956627,0.0,0.1382337210492955,0.0,0.009116748347878434,2.0,0.014617485071842807,0.0,0.0,,0.002900905441492775,0.0,0.0,,0.0,,0.0,,0.0,,0.0,,0.0,,0.0,,0.0,,0.0,,0.0,,0.0,,0.0,,0.0,,0.0,,,,,,,,0.0,,,,,,,,,,,,0.0,0.0,0.0,0.0,0.0,0.0,0.0,0.0,0.0,0.0,0.0,0.0,0.00235611256877225,0.0,0.0,0.0,0.0,0.0,0.0,0.0,0.0,0.0,0.0,0.0,0.0,0.0,0.0,0.0,0.0,0.0,0.0,0.0,0.0,0.0,0.0,0.0,0.0,0.0,0.00582919795997437,0.0,0.0,,0.0,,0.0,,0.0,,0.0,,0.0,,0.0,,,,,,,,,,,,,,,,,,,,,,1,1,71,0
4,region_04,2024-03-30,,,,,,,,,,,,,,,0.0,0.0,,,,,,,,,,,,,,,,,,,,,,,,,0.0,0.0,,,,,,,,,,,,,0.0,0.0,0.014014087306956418,0.0,0.0,0.0,0.0,0.0,0.0,0.0,0.0,0.0,,,0.0,0.0,0.0,0.0,0.0,0.0,0.0,0.0,0.0,0.0,0.0,0.0,0.0,0.0,0.0,0.0,0.0,0.0,0.0,0.0,0.0,0.0,0.0,0.0,0.0,0.0,0.0,0.0,0.0,0.0,0.0,0.0,0.0,0.0,0.0,0.0,0.007007043653478183,0.0,0.0,0.0,0.0,0.0,0.0,0.0,0.0,0.0,0.0,0.0,0.0,0.0,0.0,0.0,0.0,0.0,0.44097567200660703,0.0,0.0182427403827508,0.0,0.0,0.0,0.0182427403827508,0.0,0.0,0.0,0.0,,0.06231104375587566,0.0,0.0,,0.0129720066906884,0.0,0.01116298205618343,0.0,0.14341689114059716,0.0,0.07080133300688529,0.0,0.007814355726752915,0.0,0.0,,0.0,,0.009915196070713601,0.0,0.0,,0.0,,0.018233496695756867,0.0,0.0,,0.0,0.0,0.1534805790417724,0.0,0.018233496695756867,0.0,0.019584736476341815,0.0,0.0,,0.00580181088298555,0.0,0.0,,0.0,,0.0,,0.0,,0.0,,0.0,,0.0,,0.0,,0.0,,0.0,,0.0,,0.0,,0.0,,0.0,,,,,,,,0.0,,,,,,,,,,,,0.0,0.0,0.0,0.0,0.0,0.0,0.0,0.0,0.0,0.0,0.0,0.0,0.0,0.0,0.0,0.0,0.0,0.0,0.0,0.0,0.0,0.0,0.0,0.0,0.0,0.0,0.0,0.0,0.0,0.0,0.0,0.0,0.0,0.0,0.0,0.0,0.0,0.0,0.00628079287707802,0.0,0.0,,0.0,,0.0,,0.0,,0.0,,0.0,,0.0,,,,,,,,,,,,,,,,,,,,,,0,0,73,1
4,region_04,2024-04-06,,,,,,,,,,,,,,,0.0,0.0,,,,,,,,,,,,,,,,,,,,,,,,,0.0,0.0,,,,,,,,,,,,,0.0,0.0,0.018945677715930167,0.0,0.0,0.0,0.0,0.0,0.0,0.0,0.004792444304459606,0.0,,,0.0,0.0,0.0,0.0,0.0,0.0,0.0,0.0,0.0,0.0,0.0,0.0,0.0,0.0,0.0,0.0,0.0,0.0,0.0,0.0,0.0,0.0,0.0,0.0,0.0,0.0,0.0,0.0,0.0,0.0,0.0,0.0,0.0,0.0,0.0,0.0,0.0035035218267390916,0.0,0.0,0.0,0.0,0.0,0.0,0.0,0.0,0.0,0.0,0.0,0.0,0.0,0.0,0.0,0.0,0.0,0.376541393995285,0.0,0.01141494807476795,0.0,0.0,0.0,0.019904369876409526,0.0,0.010204398073255993,0.0,0.0,,0.03654702172045489,0.0,0.0,,0.01012387057999145,0.0,0.005581491028091715,0.0,0.21532629412554555,0.0,0.07940154129432304,0.0,0.009298677705893514,0.0,0.0,,0.0,,0.033699676727077736,0.0,0.0,,0.0,,0.013531685690395489,0.0,0.0,,0.0,0.0,0.1533800460812118,0.0,0.013096292968839362,0.0,0.009792368238170908,0.0,0.0,,0.002900905441492775,0.0,0.0,,0.0,,0.0,,0.0,,0.0,,0.0,,0.0,,0.0,,0.0,,0.0,,0.0,,0.0,,0.0,,0.0,,,,,,,,0.0,,,,,,,,,,,,0.0,0.0,0.0,0.0,0.0,0.0,0.0,0.0,0.0,0.0,0.0,0.0,0.0,0.0,0.0,0.0,0.003979544620960928,0.0,0.0,0.0,0.0,0.0,0.0,0.0,0.0,0.0,0.0,0.0,0.0,0.0,0.0,0.0,0.0,0.0,0.0,0.0,0.0,0.0,0.008531896281056066,0.0,0.0,,0.0,,0.0,,0.0,,0.0,,0.0,,0.0,,,,,,,,,,,,,,,,,,,,,,0,0,73,2
4,region_04,2024-04-13,,,,,,,,,,,,,,,0.0,0.0,,,,,,,,,,,,,,,,,,,,,,,,,0.0,0.0,,,,,,,,,,,,,0.0,0.0,0.023877268124903917,0.0,0.0,0.0,0.0,0.0,0.0,0.0,0.009584888608919212,0.0,,,0.0,0.0,0.0,0.0,0.0,0.0,0.0,0.0,0.0,0.0,0.0,0.0,0.0,0.0,0.0,0.0,0.0,0.0,0.0,0.0,0.0,0.0,0.0,0.0,0.0,0.0,0.0,0.0,0.0,0.0,0.0,0.0,0.0,0.0,0.0,0.0,0.0,0.0,0.0,0.0,0.0,0.0,0.0,0.0,0.0,0.0,0.0,0.0,0.0,0.0,0.0,0.0,0.0,0.0,0.312107115983963,0.0,0.0045871557667851,0.0,0.0,0.0,0.02156599937006825,0.0,0.020408796146511986,0.0,0.0,,0.010782999685034112,0.0,0.0,,0.0072757344692945,0.0,0.0,0.0,0.28723569711049396,0.0,0.0880017495817608,0.0,0.010782999685034112,0.0,0.0,,0.0,,0.057484157383441876,0.0,0.0,,0.0,,0.008829874685034112,0.0,0.0,,0.0,0.0,0.15327951312065122,0.0,0.007959089241921857,0.0,0.0,0.0,0.0,,0.0,0.0,0.0,,0.0,,0.0,,0.0,,0.0,,0.0,,0.0,,0.0,,0.0,,0.0,,0.0,,0.0,,0.0,,0.0,,,,,,,,0.0,,,,,,,,,,,,0.0,0.0,0.0,0.0,0.0,0.0,0.0,0.0,0.0,0.0,0.0,0.0,0.0,0.0,0.0,0.0,0.007959089241921857,0.0,0.0,0.0,0.0,0.0,0.0,0.0,0.0,0.0,0.0,0.0,0.0,0.0,0.0,0.0,0.0,0.0,0.0,0.0,0.0,0.0,0.010782999685034112,0.0,0.0,,0.0,,0.0,,0.0,,0.0,,0.0,,0.0,,,,,,,,,,,,,,,,,,,,,,0,0,73,3
4,region_04,2024-04-20,,,,,,,,,,,,,,,0.006466798949986675,0.0,,,,,,,,,,,,,,,,,,,,,,,,,0.0,0.0,,,,,,,,,,,,,0.0,0.0,0.011938634062451959,0.0,0.0,0.0,0.0,0.0,0.0,0.0,0.004792444304459606,0.0,,,0.0,0.0,0.0,0.0,0.0,0.0,0.0,0.0,0.0,0.0,0.0,0.0,0.0,0.0,0.0,0.0,0.0,0.0,0.0,0.0,0.0,0.0,0.0,0.0,0.0,0.0,0.0,0.0,0.0,0.0,0.0,0.0,0.0,0.0,0.0,0.0,0.0,0.0,0.0,0.0,0.0,0.0,0.0,0.0,0.0,0.0,0.0,0.0,0.0,0.0,0.0,0.0,0.0,0.0,0.2928156852722168,0.0,0.022398783049235694,0.0,0.0,0.0,0.010782999685034125,0.0,0.047565597419937405,0.0,0.016030468512326448,2.0,0.014031673044276688,0.0,0.0,,0.010104666184633924,0.0,0.0,0.0,0.21988903234402338,0.0,0.08611441548499793,0.0,0.03578577023775622,0.0,0.0,,0.0,,0.07777956624825791,0.0,0.0,,0.0,,0.02527993147461005,0.0,0.0,,0.0,0.0,0.11277543070415652,0.0,0.014032147203882487,0.0,0.017968453001230924,0.0,0.0,,0.0,0.0,0.0,,0.0,,0.0,,0.0,,0.0,,0.0,,0.0,,0.0,,0.0,,0.0,,0.0,,0.0,,0.0,,0.0,,,,,,,,0.0,,,,,,,,,,,,0.0,0.0,0.0,0.0,0.0,0.0,0.0,0.0,0.0,0.0,0.0,0.0,0.0,0.0,0.0,0.0,0.003979544620960928,0.0,0.0,0.0,0.0,0.0,0.0,0.0,0.0,0.0,0.0,0.0,0.0,0.0,0.0,0.0,0.0,0.0,0.0,0.0,0.0,0.0,0.005391499842517056,0.0,0.00949902050197122,2.0,0.0,,0.0,,0.0,,0.0,,0.0,,0.0,,,,,,,,,,,,,,,,,,,,,,0,2,73,4
4,region_04,2024-04-27,,,,,,,,,,,,,,,0.01293359789997335,0.0,,,,,,,,,,,,,,,,,,,,,,,,,0.0,0.0,,,,,,,,,,,,,0.0,0.0,0.0,0.0,0.0,0.0,0.0,0.0,0.0,0.0,0.0,0.0,,,0.0,0.0,0.0,0.0,0.0,0.0,0.0,0.0,0.0,0.0,0.0,0.0,0.0,0.0,0.0,0.0,0.0,0.0,0.0,0.0,0.0,0.0,0.0,0.0,0.0,0.0,0.0,0.0,0.0,0.0,0.0,0.0,0.0,0.0,0.0,0.0,0.0,0.0,0.0,0.0,0.0,0.0,0.0,0.0,0.0,0.0,0.0,0.0,0.0,0.0,0.0,0.0,0.0,0.0,0.2735242545604706,0.0,0.040210410331686285,0.0,0.0,0.0,0.0,0.0,0.07472239869336282,0.0,0.032060937024652895,0.0,0.017280346403519265,0.0,0.0,,0.01293359789997335,0.0,0.0,0.0,0.1525423675775528,0.0,0.08422708138823505,0.0,0.06078854079047833,0.0,0.0,,0.0,,0.09807497511307395,0.0,0.0,,0.0,,0.04172998826418599,0.0,0.0,,0.0,0.0,0.07227134828766181,0.0,0.020105205165843118,0.0,0.03593690600246185,0.0,0.0,,0.0,0.0,0.0,,0.0,,0.0,,0.0,,0.0,,0.0,,0.0,,0.0,,0.0,,0.0,,0.0,,0.0,,0.0,,0.0,,,,,,,,0.0,,,,,,,,,,,,0.0,0.0,0.0,0.0,0.0,0.0,0.0,0.0,0.0,0.0,0.0,0.0,0.0,0.0,0.0,0.0,0.0,0.0,0.0,0.0,0.0,0.0,0.0,0.0,0.0,0.0,0.0,0.0,0.0,0.0,0.0,0.0,0.0,0.0,0.0,0.0,0.0,0.0,0.0,0.0,0.01899804100394244,0.0,0.0,,0.0,,0.0,,0.0,,0.0,,0.0,,,,,,,,,,,,,,,,,,,,,,0,0,75,5
4,region_04,2024-05-04,,,,,,,,,,,,,,,0.006466798949986675,0.0,,,,,,,,,,,,,,,,,,,,,,,,,0.0,0.0,,,,,,,,,,,,,0.0,0.0,0.0,0.0,0.0,0.0,0.0,0.0,0.0,0.0,0.0,0.0,,,0.0,0.0,0.0,0.0,0.0,0.0,0.0,0.0,0.0,0.0,0.0,0.0,0.0,0.0,0.0,0.0,0.0,0.0,0.0,0.0,0.007413637824356537,0.0,0.0,0.0,0.0,0.0,0.0,0.0,0.0,0.0,0.0,0.0,0.0,0.0,0.0,0.0,0.0,0.0,0.0,0.0,0.0,0.0,0.0,0.0,0.0,0.0,0.0,0.0,0.0,0.0,0.0,0.0,0.0,0.0,0.19988782207171119,0.0,0.020105205165843142,0.0,0.0,0.0,0.04448182601481675,0.0,0.051550438627600614,0.0,0.038562577217817265,0.0,0.03059957039852934,0.0,0.0,,0.006466798949986675,0.0,0.0,0.0,0.16755864396691322,0.0,0.04852616880089041,0.0,0.04325469074149921,0.0,0.0,,0.0,,0.08896514959633348,0.0,0.0,,0.0197697008649508,1.0,0.10348052760320048,0.0,0.0,,0.0,0.0,0.061856514836351024,0.0,0.03577344327544168,0.0,0.017968453001230924,0.0,0.0,,0.036527217676242174,0.0,0.0,,0.0,,0.0,,0.0,,0.0,,0.0,,0.0,,0.0,,0.0,,0.0,,0.0,,0.0,,0.0,,0.0,,,,,,,,0.0,,,,,,,,,,,,0.0,0.0,0.0,0.0,0.0,0.0,0.0,0.0,0.0,0.0,0.0,0.0,0.0,0.0,0.0,0.0,0.0,0.0,0.0,0.0,0.0,0.0,0.0,0.0,0.0,0.0,0.0,0.0,0.0,0.0,0.0,0.0,0.0,0.0,0.0,0.0,0.0,0.0,0.007413637824356537,0.0,0.02235944084823126,0.0,0.0,,0.0,,0.0,,0.0,,0.0,,0.0,,,,,,,,,,,,,,,,,,,,,,1,0,75,0
4,region_04,2024-05-11,,,,,,,,,,,,,,,0.0,0.0,,,,,,,,,,,,,,,,,,,,,,,,,0.0,0.0,,,,,,,,,,,,,0.0,0.0,0.0,0.0,0.0,0.0,0.0,0.0,0.0,0.0,0.0,0.0,,,0.0,0.0,0.0,0.0,0.0,0.0,0.0,0.0,0.0,0.0,0.0,0.0,0.0,0.0,0.0,0.0,0.0,0.0,0.0,0.0,0.014827275648713074,0.0,0.0,0.0,0.0,0.0,0.0,0.0,0.0,0.0,0.0,0.0,0.0,0.0,0.0,0.0,0.0,0.0,0.0,0.0,0.0,0.0,0.0,0.0,0.0,0.0,0.0,0.0,0.0,0.0,0.0,0.0,0.0,0.0,0.12625138958295182,0.0,0.0,0.0,0.0,0.0,0.0889636520296335,0.0,0.02837847856183841,0.0,0.04506421741098163,0.0,0.04391879439353942,0.0,0.0,,0.0,0.0,0.0,0.0,0.18257492035627365,0.0,0.012825256213545766,0.0,0.02572084069252008,0.0,0.0,,0.0,,0.07985532407959299,0.0,0.0,,0.0395394017299016,0.0,0.16523106694221495,0.0,0.0,,0.0,0.0,0.05144168138504024,0.0,0.05144168138504024,0.0,0.0,0.0,0.0,,0.07305443535248435,0.0,0.0,,0.0,,0.0,,0.0,,0.0,,0.0,,0.0,,0.0,,0.0,,0.0,,0.0,,0.0,,0.0,,0.0,,,,,,,,0.0,,,,,,,,,,,,0.0,0.0,0.0,0.0,0.0,0.0,0.0,0.0,0.0,0.0,0.0,0.0,0.0,0.0,0.0,0.0,0.0,0.0,0.0,0.0,0.0,0.0,0.0,0.0,0.0,0.0,0.0,0.0,0.0,0.0,0.0,0.0,0.0,0.0,0.0,0.0,0.0,0.0,0.014827275648713074,0.0,0.02572084069252008,0.0,0.0,,0.0,,0.0,,0.0,,0.0,,0.0,,,,,,,,,,,,,,,,,,,,,,0,0,76,1
4,region_04,2024-05-18,,,,,,,,,,,,,,,0.0,0.0,,,,,,,,,,,,,,,,,,,,,,,,,0.0,0.0,,,,,,,,,,,,,0.0,0.0,0.0,0.0,0.0,0.0,0.0,0.0,0.0,0.0,0.0,0.0,,,0.0,0.0,0.0,0.0,0.0,0.0,0.0,0.0,0.0,0.0,0.0,0.0,0.0,0.0,0.0,0.0,0.0,0.0,0.0,0.0,0.007413637824356537,0.0,0.0,0.0,0.0,0.0,0.0,0.0,0.0,0.0,0.0,0.0,0.0,0.0,0.0,0.0,0.0,0.0,0.0,0.0,0.0,0.0,0.0,0.0,0.0,0.0,0.0,0.0,0.0,0.0,0.0,0.0,0.0,0.0,0.10119821379582082,0.0,0.029843885451555217,0.0,0.0,0.0,0.056016084738075685,0.0,0.014189239280919206,0.0,0.038590295240282964,0.0,0.029461397975683187,0.0,0.0,,0.0,0.0,0.016485239146277274,0.0,0.11032371968030927,0.0,0.02544888760894532,0.0,0.062467199005186505,0.0,0.0,,0.020005335410435966,2.0,0.08970015123486515,0.0,0.0,,0.07978570709625875,0.0,0.15932308845221993,0.0,0.0,,0.0,0.0,0.05225910097360606,0.0,0.03725509941577906,0.0,0.0,0.0,0.011534258723258937,2.0,0.07459973668058709,0.0,0.0,,0.010002667705217967,2.0,0.0,,0.0,,0.0,,0.0,,0.0,,0.0,,0.0,,0.0,,0.0,,0.0,,0.0,,0.0,,,,,,,,0.0,,,,,,,,,,,,0.0,0.0,0.0,0.0,0.0,0.0,0.0,0.0,0.0,0.0,0.0,0.0,0.0,0.0,0.0,0.0,0.011534258723258937,0.0,0.0,0.0,0.0,0.0,0.0,0.0,0.0,0.0,0.0,0.0,0.0,0.0,0.0,0.0,0.0,0.0,0.0,0.0,0.0,0.0,0.007413637824356537,0.0,0.01286042034626004,0.0,0.0,,0.0,,0.0,,0.0,,0.0,,0.0,,,,,,,,,,,,,,,,,,,,,,0,3,76,2
4,region_04,2024-05-25,,,,,,,,,,,,,,,0.0,0.0,,,,,,,,,,,,,,,,,,,,,,,,,0.0,0.0,,,,,,,,,,,,,0.0,0.0,0.0,0.0,0.0,0.0,0.0,0.0,0.0,0.0,0.0,0.0,,,0.0,0.0,0.0,0.0,0.0,0.0,0.0,0.0,0.0,0.0,0.0,0.0,0.0,0.0,0.0,0.0,0.0,0.0,0.0,0.0,0.0,0.0,0.0,0.0,0.0,0.0,0.0,0.0,0.0,0.0,0.0,0.0,0.0,0.0,0.0,0.0,0.0,0.0,0.0,0.0,0.0,0.0,0.0,0.0,0.0,0.0,0.0,0.0,0.0,0.0,0.0,0.0,0.0,0.0,0.07614503800868982,0.0,0.059687770903110435,0.0,0.0,0.0,0.023068517446517875,0.0,0.0,0.0,0.0321163730695843,0.0,0.01500400155782695,0.0,0.0,,0.0,0.0,0.03297047829255455,0.0,0.03807251900434487,0.0,0.03807251900434487,0.0,0.09921355731785292,0.0,0.0,,0.04001067082087193,0.0,0.0995449783901373,0.0,0.0,,0.1200320124626159,0.0,0.15341510996222493,0.0,0.0,,0.0,0.0,0.053076520562171874,0.0,0.023068517446517875,0.0,0.0,0.0,0.023068517446517875,0.0,0.07614503800868982,0.0,0.0,,0.020005335410435934,0.0,0.0,,0.0,,0.0,,0.0,,0.0,,0.0,,0.0,,0.0,,0.0,,0.0,,0.0,,0.0,,,,,,,,0.0,,,,,,,,,,,,0.0,0.0,0.0,0.0,0.0,0.0,0.0,0.0,0.0,0.0,0.0,0.0,0.0,0.0,0.0,0.0,0.023068517446517875,0.0,0.0,0.0,0.0,0.0,0.0,0.0,0.0,0.0,0.0,0.0,0.0,0.0,0.0,0.0,0.0,0.0,0.0,0.0,0.0,0.0,0.0,0.0,0.0,0.0,0.0,,0.0,,0.0,,0.0,,0.0,,0.0,,,,,,,,,,,,,,,,,,,,,,0,0,79,3
4,region_04,2024-06-01,,,,,,,,,,,,,,,0.0,0.0,,,,,,,,,,,,,,,,,,,,,,,,,0.0,0.0,,,,,,,,,,,,,0.0,0.0,0.0,0.0,0.0,0.0,0.0,0.0,0.0,0.0,0.0,0.0,,,0.0,0.0,0.0,0.0,0.0,0.0,0.0,0.0,0.0,0.0,0.0,0.0,0.0,0.0,0.0,0.0,0.0,0.0,0.0,0.0,0.0,0.0,0.0,0.0,0.0,0.0,0.0,0.0,0.0,0.0,0.0,0.0,0.0,0.0,0.0,0.0,0.0,0.0,0.0,0.0,0.0,0.0,0.0,0.0,0.0,0.0,0.0,0.0,0.0,0.0,0.0,0.0,0.0,0.0,0.06286038924008602,0.0,0.04938221474488571,0.0,0.0,0.0,0.011534258723258937,0.0,0.0,0.0,0.031034261609117132,0.0,0.015640188194811295,0.0,0.0,,0.0,0.0,0.016485239146277274,0.0,0.027174446918070257,0.0,0.035312634333968106,0.0,0.05770622449927027,0.0,0.015537776052951788,2.0,0.020005335410435966,0.0,0.128435679556181,0.0,0.0043890044714013495,2.0,0.14640703611075873,0.0,0.22414345853030676,0.0,0.015537776052951788,1.0,0.00813818741589782,0.0,0.034676447696983755,0.0,0.01694465614855284,0.0,0.00813818741589782,0.0,0.011534258723258937,0.0,0.06809745058417316,0.0,0.0,,0.014391672176619318,0.0,0.0,,0.0,,0.0,,0.0,,0.0,,0.0043890044714013495,2.0,0.0,,0.0,,0.0,,0.0,,0.0,,0.0,,,,,,,,0.0,,,,,,,,,,,,0.0,0.0,0.0,0.0,0.0,0.0,0.0,0.0,0.0,0.0,0.0,0.0,0.0,0.0,0.0,0.0,0.011534258723258937,0.0,0.0,0.0,0.0,0.0,0.0,0.0,0.0,0.0,0.0,0.0,0.0,0.0,0.0,0.0,0.0,0.0,0.0,0.0,0.0,0.0,0.0067818228465815165,0.0,0.0,0.0,0.0,,0.0,,0.0,,0.0,,0.0,,0.0,,,,,,,,,,,,,,,,,,,,,,1,3,79,0
4,region_04,2024-06-08,,,,,,,,,,,,,,,0.0,0.0,,,,,,,,,,,,,,,,,,,,,,,,,0.0,0.0,,,,,,,,,,,,,0.0,0.0,0.0,0.0,0.0,0.0,0.0,0.0,0.0,0.0,0.0,0.0,,,0.0,0.0,0.0,0.0,0.0,0.0,0.0,0.0,0.0,0.0,0.0,0.0,0.0,0.0,0.0,0.0,0.0,0.0,0.0,0.0,0.0,0.0,0.0,0.0,0.0,0.0,0.0,0.0,0.0,0.0,0.0,0.0,0.0,0.0,0.0,0.0,0.0,0.0,0.0,0.0,0.0,0.0,0.0,0.0,0.0,0.0,0.0,0.0,0.0,0.0,0.0,0.0,0.0,0.0,0.04957574047148223,0.0,0.039076658586660984,0.0,0.0,0.0,0.0,0.0,0.0,0.0,0.029952150148649968,0.0,0.01627637483179564,0.0,0.0,,0.0,0.0,0.0,0.0,0.01627637483179564,0.0,0.03255274966359134,0.0,0.016198891680687624,0.0,0.031075552105903577,0.0,0.0,0.0,0.15732638072222468,0.0,0.008778008942802699,0.0,0.17278205975890157,0.0,0.2948718070983886,0.0,0.031075552105903577,0.0,0.01627637483179564,0.0,0.01627637483179564,0.0,0.0108207948505878,0.0,0.01627637483179564,0.0,0.0,0.0,0.06004986315965648,0.0,0.0,,0.008778008942802699,0.0,0.0,,0.0,,0.0,,0.0,,0.0,,0.008778008942802699,0.0,0.0,,0.0,,0.0,,0.0,,0.0,,0.0,,,,,,,,0.0,,,,,,,,,,,,0.0,0.0,0.0,0.0,0.0,0.0,0.0,0.0,0.0,0.0,0.0,0.0,0.0,0.0,0.0,0.0,0.0,0.0,0.0,0.0,0.0,0.0,0.0,0.0,0.0,0.0,0.0,0.0,0.0,0.0,0.0,0.0,0.0,0.0,0.0,0.0,0.0,0.0,0.013563645693163033,0.0,0.0,0.0,0.0,,0.0,,0.0,,0.0,,0.0,,0.0,,,,,,,,,,,,,,,,,,,,,,0,0,83,1
4,region_04,2024-06-15,,,,,,,,,,,,,,,0.0,0.0,,,,,,,,,,,,,,,,,,,,,,,,,0.0,0.0,,,,,,,,,,,,,0.0,0.0,0.001572326989844425,0.0,0.0,0.0,0.0,0.0,0.0,0.0,0.0,0.0,,,0.0,0.0,0.0,0.0,0.0,0.0,0.0,0.0,0.0,0.0,0.0,0.0,0.0,0.0,0.0,0.0,0.0,0.0,0.0,0.0,0.0,0.0,0.0,0.0,0.0,0.0,0.0,0.0,0.0,0.0,0.0,0.0,0.0,0.0,0.0,0.0,0.0,0.0,0.0,0.0,0.0,0.0,0.0,0.0,0.0,0.0,0.0,0.0,0.0,0.0,0.0,0.0,0.0,0.0,0.05534210223704572,0.0,0.026102726134316336,0.0,0.0,0.0,0.0,0.0,0.006446894879142423,0.0,0.03565206510635709,0.0,0.028434142656624264,0.0,0.0015799207612872,2.0,0.0,0.0,0.0,0.0,0.012778565706685145,0.0,0.01627637483179567,0.0,0.03362400853075083,0.0,0.024818758363835472,0.0,0.00232018914539365,0.0,0.12252854003704015,0.0,0.006958481001978075,0.0,0.16946898959577078,0.0,0.2523771535073008,0.0,0.04084667330607768,0.0,0.01045837656129147,0.0,0.024949629395268805,0.0,0.00773058657068755,0.0,0.00813818741589782,0.0,0.0018563318066298802,0.0,0.11196062894804132,0.0,0.0,,0.01134957196579,0.0,0.0,,0.0,,0.0,,0.0,,0.0,,0.0104830174047189,0.0,0.0,,0.0,,0.0,,0.0,,0.0,,0.0,,,,,,,,0.0,,,,,,,,,,,,0.0,0.0,0.0,0.0,0.0,0.0,0.0,0.0,0.0,0.0,0.0,0.0,0.0,0.0,0.0,0.0,0.0018563318066298802,0.0,0.0,0.0,0.0,0.0,0.0,0.0,0.0,0.0,0.0,0.0,0.0,0.0,0.0,0.0,0.0,0.0,0.0,0.0,0.0,0.0,0.0067818228465815165,0.0,0.0,0.0,0.0,,0.0,,0.0,,0.0,,0.0,,0.0,,,,,,,,,,,,,,,,,,,,,,0,1,83,2
4,region_04,2024-06-22,,,,,,,,,,,,,,,0.0,0.0,,,,,,,,,,,,,,,,,,,,,,,,,0.0,0.0,,,,,,,,,,,,,0.0,0.0,0.00314465397968885,0.0,0.0,0.0,0.0,0.0,0.0,0.0,0.0,0.0,,,0.0,0.0,0.0,0.0,0.0,0.0,0.0,0.0,0.0,0.0,0.0,0.0,0.0,0.0,0.0,0.0,0.0,0.0,0.0,0.0,0.0,0.0,0.0,0.0,0.0,0.0,0.0,0.0,0.0,0.0,0.0,0.0,0.0,0.0,0.0,0.0,0.0,0.0,0.0,0.0,0.0,0.0,0.0,0.0,0.0,0.0,0.0,0.0,0.0,0.0,0.0,0.0,0.0,0.0,0.06110846400260922,0.0,0.013128793681971687,0.0,0.0,0.0,0.0,0.0,0.012893789758284846,0.0,0.04135198006406422,0.0,0.04059191048145289,0.0,0.0031598415225744,0.0,0.0,0.0,0.0,0.0,0.00928075658157465,0.0,0.0,0.0,0.05104912538081403,0.0,0.018561964621767364,0.0,0.0046403782907873,0.0,0.08773069935185562,0.0,0.005138953061153449,0.0,0.16615591943264002,0.0,0.2098824999162129,0.0,0.05061779450625178,0.0,0.0046403782907873,0.0,0.033622883958741974,0.0,0.0046403782907873,0.0,0.0,0.0,0.0037126636132597604,0.0,0.16387139473642615,0.0,0.0,,0.0139211349887773,0.0,0.0,,0.0,,0.0,,0.0,,0.0,,0.0121880258666351,0.0,0.0,,0.0,,0.0,,0.0,,0.0,,0.0,,,,,,,,0.0,,,,,,,,,,,,0.0,0.0,0.0,0.0,0.0,0.0,0.0,0.0,0.0,0.0,0.0,0.0,0.0,0.0,0.0,0.0,0.0037126636132597604,0.0,0.0,0.0,0.0,0.0,0.0,0.0,0.0,0.0,0.0,0.0,0.0,0.0,0.0,0.0,0.0,0.0,0.0,0.0,0.0,0.0,0.0,0.0,0.0,0.0,0.0,,0.0,,0.0,,0.0,,0.0,,0.0,,,,,,,,,,,,,,,,,,,,,,0,0,84,3
4,region_04,2024-06-29,,,,,,,,,,,,,,,0.0,0.0,,,,,,,,,,,,,,,,,,,,,,,,,0.0,0.0,,,,,,,,,,,,,0.0,0.0,0.001572326989844425,0.0,0.0,0.0,0.0,0.0,0.0,0.0,0.0,0.0,,,0.0,0.0,0.0,0.0,0.0,0.0,0.0,0.0,0.0,0.0,0.0,0.0,0.0,0.0,0.0,0.0,0.0,0.0,0.0,0.0,0.0,0.0,0.0,0.0,0.0,0.0,0.0,0.0,0.0,0.0,0.0,0.0,0.0,0.0,0.0,0.0,0.0,0.0,0.0,0.0,0.0,0.0,0.0,0.0,0.0,0.0,0.0,0.0,0.0,0.0,0.0,0.0,0.0,0.0,0.0423965636681279,0.0,0.011443446635815233,0.0,0.0,0.0,0.0,0.0,0.014470866955546748,0.0,0.03204150881577764,0.0,0.03350162728811082,0.0,0.0015799207612872,0.0,0.0013040490448474715,0.0,0.0,0.0,0.010379929854736989,0.0,0.0,0.0,0.05613818004106476,0.0,0.021710052038542885,0.0,0.00232018914539365,0.0,0.08864749750340134,0.0,0.0025694765305767247,0.0,0.1827712292256562,0.0,0.1866751502019278,0.0,0.056038742419332224,0.0,0.005307942725029602,0.0,0.016811441979370987,0.0,0.009700793838735785,0.0,0.0,0.0,0.0032451899955048737,0.0,0.1683544349041044,0.0,0.0015779657470476056,2.0,0.01888566342961929,0.0,0.0,,0.0,,0.0,,0.0,,0.0,,0.03068823970439232,0.0,0.0,,0.0,,0.0,,0.0,,0.0,,0.0,,,,,,,,0.0,,,,,,,,,,,,0.0,0.0,0.0,0.0,0.0,0.0,0.0,0.0,0.0,0.0,0.0,0.0,0.0,0.0,0.0,0.0,0.0033499385174806965,0.0,0.0,0.0,0.0,0.0,0.0,0.0,0.0,0.0,0.0,0.0,0.0,0.0,0.0,0.0,0.0,0.0,0.0,0.0,0.0,0.0,0.0,0.0,0.0014936067108508165,0.0,0.0,,0.0,,0.0,,0.0,,0.0,,0.0,,,,,,,,,,,,,,,,,,,,,,0,1,84,4
4,region_04,2024-07-06,,,,,,,,,,,,,,,0.0,0.0,,,,,,,,,,,,,,,,,,,,,,,,,0.0,0.0,,,,,,,,,,,,,0.0,0.0,0.0,0.0,0.0,0.0,0.0,0.0,0.0,0.0,0.0,0.0,,,0.0,0.0,0.0,0.0,0.0,0.0,0.0,0.0,0.0,0.0,0.0,0.0,0.0,0.0,0.0,0.0,0.0,0.0,0.0,0.0,0.0,0.0,0.0,0.0,0.0,0.0,0.0,0.0,0.0,0.0,0.0,0.0,0.0,0.0,0.0,0.0,0.0,0.0,0.0,0.0,0.0,0.0,0.0,0.0,0.0,0.0,0.0,0.0,0.0,0.0,0.0,0.0,0.0,0.0,0.02368466333364658,0.0,0.009758099589658778,0.0,0.0,0.0,0.0,0.0,0.016047944152808653,0.0,0.022731037567491067,0.0,0.02641134409476875,0.0,0.0,0.0,0.002608098089694943,0.0,0.0,0.0,0.011479103127899326,0.0,0.0,0.0,0.0612272347013155,0.0,0.024858139455318402,0.0,0.0,0.0,0.08956429565494707,0.0,0.0,0.0,0.1993865390186724,0.0,0.16346780048764267,0.0,0.061459690332412664,0.0,0.005975507159271904,0.0,0.0,0.0,0.014761209386684269,0.0,0.0,0.0,0.002777716377749987,0.0,0.17283747507178263,0.0,0.003155931494095211,0.0,0.023850191870461276,0.0,0.0,,0.0,,0.0,,0.0,,0.0,,0.04918845354214955,0.0,0.0,,0.0,,0.0,,0.0,,0.0,,0.0,,,,,,,,0.0,,,,,,,,,,,,0.0,0.0,0.0,0.0,0.0,0.0,0.0,0.0,0.0,0.0,0.0,0.0,0.0,0.0,0.0,0.0,0.002987213421701633,0.0,0.0,0.0,0.0,0.0,0.0,0.0,0.0,0.0,0.0,0.0,0.0,0.0,0.0,0.0,0.0,0.0,0.0,0.0,0.0,0.0,0.0,0.0,0.002987213421701633,0.0,0.0,,0.0,,0.0,,0.0,,0.0,,0.0,,,,,,,,,,,,,,,,,,,,,,0,0,85,5
4,region_04,2024-07-13,,,,,,,,,,,,,,,0.0,0.0,,,,,,,,,,,,,,,,,,,,,,,,,0.0,0.0,,,,,,,,,,,,,0.0,0.0,0.0009379325519230978,0.0,0.0,0.0,0.0,0.0,0.0,0.0,0.0007925250948491182,0.0,,,0.0,0.0,0.0,0.0,0.0,0.0,0.0,0.0,0.0,0.0,0.0,0.0,0.0,0.0,0.0,0.0,0.0,0.0,0.0,0.0,0.0,0.0,0.0,0.0,0.0,0.0,0.0,0.0,0.0,0.0,0.0,0.0,0.0,0.0,0.0,0.0,0.0,0.0,0.0,0.0,0.0,0.0,0.0,0.0,0.0,0.0,0.0,0.0,0.0,0.0,0.0,0.0,0.0008940545039398264,0.0,0.030712862147511538,0.0,0.008895199753255666,0.0,0.0,0.0,0.0028667461592703776,0.0,0.009609022266102593,0.0,0.019939768048952995,0.0,0.022863344738458642,0.0,0.0035734012042386923,0.0,0.0021719329815823216,0.0,0.0,0.0,0.008411449980701124,0.0,0.0,0.0,0.05138058774173254,0.0,0.026792430149560578,0.0,0.0008994036237709099,0.0,0.08615711842748248,0.0,0.003640715466727559,0.0,0.2001687602798929,0.0,0.17467184182212284,0.0,0.09578127380121833,0.0,0.004974421596185804,0.0,0.001963924590117184,0.0,0.014051048732970016,0.0,0.0,0.0,0.0024685170289805844,0.0,0.16000928544664972,0.0,0.0015779657470476056,0.0,0.015447586287538147,0.0,0.0,,0.0,,0.0,,0.0,,0.0,,0.03848887617983243,0.0,0.0,,0.001183047690170061,2.0,0.0,,0.0,,0.0,,0.0,,,,,,,,0.0,,,,,,,,,,,,0.0,0.0,0.0,0.0,0.0,0.0,0.0,0.0,0.0,0.0,0.0,0.0,0.0,0.0,0.0,0.0,0.0014936067108508165,0.0,0.0,0.0,0.0,0.0,0.0,0.0,0.0,0.0,0.0,0.0,0.0,0.0,0.0,0.0,0.0,0.0,0.0,0.0,0.0,0.0,0.0,0.0,0.002703949126205253,0.0,0.0,,0.0,,0.0,,0.0,,0.0,,0.0,,,,,,,,,,,,,,,,,,,,,,0,1,85,6
4,region_04,2024-07-20,,,,,,,,,,,,,,,0.0,0.0,,,,,,,,,,,,,,,,,,,,,,,,,0.0,0.0,,,,,,,,,,,,,0.0,0.0,0.0018758651038461955,0.0,0.0,0.0,0.0,0.0,0.0,0.0,0.0015850501896982365,0.0,,,0.0,0.0,0.0,0.0,0.0,0.0,0.0,0.0,0.0,0.0,0.0,0.0,0.0,0.0,0.0,0.0,0.0,0.0,0.0,0.0,0.0,0.0,0.0,0.0,0.0,0.0,0.0,0.0,0.0,0.0,0.0,0.0,0.0,0.0,0.0,0.0,0.0,0.0,0.0,0.0,0.0,0.0,0.0,0.0,0.0,0.0,0.0,0.0,0.0,0.0,0.0,0.0,0.0017881090078796528,0.0,0.0377410609613765,0.0,0.008032299916852555,0.0,0.0,0.0,0.005733492318540755,0.0,0.003170100379396532,0.0,0.017148498530414922,0.0,0.019315345382148536,0.0,0.007146802408477385,0.0,0.0017357678734697,0.0,0.0,0.0,0.005343796833502923,0.0,0.0,0.0,0.041533940782149587,0.0,0.028726720843802758,0.0,0.0017988072475418199,0.0,0.0827499412000179,0.0,0.007281430933455118,0.0,0.20095098154111338,0.0,0.185875883156603,0.0,0.130102857270024,0.0,0.0039733360330997045,0.0,0.003927849180234368,0.0,0.013340888079255764,0.0,0.0,0.0,0.0021593176802111817,0.0,0.14718109582151684,0.0,0.0,0.0,0.0070449807046150175,0.0,0.0,,0.0,,0.0,,0.0,,0.0,,0.027789298817515316,0.0,0.0,,0.002366095380340122,0.0,0.0,,0.0,,0.0,,0.0,,,,,,,,0.0,,,,,,,,,,,,0.0,0.0,0.0,0.0,0.0,0.0,0.0,0.0,0.0,0.0,0.0,0.0,0.0,0.0,0.0,0.0,0.0,0.0,0.0,0.0,0.0,0.0,0.0,0.0,0.0,0.0,0.0,0.0,0.0,0.0,0.0,0.0,0.0,0.0,0.0,0.0,0.0,0.0,0.0,0.0,0.002420684830708873,0.0,0.0,,0.0,,0.0,,0.0,,0.0,,0.0,,,,,,,,,,,,,,,,,,,,,,0,0,86,7
4,region_04,2024-07-27,,,,,,,,,,,,,,,0.0,0.0,,,,,,,,,,,,,,,,,,,,,,,,,0.0,0.0,,,,,,,,,,,,,0.0,0.0,0.0009379325519230978,0.0,0.0,0.0,0.0,0.0,0.0,0.0,0.0007925250948491182,0.0,,,0.0,0.0,0.0,0.0,0.0,0.0,0.0,0.0,0.0,0.0,0.0,0.0,0.0,0.0,0.0,0.0,0.0,0.0,0.0,0.0,0.0,0.0,0.0,0.0,0.0,0.0,0.0,0.0,0.0,0.0,0.0,0.0,0.0,0.0,0.0,0.0,0.0,0.0,0.0,0.0,0.0,0.0,0.0,0.0,0.0,0.0,0.0,0.0,0.0,0.0,0.0,0.0,0.0008940545039398264,0.0,0.030157267744955262,0.0,0.008496641339653516,0.0,0.0,0.0,0.0028667461592703776,0.0,0.0021813946274145063,0.0,0.01319111204903681,0.0,0.018490990605017105,0.0,0.00495437190581395,0.0,0.00086788393673485,0.0,0.0,0.0,0.005861163579302416,0.0,0.0,0.0,0.036639813732887966,0.0,0.027903813876824418,0.0,0.0008994036237709099,0.0,0.08194852799531954,0.0,0.006912427650990304,0.0,0.1929516901959588,0.0,0.17623294912504422,0.0,0.16239530843122177,0.0,0.004536187501767295,0.0,0.0031262683511803866,0.0,0.015174528838889177,0.0,0.0,0.0,0.002076318252930424,0.0,0.14944361256701605,0.0,0.002445361214793361,0.0,0.012798409622255261,0.0,0.0,,0.0,,0.0,,0.0,,0.0,,0.026886843552901576,0.0,0.0,,0.0029181404453184276,0.0,0.0,,0.0024877699056210117,2.0,0.0,,0.0,,,,,,,,0.0,,,,,,,,,,,,0.0,0.0,0.0,0.0,0.0,0.0,0.0,0.0,0.0,0.0,0.0,0.0,0.0,0.0,0.0,0.0,0.0,0.0,0.0,0.0,0.0,0.0,0.0,0.0,0.0,0.0,0.0,0.0,0.0,0.0,0.0,0.0,0.0,0.0,0.0,0.0,0.0,0.0,0.0,0.0,0.0012103424153544365,0.0,0.0,,0.0,,0.0,,0.0,,0.0,,0.0,,,,,,,,,,,,,,,,,,,,,,0,1,86,8
4,region_04,2024-08-03,,,,,,,,,,,,,,,0.0,0.0,,,,,,,,,,,,,,,,,,,,,,,,,0.0,0.0,,,,,,,,,,,,,0.0,0.0,0.0,0.0,0.0,0.0,0.0,0.0,0.0,0.0,0.0,0.0,,,0.0,0.0,0.0,0.0,0.0,0.0,0.0,0.0,0.0,0.0,0.0,0.0,0.0,0.0,0.0,0.0,0.0,0.0,0.0,0.0,0.0,0.0,0.0,0.0,0.0,0.0,0.0,0.0,0.0,0.0,0.0,0.0,0.0,0.0,0.0,0.0,0.0,0.0,0.0,0.0,0.0,0.0,0.0,0.0,0.0,0.0,0.0,0.0,0.0,0.0,0.0,0.0,0.0,0.0,0.022573474528534025,0.0,0.008960982762454476,0.0,0.0,0.0,0.0,0.0,0.001192688875432481,0.0,0.0092337255676587,0.0,0.017666635827885673,0.0,0.002761941403150515,0.0,0.0,0.0,0.0,0.0,0.006378530325101909,0.0,0.0,0.0,0.03174568668362635,0.0,0.027080906909846075,0.0,0.0,0.0,0.0811471147906212,0.0,0.0065434243685254904,0.0,0.18495239885080425,0.0,0.16659001509348548,0.0,0.19468775959241955,0.0,0.005099038970434885,0.0,0.002324687522126405,0.0,0.01700816959852259,0.0,0.0,0.0,0.0019933188256496667,0.0,0.15170612931251523,0.0,0.004890722429586722,0.0,0.018551838539895504,0.0,0.0,,0.0,,0.0,,0.0,,0.0,,0.025984388288287835,0.0,0.0,,0.0034701855102967335,0.0,0.0,,0.004975539811242023,0.0,0.0,,0.0,,,,,,,,0.0,,,,,,,,,,,,0.0,0.0,0.0,0.0,0.0,0.0,0.0,0.0,0.0,0.0,0.0,0.0,0.0,0.0,0.0,0.0,0.0,0.0,0.0,0.0,0.0,0.0,0.0,0.0,0.0,0.0,0.0,0.0,0.0,0.0,0.0,0.0,0.0,0.0,0.0,0.0,0.0,0.0,0.0,0.0,0.0,0.0,0.0,,0.0,,0.0,,0.0,,0.0,,0.0,,,,,,,,,,,,,,,,,,,,,,0,0,87,9
4,region_04,2024-08-10,,,,,,,,,,,,,,,0.0,0.0,,,,,,,,,,,,,,,,,,,,,,,,,0.0,0.0,,,,,,,,,,,,,0.0,0.0,0.0,0.0,0.0,0.0,0.0,0.0,0.0,0.0,0.0,0.0,,,0.0,0.0,0.0,0.0,0.0,0.0,0.0,0.0,0.0,0.0,0.0,0.0,0.0,0.0,0.0,0.0,0.0,0.0,0.0,0.0,0.0,0.0,0.0,0.0,0.0,0.0,0.0,0.0,0.0,0.0,0.0,0.0,0.0,0.0,0.0,0.0,0.0,0.0,0.0,0.0,0.0,0.0,0.0,0.0,0.0,0.0,0.0011152732553646502,0.0,0.0,0.0,0.0,0.0,0.0,0.0,0.024011695624462162,0.0,0.01008460867506935,0.0,0.0,0.0,0.0,0.0,0.003220309161614316,0.0,0.014599230854461543,0.0,0.016297534982570284,0.0,0.004801034873637974,0.0,0.0,0.0,0.0,0.0,0.006833316111338412,0.0,0.0,0.0,0.028201331442133253,0.0,0.029987274939637758,0.0,0.0,0.0,0.09992162578162687,0.0,0.004248497736019345,0.0,0.17177650579029602,0.0,0.15354253513117627,0.0,0.2109748131107716,0.0,0.0034712850021951704,0.0,0.0011623437610632024,0.0,0.011978007409544161,0.0,0.0,0.0,0.003655717098930178,0.0,0.13740044534206386,0.0,0.006341737242312008,0.0,0.0169942700082347,0.0,0.001331073381671925,2.0,0.0,,0.0,,0.0,,0.0,,0.02813253159457369,0.0,0.0,,0.004383075975864661,0.0,0.0,,0.004628869866092558,0.0,0.0,,0.0,,,,,,,,0.0,,,,,,,,,,,,0.0,0.0,0.0,0.0,0.0,0.0,0.0,0.0,0.0,0.0,0.0,0.0,0.0,0.0,0.0,0.0,0.0,0.0,0.0,0.0,0.0,0.0,0.0,0.0,0.0,0.0,0.0,0.0,0.0,0.0,0.0,0.0,0.0,0.0,0.0,0.0,0.0,0.0,0.0,0.0,0.0,0.0,0.004857689975515761,1.0,0.0,,0.0,,0.0,,0.0,,0.0,,,,,,,,,,,,,,,,,,,,,,1,1,87,0
4,region_04,2024-08-17,,,,,,,,,,,,,,,0.0,0.0,,,,,,,,,,,,,,,,,,,,,,,,,0.0,0.0,,,,,,,,,,,,,0.0,0.0,0.0,0.0,0.0,0.0,0.0,0.0,0.0,0.0,0.0,0.0,,,0.0,0.0,0.0,0.0,0.0,0.0,0.0,0.0,0.0,0.0,0.0,0.0,0.0,0.0,0.0,0.0,0.0,0.0,0.0,0.0,0.0,0.0,0.0,0.0,0.0,0.0,0.0,0.0,0.0,0.0,0.0,0.0,0.0,0.0,0.0,0.0,0.0,0.0,0.0,0.0,0.0,0.0,0.0,0.0,0.0,0.0,0.0022305465107293003,0.0,0.0,0.0,0.0,0.0,0.0,0.0,0.0254499167203903,0.0,0.011208234587684225,0.0,0.0,0.0,0.0,0.0,0.00524792944779615,0.0,0.019964736141264386,0.0,0.014928434137254896,0.0,0.006840128344125431,0.0,0.0,0.0,0.0,0.0,0.007288101897574915,0.0,0.0,0.0,0.024656976200640154,0.0,0.03289364296942944,0.0,0.0,0.0,0.11869613677263255,0.0,0.0019535711035132,0.0,0.15860061272978782,0.0,0.14049505516886707,0.0,0.22726186662912365,0.0,0.001843531033955455,0.0,0.0,0.0,0.006947845220565735,0.0,0.0,0.0,0.005318115372210689,0.0,0.1230947613716125,0.0,0.007792752055037294,0.0,0.015436701476573894,0.0,0.00266214676334385,0.0,0.0,,0.0,,0.0,,0.0,,0.030280674900859544,0.0,0.0,,0.0052959664414325884,0.0,0.0,,0.004282199920943092,0.0,0.0,,0.0,,,,,,,,0.0,,,,,,,,,,,,0.0,0.0,0.0,0.0,0.0,0.0,0.0,0.0,0.0,0.0,0.0,0.0,0.0,0.0,0.0,0.0,0.0,0.0,0.0,0.0,0.0,0.0,0.0,0.0,0.0,0.0,0.0,0.0,0.0,0.0,0.0,0.0,0.0,0.0,0.0,0.0,0.0,0.0,0.0,0.0,0.0,0.0,0.009715379951031522,0.0,0.0,,0.0,,0.0,,0.0,,0.0,,,,,,,,,,,,,,,,,,,,,,0,0,89,1
4,region_04,2024-08-24,,,,,,,,,,,,,,,0.0,0.0,,,,,,,,,,,,,,,,,,,,,,,,,0.0,0.0,,,,,,,,,,,,,0.0,0.0,0.0010830508955918471,0.0,0.0,0.0,0.0,0.0,0.0,0.0,0.0,0.0,,,0.0,0.0,0.0,0.0,0.0,0.0,0.0,0.0,0.0,0.0,0.0,0.0,0.0,0.0,0.0,0.0,0.0,0.0,0.0,0.0,0.0,0.0,0.0,0.0,0.0,0.0,0.0,0.0,0.0,0.0,0.0,0.0,0.0,0.0,0.0,0.0,0.0,0.0,0.0,0.0,0.0,0.0,0.0,0.0,0.0,0.0,0.0011152732553646502,0.0,0.0,0.0,0.0,0.0,0.0,0.0,0.01938783137225788,0.0,0.013798513370075855,0.0,0.0,0.0,0.0,0.0,0.0036775330572189034,0.0,0.018318019287758704,0.0,0.009188874079968332,0.0,0.0058330580448874535,0.0,0.0,0.0,0.0,0.0,0.005956626427972537,0.0,0.0,0.0,0.028187802831005058,0.0,0.028913707068810808,0.0,0.0,0.0,0.10483508730928098,0.0,0.0017225923457819736,0.0,0.1436873190301029,0.0,0.13962789211226134,0.0,0.2745752657322507,0.0,0.0025280132969399695,0.0,0.001606247779962242,0.0,0.00880146634421845,0.0,0.0,0.0,0.0026590576861053447,0.0,0.12503908492232618,0.0,0.005659104570642889,0.0,0.01435013737921647,0.0,0.001331073381671925,0.0,0.0,,0.0,,0.0,,0.0,,0.021922506977754934,0.0,0.0,,0.010251814214926575,0.0,0.0,,0.005294219841464154,0.0,0.0,,0.0,,,,,,,,0.0,,,,,,,,,,,,0.0,0.0,0.0,0.0,0.0,0.0,0.0,0.0,0.0,0.0,0.0,0.0,0.0,0.0,0.0,0.0,0.0,0.0,0.0,0.0,0.0,0.0,0.0,0.0,0.0,0.0,0.0,0.0,0.0,0.0,0.0,0.0,0.0,0.0,0.0,0.0,0.0,0.0,0.0,0.0,0.0,0.0,0.005603496769541135,0.0,0.0,,0.0,,0.0,,0.0,,0.0,,,,,,,,,,,,,,,,,,,,,,0,0,89,2
4,region_04,2024-08-31,,,,,,,,,,,,,,,0.0,0.0,,,,,,,,,,,,,,,,,,,,,,,,,0.0,0.0,,,,,,,,,,,,,0.0,0.0,0.0021661017911836942,0.0,0.0,0.0,0.0,0.0,0.0,0.0,0.0,0.0,,,0.0,0.0,0.0,0.0,0.0,0.0,0.0,0.0,0.0,0.0,0.0,0.0,0.0,0.0,0.0,0.0,0.0,0.0,0.0,0.0,0.0,0.0,0.0,0.0,0.0,0.0,0.0,0.0,0.0,0.0,0.0,0.0,0.0,0.0,0.0,0.0,0.0,0.0,0.0,0.0,0.0,0.0,0.0,0.0,0.0,0.0,0.0,0.0,0.0,0.0,0.0,0.0,0.0,0.0,0.013325746024125456,0.0,0.016388792152467486,0.0,0.0,0.0,0.0,0.0,0.002107136666641657,0.0,0.01667130243425302,0.0,0.003449314022681769,0.0,0.0048259877456494765,0.0,0.0,0.0,0.0,0.0,0.004625150958370158,0.0,0.0,0.0,0.03171862946136996,0.0,0.024933771168192172,0.0,0.0,0.0,0.09097403784592942,0.0,0.0014916135880507473,0.0,0.12877402533041798,0.0,0.13876072905565562,0.0,0.32188866483537776,0.0,0.003212495559924484,0.0,0.003212495559924484,0.0,0.010655087467871163,0.0,0.0,0.0,0.0,0.0,0.12698340847303988,0.0,0.0035254570862484833,0.0,0.013263573281859047,0.0,0.0,0.0,0.0,,0.0,,0.0,,0.0,,0.01356433905465032,0.0,0.0,,0.01520766198842056,0.0,0.0,,0.006306239761985215,0.0,0.0,,0.0,,,,,,,,0.0,,,,,,,,,,,,0.0,0.0,0.0,0.0,0.0,0.0,0.0,0.0,0.0,0.0,0.0,0.0,0.0,0.0,0.0,0.0,0.0,0.0,0.0,0.0,0.0,0.0,0.0,0.0,0.0,0.0,0.0,0.0,0.0,0.0,0.0,0.0,0.0,0.0,0.0,0.0,0.0,0.0,0.0,0.0,0.0,0.0,0.0014916135880507473,0.0,0.0,,0.0,,0.0,,0.0,,0.0,,,,,,,,,,,,,,,,,,,,,,0,0,89,3
4,region_04,2024-09-07,,,,,,,,,,,,,,,0.0,0.0,,,,,,,,,,,,,,,,,,,,,,,,,0.0,0.0,,,,,,,,,,,,,0.0,0.0,0.0010830508955918471,0.0,0.0,0.0,0.0,0.0,0.0,0.0,0.0,0.0,,,0.0,0.0,0.0,0.0,0.0,0.0,0.0,0.0,0.0,0.0,0.0,0.0,0.0,0.0,0.0,0.0,0.0,0.0,0.0,0.0,0.0,0.0,0.0,0.0,0.0,0.0,0.0,0.0,0.0,0.0,0.0,0.0,0.0,0.0,0.0,0.0,0.0,0.0,0.0,0.0,0.0,0.0,0.0,0.0,0.0,0.0,0.0,0.0,0.0,0.0,0.0,0.0,0.0,0.0,0.01843574309819618,0.0,0.015776978506112958,0.0,0.0,0.0,0.0,0.0,0.0010535683333208286,0.0,0.01065238991424461,0.0,0.007516783795235024,0.0,0.004892086377367319,0.0,0.0,0.0,0.0,0.0,0.002312575479185079,0.0,0.0,0.0,0.017976966426484452,0.0,0.0200494680139753,0.0,0.0,0.0,0.0840533841401338,0.0,0.0026014352134600014,0.0,0.12774729850696537,0.0,0.1472133601313097,0.0,0.34522931748314906,0.0,0.001606247779962242,0.0,0.001606247779962242,0.0,0.005327543733935581,0.0,0.0,0.0,0.0,0.0,0.10975856632429949,0.0,0.004290256041309022,0.0,0.011686841637299107,0.0,0.0,0.0,0.0,,0.0,,0.0,,0.0,,0.014364751957204373,0.0,0.0,,0.027820242284279678,0.0,0.0,,0.005632212385535188,0.0,0.0,,0.0,,,,,,,,0.0,,,,,,,,,,,,0.0,0.0,0.0,0.0,0.0,0.0,0.0,0.0,0.0,0.0,0.0,0.0,0.0,0.0,0.0,0.0,0.0,0.0,0.0,0.0,0.0,0.0,0.0,0.0,0.0,0.0,0.0,0.0,0.0,0.0,0.0,0.0,0.0,0.0,0.0,0.0,0.0,0.0,0.0,0.0,0.0023167386971181,0.0,0.010855916786764577,0.0,0.0,,0.0,,0.0,,0.0,,0.0,,,,,,,,,,,,,,,,,,,,,,0,0,89,4
4,region_04,2024-09-14,,,,,,,,,,,,,,,0.0,0.0,,,,,,,,,,,,,,,,,,,,,,,,,0.0,0.0,,,,,,,,,,,,,0.0,0.0,0.0,0.0,0.0,0.0,0.0,0.0,0.0,0.0,0.0,0.0,,,0.0,0.0,0.0,0.0,0.0,0.0,0.0,0.0,0.0,0.0,0.0,0.0,0.0,0.0,0.0,0.0,0.0,0.0,0.0,0.0,0.0,0.0,0.0,0.0,0.0,0.0,0.0,0.0,0.0,0.0,0.0,0.0,0.0,0.0,0.0,0.0,0.0,0.0,0.0,0.0,0.0,0.0,0.0,0.0,0.0,0.0,0.0,0.0,0.0,0.0,0.0,0.0,0.0,0.0,0.023545740172266905,0.0,0.015165164859758428,0.0,0.0,0.0,0.0,0.0,0.0,0.0,0.0046334773942362,0.0,0.011584253567788277,0.0,0.004958185009085162,0.0,0.0,0.0,0.0,0.0,0.0,0.0,0.0,0.0,0.004235303391598944,0.0,0.015165164859758428,0.0,0.0,0.0,0.0771327304343382,0.0,0.003711256838869256,0.0,0.12672057168351275,0.0,0.1556659912069638,0.0,0.36856997013092035,0.0,0.0,0.0,0.0,0.0,0.0,0.0,0.0,0.0,0.0,0.0,0.0925337241755591,0.0,0.005055054996369561,0.0,0.010110109992739168,0.0,0.0,0.0,0.0,,0.0,,0.0,,0.0,,0.015165164859758428,0.0,0.0,,0.0404328225801388,0.0,0.0,,0.004958185009085162,0.0,0.0,,0.0,,,,,,,,0.0,,,,,,,,,,,,0.0,0.0,0.0,0.0,0.0,0.0,0.0,0.0,0.0,0.0,0.0,0.0,0.0,0.0,0.0,0.0,0.0,0.0,0.0,0.0,0.0,0.0,0.0,0.0,0.0,0.0,0.0,0.0,0.0,0.0,0.0,0.0,0.0,0.0,0.0,0.0,0.0,0.0,0.0,0.0,0.0046334773942362,0.0,0.020220219985478405,0.0,0.0,,0.0,,0.0,,0.0,,0.0,,,,,,,,,,,,,,,,,,,,,,0,0,89,5
4,region_04,2024-09-21,,,,,,,,,,,,,,,0.0,0.0,,,,,,,,,,,,,,,,,,,,,,,,,0.0,0.0,,,,,,,,,,,,,0.0,0.0,0.0,0.0,0.0,0.0,0.0,0.0,0.0,0.0,0.0,0.0,,,0.0,0.0,0.0,0.0,0.0,0.0,0.0,0.0,0.0,0.0,0.0,0.0,0.0,0.0,0.0,0.0,0.0,0.0,0.0,0.0,0.0,0.0,0.0,0.0,0.0,0.0,0.0,0.0,0.0,0.0,0.0,0.0,0.0,0.0,0.0,0.0,0.0,0.0,0.0,0.0,0.0,0.0,0.0,0.0,0.0,0.0,0.0,0.0,0.0,0.0,0.0,0.0,0.0,0.0,0.011772870086133452,0.0,0.007582582429879214,0.0,0.0,0.0,0.0,0.0,0.0,0.0,0.0023167386971181,0.0,0.015522360361905513,0.0,0.01079304591537663,0.0,0.0,0.0,0.0,0.0,0.0,0.0,0.0,0.0,0.002117651695799472,0.0,0.034543049418263916,0.0,0.0,0.0,0.07828667250772313,0.0,0.001855628419434628,0.0,0.10211997561984587,0.0,0.13977989802757895,0.0,0.44118047952651973,0.0,0.0,0.0,0.0,0.0,0.0,0.0,0.0,0.0,0.0,0.0,0.06873391837709475,0.0,0.0025275274981847807,0.0,0.008380241899026721,0.0,0.0,0.0,0.0,,0.0,,0.0,,0.0,,0.010825993622549664,0.0,0.0,,0.046672846687336705,0.0,0.0,,0.002479092504542581,0.0,0.0,,0.0,,,,,,,,0.0,,,,,,,,,,,,0.0,0.0,0.0,0.0,0.0,0.0,0.0,0.0,0.0,0.0,0.0,0.0,0.0,0.0,0.0,0.0,0.0,0.0,0.0,0.0,0.0,0.0,0.0,0.0,0.0,0.0,0.0,0.0,0.0,0.0,0.0,0.0,0.0,0.0,0.0,0.0,0.0,0.0,0.0,0.0,0.0023167386971181,0.0,0.017846932350140426,0.0,0.0,,0.0,,0.0,,0.0,,0.0,,,,,,,,,,,,,,,,,,,,,,0,0,89,6
4,region_04,2024-09-28,,,,,,,,,,,,,,,0.0,0.0,,,,,,,,,,,,,,,,,,,,,,,,,0.0,0.0,,,,,,,,,,,,,0.0,0.0,0.0,0.0,0.0,0.0,0.0,0.0,0.0,0.0,0.0,0.0,,,0.0,0.0,0.0,0.0,0.0,0.0,0.0,0.0,0.0,0.0,0.0,0.0,0.0,0.0,0.0,0.0,0.0,0.0,0.0,0.0,0.0,0.0,0.0,0.0,0.0,0.0,0.0,0.0,0.0,0.0,0.0,0.0,0.0,0.0,0.0,0.0,0.0,0.0,0.0,0.0,0.0,0.0,0.0,0.0,0.0,0.0,0.0,0.0,0.0,0.0,0.0,0.0,0.0,0.0,0.0,0.0,0.0,0.0,0.0,0.0,0.0,0.0,0.0,0.0,0.0,0.0,0.01946046715602275,0.0,0.0166279068216681,0.0,0.0,0.0,0.0,0.0,0.0,0.0,0.0,0.0,0.0,0.0,0.053920933976769406,0.0,0.0,0.0,0.07944061458110806,0.0,0.0,0.0,0.077519379556179,0.0,0.1238938048481941,0.0,0.5137909889221192,0.0,0.0,0.0,0.0,0.0,0.0,0.0,0.0,0.0,0.0,0.0,0.0449341125786304,0.0,0.0,0.0,0.0066503738053142756,0.0,0.0,0.0,0.0,,0.0,,0.0,,0.0,,0.0064868223853409,0.0,0.0,,0.05291287079453462,0.0,0.0,,0.0,0.0,0.0,,0.0,,,,,,,,0.0,,,,,,,,,,,,0.0,0.0,0.0,0.0,0.0,0.0,0.0,0.0,0.0,0.0,0.0,0.0,0.0,0.0,0.0,0.0,0.0,0.0,0.0,0.0,0.0,0.0,0.0,0.0,0.0,0.0,0.0,0.0,0.0,0.0,0.0,0.0,0.0,0.0,0.0,0.0,0.0,0.0,0.0,0.0,0.0,0.0,0.015473644714802452,0.0,0.0,,0.0,,0.0,,0.0,,0.0,,,,,,,,,,,,,,,,,,,,,,0,0,89,7
4,region_04,2024-10-05,,,,,,,,,,,,,,,0.0,0.0,,,,,,,,,,,,,,,,,,,,,,,,,0.0,0.0,,,,,,,,,,,,,0.0,0.0,0.0,0.0,0.0,0.0,0.0,0.0,0.0,0.0,0.0,0.0,,,0.0,0.0,0.0,0.0,0.0,0.0,0.0,0.0,0.0,0.0,0.0,0.0,0.0,0.0,0.0,0.0,0.0,0.0,0.0,0.0,0.0,0.0,0.0,0.0,0.0,0.0,0.0,0.0,0.0,0.0,0.0,0.0,0.0,0.0,0.0,0.0,0.0,0.0,0.0,0.0,0.0,0.0,0.0,0.0,0.0,0.0,0.0,0.0,0.0,0.0,0.0,0.0,0.0,0.0,0.0159295581281185,0.0,0.0,0.0,0.0,0.0,0.0,0.0,0.0,0.0,0.0056905864427487,0.0,0.0242656125531842,0.0,0.015955112408846575,0.0,0.0,0.0,0.0,0.0,0.0,0.0,0.0,0.0,0.00637747738510369,0.0,0.034925246052443945,0.0,0.0,0.0,0.09502600543200967,0.0,0.0,0.0,0.054689247906208,0.0,0.07787646055221555,0.0,0.530664724111557,0.0,0.0,0.0,0.0,0.0,0.00637747738510369,0.0,0.0,0.0,0.0,0.0,0.028155090287327725,0.0,0.0,0.0,0.0033251869026571378,0.0,0.007641158998012525,0.0,0.0,,0.0,,0.0,,0.0,,0.01917296932078895,0.0,0.0,,0.03256936259567733,0.0,0.0,,0.007641158998012525,0.0,0.0,,0.0,,,,,,,,0.0,,,,,,,,,,,,0.0,0.0,0.0,0.0,0.0,0.0,0.0,0.0,0.0,0.0,0.0,0.0,0.0,0.0,0.0,0.0,0.0,0.0,0.0,0.0,0.0,0.0,0.0,0.0,0.0,0.0,0.0,0.0,0.0,0.0,0.0,0.0,0.0,0.0,0.0,0.0,0.0,0.0,0.0,0.0,0.0,0.0,0.05211114450357851,0.0,0.0,,0.0,,0.0,,0.0,,0.0,,,,,,,,,,,,,,,,,,,,,,0,0,89,8
4,region_04,2024-10-12,,,,,,,,,,,,,,,0.0,0.0,,,,,,,,,,,,,,,,,,,,,,,,,0.0,0.0,,,,,,,,,,,,,0.0,0.0,0.0,0.0,0.0,0.0,0.0,0.0,0.0,0.0,0.0,0.0,,,0.0,0.0,0.0,0.0,0.0,0.0,0.0,0.0,0.0,0.0,0.0,0.0,0.0,0.0,0.0,0.0,0.0,0.0,0.0,0.0,0.0,0.0,0.0,0.0,0.0,0.0,0.0,0.0,0.0,0.0,0.0,0.0,0.0,0.0,0.0,0.0,0.0,0.0,0.0,0.0,0.0,0.0,0.0,0.0,0.0,0.0,0.0,0.0,0.0,0.0,0.0,0.0,0.0,0.0,0.031859116256237,0.0,0.0,0.0,0.0,0.0,0.0,0.0,0.0,0.0,0.0113811728854974,0.0,0.02907075795034565,0.0,0.01528231799602505,0.0,0.0,0.0,0.0,0.0,0.0,0.0,0.0,0.0,0.01275495477020738,0.0,0.015929558128118478,0.0,0.0,0.0,0.11061139628291128,0.0,0.0,0.0,0.031859116256237,0.0,0.031859116256237,0.0,0.5475384593009949,0.0,0.0,0.0,0.0,0.0,0.01275495477020738,0.0,0.0,0.0,0.0,0.0,0.01137606799602505,0.0,0.0,0.0,0.0,0.0,0.01528231799602505,0.0,0.0,,0.0,,0.0,,0.0,,0.031859116256237,0.0,0.0,,0.01222585439682004,0.0,0.0,,0.01528231799602505,0.0,0.0,,0.0,,,,,,,,0.0,,,,,,,,,,,,0.0,0.0,0.0,0.0,0.0,0.0,0.0,0.0,0.0,0.0,0.0,0.0,0.0,0.0,0.0,0.0,0.0,0.0,0.0,0.0,0.0,0.0,0.0,0.0,0.0,0.0,0.0,0.0,0.0,0.0,0.0,0.0,0.0,0.0,0.0,0.0,0.0,0.0,0.0,0.0,0.0,0.0,0.08874864429235456,0.0,0.0,,0.0,,0.0,,0.0,,0.0,,,,,,,,,,,,,,,,,,,,,,0,0,89,9
4,region_04,2024-10-19,,,,,,,,,,,,,,,0.0,0.0,,,,,,,,,,,,,,,,,,,,,,,,,0.0,0.0,,,,,,,,,,,,,0.0,0.0,0.0,0.0,0.0,0.0,0.0,0.0,0.0,0.0,0.0,0.0,,,0.0,0.0,0.0,0.0,0.0,0.0,0.0,0.0,0.0,0.0,0.0,0.0,0.0,0.0,0.0,0.0,0.0,0.0,0.0,0.0,0.0,0.0,0.0,0.0,0.0,0.0,0.0,0.0,0.0,0.0,0.0,0.0,0.0,0.0,0.0,0.0,0.0,0.0,0.0,0.0,0.0,0.0,0.0,0.0,0.0,0.0,0.0,0.0,0.0,0.0,0.0,0.0,0.0,0.0,0.0159295581281185,0.0,0.011260861158370961,0.0,0.0,0.0,0.0,0.0,0.0,0.0,0.0056905864427487,0.0,0.014535378975172824,0.0,0.007641158998012525,0.0,0.0,0.0,0.0,0.0,0.0,0.0,0.0,0.0,0.00637747738510369,0.0,0.024013946577906568,0.0,0.0,0.0,0.0855858515948057,0.0,0.00641168057918548,0.0,0.036366946063935715,0.0,0.05677001625299451,0.0,0.4928397436936697,0.0,0.0,0.0,0.0,0.0,0.00637747738510369,0.0,0.0,0.0,0.0,0.0,0.021737201511859854,0.0,0.0,0.0,0.0,0.0,0.007641158998012525,0.0,0.0,,0.0,,0.0,,0.0,,0.0159295581281185,0.0,0.0,,0.028738489467650608,0.0,0.008024583756923661,2.0,0.007641158998012525,0.0,0.0,,0.0,,,,,,,,0.0,,,,,,,,,,,,0.0,0.0,0.0,0.0,0.0,0.0,0.0,0.0,0.0,0.0,0.0,0.0,0.0,0.0,0.0,0.0,0.0,0.0,0.0,0.0,0.0,0.0,0.0,0.0,0.0,0.0,0.0,0.0,0.0,0.0,0.0,0.0,0.0,0.0,0.0,0.0,0.0,0.0,0.0,0.0,0.0,0.0,0.14551303312182423,0.0,0.0,,0.008024583756923661,2.0,0.0,,0.0,,0.0,,,,,,,,,,,,,,,,,,,,,,0,2,89,10
4,region_04,2024-10-26,,,,,,,,,,,,,,,0.0,0.0,,,,,,,,,,,,,,,,,,,,,,,,,0.0,0.0,,,,,,,,,,,,,0.0,0.0,0.0,0.0,0.0,0.0,0.0,0.0,0.0,0.0,0.0,0.0,,,0.0,0.0,0.0,0.0,0.0,0.0,0.0,0.0,0.0,0.0,0.0,0.0,0.0,0.0,0.0,0.0,0.0,0.0,0.0,0.0,0.0,0.0,0.0,0.0,0.0,0.0,0.0,0.0,0.0,0.0,0.0,0.0,0.0,0.0,0.0,0.0,0.0,0.0,0.0,0.0,0.0,0.0,0.0,0.0,0.0,0.0,0.0,0.0,0.0,0.0,0.0,0.0,0.0,0.0,0.0,0.0,0.022521722316741922,0.0,0.0,0.0,0.0,0.0,0.0,0.0,0.0,0.0,0.0,0.0,0.0,0.0,0.0,0.0,0.0,0.0,0.0,0.0,0.0,0.0,0.0,0.0,0.03209833502769466,0.0,0.0,0.0,0.0605603069067001,0.0,0.01282336115837096,0.0,0.04087477587163444,0.0,0.08168091624975202,0.0,0.4381410280863444,0.0,0.0,0.0,0.0,0.0,0.0,0.0,0.0,0.0,0.0,0.0,0.03209833502769466,0.0,0.0,0.0,0.0,0.0,0.0,0.0,0.0,,0.0,,0.0,,0.0,,0.0,0.0,0.0,,0.04525112453848118,0.0,0.016049167513847322,0.0,0.0,0.0,0.0,,0.0,,,,,,,,0.0,,,,,,,,,,,,0.0,0.0,0.0,0.0,0.0,0.0,0.0,0.0,0.0,0.0,0.0,0.0,0.0,0.0,0.0,0.0,0.0,0.0,0.0,0.0,0.0,0.0,0.0,0.0,0.0,0.0,0.0,0.0,0.0,0.0,0.0,0.0,0.0,0.0,0.0,0.0,0.0,0.0,0.0,0.0,0.0,0.0,0.20227742195129392,0.0,0.0,,0.016049167513847322,0.0,0.0,,0.0,,0.0,,,,,,,,,,,,,,,,,,,,,,0,0,91,11
4,region_04,2024-11-02,,,,,,,,,,,,,,,0.0,0.0,,,,,,,,,,,,,,,,,,,,,,,,,0.0,0.0,,,,,,,,,,,,,0.0,0.0,0.0,0.0,0.0,0.0,0.0,0.0,0.0,0.0,0.0,0.0,,,0.0,0.0,0.0,0.0,0.0,0.0,0.0,0.0,0.0,0.0,0.0,0.0,0.0,0.0,0.0,0.0,0.0,0.0,0.0,0.0,0.0,0.0,0.0,0.0,0.0,0.0,0.0,0.0,0.0,0.0,0.0,0.0,0.0,0.0,0.0,0.0,0.0,0.0,0.0,0.0,0.0,0.0,0.0,0.0,0.0,0.0,0.0,0.0,0.0,0.0,0.0,0.0,0.0,0.0,0.0,0.0,0.011260861158370961,0.0,0.0,0.0,0.0,0.0,0.0,0.0,0.0,0.0,0.0,0.0,0.0,0.0,0.0,0.0,0.0,0.0,0.0,0.0,0.0,0.0,0.0,0.0,0.03435296416282649,0.0,0.0,0.0,0.03028015345335005,0.0,0.00641168057918548,0.0,0.02043738793581722,0.0,0.07464017085731026,0.0,0.45227776964505517,0.0,0.0,0.0,0.0,0.0,0.01141723096370695,0.0,0.0,0.0,0.0,0.0,0.01604916751384733,0.0,0.0,0.0,0.0,0.0,0.014271538704633688,0.0,0.0,,0.0,,0.0,,0.0,,0.011417230963706951,0.0,0.013652374347050966,1.0,0.047136381734162514,0.0,0.008024583756923661,0.0,0.0,0.0,0.0,,0.0,,,,,,,,0.0,,,,,,,,,,,,0.0,0.0,0.0,0.0,0.0,0.0,0.0,0.0,0.0,0.0,0.0,0.0,0.0,0.0,0.0,0.0,0.0,0.0,0.0,0.0,0.0,0.0,0.0,0.0,0.0,0.0,0.0,0.0,0.0,0.0,0.0,0.0,0.0,0.0,0.0,0.0,0.0,0.0,0.0,0.0,0.0,0.0,0.22818589583039284,0.0,0.0,,0.008024583756923661,0.0,0.0,,0.0,,0.0,,,,,,,,,,,,,,,,,,,,,,1,0,91,0
4,region_04,2024-11-09,,,,,,,,,,,,,,,0.0,0.0,,,,,,,,,,,,,,,,,,,,,,,,,0.0,0.0,,,,,,,,,,,,,0.0,0.0,0.0,0.0,0.0,0.0,0.0,0.0,0.0,0.0,0.0,0.0,,,0.0,0.0,0.0,0.0,0.0,0.0,0.0,0.0,0.0,0.0,0.0,0.0,0.0,0.0,0.0,0.0,0.0,0.0,0.0,0.0,0.0,0.0,0.0,0.0,0.0,0.0,0.0,0.0,0.0,0.0,0.0,0.0,0.0,0.0,0.0,0.0,0.0,0.0,0.0,0.0,0.0,0.0,0.0,0.0,0.0,0.0,0.0,0.0,0.0,0.0,0.0,0.0,0.0,0.0,0.0,0.0,0.0,0.0,0.0,0.0,0.0,0.0,0.0,0.0,0.0,0.0,0.0,0.0,0.0,0.0,0.0,0.0,0.0,0.0,0.0,0.0,0.0,0.0,0.0,0.0,0.036607593297958325,0.0,0.0,0.0,0.0,0.0,0.0,0.0,0.0,0.0,0.0675994254648685,0.0,0.46641451120376587,0.0,0.0,0.0,0.0,0.0,0.0228344619274139,0.0,0.0,0.0,0.0,0.0,0.0,0.0,0.0,0.0,0.0,0.0,0.028543077409267377,0.0,0.0,,0.0,,0.0,,0.0,,0.022834461927413903,0.0,0.027304748694101932,0.0,0.04902163892984385,0.0,0.0,0.0,0.0,0.0,0.0,,0.0,,,,,,,,0.0,,,,,,,,,,,,0.0,0.0,0.0,0.0,0.0,0.0,0.0,0.0,0.0,0.0,0.0,0.0,0.0,0.0,0.0,0.0,0.0,0.0,0.0,0.0,0.0,0.0,0.0,0.0,0.0,0.0,0.0,0.0,0.0,0.0,0.0,0.0,0.0,0.0,0.0,0.0,0.0,0.0,0.0,0.0,0.0,0.0,0.25409436970949173,0.0,0.0,,0.0,0.0,0.0,,0.0,,0.0,,,,,,,,,,,,,,,,,,,,,,0,0,92,1
4,region_04,2024-11-16,,,,,,,,,,,,,,,0.0,0.0,,,,,,,,,,,,,,,,,,,,,,,,,0.0,0.0,,,,,,,,,,,,,0.0,0.0,0.0,0.0,0.0,0.0,0.0,0.0,0.0,0.0,0.0,0.0,,,0.0,0.0,0.0,0.0,0.0,0.0,0.0,0.0,0.0,0.0,0.0,0.0,0.0,0.0,0.0,0.0,0.0,0.0,0.0,0.0,0.0,0.0,0.0,0.0,0.0,0.0,0.0,0.0,0.0,0.0,0.0,0.0,0.0,0.0,0.0,0.0,0.0,0.0,0.0,0.0,0.0,0.0,0.0,0.0,0.0,0.0,0.0,0.0,0.0,0.0,0.0,0.0,0.0,0.0,0.0,0.0,0.0,0.0,0.0,0.0,0.0,0.0,0.0,0.0,0.0,0.0,0.0,0.0,0.0,0.0,0.0,0.0,0.0,0.0,0.0,0.0,0.0,0.0,0.0,0.0,0.033768290653824765,0.0,0.0,0.0,0.0,0.0,0.0,0.0,0.030928988009691225,0.0,0.049264206737279846,0.0,0.44581845700740813,0.0,0.0,0.0,0.0,0.0,0.01141723096370695,0.0,0.0,0.0,0.0,0.0,0.009663865591088916,0.0,0.0,0.0,0.0,0.0,0.02973603270947929,0.0,0.0,,0.0,,0.0,,0.0,,0.011417230963706951,0.0,0.029116868351896565,0.0,0.06733989156782623,0.0,0.0,0.0,0.0,0.0,0.0,,0.0,,,,,,,,0.0,,,,,,,,,,,,0.0,0.0,0.0,0.0,0.0,0.0,0.0,0.0,0.0,0.0,0.0,0.0,0.0,0.0,0.0,0.0,0.0,0.0,0.0,0.0,0.0,0.0,0.0,0.0,0.0,0.0,0.0,0.0,0.0,0.0,0.0,0.0,0.0,0.0,0.0,0.0,0.0,0.0,0.0,0.0,0.0,0.0,0.26842627115547657,0.0,0.0,,0.0,0.0,0.0,,0.0,,0.0,,,,,,,,,,,,,,,,,,,,,,0,0,92,2
4,region_04,2024-11-23,,,,,,,,,,,,,,,0.0,0.0,,,,,,,,,,,,,,,,,,,,,,,,,0.0,0.0,,,,,,,,,,,,,0.0,0.0,0.0,0.0,0.0,0.0,0.0,0.0,0.0,0.0,0.0,0.0,,,0.0,0.0,0.0,0.0,0.0,0.0,0.0,0.0,0.0,0.0,0.0,0.0,0.0,0.0,0.0,0.0,0.0,0.0,0.0,0.0,0.0,0.0,0.0,0.0,0.0,0.0,0.0,0.0,0.0,0.0,0.0,0.0,0.0,0.0,0.0,0.0,0.0,0.0,0.0,0.0,0.0,0.0,0.0,0.0,0.0,0.0,0.0,0.0,0.0,0.0,0.0,0.0,0.0,0.0,0.0,0.0,0.0,0.0,0.0,0.0,0.0,0.0,0.0,0.0,0.0,0.0,0.0,0.0,0.0,0.0,0.0,0.0,0.0,0.0,0.0,0.0,0.0,0.0,0.0,0.0,0.0309289880096912,0.0,0.0,0.0,0.0,0.0,0.0,0.0,0.06185797601938245,0.0,0.0309289880096912,0.0,0.4252224028110504,0.0,0.0,0.0,0.0,0.0,0.0,0.0,0.0,0.0,0.0,0.0,0.019327731182177833,0.0,0.0,0.0,0.0,0.0,0.0309289880096912,0.0,0.0,,0.0,,0.0,,0.0,,0.0,0.0,0.0309289880096912,0.0,0.08565814420580861,0.0,0.0,0.0,0.0,0.0,0.0,,0.0,,,,,,,,0.0,,,,,,,,,,,,0.0,0.0,0.0,0.0,0.0,0.0,0.0,0.0,0.0,0.0,0.0,0.0,0.0,0.0,0.0,0.0,0.0,0.0,0.0,0.0,0.0,0.0,0.0,0.0,0.0,0.0,0.0,0.0,0.0,0.0,0.0,0.0,0.0,0.0,0.0,0.0,0.0,0.0,0.0,0.0,0.0,0.0,0.28275817260146136,0.0,0.0,,0.0,0.0,0.0,,0.0,,0.0,,,,,,,,,,,,,,,,,,,,,,0,0,92,3
4,region_04,2024-11-30,,,,,,,,,,,,,,,0.0,0.0,,,,,,,,,,,,,,,,,,,,,,,,,0.0,0.0,,,,,,,,,,,,,0.0,0.0,0.0,0.0,0.0,0.0,0.0,0.0,0.0,0.0,0.0,0.0,,,0.0,0.0,0.0,0.0,0.0,0.0,0.0,0.0,0.0,0.0,0.0,0.0,0.0,0.0,0.0,0.0,0.0,0.0,0.0,0.0,0.0,0.0,0.0,0.0,0.0,0.0,0.0,0.0,0.0,0.0,0.0,0.0,0.0,0.0,0.0,0.0,0.0,0.0,0.0,0.0,0.0,0.0,0.0,0.0,0.0,0.0,0.0,0.0,0.0,0.0,0.0,0.0,0.0,0.0,0.012242328375577913,0.0,0.0,0.0,0.0,0.0,0.0,0.0,0.0,0.0,0.00543478270992635,0.0,0.0,0.0,0.00543478270992635,0.0,0.0,0.0,0.0,0.0,0.0,0.0,0.0,0.0,0.0,0.0,0.0154644940048456,0.0,0.0,0.0,0.0,0.0,0.0,0.0,0.030928988009691225,0.0,0.034390850225463475,0.0,0.41223481595516204,0.0,0.0,0.0,0.0,0.0,0.0,0.0,0.0,0.0,0.0,0.0,0.021906193966666827,0.0,0.0,0.0,0.0,0.0,0.02437653113156555,0.0,0.0,,0.0,,0.0,,0.0,,0.0,0.0,0.05219147913157936,0.0,0.042829072102904306,0.0,0.012242328375577913,0.0,0.0,0.0,0.0,,0.0,,,,,,,,0.0,,,,,,,,,,,,0.0,0.0,0.0,0.0,0.0,0.0,0.0,0.0,0.0,0.0,0.0,0.0,0.0,0.0,0.0,0.0,0.0,0.0,0.0,0.0,0.0,0.0,0.0,0.0,0.0,0.0,0.0,0.0,0.0,0.0,0.0,0.0,0.0,0.0,0.0,0.0,0.0,0.0,0.0,0.0,0.0,0.0,0.3250140119343996,0.0,0.0,,0.012242328375577913,0.0,0.0,,0.0,,0.0,,,,,,,,,,,,,,,,,,,,,,0,0,92,4
4,region_04,2024-12-07,,,,,,,,,,,,,,,0.0,0.0,,,,,,,,,,,,,,,,,,,,,,,,,0.0,0.0,,,,,,,,,,,,,0.0,0.0,0.0,0.0,0.0,0.0,0.0,0.0,0.0,0.0,0.0,0.0,,,0.0,0.0,0.0,0.0,0.0,0.0,0.0,0.0,0.0,0.0,0.0,0.0,0.0,0.0,0.0,0.0,0.0,0.0,0.0,0.0,0.0,0.0,0.0,0.0,0.0,0.0,0.0,0.0,0.0,0.0,0.0,0.0,0.0,0.0,0.0,0.0,0.0,0.0,0.0,0.0,0.0,0.0,0.0,0.0,0.0,0.0,0.0,0.0,0.0,0.0,0.0,0.0,0.0,0.0,0.024484656751155826,0.0,0.0,0.0,0.0,0.0,0.0,0.0,0.0,0.0,0.0108695654198527,0.0,0.0,0.0,0.0108695654198527,0.0,0.0,0.0,0.0,0.0,0.0,0.0,0.0,0.0,0.0,0.0,0.0,0.0,0.0,0.0,0.0,0.0,0.0,0.0,0.0,0.0,0.03785271244123575,0.0,0.3992472290992737,0.0,0.0,0.0,0.0,0.0,0.0,0.0,0.0,0.0,0.0,0.0,0.024484656751155826,0.0,0.0,0.0,0.0,0.0,0.0178240742534399,0.0,0.0,,0.0,,0.0,,0.0,,0.0,0.0,0.07345397025346752,0.0,0.0,0.0,0.024484656751155826,0.0,0.0,0.0,0.0,,0.0,,,,,,,,0.0,,,,,,,,,,,,0.0,0.0,0.0,0.0,0.0,0.0,0.0,0.0,0.0,0.0,0.0,0.0,0.0,0.0,0.0,0.0,0.0,0.0,0.0,0.0,0.0,0.0,0.0,0.0,0.0,0.0,0.0,0.0,0.0,0.0,0.0,0.0,0.0,0.0,0.0,0.0,0.0,0.0,0.0,0.0,0.0,0.0,0.3672698512673378,0.0,0.0,,0.024484656751155826,0.0,0.0,,0.0,,0.0,,,,,,,,,,,,,,,,,,,,,,0,0,92,5
4,region_04,2024-12-14,,,,,,,,,,,,,,,0.0,0.0,,,,,,,,,,,,,,,,,,,,,,,,,0.0,0.0,,,,,,,,,,,,,0.0,0.0,0.0,0.0,0.0,0.0,0.0,0.0,0.0,0.0,0.0,0.0,,,0.0,0.0,0.0,0.0,0.0,0.0,0.0,0.0,0.0,0.0,0.0,0.0,0.0,0.0,0.0,0.0,0.0,0.0,0.0,0.0,0.0,0.0,0.0,0.0,0.0,0.0,0.0,0.0,0.0,0.0,0.0,0.0,0.0,0.0,0.0,0.0,0.0,0.0,0.0,0.0,0.0,0.0,0.0,0.0,0.0,0.0,0.0,0.0,0.0,0.0,0.0,0.0,0.0,0.0,0.012242328375577913,0.0,0.0,0.0,0.0,0.0,0.0,0.0,0.0,0.0,0.00543478270992635,0.0,0.0,0.0,0.00543478270992635,0.0,0.0,0.0,0.0,0.0,0.0,0.0,0.0,0.0,0.0,0.0,0.01096048578619955,0.0,0.0,0.0,0.0,0.0,0.0,0.0,0.0,0.0,0.06440662802197035,0.0,0.3898392443855604,0.0,0.0,0.0,0.0,0.0,0.0,0.0,0.0,0.0,0.0,0.0,0.012242328375577913,0.0,0.014387301324556257,0.0,0.0,0.0,0.00891203712671995,0.0,0.0,,0.0,,0.0,,0.0,,0.0,0.0,0.04533411338925358,0.0,0.030782569820682195,0.0,0.012242328375577913,0.0,0.012689734809100609,0.0,0.0,,0.0,,,,,,,,0.0,,,,,,,,,,,,0.0,0.0,0.0,0.0,0.0,0.0,0.0,0.0,0.0,0.0,0.0,0.0,0.0,0.0,0.0,0.0,0.0,0.0,0.0,0.0,0.0,0.0,0.0,0.0,0.0,0.0,0.0,0.0,0.0,0.0,0.0,0.0,0.0,0.0,0.0,0.0,0.0,0.0,0.0,0.0,0.0,0.0,0.33939425026377046,0.0,0.012689734809100609,2.0,0.02493206318467852,0.0,0.0,,0.0,,0.0,,,,,,,,,,,,,,,,,,,,,,0,1,92,6
4,region_04,2024-12-21,,,,,,,,,,,,,,,0.0,0.0,,,,,,,,,,,,,,,,,,,,,,,,,0.0,0.0,,,,,,,,,,,,,0.0,0.0,0.0,0.0,0.0,0.0,0.0,0.0,0.0,0.0,0.0,0.0,,,0.0,0.0,0.0,0.0,0.0,0.0,0.0,0.0,0.0,0.0,0.0,0.0,0.0,0.0,0.0,0.0,0.0,0.0,0.0,0.0,0.0,0.0,0.0,0.0,0.0,0.0,0.0,0.0,0.0,0.0,0.0,0.0,0.0,0.0,0.0,0.0,0.0,0.0,0.0,0.0,0.0,0.0,0.0,0.0,0.0,0.0,0.0,0.0,0.0,0.0,0.0,0.0,0.0,0.0,0.0,0.0,0.0,0.0,0.0,0.0,0.0,0.0,0.0,0.0,0.0,0.0,0.0,0.0,0.0,0.0,0.0,0.0,0.0,0.0,0.0,0.0,0.0,0.0,0.0,0.0,0.0219209715723991,0.0,0.0,0.0,0.0,0.0,0.0,0.0,0.0,0.0,0.09096054360270495,0.0,0.38043125967184704,0.0,0.0,0.0,0.0,0.0,0.0,0.0,0.0,0.0,0.0,0.0,0.0,0.0,0.028774602649112514,0.0,0.0,0.0,0.0,0.0,0.0,,0.0,,0.0,,0.0,,0.0,0.0,0.01721425652503964,0.0,0.06156513964136439,0.0,0.0,0.0,0.025379469618201218,0.0,0.0,,0.0,,,,,,,,0.0,,,,,,,,,,,,0.0,0.0,0.0,0.0,0.0,0.0,0.0,0.0,0.0,0.0,0.0,0.0,0.0,0.0,0.0,0.0,0.0,0.0,0.0,0.0,0.0,0.0,0.0,0.0,0.0,0.0,0.0,0.0,0.0,0.0,0.0,0.0,0.0,0.0,0.0,0.0,0.0,0.0,0.0,0.0,0.0,0.0,0.31151864926020306,0.0,0.025379469618201218,0.0,0.025379469618201218,0.0,0.0,,0.0,,0.0,,,,,,,,,,,,,,,,,,,,,,0,0,93,7
4,region_04,2024-12-28,,,,,,,,,,,,,,,0.0,0.0,,,,,,,,,,,,,,,,,,,,,,,,,0.0,0.0,,,,,,,,,,,,,0.0,0.0,0.0,0.0,0.0,0.0,0.0,0.0,0.0,0.0,0.0,0.0,,,0.0,0.0,0.0,0.0,0.0,0.0,0.0,0.0,0.0,0.0,0.0,0.0,0.0,0.0,0.0,0.0,0.0,0.0,0.0,0.0,0.0,0.0,0.0,0.0,0.0,0.0,0.0,0.0,0.0,0.0,0.0,0.0,0.0,0.0,0.0,0.0,0.0,0.0,0.0,0.0,0.0,0.0,0.0,0.0,0.0,0.0,0.0,0.0,0.0,0.0,0.0,0.0,0.0,0.0,0.0,0.0,0.0,0.0,0.0,0.0,0.0,0.0,0.0,0.0,0.0,0.0,0.0,0.0,0.0076923076994717,0.0,0.0,0.0,0.0,0.0,0.0,0.0,0.0,0.0,0.0,0.0,0.01642984035424885,0.0,0.0,0.0,0.0,0.0,0.0,0.0,0.0071342355571687,0.0,0.061287204548716494,0.0,0.3710121010740598,0.0,0.0,0.0,0.0,0.0,0.0,0.0,0.0,0.0,0.0,0.0,0.0045979198378821,0.0,0.035790008275459174,0.0,0.0,0.0,0.014336570243661575,0.0,0.006978872232139083,2.0,0.00689687975682315,2.0,0.0,,0.0,,0.0,0.0,0.05417129397392271,0.0,0.04505104093501962,0.0,0.01864395495504139,0.0,0.01815908937714991,0.0,0.0,,0.0,,,,,,,,0.00689687975682315,2.0,,,,,,,,,,,0.0,0.0,0.0,0.0,0.0,0.0,0.0,0.0,0.0,0.0,0.0,0.0,0.0,0.0,0.0,0.0,0.0,0.0,0.0,0.0,0.0,0.0,0.0,0.0,0.0,0.0,0.0,0.0,0.0,0.0,0.0,0.0,0.0,0.0,0.0,0.0,0.0,0.0,0.0,0.0,0.0,0.0,0.29585975408554077,0.0,0.012689734809100609,0.0,0.012689734809100609,0.0,0.013989435043185925,2.0,0.0,,0.0,,,,,,,,,,,,,,,,,,,,,,0,4,93,8
4,region_04,2025-01-04,,,,,,,,,,,,,,,0.0,0.0,,,,,,,,,,,,,,,,,,,,,,,,,0.0,0.0,,,,,,,,,,,,,0.0,0.0,0.0,0.0,0.0,0.0,0.0,0.0,0.0,0.0,0.0,0.0,,,0.0,0.0,0.0,0.0,0.0,0.0,0.0,0.0,0.0,0.0,0.0,0.0,0.0,0.0,0.0,0.0,0.0,0.0,0.0,0.0,0.0,0.0,0.0,0.0,0.0,0.0,0.0,0.0,0.0,0.0,0.0,0.0,0.0,0.0,0.0,0.0,0.0,0.0,0.0,0.0,0.0,0.0,0.0,0.0,0.0,0.0,0.0,0.0,0.0,0.0,0.0,0.0,0.0,0.0,0.0,0.0,0.0,0.0,0.0,0.0,0.0,0.0,0.0,0.0,0.0,0.0,0.0,0.0,0.0153846153989434,0.0,0.0,0.0,0.0,0.0,0.0,0.0,0.0,0.0,0.0,0.0,0.010938709136098599,0.0,0.0,0.0,0.0,0.0,0.0,0.0,0.0142684711143374,0.0,0.03161386549472804,0.0,0.36159294247627255,0.0,0.0,0.0,0.0,0.0,0.0,0.0,0.0,0.0,0.0,0.0,0.0091958396757642,0.0,0.04280541390180584,0.0,0.0,0.0,0.02867314048732315,0.0,0.013957744464278166,0.0,0.0137937595136463,0.0,0.0,,0.0,,0.0,0.0,0.09112833142280577,0.0,0.02853694222867484,0.0,0.03728790991008278,0.0,0.010938709136098599,0.0,0.0,,0.0,,,,,,,,0.0137937595136463,0.0,,,,,,,,,,,0.0,0.0,0.0,0.0,0.0,0.0,0.0,0.0,0.0,0.0,0.0,0.0,0.0,0.0,0.0,0.0,0.0,0.0,0.0,0.0,0.0,0.0,0.0,0.0,0.0,0.0,0.0,0.0,0.0,0.0,0.0,0.0,0.0,0.0,0.0,0.0,0.0,0.0,0.0,0.0,0.0,0.0,0.2802008589108785,0.0,0.0,0.0,0.0,0.0,0.02797887008637185,0.0,0.0,,0.0,,,,,,,,,,,,,,,,,,,,,,0,0,97,9
4,region_04,2025-01-11,,,,,,,,,,,,,,,0.0,0.0,,,,,,,,,,,,,,,,,,,,,,,,,0.0,0.0,,,,,,,,,,,,,0.0,0.0,0.0,0.0,0.0,0.0,0.0,0.0,0.0,0.0,0.0,0.0,,,0.0,0.0,0.0,0.0,0.0,0.0,0.0,0.0,0.0,0.0,0.0,0.0,0.0,0.0,0.0,0.0,0.0,0.0,0.0,0.0,0.0,0.0,0.0,0.0,0.0,0.0,0.0,0.0,0.0,0.0,0.0,0.0,0.0,0.0,0.0,0.0,0.0,0.0,0.0,0.0,0.0,0.0,0.0,0.0,0.0,0.0,0.0,0.0,0.0,0.0,0.0,0.0,0.0,0.0,0.0,0.0,0.0,0.0,0.0,0.0,0.0,0.0,0.02963341251015662,0.0,0.0,0.0,0.0,0.0,0.0076923076994717,0.0,0.0,0.0,0.0,0.0,0.0,0.0,0.0,0.0,0.0,0.0,0.0054693545680492995,0.0,0.0,0.0,0.0,0.0,0.0,0.0,0.0071342355571687,0.0,0.03803199231624599,0.0,0.30110402479767795,0.0,0.0,0.0,0.0,0.0,0.0054957221727818,0.0,0.0,0.0,0.0,0.0,0.016516075314333002,0.0,0.02881106007844205,0.0,0.0,0.0,0.026315112210189243,0.0,0.006978872232139083,0.0,0.013992290478199651,0.0,0.0,,0.0,,0.0,0.0,0.08544409573078154,0.0,0.02167682424187655,0.0,0.04086901452392336,0.0,0.011182090616784962,0.0,0.0,,0.0,,,,,,,,0.00689687975682315,0.0,,,,,,,,,,,0.0,0.0,0.0,0.0,0.0,0.0,0.0,0.0,0.0,0.0,0.0,0.0,0.0,0.0,0.0,0.0,0.0,0.0,0.0,0.0,0.0,0.0,0.0,0.0,0.0,0.0,0.0,0.0,0.0,0.0,0.0,0.0,0.0,0.0,0.0,0.0,0.0,0.0,0.0,0.0,0.0,0.0,0.348134808242321,0.0,0.0,0.0,0.00740835312753913,0.0,0.013989435043185925,0.0,0.0,,0.0,,,,,,,,,,,,,,,,,,,,,,0,0,97,10
4,region_04,2025-01-18,,,,,,,,,,,,,,,0.0,0.0,,,,,,,,,,,,,,,,,,,,,,,,,0.0,0.0,,,,,,,,,,,,,0.0,0.0,0.0,0.0,0.0,0.0,0.0,0.0,0.0,0.0,0.0,0.0,,,0.0,0.0,0.0,0.0,0.0,0.0,0.0,0.0,0.0,0.0,0.0,0.0,0.0,0.0,0.0,0.0,0.0,0.0,0.0,0.0,0.0,0.0,0.0,0.0,0.0,0.0,0.0,0.0,0.0,0.0,0.0,0.0,0.0,0.0,0.0,0.0,0.0,0.0,0.0,0.0,0.0,0.0,0.0,0.0,0.0,0.0,0.0,0.0,0.0,0.0,0.0,0.0,0.0,0.0,0.0,0.0,0.0,0.0,0.0,0.0,0.0,0.0,0.05926682502031324,0.0,0.0,0.0,0.0,0.0,0.0,0.0,0.0,0.0,0.0,0.0,0.0,0.0,0.0,0.0,0.0,0.0,0.0,0.0,0.0,0.0,0.0,0.0,0.0,0.0,0.0,0.0,0.04445011913776394,0.0,0.24061510711908335,0.0,0.0,0.0,0.0,0.0,0.0109914443455636,0.0,0.0,0.0,0.0,0.0,0.023836310952901802,0.0,0.01481670625507826,0.0,0.0,0.0,0.02395708393305534,0.0,0.0,0.0,0.014190821442753,0.0,0.0,,0.0,,0.0,0.0,0.0797598600387573,0.0,0.01481670625507826,0.0,0.04445011913776394,0.0,0.011425472097471325,0.0,0.0,,0.0,,,,,,,,0.0,0.0,,,,,,,,,,,0.0,0.0,0.0,0.0,0.0,0.0,0.0,0.0,0.0,0.0,0.0,0.0,0.0,0.0,0.0,0.0,0.0,0.0,0.0,0.0,0.0,0.0,0.0,0.0,0.0,0.0,0.0,0.0,0.0,0.0,0.0,0.0,0.0,0.0,0.0,0.0,0.0,0.0,0.0,0.0,0.0,0.0,0.41606875757376355,0.0,0.0,0.0,0.01481670625507826,0.0,0.0,0.0,0.0,,0.0,,,,,,,,,,,,,,,,,,,,,,0,0,97,11
4,region_04,2025-01-25,,,,,,,,,,,,,,,0.0,0.0,,,,,,,,,,,,,,,,,,,,,,,,,0.0,0.0,,,,,,,,,,,,,0.0,0.0,0.0,0.0,0.0,0.0,0.0,0.0,0.0,0.0,0.0,0.0,,,0.0,0.0,0.0,0.0,0.0,0.0,0.0,0.0,0.0,0.0,0.0,0.0,0.0,0.0,0.0,0.0,0.0,0.0,0.0,0.0,0.0,0.0,0.0,0.0,0.0,0.0,0.0,0.0,0.0,0.0,0.0,0.0,0.0,0.0,0.0,0.0,0.0,0.0,0.0,0.0,0.0,0.0,0.0,0.0,0.0,0.0,0.0,0.0,0.0,0.0,0.0,0.0,0.0,0.0,0.0,0.0,0.0,0.0,0.0,0.0,0.0,0.0,0.05770587692303314,0.0,0.0,0.0,0.0,0.0,0.0,0.0,0.0,0.0,0.0,0.0,0.0,0.0,0.0,0.0,0.0,0.0,0.0,0.0,0.0,0.0,0.0,0.0,0.0,0.0,0.0,0.0,0.033227288297244445,0.0,0.18475256328071862,0.0,0.0,0.0,0.0,0.0,0.014673557132482484,0.0,0.0,0.0,0.0,0.0,0.011918155476450901,0.0,0.024647125335676277,0.0,0.0,0.0,0.029714149306528218,0.0,0.01040156688541172,0.0,0.013117865310050488,0.0,0.0,,0.0,,0.0,0.0,0.1062365905514785,0.0,0.035480817540415654,0.0,0.037364794007901596,0.0,0.005712736048735663,0.0,0.0,,0.0,,,,,,,,0.0,0.0,,,,,,,,,,,0.0,0.0,0.0,0.0,0.0,0.0,0.0,0.0,0.0,0.0,0.0,0.0,0.0,0.0,0.0,0.0,0.0,0.0,0.0,0.0,0.0,0.0,0.0,0.0,0.0,0.0,0.0,0.0,0.0,0.0,0.0,0.0,0.0,0.0,0.0,0.0,0.0,0.0,0.0,0.0,0.0,0.0,0.4235238003588858,0.0,0.004934220907411386,0.0,0.013476360948490194,0.0,0.0,0.0,0.0,,0.0,,,,,,,,,,,,,,,,,,,,,,0,0,97,12
4,region_04,2025-02-01,,,,,,,,,,,,,,,0.0,0.0,,,,,,,,,,,,,,,,,,,,,,,,,0.0,0.0,,,,,,,,,,,,,0.0,0.0,0.0,0.0,0.0,0.0,0.0,0.0,0.0,0.0,0.0,0.0,,,0.0,0.0,0.0,0.0,0.0,0.0,0.0,0.0,0.0,0.0,0.0,0.0,0.0,0.0,0.0,0.0,0.0,0.0,0.0,0.0,0.0,0.0,0.0,0.0,0.0,0.0,0.0,0.0,0.0,0.0,0.0,0.0,0.0,0.0,0.0,0.0,0.0,0.0,0.0,0.0,0.0,0.0,0.0,0.0,0.0,0.0,0.0,0.0,0.0,0.0,0.0,0.0,0.0,0.0,0.0,0.0,0.0,0.0,0.0,0.0,0.0,0.0,0.056144928825753046,0.0,0.0,0.0,0.0,0.0,0.0,0.0,0.0,0.0,0.0,0.0,0.0,0.0,0.0,0.0,0.0,0.0,0.0,0.0,0.0,0.0,0.0,0.0,0.0,0.0,0.0,0.0,0.022004457456724944,0.0,0.1288900194423539,0.0,0.0,0.0,0.0,0.0,0.018355669919401366,0.0,0.0,0.0,0.0,0.0,0.0,0.0,0.0344775444162743,0.0,0.0,0.0,0.0354712146800011,0.0,0.02080313377082344,0.0,0.012044909177347976,0.0,0.0,,0.0,,0.0,0.0,0.1327133210641997,0.0,0.056144928825753046,0.0,0.030279468878039246,0.0,0.0,0.0,0.0,,0.0,,,,,,,,0.0,0.0,,,,,,,,,,,0.0,0.0,0.0,0.0,0.0,0.0,0.0,0.0,0.0,0.0,0.0,0.0,0.0,0.0,0.0,0.0,0.0,0.0,0.0,0.0,0.0,0.0,0.0,0.0,0.0,0.0,0.0,0.0,0.0,0.0,0.0,0.0,0.0,0.0,0.0,0.0,0.0,0.0,0.0,0.0,0.0,0.0,0.4309788431440081,0.0,0.009868441814822772,0.0,0.012136015641902129,0.0,0.0,0.0,0.0,,0.0,,,,,,,,,,,,,,,,,,,,,,0,0,97,13
4,region_04,2025-02-08,,,,,,,,,,,,,,,0.0,0.0,,,,,,,,,,,,,,,,,,,,,,,,,0.0,0.0,,,,,,,,,,,,,0.0,0.0,0.0,0.0,0.0,0.0,0.0,0.0,0.0,0.0,0.0,0.0,,,0.0,0.0,0.0,0.0,0.0,0.0,0.0,0.0,0.0,0.0,0.0,0.0,0.0,0.0,0.0,0.0,0.0,0.0,0.0,0.0,0.0,0.0,0.0,0.0,0.0,0.0,0.0,0.0,0.0,0.0,0.0,0.0,0.0,0.0,0.0,0.0,0.0,0.0,0.0,0.0,0.0,0.0,0.0,0.0,0.0,0.0,0.0,0.0,0.0,0.0,0.0,0.0,0.0,0.0,0.0,0.0,0.0033453766567011502,0.0,0.0,0.0,0.0,0.0,0.03681379740702961,0.0,0.0033453766567011502,0.0,0.0,0.0,0.0,0.0,0.0,0.0,0.0,0.0,0.0,0.0,0.0,0.0,0.0,0.0,0.0,0.0,0.0,0.0,0.0,0.0,0.0,0.0,0.0,0.0,0.0384804365624274,0.0,0.11441157319183858,0.0,0.0,0.0,0.0,0.0,0.009177834959700683,0.0,0.0,0.0,0.0,0.0,0.0,0.0,0.01723877220813715,0.0,0.0,0.0,0.021481398687077033,0.0,0.01040156688541172,0.0,0.011019110796041738,0.0,0.0,,0.0,,0.0,0.0,0.20634960791184787,0.0,0.04368446408105744,0.0,0.03833986856486821,0.0,0.0076485791554053335,0.0,0.0,,0.0,,,,,,,,0.0,0.0,,,,,,,,,,,0.0,0.0,0.0,0.0,0.0,0.0,0.0,0.0,0.0,0.0,0.0,0.0,0.0,0.0,0.0,0.0,0.0,0.0,0.0,0.0,0.0,0.0,0.0,0.0,0.0,0.0,0.0,0.0,0.0,0.0,0.0,0.0,0.0,0.0,0.0,0.0,0.0,0.0,0.0,0.0,0.0,0.0,0.4240065855639321,0.0,0.009251695924571545,0.0,0.006068007820951064,0.0,0.0,0.0,0.0,,0.0,,,,,,,,,,,,,,,,,,,,,,0,0,97,14
4,region_04,2025-02-15,,,,,,,,,,,,,,,0.0,0.0,,,,,,,,,,,,,,,,,,,,,,,,,0.0,0.0,,,,,,,,,,,,,0.0,0.0,0.0,0.0,0.0,0.0,0.0,0.0,0.0,0.0,0.0,0.0,,,0.0,0.0,0.0,0.0,0.0,0.0,0.0,0.0,0.0,0.0,0.0,0.0,0.0,0.0,0.0,0.0,0.0,0.0,0.0,0.0,0.0,0.0,0.0,0.0,0.0,0.0,0.0,0.0,0.0,0.0,0.0,0.0,0.0,0.0,0.0,0.0,0.0,0.0,0.0,0.0,0.0,0.0,0.0,0.0,0.0,0.0,0.0,0.0,0.0,0.0,0.0,0.0,0.0,0.0,0.0,0.0,0.0066907533134023004,0.0,0.0,0.0,0.0,0.0,0.017482665988306167,0.0,0.0066907533134023004,0.0,0.0,0.0,0.0,0.0,0.0,0.0,0.0,0.0,0.0,0.0,0.0,0.0,0.0,0.0,0.0,0.0,0.0,0.0,0.0,0.0,0.0,0.0,0.0,0.0,0.054956415668129865,0.0,0.09993312694132325,0.0,0.0,0.0,0.0,0.0,0.0,0.0,0.0,0.0,0.0,0.0,0.0,0.0,0.0,0.0,0.0,0.0,0.007491582694152967,0.0,0.0,0.0,0.0099933124147355,0.0,0.0,,0.0,,0.0,0.0,0.27998589475949603,0.0,0.031223999336361833,0.0,0.046400268251697165,0.0,0.015297158310810667,0.0,0.0,,0.0,,,,,,,,0.0,0.0,,,,,,,,,,,0.0,0.0,0.0,0.0,0.0,0.0,0.0,0.0,0.0,0.0,0.0,0.0,0.0,0.0,0.0,0.0,0.0,0.0,0.0,0.0,0.0,0.0,0.0,0.0,0.0,0.0,0.0,0.0,0.0,0.0,0.0,0.0,0.0,0.0,0.0,0.0,0.0,0.0,0.0,0.0,0.0,0.0,0.4170343279838562,0.0,0.008634950034320316,0.0,0.0,0.0,0.0,0.0,0.0,,0.0,,,,,,,,,,,,,,,,,,,,,,0,0,97,15
4,region_04,2025-02-22,,,,,,,,,,,,,,,0.0,0.0,,,,,,,,,,,,,,,,,,,,,,,,,0.0,0.0,,,,,,,,,,,,,0.0,0.0,0.0,0.0,0.0,0.0,0.0,0.0,0.0,0.0,0.0,0.0,,,0.0,0.0,0.0,0.0,0.0,0.0,0.0,0.0,0.0,0.0,0.0,0.0,0.0,0.0,0.0,0.0,0.0,0.0,0.0,0.0,0.0,0.0,0.0,0.0,0.0,0.0,0.0,0.0,0.0,0.0,0.0,0.0,0.0,0.0,0.0,0.0,0.0,0.0,0.0,0.0,0.0,0.0,0.0,0.0,0.0,0.0,0.0,0.0,0.0,0.0,0.0,0.0,0.0,0.0,0.0,0.0,0.0033453766567011502,0.0,0.0,0.0,0.0,0.0,0.008741332994153084,0.0,0.0033453766567011502,0.0,0.0,0.0,0.0,0.0,0.0,0.0,0.0,0.0,0.0,0.0,0.0,0.0,0.0,0.0,0.0,0.0,0.0,0.0,0.0,0.0,0.0,0.0,0.0,0.0,0.03442533323541278,0.0,0.10814841333776709,0.0,0.0,0.0,0.0,0.0,0.0,0.0,0.0,0.0,0.0,0.0,0.0,0.0,0.02778850160539149,0.0,0.0,0.0,0.026150081803401285,0.0,0.0,0.0,0.032527756644412834,0.0,0.0,,0.006899505155161,2.0,0.0,0.0,0.28580536047617594,0.0,0.036453375779092266,0.0,0.05098863573124007,0.0,0.018822174736609014,0.0,0.006947125401347851,2.0,0.0,,,,,,,,0.0,0.0,,,,,,,,,,,0.0,0.0,0.0,0.0,0.0,0.0,0.0,0.0,0.0,0.0,0.0,0.0,0.0,0.0,0.0,0.0,0.0,0.0,0.0,0.0,0.0,0.0,0.0,0.0,0.0,0.0,0.0,0.0,0.0,0.0,0.0,0.0,0.0,0.0,0.0,0.0,0.0,0.0,0.0,0.0,0.0,0.0,0.31272404491901395,0.0,0.011264600418508009,0.0,0.02084137611091135,0.0,0.01389425080269573,0.0,0.0,,0.0,,,,,,,,,,,,,,,,,,,,,,0,2,97,16
4,region_04,2025-03-01,,,,,,,,,,,,,,,0.0,0.0,,,,,,,,,,,,,,,,,,,,,,,,,0.0,0.0,,,,,,,,,,,,,0.0,0.0,0.0,0.0,0.0,0.0,0.0,0.0,0.0,0.0,0.0,0.0,,,0.0,0.0,0.0,0.0,0.0,0.0,0.0,0.0,0.0,0.0,0.0,0.0,0.0,0.0,0.0,0.0,0.0,0.0,0.0,0.0,0.0,0.0,0.0,0.0,0.0,0.0,0.0,0.0,0.0,0.0,0.0,0.0,0.0,0.0,0.0,0.0,0.0,0.0,0.0,0.0,0.0,0.0,0.0,0.0,0.0,0.0,0.0,0.0,0.0,0.0,0.0,0.0,0.0,0.0,0.0,0.0,0.0,0.0,0.0,0.0,0.0,0.0,0.0,0.0,0.0,0.0,0.0,0.0,0.0,0.0,0.0,0.0,0.0,0.0,0.0,0.0,0.0,0.0,0.0,0.0,0.0,0.0,0.0,0.0,0.0,0.0,0.0,0.0,0.0,0.0,0.013894250802695702,0.0,0.11636369973421094,0.0,0.0,0.0,0.0,0.0,0.0,0.0,0.0,0.0,0.0,0.0,0.0,0.0,0.05557700321078298,0.0,0.0,0.0,0.0448085809126496,0.0,0.0,0.0,0.05506220087409017,0.0,0.0,,0.013799010310322,0.0,0.0,0.0,0.29162482619285585,0.0,0.0416827522218227,0.0,0.05557700321078298,0.0,0.02234719116240736,0.0,0.013894250802695702,0.0,0.0,,,,,,,,0.0,0.0,,,,,,,,,,,0.0,0.0,0.0,0.0,0.0,0.0,0.0,0.0,0.0,0.0,0.0,0.0,0.0,0.0,0.0,0.0,0.0,0.0,0.0,0.0,0.0,0.0,0.0,0.0,0.0,0.0,0.0,0.0,0.0,0.0,0.0,0.0,0.0,0.0,0.0,0.0,0.0,0.0,0.0,0.0,0.0,0.0,0.20841376185417176,0.0,0.013894250802695702,0.0,0.0416827522218227,0.0,0.02778850160539146,0.0,0.0,,0.0,,,,,,,,,,,,,,,,,,,,,,0,0,99,17
4,region_04,2025-03-08,,,,,,,,,,,,,,,0.0,0.0,,,,,,,,,,,,,,,,,,,,,,,,,0.0,0.0,,,,,,,,,,,,,0.0,0.0,0.0,0.0,0.0,0.0,0.0,0.0,0.0,0.0,0.0,0.0,,,0.0,0.0,0.0,0.0,0.0,0.0,0.0,0.0,0.0,0.0,0.0,0.0,0.0,0.0,0.0,0.0,0.0,0.0,0.0,0.0,0.0,0.0,0.0,0.0,0.0,0.0,0.0,0.0,0.0,0.0,0.0,0.0,0.0,0.0,0.0,0.0,0.0,0.0,0.0,0.0,0.0,0.0,0.0,0.0,0.0,0.0,0.0,0.0,0.0,0.0,0.0,0.0,0.0,0.0,0.0,0.0,0.0,0.0,0.0,0.0,0.0,0.0,0.0,0.0,0.0,0.0,0.0,0.0,0.0,0.0,0.0,0.0,0.0,0.0,0.0,0.0,0.0,0.0,0.0,0.0,0.0,0.0,0.0,0.0,0.0,0.0,0.0,0.0,0.0,0.0,0.006947125401347851,0.0,0.08762192130088803,0.0,0.0,0.0,0.0,0.0,0.0,0.0,0.0,0.0,0.0,0.0,0.0,0.0,0.06449091006070372,0.0,0.0,0.0,0.03637742521241303,0.0,0.014626714400947077,0.0,0.04715781472623345,0.0,0.0,,0.006899505155161,0.0,0.0,0.0,0.3416016399860382,0.0,0.04455198906362053,0.0,0.06704193018376824,0.0,0.01117359558120368,0.0,0.014209462190046863,0.0,0.0,,,,,,,,0.0,0.0,,,,,,,,,,,0.0,0.0,0.0,0.0,0.0,0.0,0.0,0.0,0.0,0.0,0.0,0.0,0.0,0.0,0.0,0.0,0.0,0.0,0.0,0.0,0.0,0.0,0.0,0.0,0.0,0.0,0.0,0.0,0.0,0.0,0.0,0.0,0.0,0.0,0.0,0.0,0.0,0.0,0.0,0.0,0.0,0.0,0.19118958413600917,0.0,0.01887944368645543,0.0,0.02084137611091135,0.0,0.02370760794728989,0.0,0.00968311571826535,2.0,0.0,,,,,,,,,,,,,,,,,,,,,,0,1,99,18
4,region_04,2025-03-15,,,,,,,,,,,,,,,0.0,0.0,,,,,,,,,,,,,,,,,,,,,,,,,0.0,0.0,,,,,,,,,,,,,0.0,0.0,0.0,0.0,0.0,0.0,0.0,0.0,0.0,0.0,0.0,0.0,,,0.0,0.0,0.0,0.0,0.0,0.0,0.0,0.0,0.0,0.0,0.0,0.0,0.0,0.0,0.0,0.0,0.0,0.0,0.0,0.0,0.0,0.0,0.0,0.0,0.0,0.0,0.0,0.0,0.0,0.0,0.0,0.0,0.0,0.0,0.0,0.0,0.0,0.0,0.0,0.0,0.0,0.0,0.0,0.0,0.0,0.0,0.0,0.0,0.0,0.0,0.0,0.0,0.0,0.0,0.0,0.0,0.0,0.0,0.0,0.0,0.0,0.0,0.0,0.0,0.0,0.0,0.0,0.0,0.0,0.0,0.0,0.0,0.0,0.0,0.0,0.0,0.0,0.0,0.0,0.0,0.0,0.0,0.0,0.0,0.0,0.0,0.0,0.0,0.0,0.0,0.0,0.0,0.0588801428675651,0.0,0.0,0.0,0.0,0.0,0.0,0.0,0.0,0.0,0.0,0.0,0.0,0.0,0.07340481691062445,0.0,0.0,0.0,0.027946269512176457,0.0,0.029253428801894153,0.0,0.03925342857837673,0.0,0.0,,0.0,0.0,0.0,0.0,0.3915784537792205,0.0,0.04742122590541836,0.0,0.07850685715675348,0.0,0.0,0.0,0.014524673577398025,0.0,0.0,,,,,,,,0.0,0.0,,,,,,,,,,,0.0,0.0,0.0,0.0,0.0,0.0,0.0,0.0,0.0,0.0,0.0,0.0,0.0,0.0,0.0,0.0,0.0,0.0,0.0,0.0,0.0,0.0,0.0,0.0,0.0,0.0,0.0,0.0,0.0,0.0,0.0,0.0,0.0,0.0,0.0,0.0,0.0,0.0,0.0,0.0,0.0,0.0,0.1739654064178466,0.0,0.02386463657021516,0.0,0.0,0.0,0.019626714289188326,0.0,0.0193662314365307,0.0,0.0,,,,,,,,,,,,,,,,,,,,,,0,0,100,19
4,region_04,2025-03-22,,,,,,,,,,,,,,,0.0,0.0,,,,,,,,,,,,,,,,,,,,,,,,,0.0,0.0,,,,,,,,,,,,,0.0,0.0,0.0,0.0,0.0,0.0,0.0,0.0,0.0,0.0,0.0,0.0,,,0.0,0.0,0.0,0.0,0.0,0.0,0.0,0.0,0.0,0.0,0.0,0.0,0.0,0.0,0.0,0.0,0.0,0.0,0.0,0.0,0.0,0.0,0.0,0.0,0.0,0.0,0.0,0.0,0.0,0.0,0.0,0.0,0.0,0.0,0.0,0.0,0.0,0.0,0.0,0.0,0.0,0.0,0.0,0.0,0.0,0.0,0.0,0.0,0.0,0.0,0.0,0.0,0.0,0.0,0.0,0.0,0.0,0.0,0.0,0.0,0.0,0.0,0.0,0.0,0.0,0.0,0.0,0.0,0.0,0.0,0.0,0.0,0.0,0.0,0.0,0.0,0.0,0.0,0.0,0.0,0.0,0.0,0.0,0.0,0.0,0.0,0.0,0.0,0.0,0.0,0.01597579531371591,0.0,0.062344741076230954,0.0,0.0,0.0,0.0,0.0,0.0,0.0,0.0,0.0,0.0,0.0,0.0,0.0,0.04791611246764654,0.0,0.0,0.0,0.025186838768422547,0.0,0.030602509714662985,0.0,0.019626714289188364,0.0,0.0,,0.0,0.0,0.0,0.0,0.3585438430309295,0.0,0.032651589624583685,0.0,0.10103711858391755,0.0,0.0,0.0,0.015250234445556964,0.0,0.0,,,,,,,,0.0,0.0,,,,,,,,,,,0.0,0.0,0.0,0.0,0.0,0.0,0.0,0.0,0.0,0.0,0.0,0.0,0.0,0.0,0.0,0.0,0.0,0.0,0.0,0.0,0.0,0.0,0.0,0.0,0.0,0.0,0.0,0.0,0.0,0.0,0.0,0.0,0.0,0.0,0.0,0.0,0.0,0.0,0.0,0.0,0.0,0.0,0.2086149483919143,0.0,0.0231460222974419,0.0,0.01920160166919228,0.0,0.02901495881378644,0.0,0.00968311571826535,0.0,0.0,,,,,,,,,,,,,,,,,,,,,,0,0,100,20
4,region_04,2025-03-29,,,,,,,,,,,,,,,0.0,0.0,,,,,,,,,,,,,,,,,,,,,,,,,0.0,0.0,,,,,,,,,,,,,0.0,0.0,0.0,0.0,0.0,0.0,0.0,0.0,0.0,0.0,0.0,0.0,,,0.0,0.0,0.0,0.0,0.0,0.0,0.0,0.0,0.0,0.0,0.0,0.0,0.0,0.0,0.0,0.0,0.0,0.0,0.0,0.0,0.0,0.0,0.0,0.0,0.0,0.0,0.0,0.0,0.0,0.0,0.0,0.0,0.0,0.0,0.0,0.0,0.0,0.0,0.0,0.0,0.0,0.0,0.0,0.0,0.0,0.0,0.0,0.0,0.0,0.0,0.0,0.0,0.0,0.0,0.0,0.0,0.0,0.0,0.0,0.0,0.0,0.0,0.0,0.0,0.0,0.0,0.0,0.0,0.0,0.0,0.0,0.0,0.0,0.0,0.0,0.0,0.0,0.0,0.0,0.0,0.0,0.0,0.0,0.0,0.0,0.0,0.0,0.0,0.0,0.0,0.03195159062743182,0.0,0.06580933928489681,0.0,0.0,0.0,0.0,0.0,0.0,0.0,0.0,0.0,0.0,0.0,0.0,0.0,0.022427408024668638,0.0,0.0,0.0,0.022427408024668638,0.0,0.03195159062743182,0.0,0.0,0.0,0.0,,0.0,0.0,0.0,0.0,0.3255092322826385,0.0,0.017881953343749,0.0,0.12356738001108161,0.0,0.0,0.0,0.0159757953137159,0.0,0.0,,,,,,,,0.0,0.0,,,,,,,,,,,0.0,0.0,0.0,0.0,0.0,0.0,0.0,0.0,0.0,0.0,0.0,0.0,0.0,0.0,0.0,0.0,0.0,0.0,0.0,0.0,0.0,0.0,0.0,0.0,0.0,0.0,0.0,0.0,0.0,0.0,0.0,0.0,0.0,0.0,0.0,0.0,0.0,0.0,0.0,0.0,0.0,0.0,0.24326449036598202,0.0,0.022427408024668638,0.0,0.03840320333838456,0.0,0.03840320333838456,0.0,0.0,0.0,0.0,,,,,,,,,,,,,,,,,,,,,,0,0,100,21
4,region_04,2025-04-05,,,,,,,,,,,,,,,0.0,0.0,,,,,,,,,,,,,,,,,,,,,,,,,0.0,0.0,,,,,,,,,,,,,0.0,0.0,0.0,0.0,0.0,0.0,0.0,0.0,0.0,0.0,0.0,0.0,,,0.0,0.0,0.0,0.0,0.0,0.0,0.0,0.0,0.0,0.0,0.0,0.0,0.0,0.0,0.0,0.0,0.0,0.0,0.0,0.0,0.0,0.0,0.0,0.0,0.0,0.0,0.0,0.0,0.0,0.0,0.0,0.0,0.0,0.0,0.0,0.0,0.0,0.0,0.0,0.0,0.0,0.0,0.0,0.0,0.0,0.0,0.0,0.0,0.0,0.0,0.0,0.0,0.0,0.0,0.0,0.0,0.0,0.0,0.0,0.0,0.0,0.0,0.0,0.0,0.0,0.0,0.0,0.0,0.0,0.0,0.0,0.0,0.0,0.0,0.0,0.0,0.0,0.0,0.0,0.0,0.0,0.0,0.0,0.0,0.0,0.0,0.0,0.0,0.0,0.0,0.01597579531371591,0.0,0.07354575768113134,0.0,0.0,0.0,0.0,0.0,0.0,0.0,0.0,0.0,0.0,0.0,0.0,0.0,0.011213704012334319,0.0,0.0,0.0,0.011213704012334319,0.0,0.03592699682340022,0.0,0.013547029346227625,0.0,0.0,,0.0,0.0,0.0,0.0,0.46669203639030454,0.0,0.0089409766718745,0.0,0.10242477804422373,0.0,0.0,0.0,0.00798789765685795,0.0,0.0,,,,,,,,0.0,0.0,,,,,,,,,,,0.0,0.0,0.0,0.0,0.0,0.0,0.0,0.0,0.0,0.0,0.0,0.0,0.0,0.0,0.0,0.0,0.0,0.0,0.0,0.0,0.0,0.0,0.0,0.0,0.0,0.0,0.0,0.0,0.0,0.0,0.0,0.0,0.0,0.0,0.0,0.0,0.0,0.0,0.0,0.0,0.0,0.0,0.18936739191412924,0.0,0.011213704012334319,0.0,0.0327486310154199,0.0,0.01920160166919228,0.0,0.0,0.0,0.0,,,,,,,,,,,,,,,,,,,,,,0,0,100,22
4,region_04,2025-04-12,,,,,,,,,,,,,,,0.0,0.0,,,,,,,,,,,,,,,,,,,,,,,,,0.0,0.0,,,,,,,,,,,,,0.0,0.0,0.0,0.0,0.0,0.0,0.0,0.0,0.0,0.0,0.0,0.0,,,0.0,0.0,0.0,0.0,0.0,0.0,0.0,0.0,0.0,0.0,0.0,0.0,0.0,0.0,0.0,0.0,0.0,0.0,0.0,0.0,0.0,0.0,0.0,0.0,0.0,0.0,0.0,0.0,0.0,0.0,0.0,0.0,0.0,0.0,0.0,0.0,0.0,0.0,0.0,0.0,0.0,0.0,0.0,0.0,0.0,0.0,0.0,0.0,0.0,0.0,0.0,0.0,0.0,0.0,0.0,0.0,0.0,0.0,0.0,0.0,0.0,0.0,0.0,0.0,0.0,0.0,0.0,0.0,0.0,0.0,0.0,0.0,0.0,0.0,0.0,0.0,0.0,0.0,0.0,0.0,0.0,0.0,0.0,0.0,0.0,0.0,0.0,0.0,0.0,0.0,0.0,0.0,0.08128217607736585,0.0,0.0,0.0,0.0,0.0,0.0,0.0,0.0,0.0,0.0,0.0,0.0,0.0,0.0,0.0,0.0,0.0,0.0,0.0,0.03990240301936862,0.0,0.02709405869245525,0.0,0.0,,0.0,0.0,0.0,0.0,0.6078748404979706,0.0,0.0,0.0,0.08128217607736585,0.0,0.0,0.0,0.0,0.0,0.0,,,,,,,,0.0,0.0,,,,,,,,,,,0.0,0.0,0.0,0.0,0.0,0.0,0.0,0.0,0.0,0.0,0.0,0.0,0.0,0.0,0.0,0.0,0.0,0.0,0.0,0.0,0.0,0.0,0.0,0.0,0.0,0.0,0.0,0.0,0.0,0.0,0.0,0.0,0.0,0.0,0.0,0.0,0.0,0.0,0.0,0.0,0.0,0.0,0.13547029346227646,0.0,0.0,0.0,0.02709405869245525,0.0,0.0,0.0,0.0,0.0,0.0,,,,,,,,,,,,,,,,,,,,,,0,0,100,23
4,region_04,2025-04-19,,,,,,,,,,,,,,,0.0,0.0,,,,,,,,,,,,,,,,,,,,,,,,,0.0,0.0,,,,,,,,,,,,,0.0,0.0,0.0,0.0,0.0,0.0,0.0,0.0,0.0,0.0,0.0,0.0,,,0.0,0.0,0.0,0.0,0.0,0.0,0.0,0.0,0.0,0.0,0.0,0.0,0.0,0.0,0.0,0.0,0.0,0.0,0.0,0.0,0.0,0.0,0.0,0.0,0.0,0.0,0.0,0.0,0.0,0.0,0.0,0.0,0.0,0.0,0.0,0.0,0.0,0.0,0.0,0.0,0.0,0.0,0.0,0.0,0.0,0.0,0.0,0.0,0.0,0.0,0.0,0.0,0.0,0.0,0.0,0.0,0.0,0.0,0.0,0.0,0.0,0.0,0.0,0.0,0.0,0.0,0.0,0.0,0.0,0.0,0.0,0.0,0.0,0.0,0.0,0.0,0.0,0.0,0.0,0.0,0.0,0.0,0.0,0.0,0.0,0.0,0.0,0.0,0.0,0.0,0.0,0.0,0.040641088038682924,0.0,0.0,0.0,0.0,0.0,0.0,0.0,0.0,0.0,0.0,0.0,0.0,0.0,0.0,0.0,0.0,0.0,0.0,0.0,0.01995120150968431,0.0,0.013547029346227625,0.0,0.0,,0.0,0.0,0.0,0.0,0.3039374202489853,0.0,0.0,0.0,0.040641088038682924,0.0,0.0,0.0,0.0,0.0,0.0,,,,,,,,0.0,0.0,,,,,,,,,,,0.0,0.0,0.0,0.0,0.0,0.0,0.0,0.0,0.0,0.0,0.0,0.0,0.0,0.0,0.0,0.0,0.0,0.0,0.0,0.0,0.0,0.0,0.0,0.0,0.0,0.0,0.0,0.0,0.0,0.0,0.0,0.0,0.0,0.0,0.0,0.0,0.0,0.0,0.0,0.0,0.0,0.0,0.06773514673113823,0.0,0.0,0.0,0.013547029346227625,0.0,0.0,0.0,0.0,0.0,0.0,,,,,,,,,,,,,,,,,,,,,,0,0,100,24
4,region_04,2025-04-26,,,,,,,,,,,,,,,0.0,0.0,,,,,,,,,,,,,,,,,,,,,,,,,0.0,0.0,,,,,,,,,,,,,0.0,0.0,0.0,0.0,0.0,0.0,0.0,0.0,0.0,0.0,0.0,0.0,,,0.0,0.0,0.0,0.0,0.0,0.0,0.0,0.0,0.0,0.0,0.0,0.0,0.0,0.0,0.0,0.0,0.0,0.0,0.0,0.0,0.0,0.0,0.0,0.0,0.0,0.0,0.0,0.0,0.0,0.0,0.0,0.0,0.0,0.0,0.0,0.0,0.0,0.0,0.0,0.0,0.0,0.0,0.0,0.0,0.0,0.0,0.0,0.0,0.0,0.0,0.0,0.0,0.0,0.0,0.0,0.0,0.0,0.0,0.0,0.0,0.0,0.0,0.0,0.0,0.0,0.0,0.0,0.0,0.0,0.0,0.0,0.0,0.0,0.0,0.0,0.0,0.0,0.0,0.0,0.0,0.0,0.0,0.0,0.0,0.0,0.0,0.0,0.0,0.0,0.0,0.0,0.0,0.0,0.0,0.0,0.0,0.0,0.0,0.0,0.0,0.0,0.0,0.0,0.0,0.0,0.0,0.0,0.0,0.0,0.0,0.0,0.0,0.0,0.0,0.0,0.0,0.0,,0.0,0.0,0.0,0.0,0.0,0.0,0.0,0.0,0.0,0.0,0.0,0.0,0.0,0.0,0.0,,,,,,,,0.0,0.0,,,,,,,,,,,0.0,0.0,0.0,0.0,0.0,0.0,0.0,0.0,0.0,0.0,0.0,0.0,0.0,0.0,0.0,0.0,0.0,0.0,0.0,0.0,0.0,0.0,0.0,0.0,0.0,0.0,0.0,0.0,0.0,0.0,0.0,0.0,0.0,0.0,0.0,0.0,0.0,0.0,0.0,0.0,0.0,0.0,0.0,0.0,0.0,0.0,0.0,0.0,0.0,0.0,0.0,0.0,0.0,,,,,,,,,,,,,,,,,,,,,,0,0,100,25
4,region_04,2025-05-03,,,,,,,,,,,,,,,0.0,0.0,,,,,,,,,,,,,,,,,,,,,,,,,0.0,0.0,,,,,,,,,,,,,0.0,0.0,0.0,0.0,0.0,0.0,0.0,0.0,0.0,0.0,0.0,0.0,,,0.0,0.0,0.0,0.0,0.0,0.0,0.0,0.0,0.0,0.0,0.0,0.0,0.0,0.0,0.0,0.0,0.0,0.0,0.0,0.0,0.0,0.0,0.0,0.0,0.0,0.0,0.0,0.0,0.0,0.0,0.0,0.0,0.0,0.0,0.0,0.0,0.0,0.0,0.0,0.0,0.0,0.0,0.0,0.0,0.0,0.0,0.0,0.0,0.0,0.0,0.0,0.0,0.0,0.0,0.0,0.0,0.0,0.0,0.0,0.0,0.0,0.0,0.0,0.0,0.0,0.0,0.0,0.0,0.0,0.0,0.0,0.0,0.0,0.0,0.0,0.0,0.0,0.0,0.0,0.0,0.0,0.0,0.0,0.0,0.0,0.0,0.0,0.0,0.0,0.0,0.0,0.0,0.0,0.0,0.0,0.0,0.0,0.0,0.0,0.0,0.0,0.0,0.0,0.0,0.0,0.0,0.0,0.0,0.0,0.0,0.0,0.0,0.0,0.0,0.0,0.0,0.0,,0.1666666716337204,0.0,0.0,0.0,0.3333333432674408,0.0,0.0,0.0,0.0,0.0,0.0,0.0,0.0,0.0,0.0,,,,,,,,0.0,0.0,,,,,,,,,,,0.0,0.0,0.0,0.0,0.0,0.0,0.0,0.0,0.0,0.0,0.0,0.0,0.0,0.0,0.0,0.0,0.0,0.0,0.0,0.0,0.0,0.0,0.0,0.0,0.0,0.0,0.0,0.0,0.0,0.0,0.0,0.0,0.0,0.0,0.0,0.0,0.0,0.0,0.0,0.0,0.0,0.0,0.0,0.0,0.0,0.0,0.0,0.0,0.0,0.0,0.0,0.0,0.0,,,,,,,,,,,,,,,,,,,,,,0,0,100,26
4,region_04,2025-05-10,,,,,,,,,,,,,,,0.0,0.0,,,,,,,,,,,,,,,,,,,,,,,,,0.0,0.0,,,,,,,,,,,,,0.0,0.0,0.0,0.0,0.0,0.0,0.0,0.0,0.0,0.0,0.0,0.0,,,0.0,0.0,0.0,0.0,0.0,0.0,0.0,0.0,0.0,0.0,0.0,0.0,0.0,0.0,0.0,0.0,0.0,0.0,0.0,0.0,0.0,0.0,0.0,0.0,0.0,0.0,0.0,0.0,0.0,0.0,0.0,0.0,0.0,0.0,0.0,0.0,0.0,0.0,0.0,0.0,0.0,0.0,0.0,0.0,0.0,0.0,0.0,0.0,0.0,0.0,0.0,0.0,0.0,0.0,0.0,0.0,0.0,0.0,0.0,0.0,0.0,0.0,0.0,0.0,0.0,0.0,0.0,0.0,0.0,0.0,0.0,0.0,0.0,0.0,0.0,0.0,0.0,0.0,0.0,0.0,0.0,0.0,0.0,0.0,0.0,0.0,0.0,0.0,0.0,0.0,0.0,0.0,0.0,0.0,0.0,0.0,0.0,0.0,0.0,0.0,0.0,0.0,0.0,0.0,0.0,0.0,0.0,0.0,0.0,0.0,0.0,0.0,0.0,0.0,0.0,0.0,0.0,,0.3333333432674408,0.0,0.0,0.0,0.6666666865348816,0.0,0.0,0.0,0.0,0.0,0.0,0.0,0.0,0.0,0.0,,,,,,,,0.0,0.0,,,,,,,,,,,0.0,0.0,0.0,0.0,0.0,0.0,0.0,0.0,0.0,0.0,0.0,0.0,0.0,0.0,0.0,0.0,0.0,0.0,0.0,0.0,0.0,0.0,0.0,0.0,0.0,0.0,0.0,0.0,0.0,0.0,0.0,0.0,0.0,0.0,0.0,0.0,0.0,0.0,0.0,0.0,0.0,0.0,0.0,0.0,0.0,0.0,0.0,0.0,0.0,0.0,0.0,0.0,0.0,,,,,,,,,,,,,,,,,,,,,,0,0,100,27
4,region_04,2025-05-17,,,,,,,,,,,,,,,0.0,0.0,,,,,,,,,,,,,,,,,,,,,,,,,0.0,0.0,,,,,,,,,,,,,0.0,0.0,0.0,0.0,0.0,0.0,0.0,0.0,0.0,0.0,0.0,0.0,,,0.0,0.0,0.0,0.0,0.0,0.0,0.0,0.0,0.0,0.0,0.0,0.0,0.0,0.0,0.0,0.0,0.0,0.0,0.0,0.0,0.0,0.0,0.0,0.0,0.0,0.0,0.0,0.0,0.0,0.0,0.0,0.0,0.0,0.0,0.0,0.0,0.0,0.0,0.0,0.0,0.0,0.0,0.0,0.0,0.0,0.0,0.0,0.0,0.0,0.0,0.0,0.0,0.0,0.0,0.0,0.0,0.0,0.0,0.0,0.0,0.0,0.0,0.0,0.0,0.0,0.0,0.0,0.0,0.0,0.0,0.0,0.0,0.0,0.0,0.0,0.0,0.0,0.0,0.0,0.0,0.0,0.0,0.0,0.0,0.0,0.0,0.0,0.0,0.0,0.0,0.0,0.0,0.0,0.0,0.0,0.0,0.0,0.0,0.0,0.0,0.0,0.0,0.0,0.0,0.0,0.0,0.0,0.0,0.0,0.0,0.0,0.0,0.0,0.0,0.0,0.0,0.0,,0.1666666716337204,0.0,0.0,0.0,0.3333333432674408,0.0,0.0,0.0,0.0,0.0,0.0,0.0,0.0,0.0,0.0,,,,,,,,0.0,0.0,,,,,,,,,,,0.0,0.0,0.0,0.0,0.0,0.0,0.0,0.0,0.0,0.0,0.0,0.0,0.0,0.0,0.0,0.0,0.0,0.0,0.0,0.0,0.0,0.0,0.0,0.0,0.0,0.0,0.0,0.0,0.0,0.0,0.0,0.0,0.0,0.0,0.0,0.0,0.0,0.0,0.0,0.0,0.0,0.0,0.0,0.0,0.0,0.0,0.0,0.0,0.0,0.0,0.0,0.0,0.0,,,,,,,,,,,,,,,,,,,,,,0,0,100,28
4,region_04,2025-05-24,,,,,,,,,,,,,,,0.0,0.0,,,,,,,,,,,,,,,,,,,,,,,,,0.0,0.0,,,,,,,,,,,,,0.0,0.0,0.0,0.0,0.0,0.0,0.0,0.0,0.0,0.0,0.0,0.0,,,0.0,0.0,0.0,0.0,0.0,0.0,0.0,0.0,0.0,0.0,0.0,0.0,0.0,0.0,0.0,0.0,0.0,0.0,0.0,0.0,0.0,0.0,0.0,0.0,0.0,0.0,0.0,0.0,0.0,0.0,0.0,0.0,0.0,0.0,0.0,0.0,0.0,0.0,0.0,0.0,0.0,0.0,0.0,0.0,0.0,0.0,0.0,0.0,0.0,0.0,0.0,0.0,0.0,0.0,0.0,0.0,0.0,0.0,0.0,0.0,0.0,0.0,0.0,0.0,0.0,0.0,0.0,0.0,0.0,0.0,0.0,0.0,0.0,0.0,0.0,0.0,0.0,0.0,0.0,0.0,0.0,0.0,0.0,0.0,0.0,0.0,0.0,0.0,0.0,0.0,0.0,0.0,0.0,0.0,0.0,0.0,0.0,0.0,0.0,0.0,0.0,0.0,0.0,0.0,0.0,0.0,0.0,0.0,0.0,0.0,0.0,0.0,0.0,0.0,0.0,0.0,0.0,,0.0,0.0,0.0,0.0,0.0,0.0,0.0,0.0,0.0,0.0,0.0,0.0,0.0,0.0,0.0,,,,,,,,0.0,0.0,,,,,,,,,,,0.0,0.0,0.0,0.0,0.0,0.0,0.0,0.0,0.0,0.0,0.0,0.0,0.0,0.0,0.0,0.0,0.0,0.0,0.0,0.0,0.0,0.0,0.0,0.0,0.0,0.0,0.0,0.0,0.0,0.0,0.0,0.0,0.0,0.0,0.0,0.0,0.0,0.0,0.0,0.0,0.0,0.0,0.0,0.0,0.0,0.0,0.0,0.0,0.0,0.0,0.0,0.0,0.0,,,,,,,,,,,,,,,,,,,,,,0,0,100,29
4,region_04,2025-05-31,,,,,,,,,,,,,,,,,,,,,,,,,,,,,,,,,,,,,,,,,,,,,,,,,,,,,,,,,,,,,,,,,,,,,,,,,,,,,,,,,,,,,,,,,,,,,,,,,,,,,,,,,,,,,,,,,,,,,,,,,,,0.0004105090296694143,0.0,,,,,,,0.01282051298767325,0.0,,,,,,,,,,,,,,,,,,,,,,,,,,,,,0.01282051298767325,0.0,,,,,,,,,,,,,,,,,0.002057613184054683,0.0,0.01282051298767325,0.0,0.0009009009227156599,0.0,0.004115226368109384,2.0,0.01282051298767325,0.0,,,0.4166666716337204,0.0,,,0.01282051298767325,0.0,,,,,0.02564102597534655,2.0,,,,,,,,,,,,,,,,,,,,,,,,,,,,,,,,,,,,,,,,,,,,,,,,,,,,,,,,,,,,,0.01282051298767325,0.0,,,,,,,0.02564102597534655,0.0,0.01282051298767325,1.0,,,,,,,,,,,,,,,,,,,,,1,2,11,0
4,region_04,2025-06-07,,,,,,,,,,,,,,,,,,,,,,,,,,,,,,,,,,,,,,,,,,,,,,,,,,,,,,,,,,,,,,,,,,,,,,,,,,,,,,,,,,,,,,,,,,,,,,,,,,,,,,,,,,,,,,,,,,,,,,,,,,,0.0008210180593388286,0.0,,,,,,,0.0256410259753465,0.0,,,,,,,,,,,,,,,,,,,,,,,,,,,,,0.0256410259753465,0.0,,,,,,,,,,,,,,,,,0.004115226368109366,0.0,0.0256410259753465,0.0,0.0018018018454313198,0.0,0.008230452736218767,0.0,0.0256410259753465,0.0,,,0.8333333432674408,0.0,,,0.0256410259753465,0.0,,,,,0.0512820519506931,0.0,0.0256410259753465,2.0,,,,,,,,,,,,,,,,,,,,,,,,,,,,,,,,,,,,,,,,,,,,,,,,,,,,,,,,,,,0.0256410259753465,0.0,,,,,,,0.0512820519506931,0.0,0.0256410259753465,0.0,,,,,,,,,,,,,,,,,,,,,0,1,14,1
4,region_04,2025-06-14,,,,,,,,,,,,,,,,,,,,,,,,,,,,,,,,,,,,,,,,,,,,,,,,,,,,,,,,,,,,,,,,,,,,,,,,,,,,,,,,,,,,,,,,,,,,,,,,,,,,,,,,,,,,,,,,,,,,,,,,,,,0.0012315270890082429,0.0,,,,,,,,,,,,,,,,,,,,,,,,,,,,,,,,,,,,,,,,,,,,,,,,,,,,,,,0.00617283955216405,0.0,,,0.0027027027681469796,0.0,0.012345679104328152,0.0,0.02540360903367395,0.0,,,0.6774691417813301,0.0,,,0.023983201012015273,0.0,,,,,0.07250860705971715,0.0,0.03405931438319379,0.0,,,,,,,,,,,,,,,,,,,,,,,,,,,,,,,,,,,,,,,,,,,,,,,,,,,,,,,,,,,0.0223171892575919,0.0,,,,,,,0.0689399344846606,0.0,0.14268756052479142,0.0,,,,,,,,,,,,,,,,,,,,,0,0,12,2
4,region_04,2025-06-21,,,,,,,,,,,,,,,,,,,,,,,,,,,,,,,,,,,,,,,,,,,,,,,,,,,,,,,,,,,,,,,,,,,,,,,,,,,,,,,,,,,,,,,,,,,,,,,,,,,,,,,,,,,,,,,,,,,,,,,,,,,0.0016420361186776573,0.0,,,,,,,,,,,,,,,,,,,,,,,,,,,,,,,,,,,,,,,,,,,,,,,,,,,,,,,0.008230452736218733,0.0,,,0.0036036036908626396,0.0,0.016460905472437535,0.0,0.0251661920920014,0.0,,,0.5216049402952194,0.0,,,0.02232537604868405,0.0,,,,,0.0937351621687412,0.0,0.04247760279104108,0.0,,,,,,,,,,,,,,,,,,,,,,,,,,,,,,,,,,,,,,,,,,,,,,,,,,,,,,,,,,,0.018993352539837298,0.0,,,,,,,0.0865978170186281,0.0,0.25973409507423634,0.0,,,,,,,,,,,,,,,,,,,,,0,0,12,3
4,region_04,2025-06-28,,,,,,,,,,,,,,,,,,,,,,,,,,,,,,,,,,,,,,,,,,,,,,,,,,,,,,,,,,,,,,,,,,,,,,,,,,,,,,,,,,,,,,,,,,,,,,,,,,,,,,,,,,,,,,,,,,,,,,,,,,,0.0020525451483470714,0.0,,,,,,,,,,,,,,,,,,,,,,,,,,,,,,,,,,,,,,,,,,,,,,,,,,,,,,,0.010288065920273416,0.0,,,0.0045045046135783,0.0,0.020576131840546918,0.0,0.02492877515032885,0.0,,,0.36574073880910873,0.0,,,0.020667551085352825,0.0,,,,,0.11496171727776525,0.0,0.05089589119888838,0.0,,,,,,,,,,,,,,,,,,,,,,,,,,,,,,,,,,,,,,,,,,,,,,,,,,,,,,,,,,,0.0156695158220827,0.0,,,,,,,0.10425569955259562,0.0,0.3767806296236813,0.0,,,,,,,,,,,,,,,,,,,,,0,0,12,4
4,region_04,2025-07-05,,,,,,,,,,,,,,,,,,,,,,,,,,,,,,,,,,,,,,,,,,,,,,,,,,,,,,,,,,,,,,,,,,,,,,,,,,,,,,,,,,,,,,,,,,,,,,,,,,,,,,,,,,,,,,,,,,,,,,,,,,,0.0024630541780164858,0.0,,,,,,,,,,,,,,,,,,,,,,,,,,,,,,,,,,,,,,,,,,,,,,,,,,,,,,,0.0123456791043281,0.0,,,0.005405405536293959,0.0,0.0246913582086563,0.0,0.0246913582086563,0.0,,,0.209876537322998,0.0,,,0.0190097261220216,0.0,,,,,0.1361882723867893,0.0,0.05931417960673567,0.0,,,,,,,0.0123456791043281,1.0,,,,,,,,,,,,,,,,,,,,,,,,,,,,,,,,,,,,,,,,,,,,,,,,,,,0.0123456791043281,0.0,,,,,,,0.12191358208656311,0.0,0.4938271641731262,0.0,,,,,,,0.0246913582086563,1.0,,,,,,,,,,,,,2,0,12,0
4,region_04,2025-07-12,,,,,,,,,,,,,,,,,,,,,,,,,,,,,,,,,,,,,,,,,,,,,,,,,,,,,,,,,,,,,,,,,,,,,,,,,,,,,,,,,,,,,,,,,,,,,,,,,,,,,,,,,,,,,,,,,,,,,,,,,,,0.0028735632076859,0.0,,,,,,,,,,,,,,,,,,,,,,,,,,,,,,,,,,,,,,,,,,,,,,,,,,,,,,,0.011511511635035224,0.0,,,0.00630630645900962,0.0,,,0.020770770963281376,0.0,,,0.20245244726538653,0.0,,,0.017351901158690376,0.0,,,,,0.12897415086627004,0.0,0.06773246801458296,0.0,,,,,,,0.018070153736819777,0.0,,,,,,,,,,,,,,,,,,,,,,,,,,,,,,,,,,,,,,,,,,,,,,,,,,,0.01223925082013005,0.0,,,,,,,0.09593969117850062,0.0,0.5167667716741562,0.0,,,,,,,0.023861769936047477,0.0,,,,,,,,,,,,,0,0,13,1
4,region_04,2025-07-19,,,,,,,,,,,,,,,,,,,,,,,,,,,,,,,,,,,,,,,,,,,,,,,,,,,,,,,,,,,,,,,,,,,,,,,,,,,,,,,,,,,,,,,,,,,,,,,,,,,,,,,,,,,,,,,,,,,,,,,,,,,0.0032840722373553145,0.0,,,,,,,,,,,,,,,,,,,,,,,,,,,,,,,,,,,,,,,,,,,,,,,,,,,,,,,0.010677344165742349,0.0,,,0.007207207381725279,0.0,,,0.01685018371790645,0.0,,,0.19502835720777506,0.0,,,0.01569407619535915,0.0,,,,,0.12176002934575078,0.0,0.07615075642243024,0.0,,,,,,,0.02379462836931145,0.0,,,,,,,,,,,,,,,,,,,,,,,,,,,,,,,,,,,,,,,,,,,,,,,,,,,0.012132822535932,0.0,,,,,,,0.06996580027043815,0.0,0.5397063791751862,0.0,,,,,,,0.02303218166343865,0.0,,,,,,,,,,,,,0,0,13,2
4,region_04,2025-07-26,,,,,,,,,,,,,,,,,,,,,,,,,,,,,,,,,,,,,,,,,,,,,,,,,,,,,,,,,,,,,,,,,,,,,,,,,,,,,,,,,,,,,,,,,,,,,,,,,,,,,,,,,,,,,,,,,,,,,,,,,,,0.003694581267024729,0.0,,,,,,,,,,,,,,,,,,,,,,,,,,,,,,,,,,,,,,,,,,,,,,,,,,,,,,,0.009843176696449475,0.0,,,0.008108108304440939,0.0,,,0.012929596472531526,0.0,,,0.18760426715016357,0.0,,,0.014036251232027924,0.0,,,,,0.11454590782523151,0.0,0.08456904483027754,0.0,,,,,,,0.029519103001803125,0.0,,,,,,,,,,,,,,,,,,,,,,,,,,,,,,,,,,,,,,,,,,,,,,,,,,,0.012026394251733949,0.0,,,,,,,0.043991909362375674,0.0,0.5626459866762161,0.0,,,,,,,0.022202593390829826,0.0,,,,,,,,,,,,,0,0,13,3
4,region_04,2025-08-02,,,,,,,,,,,,,,,,,,,,,,,,,,,,,,,,,,,,,,,,,,,,,,,,,,,,,,,,,,,,,,,,,,,,,,,,,,,,,,,,,,,,,,,,,,,,,,,,,,,,,,,,,,,,,,,,,,,,,,,,,,,0.004105090296694143,0.0,,,,,,,,,,,,,,,,,,,,,,,,,,,,,,,,,,,,,,,,,,,,,,,,,,,,,,,0.0090090092271566,0.0,,,0.0090090092271566,0.0,,,0.0090090092271566,0.0,,,0.1801801770925521,0.0,,,0.0123784262686967,0.0,,,,,0.10733178630471225,0.0,0.09298733323812483,0.0,,,,,,,0.0352435776342948,0.0,,,,,,,,,,,,,,,,,,,,,,,,,,,,,,,,,,,,,,,,,,,,,,,,,,,0.0119199659675359,0.0,,,,,,,0.0180180184543132,0.0,0.5855855941772461,0.0,,,,,,,0.021373005118221003,0.0,,,,,0.0090090092271566,2.0,,,,,,,0,1,13,4
4,region_04,2025-08-09,,,,,,,,,,,,,,,,,,,,,,,,,,,,,,,,,,,,,,,,,,,,,,,,,,,,,,,,,,,,,,,,,,,,,,,,,,,,,,,,,,,,,,,,,,,,,,,,,,,,,,,,,,,,,,,,,,,,,,,,,,,0.004515599326363557,0.0,,,,,,,,,,,,,,,,,,,,,,,,,,,,,,,,,,,,,,,,,,,,,,,,,,,,,,,0.019418973010033334,0.0,,,,,,,,,,,0.1581953736022114,0.0,,,0.010720601305365476,0.0,,,,,0.10205056425184006,0.0,0.09408437702804802,0.0,,,,,,,0.027869464829564053,0.0,,,,,,,,,,,,,,,,,,,,,,,,,,,,,,,,,,,,,,,,,,,,,,,,,,,0.01181353768333785,0.0,,,,,,,0.029454699903726504,0.0,0.5665573634207248,0.0,,,,,,,0.020543416845612176,0.0,,,,,0.0081935385242104,0.0,,,,,,,0,0,12,5
4,region_04,2025-08-16,,,,,,,,,,,,,,,,,,,,,,,,,,,,,,,,,,,,,,,,,,,,,,,,,,,,,,,,,,,,,,,,,,,,,,,,,,,,,,,,,,,,,,,,,,,,,,,,,,,,,,,,,,,,,,,,,,,,,,,,,,,0.0049261083560329716,0.0,,,,,,,,,,,,,,,,,,,,,,,,,,,,,,,,,,,,,,,,,,,,,,,,,,,,,,,0.029828936792910064,0.0,,,,,,,,,,,0.1362105701118707,0.0,,,0.00906277634203425,0.0,,,,,0.09676934219896788,0.0,0.09518142081797121,0.0,,,,,,,0.020495352024833303,0.0,,,,,,,,,,,,,,,,,,,,,,,,,,,,,,,,,,,,,,,,,,,,,,,,,,,0.0117071093991398,0.0,,,,,,,0.040891381353139813,0.0,0.5475291326642037,0.0,,,,,,,0.019713828573003352,0.0,,,,,0.007378067821264199,0.0,,,,,,,0,0,12,6
4,region_04,2025-08-23,,,,,,,,,,,,,,,,,,,,,,,,,,,,,,,,,,,,,,,,,,,,,,,,,,,,,,,,,,,,,,,,,,,,,,,,,,,,,,,,,,,,,,,,,,,,,,,,,,,,,,,,,,,,,,,,,,,,,,,,,,,0.005336617385702386,0.0,,,,,,,,,,,,,,,,,,,,,,,,,,,,,,,,,,,,,,,,,,,,,,,,,,,,,,,0.0402389005757868,0.0,,,,,,,,,,,0.11422576662153,0.0,,,0.007404951378703025,0.0,,,,,0.0914881201460957,0.0,0.09627846460789438,0.0,,,,,,,0.01312123922010255,0.0,,,,,,,,,,,,,,,,,,,,,,,,,,,,,,,,,,,,,,,,,,,,,,,,,,,0.011600681114941749,0.0,,,,,,,0.052328062802553116,0.0,0.5285009019076825,0.0,,,,,,,0.018884240300394525,0.0,,,,,0.006562597118318,0.0,,,,,,,0,0,12,7
4,region_04,2025-08-30,,,,,,,,,,,,,,,,,,,,,,,,,,,,,,,,,,,,,,,,,,,,,,,,,,,,,,,,,,,,,,,,,,,,,,,,,,,,,,,,,,,,,,,,,,,,,,,,,,,,,,,,,,,,,,,,,,,,,,,,,,,0.0057471264153718,0.0,,,,,,,,,,,,,,,,,,,,,,,,,,,,,,,,,,,,,,,,,,,,,,,,,,,,,,,0.05064886435866353,0.0,,,,,,,,,,,0.0922409631311893,0.0,,,0.0057471264153718,0.0,,,,,0.0862068980932235,0.0,0.09737550839781757,0.0,,,,,,,0.0057471264153718,0.0,,,,,,,,,,,,,,,,,,,,,,,,,,,,,,,,,,,,,,,,,,,,,,,,,,,0.0114942528307437,0.0,,,,,,,0.06376474425196642,0.0,0.5094726711511612,0.0,,,,,,,0.0180546520277857,0.0,,,,,0.0057471264153718,0.0,,,0.0114942528307437,2.0,0.0057471264153718,2.0,0,2,12,8
4,region_04,2025-09-06,,,,,,,,,,,,,,,,,,,,,,,,,,,,,,,,,,,,,,,,,,,,,,,,,,,,,,,,,,,,,,,,,,,,,,,,,,,,,,,,,,,,,,,,,,,,,,,,,,,,,,,,,,,,,,,,,,,,,,,,,,,,,,,,,,,,,,,,,,,,,,,,,,,,,,,,,,,,,,,,,,,,,,,,,,,,,,,,,,,0.06105882814154027,0.0,,,,,,,,,,,0.08472203034907574,0.0,,,,,,,,,0.08713989779353136,0.0,,,,,,,,,0.021192528714891433,0.0,,,,,,,,,,,,,,,,,,,,,,,,,,,,,,,,,,,,,,,,,,,,,,,,,,,,,,,,,,,,,0.572712167352438,0.0,,,,,,,0.024224140727892453,0.0,,,,,0.01392966676503412,0.0,,,0.013991516238699271,0.0,0.009758141756589832,0.0,0,0,9,9
4,region_04,2025-09-13,,,,,,,,,,,,,,,,,,,,,,,,,,,,,,,,,,,,,,,,,,,,,,,,,,,,,,,,,,,,,,,,,,,,,,,,,,,,,,,,,,,,,,,,,,,,,,,,,,,,,,,,,,,,,,,,,,,,,,,,,,,,,,,,,,,,,,,,,,,,,,,,,,,,,,,,,,,,,,,,,,,,,,,,,,,,,,,,,,,0.071468791924417,0.0,,,,,,,,,,,0.0772030975669622,0.0,,,,,,,,,0.0880728974938392,0.0,,,,,,,,,0.03663793101441106,0.0,,,,,,,,,,,,,,,,,,,,,,,,,,,,,,,,,,,,,,,,,,,,,,,,,,,,,,,,,,,,,0.6359516635537148,0.0,,,,,,,0.0303936294279992,0.0,,,,,0.02211220711469644,0.0,,,0.016488779646654843,0.0,0.013769157097807863,0.0,0,0,9,10
4,region_04,2025-09-20,,,,,,,,,,,,,,,,,,,,,,,,,,,,,,,,,,,,,,,,,,,,,,,,,,,,,,,,,,,,,,,,,,,,,,,,,,,,,,,,,,,,,,,,,,,,,,,,,,,,,,,,,,,,,,,,,,,,,,,,,,,,,,,,,,,,,,,,,,,,,,,,,,,,,,,,,,,,,,,,,,,,,,,,,,,,,,,,,,,0.08187875570729373,0.0,,,,,,,,,,,0.06968416478484865,0.0,,,,,,,,,0.08900589719414706,0.0,,,,,,,,,0.052083333313930696,0.0,,,,,,,,,,,,,,,,,,,,,,,,,,,,,,,,,,,,,,,,,,,,,,,,,,,,,,,,,,,,,0.6991911597549916,0.0,,,,,,,0.03656311812810595,0.0,,,,,0.03029474746435876,0.0,,,0.01898604305461041,0.0,0.017780172439025896,0.0,0,0,9,11
4,region_04,2025-09-27,,,,,,,,,,,,,,,,,,,,,,,,,,,,,,,,,,,,,,,,,,,,,,,,,,,,,,,,,,,,,,,,,,,,,,,,,,,,,,,,,,,,,,,,,,,,,,,,,,,,,,,,,,,,,,,,,,,,,,,,,,,,,,,,,,,,,,,,,,,,,,,,,,,,,,,,,,,,,,,,,,,,,,,,,,,,,,,,,,,0.09228871949017046,0.0,,,,,,,,,,,0.06216523200273509,0.0,,,,,,,,,0.08993889689445492,0.0,,,,,,,,,0.06752873561345032,0.0,,,,,,,,,,,,,,,,,,,,,,,,,,,,,,,,,,,,,,,,,,,,,,,,,,,,,,,,,,,,,0.7624306559562684,0.0,,,,,,,0.0427326068282127,0.0,,,,,0.03847728781402108,0.0,0.0212765950709581,2.0,0.021483306462565983,0.0,0.02179118778024393,0.0,0,1,9,12
4,region_04,2025-10-04,,,,,,,,,,,,,,,,,,,,,,,,,,,,,,,,,,,,,,,,,,,,,,,,,,,,,,,,,,,,,,,,,,,,,,,,,,,,,,,,,,,,,,,,,,,,,,,,,,,,,,,,,,,,,,,,,,,,,,,,,,,,,,,,,,,,,,,,,,,,,,,,,,,,,,,,,,,,,,,,,,,,,,,,,,,,,,,,,,,0.1026986832730472,0.0,,,,,,,,,,,0.08138321470469231,0.0,,,,,,,,,0.1279700470467408,0.0,,,,,,,,,0.08297413791296995,0.0,,,,,,,,,,,,,,,,,,,,,,,,,,,,,,,,,,,,,,,,,,,,,,,,,,,,,,,,,,,,,0.7389856934547425,0.0,,,,,,,0.06548446584492919,0.0,,,,,,,,,0.023980569870521554,0.0,0.02580220312146196,0.0,0,0,8,13
4,region_04,2025-10-11,,,,,,,,,,,,,,,,,,,,,,,,,,,,,,,,,,,,,,,,,,,,,,,,,,,,,,,,,,,,,,,,,,,,,,,,,,,,,,,,,,,,,,,,,,,,,,,,,,,,,,,,,,,,,,,,,,,,,,,,,,,,,,,,,,,,,,,,,,,,,,,,,,,,,,,,,,,,,,,,,,,,,,,,,,,,,,,,,,,0.11310864705592394,0.0,,,,,,,,,,,0.10060119740664955,0.0,,,,,,,,,0.16600119719902673,0.0,,,,,,,,,0.0984195402124896,0.0,,,,,,,,,,,,,,,,,,,,,,,,,,,,,,,,,,,,,,,,,,,,,,,,,,,,,,,,,,,,,0.7155407309532166,0.0,,,,,,,0.08823632486164568,0.0,,,,,,,,,0.026477833278477123,0.0,0.02981321846267999,0.0,0,0,8,14
4,region_04,2025-10-18,,,,,,,,,,,,,,,,,,,,,,,,,,,,,,,,,,,,,,,,,,,,,,,,,,,,,,,,,,,,,,,,,,,,,,,,,,,,,,,,,,,,,,,,,,,,,,,,,,,,,,,,,,,,,,,,,,,,,,,,,,,,,,,,,,,,,,,,,,,,,,,,,,,,,,,,,,,,,,,,,,,,,,,,,,,,,,,,,,,0.12351861083880067,0.0,,,,,,,,,,,0.11981918010860679,0.0,,,,,,,,,0.20403234735131265,0.0,,,,,,,,,0.11386494251200922,0.0,,,,,,,,,,,,,,,,,,,,,,,,,,,,,,,,,,,,,,,,,,,,,,,,,,,,,,,,,,,,,0.6920957684516906,0.0,,,,,,,0.11098818387836215,0.0,,,,,,,,,0.028975096686432694,0.0,0.03382423380389803,0.0,0,0,8,15
4,region_04,2025-10-25,,,,,,,,,,,,,,,,,,,,,,,,,,,,,,,,,,,,,,,,,,,,,,,,,,,,,,,,,,,,,,,,,,,,,,,,,,,,,,,,,,,,,,,,,,,,,,,,,,,,,,,,,,,,,,,,,,,,,,,,,,,,,,,,,,,,,,,,,,,,,,,,,,,,,,,,,,,,,,,,,,,,,,,,,,,,,,,,,,,0.1339285746216774,0.0,,,,,,,,,,,0.139037162810564,0.0,,,,,,,,,0.24206349750359854,0.0,,,,,,,,,0.12931034481152887,0.0,,,,,,,,,,,,,,,,,,,,,,,,,,,,,,,,,,,,,,,,,,,,,,,,,,,,,,,,,,,,,0.6686508059501648,0.0,,,,,,,0.13374004289507863,0.0,,,,,,,,,0.031472360094388266,0.0,0.03783524914511605,0.0,0,0,8,16
4,region_04,2025-11-01,,,,,,,,,,,,,,,,,,,,,,,,,,,,,,,,,,,,,,,,,,,,,,,,,,,,,,,,,,,,,,,,,,,,,,,,,,,,,,,,,,,,,,,,,,,,,,,,,,,,,,,,,,,,,,,,,,,,,,,,,,,,,,,,,,,,,,,,,,,,,,,,,,,,,,,,,,,,,,,,,,,,,,,,,,,,,,,,,,,,,,,,,,,,,,,0.15825514551252123,0.0,,,,,,,,,0.20427489653229713,0.0,,,,,,,,,0.1447557471110485,0.0,,,,,,,,,,,,,,,,,,,,,,,,,,,,,,,,,,,,,,,,,,,,,,,,,,,,,,,,,,,,,0.6766774989664555,0.0,,,,,,,0.15649190191179513,0.0,,,,,,,,,0.03396962350234384,0.0,0.041846264486334085,0.0,0,0,7,17
4,region_04,2025-11-08,,,,,,,,,,,,,,,,,,,,,,,,,,,,,,,,,,,,,,,,,,,,,,,,,,,,,,,,,,,,,,,,,,,,,,,,,,,,,,,,,,,,,,,,,,,,,,,,,,,,,,,,,,,,,,,,,,,,,,,,,,,,,,,,,,,,,,,,,,,,,,,,,,,,,,,,,,,,,,,,,,,,,,,,,,,,,,,,,,,,,,,,,,,,,,,0.17747312821447847,0.0,,,,,,,,,0.16648629556099573,0.0,,,,,,,,,0.16020114941056812,0.0,,,,,,,,,,,,,,,,,,,,,,,,,,,,,,,,,,,,,,,,,,,,,,,,,,,,,,,,,,,,,0.6847041919827461,0.0,,,,,,,0.1792437609285116,0.0,,,,,,,,,0.03646688691029941,0.0,0.04585727982755212,0.0,0,0,7,18
4,region_04,2025-11-15,,,,,,,,,,,,,,,,,,,,,,,,,,,,,,,,,,,,,,,,,,,,,,,,,,,,,,,,,,,,,,,,,,,,,,,,,,,,,,,,,,,,,,,,,,,,,,,,,,,,,,,,,,,,,,,,,,,,,,,,,,,,,,,,,,,,,,,,,,,,,,,,,,,,,,,,,,,,,,,,,,,,,,,,,,,,,,,,,,,,,,,,,,,,,,,0.1966911109164357,0.0,,,,,,,,,0.12869769458969432,0.0,,,,,,,,,0.17564655171008775,0.0,,,,,,,,,,,,,,,,,,,,,,,,,,,,,,,,,,,,,,,,,,,,,,,,,,,,,,,,,,,,,0.6927308849990368,0.0,,,,,,,0.2019956199452281,0.0,,,,,,,,,0.03896415031825498,0.0,0.04986829516877015,0.0,0,0,7,19
4,region_04,2025-11-22,,,,,,,,,,,,,,,,,,,,,,,,,,,,,,,,,,,,,,,,,,,,,,,,,,,,,,,,,,,,,,,,,,,,,,,,,,,,,,,,,,,,,,,,,,,,,,,,,,,,,,,,,,,,,,,,,,,,,,,,,,,,,,,,,,,,,,,,,,,,,,,,,,,,,,,,,,,,,,,,,,,,,,,,,,,,,,,,,,,,,,,,,,,,,,,0.21590909361839294,0.0,,,,,,,,,0.0909090936183929,0.0,,,,,,,,,0.19109195400960738,0.0,,,,,,,,,,,,,,,,,,,,,,,,,,,,,,,,,,,,,,,,,,,,,,,,,,,,,,,,,,,,,0.7007575780153275,0.0,,,,,,,0.22474747896194458,0.0,,,,,,,,,0.04146141372621055,0.0,0.05387931050998818,0.0,0,0,7,20
4,region_04,2025-11-29,,,,,,,,,,,,,,,,,,,,,,,,,,,,,,,,,,,,,,,,,,,,,,,,,,,,,,,,,,,,,,,,,,,,,,,,,,,,,,,,,,,,,,,,,,,,,,,,,,,,,,,,,,,,,,,,,,,,,,,,,,,,,,,,,,,,,,,,,,,,,,,,,,,,,,,,,,,,,,,,,,,,,,,,,,,,,,,,,,,,,,,,,,,,,,,,,,,,,,,,,0.087128177518025,0.0,,,,,,,,,0.206537356309127,0.0,,,,,,,,,,,,,,,,,,,,,,,,,,,,,,,,,,,,,,,,,,,,,,,,,,,,,,,,,,,,,0.6714015193283558,0.0,,,,,,,0.28198653521637124,0.0,,,,,,,,,0.04395867713416612,0.0,0.057890325851206216,0.0,0,0,6,21
4,region_04,2025-12-06,,,,,,,,,,,,,,,,,,,,,,,,,,,,,,,,,,,,,,,,,,,,,,,,,,,,,,,,,,,,,,,,,,,,,,,,,,,,,,,,,,,,,,,,,,,,,,,,,,,,,,,,,,,,,,,,,,,,,,,,,,,,,,,,,,,,,,,,,,,,,,,,,,,,,,,,,,,,,,,,,,,,,,,,,,,,,,,,,,,,,,,,,,,,,,,,,,,,,,,,,0.08334726141765711,0.0,,,,,,,,,0.22198275860864664,0.0,,,,,,,,,,,,,,,,,,,,,,,,,,,,,,,,,,,,,,,,,,,,,,,,,,,,,,,,,,,,,0.6420454606413841,0.0,,,,,,,0.3392255914707979,0.0,,,,,,,,,0.04645594054212169,0.0,0.06190134119242425,0.0,0,0,6,22
4,region_04,2025-12-13,,,,,,,,,,,,,,,,,,,,,,,,,,,,,,,,,,,,,,,,,,,,,,,,,,,,,,,,,,,,,,,,,,,,,,,,,,,,,,,,,,,,,,,,,,,,,,,,,,,,,,,,,,,,,,,,,,,,,,,,,,,,,,,,,,,,,,,,,,,,,,,,,,,,,,,,,,,,,,,,,,,,,,,,,,,,,,,,,,,,,,,,,,,,,,,,,,,,,,,,,0.0795663453172892,0.0,,,,,,,,,0.23742816090816626,0.0,,,,,,,,,,,,,,,,,,,,,,,,,,,,,,,,,,,,,,,,,,,,,,,,,,,,,,,,,,,,,0.6126894019544125,0.0,,,,,,,0.3964646477252245,0.0,,,,,,,,,0.04895320395007726,0.0,0.06591235653364227,0.0,0,0,6,23
4,region_04,2025-12-20,,,,,,,,,,,,,,,,,,,,,,,,,,,,,,,,,,,,,,,,,,,,,,,,,,,,,,,,,,,,,,,,,,,,,,,,,,,,,,,,,,,,,,,,,,,,,,,,,,,,,,,,,,,,,,,,,,,,,,,,,,,,,,,,,,,,,,,,,,,,,,,,,,,,,,,,,,,,,,,,,,,,,,,,,,,,,,,,,,,,,,,,,,,,,,,,,,,,,,,,,0.0757854292169213,0.0,,,,,,,,,0.2528735632076859,0.0,,,,,,,,,,,,,,,,,,,,,,,,,,,,,,,,,,,,,,,,,,,,,,,,,,,,,,,,,,,,,0.5833333432674408,0.0,,,0.2361111119389534,2.0,,,0.45370370397965115,0.0,,,,,,,,,0.05145046735803283,0.0,0.06992337187486031,0.0,0,1,6,24
4,region_04,2025-12-27,,,,,,,,,,,,,,,,,,,,,,,,,,,,,,,,,,,,,,,,,,,,,,,,,,,,,,,,,,,,,,,,,,,,,,,,,,,,,,,,,,,,,,,,,,,,,,,,,,,,,,,,,,,,,,,,,,,,,,,,,,,,,,,,,,,,,,,,,,,,,,,,,,,,,,,,,,,,,,,,,,,,,,,,,,,,,,,,,,,,,,,,,,,,,,,,,,,,,,,,,0.0720045131165534,0.0,,,,,,,,,0.2683189655072055,0.0,,,,,,,,,,,,,,,,,,,,,,,,,,,,,,,,,,,,,,,,,,,,,,,,,,,,,,,,,,,,,0.5813419222831726,0.0,,,0.22257965803146362,0.0,,,0.3554432191886008,0.0,,,,,,,,,0.053947730765988404,0.0,0.07393438721607834,0.0,0,0,7,25
4,region_04,2026-01-03,,,,,,,,,,,,,,,,,,,,,,,,,,,,,,,,,,,,,,,,,,,,,,,,,,,,,,,,,,,,,,,,,,,,,,,,,,,,,,,,,,,,,,,,,,,,,,,,,,,,,,,,,,,,,,,,,,,,,,,,,,,,,,,,,,,,,,,,,,,,,,,,,,,,,,,,,,,,,,,,,,,,,,,,,,,,,,,,,,,,,,,,,,,,,,,,,,,,,,,,,0.0682235970161855,0.0,,,,,,,,,0.28376436780672515,0.0,,,,,,,,,,,,,,,,,,,,,,,,,,,,,,,,,,,,,,,,,,,,,,,,,,,,,,,,,,,,,0.5793505012989044,0.0,,,0.20904820412397385,0.0,,,0.25718273439755046,0.0,,,,,,,,,0.056444994173943976,0.0,0.07794540255729637,0.0,0,0,7,26
4,region_04,2026-01-10,,,,,,,,,,,,,,,,,,,,,,,,,,,,,,,,,,,,,,,,,,,,,,,,,,,,,,,,,,,,,,,,,,,,,,,,,,,,,,,,,,,,,,,,,,,,,,,,,,,,,,,,,,,,,,,,,,,,,,,,,,,,,,,,,,,,,,,,,,,,,,,,,,,,,,,,,,,,,,,,,,,,,,,,,,,,,,,,,,,,,,,,,,,,,,,,,,,,,,,,,0.0644426809158176,0.0,,,,,,,,,0.2992097701062448,0.0,,,,,,,,,,,,,,,,,,,,,,,,,,,,,,,,,,,,,,,,,,,,,,,,,,,,,,,,,,,,,0.5773590803146362,0.0,,,0.19551675021648407,0.0,,,0.1589222496065001,0.0,,,,,,,,,0.05894225758189955,0.0,0.0819564178985144,0.0,0,0,7,27
4,region_04,2026-01-17,,,,,,,,,,,,,,,,,,,,,,,,,,,,,,,,,,,,,,,,,,,,,,,,,,,,,,,,,,,,,,,,,,,,,,,,,,,,,,,,,,,,,,,,,,,,,,,,,,,,,,,,,,,,,,,,,,,,,,,,,,,,,,,,,,,,,,,,,,,,,,,,,,,,,,,,,,,,,,,,,,,,,,,,,,,,,,,,,,,,,,,,,,,,,,,,,,,,,,,,,0.0606617648154497,0.0,,,,,,,,,0.31465517240576446,0.0,,,,,,,,,,,,,,,,,,,,,,,,,,,,,,,,,,,,,,,,,,,,,,,,,,,,,,,,,,,,,0.575367659330368,0.0,,,0.1819852963089943,0.0,,,0.0606617648154497,0.0,,,0.0606617648154497,2.0,,,,,0.06143952098985511,0.0,0.08596743323973244,0.0,0,1,7,28
4,region_04,2026-01-24,,,,,,,,,,,,,,,,,,,,,,,,,,,,,,,,,,,,,,,,,,,,,,,,,,,,,,,,,,,,,,,,,,,,,,,,,,,,,,,,,,,,,,,,,,,,,,,,,,,,,,,,,,,,,,,,,,,,,,,,,,,,,,,,,,,,,,,,,,,,,,,,,,,,,,,,,,,,,,,,,,,,,,,,,,,,,,,,,,,,,,,,,,,,,,,,,,,,,,,,,,,,,,,,,,,0.3301005747052841,0.0,,,,,,,,,,,,,,,,,,,,,,,,,,,,,,,,,,,,,,,,,,,,,,,,,,,,,,,,,,,,,0.5303352698683739,0.0,,,0.24363183043897152,0.0,,,0.15502013529961306,0.0,,,,,,,,,0.06393678439781068,0.0,0.08997844858095047,0.0,0,0,6,29
4,region_04,2026-01-31,,,,,,,,,,,,,,,,,,,,,,,,,,,,,,,,,,,,,,,,,,,,,,,,,,,,,,,,,,,,,,,,,,,,,,,,,,,,,,,,,,,,,,,,,,,,,,,,,,,,,,,,,,,,,,,,,,,,,,,,,,,,,,,,,,,,,,,,,,,,,,,,,,,,,,,,,,,,,,,,,,,,,,,,,,,,,,,,,,,,,,,,,,,,,,,,,,,,,,,,,,,,,,,,,,,0.3455459770048037,0.0,,,,,,,,,,,,,,,,,,,,,,,,,,,,,,,,,,,,,,,,,,,,,,,,,,,,,,,,,,,,,0.4853028804063797,0.0,,,0.30527836456894875,0.0,,,0.2493785057837764,0.0,,,,,,,,,0.06643404780576626,0.0,0.0939894639221685,0.0,0,0,6,30
4,region_04,2026-02-07,,,,,,,,,,,,,,,,,,,,,,,,,,,,,,,,,,,,,,,,,,,,,,,,,,,,,,,,,,,,,,,,,,,,,,,,,,,,,,,,,,,,,,,,,,,,,,,,,,,,,,,,,,,,,,,,,,,,,,,,,,,,,,,,,,,,,,,,,,,,,,,,,,,,,,,,,,,,,,,,,,,,,,,,,,,,,,,,,,,,,,,,,,,,,,,,,,,,,,,,,,,,,,,,,,,0.36099137930432335,0.0,,,,,,,,,,,,,,,,,,,,,,,,,,,,,,,,,,,,,,,,,,,,,,,,,,,,,,,,,,,,,0.44027049094438553,0.0,,,0.36692489869892597,0.0,,,0.3437368762679398,0.0,,,,,,,,,0.06893131121372183,0.0,0.09800047926338654,0.0,0,0,6,31
4,region_04,2026-02-14,,,,,,,,,,,,,,,,,,,,,,,,,,,,,,,,,,,,,,,,,,,,,,,,,,,,,,,,,,,,,,,,,,,,,,,,,,,,,,,,,,,,,,,,,,,,,,,,,,,,,,,,,,,,,,,,,,,,,,,,,,,,,,,,,,,,,,,,,,,,,,,,,,,,,,,,,,,,,,,,,,,,,,,,,,,,,,,,,,,,,,,,,,,,,,,,,,,,,,,,,,,,,,,,,,,0.376436781603843,0.0,,,,,,,,,,,,,,,,,,,,,,,,,,,,,,,,,,,,,,,,,,,,,,,,,,,,,,,,,,,,,0.39523810148239136,0.0,,,0.4285714328289032,0.0,,,0.43809524675210315,0.0,,,,,,,,,0.0714285746216774,0.0,0.10201149460460457,0.0,0,0,6,32
4,region_04,2026-02-21,,,,,,,,,,,,,,,,,,,,,,,,,,,,,,,,,,,,,,,,,,,,,,,,,,,,,,,,,,,,,,,,,,,,,,,,,,,,,,,,,,,,,,,,,,,,,,,,,,,,,,,,,,,,,,,,,,,,,,,,,,,,,,,,,,,,,,,,,,,,,,,,,,,,,,,,,,,,,,,,,,,,,,,,,,,,,,,,,,,,,,,,,,,,,,,,,,,,,,,,,,,,,,,,,,,0.3918821839033626,0.0,,,,,,,,,,,,,,,,,,,,,,,,,,,,,,,,,,,,,,,,,,,,,,,,,,,,,,,,,,,,,0.3259424651041627,0.0,,,,,,,0.4171131029725075,0.0,,,,,,,,,0.08308531995862722,0.0,0.1060225099458226,0.0,0,0,5,33
4,region_04,2026-02-28,,,,,,,,,,,,,,,,,,,,,,,,,,,,,,,,,,,,,,,,,,,,,,,,,,,,,,,,,,,,,,,,,,,,,,,,,,,,,,,,,,,,,,,,,,,,,,,,,,,,,,,,,,,,,,,,,,,,,,,,,,,,,,,,,,,,,,,,,,,,,,,,,,,,,,,,,,,,,,,,,,,,,,,,,,,,,,,,,,,,,,,,,,,,,,,,,,,,,,,,,,,,,,,,,,,0.40732758620288223,0.0,,,,,,,,,,,,,,,,,,,,,,,,,,,,,,,,,,,,,,,,,,,,,,,,,,,,,,,,,,,,,0.25664682872593403,0.0,,,,,,,0.39613095919291175,0.0,,,,,,,,,0.09474206529557705,0.0,0.11003352528704063,0.0,0,0,5,34
4,region_04,2026-03-07,,,,,,,,,,,,,,,,,,,,,,,,,,,,,,,,,,,,,,,,,,,,,,,,,,,,,,,,,,,,,,,,,,,,,,,,,,,,,,,,,,,,,,,,,,,,,,,,,,,,,,,,,,,,,,,,,,,,,,,,,,,,,,,,,,,,,,,,,,,,,,,,,,,,,,,,,,,,,,,,,,,,,,,,,,,,,,,,,,,,,,,,,,,,,,,,,,,,,,,,,,,,,,,,,,,0.42277298850240186,0.0,,,,,,,,,,,,,,,,,,,,,,,,,,,,,,,,,,,,,,,,,,,,,,,,,,,,,,,,,,,,,0.18735119234770536,0.0,,,,,,,0.3751488154133161,0.0,,,,,,,,,0.10639881063252687,0.0,0.11404454062825867,0.0,0,0,5,35
4,region_04,2026-03-14,,,,,,,,,,,,,,,,,,,,,,,,,,,,,,,,,,,,,,,,,,,,,,,,,,,,,,,,,,,,,,,,,,,0.1111111119389534,2.0,,,,,,,,,,,,,,,,,,,,,,,,,,,,,,,,,,,,,,,,,,,,,,,,,,,,,,,,,,,,,,,,,,,,,,,,,,,,,,,,,,,,,,,,,,,,,,,,,,,,,,,,,,,,,,,,,,,,,,,,,,,,,,,,,,,,,,,,,,,,,,,0.4382183908019215,0.0,,,,,,,,,,,,,,,,,,,,,,,,,,,,,,,,,,,,,,,,,,,,,,,,,,,,,,,,,,,,,0.1180555559694767,0.0,0.1180555559694767,2.0,,,,,0.3541666716337204,0.0,,,,,,,,,0.1180555559694767,0.0,0.1180555559694767,0.0,0,2,5,36
4,region_04,2026-03-21,,,,,,,,,,,,,,,,,,,,,,,,,,,,,,,,,,,,,,,,,,,,,,,,,,,,,,,,,,,,,,,,,,,,,,,,,,,,,,,,,,,,,,,,,,,,,,,,,,,,,,,,,,,,,,,,,,,,,,,,,,,,,,,,,,,,,,,,,,,,,,,,,,,,,,,,,,,,,,,,,,,,,,,,,,,,,,,,,,,,,,,,,,,,,,,,,,,,,,,,,,,,,,,,,,,0.4536637931014411,0.0,,,,,,,,,,,,,,,,,,,,,,,,,,,,,,,,,,,,,,,,,,,,,,,,,,,,,,,,,,,,,0.21354166697710752,0.0,,,,,,,,,,,,,,,,,,,,,0,0,2,37
4,region_04,2026-03-28,,,,,,,,,,,,,,,,,,,,,,,,,,,,,,,,,,,,,,,,,,,,,,,,,,,,,,,,,,,,,,,,,,,,,,,,,,,,,,,,,,,,,,,,,,,,,,,,,,,,,,,,,,,,,,,,,,,,,,,,,,,,,,,,,,,,,,,,,,,,,,,,,,,,,,,,,,,,,,,,,,,,,,,,,,,,,,,,,,,,,,,,,,,,,,,,,,,,,,,,,,,,,,,,,,,0.46910919540096074,0.0,,,,,,,,,,,,,,,,,,,,,,,,,,,,,,,,,,,,,,,,,,,,,,,,,,,,,,,,,,,,,0.30902777798473835,0.0,,,,,,,,,,,,,,,,,,,,,0,0,2,38
4,region_04,2026-04-04,,,,,,,,,,,,,,,,,,,,,,,,,,,,,,,,,,,,,,,,,,,,,,,,,,,,,,,,,,,,,,,,,,,,,,,,,,,,,,,,,,,,,,,,,,,,,,,,,,,,,,,,,,,,,,,,,,,,,,,,,,,,,,,,,,,,,,,,,,,,,,,,,,,,,,,,,,,,,,,,,,,,,,,,,,,,,,,,,,,,,,,,,,,,,,,,,,,,,,,,,,,,,,,,,,,0.48455459770048037,0.0,,,,,,,,,,,,,,,,,,,,,,,,,,,,,,,,,,,,,,,,,,,,,,,,,,,,,,,,,,,,,0.4045138889923692,0.0,,,,,,,,,,,,,,,,,,,,,0,0,2,39
4,region_04,2026-04-11,,,,,,,,,,,,,,,,,,,,,,,,,,,,,,,,,,,,,,,,,,,,,,,,,,,,,,,,,,,,,,,,,,,,,,,,,,,,,,,,,,,,,,,,,,,,,,,,,,,,,,,,,,,,,,,,,,,,,,,,,,,,,,,,,,,,,,,,,,,,,,,,,,,,,,,,,,,,,,,,,,,,,,,,,,,,,,,,,,,,,,,,,,,,,,,,,,,,,,,,,,,,,,,,,,,0.5,0.0,,,,,,,,,,,,,,,,,,,,,,,,,,,,,,,,,,,,,,,,,,,,,,,,,,,,,,,,,,,,,0.5,0.0,,,,,,,,,,,,,,,,,,,,,0,0,2,40
