usa_or_hhsregion,region,Date,A.2.5_share,A.2.5_marker,AY.1_share,AY.1_marker,AY.2_share,AY.2_marker,AY.3_share,AY.3_marker,B.1_share,B.1_marker,B.1.1_share,B.1.1_marker,B.1.1.519_share,B.1.1.519_marker,B.1.1.529_share,B.1.1.529_marker,B.1.1.7_share,B.1.1.7_marker,B.1.2_share,B.1.2_marker,B.1.351_share,B.1.351_marker,B.1.427_share,B.1.427_marker,B.1.429_share,B.1.429_marker,B.1.525_share,B.1.525_marker,B.1.526_share,B.1.526_marker,B.1.526.1_share,B.1.526.1_marker,B.1.526.2_share,B.1.526.2_marker,B.1.596_share,B.1.596_marker,B.1.617_share,B.1.617_marker,B.1.617.1_share,B.1.617.1_marker,B.1.617.2_share,B.1.617.2_marker,B.1.617.3_share,B.1.617.3_marker,B.1.621_share,B.1.621_marker,B.1.621.1_share,B.1.621.1_marker,B.1.626_share,B.1.626_marker,B.1.628_share,B.1.628_marker,B.1.637_share,B.1.637_marker,BA.1.1_share,BA.1.1_marker,BA.2_share,BA.2_marker,BA.2.12.1_share,BA.2.12.1_marker,BA.2.75_share,BA.2.75_marker,BA.2.75.2_share,BA.2.75.2_marker,BA.2.86_share,BA.2.86_marker,BA.3.2_share,BA.3.2_marker,BA.4_share,BA.4_marker,BA.4.6_share,BA.4.6_marker,BA.5_share,BA.5_marker,BA.5.2.6_share,BA.5.2.6_marker,BF.11_share,BF.11_marker,BF.7_share,BF.7_marker,BN.1_share,BN.1_marker,BQ.1_share,BQ.1_marker,BQ.1.1_share,BQ.1.1_marker,CH.1.1_share,CH.1.1_marker,EG.5_share,EG.5_marker,EG.5.1.8_share,EG.5.1.8_marker,EG.6.1_share,EG.6.1_marker,EU.1.1_share,EU.1.1_marker,FD.1.1_share,FD.1.1_marker,FD.2_share,FD.2_marker,FE.1.1_share,FE.1.1_marker,FL.1.5.1_share,FL.1.5.1_marker,GE.1_share,GE.1_marker,GK.1.1_share,GK.1.1_marker,GK.2_share,GK.2_marker,HF.1_share,HF.1_marker,HK.3_share,HK.3_marker,HV.1_share,HV.1_marker,JD.1.1_share,JD.1.1_marker,JF.1_share,JF.1_marker,JG.3_share,JG.3_marker,JN.1_share,JN.1_marker,JN.1.11.1_share,JN.1.11.1_marker,JN.1.13_share,JN.1.13_marker,JN.1.13.1_share,JN.1.13.1_marker,JN.1.16_share,JN.1.16_marker,JN.1.16.1_share,JN.1.16.1_marker,JN.1.18_share,JN.1.18_marker,JN.1.18.6_share,JN.1.18.6_marker,JN.1.32_share,JN.1.32_marker,JN.1.4.3_share,JN.1.4.3_marker,JN.1.7_share,JN.1.7_marker,JN.1.8.1_share,JN.1.8.1_marker,KP.1.1_share,KP.1.1_marker,KP.1.1.3_share,KP.1.1.3_marker,KP.1.2_share,KP.1.2_marker,KP.2_share,KP.2_marker,KP.2.15_share,KP.2.15_marker,KP.2.3_share,KP.2.3_marker,KP.3_share,KP.3_marker,KP.3.1.1_share,KP.3.1.1_marker,KP.4.1_share,KP.4.1_marker,KQ.1_share,KQ.1_marker,KS.1_share,KS.1_marker,KV.2_share,KV.2_marker,KW.1.1_share,KW.1.1_marker,LB.1_share,LB.1_marker,LB.1.3.1_share,LB.1.3.1_marker,LF.3.1_share,LF.3.1_marker,LF.7_share,LF.7_marker,LF.7.2.1_share,LF.7.2.1_marker,LF.7.7.1_share,LF.7.7.1_marker,LF.7.7.2_share,LF.7.7.2_marker,LF.7.9_share,LF.7.9_marker,LP.1_share,LP.1_marker,LP.8.1_share,LP.8.1_marker,MC.1_share,MC.1_marker,MC.10.1_share,MC.10.1_marker,MC.19_share,MC.19_marker,MC.28.1_share,MC.28.1_marker,NB.1.8.1_share,NB.1.8.1_marker,NW.1_share,NW.1_marker,P.1_share,P.1_marker,P.2_share,P.2_marker,PA.1_share,PA.1_marker,PQ.17_share,PQ.17_marker,PQ.17.11_share,PQ.17.11_marker,PQ.2.1.6_share,PQ.2.1.6_marker,PQ.2.8.1_share,PQ.2.8.1_marker,RV.1_share,RV.1_marker,XBB_share,XBB_marker,XBB.1.16_share,XBB.1.16_marker,XBB.1.16.1_share,XBB.1.16.1_marker,XBB.1.16.11_share,XBB.1.16.11_marker,XBB.1.16.15_share,XBB.1.16.15_marker,XBB.1.16.17_share,XBB.1.16.17_marker,XBB.1.16.6_share,XBB.1.16.6_marker,XBB.1.42.2_share,XBB.1.42.2_marker,XBB.1.5_share,XBB.1.5_marker,XBB.1.5.1_share,XBB.1.5.1_marker,XBB.1.5.10_share,XBB.1.5.10_marker,XBB.1.5.59_share,XBB.1.5.59_marker,XBB.1.5.68_share,XBB.1.5.68_marker,XBB.1.5.70_share,XBB.1.5.70_marker,XBB.1.5.72_share,XBB.1.5.72_marker,XBB.1.9.1_share,XBB.1.9.1_marker,XBB.1.9.2_share,XBB.1.9.2_marker,XBB.2.3_share,XBB.2.3_marker,XBB.2.3.8_share,XBB.2.3.8_marker,XDP_share,XDP_marker,XDV.1_share,XDV.1_marker,XEC_share,XEC_marker,XEC.4_share,XEC.4_marker,XEK_share,XEK_marker,XEQ_share,XEQ_marker,XFC_share,XFC_marker,XFG_share,XFG_marker,XFG.1_share,XFG.1_marker,XFG.1.1_share,XFG.1.1_marker,XFG.10.4_share,XFG.10.4_marker,XFG.14.1_share,XFG.14.1_marker,XFG.2.5.1_share,XFG.2.5.1_marker,XFG.23.1.3_share,XFG.23.1.3_marker,XFG.6_share,XFG.6_marker,XFV_share,XFV_marker,XFY_share,XFY_marker,XFZ_share,XFZ_marker,n_marker_1,n_marker_2,n_marker_0,n_marker_1_wk
2,region_02,2021-01-30,0.0057887793518602,2.0,0.0,,0.0,,0.0,,0.04759359229356045,2.0,0.0162091013044118,2.0,0.0149109857156872,2.0,,,0.030886784195899925,1.0,0.2710501663386822,1.0,0.0,,0.0096143221016973,2.0,0.0219507361762225,2.0,0.0019287082832306,2.0,0.07607332554956273,1.0,0.0173398777842521,2.0,0.029247434064745836,2.0,0.02890298655256625,2.0,0.0,,0.0,,0.0,,0.0,,0.0,,0.0,,0.0,,0.0,,,,,,,,,,,,,,,,,,,,,,,,,,,,,,,,,,,,,,,,,,,,,,,,,,,,,,,,,,,,,,,,,,,,,,,,,,,,,,,,,,,,,,,,,,,,,,,,,,,,,,,,,,,,,,,,,,,,,,,,,,,,,,,,,,,,,,,,,,,,,,,,,,,,,,,,,,0.0,,0.0,,,,,,,,,,,,,,,,,,,,,,,,,,,,,,,,,,,,,,,,,,,,,,,,,,,,,,,,,,,,,,,,,,,,,,,,,,,,,,,,,,,,,,,,3,10,0,0
2,region_02,2021-02-06,0.0035068739089182998,0.0,0.0,,0.0,,0.0,,0.05494721727445717,0.0,0.01335305487737055,0.0,0.01361494030182554,0.0,,,0.06334901942561065,0.0,0.2503380086272955,0.0,0.00047454245213882914,2.0,0.022781207109801443,0.0,0.03621906639697646,0.0,0.0009643541416153,0.0,0.10578448822100953,0.0,0.017815038096159634,0.0,0.027752701751887737,0.0,0.029558741021901324,0.0,0.0,,0.0,,0.0,,0.0,,0.0,,0.0,,0.0,,0.0,,,,,,,,,,,,,,,,,,,,,,,,,,,,,,,,,,,,,,,,,,,,,,,,,,,,,,,,,,,,,,,,,,,,,,,,,,,,,,,,,,,,,,,,,,,,,,,,,,,,,,,,,,,,,,,,,,,,,,,,,,,,,,,,,,,,,,,,,,,,,,,,,,,,,,,,,,0.0,,0.0007822873109640889,2.0,,,,,,,,,,,,,,,,,,,,,,,,,,,,,,,,,,,,,,,,,,,,,,,,,,,,,,,,,,,,,,,,,,,,,,,,,,,,,,,,,,,,,,,0,2,13,1
2,region_02,2021-02-13,0.0012249684659764,0.0,0.0,,0.0,,0.0,,0.062300842255353886,0.0,0.0104970084503293,0.0,0.012318894887963878,0.0,,,0.09581125465532138,0.0,0.22962585091590879,0.0,0.0009490849042776583,0.0,0.03594809211790558,0.0,0.05048739661773041,0.0,0.0,0.0,0.13549565089245633,0.0,0.018290198408067167,0.0,0.026257969439029635,0.0,0.0302144954912364,0.0,0.0,,0.0,,0.0,,0.0,,0.0,,0.0,,0.0,,0.0,,,,,,,,,,,,,,,,,,,,,,,,,,,,,,,,,,,,,,,,,,,,,,,,,,,,,,,,,,,,,,,,,,,,,,,,,,,,,,,,,,,,,,,,,,,,,,,,,,,,,,,,,,,,,,,,,,,,,,,,,,,,,,,,,,,,,,,,,,,,,,,,,,,,,,,,,,0.0,,0.0015645746219281778,0.0,,,,,,,,,,,,,,,,,,,,,,,,,,,,,,,,,,,,,,,,,,,,,,,,,,,,,,,,,,,,,,,,,,,,,,,,,,,,,,,,,,,,,,,0,0,15,2
2,region_02,2021-02-20,0.0016683454741723502,0.0,0.0,,0.0,,0.0,,0.056662310194224075,0.0,0.02169293211773035,0.0,0.01070472233307854,0.0,,,0.12131341205288962,0.0,0.19371120911091563,0.0,0.0020122736470791253,0.0,0.03702762257307764,0.0,0.040736297766367544,0.0,0.0034808062482625,0.0,0.1857206650699178,0.0,0.027452175971120533,0.0,0.044852930121123735,0.0,0.022802061168476887,0.0,0.0,,0.0,,0.00077296767849472,1.0,0.0,,0.0,,0.0,,0.0,,0.0,,,,,,,,,,,,,,,,,,,,,,,,,,,,,,,,,,,,,,,,,,,,,,,,,,,,,,,,,,,,,,,,,,,,,,,,,,,,,,,,,,,,,,,,,,,,,,,,,,,,,,,,,,,,,,,,,,,,,,,,,,,,,,,,,,,,,,,,,,,,,,,,,,,,,,,,,,0.0,,0.0016837752695815689,0.0,,,,,,,,,,,,,,,,,,,,,,,,,,,,,,,,,,,,,,,,,,,,,,,,,,,,,,,,,,,,,,,,,,,,,,,,,,,,,,,,,,,,,,,1,0,15,0
2,region_02,2021-02-27,0.0021117224823683,0.0,0.0,,0.0,,0.0,,0.05102377813309426,0.0,0.0328888557851314,0.0,0.0090905497781932,0.0,,,0.14681556945045784,0.0,0.15779656730592248,0.0,0.0030754623898805924,0.0,0.03810715302824969,0.0,0.030985198915004675,0.0,0.006961612496525,0.0,0.2359456792473793,0.0,0.0366141535341739,0.0,0.06344789080321785,0.0,0.015389626845717375,0.0,0.0,,0.0,,0.00154593535698944,0.0,0.0,,0.0,,0.0,,0.0,,0.0,,,,,,,,,,,,,,,,,,,,,,,,,,,,,,,,,,,,,,,,,,,,,,,,,,,,,,,,,,,,,,,,,,,,,,,,,,,,,,,,,,,,,,,,,,,,,,,,,,,,,,,,,,,,,,,,,,,,,,,,,,,,,,,,,,,,,,,,,,,,,,,,,,,,,,,,,,0.0,,0.00180297591723496,0.0,,,,,,,,,,,,,,,,,,,,,,,,,,,,,,,,,,,,,,,,,,,,,,,,,,,,,,,,,,,,,,,,,,,,,,,,,,,,,,,,,,,,,,,0,0,16,1
2,region_02,2021-03-06,0.0027751913294196,0.0,0.0,,0.0,,0.0,,,,,,,,,,0.20661063492298123,0.0,,,0.0014709092502016249,0.0,0.0137860216200351,0.0,0.0189651008695364,0.0,0.0024098133435472248,0.0,0.27803865075111384,0.0,,,,,,,,,0.0,,0.0,0.0,0.0,,0.0,,0.0,,0.00029100949177515,2.0,0.0,,,,,,,,,,,,,,,,,,,,,,,,,,,,,,,,,,,,,,,,,,,,,,,,,,,,,,,,,,,,,,,,,,,,,,,,,,,,,,,,,,,,,,,,,,,,,,,,,,,,,,,,,,,,,,,,,,,,,,,,,,,,,,,,,,,,,,,,,,,,,,,,,,,,,,,,,,0.0012049066717736,2.0,,,,,,,,,,,,,,,,,,,,,,,,,,,,,,,,,,,,,,,,,,,,,,,,,,,,,,,,,,,,,,,,,,,,,,,,,,,,,,,,,,,,,,,,,0,2,8,2
2,region_02,2021-03-13,0.0,0.0,0.0,,0.0,,0.0,,,,,,,,,,0.2735942713916302,0.0,,,0.0,0.0,0.0264014899730682,0.0,0.0236989948898553,0.0,0.003197506244759925,0.0,0.3470462039113045,0.0,,,,,,,,,0.0005622735479845999,2.0,0.0,0.0,0.0,,0.0,,0.0,,0.0,0.0,0.0014177468450118334,2.0,,,,,,,,,,,,,,,,,,,,,,,,,,,,,,,,,,,,,,,,,,,,,,,,,,,,,,,,,,,,,,,,,,,,,,,,,,,,,,,,,,,,,,,,,,,,,,,,,,,,,,,,,,,,,,,,,,,,,,,,,,,,,,,,,,,,,,,,,,,,,,,,,,,,,,,,,0.002215132757555625,0.0,,,,,,,,,,,,,,,,,,,,,,,,,,,,,,,,,,,,,,,,,,,,,,,,,,,,,,,,,,,,,,,,,,,,,,,,,,,,,,,,,,,,,,,,,0,2,10,3
2,region_02,2021-03-20,0.00373825896531335,0.0,0.0,,0.0,,0.0,,,,,,,,,,0.3225728571414947,0.0,,,0.00096333059482272,0.0,0.0226746294647455,0.0,0.0089265312999486,0.0,0.004485922516323575,0.0,0.36615241318941116,0.0,,,,,,,,,0.0011239661835133667,0.0,0.0009102409239858001,0.0,0.0,,0.00022238360252228,2.0,0.0,,0.0,0.0,0.0,0.0,,,,,,,,,,,,,,,,,,,,,,,,,,,,,,,,,,,,,,,,,,,,,,,,,,,,,,,,,,,,,,,,,,,,,,,,,,,,,,,,,,,,,,,,,,,,,,,,,,,,,,,,,,,,,,,,,,,,,,,,,,,,,,,,,,,,,,,,,,,,,,,,,,,,,,,,,0.00366497361101206,0.0,,,,,,,,,,,,,,,,,,,,,,,,,,,,,,,,,,,,,,,,,,,,,,,,,,,,,,,,,,,,,,,,,,,,,,,,,,,,,,,,,,,,,,,,,0,1,12,4
2,region_02,2021-03-27,0.00173667201306665,0.0,0.0,,0.0,,0.0,,,,,,,,,,0.39186651110649107,0.0,,,0.0011099857743829,0.0,0.0077197132632136,0.0,0.009088872000575,0.0,0.0034013706608675004,0.0,0.40352048724889755,0.0,,,,,,,,,0.0002362528660644667,0.0,0.0,0.0,0.0,,0.00069225027691568,0.0,0.0,,0.0,0.0,0.0,0.0,,,,,,,,,,,,,,,,,,,,,,,,,,,,,,,,,,,,,,,,,,,,,,,,,,,,,,,,,,,,,,,,,,,,,,,,,,,,,,,,,,,,,,,,,,,,,,,,,,,,,,,,,,,,,,,,,,,,,,,,,,,,,,,,,,,,,,,,,,,,,,,,,,,,,,,,,0.00978941433131692,0.0,,,,,,,,,,,,,,,,,,,,,,,,,,,,,,,,,,,,,,,,,,,,,,,,,,,,,,,,,,,,,,,,,,,,,,,,,,,,,,,,,,,,,,,,,0,0,13,5
2,region_02,2021-04-03,0.0,0.0,0.0,,0.0,,0.0,,,,,,,,,,0.46086878180503843,0.0,,,0.0040944628417491,0.0,0.0101530086249113,0.0,0.0114644961431622,0.0,0.001713352598017025,0.0,0.3630906045436859,0.0,,,,,,,,,0.0008692708797752334,0.0,0.00040099357720457996,0.0,0.0,,0.00056275618262584,0.0,0.0,,0.0,0.0,0.00020388885847443333,0.0,,,,,,,,,,,,,,,,,,,,,,,,,,,,,,,,,,,,,,,,,,,,,,,,,,,,,,,,,,,,,,,,,,,,,,,,,,,,,,,,,,,,,,,,,,,,,,,,,,,,,,,,,,,,,,,,,,,,,,,,,,,,,,,,,,,,,,,,,,,,,,,,,,,,,,,,,0.018460715934634157,0.0,,,,,,,,,,,,,,,,,,,,,,,,,,,,,,,,,,,,,,,,,,,,,,,,,,,,,,,,,,,,,,,,,,,,,,,,,,,,,,,,,,,,,,,,,0,0,13,6
2,region_02,2021-04-10,0.0024719273205846,0.0,0.0,,0.0,,0.0,,,,,,,,,,0.5067867696285248,0.0,,,0.00607790322974318,0.0,0.0073118521831929,0.0,0.0056753326207399,0.0,0.0038485723198391,0.0,0.3210356757044792,0.0,,,,,,,,,0.0015551382675766331,0.0,0.0,0.0,0.0,,0.0005256208707577999,0.0,0.0,,0.0,0.0,0.0005359848340352,0.0,,,,,,,,,,,,,,,,,,,,,,,,,,,,,,,,,,,,,,,,,,,,,,,,,,,,,,,,,,,,,,,,,,,,,,,,,,,,,,,,,,,,,,,,,,,,,,,,,,,,,,,,,,,,,,,,,,,,,,,,,,,,,,,,,,,,,,,,,,,,,,,,,,,,,,,,,0.02628596052527422,0.0,,,,,,,,,,,,,,,,,,,,,,,,,,,,,,,,,,,,,,,,,,,,,,,,,,,,,,,,,,,,,,,,,,,,,,,,,,,,,,,,,,,,,,,,,0,0,13,7
2,region_02,2021-04-17,0.0,0.0,0.0,,0.0,,0.0,,,,,,,,,,0.5253341317176818,0.0,,,0.0075728427618741,0.0,0.006983685772866,0.0,0.0043834438547492,0.0,0.0062124454416334,0.0,0.3110881261527538,0.0,,,,,,,,,0.0027583789390821668,0.0,0.0041525551117956,0.0,0.0,,0.00176623782608652,0.0,0.0,,0.0,0.0,0.0009449038965006334,0.0,,,,,,,,,,,,,,,,,,,,,,,,,,,,,,,,,,,,,,,,,,,,,,,,,,,,,,,,,,,,,,,,,,,,,,,,,,,,,,,,,,,,,,,,,,,,,,,,,,,,,,,,,,,,,,,,,,,,,,,,,,,,,,,,,,,,,,,,,,,,,,,,,,,,,,,,,0.02531713061034674,0.0,,,,,,,,,,,,,,,,,,,,,,,,,,,,,,,,,,,,,,,,,,,,,,,,,,,,,,,,,,,,,,,,,,,,,,,,,,,,,,,,,,,,,,,,,0,0,13,8
2,region_02,2021-04-24,0.0028067977400496,0.0,0.0,,0.0,,0.0,,,,,,,,,,0.5709929466247559,0.0,,,0.0058103431947528605,0.0,0.0113132549449801,0.0,0.0020681610330939,0.0,0.0024600327596999002,0.0,0.2765957415103912,0.0,,,,,,,,,0.002180616992215267,0.0,0.0067261091433465,0.0,0.0,,0.00137570174410934,0.0,0.000461243958852675,2.0,0.0,0.0,0.002948115424563433,0.0,,,,,,,,,,,,,,,,,,,,,,,,,,,,,,,,,,,,,,,,,,,,,,,,,,,,,,,,,,,,,,,,,,,,,,,,,,,,,,,,,,,,,,,,,,,,,,,,,,,,,,,,,,,,,,,,,,,,,,,,,,,,,,,,,,,,,,,,,,,,,,,,,,,,,,,,,0.028567041456699322,0.0,,,,,,,,,,,,,,,,,,,,,,,,,,,,,,,,,,,,,,,,,,,,,,,,,,,,,,,,,,,,,,,,,,,,,,,,,,,,,,,,,,,,,,,,,0,1,13,9
2,region_02,2021-05-01,0.0048101090360432,0.0,0.0,,0.0,,0.0,,,,,,,,,,0.5625761866569519,0.0,,,0.00292410235851998,0.0,0.0047039329074323,0.0,0.0200823042541742,0.0,0.007677833084016975,0.0,0.24926114082336423,0.0,,,,,,,,,0.0006057535259362999,0.0,0.01498127244412894,0.0,0.0,,0.0045963795855641,0.0,0.003420553926844125,0.0,0.0,0.0,0.0006044887122697667,0.0,,,,,,,,,,,,,,,,,,,,,,,,,,,,,,,,,,,,,,,,,,,,,,,,,,,,,,,,,,,,,,,,,,,,,,,,,,,,,,,,,,,,,,,,,,,,,,,,,,,,,,,,,,,,,,,,,,,,,,,,,,,,,,,,,,,,,,,,,,,,,,,,,,,,,,,,,0.04407203420996662,0.0,,,,,,,,,,,,,,,,,,,,,,,,,,,,,,,,,,,,,,,,,,,,,,,,,,,,,,,,,,,,,,,,,,,,,,,,,,,,,,,,,,,,,,,,,0,0,14,10
2,region_02,2021-05-08,0.0,0.0,0.0,,0.0,,0.00040662914398125,2.0,,,,,,,0.0,,0.5901008248329163,0.0,,,0.0102720387279987,0.0,0.0023453508038073,0.0,0.0024397748056799,0.0,0.0,0.0,0.22612245753407478,0.0,,,,,,,,,0.0,0.0,0.017985816028985066,0.0,0.0,,0.006823322270065479,0.0,0.000841728717205075,0.0,0.0,0.0,0.0016908354203526666,0.0,,,0.0,,0.0,,0.0,,0.0,,0.0,,,,,,0.0,,0.0,,0.0,,0.0,,0.0,,0.0,,0.0,,0.0,,0.0,,0.0,,,,,,,,,,,,0.0,,,,,,,,,,,,,,,,,,,,,,,,,,,,,,,,,,,,,,,,,,,,,,,,,,,,,,,,,,,,,,,,,,,,,,,,,,,,,,,,,,,,,,,,,,,,,,,,,,,,,,,,,,0.06378814503550524,0.0,,,,,,,,,,,,,,,0.0,,0.0,,,,,,,,,,,,,,0.0,,0.0,,,,,,,,,,,,0.0,,0.0,,0.0,,,,,,,,,,,,,,,,,,,,,,,,,,,,,,,,,,,,,,,,0,1,14,11
2,region_02,2021-05-15,0.0022559534991159497,0.0,0.0,,0.0,,0.0,0.0,,,,,,,0.0,,0.6154957234859466,0.0,,,0.016322674229741044,0.0,0.0,0.0,0.0,0.0,0.0,0.0,0.1994157458345095,0.0,,,,,,,,,0.00117523416411128,0.0,0.03386619314551348,0.0,0.0,,0.02403533586766565,0.0,0.010527994949370574,0.0,0.0,0.0,0.0035153986886142996,0.0,0.027404870837926802,2.0,0.0,,0.0,,0.0,,0.0,,0.0,,,,,,0.0,,0.0,,0.0,,0.0,,0.0,,0.0,,0.0,,0.0,,0.0,,0.0,,,,,,,,,,,,0.0,,,,,,,,,,,,,,,,,,,,,,,,,,,,,,,,,,,,,,,,,,,,,,,,,,,,,,,,,,,,,,,,,,,,,,,,,,,,,,,,,,,,,,,,,,,,,,,,,,,,,,,,,,0.05706039071083065,0.0,,,,,,,,,,,,,,,0.0,,0.0,,,,,,,,,,,,,,0.0,,0.0,,,,,,,,,,,,0.0,,0.0,,0.0,,,,,,,,,,,,,,,,,,,,,,,,,,,,,,,,,,,,,,,,0,1,15,12
2,region_02,2021-05-22,0.00248119141906495,0.0,0.002517230925150175,2.0,0.0,,0.0,0.0,,,,,,,0.0,,0.5016689032316208,0.0,,,0.01535243328128537,0.0,0.0,0.0,0.0049638408236205,0.0,0.0,0.0,0.2542998840411504,0.0,,,,,,,,,0.0,0.0,0.03284805516401922,0.0,0.0,,0.018180463463068,0.0,0.007785273715853625,0.0,0.0,0.0,0.00414243056438856,0.0,0.02965684607625,0.0,0.0,,0.0,,0.0,,0.0,,0.0,,,,,,0.0,,0.0,,0.0,,0.0,,0.0,,0.0,,0.0,,0.0,,0.0,,0.0,,,,,,,,,,,,0.0,,,,,,,,,,,,,,,,,,,,,,,,,,,,,,,,,,,,,,,,,,,,,,,,,,,,,,,,,,,,,,,,,,,,,,,,,,,,,,,,,,,,,,,,,,,,,,,,,,,,,,,,,,0.08815597463399169,0.0,,,,,,,,,,,,,,,0.0,,0.0,,,,,,,,,,,,,,0.0,,0.0,,,,,,,,,,,,0.0,,0.0,,0.0,,,,,,,,,,,,,,,,,,,,,,,,,,,,,,,,,,,,,,,,0,1,16,13
2,region_02,2021-05-29,0.0102400272153317,0.0,0.006081566746745729,0.0,0.0,,0.00242739124223585,0.0,,,,,,,0.0,,0.4677669070661068,0.0,,,0.005829385947436015,0.0,0.0048547824844717,0.0,0.0023125717416405,0.0,0.0,0.0,0.1948585597177346,0.0,,,,,,,,,0.0,0.0,0.0610171786199013,0.0,0.0,,0.0504852272570133,0.0,0.019556742161512326,0.0,0.0,0.0,0.00471373880282042,0.0,0.0568816177546978,0.0,0.0,,0.0,,0.0,,0.0,,0.0,,,,,,0.0,,0.0,,0.0,,0.0,,0.0,,0.0,,0.0,,0.0,,0.0,,0.0,,,,,,,,,,,,0.0,,,,,,,,,,,,,,,,,,,,,,,,,,,,,,,,,,,,,,,,,,,,,,,,,,,,,,,,,,,,,,,,,,,,,,,,,,,,,,,,,,,,,,,,,,,,,,,,,,,,,,,,,,0.10749155841767784,0.0,,,,,,,,,,,,,,,0.0,,0.0,,,,,,,,,,,,,,0.0,,0.0,,,,,,,,,,,,0.0,,0.0,,0.0,,,,,,,,,,,,,,,,,,,,,,,,,,,,,,,,,,,,,,,,0,0,17,14
2,region_02,2021-06-05,0.0075324794743209505,0.0,0.0,0.0,0.0,,0.0,0.0,,,,,,,0.0,,0.5047764267240252,0.0,,,0.0,0.0,0.0,0.0,0.0,0.0,0.0,0.0,0.1466494172811508,0.0,,,,,,,,,0.0,0.0,0.13180170208215708,0.0,0.0,,0.05264277445773278,0.0,0.026593581773340626,0.0,0.0,0.0,0.01141617707908148,0.0,0.0237177591770887,0.0,0.0,,0.0,,0.0,,0.0,,0.0,,,,,,0.0,,0.0,,0.0,,0.0,,0.0,,0.0,,0.0,,0.0,,0.0,,0.0,,,,,,,,,,,,0.0,,,,,,,,,,,,,,,,,,,,,,,,,,,,,,,,,,,,,,,,,,,,,,,,,,,,,,,,,,,,,,,,,,,,,,,,,,,,,,,,,,,,,,,,,,,,,,,,,,,,,,,,,,0.06937191542237994,0.0,,,,,,,,,,,,,,,0.0,,0.0,,,,,,,,,,,,,,0.0,,0.0,,,,,,,,,,,,0.0,,0.0,,0.0,,,,,,,,,,,,,,,,,,,,,,,,,,,,,,,,,,,,,,,,0,0,17,15
2,region_02,2021-06-12,0.0,0.0,0.0,0.0,0.0,,0.005715969018638099,0.0,,,,,,,0.0,,0.32913979887962336,0.0,,,0.0,0.0,0.0,0.0,0.0,0.0,0.0,0.0,0.0742680029943585,0.0,,,,,,,,,0.0,0.0,0.2683491283519701,0.0,0.0,,0.12343323510140176,0.0,0.06384760141372678,0.0,0.0,0.0,0.012566970661282479,0.0,0.0066823661327361505,0.0,0.0,,0.0,,0.0,,0.0,,0.0,,,,,,0.0,,0.0,,0.0,,0.0,,0.0,,0.0,,0.0,,0.0,,0.0,,0.0,,,,,,,,,,,,0.0,,,,,,,,,,,,,,,,,,,,,,,,,,,,,,,,,,,,,,,,,,,,,,,,,,,,,,,,,,,,,,,,,,,,,,,,,,,,,,,,,,,,,,,,,,,,,,,,,,,,,,,,,,0.09278543293476103,0.0,,,,,,,,,,,,,,,0.0,,0.0,,,,,,,,,,,,,,0.0,,0.0,,,,,,,,,,,,0.0,,0.0,,0.0,,,,,,,,,,,,,,,,,,,,,,,,,,,,,,,,,,,,,,,,0,0,17,16
2,region_02,2021-06-19,0.010396527592092749,0.0,0.0,0.0,0.005300780026508194,2.0,0.0171936713159084,0.0,,,,,,,0.0,,0.2970226287841797,0.0,,,0.0,0.0,0.0,0.0,0.0,0.0,0.0,0.0,0.025459139297405852,0.0,,,,,,,,,0.0,0.0,0.3678106658598956,0.0,0.0,,0.14125127438455815,0.0,0.0534641603007912,0.0,0.0,0.0,0.00833451785147186,0.0,0.0,0.0,0.0,,0.0,,0.0,,0.0,,0.0,,,,,,0.0,,0.0,,0.0,,0.0,,0.0,,0.0,,0.0,,0.0,,0.0,,0.0,,,,,,,,,,,,0.0,,,,,,,,,,,,,,,,,,,,,,,,,,,,,,,,,,,,,,,,,,,,,,,,,,,,,,,,,,,,,,,,,,,,,,,,,,,,,,,,,,,,,,,,,,,,,,,,,,,,,,,,,,0.0870181024074554,0.0,,,,,,,,,,,,,,,0.0,,0.0,,,,,,,,,,,,,,0.0,,0.0,,,,,,,,,,,,0.0,,0.0,,0.0,,,,,,,,,,,,,,,,,,,,,,,,,,,,,,,,,,,,,,,,0,1,17,17
2,region_02,2021-06-26,0.014260986354201949,0.0,0.0,0.0,0.0,0.0,0.0659377463161945,0.0,,,,,,,0.0,,0.13492567506101394,0.0,,,0.0,0.0,0.0,0.0,0.0,0.0,0.0,0.0,0.035998728126287405,0.0,,,,,,,,,0.0,0.0,0.5530282145268038,0.0,0.0,,0.1406635576859116,0.0,0.022041492164134924,0.0,0.0038825456285848997,0.0,0.01411924548447126,0.0,0.006500716554000949,0.0,0.0,,0.0,,0.0,,0.0,,0.0,,,,,,0.0,,0.0,,0.0,,0.0,,0.0,,0.0,,0.0,,0.0,,0.0,,0.0,,,,,,,,,,,,0.0,,,,,,,,,,,,,,,,,,,,,,,,,,,,,,,,,,,,,,,,,,,,,,,,,,,,,,,,,,,,,,,,,,,,,,,,,,,,,,,,,,,,,,,,,,,,,,,,,,,,,,,,,,0.07461670413613317,0.0,,,,,,,,,,,,,,,0.0,,0.0,,,,,,,,,,,,,,0.0,,0.0,,,,,,,,,,,,0.0,,0.0,,0.0,,,,,,,,,,,,,,,,,,,,,,,,,,,,,,,,,,,,,,,,0,0,18,18
2,region_02,2021-07-03,0.00447918870486315,0.0,0.0,0.0,0.0,0.0,0.0553777832537889,0.0,,,,,,,0.0,,0.08746762126684185,0.0,,,0.0,0.0,0.0,0.0,0.0,0.0,0.0,0.0,0.021021384435395366,0.0,,,,,,,,,0.0,0.0,0.6969857818778904,0.0,0.0,,0.10658746398985382,0.0,0.028178325854241824,0.0,0.0028272514464333003,0.0,0.017665909603238057,0.0,0.00447625946253535,0.0,0.0,,0.0,,0.0,,0.0,,0.0,,,,,,0.0,,0.0,,0.0,,0.0,,0.0,,0.0,,0.0,,0.0,,0.0,,0.0,,,,,,,,,,,,0.0,,,,,,,,,,,,,,,,,,,,,,,,,,,,,,,,,,,,,,,,,,,,,,,,,,,,,,,,,,,,,,,,,,,,,,,,,,,,,,,,,,,,,,,,,,,,,,,,,,,,,,,,,,0.04485823710759477,0.0,,,,,,,,,,,,,,,0.0,,0.0,,,,,,,,,,,,,,0.0,,0.0,,,,,,,,,,,,0.0,,0.0,,0.0,,,,,,,,,,,,,,,,,,,,,,,,,,,,,,,,,,,,,,,,0,0,18,19
2,region_02,2021-07-10,0.0048423705156892,0.0,0.0,0.0,0.004759100607285853,0.0,0.10775572806596755,0.0,,,,,,,0.0,,0.030098873190581753,0.0,,,0.0,0.0,0.0,0.0,0.0,0.0,0.0,0.0,0.012313968967646317,0.0,,,,,,,,,0.0,0.0,0.8056221124769627,0.0,0.0,,0.05208937761684255,0.0,0.021615397185087124,0.0,0.0,0.0,0.00564159033820028,0.0,0.0003839679993689,0.0,0.0,,0.0,,0.0,,0.0,,0.0,,,,,,0.0,,0.0,,0.0,,0.0,,0.0,,0.0,,0.0,,0.0,,0.0,,0.0,,,,,,,,,,,,0.0,,,,,,,,,,,,,,,,,,,,,,,,,,,,,,,,,,,,,,,,,,,,,,,,,,,,,,,,,,,,,,,,,,,,,,,,,,,,,,,,,,,,,,,,,,,,,,,,,,,,,,,,,,0.03939053850869332,0.0,,,,,,,,,,,,,,,0.0,,0.0,,,,,,,,,,,,,,0.0,,0.0,,,,,,,,,,,,0.0,,0.0,,0.0,,,,,,,,,,,,,,,,,,,,,,,,,,,,,,,,,,,,,,,,0,0,18,20
2,region_02,2021-07-17,0.0,0.0,0.0017198016090939068,0.0,0.0,0.0,0.14320927113294601,0.0,,,,,,,0.0,,0.01856034745772675,0.0,,,0.0,0.0,0.0,0.0,0.0,0.0,0.0,0.0,0.00362008309457445,0.0,,,,,,,,,0.0,0.0,0.8475171635890829,0.0,0.0,,0.042378926184028345,0.0,0.01102899666875595,0.0,0.0,0.0,0.011806381866335841,0.0,0.0018936849664895998,0.0,0.0,,0.0,,0.0,,0.0,,0.0,,,,,,0.0,,0.0,,0.0,,0.0,,0.0,,0.0,,0.0,,0.0,,0.0,,0.0,,,,,,,,,,,,0.0,,,,,,,,,,,,,,,,,,,,,,,,,,,,,,,,,,,,,,,,,,,,,,,,,,,,,,,,,,,,,,,,,,,,,,,,,,,,,,,,,,,,,,,,,,,,,,,,,,,,,,,,,,0.028932957599560365,0.0,,,,,,,,,,,,,,,0.0,,0.0,,,,,,,,,,,,,,0.0,,0.0,,,,,,,,,,,,0.0,,0.0,,0.0,,,,,,,,,,,,,,,,,,,,,,,,,,,,,,,,,,,,,,,,0,0,18,21
2,region_02,2021-07-24,0.0019635883509180998,0.0,0.0014154459004202687,0.0,0.0003884141715388375,0.0,0.15272811055183405,0.0,,,,,,,0.0,,0.007552106554309467,0.0,,,0.0,0.0,0.0,0.0,0.0,0.0,0.0,0.0,0.0021592476987279336,0.0,,,,,,,,,0.0,0.0,0.947872607480912,0.0,0.0,,0.012932702200487225,0.0,0.00594364851713175,0.0,0.0,0.0,0.0018380206776782398,0.0,0.0,0.0,0.0,,0.0,,0.0,,0.0,,0.0,,,,,,0.0,,0.0,,0.0,,0.0,,0.0,,0.0,,0.0,,0.0,,0.0,,0.0,,,,,,,,,,,,0.0,,,,,,,,,,,,,,,,,,,,,,,,,,,,,,,,,,,,,,,,,,,,,,,,,,,,,,,,,,,,,,,,,,,,,,,,,,,,,,,,,,,,,,,,,,,,,,,,,,,,,,,,,,0.004976596275810112,0.0,,,,,,,,,,,,,,,0.0,,0.0,,,,,,,,,,,,,,0.0,,0.0,,,,,,,,,,,,0.0,,0.0,,0.0,,,,,,,,,,,,,,,,,,,,,,,,,,,,,,,,,,,,,,,,0,0,18,22
2,region_02,2021-07-31,0.0,0.0,0.0014570037873150932,0.0,0.0011994302738457402,0.0,0.1743850857019424,0.0,,,,,,,0.0,,0.00755688166245812,0.0,,,0.0,0.0,,,,,0.0,0.0,0.0,0.0,,,,,,,,,0.0,0.0,0.967863665763722,0.0,0.0,,0.007230209419503725,0.0,0.0017815221023435,0.0,0.0,0.0,0.0013321335136424,0.0,0.0,0.0,0.0,,0.0,,0.0,,0.0,,0.0,,,,,,0.0,,0.0,,0.0,,0.0,,0.0,,0.0,,0.0,,0.0,,0.0,,0.0,,,,,,,,,,,,0.0,,,,,,,,,,,,,,,,,,,,,,,,,,,,,,,,,,,,,,,,,,,,,,,,,,,,,,,,,,,,,,,,,,,,,,,,,,,,,,,,,,,,,,,,,,,,,,,,,,,,,,,,,,0.004385637119412386,0.0,,,,,,,,,,,,,,,0.0,,0.0,,,,,,,,,,,,,,0.0,,0.0,,,,,,,,,,,,0.0,,0.0,,0.0,,,,,,,,,,,,,,,,,,,,,,,,,,,,,,,,,,,,,,,,0,0,16,23
2,region_02,2021-08-07,,,0.00196523361539995,0.0,0.0015388172552255213,0.0,,,,,,,,,0.0,,0.00318421318661415,0.0,,,0.0,0.0,,,,,0.0,0.0,0.0,0.0,,,,,,,,,0.0,0.0,0.9748532680904164,0.0,0.0,,0.0057327301241457,0.0,0.002512892417144,0.0,,,0.0007496012840419332,0.0,0.0,0.0,0.0,,0.0,,0.0,,0.0,,0.0,,,,,,0.0,,0.0,,0.0,,0.0,,0.0,,0.0,,0.0,,0.0,,0.0,,0.0,,,,,,,,,,,,0.0,,,,,,,,,,,,,,,,,,,,,,,,,,,,,,,,,,,,,,,,,,,,,,,,,,,,,,,,,,,,,,,,,,,,,,,,,,,,,,,,,,,,,,,,,,,,,,,,,,,,,,,,,,0.003043582119668467,0.0,,,,,,,,,,,,,,,0.0,,0.0,,,,,,,,,,,,,,0.0,,0.0,,,,,,,,,,,,0.0,,0.0,,0.0,,,,,,,,,,,,,,,,,,,,,,,,,,,,,,,,,,,,,,,,0,0,13,24
2,region_02,2021-08-14,,,0.004851741178964138,0.0,0.0003159695098964154,0.0,,,,,,,,,0.0,,0.00024276399635705996,0.0,,,0.0,0.0,,,,,0.0,0.0,0.0,0.0,,,,,,,,,0.0,0.0,0.9889902060414538,0.0,0.0,,0.00354698840528722,0.0,0.0023100744001567,0.0,,,0.0011892610345966498,0.0,0.0,0.0,0.0,,0.0,,0.0,,0.0,,0.0,,,,,,0.0,,0.0,,0.0,,0.0,,0.0,,0.0,,0.0,,0.0,,0.0,,0.0,,,,,,,,,,,,0.0,,,,,,,,,,,,,,,,,,,,,,,,,,,,,,,,,,,,,,,,,,,,,,,,,,,,,,,,,,,,,,,,,,,,,,,,,,,,,,,,,,,,,,,,,,,,,,,,,,,,,,,,,,0.00089179226779375,0.0,,,,,,,,,,,,,,,0.0,,0.0,,,,,,,,,,,,,,0.0,,0.0,,,,,,,,,,,,0.0,,0.0,,0.0,,,,,,,,,,,,,,,,,,,,,,,,,,,,,,,,,,,,,,,,0,0,13,25
2,region_02,2021-08-21,,,0.002766209188848685,0.0,0.000536524766805323,0.0,,,,,,,,,0.0,,0.0,0.0,,,0.0,0.0,,,,,0.0,0.0,0.0,0.0,,,,,,,,,0.0,0.0,0.9905568766005245,0.0,0.0,,0.00272962749004358,0.0,0.0014156749239191,0.0,,,0.0005773260199930499,0.0,0.0,0.0,0.0,,0.0,,0.0,,0.0,,0.0,,,,,,0.0,,0.0,,0.0,,0.0,,0.0,,0.0,,0.0,,0.0,,0.0,,0.0,,,,,,,,,,,,0.0,,,,,,,,,,,,,,,,,,,,,,,,,,,,,,,,,,,,,,,,,,,,,,,,,,,,,,,,,,,,,,,,,,,,,,,,,,,,,,,,,,,,,,,,,,,,,,,,,,,,,,,,,,0.0008117367629892601,0.0,,,,,,,,,,,,,,,0.0,,0.0,,,,,,,,,,,,,,0.0,,0.0,,,,,,,,,,,,0.0,,0.0,,0.0,,,,,,,,,,,,,,,,,,,,,,,,,,,,,,,,,,,,,,,,0,0,13,26
2,region_02,2021-08-28,,,0.0010898538894252416,0.0,0.0,0.0,,,,,,,,,0.0,,0.0,0.0,,,0.0,0.0,,,,,0.0,0.0,0.0,0.0,,,,,,,,,0.0,0.0,0.9761375983556112,0.0,0.0,,0.003525280219037025,0.0,,,,,0.0,0.0,0.0,0.0,0.0,,0.0,,0.0,,0.0,,0.0,,,,,,0.0,,0.0,,0.0,,0.0,,0.0,,0.0,,0.0,,0.0,,0.0,,0.0,,,,,,,,,,,,0.0,,,,,,,,,,,,,,,,,,,,,,,,,,,,,,,,,,,,,,,,,,,,,,,,,,,,,,,,,,,,,,,,,,,,,,,,,,,,,,,,,,,,,,,,,,,,,,,,,,,,,,,,,,0.000498314984724825,0.0,,,,,,,,,,,,,,,0.0,,0.0,,,,,,,,,,,,,,0.0,,0.0,,,,,,,,,,,,0.0,,0.0,,0.0,,,,,,,,,,,,,,,,,,,,,,,,,,,,,,,,,,,,,,,,0,0,12,27
2,region_02,2021-09-04,,,0.0012098595228356166,0.0,0.0025495239956811818,0.0,,,,,,,,,0.0,,0.0,0.0,,,0.0,0.0,,,,,,,0.0,0.0,,,,,,,,,0.0,0.0,0.9884608961917736,0.0,,,0.0027283146822203665,0.0,,,,,0.0004039900086354,0.0,0.0,0.0,0.0,,0.0,,0.0,,0.0,,0.0,,,,,,0.0,,0.0,,0.0,,0.0,,0.0,,0.0,,0.0,,0.0,,0.0,,0.0,,,,,,,,,,,,0.0,,,,,,,,,,,,,,,,,,,,,,,,,,,,,,,,,,,,,,,,,,,,,,,,,,,,,,,,,,,,,,,,,,,,,,,,,,,,,,,,,,,,,,,,,,,,,,,,,,,,,,,,,,0.0004011956722630333,0.0,,,,,,,,,,,,,,,0.0,,0.0,,,,,,,,,,,,,,0.0,,0.0,,,,,,,,,,,,0.0,,0.0,,0.0,,,,,,,,,,,,,,,,,,,,,,,,,,,,,,,,,,,,,,,,0,0,11,28
2,region_02,2021-09-11,,,0.0,0.0,0.0007053345589982636,0.0,,,,,,,,,0.0,,0.0,0.0,,,0.0,0.0,,,,,,,0.0,0.0,,,,,,,,,0.0,0.0,0.9971724924494009,0.0,,,0.0016117323345193667,0.0,,,,,0.0,0.0,0.0,0.0,0.0,,0.0,,0.0,,0.0,,0.0,,,,,,0.0,,0.0,,0.0,,0.0,,0.0,,0.0,,0.0,,0.0,,0.0,,0.0,,,,,,,,,,,,0.0,,,,,,,,,,,,,,,,,,,,,,,,,,,,,,,,,,,,,,,,,,,,,,,,,,,,,,,,,,,,,,,,,,,,,,,,,,,,,,,,,,,,,,,,,,,,,,,,,,,,,,,,,,0.0,0.0,,,,,,,,,,,,,,,0.0,,0.0,,,,,,,,,,,,,,0.0,,0.0,,,,,,,,,,,,0.0,,0.0,,0.0,,,,,,,,,,,,,,,,,,,,,,,,,,,,,,,,,,,,,,,,0,0,11,29
2,region_02,2021-09-18,,,0.0,0.0,0.00046296495970127777,0.0,,,,,,,,,0.0,,0.0,0.0,,,0.0,0.0,,,,,,,0.0,0.0,,,,,,,,,0.0,0.0,0.9878941673737067,0.0,,,0.0,0.0,,,,,0.0,0.0,0.0,0.0,0.0,,0.0,,0.0,,0.0,,0.0,,,,,,0.0,,0.0,,0.0,,0.0,,0.0,,0.0,,0.0,,0.0,,0.0,,0.0,,,,,,,,,,,,0.0,,,,,,,,,,,,,,,,,,,,,,,,,,,,,,,,,,,,,,,,,,,,,,,,,,,,,,,,,,,,,,,,,,,,,,,,,,,,,,,,,,,,,,,,,,,,,,,,,,,,,,,,,,0.0,0.0,,,,,,,,,,,,,,,0.0,,0.0,,,,,,,,,,,,,,0.0,,0.0,,,,,,,,,,,,0.0,,0.0,,0.0,,,,,,,,,,,,,,,,,,,,,,,,,,,,,,,,,,,,,,,,0,0,11,30
2,region_02,2021-09-25,,,0.0004324755973357,0.0,0.000361322741809975,0.0,,,,,,,,,0.0,,0.0,0.0,,,,,,,,,,,,,,,,,,,,,,,0.995204896498949,0.0,,,0.0013994140317663,0.0,,,,,,,,,0.0,,0.0,,0.0,,0.0,,0.0,,,,,,0.0,,0.0,,0.0,,0.0,,0.0,,0.0,,0.0,,0.0,,0.0,,0.0,,,,,,,,,,,,0.0,,,,,,,,,,,,,,,,,,,,,,,,,,,,,,,,,,,,,,,,,,,,,,,,,,,,,,,,,,,,,,,,,,,,,,,,,,,,,,,,,,,,,,,,,,,,,,,,,,,,,,,,,,0.001483422005549,0.0,,,,,,,,,,,,,,,0.0,,0.0,,,,,,,,,,,,,,0.0,,0.0,,,,,,,,,,,,0.0,,0.0,,0.0,,,,,,,,,,,,,,,,,,,,,,,,,,,,,,,,,,,,,,,,0,0,6,31
2,region_02,2021-10-02,,,0.000316559744533125,0.0,0.0,0.0,,,,,,,,,0.0,,0.0,0.0,,,,,,,,,,,,,,,,,,,,,,,0.9891553880312504,0.0,,,,,,,,,,,,,0.0,,0.0,,0.0,,0.0,,0.0,,,,,,0.0,,0.0,,0.0,,0.0,,0.0,,0.0,,0.0,,0.0,,0.0,,0.0,,,,,,,,,,,,0.0,,,,,,,,,,,,,,,,,,,,,,,,,,,,,,,,,,,,,,,,,,,,,,,,,,,,,,,,,,,,,,,,,,,,,,,,,,,,,,,,,,,,,,,,,,,,,,,,,,,,,,,,,,,,,,,,,,,,,,,,,,0.0,,0.0,,,,,,,,,,,,,,0.0,,0.0,,,,,,,,,,,,0.0,,0.0,,0.0,,,,,,,,,,,,,,,,,,,,,,,,,,,,,,,,,,,,,,,,0,0,4,32
2,region_02,2021-10-09,,,0.0,0.0,0.0,0.0,,,,,,,,,0.0,,0.0,0.0,,,,,,,,,,,,,,,,,,,,,,,0.9890627023336049,0.0,,,,,,,,,,,,,0.0,,0.0,,0.0,,0.0,,0.0,,,,,,0.0,,0.0,,0.0,,0.0,,0.0,,0.0,,0.0,,0.0,,0.0,,0.0,,,,,,,,,,,,0.0,,,,,,,,,,,,,,,,,,,,,,,,,,,,,,,,,,,,,,,,,,,,,,,,,,,,,,,,,,,,,,,,,,,,,,,,,,,,,,,,,,,,,,,,,,,,,,,,,,,,,,,,,,,,,,,,,,,,,,,,,,0.0,,0.0,,,,,,,,,,,,,,0.00028149448917245,1.0,0.0,,,,,,,,,,,,0.0,,0.0,,0.0,,,,,,,,,,,,,,,,,,,,,,,,,,,,,,,,,,,,,,,,1,0,4,0
2,region_02,2021-10-16,,,0.0,0.0,0.0005557933140412571,0.0,,,,,,,,,0.0,,0.0,0.0,,,,,,,,,,,,,,,,,,,,,,,0.994850236821819,0.0,,,,,,,,,,,,,0.0,,0.0,,0.0,,0.0,,0.0,,,,,,0.0,,0.0,,0.0,,0.0,,0.0,,0.0,,0.0,,0.0,,0.0,,0.0,,,,,,,,,,,,0.0,,,,,,,,,,,,,,,,,,,,,,,,,,,,,,,,,,,,,,,,,,,,,,,,,,,,,,,,,,,,,,,,,,,,,,,,,,,,,,,,,,,,,,,,,,,,,,,,,,,,,,,,,,,,,,,,,,,,,,,,,,0.0,,0.0,,,,,,,,,,,,,,0.0,0.0,0.0,,,,,,,,,,,,0.0,,0.0,,0.0,,,,,,,,,,,,,,,,,,,,,,,,,,,,,,,,,,,,,,,,0,0,5,1
2,region_02,2021-10-23,,,0.0022426633125481,0.0,0.00050285394536328,0.0,,,,,,,,,0.0,,,,,,,,,,,,,,,,,,,,,,,,,,0.9915103073182859,0.0,,,,,,,,,,,,,0.0,,0.0,,0.0,,0.0,,0.0,,,,,,0.0,,0.0,,0.0,,0.0,,0.0,,0.0,,0.0,,0.0,,0.0,,0.0,,,,,,,,,,,,0.0,,,,,,,,,,,,,,,,,,,,,,,,,,,,,,,,,,,,,,,,,,,,,,,,,,,,,,,,,,,,,,,,,,,,,,,,,,,,,,,,,,,,,,,,,,,,,,,,,,,,,,,,,,,,,,,,,,,,,,,,,,0.0,,0.0,,,,,,,,,,,,,,0.0,0.0,0.0,,,,,,,,,,,,0.0,,0.0,,0.0,,,,,,,,,,,,,,,,,,,,,,,,,,,,,,,,,,,,,,,,0,0,4,2
2,region_02,2021-10-30,,,0.0,0.0,0.0002853899786714,0.0,,,,,,,,,0.0,,,,,,,,,,,,,,,,,,,,,,,,,,0.9936344305674235,0.0,,,,,,,,,,,,,0.0,,0.0,,0.0,,0.0,,0.0,,,,,,0.0,,0.0,,0.0,,0.0,,0.0,,0.0,,0.0,,0.0,,0.0,,0.0,,,,,,,,,,,,0.0,,,,,,,,,,,,,,,,,,,,,,,,,,,,,,,,,,,,,,,,,,,,,,,,,,,,,,,,,,,,,,,,,,,,,,,,,,,,,,,,,,,,,,,,,,,,,,,,,,,,,,,,,,,,,,,,,,,,,,,,,,0.0,,0.0,,,,,,,,,,,,,,0.0,0.0,0.0,,,,,,,,,,,,0.0,,0.0,,0.0,,,,,,,,,,,,,,,,,,,,,,,,,,,,,,,,,,,,,,,,0,0,4,3
2,region_02,2021-11-06,,,0.0,0.0,0.0006866612238809,0.0,,,,,,,,,0.0,,,,,,,,,,,,,,,,,,,,,,,,,,0.9855807831842606,0.0,,,,,,,,,,,,,0.0,,0.0,,0.0,,0.0,,0.0,,,,,,0.0,,0.0,,0.0,,0.0,,0.0,,0.0,,0.0,,0.0,,0.0,,0.0,,,,,,,,,,,,0.0,,,,,,,,,,,,,,,,,,,,,,,,,,,,,,,,,,,,,,,,,,,,,,,,,,,,,,,,,,,,,,,,,,,,,,,,,,,,,,,,,,,,,,,,,,,,,,,,,,,,,,,,,,,,,,,,,,,,,,,,,,0.0,,0.0,,,,,,,,,,,,,,0.0,0.0,0.0,,,,,,,,,,,,0.0,,0.0,,0.0,,,,,,,,,,,,,,,,,,,,,,,,,,,,,,,,,,,,,,,,0,0,4,4
2,region_02,2021-11-13,,,0.0002107143809553,0.0,0.0012538989928240333,0.0,,,,,,,,,0.0,,,,,,,,,,,,,,,,,,,,,,,,,,0.9843237502234322,0.0,,,,,,,,,,,,,0.0,,0.0,,0.0,,0.0,,0.0,,,,,,0.0,,0.0,,0.0,,0.0,,0.0,,0.0,,0.0,,0.0,,0.0,,0.0,,,,,,,,,,,,0.0,,,,,,,,,,,,,,,,,,,,,,,,,,,,,,,,,,,,,,,,,,,,,,,,,,,,,,,,,,,,,,,,,,,,,,,,,,,,,,,,,,,,,,,,,,,,,,,,,,,,,,,,,,,,,,,,,,,,,,,,,,0.0,,0.0,,,,,,,,,,,,,,0.0,0.0,0.0,,,,,,,,,,,,0.0,,0.0,,0.0,,,,,,,,,,,,,,,,,,,,,,,,,,,,,,,,,,,,,,,,0,0,4,5
2,region_02,2021-11-20,,,0.00038740067975595,0.0,0.0,0.0,,,,,,,,,0.0,,,,,,,,,,,,,,,,,,,,,,,,,,0.9792109474743882,0.0,,,,,,,,,,,,,0.0,,0.0,,0.0,,0.0,,0.0,,,,,,0.0,,0.0,,0.0,,0.0,,0.0,,0.0,,0.0,,0.0,,0.0,,0.0,,,,,,,,,,,,0.0,,,,,,,,,,,,,,,,,,,,,,,,,,,,,,,,,,,,,,,,,,,,,,,,,,,,,,,,,,,,,,,,,,,,,,,,,,,,,,,,,,,,,,,,,,,,,,,,,,,,,,,,,,,,,,,,,,,,,,,,,,0.0,,0.0,,,,,,,,,,,,,,0.0,0.0,0.0,,,,,,,,,,,,0.0,,0.0,,0.0,,,,,,,,,,,,,,,,,,,,,,,,,,,,,,,,,,,,,,,,0,0,4,6
2,region_02,2021-11-27,,,0.0,0.0,0.0,0.0,,,,,,,,,0.0018926876571590276,1.0,,,,,,,,,,,,,,,,,,,,,,,,,0.983134397689034,0.0,,,,,,,,,,,,,0.0,,0.0,,0.0,,0.0,,0.0,,,,,,0.0,,0.0,,0.0,,0.0,,0.0,,0.0,,0.0,,0.0,,0.0,,0.0,,,,,,,,,,,,0.0,,,,,,,,,,,,,,,,,,,,,,,,,,,,,,,,,,,,,,,,,,,,,,,,,,,,,,,,,,,,,,,,,,,,,,,,,,,,,,,,,,,,,,,,,,,,,,,,,,,,,,,,,,,,,,,,,,,,,,,,,,0.0,,0.0,,,,,,,,,,,,,,0.0,0.0,0.0,,,,,,,,,,,,0.0,,0.0,,0.0,,,,,,,,,,,,,,,,,,,,,,,,,,,,,,,,,,,,,,,,1,0,4,0
2,region_02,2021-12-04,,,,,,,,,,,,,,,0.02134530792633688,0.0,,,,,,,,,,,,,,,,,,,,,,,,,0.9754842613424574,0.0,,,,,,,,,,,,,0.0009698551042343514,1.0,0.0,,0.0,,0.0,,0.0,,,,,,0.0,,0.0,,0.0,,0.0,,0.0,,0.0,,0.0,,0.0,,0.0,,0.0,,,,,,,,,,,,0.0,,,,,,,,,,,,,,,,,,,,,,,,,,,,,,,,,,,,,,,,,,,,,,,,,,,,,,,,,,,,,,,,,,,,,,,,,,,,,,,,,,,,,,,,,,,,,,,,,,,,,,,,,,,,,,,,,,,,,,,,,,0.0,,0.0,,,,,,,,,,,,,,0.0,0.0,0.0,,,,,,,,,,,,0.0,,0.0,,0.0,,,,,,,,,,,,,,,,,,,,,,,,,,,,,,,,,,,,,,,,1,0,3,0
2,region_02,2021-12-11,,,,,,,,,,,,,,,0.17754877579044284,0.0,,,,,,,,,,,,,,,,,,,,,,,,,0.7968835905194283,0.0,,,,,,,,,,,,,0.037400447927853596,0.0,0.0020958227528766727,1.0,0.0,,0.0,,0.0,,,,,,0.0,,0.0,,0.0,,0.0,,0.0,,0.0,,0.0,,0.0,,0.0,,0.0,,,,,,,,,,,,0.0,,,,,,,,,,,,,,,,,,,,,,,,,,,,,,,,,,,,,,,,,,,,,,,,,,,,,,,,,,,,,,,,,,,,,,,,,,,,,,,,,,,,,,,,,,,,,,,,,,,,,,,,,,,,,,,,,,,,,,,,,,0.0,,0.0,,,,,,,,,,,,,,0.0,0.0,0.0,,,,,,,,,,,,0.0,,0.0,,0.0,,,,,,,,,,,,,,,,,,,,,,,,,,,,,,,,,,,,,,,,1,0,4,0
2,region_02,2021-12-18,,,,,,,,,,,,,,,0.45036787097004877,0.0,,,,,,,,,,,,,,,,,,,,,,,,,0.43954957395360084,0.0,,,,,,,,,,,,,0.2120335395721828,0.0,0.006539501249790145,0.0,0.0,,0.0,,0.0,,,,,,0.0,,0.0,,0.0,,0.0,,0.0,,0.0,,0.0,,0.0,,0.0,,0.0,,,,,,,,,,,,0.0,,,,,,,,,,,,,,,,,,,,,,,,,,,,,,,,,,,,,,,,,,,,,,,,,,,,,,,,,,,,,,,,,,,,,,,,,,,,,,,,,,,,,,,,,,,,,,,,,,,,,,,,,,,,,,,,,,,,,,,,,,0.0,,0.0,,,,,,,,,,,,,,0.0,0.0,0.0,,,,,,,,,,,,0.0,,0.0,,0.0,,,,,,,,,,,,,,,,,,,,,,,,,,,,,,,,,,,,,,,,0,0,5,1
2,region_02,2021-12-25,,,,,,,,,,,,,,,0.6448598145574763,0.0,,,,,,,,,,,,,,,,,,,,,,,,,0.15174926239163122,0.0,,,,,,,,,,,,,0.4018124412087833,0.0,0.005810575983063699,0.0,0.0,,0.0,,0.0,,,,,,0.0,,0.0,,0.0,,0.0,,0.0,,0.0,,0.0,,0.0,,0.0,,0.0,,,,,,,,,,,,0.0,,,,,,,,,,,,,,,,,,,,,,,,,,,,,,,,,,,,,,,,,,,,,,,,,,,,,,,,,,,,,,,,,,,,,,,,,,,,,,,,,,,,,,,,,,,,,,,,,,,,,,,,,,,,,,,,,,,,,,,,,,0.0,,0.0,,,,,,,,,,,,,,0.0,0.0,0.0,,,,,,,,,,,,0.0,,0.0,,0.0,,,,,,,,,,,,,,,,,,,,,,,,,,,,,,,,,,,,,,,,0,0,5,2
2,region_02,2022-01-01,,,,,,,,,,,,,,,0.657978252891232,0.0,,,,,,,,,,,,,,,,,,,,,,,,,0.0851077722275958,0.0,,,,,,,,,,,,,0.47924592126818266,0.0,0.009885718961330937,0.0,0.0,,0.0,,0.0,,,,,,0.0,,0.0,,0.0,,0.0,,0.0,,0.0,,0.0,,0.0,,0.0,,0.0,,,,,,,,,,,,0.0,,,,,,,,,,,,,,,,,,,,,,,,,,,,,,,,,,,,,,,,,,,,,,,,,,,,,,,,,,,,,,,,,,,,,,,,,,,,,,,,,,,,,,,,,,,,,,,,,,,,,,,,,,,,,,,,,,,,,,,,,,0.0,,0.0,,,,,,,,,,,,,,0.0,0.0,0.0,,,,,,,,,,,,0.0,,0.0,,0.0,,,,,,,,,,,,,,,,,,,,,,,,,,,,,,,,,,,,,,,,0,0,5,3
2,region_02,2022-01-08,,,,,,,,,,,,,,,0.6699875931241619,0.0,,,,,,,,,,,,,,,,,,,,,,,,,0.04032476945543908,0.0,,,,,,,,,,,,,0.5640589752618004,0.0,0.0021031428298625876,0.0,0.0,,0.0,,0.0,,,,,,0.0,,0.0,,0.0,,0.0,,0.0,,0.0,,0.0,,0.0,,0.0,,0.0,,,,,,,,,,,,0.0,,,,,,,,,,,,,,,,,,,,,,,,,,,,,,,,,,,,,,,,,,,,,,,,,,,,,,,,,,,,,,,,,,,,,,,,,,,,,,,,,,,,,,,,,,,,,,,,,,,,,,,,,,,,,,,,,,,,,,,,,,0.0,,0.0,,,,,,,,,,,,,,0.0,0.0,0.0,,,,,,,,,,,,0.0,,0.0,,0.0,,,,,,,,,,,,,,,,,,,,,,,,,,,,,,,,,,,,,,,,0,0,5,4
2,region_02,2022-01-15,,,,,,,,,,,,,,,0.6706375324014408,0.0,,,,,,,,,,,,,,,,,,,,,,,,,0.01870911168835812,0.0,,,,,,,,,,,,,0.6047578524140751,0.0,0.0018864653019520599,0.0,0.0,,0.0,,0.0,,,,,,0.0,,0.0,,0.0,,0.0,,0.0,,0.0,,0.0,,0.0,,0.0,,0.0,,,,,,,,,,,,0.0,,,,,,,,,,,,,,,,,,,,,,,,,,,,,,,,,,,,,,,,,,,,,,,,,,,,,,,,,,,,,,,,,,,,,,,,,,,,,,,,,,,,,,,,,,,,,,,,,,,,,,,,,,,,,,,,,,,,,,,,,,0.0,,0.0,,,,,,,,,,,,,,0.0,0.0,0.0,,,,,,,,,,,,0.0,,0.0,,0.0,,,,,,,,,,,,,,,,,,,,,,,,,,,,,,,,,,,,,,,,0,0,5,5
2,region_02,2022-01-22,,,,,,,,,,,,,,,0.65159696661509,0.0,,,,,,,,,,,,,,,,,,,,,,,,,0.0071537157658625,0.0,,,,,,,,,,,,,0.6580499555125381,0.0,0.007565782886118612,0.0,0.0,,0.0,,0.0,,,,,,0.0,,0.0,,0.0,,0.0,,0.0,,0.0,,0.0,,0.0,,0.0,,0.0,,,,,,,,,,,,0.0,,,,,,,,,,,,,,,,,,,,,,,,,,,,,,,,,,,,,,,,,,,,,,,,,,,,,,,,,,,,,,,,,,,,,,,,,,,,,,,,,,,,,,,,,,,,,,,,,,,,,,,,,,,,,,,,,,,,,,,,,,0.0,,0.0,,,,,,,,,,,,,,0.0,0.0,0.0,,,,,,,,,,,,0.0,,0.0,,0.0,,,,,,,,,,,,,,,,,,,,,,,,,,,,,,,,,,,,,,,,0,0,5,6
2,region_02,2022-01-29,,,,,,,,,,,,,,,0.62745028315112,0.0,,,,,,,,,,,,,,,,,,,,,,,,,0.0043009823080724895,0.0,,,,,,,,,,,,,0.6798057190833553,0.0,0.02528989035636181,0.0,0.0,,0.0,,0.0,,,,,,0.0,,0.0,,0.0,,0.0,,0.0,,0.0,,0.0,,0.0,,0.0,,0.0,,,,,,,,,,,,0.0,,,,,,,,,,,,,,,,,,,,,,,,,,,,,,,,,,,,,,,,,,,,,,,,,,,,,,,,,,,,,,,,,,,,,,,,,,,,,,,,,,,,,,,,,,,,,,,,,,,,,,,,,,,,,,,,,,,,,,,,,,0.0,,0.0,,,,,,,,,,,,,,0.0,0.0,0.0,,,,,,,,,,,,0.0,,0.0,,0.0,,,,,,,,,,,,,,,,,,,,,,,,,,,,,,,,,,,,,,,,0,0,5,7
2,region_02,2022-02-05,,,,,,,,,,,,,,,0.5968784398975826,0.0,,,,,,,,,,,,,,,,,,,,,,,,,0.0036885433346469172,0.0,,,,,,,,,,,,,0.7337643124840476,0.0,0.015136046218685754,0.0,0.0,,0.0,,0.0,,,,,,0.0,,0.0,,0.0,,0.0,,0.0,,0.0,,0.0,,0.0,,0.0,,0.0,,,,,,,,,,,,0.0,,,,,,,,,,,,,,,,,,,,,,,,,,,,,,,,,,,,,,,,,,,,,,,,,,,,,,,,,,,,,,,,,,,,,,,,,,,,,,,,,,,,,,,,,,,,,,,,,,,,,,,,,,,,,,,,,,,,,,,,,,0.0,,0.0,,,,,,,,,,,,,,0.0,0.0,0.0,,,,,,,,,,,,0.0,,0.0,,0.0,,,,,,,,,,,,,,,,,,,,,,,,,,,,,,,,,,,,,,,,0,0,5,8
2,region_02,2022-02-12,,,,,,,,,,,,,,,0.5580668151378632,0.0,,,,,,,,,,,,,,,,,,,,,,,,,0.002768008413934855,0.0,,,,,,,,,,,,,0.7501651206437279,0.0,0.034266808380683224,0.0,0.0,,0.0,,0.0,,,,,,0.0,,0.0,,0.0,,0.0,,0.0,,0.0,,0.0,,0.0,,0.0,,0.0,,,,,,,,,,,,0.0,,,,,,,,,,,,,,,,,,,,,,,,,,,,,,,,,,,,,,,,,,,,,,,,,,,,,,,,,,,,,,,,,,,,,,,,,,,,,,,,,,,,,,,,,,,,,,,,,,,,,,,,,,,,,,,,,,,,,,,,,,0.0,,0.0,,,,,,,,,,,,,,0.0,0.0,0.0,,,,,,,,,,,,0.0,,0.0,,0.0,,,,,,,,,,,,,,,,,,,,,,,,,,,,,,,,,,,,,,,,0,0,5,9
2,region_02,2022-02-19,,,,,,,,,,,,,,,0.5251450924599756,0.0,,,,,,,,,,,,,,,,,,,,,,,,,0.0004497870362027361,0.0,,,,,,,,,,,,,0.7279780344529585,0.0,0.0796395203759593,0.0,0.0012893035829100018,1.0,0.0,,0.0,,,,,,0.0,,0.0,,0.0,,0.0,,0.0,,0.0,,0.0,,0.0,,0.0,,0.0,,,,,,,,,,,,0.0,,,,,,,,,,,,,,,,,,,,,,,,,,,,,,,,,,,,,,,,,,,,,,,,,,,,,,,,,,,,,,,,,,,,,,,,,,,,,,,,,,,,,,,,,,,,,,,,,,,,,,,,,,,,,,,,,,,,,,,,,,0.0,,0.0,,,,,,,,,,,,,,0.0,0.0,0.0,,,,,,,,,,,,0.0,,0.0,,0.0,,,,,,,,,,,,,,,,,,,,,,,,,,,,,,,,,,,,,,,,1,0,5,0
2,region_02,2022-02-26,,,,,,,,,,,,,,,0.44370323443999055,0.0,,,,,,,,,,,,,,,,,,,,,,,,,0.002842087499018654,0.0,,,,,,,,,,,,,0.6819054011036368,0.0,0.17029638270862765,0.0,0.002839200770332693,0.0,0.0,,0.0,,,,,,0.0,,0.0,,0.0,,0.0,,0.0,,0.0,,0.0,,0.0,,0.0,,0.0,,,,,,,,,,,,0.0,,,,,,,,,,,,,,,,,,,,,,,,,,,,,,,,,,,,,,,,,,,,,,,,,,,,,,,,,,,,,,,,,,,,,,,,,,,,,,,,,,,,,,,,,,,,,,,,,,,,,,,,,,,,,,,,,,,,,,,,,,0.0,,0.0,,,,,,,,,,,,,,0.0,0.0,0.0,,,,,,,,,,,,0.0,,0.0,,0.0,,,,,,,,,,,,,,,,,,,,,,,,,,,,,,,,,,,,,,,,0,0,6,1
2,region_02,2022-03-05,,,,,,,,,,,,,,,0.3646352319667736,0.0,,,,,,,,,,,,,,,,,,,,,,,,,0.002210477935538272,0.0,,,,,,,,,,,,,0.5926499851047993,0.0,0.2835026848114143,0.0,0.014565342538324798,0.0,0.0,,0.0,,,,,,0.0,,0.0,,0.0,,0.0,,0.0,,0.0,,0.0,,0.0,,0.0,,0.0,,,,,,,,,,,,0.0,,,,,,,,,,,,,,,,,,,,,,,,,,,,,,,,,,,,,,,,,,,,,,,,,,,,,,,,,,,,,,,,,,,,,,,,,,,,,,,,,,,,,,,,,,,,,,,,,,,,,,,,,,,,,,,,,,,,,,,,,,0.0,,0.0,,,,,,,,,,,,,,0.0,0.0,0.0,,,,,,,,,,,,0.0,,0.0,,0.0,,,,,,,,,,,,,,,,,,,,,,,,,,,,,,,,,,,,,,,,0,0,6,2
2,region_02,2022-03-12,,,,,,,,,,,,,,,0.2586637287069175,0.0,,,,,,,,,,,,,,,,,,,,,,,,,0.0006206044394490796,0.0,,,,,,,,,,,,,0.45186880143249736,0.0,0.43451479734000514,0.0,0.048128182534128386,0.0,0.0,,0.0,,,,,,0.0,,0.0,,0.0,,0.0,,0.0,,0.0,,0.0,,0.0,,0.0,,0.0,,,,,,,,,,,,0.0,,,,,,,,,,,,,,,,,,,,,,,,,,,,,,,,,,,,,,,,,,,,,,,,,,,,,,,,,,,,,,,,,,,,,,,,,,,,,,,,,,,,,,,,,,,,,,,,,,,,,,,,,,,,,,,,,,,,,,,,,,0.0,,0.0,,,,,,,,,,,,,,0.0,0.0,0.0,,,,,,,,,,,,0.0,,0.0,,0.0,,,,,,,,,,,,,,,,,,,,,,,,,,,,,,,,,,,,,,,,0,0,6,3
2,region_02,2022-03-19,,,,,,,,,,,,,,,0.16892916375869196,0.0,,,,,,,,,,,,,,,,,,,,,,,,,0.0010489810173848878,0.0,,,,,,,,,,,,,0.3182477153399411,0.0,0.550158728813303,0.0,0.0980139052761452,0.0,0.0,,0.0,,,,,,0.0,,0.0,,0.0003697026263190172,1.0,0.0,,0.0,,0.0,,0.0,,0.0,,0.0,,0.0,,,,,,,,,,,,0.0,,,,,,,,,,,,,,,,,,,,,,,,,,,,,,,,,,,,,,,,,,,,,,,,,,,,,,,,,,,,,,,,,,,,,,,,,,,,,,,,,,,,,,,,,,,,,,,,,,,,,,,,,,,,,,,,,,,,,,,,,,0.0,,0.0,,,,,,,,,,,,,,0.0,0.0,0.0,,,,,,,,,,,,0.0,,0.0,,0.0,,,,,,,,,,,,,,,,,,,,,,,,,,,,,,,,,,,,,,,,1,0,6,0
2,region_02,2022-03-26,,,,,,,,,,,,,,,0.22958272501178406,0.0,,,,,,,,,,,,,,,,,,,,,,,,,0.0,0.0,,,,,,,,,,,,,0.20616592423004257,0.0,0.6265223852375097,0.0,0.14617275153951984,0.0,0.0,,0.0,,,,,,0.0,,0.0,,0.0,0.0,0.0,,0.0,,0.0,,0.0,,0.0,,0.0,,0.0,,,,,,,,,,,,0.0,,,,,,,,,,,,,,,,,,,,,,,,,,,,,,,,,,,,,,,,,,,,,,,,,,,,,,,,,,,,,,,,,,,,,,,,,,,,,,,,,,,,,,,,,,,,,,,,,,,,,,,,,,,,,,,,,,,,,,,,,,0.0,,0.0,,,,,,,,,,,,,,0.0,0.0,0.0,,,,,,,,,,,,0.0,,0.0,,0.0,,,,,,,,,,,,,,,,,,,,,,,,,,,,,,,,,,,,,,,,0,0,7,1
2,region_02,2022-04-02,,,,,,,,,,,,,,,0.11316507343541488,0.0,,,,,,,,,,,,,,,,,,,,,,,,,0.0,0.0,,,,,,,,,,,,,0.0997702251462375,0.0,0.6576782475624766,0.0,0.23163998695937066,0.0,0.0,,0.0,,,,,,0.0,,0.0,,0.0,0.0,0.0,,0.0,,0.0,,0.0,,0.0,,0.0,,0.0,,,,,,,,,,,,0.0,,,,,,,,,,,,,,,,,,,,,,,,,,,,,,,,,,,,,,,,,,,,,,,,,,,,,,,,,,,,,,,,,,,,,,,,,,,,,,,,,,,,,,,,,,,,,,,,,,,,,,,,,,,,,,,,,,,,,,,,,,0.0,,0.0,,,,,,,,,,,,,,0.0,0.0,0.0,,,,,,,,,,,,0.0,,0.0,,0.0,,,,,,,,,,,,,,,,,,,,,,,,,,,,,,,,,,,,,,,,0,0,7,2
2,region_02,2022-04-09,,,,,,,,,,,,,,,0.03349547963589424,0.0,,,,,,,,,,,,,,,,,,,,,,,,,0.0,0.0,,,,,,,,,,,,,0.061688415815725005,0.0,0.6181964906779203,0.0,0.3140172774141485,0.0,0.0,,0.0,,,,,,0.0,,0.0,,0.0,0.0,0.0,,0.0,,0.0,,0.0,,0.0,,0.0,,0.0,,,,,,,,,,,,0.0,,,,,,,,,,,,,,,,,,,,,,,,,,,,,,,,,,,,,,,,,,,,,,,,,,,,,,,,,,,,,,,,,,,,,,,,,,,,,,,,,,,,,,,,,,,,,,,,,,,,,,,,,,,,,,,,,,,,,,,,,,0.0,,0.0,,,,,,,,,,,,,,0.0,0.0,0.0,,,,,,,,,,,,0.0,,0.0,,0.0,,,,,,,,,,,,,,,,,,,,,,,,,,,,,,,,,,,,,,,,0,0,7,3
2,region_02,2022-04-16,,,,,,,,,,,,,,,0.029442766401916697,0.0,,,,,,,,,,,,,,,,,,,,,,,,,0.0,0.0,,,,,,,,,,,,,0.02605064289973058,0.0,0.587675226184557,0.0,0.38171944528255825,0.0,0.0,,0.0,,,,,,0.00018367807265622858,2.0,0.0,,0.0,0.0,0.0,,0.0,,0.0,,0.0,,0.0,,0.0,,0.0,,,,,,,,,,,,0.0,,,,,,,,,,,,,,,,,,,,,,,,,,,,,,,,,,,,,,,,,,,,,,,,,,,,,,,,,,,,,,,,,,,,,,,,,,,,,,,,,,,,,,,,,,,,,,,,,,,,,,,,,,,,,,,,,,,,,,,,,,0.0,,0.0,,,,,,,,,,,,,,0.0,0.0,0.0,,,,,,,,,,,,0.0,,0.0,,0.0,,,,,,,,,,,,,,,,,,,,,,,,,,,,,,,,,,,,,,,,0,1,7,4
2,region_02,2022-04-23,,,,,,,,,,,,,,,0.012671724942169648,0.0,,,,,,,,,,,,,,,,,,,,,,,,,0.0,0.0,,,,,,,,,,,,,0.011267812245271378,0.0,0.5346663991610209,0.0,0.45066529512405396,0.0,0.0,,0.0,,,,,,0.001137563940945349,0.0,0.0,,0.0,0.0,0.0,,0.0,,0.0,,0.0,,0.0,,0.0,,0.0,,,,,,,,,,,,0.0,,,,,,,,,,,,,,,,,,,,,,,,,,,,,,,,,,,,,,,,,,,,,,,,,,,,,,,,,,,,,,,,,,,,,,,,,,,,,,,,,,,,,,,,,,,,,,,,,,,,,,,,,,,,,,,,,,,,,,,,,,0.0,,0.0,,,,,,,,,,,,,,0.0,0.0,0.0,,,,,,,,,,,,0.0,,0.0,,0.0,,,,,,,,,,,,,,,,,,,,,,,,,,,,,,,,,,,,,,,,0,0,8,5
2,region_02,2022-04-30,,,,,,,,,,,,,,,0.009401271119713733,0.0,,,,,,,,,,,,,,,,,,,,,,,,,0.00043963967247538367,0.0,,,,,,,,,,,,,0.012225991881945508,0.0,0.4992113943193473,0.0,0.512263192070855,0.0,0.0,,0.0,,,,,,0.0017516413247402388,0.0,0.0,,0.0009033138440845347,0.0,0.0,,0.0,,0.0,,0.0,,0.0,,0.0,,0.0,,,,,,,,,,,,0.0,,,,,,,,,,,,,,,,,,,,,,,,,,,,,,,,,,,,,,,,,,,,,,,,,,,,,,,,,,,,,,,,,,,,,,,,,,,,,,,,,,,,,,,,,,,,,,,,,,,,,,,,,,,,,,,,,,,,,,,,,,0.0,,0.0,,,,,,,,,,,,,,0.0,0.0,0.0,,,,,,,,,,,,0.0,,0.0,,0.0,,,,,,,,,,,,,,,,,,,,,,,,,,,,,,,,,,,,,,,,0,0,8,6
2,region_02,2022-05-07,,,,,,,,,,,,,,,0.00945404078811405,0.0,,,,,,,,,,,,,,,,,,,,,,,,,0.0,0.0,,,,,,,,,,,,,0.003952777300796912,0.0,0.39410968212520375,0.0,0.5942741679210289,0.0,0.0,,0.0,,,,,,0.0030441451342585837,0.0,0.0,,0.0025164252194594407,0.0,0.0,,0.0,,0.0,,0.0,,0.0,,0.0,,0.0,,,,,,,,,,,,0.0,,,,,,,,,,,,,,,,,,,,,,,,,,,,,,,,,,,,,,,,,,,,,,,,,,,,,,,,,,,,,,,,,,,,,,,,,,,,,,,,,,,,,,,,,,,,,,,,,,,,,,,,,,,,,,,,,,,,,,,,,,0.0,,0.0,,,,,,,,,,,,,,0.0,0.0,0.0,,,,,,,,,,,,0.0,,0.0,,0.0,,,,,,,,,,,,,,,,,,,,,,,,,,,,,,,,,,,,,,,,0,0,8,7
2,region_02,2022-05-14,,,,,,,,,,,,,,,0.0009506908289039901,0.0,,,,,,,,,,,,,,,,,,,,,,,,,0.0,0.0,,,,,,,,,,,,,0.0014483633327899998,0.0,0.36198834896087645,0.0,0.6242836797237397,0.0,0.0,,0.0,,,,,,0.004603123529909157,0.0,0.0,,0.0053320947407307145,0.0,0.0,,0.0,,0.0,,0.0,,0.0,,0.0,,0.0,,,,,,,,,,,,0.0,,,,,,,,,,,,,,,,,,,,,,,,,,,,,,,,,,,,,,,,,,,,,,,,,,,,,,,,,,,,,,,,,,,,,,,,,,,,,,,,,,,,,,,,,,,,,,,,,,,,,,,,,,,,,,,,,,,,,,,,,,0.0,,0.0,,,,,,,,,,,,,,0.0,0.0,0.0,,,,,,,,,,,,0.0,,0.0,,0.0,,,,,,,,,,,,,,,,,,,,,,,,,,,,,,,,,,,,,,,,0,0,8,8
2,region_02,2022-05-21,,,,,,,,,,,,,,,0.0009542424481228531,0.0,,,,,,,,,,,,,,,,,,,,,,,,,0.0,0.0,,,,,,,,,,,,,0.001619854760493153,0.0,0.32397078920383837,0.0,0.643296363402386,0.0,0.0,,0.0,,,,,,0.010968168044374043,0.0,0.0007329093698388951,2.0,0.016941743446704023,0.0,0.0,,0.0,,0.0,,0.0,,0.0,,0.0,,0.0,,,,,,,,,,,,0.0,,,,,,,,,,,,,,,,,,,,,,,,,,,,,,,,,,,,,,,,,,,,,,,,,,,,,,,,,,,,,,,,,,,,,,,,,,,,,,,,,,,,,,,,,,,,,,,,,,,,,,,,,,,,,,,,,,,,,,,,,,0.0,,0.0,,,,,,,,,,,,,,0.0,0.0,0.0,,,,,,,,,,,,0.0,,0.0,,0.0,,,,,,,,,,,,,,,,,,,,,,,,,,,,,,,,,,,,,,,,0,1,8,9
2,region_02,2022-05-28,,,,,,,,,,,,,,,0.001355342375366739,0.0,,,,,,,,,,,,,,,,,,,,,,,,,0.0,0.0,,,,,,,,,,,,,0.001824486298787853,0.0,0.24372109243025378,0.0,0.70279710739851,0.0,0.0,,0.0,,,,,,0.022596408962272056,0.0,0.0004367150427352878,0.0,0.028398972237482622,0.0,0.0,,0.0,,0.0,,0.0,,0.0,,0.0,,0.0,,,,,,,,,,,,0.0,,,,,,,,,,,,,,,,,,,,,,,,,,,,,,,,,,,,,,,,,,,,,,,,,,,,,,,,,,,,,,,,,,,,,,,,,,,,,,,,,,,,,,,,,,,,,,,,,,,,,,,,,,,,,,,,,,,,,,,,,,0.0,,0.0,,,,,,,,,,,,,,0.0,0.0,0.0,,,,,,,,,,,,0.0,,0.0,,0.0,,,,,,,,,,,,,,,,,,,,,,,,,,,,,,,,,,,,,,,,0,0,9,10
2,region_02,2022-06-04,,,,,,,,,,,,,,,0.0005725884010366957,0.0,,,,,,,,,,,,,,,,,,,,,,,,,0.0,0.0,,,,,,,,,,,,,0.0,0.0,0.18794475495815274,0.0,0.6718639896271077,0.0,0.0,,0.0,,,,,,0.06033863787623964,0.0,0.0011469585985717048,0.0,0.07582407682499982,0.0,0.0,,0.0,,0.0,,0.0,,0.0,,0.0,,0.0,,,,,,,,,,,,0.0,,,,,,,,,,,,,,,,,,,,,,,,,,,,,,,,,,,,,,,,,,,,,,,,,,,,,,,,,,,,,,,,,,,,,,,,,,,,,,,,,,,,,,,,,,,,,,,,,,,,,,,,,,,,,,,,,,,,,,,,,,0.0,,0.0,,,,,,,,,,,,,,0.0,0.0,0.0,,,,,,,,,,,,0.0,,0.0,,0.0,,,,,,,,,,,,,,,,,,,,,,,,,,,,,,,,,,,,,,,,0,0,9,11
2,region_02,2022-06-11,,,,,,,,,,,,,,,0.000546906007608975,0.0,,,,,,,,,,,,,,,,,,,,,,,,,0.0,0.0,,,,,,,,,,,,,0.0005138417147784206,0.0,0.15859370063180506,0.0,0.6150599031344705,0.0,0.0,,0.0,,,,,,0.07588364362068795,0.0,0.008523128529238217,0.0,0.14196730243123093,0.0,0.0,,0.0,,0.0,,0.0,,0.0,,0.0,,0.0,,,,,,,,,,,,0.0,,,,,,,,,,,,,,,,,,,,,,,,,,,,,,,,,,,,,,,,,,,,,,,,,,,,,,,,,,,,,,,,,,,,,,,,,,,,,,,,,,,,,,,,,,,,,,,,,,,,,,,,,,,,,,,,,,,,,,,,,,0.0,,0.0,,,,,,,,,,,,,,0.0,0.0,0.0,,,,,,,,,,,,0.0,,0.0,,0.0,,,,,,,,,,,,,,,,,,,,,,,,,,,,,,,,,,,,,,,,0,0,9,12
2,region_02,2022-06-18,,,,,,,,,,,,,,,0.0,0.0,,,,,,,,,,,,,,,,,,,,,,,,,0.0,0.0,,,,,,,,,,,,,0.0,0.0,0.11544850299304178,0.0,0.47816905921155756,0.0,0.0,,0.0,,,,,,0.11471995795992283,0.0,0.007856652051919924,0.0,0.28531484847719013,0.0,0.00027250042330702144,2.0,0.0,,0.0,,0.0,,0.0,,0.0,,0.0,,,,,,,,,,,,0.0,,,,,,,,,,,,,,,,,,,,,,,,,,,,,,,,,,,,,,,,,,,,,,,,,,,,,,,,,,,,,,,,,,,,,,,,,,,,,,,,,,,,,,,,,,,,,,,,,,,,,,,,,,,,,,,,,,,,,,,,,,0.0,,0.0,,,,,,,,,,,,,,0.0,0.0,0.0,,,,,,,,,,,,0.0,,0.0,,0.0,,,,,,,,,,,,,,,,,,,,,,,,,,,,,,,,,,,,,,,,0,1,9,13
2,region_02,2022-06-25,,,,,,,,,,,,,,,0.0,0.0,,,,,,,,,,,,,,,,,,,,,,,,,0.0,0.0,,,,,,,,,,,,,0.0,0.0,0.07675811275839801,0.0,0.36944053863937204,0.0,0.0,,0.0,,,,,,0.11376143263822248,0.0,0.016073350957594768,0.0,0.4246888113292781,0.0,0.0,0.0,0.0,,0.0,,0.0,,0.0,,0.0,,0.0,,,,,,,,,,,,0.0,,,,,,,,,,,,,,,,,,,,,,,,,,,,,,,,,,,,,,,,,,,,,,,,,,,,,,,,,,,,,,,,,,,,,,,,,,,,,,,,,,,,,,,,,,,,,,,,,,,,,,,,,,,,,,,,,,,,,,,,,,0.0,,0.0,,,,,,,,,,,,,,0.0,0.0,0.0,,,,,,,,,,,,0.0,,0.0,,0.0,,,,,,,,,,,,,,,,,,,,,,,,,,,,,,,,,,,,,,,,0,0,10,14
2,region_02,2022-07-02,,,,,,,,,,,,,,,0.0,0.0,,,,,,,,,,,,,,,,,,,,,,,,,0.0,0.0,,,,,,,,,,,,,0.0,0.0,0.04378941034277276,0.0,0.23198748778465178,0.0,0.0,,0.0,,,,,,0.1417171140742856,0.0,0.02291012122421648,0.0,0.5586496676717486,0.0,0.00093189279141365,0.0,0.0,,0.0,,0.0,,0.0,,0.0,,0.0,,,,,,,,,,,,0.0,,,,,,,,,,,,,,,,,,,,,,,,,,,,,,,,,,,,,,,,,,,,,,,,,,,,,,,,,,,,,,,,,,,,,,,,,,,,,,,,,,,,,,,,,,,,,,,,,,,,,,,,,,,,,,,,,,,,,,,,,,0.0,,0.0,,,,,,,,,,,,,,0.0,0.0,0.0,,,,,,,,,,,,0.0,,0.0,,0.0,,,,,,,,,,,,,,,,,,,,,,,,,,,,,,,,,,,,,,,,0,0,10,15
2,region_02,2022-07-09,,,,,,,,,,,,,,,0.0,0.0,,,,,,,,,,,,,,,,,,,,,,,,,0.0,0.0,,,,,,,,,,,,,0.0,0.0,0.0248918457422405,0.0,0.13657727183365237,0.0,0.0,,0.0,,,,,,0.13622914400042552,0.0,0.03273822626144417,0.0,0.6689564542072576,0.0,0.0015372409044564894,0.0,0.0,,0.0,,0.0,,0.0,,0.0,,0.0,,,,,,,,,,,,0.0,,,,,,,,,,,,,,,,,,,,,,,,,,,,,,,,,,,,,,,,,,,,,,,,,,,,,,,,,,,,,,,,,,,,,,,,,,,,,,,,,,,,,,,,,,,,,,,,,,,,,,,,,,,,,,,,,,,,,,,,,,0.0,,0.0,,,,,,,,,,,,,,0.0,0.0,0.0,,,,,,,,,,,,0.0,,0.0,,0.0,,,,,,,,,,,,,,,,,,,,,,,,,,,,,,,,,,,,,,,,0,0,10,16
2,region_02,2022-07-16,,,,,,,,,,,,,,,0.0,0.0,,,,,,,,,,,,,,,,,,,,,,,,,0.0,0.0,,,,,,,,,,,,,0.0,0.0,0.017186116677050136,0.0,0.0900458442047238,0.0,0.0002040565664441147,2.0,0.0,,,,,,0.11299128794088592,0.0,0.044090812889541024,0.0,0.7326743930578232,0.0,0.0010055195889435177,0.0,0.0005968798743560401,2.0,0.0009169240348615706,2.0,0.0,,0.0,,0.0,,0.0,,,,,,,,,,,,0.0,,,,,,,,,,,,,,,,,,,,,,,,,,,,,,,,,,,,,,,,,,,,,,,,,,,,,,,,,,,,,,,,,,,,,,,,,,,,,,,,,,,,,,,,,,,,,,,,,,,,,,,,,,,,,,,,,,,,,,,,,,0.0,,0.0,,,,,,,,,,,,,,0.0,0.0,0.0,,,,,,,,,,,,0.0,,0.0,,0.0,,,,,,,,,,,,,,,,,,,,,,,,,,,,,,,,,,,,,,,,0,3,10,17
2,region_02,2022-07-23,,,,,,,,,,,,,,,0.0,0.0,,,,,,,,,,,,,,,,,,,,,,,,,0.0,0.0,,,,,,,,,,,,,0.0,0.0,0.015110267791897,0.0,0.04616343844681973,0.0,0.0020920859327922766,0.0,0.0,,,,,,0.08451610561460252,0.0,0.05453728465363378,0.0,0.7993448585271835,0.0,0.0016581434881247643,0.0,0.0005961167486384,0.0,0.0007356738582636441,0.0,0.0,,0.0,,0.0,,0.0,,,,,,,,,,,,0.0,,,,,,,,,,,,,,,,,,,,,,,,,,,,,,,,,,,,,,,,,,,,,,,,,,,,,,,,,,,,,,,,,,,,,,,,,,,,,,,,,,,,,,,,,,,,,,,,,,,,,,,,,,,,,,,,,,,,,,,,,,0.0,,0.0,,,,,,,,,,,,,,0.0,0.0,0.0,,,,,,,,,,,,0.0,,0.0,,0.0,,,,,,,,,,,,,,,,,,,,,,,,,,,,,,,,,,,,,,,,0,0,13,18
2,region_02,2022-07-30,,,,,,,,,,,,,,,0.0,0.0,,,,,,,,,,,,,,,,,,,,,,,,,0.0,0.0,,,,,,,,,,,,,0.0,0.0,0.008655438187053832,0.0,0.028888014439297297,0.0,0.0037639531279530145,0.0,0.0,,,,,,0.07179443597009302,0.0,0.07303339046867266,0.0,0.8110373929927224,0.0,0.0009269445145036499,0.0,0.0006811841833404681,0.0,0.0006621106003876294,0.0,0.0,,0.0,,0.0,,0.0,,,,,,,,,,,,0.0,,,,,,,,,,,,,,,,,,,,,,,,,,,,,,,,,,,,,,,,,,,,,,,,,,,,,,,,,,,,,,,,,,,,,,,,,,,,,,,,,,,,,,,,,,,,,,,,,,,,,,,,,,,,,,,,,,,,,,,,,,0.0,,0.0,,,,,,,,,,,,,,0.0,0.0,0.0,,,,,,,,,,,,0.0,,0.0,,0.0,,,,,,,,,,,,,,,,,,,,,,,,,,,,,,,,,,,,,,,,0,0,13,19
2,region_02,2022-08-06,,,,,,,,,,,,,,,0.0,0.0,,,,,,,,,,,,,,,,,,,,,,,,,0.0,0.0,,,,,,,,,,,,,0.0,0.0,0.006842190173227997,0.0,0.017516651090133794,0.0,0.002679617739939909,0.0,0.0,,,,,,0.06143523450638792,0.0,0.06263308186788812,0.0,0.8448695176177554,0.0,0.0015916915477386072,0.0,0.0005086937162559,0.0,0.0030762776287326793,0.0,0.0,,0.0,,0.0,,0.0,,,,,,,,,,,,0.0,,,,,,,,,,,,,,,,,,,,,,,,,,,,,,,,,,,,,,,,,,,,,,,,,,,,,,,,,,,,,,,,,,,,,,,,,,,,,,,,,,,,,,,,,,,,,,,,,,,,,,,,,,,,,,,,,,,,,,,,,,0.0,,0.0,,,,,,,,,,,,,,0.0,0.0,0.0,,,,,,,,,,,,0.0,,0.0,,0.0,,,,,,,,,,,,,,,,,,,,,,,,,,,,,,,,,,,,,,,,0,0,13,20
2,region_02,2022-08-13,,,,,,,,,,,,,,,0.0,0.0,,,,,,,,,,,,,,,,,,,,,,,,,0.0,0.0,,,,,,,,,,,,,0.0,0.0,0.002261052897665597,0.0,0.00914059540316937,0.0,0.0019688483272843,0.0,0.0009945529125009434,2.0,,,,,0.061071910791926864,0.0,0.08735226508643888,0.0,0.8303225916974685,0.0,0.0004156542043866357,0.0,0.003694732515141312,0.0,0.003262160702005859,0.0,0.0,,0.0,,0.0,,0.0,,,,,,,,,,,,0.0,,,,,,,,,,,,,,,,,,,,,,,,,,,,,,,,,,,,,,,,,,,,,,,,,,,,,,,,,,,,,,,,,,,,,,,,,,,,,,,,,,,,,,,,,,,,,,,,,,,,,,,,,,,,,,,,,,,,,,,,,,0.0,,0.0,,,,,,,,,,,,,,0.0,0.0,0.0,,,,,,,,,,,,0.0,,0.0,,0.0,,,,,,,,,,,,,,,,,,,,,,,,,,,,,,,,,,,,,,,,0,1,13,21
2,region_02,2022-08-20,,,,,,,,,,,,,,,0.0,0.0,,,,,,,,,,,,,,,,,,,,,,,,,0.0,0.0,,,,,,,,,,,,,0.0,0.0,0.0033597688124115486,0.0,0.003676144446113237,0.0,0.003959180061321877,0.0,0.0,0.0,,,,,0.03648037112184928,0.0,0.09601519725152421,0.0,0.8417781472206116,0.0,0.003218429736859514,0.0,0.0031826240569352636,0.0,0.006106480668463206,0.0,0.0,,0.0008627667111188766,1.0,0.0,,0.0,,,,,,,,,,,,0.0,,,,,,,,,,,,,,,,,,,,,,,,,,,,,,,,,,,,,,,,,,,,,,,,,,,,,,,,,,,,,,,,,,,,,,,,,,,,,,,,,,,,,,,,,,,,,,,,,,,,,,,,,,,,,,,,,,,,,,,,,,0.0,,0.0,,,,,,,,,,,,,,0.0,0.0,0.0,,,,,,,,,,,,0.0,,0.0,,0.0,,,,,,,,,,,,,,,,,,,,,,,,,,,,,,,,,,,,,,,,1,0,14,0
2,region_02,2022-08-27,,,,,,,,,,,,,,,0.0,0.0,,,,,,,,,,,,,,,,,,,,,,,,,0.0,0.0,,,,,,,,,,,,,0.0,0.0,0.0016120020745266765,0.0,0.0036907393745529648,0.0,0.007111337391988283,0.0,0.0,0.0,,,,,0.02899867060649039,0.0,0.09729157497777653,0.0,0.8446581714293536,0.0,0.004647088619614229,0.0,0.002864119186997368,0.0,0.007799156315239287,0.0,0.0,,0.0021511177377153802,0.0,0.0,,0.0,,,,,,,,,,,,0.0,,,,,,,,,,,,,,,,,,,,,,,,,,,,,,,,,,,,,,,,,,,,,,,,,,,,,,,,,,,,,,,,,,,,,,,,,,,,,,,,,,,,,,,,,,,,,,,,,,,,,,,,,,,,,,,,,,,,,,,,,,0.0,,0.0,,,,,,,,,,,,,,0.0,0.0,0.0,,,,,,,,,,,,0.0,,0.0,,0.0,,,,,,,,,,,,,,,,,,,,,,,,,,,,,,,,,,,,,,,,0,0,15,1
2,region_02,2022-09-03,,,,,,,,,,,,,,,0.0,0.0,,,,,,,,,,,,,,,,,,,,,,,,,0.0,0.0,,,,,,,,,,,,,0.0,0.0,0.0010104144642933332,0.0,0.0042204774464621245,0.0,0.014670189314832223,0.0,0.0017293944489210368,0.0,,,,,0.03071773571498461,0.0,0.11984309192859761,0.0,0.8061930790092006,0.0,0.003083183604758178,0.0,0.004999409690499268,0.0,0.011661403050476806,0.0,0.0,,0.00168898912767564,0.0,0.0,,0.0,,,,,,,,,,,,0.0,,,,,,,,,,,,,,,,,,,,,,,,,,,,,,,,,,,,,,,,,,,,,,,,,,,,,,,,,,,,,,,,,,,,,,,,,,,,,,,,,,,,,,,,,,,,,,,,,,,,,,,,,,,,,,,,,,,,,,,,,,0.0,,0.0,,,,,,,,,,,,,,0.0,0.0,0.0,,,,,,,,,,,,0.0,,0.0,,0.0,,,,,,,,,,,,,,,,,,,,,,,,,,,,,,,,,,,,,,,,0,0,15,2
2,region_02,2022-09-10,,,,,,,,,,,,,,,0.0,0.0,,,,,,,,,,,,,,,,,,,,,,,,,0.0,0.0,,,,,,,,,,,,,0.00088083454102155,0.0,0.002032540494837975,0.0,0.0035233381640863938,0.0,0.01349934976315121,0.0,0.005000153090804763,0.0,,,,,0.023384689804046337,0.0,0.1347384597174823,0.0,0.7758345027123729,0.0,0.0037961009906471396,0.0,0.006324426028877453,0.0,0.022635378933045968,0.0,0.0,,0.005655013335247776,0.0,0.0017993951177534366,1.0,0.0,,,,,,,,,,,,0.0,,,,,,,,,,,,,,,,,,,,,,,,,,,,,,,,,,,,,,,,,,,,,,,,,,,,,,,,,,,,,,,,,,,,,,,,,,,,,,,,,,,,,,,,,,,,,,,,,,,,,,,,,,,,,,,,,,,,,,,,,,0.0,,0.0,,,,,,,,,,,,,,0.0,0.0,0.0,,,,,,,,,,,,0.0,,0.0,,0.0,,,,,,,,,,,,,,,,,,,,,,,,,,,,,,,,,,,,,,,,1,0,15,0
2,region_02,2022-09-17,,,,,,,,,,,,,,,0.0,0.0,,,,,,,,,,,,,,,,,,,,,,,,,0.0,0.0,,,,,,,,,,,,,0.0,0.0,0.0009336709157533193,0.0,0.0,0.0,0.011959438963282443,0.0,0.012941175652667836,0.0,,,,,0.019997934300091915,0.0,0.13596022417468406,0.0,0.7678483764330546,0.0,0.0064480207511223376,0.0,0.005449208803474852,0.0,0.024050549033188002,0.0,0.0005336403801965193,2.0,0.011143285563836447,0.0,0.0027341348739961264,0.0,0.0,,,,,,,,,,,,0.0,,,,,,,,,,,,,,,,,,,,,,,,,,,,,,,,,,,,,,,,,,,,,,,,,,,,,,,,,,,,,,,,,,,,,,,,,,,,,,,,,,,,,,,,,,,,,,,,,,,,,,,,,,,,,,,,,,,,,,,,,,0.0005488525105950166,2.0,0.0,,,,,,,,,,,,,,0.0,0.0,0.0,,,,,,,,,,,,0.0,,0.0,,0.0,,,,,,,,,,,,,,,,,,,,,,,,,,,,,,,,,,,,,,,,0,2,16,1
2,region_02,2022-09-24,,,,,,,,,,,,,,,0.0,0.0,,,,,,,,,,,,,,,,,,,,,,,,,0.0,0.0,,,,,,,,,,,,,0.0,0.0,0.0022839634562842,0.0,0.0,0.0,0.011043492238968566,0.0,0.006700916650394549,0.0,,,,,0.01029078379894292,0.0,0.14620832949876783,0.0,0.7454569893223899,0.0,0.008563500479794987,0.0,0.003015196966007304,0.0,0.029164844130476267,0.0,0.0013791442168159692,0.0,0.02596390439818299,0.0,0.009937415670218093,0.0,0.0,,,,,,,,,,,,0.0,,,,,,,,,,,,,,,,,,,,,,,,,,,,,,,,,,,,,,,,,,,,,,,,,,,,,,,,,,,,,,,,,,,,,,,,,,,,,,,,,,,,,,,,,,,,,,,,,,,,,,,,,,,,,,,,,,,,,,,,,,0.000686875813698825,0.0,0.0,,,,,,,,,,,,,,0.0,0.0,0.0,,,,,,,,,,,,0.0,,0.0,,0.0,,,,,,,,,,,,,,,,,,,,,,,,,,,,,,,,,,,,,,,,0,0,18,2
2,region_02,2022-10-01,,,,,,,,,,,,,,,0.0,0.0,,,,,,,,,,,,,,,,,,,,,,,,,0.0,0.0,,,,,,,,,,,,,0.0,0.0,0.0024252907726270896,0.0,0.0,0.0,0.0144714700678984,0.0,0.009654631356483848,0.0,,,,,0.011786508759290961,0.0,0.11991738271096652,0.0,0.7283733178829325,0.0,0.0070800245739519,0.0,0.0051842121221124604,0.0,0.03921978291252559,0.0,0.0031847840246672387,0.0,0.04256938680492593,0.0,0.017349796176984348,0.0,0.0,,,,,,,,,,,,0.0,,,,,,,,,,,,,,,,,,,,,,,,,,,,,,,,,,,,,,,,,,,,,,,,,,,,,,,,,,,,,,,,,,,,,,,,,,,,,,,,,,,,,,,,,,,,,,,,,,,,,,,,,,,,,,,,,,,,,,,,,,0.001853901335077,0.0,0.0,,,,,,,,,,,,,,0.0,0.0,0.0,,,,,,,,,,,,0.0,,0.0,,0.0,,,,,,,,,,,,,,,,,,,,,,,,,,,,,,,,,,,,,,,,0,0,18,3
2,region_02,2022-10-08,,,,,,,,,,,,,,,0.0,0.0,,,,,,,,,,,,,,,,,,,,,,,,,0.0,0.0,,,,,,,,,,,,,0.0,0.0,0.00405445247555945,0.0,0.0,0.0,0.022008280413081956,0.0,0.007345161101381646,0.0,,,,,0.009397829583446852,0.0,0.11972824936466554,0.0,0.650191238948277,0.0,0.01655330455728934,0.0,0.012639080714434344,0.0,0.04110737317906954,0.0,0.0028644127036945885,0.0,0.07870845553966664,0.0,0.03945757076144214,0.0,0.0,,,,,,,,,,,,0.0,,,,,,,,,,,,,,,,,,,,,,,,,,,,,,,,,,,,,,,,,,,,,,,,,,,,,,,,,,,,,,,,,,,,,,,,,,,,,,,,,,,,,,,,,,,,,,,,,,,,,,,,,,,,,,,,,,,,,,,,,,0.0005551259685792208,0.0,0.0,,,,,,,,,,,,,,0.0,0.0,0.0,,,,,,,,,,,,0.0,,0.0,,0.0,,,,,,,,,,,,,,,,,,,,,,,,,,,,,,,,,,,,,,,,0,0,18,4
2,region_02,2022-10-15,,,,,,,,,,,,,,,0.0,0.0,,,,,,,,,,,,,,,,,,,,,,,,,0.0,0.0,,,,,,,,,,,,,0.0,0.0,0.006926206370385731,0.0,0.0,0.0,0.01696676887571807,0.0,0.01619805997380839,0.0,,,,,0.004567012251182245,0.0,0.09421289912783179,0.0,0.6198747135974743,0.0,0.020517424121499,0.0,0.010932955481111959,0.0,0.053484956561415234,0.0,0.0023240760738889193,0.0,0.09474587578464433,0.0,0.058090595385202955,0.0,0.0,,,,,,,,,,,,0.0,,,,,,,,,,,,,,,,,,,,,,,,,,,,,,,,,,,,,,,,,,,,,,,,,,,,,,,,,,,,,,,,,,,,,,,,,,,,,,,,,,,,,,,,,,,,,,,,,,,,,,,,,,,,,,,,,,,,,,,,,,0.0017568406983627417,0.0,0.0,,,,,,,,,,,,,,0.0,0.0,0.0,,,,,,,,,,,,0.0,,0.0,,0.0,,,,,,,,,,,,,,,,,,,,,,,,,,,,,,,,,,,,,,,,0,0,18,5
2,region_02,2022-10-22,,,,,,,,,,,,,,,0.0,0.0,,,,,,,,,,,,,,,,,,,,,,,,,0.0,0.0,,,,,,,,,,,,,0.0060831327439070425,0.0,0.007084983383090408,0.0,0.0,0.0,0.017037113412068393,0.0,0.018114944060261373,0.0,,,,,0.005453838930966708,0.0,0.08183610811829561,0.0,0.573532866107093,0.0,0.0336560113355517,0.0,0.010521132238209193,0.0,0.03916334890975399,0.0,0.008886762196198054,0.0,0.12908135617480554,0.0,0.0720783317318329,0.0,0.0,,,,,,,,,,,,0.0,,,,,,,,,,,,,,,,,,,,,,,,,,,,,,,,,,,,,,,,,,,,,,,,,,,,,,,,,,,,,,,,,,,,,,,,,,,,,,,,,,,,,,,,,,,,,,,,,,,,,,,,,,,,,,,,,,,,,,,,,,0.011975520891913479,0.0,0.0,,,,,,,,,,,,,,0.003760200153153921,0.0,0.0,,,,,,,,,,,,0.0,,0.0,,0.0,,,,,,,,,,,,,,,,,,,,,,,,,,,,,,,,,,,,,,,,0,0,18,6
2,region_02,2022-10-29,,,,,,,,,,,,,,,0.0,0.0,,,,,,,,,,,,,,,,,,,,,,,,,0.0,0.0,,,,,,,,,,,,,0.000991645306348748,0.0,0.004612532854080152,0.0,0.0,0.0,0.017648479768208027,0.0,0.01539586350321766,0.0,,,,,0.008129447996616312,0.0,0.05715238764882082,0.0,0.4312563729286194,0.0,0.013588618077337694,0.0,0.011448803804814764,0.0,0.050684218605359356,0.0,0.005597991421818688,0.0,0.21382567584514614,0.0,0.1417472845315933,0.0,0.002421900272990213,2.0,,,,,,,,,,,0.0,,,,,,,,,,,,,,,,,,,,,,,,,,,,,,,,,,,,,,,,,,,,,,,,,,,,,,,,,,,,,,,,,,,,,,,,,,,,,,,,,,,,,,,,,,,,,,,,,,,,,,,,,,,,,,,,,,,,,,,,,,0.022874861800422225,0.0,0.0,,,,,,,,,,,,,,0.0,0.0,0.0,,,,,,,,,,,,0.0,,0.0,,0.0,,,,,,,,,,,,,,,,,,,,,,,,,,,,,,,,,,,,,,,,0,1,18,7
2,region_02,2022-11-05,,,,,,,,,,,,,,,0.0,0.0,,,,,,,,,,,,,,,,,,,,,,,,,0.0,0.0,,,,,,,,,,,,,0.0,0.0,0.006508870399557008,0.0,0.0006495342107275708,0.0,0.020925621461609083,0.0,0.008698638218144499,0.0,,,,,0.0010978405334753417,0.0,0.047404099903676764,0.0,0.3358750840028127,0.0,0.02385293894811811,0.0,0.015059992593402608,0.0,0.05730147411425904,0.0,0.013591623709847483,0.0,0.22662915351490176,0.0,0.20082948853572205,0.0,0.003889399782444,0.0,,,,,,,,,,,0.0,,,,,,,,,,,,,,,,,,,,,,,,,,,,,,,,,,,,,,,,,,,,,,,,,,,,,,,,,,,,,,,,,,,,,,,,,,,,,,,,,,,,,,,,,,,,,,,,,,,,,,,,,,,,,,,,,,,,,,,,,,0.044682035222649505,0.0,0.0,,,,,,,,,,,,,,0.003808310653671184,0.0,0.0,,,,,,,,,,,,0.0,,0.0,,0.0,,,,,,,,,,,,,,,,,,,,,,,,,,,,,,,,,,,,,,,,0,0,19,8
2,region_02,2022-11-12,,,,,,,,,,,,,,,0.0,0.0,,,,,,,,,,,,,,,,,,,,,,,,,0.0,0.0,,,,,,,,,,,,,0.0,0.0,0.002909204329956618,0.0,0.0,0.0,0.01686809360980982,0.0,0.006741382890259405,0.0,,,,,0.001135372496007526,0.0,0.03386284726793347,0.0,0.27674472461576044,0.0,0.02363637555390592,0.0,0.019261639403260228,0.0,0.05542799214953957,0.0,0.01285038277020916,0.0,0.2796646382497704,0.0,0.23218115192392594,0.0,0.00055007258197288,0.0,,,,,,,,,,,0.0,,,,,,,,,,,,,,,,,,,,,,,,,,,,,,,,,,,,,,,,,,,,,,,,,,,,,,,,,,,,,,,,,,,,,,,,,,,,,,,,,,,,,,,,,,,,,,,,,,,,,,,,,,,,,,,,,,,,,,,,,,0.04153428200100145,0.0,0.0,,,,,,,,,,,,,,0.002772649664333737,0.0,0.0,,,,,,,,,,,,0.0,,0.0,,0.0,,,,,,,,,,,,,,,,,,,,,,,,,,,,,,,,,,,,,,,,0,0,19,9
2,region_02,2022-11-19,,,,,,,,,,,,,,,0.0,0.0,,,,,,,,,,,,,,,,,,,,,,,,,0.0,0.0,,,,,,,,,,,,,0.0,0.0,0.002475676423107982,0.0,0.0,0.0,0.007307281146164596,0.0,0.009400531339148635,0.0,,,,,0.0019717438950795545,0.0,0.022822398438372336,0.0,0.2217317555438388,0.0,0.007696026745675586,0.0,0.005561889434995255,0.0,0.043541744351386996,0.0,0.02361529752273446,0.0,0.328337626023726,0.0,0.23669086058031424,0.0,0.0,0.0,,,,,,,,,,,0.0,,,,,,,,,,,,,,,,,,,,,,,,,,,,,,,,,,,,,,,,,,,,,,,,,,,,,,,,,,,,,,,,,,,,,,,,,,,,,,,,,,,,,,,,,,,,,,,,,,,,,,,,,,,,,,,,,,,,,,,,,,0.07294650494375009,0.0,0.0,,,,,,,,,,,,,,0.02371594736254524,0.0,0.0,,,,,,,,,,,,0.0,,0.0,,0.0,,,,,,,,,,,,,,,,,,,,,,,,,,,,,,,,,,,,,,,,0,0,19,10
2,region_02,2022-11-26,,,,,,,,,,,,,,,0.0,0.0,,,,,,,,,,,,,,,,,,,,,,,,,0.0,0.0,,,,,,,,,,,,,0.0,0.0,0.008752965700945633,0.0,0.0,0.0,0.019954319644187132,0.0,0.005047863000072475,0.0,,,,,0.002358281510948543,0.0,0.024824115137259132,0.0,0.18421086243220736,0.0,0.004197548897493414,0.0,0.006991302284101595,0.0,0.039187930524349164,0.0,0.019755066062013268,0.0,0.28350154842649183,0.0,0.2583310164156414,0.0,0.0,0.0,,,,,,,,,,,0.0,,,,,,,,,,,,,,,,,,,,,,,,,,,,,,,,,,,,,,,,,,,,,,,,,,,,,,,,,,,,,,,,,,,,,,,,,,,,,,,,,,,,,,,,,,,,,,,,,,,,,,,,,,,,,,,,,,,,,,,,,,0.09526484045717448,0.0,0.0,,,,,,,,,,,,,,0.052704076821866744,0.0,0.0,,,,,,,,,,,,0.0,,0.0,,0.0,,,,,,,,,,,,,,,,,,,,,,,,,,,,,,,,,,,,,,,,0,0,19,11
2,region_02,2022-12-03,,,,,,,,,,,,,,,0.0,0.0,,,,,,,,,,,,,,,,,,,,,,,,,0.0,0.0,,,,,,,,,,,,,0.0,0.0,0.004873078665696045,0.0,0.0,0.0,0.009094906970858501,0.0,0.0019735252310055648,0.0,,,,,0.00023066118592393335,0.0,0.019012849449234794,0.0,0.13165903091430659,0.0,0.013458962685295442,0.0,0.002880712423939205,0.0,0.03351521678268905,0.0,0.015927707590162696,0.0,0.26036903783679005,0.0,0.2929770722985267,0.0,0.00176911600865418,0.0,,,,,,,,,,,0.0,,,,,,,,,,,,,,,,,,,,,,,,,,,,,,,,,,,,,,,,,,,,,,,,,,,,,,,,,,,,,,,,,,,,,,,,,,,,,,,,,,,,,,,,,,,,,,,,,,,,,,,,,,,,,,,,,,,,,,,,,,0.08984850388434194,0.0,0.0,,,,,,,,,,,,,,0.12354329461231824,0.0,0.0,,,,,,,,,,,,0.0,,0.0,,0.0,,,,,,,,,,,,,,,,,,,,,,,,,,,,,,,,,,,,,,,,0,0,19,12
2,region_02,2022-12-10,,,,,,,,,,,,,,,0.0,0.0,,,,,,,,,,,,,,,,,,,,,,,,,0.0,0.0,,,,,,,,,,,,,0.0,0.0,0.004469191863838721,0.0,0.0,0.0,0.005286049465403695,0.0,0.0009484344811521263,0.0,,,,,0.0008860974401038895,0.0,0.009407495393564775,0.0,0.09023669009145933,0.0,0.00931432843208308,0.0,0.0013609600504614577,0.0,0.01735564153641457,0.0,0.025957677023191163,0.0,0.2582560950203946,0.0,0.3073024514474367,0.0,0.0,0.0,,,,,,,,,,,0.0,,,,,,,,,,,,,,,,,,,,,,,,,,,,,,,,,,,,,,,,,,,,,,,,,,,,,,,,,,,,,,,,,,,,,,,,,,,,,,,,,,,,,,,,,,,,,,,,,,,,,,,,,,,,,,,,,,,,,,,,,,0.089275615910689,0.0,0.0,,,,,,,,,,,,,,0.1802870780229568,0.0,0.0008531163718240444,2.0,,,,,,,,,,,0.0,,0.0,,0.0,,,,,,,,,,,,,,,,,,,,,,,,,,,,,,,,,,,,,,,,0,1,19,13
2,region_02,2022-12-17,,,,,,,,,,,,,,,0.0,0.0,,,,,,,,,,,,,,,,,,,,,,,,,0.0,0.0,,,,,,,,,,,,,0.0,0.0,0.0008574319482944883,0.0,0.0,0.0,0.0035800418247364666,0.0,0.0034067353052603944,0.0,,,,,0.0,0.0,0.002152498268211822,0.0,0.07560258979598677,0.0,0.00547854311298575,0.0,0.0008574319482944882,0.0,0.016041046525869056,0.0,0.01638447296702195,0.0,0.18149192631244654,0.0,0.3003337300486035,0.0,0.014317040145397152,0.0,,,,,,,,,,,0.0,,,,,,,,,,,,,,,,,,,,,,,,,,,,,,,,,,,,,,,,,,,,,,,,,,,,,,,,,,,,,,,,,,,,,,,,,,,,,,,,,,,,,,,,,,,,,,,,,,,,,,,,,,,,,,,,,,,,,,,,,,0.07507883964313396,0.0,0.0,,,,,,,,,,,,,,0.3648441135883331,0.0,0.003252568991026889,0.0,,,,,,,,,,,0.0,,0.0,,0.0,,,,,,,,,,,,,,,,,,,,,,,,,,,,,,,,,,,,,,,,0,0,20,14
2,region_02,2022-12-24,,,,,,,,,,,,,,,0.0,0.0,,,,,,,,,,,,,,,,,,,,,,,,,0.0,0.0,,,,,,,,,,,,,0.0,0.0,0.0,0.0,0.0,0.0,0.0049563660012448,0.0,0.004128202604239429,0.0,,,,,0.0,0.0,0.008241567788097742,0.0,0.06928552643341174,0.0,0.0009180737953797,0.0,0.0009247720214154176,0.0,0.008408645387081483,0.0,0.009194979225011389,0.0,0.14194500796935133,0.0,0.2673376009744756,0.0,0.009992891425887699,0.0,,,,,,,,,,,0.0,,,,,,,,,,,,,,,,,,,,,,,,,,,,,,,,,,,,,,,,,,,,,,,,,,,,,,,,,,,,,,,,,,,,,,,,,,,,,,,,,,,,,,,,,,,,,,,,,,,,,,,,,,,,,,,,,,,,,,,,,,0.06269229028154819,0.0,0.0,,,,,,,,,,,,,,0.4117417447268963,0.0,0.0009724338823514999,0.0,,,,,,,,,,,0.0,,0.0,,0.0,,,,,,,,,,,,,,,,,,,,,,,,,,,,,,,,,,,,,,,,0,0,20,15
2,region_02,2022-12-31,,,,,,,,,,,,,,,0.0,0.0,,,,,,,,,,,,,,,,,,,,,,,,,0.0,0.0,,,,,,,,,,,,,0.0,0.0,0.0015934424227452312,0.0,0.0,0.0,0.0016414638230343752,0.0,0.0,0.0,,,,,0.0,0.0,0.0,0.0,0.05124803632497785,0.0,0.0011823901149909438,0.0,0.0018954526094602938,0.0,0.006878419197164419,0.0,0.009759158303495444,0.0,0.13055107394854223,0.0,0.20508415997028348,0.0,0.0060763857637842,0.0,,,,,,,,,,,0.003694516781251825,2.0,,,,,,,,,,,,,,,,,,,,,,,,,,,,,,,,,,,,,,,,,,,,,,,,,,,,,,,,,,,,,,,,,,,,,,,,,,,,,,,,,,,,,,,,,,,,,,,,,,,,,,,,,,,,,,,,,,,,,,,,,0.04497824120335277,0.0,0.0,,,,,,,,,,,,,,0.5307337164878845,0.0,0.0018465030912516445,0.0,,,,,,,,,,,0.0,,0.0,,0.0,,,,,,,,,,,,,,,,,,,,,,,,,,,,,,,,,,,,,,,,0,1,20,16
2,region_02,2023-01-07,,,,,,,,,,,,,,,0.0,0.0,,,,,,,,,,,,,,,,,,,,,,,,,0.0,0.0,,,,,,,,,,,,,0.0,0.0,0.0010815382935106198,0.0,0.0,0.0,0.0017151684733107133,0.0,0.00121011357599244,0.0,,,,,0.0,0.0,0.0034439467048892934,0.0,0.0577081628143787,0.0,0.00613791108286626,0.0,0.0015540643439938067,0.0,0.0029592650321622134,0.0,0.0102048004046082,0.0,0.08647853348936349,0.0,0.1666241844495137,0.0,0.006994344169894807,0.0,,,,,,,,,,,0.0,0.0,,,,,,,,,,,,,,,,,,,,,,,,,,,,,,,,,,,,,,,,,,,,,,,,,,,,,,,,,,,,,,,,,,,,,,,,,,,,,,,,,,,,,,,,,,,,,,,,,,,,,,,,,,,,,,,,,,,,,,,,,0.03138270539542035,0.0,0.0,,,,,,,,,,,,,,0.6216156993593488,0.0,0.007120175183647167,0.0,,,,,,,,,,,0.001498086095255357,2.0,0.0,,0.0,,,,,,,,,,,,,,,,,,,,,,,,,,,,,,,,,,,,,,,,0,1,21,17
2,region_02,2023-01-14,,,,,,,,,,,,,,,0.0,0.0,,,,,,,,,,,,,,,,,,,,,,,,,0.0,0.0,,,,,,,,,,,,,0.00038387371127356426,0.0,0.003292419615068571,0.0,0.0,0.0,0.0018977936290736285,0.0,0.0,0.0,,,,,0.0,0.0,0.0004211349795305929,0.0,0.026752659917942078,0.0,0.0,0.0,0.0004211349795305929,0.0,0.0038993802985974146,0.0,0.010122402038957342,0.0,0.07530437569533073,0.0,0.15566529227154594,0.0,0.0075778051811669,0.0,,,,,,,,,,,0.0,0.0,,,,,,,,,,,,,,,,,,,,,,,,,,,,,,,,,,,,,,,,,,,,,,,,,,,,,,,,,,,,,,,,,,,,,,,,,,,,,,,,,,,,,,,,,,,,,,,,,,,,,,,,,,,,,,,,,,,,,,,,,0.03435042713369637,0.0,0.0,,,,,,,,,,,,,,0.6745183212416512,0.0,0.006573901666949144,0.0,,,,,,,,,,,0.0,0.0,0.000416546528867875,2.0,0.0,,,,,,,,,,,,,,,,,,,,,,,,,,,,,,,,,,,,,,,,0,1,22,18
2,region_02,2023-01-21,,,,,,,,,,,,,,,0.0,0.0,,,,,,,,,,,,,,,,,,,,,,,,,0.0,0.0,,,,,,,,,,,,,0.0,0.0,0.00078016380430195,0.0,0.0,0.0,0.002484605558073246,0.0,0.0,0.0,,,,,0.0,0.0,0.00042482049096944616,0.0,0.015686073495695924,0.0,0.001061837085916677,0.0,0.00042482049096944616,0.0,0.0017121407525756615,0.0,0.001602425177295,0.0,0.048063759381572375,0.0,0.1069943956457651,0.0,0.004621596218874784,0.0,,,,,,,,,,,0.0,0.0,,,,,,,,,,,,,,,,,,,,,,,,,,,,,,,,,,,,,,,,,,,,,,,,,,,,,,,,,,,,,,,,,,,,,,,,,,,,,,,,,,,,,,,,,,,,,,,,,,,,,,,,,,,,,,,,,,,,,,,,,0.02205259352922434,0.0,0.0,,,,,,,,,,,,,,0.7861490341333243,0.0,0.009512518325613555,0.0,,,,,,,,,,,0.0004185114895725,0.0,0.0,0.0,0.0,,,,,,,,,,,,,,,,,,,,,,,,,,,,,,,,,,,,,,,,0,0,23,19
2,region_02,2023-01-28,,,,,,,,,,,,,,,0.0,0.0,,,,,,,,,,,,,,,,,,,,,,,,,0.0,0.0,,,,,,,,,,,,,0.0,0.0,0.0008653853559128667,0.0,0.0,0.0,0.0010695941309677,0.0,0.0,0.0,,,,,0.0,0.0,0.0,0.0,0.0125703020021319,0.0,0.0008497282591027,0.0,0.0007147991952175333,0.0,0.0010336185514460666,0.0,0.005731658738416884,0.0,0.03341454608986771,0.0,0.07702157708505787,0.0,0.007777286771063975,0.0,,,,,,,,,,,0.0023964895517564998,0.0,,,,,,,,,,,,,,,,,,,,,,,,,,,,,,,,,,,,,,,,,,,,,,,,,,,,,,,,,,,,,,,,,,,,,,,,,,,,,,,,,,,,,,,,,,,,,,,,,,,,,,,,,,,,,,,,,,,,,,,,,0.018349011273433708,0.0,0.00068422569893295,2.0,,,,,,,,,,,,,0.8301449120044708,0.0,0.01161676914327671,0.0,,,,,,,,,,,0.0010282824015510428,0.0,0.00034381240402575,0.0,0.0003437767736613,2.0,,,,,,,,,,,,,,,,,,,,,,,,,,,,,,,,,,,,,,,0,2,23,20
2,region_02,2023-02-04,,,,,,,,,,,,,,,0.0,0.0,,,,,,,,,,,,,,,,,,,,,,,,,0.0,0.0,,,,,,,,,,,,,0.0,0.0,0.0004756672239057546,0.0,0.0,0.0,0.0003101881011389,0.0,0.0007165181344713091,0.0,,,,,0.0,0.0,0.0009513344478115727,0.0,0.007569109821425972,0.0,0.0,0.0,0.0,0.0,0.0008146023716438272,0.0,0.0014545790089124455,0.0,0.032351010902361414,0.0,0.06878207488493482,0.0,0.007275777826593637,0.0,,,,,,,,,,,0.0007769092771922499,0.0,,,,,,,,,,,,,,,,,,,,,,,,,,,,,,,,,,,,,,,,,,,,,,,,,,,,,,,,,,,,,,,,,,,,,,,,,,,,,,,,,,,,,,,,,,,,,,,,,,,,,,,,,,,,,,,,,,,,,,,,,0.01041025938466186,0.0,0.0,0.0,,,,,,,,,,,,,0.8569923422553323,0.0,0.011191814310020821,0.0,,,,,,,,,,,0.0024826437500970427,0.0,0.0,0.0,0.0,0.0,,,,,,,,,,,,,,,,,,,,,,,,,,,,,,,,,,,,,,,0,0,25,21
2,region_02,2023-02-11,,,,,,,,,,,,,,,0.0,0.0,,,,,,,,,,,,,,,,,,,,,,,,,0.0,0.0,,,,,,,,,,,,,0.0,0.0,0.00057296716258856,0.0,0.0,0.0,0.00057296716258856,0.0,0.0,0.0,,,,,0.0,0.0,0.00057296716258856,0.0,0.016591683775186487,0.0,0.0,0.0,0.00057296716258856,0.0,0.00046953374985602,0.0,0.00267089072149242,0.0,0.023789853323250964,0.0,0.06607530415058131,0.0,0.00664461343549186,0.0,,,,,,,,,,,0.001587325241416625,0.0,,,,,,,,,,,,,,,,,,,,,,,,,,,,,,,,,,,,,,,,,,,,,,,,,,,,,,,,,,,,,,,,,,,,,,,,,,,,,,,,,,,,,,,,,,,,,,,,,,,,,,,,,,,,,,,,,,,,,,,,,0.0124381491914391,0.0,0.0,0.0,,,,,,,,,,,,,0.8499801456928253,0.0,0.0194106812455824,0.0,,,,,,,,,,,0.0010258761134796428,0.0,0.0020400620414875,0.0,0.0,0.0,,,,,,,,,,,,,,,,,,,,,,,,,,,,,,,,,,,,,,,0,0,25,22
2,region_02,2023-02-18,,,,,,,,,,,,,,,0.0,0.0,,,,,,,,,,,,,,,,,,,,,,,,,0.0,0.0,,,,,,,,,,,,,0.0,0.0,0.00079770081210876,0.0,0.0,0.0,0.0,0.0,0.0,0.0,,,,,0.0,0.0,0.0,0.0,0.004734811269574644,0.0,0.0,0.0,0.0,0.0,0.0020285629563860886,0.0,0.001756607231477011,0.0,0.01894407926334271,0.0,0.05547813367512488,0.0,0.002945274347439378,0.0,,,,,,,,,,,0.00116815857472825,0.0,,,,,,,,,,,,,,,,,,,,,,,,,,,,,,,,,,,,,,,,,,,,,,,,,,,,,,,,,,,,,,,,,,,,,,,,,,,,,,,,,,,,,,,,,,,,,,,,,,,,,,,,,,,,,,,,,,,,,,,,,0.009203092753887119,0.0,0.0,0.0,,,,,,,,,,,,,0.8871260152922736,0.0,0.015208454336970984,0.0,,,,,,,,,,,0.002958326068307614,0.0,0.0,0.0,0.0,0.0,,,,,,,,,,,,,,,,,,,,,,,,,,,,,,,,,,,,,,,0,0,25,23
2,region_02,2023-02-25,,,,,,,,,,,,,,,0.0,0.0,,,,,,,,,,,,,,,,,,,,,,,,,0.0,0.0,,,,,,,,,,,,,0.0,0.0,0.003941974806366425,0.0,0.0,0.0,0.0006887631316202875,0.0,0.0012576869921758374,0.0,,,,,0.0,0.0,0.0006887631316202875,0.0,0.005572221823967938,0.0,0.0,0.0,0.0,0.0,0.0,0.0,0.002515373984351725,0.0,0.007342158816754775,0.0,0.028417862206697418,0.0,0.0026352132263127,0.0,,,,,,,,,,,0.001334973552729875,0.0,,,,,,,,,,,,,,,,,,,,,,,,,,,,,,,,,,,,,,,,,,,,,,,,,,,,,,,,,,,,,,,,,,,,,,,,,,,,,,,,,,,,,,,,,,,,,,,,,,,,,,,,,,,,,,,,,,,,,,,,,0.01544848494231694,0.0,0.0,0.0,,,,,,,,,,,,,0.907388910651207,0.0,0.01733294653240585,0.0,,,,,,,,,,,0.00876052584499117,0.0,0.0,0.0,0.0,0.0,,,,,,,,,,,,,,,,,,,,,,,,,,,,,,,,,,,,,,,0,0,25,24
2,region_02,2023-03-04,,,,,,,,,,,,,,,0.0,0.0,,,,,,,,,,,,,,,,,,,,,,,,,0.0,0.0,,,,,,,,,,,,,0.0,0.0,0.0,0.0,0.0,0.0,0.0,0.0,0.0,0.0,,,,,0.0,0.0,0.0,0.0,0.0007695289179017143,0.0,0.0,0.0,0.0,0.0,0.0,0.0,0.0013151069371295286,0.0,0.0026302138742591145,0.0,0.035056709178856386,0.0,0.0132274022325873,0.0,,,,,,,,,,,0.0007399826281471,0.0,,,,,,,,,,,,,,,,,,,,,,,,,,,,,,,,,,,,,,,,,,,,,,,,,,,,,,,,,,,,,,,,,,,,,,,,,,,,,,,,,,,,,,,,,,,,,,,,,,,,,,,,,,,,,,,,,,,,,,,,,0.02010276727378365,0.0,0.003479036269709425,0.0,,,,,,,,,,,,,0.9061248898506165,0.0,0.0093065299359815,0.0,,,,,,,,,,,0.007162686570414428,0.0,0.00873626675456755,0.0,0.000732505810447,0.0,,,,,,,,,,,,,,,,,,,,,,,,,,,,,,,,,,,,,,,0,0,25,25
2,region_02,2023-03-11,,,,,,,,,,,,,,,0.0,0.0,,,,,,,,,,,,,,,,,,,,,,,,,0.0,0.0,,,,,,,,,,,,,0.0,0.0,0.0028880366007797004,0.0,0.0,0.0,0.0,0.0,0.0,0.0,,,,,0.0,0.0,0.0,0.0,0.0027465352322905835,0.0,0.0,0.0,0.0,0.0,0.003407419077120683,0.0,0.00104282567432765,0.0,0.009166597543905116,0.0,0.025806832437713898,0.0,0.005903074517846049,0.0,,,,,,,,,,,0.0,0.0,,,,,,,,,,,,,,,,,,,,,,,,,,,,,,,,,,,,,,,,,,,,,,,,,,,,,,,,,,,,,,,,,,,,,,,,,,,,,,,,,,,,,,,,,,,,,,,,,,,,,,,,,,,,,,,,,,,,,,,,,0.0168765927664935,0.0,0.00097207500948565,0.0,,,,,,,,,,,,,0.8845195273558298,0.0,0.028227869731684483,0.0,,,,,,,,,,,0.014819998449335433,0.0,0.004860375076532325,0.0,0.0031421936582773,0.0,,,,,,,,,,,,,,,,,,,,,,,,,,,,,,,,,,,,,,,0,0,25,26
2,region_02,2023-03-18,,,,,,,,,,,,,,,0.0,0.0,,,,,,,,,,,,,,,,,,,,,,,,,0.0,0.0,,,,,,,,,,,,,0.0,0.0,0.0,0.0,0.0,0.0,0.0,0.0,0.0,0.0,,,,,0.0,0.0,0.0,0.0,0.0009922155528329,0.0,0.0,0.0,0.0,0.0,0.0,0.0,0.0,0.0,0.004846833460032921,0.0,0.033497008681297256,0.0,0.01188259404152626,0.0,,,,,,,,,,,0.0011591193033382,0.0,,,,,,,,,,,,,,,,,,,,,,,,,,,,,,,,,,,,,,,,,,,,,,,,,,,,,,,,,,,,,,,,,,,,,,,,,,,,,,,,,,,,,,,,,,,,,,,,,,,,,,,,,,,,,,,,,,,,,,,,,0.018576627597212757,0.0,0.01086839335039255,0.0,,,,,,,,,,,,,0.8526562929153443,0.0,0.032756255939602796,0.0,,,,,,,,,,,0.020811961963772725,0.0,0.015530803706496926,0.0,0.0056032366119325,0.0,,,,,,,,,,,,,,,,,,,,,,,,,,,,,,,,,,,,,,,0,0,25,27
2,region_02,2023-03-25,,,,,,,,,,,,,,,0.0,0.0,,,,,,,,,,,,,,,,,,,,,,,,,0.0,0.0,,,,,,,,,,,,,0.0,0.0,0.0,0.0,0.0,0.0,0.0,0.0,0.0,0.0,,,,,0.0,0.0,0.0,0.0,0.00359738070983435,0.0,0.0,0.0,0.0,0.0,0.0,0.0,0.0011186705960426,0.0,0.00471605127677315,0.0,0.013150687096640424,0.0,0.00591218261979515,0.0,,,,,,,,,,,0.00359738070983435,0.0,,,,,,,,,,,,,,,,,,,,,,,,,,,,,,,,,,,,,,,,,,,,,,,,,,,,,,,,,,,,,,,,,,,,,,,,,,,,,,,,,,,,,,,,,,,,,,,,,,,,,,,,,,,,,,,,,,,,,,,,,0.0341207981109619,0.0,0.016385495197027873,0.0,,,,,,,,,,,,,0.8304723501205444,0.0,0.021978848148137275,0.0,,,,,,,,,,,0.0492344461381435,0.0,0.01998287532478565,0.0,0.0099868318066,0.0,,,,,,,,,,,,,,,,,,,,,,,,,,,,,,,,,,,,,,,0,0,25,28
2,region_02,2023-04-01,,,,,,,,,,,,,,,0.0,0.0,,,,,,,,,,,,,,,,,,,,,,,,,0.0,0.0,,,,,,,,,,,,,0.0,0.0,0.0,0.0,0.0,0.0,0.0,0.0,0.0,0.0,,,,,0.0,0.0,0.0,0.0,0.003093030846988134,0.0,0.0,0.0,0.0,0.0,0.0,0.0,0.0,0.0,0.003093030846988134,0.0,0.006783881845573567,0.0,0.005455803902198834,0.0,,,,,,,,,,,0.003529905729616633,0.0,,,,,,,,,,,,,,,,,,,,,,,,,,,,,,,,,,,,,,,,,,,,,,,,,,,,,,,,,,,,,,,,,,,,,,,,,,,,,,,,,,,,,,,,,,,,,,,,,,,,,,,,,,,,,,,,,,,,,,,,,0.048166574910283005,0.0,0.014573950941363933,0.0,,,,,,,,,,,,,0.8259206414222717,0.0,0.015235794087250967,0.0,,,,,,,,,,,0.05934356153011313,0.0,0.016138051636517,0.0,0.0175612829625606,0.0,,,,,,,,,,,,,,,,,,,,,,,,,,,,,,,,,,,,,,,0,0,25,29
2,region_02,2023-04-08,,,,,,,,,,,,,,,0.0,0.0,,,,,,,,,,,,,,,,,,,,,,,,,0.0,0.0,,,,,,,,,,,,,0.0,0.0,0.0,0.0,0.0,0.0,0.0,0.0,0.0,0.0,,,,,0.0,0.0,0.0,0.0,0.0,0.0,0.0,0.0,0.0,0.0,0.0,0.0,0.00779189541935915,0.0,0.0,0.0,0.01168784312903875,0.0,0.00818558060564095,0.0,,,,,,,,,,,0.0048133970703929,0.0,,,,,,,,,,,,,,,,,,,,,,,,,,,,,,,,,,,,,,,,,,,,,,,,,,,,,,,,,,,,,,,,,,,,,,,,,,,,,,,,,,,,,,,,,,,,,,,,,,,,,,,,,,,,,,,,,,,,,,,,,0.0382723100483417,0.0,0.0339800585061311,0.0,,,,,,,,,,,,,0.7996362745761871,0.0,0.01495261909440155,0.0,,,,,,,,,,,0.0657788105309009,0.0,0.0174186890944838,0.0,0.0198136959224939,0.0,,,,,,,,,,,,,,,,,,,,,,,,,,,,,,,,,,,,,,,0,0,25,30
2,region_02,2023-04-15,,,,,,,,,,,,,,,0.0,0.0,,,,,,,,,,,,,,,,,,,,,,,,,0.0,0.0,,,,,,,,,,,,,0.0,0.0,0.0,0.0,0.0,0.0,0.0026775144075077443,0.0,0.0,0.0,0.0,,,,0.0,0.0,0.0,0.0,0.0029966687698932707,0.0,0.0,0.0,0.0,0.0,0.0,0.0,0.0028411856344477183,0.0,0.0014205928278070454,0.0,0.011495357955043913,0.0,0.011641880819065947,0.0,0.003983936856920761,1.0,0.0,,0.0,,0.0024217462722354926,2.0,0.0,,0.003986367566341651,0.0,0.0035503261561433343,2.0,0.0,,0.0,,0.0,,0.0,,0.0,,0.0,,0.0,,0.0,,0.0,,0.0,,0.0,,0.0,,0.0,,0.0,,0.0,,0.0,,0.0,,0.0,,0.0,,0.0,,0.0,,0.0,,0.0,,0.0,,0.0,,0.0,,0.0,,0.0,,0.0,,0.0,,0.0,,0.0,,0.0,,0.0,,0.0,,0.0,,0.0,,0.0,,0.0,,0.0,,0.0,,0.0,,0.0,,0.0,,0.0,,0.0,,0.0,,0.0,,0.0,,0.0,,,,,,,,0.0,,,,,,,,,,,,0.016035551205277394,0.0,0.02831940295344045,0.0,0.014651580420495138,2.0,0.0,,0.0,,0.0,,0.0,,0.0,,0.7569215406071056,0.0,0.02362611232833424,0.0,0.0065731566030320775,2.0,0.0017470335336766726,2.0,0.006129563580123797,2.0,0.001009434385196025,2.0,0.00242334822658445,2.0,0.058883666518059596,0.0,0.015026499923657245,0.0,0.02310353531078854,0.0,0.0,,0.0,,0.0,,0.0,,0.0,,0.0,,0.0,,0.0,,0.0,,,,,,,,,,,,,,,,,,,,,,1,8,25,0
2,region_02,2023-04-22,,,,,,,,,,,,,,,0.0,0.0,,,,,,,,,,,,,,,,,,,,,,,,,0.0,0.0,,,,,,,,,,,,,0.0,0.0,0.0009789718094759892,0.0,0.0,0.0,0.0013387572037538722,0.0,0.0,0.0,0.0,,,,0.0,0.0,0.0,0.0,0.0023827017029168264,0.0,0.0,0.0,0.0,0.0,0.0,0.0,0.0014205928172238591,0.0,0.0007102964139035227,0.0,0.00635522357631841,0.0,0.010658033344399142,0.0,0.0019919684284603807,0.0,0.0,,0.0,,0.003683906554495153,0.0,0.0014468646938136209,2.0,0.002341782786669344,0.0,0.003505409630284091,0.0,0.0,,0.0009769967752314573,2.0,0.0,,0.0,,0.0,,0.0,,0.0,,0.0,,0.0,,0.0,,0.0,,0.0,,0.0,,0.0,,0.0,,0.0,,0.0,,0.0,,0.0,,0.0,,0.0,,0.0,,0.0,,0.0,,0.0,,0.0,,0.0,,0.0,,0.0,,0.0,,0.0,,0.0,,0.0,,0.0,,0.0,,0.0,,0.0,,0.0,,0.0,,0.0,,0.0,,0.0,,0.0,,0.0,,0.0,,0.0,,0.0,,0.0,,0.0,,0.0,,,,,,,,0.0,,,,,,,,,,,,0.020878423868756074,0.0,0.05012613982150346,0.0,0.01939890231678885,0.0,0.00046986791251884375,2.0,0.0,,0.0,,0.0,,0.0,,0.7251396327207386,0.0,0.02225118509057892,0.0,0.013315338391002289,0.0,0.001533955127895557,0.0,0.004568059843642442,0.0,0.0026273278933027664,0.0,0.002092781615210645,0.0,0.056553431101118226,0.0,0.020392024075229817,0.0,0.02411283335212601,0.0,0.0,,0.0,,0.0,,0.0,,0.0,,0.0,,0.0,,0.0,,0.0,,,,,,,,,,,,,,,,,,,,,,0,3,34,1
2,region_02,2023-04-29,,,,,,,,,,,,,,,0.0,0.0,,,,,,,,,,,,,,,,,,,,,,,,,0.0,0.0,,,,,,,,,,,,,0.0,0.0,0.0019579436189519784,0.0,0.0,0.0,0.0,0.0,0.0,0.0,0.0,,,,0.0,0.0,0.0,0.0,0.0017687346359403816,0.0,0.0,0.0,0.0,0.0,0.0,0.0,0.0,0.0,0.0,0.0,0.001215089197592906,0.0,0.009674185869732335,0.0,0.0,0.0,0.0,,0.0,,0.004946066836754814,0.0,0.0028937293876272418,0.0,0.0006971980069970371,0.0,0.003460493104424848,0.0,0.0,,0.0019539935504629146,0.0,0.0,,0.0,,0.0,,0.0,,0.0,,0.0,,0.0,,0.0,,0.0,,0.0,,0.0,,0.0,,0.0,,0.0,,0.0,,0.0,,0.0,,0.0,,0.0,,0.0,,0.0,,0.0,,0.0,,0.0,,0.0,,0.0,,0.0,,0.0,,0.0,,0.0,,0.0,,0.0,,0.0,,0.0,,0.0,,0.0,,0.0,,0.0,,0.0,,0.0,,0.0,,0.0,,0.0,,0.0,,0.0,,0.0,,0.0,,0.0,,,,,,,,0.0,,,,,,,,,,,,0.025721296532234757,0.0,0.07193287668956647,0.0,0.024146224213082563,0.0,0.0009397358250376875,0.0,0.0,,0.0,,0.0,,0.0,,0.6933577248343715,0.0,0.020876257852823595,0.0,0.0200575201789725,0.0,0.0013208767221144413,0.0,0.0030065561071610865,0.0,0.0042452214014095085,0.0,0.00176221500383684,0.0,0.05422319568417685,0.0,0.02575754822680239,0.0,0.025122131393463483,0.0,0.0,,0.0,,0.0,,0.0,,0.0,,0.0,,0.0,,0.0,,0.0,,,,,,,,,,,,,,,,,,,,,,0,0,37,2
2,region_02,2023-05-06,,,,,,,,,,,,,,,0.0,0.0,,,,,,,,,,,,,,,,,,,,,,,,,0.0,0.0,,,,,,,,,,,,,0.0,0.0,0.0009789718094759892,0.0,0.0,0.0,0.000396696788056749,0.0,0.0,0.0,0.0,,,,0.0,0.0,0.0,0.0,0.0008843673179701908,0.0,0.0,0.0,0.0,0.0,0.0,0.0,0.0,0.0,0.0,0.0,0.003770168539816166,0.0,0.0092720177535821,0.0,0.0025980801403741372,0.0,0.0,,0.0015091017460993554,2.0,0.0030612265064308922,0.0,0.0024531317382448926,0.0,0.0012351547558112884,0.0,0.014627483505486961,0.0,0.0005777045224355847,1.0,0.0015538768893747583,0.0,0.0,,0.0,,0.0,,0.0,,0.0,,0.0,,0.0,,0.0,,0.0,,0.0,,0.0,,0.0,,0.0,,0.0,,0.0,,0.0,,0.0,,0.0,,0.0,,0.0,,0.0,,0.0,,0.0,,0.0,,0.0,,0.0,,0.0,,0.0,,0.0,,0.0,,0.0,,0.0,,0.0,,0.0,,0.0,,0.0,,0.0,,0.0,,0.0,,0.0,,0.0,,0.0,,0.0,,0.0,,0.0,,0.0,,0.0,,0.0,,,,,,,,0.0,,,,,,,,,,,,0.03452357889022,0.0,0.07296807647329327,0.0,0.025161393267499797,0.0,0.00046986791251884375,0.0,0.0,,0.0,,0.004102396198968364,2.0,0.0,,0.6495575453229587,0.0,0.017090936137036557,0.0,0.021377179789233834,0.0,0.0017139280111329864,0.0,0.0033992111096337223,0.0,0.008736495452467307,0.0,0.0036054696713108004,0.0,0.06045740434234784,0.0,0.030712541185610946,0.0,0.02519317979727561,0.0,0.0,,0.0,,0.0,,0.0,,0.0,,0.0,,0.0,,0.0,,0.0,,,,,,,,,,,,,,,,,,,,,,1,2,37,0
2,region_02,2023-05-13,,,,,,,,,,,,,,,0.0,0.0,,,,,,,,,,,,,,,,,,,,,,,,,0.0,0.0,,,,,,,,,,,,,0.0,0.0,0.0,0.0,0.0,0.0,0.000793393576113498,0.0,0.0,0.0,0.0,,,,0.0,0.0,0.0,0.0,0.0,0.0,0.0,0.0,0.0,0.0,0.0,0.0,0.0,0.0,0.0,0.0,0.006325247882039426,0.0,0.008869849637431867,0.0,0.0051961602807482745,0.0,0.0,,0.0030182034921987107,0.0,0.0011763861761069712,0.0,0.0020125340888625435,0.0,0.0017731115046255397,0.0,0.025794473906549077,0.0,0.0011554090448711693,0.0,0.001153760228286602,0.0,0.0,,0.0,,0.0,,0.0,,0.0,,0.0,,0.0,,0.0,,0.0,,0.0,,0.0,,0.0,,0.0,,0.0,,0.0,,0.0,,0.0,,0.0,,0.0,,0.0,,0.0,,0.0,,0.0,,0.0,,0.0,,0.0,,0.0,,0.0,,0.0,,0.0,,0.0,,0.0,,0.0,,0.0,,0.0,,0.0,,0.0,,0.0,,0.0,,0.0,,0.0,,0.0,,0.0,,0.0,,0.0,,0.0,,0.0,,0.0,,,,,,,,0.0,,,,,,,,,,,,0.04332586124820525,0.0,0.07400327625702008,0.0,0.026176562321917028,0.0,0.0,0.0,0.0,,0.0,,0.008204792397936728,0.0,0.0,,0.6057573658115459,0.0,0.013305614421249517,0.0,0.022696839399495166,0.0,0.0021069793001515314,0.0,0.0037918661121063577,0.0,0.013227769503525106,0.0,0.005448724338784761,0.0,0.06669161300051882,0.0,0.035667534144419505,0.0,0.025264228201087736,0.0,0.0,,0.0,,0.0,,0.0,,0.0,,0.0,,0.0,,0.0,,0.0,,,,,,,,,,,,,,,,,,,,,,0,0,40,1
2,region_02,2023-05-20,,,,,,,,,,,,,,,0.0,0.0,,,,,,,,,,,,,,,,,,,,,,,,,0.0,0.0,,,,,,,,,,,,,0.0,0.0,0.0008871361205819731,0.0,0.0,0.0,0.000396696788056749,0.0,0.0,0.0,0.0,,,,0.0,0.0,0.0,0.0,0.0,0.0,0.0,0.0,0.0,0.0,0.0,0.0,0.0,0.0,0.0,0.0,0.003162623941019713,0.0,0.007274835596341891,0.0,0.011497805200918875,0.0,0.0,,0.004542393119966875,0.0,0.004501759119403426,0.0,0.003134306938591132,0.0,0.0008865557523127698,0.0,0.03465134987177752,0.0,0.0005777045224355847,0.0,0.0014885924235082822,0.0,0.0,,0.0,,0.0,,0.0,,0.0,,0.0,,0.0,,0.0,,0.0,,0.0,,0.0,,0.0,,0.0,,0.0,,0.0,,0.0,,0.0,,0.0,,0.0,,0.0,,0.0,,0.0,,0.0,,0.0,,0.0,,0.0,,0.0,,0.0,,0.0,,0.0,,0.0,,0.0,,0.0,,0.0,,0.0,,0.0,,0.0,,0.0,,0.0,,0.0,,0.0,,0.0,,0.0,,0.0,,0.0,,0.0,,0.0,,0.0,,,,,,,,0.0,,,,,,,,,,,,0.04194190384244274,0.0,0.08920548500895971,0.0,0.04838519439733811,0.0,0.0030191679640362407,0.0,0.0,,0.0,,0.008624732928058345,0.0,0.0,,0.5151796431668612,0.0,0.01452143645678227,0.0,0.026439973388369994,0.0,0.003061352148292508,0.0,0.00271110828599861,0.0,0.008741924645922413,0.0,0.0036029709281865025,0.0,0.08627281103185841,0.0,0.0344685593407725,0.0,0.044605193377316485,0.0,0.002689136464663932,2.0,0.0,,0.0,,0.0,,0.0,,0.0,,0.0,,0.0,,0.0,,,,,,,,,,,,,,,,,,,,,,0,1,40,2
2,region_02,2023-05-27,,,,,,,,,,,,,,,0.0,0.0,,,,,,,,,,,,,,,,,,,,,,,,,0.0,0.0,,,,,,,,,,,,,0.0,0.0,0.0017742722411639462,0.0,0.0,0.0,0.0,0.0,0.0,0.0,0.0,,,,0.0,0.0,0.0,0.0,0.0,0.0,0.0,0.0,0.0,0.0,0.0,0.0,0.0,0.0,0.0,0.0,0.0,0.0,0.0056798215552519155,0.0,0.017799450121089477,0.0,0.0,,0.006066582747735038,0.0,0.00782713206269988,0.0,0.0042560797883197206,0.0,0.0,0.0,0.04350822583700597,0.0,0.0,0.0,0.0018234246187299626,0.0,0.0,,0.0,,0.0,,0.0,,0.0,,0.0,,0.0,,0.0,,0.0,,0.0,,0.0,,0.0,,0.0,,0.0,,0.0,,0.0,,0.0,,0.0,,0.0,,0.0,,0.0,,0.0,,0.0,,0.0,,0.0,,0.0,,0.0,,0.0,,0.0,,0.0,,0.0,,0.0,,0.0,,0.0,,0.0,,0.0,,0.0,,0.0,,0.0,,0.0,,0.0,,0.0,,0.0,,0.0,,0.0,,0.0,,0.0,,0.0,,,,,,,,0.0,,,,,,,,,,,,0.04055794643668024,0.0,0.10440769376089934,0.0,0.0705938264727592,0.0,0.006038335928072481,0.0,0.0,,0.0,,0.009044673458179964,0.0,0.0,,0.4246019205221763,0.0,0.015737258492315023,0.0,0.030183107377244826,0.0,0.004015724996433484,0.0,0.0016303504598908624,0.0,0.0042560797883197206,0.0,0.0017572175175882441,0.0,0.10585400906319799,0.0,0.0332695845371255,0.0,0.06394615855354524,0.0,0.005378272929327864,0.0,0.0,,0.0,,0.0,,0.0,,0.0,,0.0,,0.0,,0.0,,,,,,,,,,,,,,,,,,,,,,0,0,41,3
2,region_02,2023-06-03,,,,,,,,,,,,,,,0.0,0.0,,,,,,,,,,,,,,,,,,,,,,,,,0.0,0.0,,,,,,,,,,,,,0.0,0.0,0.0008871361205819731,0.0,0.0,0.0,0.0001924951168749363,0.0,0.0,0.0,0.0,,,,0.0,0.0,0.0,0.0,0.0,0.0,0.0,0.0,0.0,0.0,0.0,0.0,0.0009640341809512275,0.0,0.000931920597795373,0.0,0.0021133719276928754,0.0,0.005089496643969673,0.0,0.030351868848882427,0.0,0.0,,0.006241849099751515,0.0,0.005796709410118543,0.0,0.005709942124667531,0.0,0.0,0.0,0.03544863351995786,0.0,0.0020888013080978623,0.0,0.004945107888488519,0.0,0.0,,0.0,,0.0,,0.0,,0.0,,0.0,,0.0,,0.0,,0.0,,0.0,,0.0,,0.0,,0.0,,0.0,,0.0,,0.0,,0.0,,0.0,,0.0,,0.0,,0.0,,0.0,,0.0,,0.0,,0.0,,0.0,,0.0,,0.0,,0.0,,0.0,,0.0,,0.0,,0.0,,0.0,,0.0,,0.0,,0.0,,0.0,,0.0,,0.0,,0.0,,0.0,,0.0,,0.0,,0.0,,0.0,,0.0,,0.0,,,,,,,,0.0,,,,,,,,,,,,0.04629451044319617,0.0,0.11841919101903921,0.0,0.061990648800251485,0.0,0.0030191679640362407,0.0,0.0,,0.0,,0.010787368889021478,0.0,0.0,,0.38867244408725793,0.0,0.01768416674472744,0.0,0.032562848027419045,0.0,0.003327867978905257,0.0,0.0017946556206380117,0.0,0.005745678708384079,0.0,0.006673212518216994,0.0,0.09146702263313222,0.0,0.037313866772482385,0.0,0.07385319163727809,0.0,0.004763264139678197,0.0,0.0,,0.0,,0.0,,0.0,,0.0,,0.0,,0.0,,0.0,,,,,,,,,,,,,,,,,,,,,,0,0,41,4
2,region_02,2023-06-10,,,,,,,,,,,,,,,0.0,0.0,,,,,,,,,,,,,,,,,,,,,,,,,0.0,0.0,,,,,,,,,,,,,0.0,0.0,0.0,0.0,0.0,0.0,0.0003849902337498726,0.0,0.0,0.0,0.0,,,,0.0,0.0,0.0,0.0,0.0,0.0,0.0,0.0,0.0,0.0,0.0,0.0,0.001928068361902455,0.0,0.001863841195590746,0.0,0.004226743855385751,0.0,0.004499171732687431,0.0,0.04290428757667537,0.0,0.0,,0.006417115451767993,0.0,0.003766286757537206,0.0,0.00716380446101534,0.0,0.0,0.0,0.02738904120290976,0.0,0.0041776026161957245,0.0,0.008066791158247075,0.0,0.0,,0.0,,0.0,,0.0,,0.0,,0.0,,0.0,,0.0,,0.0,,0.0,,0.0,,0.0,,0.0,,0.0,,0.0,,0.0,,0.0,,0.0,,0.0,,0.0,,0.0,,0.0,,0.0,,0.0,,0.0,,0.0,,0.0,,0.0,,0.0,,0.0,,0.0,,0.0,,0.0,,0.0,,0.0,,0.0,,0.0,,0.0,,0.0,,0.0,,0.0,,0.0,,0.0,,0.0,,0.0,,0.0,,0.0,,0.0,,,,,,,,0.0,,,,,,,,,,,,0.052031074449712104,0.0,0.13243068827717908,0.0,0.05338747112774377,0.0,0.0,0.0,0.0,,0.0,,0.012530064319862992,0.0,0.0,,0.35274296765233953,0.0,0.01963107499713986,0.0,0.03494258867759327,0.0,0.0026400109613770296,0.0,0.001958960781385161,0.0,0.007235277628448437,0.0,0.011589207518845743,0.0,0.07708003620306647,0.0,0.041358149007839275,0.0,0.08376022472101094,0.0,0.00414825535002853,0.0,0.0,,0.0,,0.0,,0.0,,0.0,,0.0,,0.0,,0.0,,,,,,,,,,,,,,,,,,,,,,0,0,41,5
2,region_02,2023-06-17,,,,,,,,,,,,,,,0.0,0.0,,,,,,,,,,,,,,,,,,,,,,,,,0.0,0.0,,,,,,,,,,,,,0.0,0.0,0.0,0.0,0.0,0.0,0.0001924951168749363,0.0,0.0,0.0,0.0,,,,0.0,0.0,0.0,0.0,0.000926708035403839,0.0,0.0,0.0,0.0,0.0,0.0,0.0,0.0019356320575837894,0.0,0.0023766146891284253,0.0,0.0021133719276928754,0.0,0.009753034432765557,0.0,0.04637506866485484,0.0,0.0,,0.0032085577258839965,0.0,0.00248207488428801,0.0,0.01894029158574992,0.0,0.0013948920625261709,0.0,0.021435706447262053,0.0,0.005406289223619513,0.0,0.009398771939837952,0.0,0.0,,0.0014699476615835988,2.0,0.0012605157331563401,2.0,0.0,,0.0,,0.0,,0.0,,0.0,,0.0,,0.0,,0.0,,0.0,,0.0,,0.0,,0.0,,0.0,,0.0,,0.0,,0.0,,0.0,,0.0,,0.0,,0.0,,0.0,,0.0,,0.0,,0.0,,0.0,,0.0,,0.0,,0.0,,0.0,,0.0,,0.0,,0.0,,0.0,,0.0,,0.0,,0.0,,0.0,,0.0,,0.0,,0.0,,0.0,,0.0,,0.0,,0.0,,0.0,,,,,,,,0.0,,,,,,,,,,,,0.03314771508998872,0.0,0.13325290358826222,0.0,0.06125609501611948,0.0,0.0009437033841095156,0.0,0.0,,0.0,,0.01894212470223311,0.0,0.0014754322634890744,2.0,0.3333772155876253,0.0,0.010247157708256318,0.0,0.04318067471588063,0.0,0.004197406589542009,0.0,0.005411446170205678,0.0,0.0056329794897464515,0.0,0.013292552921920962,0.0,0.08257244157345112,0.0,0.04699380715980245,0.0,0.07565366688677488,0.0,0.003549559938503339,0.0,0.0,,0.0,,0.0,,0.0,,0.0,,0.0,,0.0,,0.0,,,,,,,,,,,,,,,,,,,,,,0,3,41,6
2,region_02,2023-06-24,,,,,,,,,,,,,,,0.0,0.0,,,,,,,,,,,,,,,,,,,,,,,,,0.0,0.0,,,,,,,,,,,,,0.0,0.0,0.0,0.0,0.0,0.0,0.0,0.0,0.0,0.0,0.0,,,,0.0,0.0,0.0,0.0,0.001853416070807678,0.0,0.0,0.0,0.0,0.0,0.0,0.0,0.0019431957532651239,0.0,0.002889388182666104,0.0,0.0,0.0,0.015006897132843682,0.0,0.049845849753034306,0.0,0.0,,0.0,0.0,0.001197863011038814,0.0,0.0307167787104845,0.0,0.0027897841250523418,0.0,0.015482371691614342,0.0,0.006634975831043302,0.0,0.01073075272142883,0.0,0.0,,0.0029398953231671975,0.0,0.0025210314663126803,0.0,0.0,,0.0,,0.0,,0.0,,0.0,,0.0,,0.0,,0.0,,0.0,,0.0,,0.0,,0.0,,0.0,,0.0,,0.0,,0.0,,0.0,,0.0,,0.0,,0.0,,0.0,,0.0,,0.0,,0.0,,0.0,,0.0,,0.0,,0.0,,0.0,,0.0,,0.0,,0.0,,0.0,,0.0,,0.0,,0.0,,0.0,,0.0,,0.0,,0.0,,0.0,,0.0,,0.0,,0.0,,0.0,,,,,,,,0.0,,,,,,,,,,,,0.014264355730265329,0.0,0.13407511889934537,0.0,0.06912471890449519,0.0,0.0018874067682190313,0.0,0.0,,0.0,,0.025354185084603225,0.0,0.0029508645269781487,0.0,0.31401146352291104,0.0,0.000863240419372777,0.0,0.051418760754167986,0.0,0.005754802217706988,0.0,0.008863931559026195,0.0,0.004030681351044466,0.0,0.01499589832499618,0.0,0.08806484694383576,0.0,0.05262946531176562,0.0,0.06754710905253883,0.0,0.0029508645269781487,0.0,0.0,,0.0,,0.0,,0.0,,0.0,,0.0,,0.0,,0.0,,,,,,,,,,,,,,,,,,,,,,0,0,44,7
2,region_02,2023-07-01,,,,,,,,,,,,,,,0.0,0.0,,,,,,,,,,,,,,,,,,,,,,,,,0.0,0.0,,,,,,,,,,,,,0.0,0.0,0.0,0.0,0.0,0.0,0.0,0.0,0.0,0.0,0.0,,,,0.0,0.0,0.0,0.0,0.000926708035403839,0.0,0.0,0.0,0.0,0.0,0.0,0.0,0.0009715978766325619,0.0,0.001444694091333052,0.0,0.0,0.0,0.014897125582115638,0.0,0.06307266671590654,0.0,0.0,,0.002955272638549384,0.0,0.001961032641209302,0.0,0.02205281316613155,0.0,0.0016926317206554923,0.0,0.027776298616651623,0.0,0.02240164978524703,0.0,0.005365376360714415,0.0,0.0,,0.0014699476615835988,0.0,0.007236130210933137,0.0,0.0,,0.0,,0.0,,0.0,,0.0,,0.0,,0.0,,0.0,,0.0,,0.0,,0.0,,0.0,,0.0,,0.0,,0.0,,0.0,,0.0,,0.0,,0.0,,0.0,,0.0,,0.0,,0.0,,0.0,,0.0,,0.0,,0.0,,0.0,,0.0,,0.0,,0.0,,0.0,,0.0,,0.0,,0.0,,0.0,,0.0,,0.0,,0.0,,0.0,,0.0,,0.0,,0.0,,0.0,,0.0,,,,,,,,0.0,,,,,,,,,,,,0.029810992237370493,0.0,0.10591206373912945,0.0,0.08101073494979309,0.0,0.004290174388491582,0.0,0.0,,0.001666343406357433,2.0,0.03852247527743477,0.0,0.0014754322634890744,0.0,0.27767402547962805,0.0,0.0023926381782075137,0.0,0.05002732069402624,0.0,0.006149375019309877,0.0,0.006512142534519743,0.0,0.007384467491647171,0.0,0.02193010826291017,0.0,0.07252432508584182,0.0,0.038213720804169016,0.0,0.08060545116891055,0.0,0.0014754322634890744,0.0,0.0,,0.0,,0.0,,0.0,,0.0,,0.0,,0.0,,0.0,,,,,,,,,,,,,,,,,,,,,,0,1,44,8
2,region_02,2023-07-08,,,,,,,,,,,,,,,0.0,0.0,,,,,,,,,,,,,,,,,,,,,,,,,0.0,0.0,,,,,,,,,,,,,0.0,0.0,0.0,0.0,0.0,0.0,0.0,0.0,0.0,0.0,0.0,,,,0.0,0.0,0.0,0.0,0.0,0.0,0.0,0.0,0.0,0.0,0.0,0.0,0.0,0.0,0.0,0.0,0.0,0.0,0.014787354031387593,0.0,0.07629948367877878,0.0,0.0,,0.005910545277098768,0.0,0.00272420227137979,0.0,0.013388847621778596,0.0,0.0005954793162586429,0.0,0.0400702255416889,0.0,0.03816832373945076,0.0,0.0,0.0,0.0,,0.0,0.0,0.011951228955553592,0.0,0.0,,0.0,,0.0,,0.0,,0.0,,0.0,,0.0,,0.0,,0.0,,0.0,,0.0,,0.0,,0.0,,0.0,,0.0,,0.0,,0.0,,0.0,,0.0,,0.0,,0.0,,0.0,,0.0,,0.0,,0.0,,0.0,,0.0,,0.0,,0.0,,0.0,,0.0,,0.0,,0.0,,0.0,,0.0,,0.0,,0.0,,0.0,,0.0,,0.0,,0.0,,0.0,,0.0,,0.0,,0.0,,,,,,,,0.0,,,,,,,,,,,,0.04535762874447565,0.0,0.07774900857891352,0.0,0.092896750995091,0.0,0.006692942008764131,0.0,0.0,,0.003332686812714866,0.0,0.05169076547026632,0.0,0.0,0.0,0.24133658743634512,0.0,0.00392203593704225,0.0,0.0486358806338845,0.0,0.006543947820912765,0.0,0.00416035351001329,0.0,0.010738253632249875,0.0,0.028864318200824163,0.0,0.05698380322784788,0.0,0.02379797629657241,0.0,0.09366379328528225,0.0,0.0,0.0,0.0,,0.0,,0.0,,0.0,,0.0,,0.0,,0.0,,0.0,,,,,,,,,,,,,,,,,,,,,,0,0,45,9
2,region_02,2023-07-15,,,,,,,,,,,,,,,0.0,0.0,,,,,,,,,,,,,,,,,,,,,,,,,0.0,0.0,,,,,,,,,,,,,0.0,0.0,0.0,0.0,0.0,0.0,0.0,0.0,0.0,0.0,0.0,,,,0.0,0.0,0.0,0.0,0.0010909282282227386,0.0,0.0014510675303070848,0.0,0.0,0.0,0.0,0.0,0.0,0.0,0.0,0.0,0.0,0.0,0.0138087921708958,0.0,0.08877233436432518,0.0,0.0,,0.0066114136522324885,0.0,0.0020742044564315077,0.0,0.015167218788216457,0.0,0.00029773965812932143,0.0,0.03524959575286649,0.0,0.06874636283657529,0.0,0.004368244321085487,0.0,0.001478230612437132,2.0,0.00386631347549456,0.0,0.009199168108817558,0.0,0.0,,0.0022457197749432183,1.0,0.0,,0.0,,0.0,,0.0,,0.0,,0.0,,0.0,,0.0,,0.0,,0.0,,0.0,,0.0,,0.0,,0.0,,0.0,,0.0,,0.0,,0.0,,0.0,,0.0,,0.0,,0.0,,0.0,,0.0,,0.0,,0.0,,0.0,,0.0,,0.0,,0.0,,0.0,,0.0,,0.0,,0.0,,0.0,,0.0,,0.0,,0.0,,0.0,,0.0,,0.0,,0.0,,0.0,,,,,,,,0.0,,,,,,,,,,,,0.04418529198523986,0.0,0.08950035178679083,0.0,0.06452171241236128,0.0,0.013198180963736844,0.0,0.0009908971687157667,2.0,0.001666343406357433,0.0,0.055940893113923536,0.0,0.0,0.0,0.19906978088361366,0.0,0.0022671395651244408,0.0,0.04632960563386171,0.0,0.004769131822512963,0.0,0.004595311607735423,0.0,0.017859329178463623,0.0,0.020426618074285467,0.0,0.06386718556734722,0.0,0.028274840837591703,0.0,0.09583766738801784,0.0,0.0010872684107062713,0.0,0.0,,0.0,,0.0,,0.0,,0.0,,0.0,,0.0,,0.0,,,,,,,,,,,,,,,,,,,,,,1,2,45,0
2,region_02,2023-07-22,,,,,,,,,,,,,,,0.0,0.0,,,,,,,,,,,,,,,,,,,,,,,,,0.0,0.0,,,,,,,,,,,,,0.0,0.0,0.0,0.0,0.0,0.0,0.0,0.0,0.0,0.0,0.0,,,,0.0,0.0,0.0,0.0,0.002181856456445477,0.0,0.0029021350606141696,0.0,0.0,0.0,0.0,0.0,0.0,0.0,0.0,0.0,0.0,0.0,0.012830230310404006,0.0,0.10124518504987157,0.0,0.0,,0.007312282027366209,0.0,0.001424206641483225,0.0,0.016945589954654318,0.0,0.0,0.0,0.030428965964044086,0.0,0.0993244019336998,0.0,0.008736488642170973,0.0,0.002956461224874264,0.0,0.00773262695098912,0.0,0.0064471072620815245,0.0,0.0,,0.004491439549886437,0.0,0.0,,0.0,,0.0,,0.0,,0.0,,0.0,,0.0,,0.0,,0.0,,0.0,,0.0,,0.0,,0.0,,0.0,,0.0,,0.0,,0.0,,0.0,,0.0,,0.0,,0.0,,0.0,,0.0,,0.0,,0.0,,0.0,,0.0,,0.0,,0.0,,0.0,,0.0,,0.0,,0.0,,0.0,,0.0,,0.0,,0.0,,0.0,,0.0,,0.0,,0.0,,0.0,,0.0,,,,,,,,0.0,,,,,,,,,,,,0.04301295522600407,0.0,0.10125169499466813,0.0,0.036146673829631555,0.0,0.01970341991870956,0.0,0.0019817943374315335,0.0,0.0,0.0,0.06019102075758075,0.0,0.0,0.0,0.1568029743308822,0.0,0.0006122431932066318,0.0,0.044023330633838925,0.0,0.0029943158241131614,0.0,0.0050302697054575565,0.0,0.024980404724677368,0.0,0.011988917947746772,0.0,0.07075056790684656,0.0,0.032751705378610996,0.0,0.09801154149075343,0.0,0.0021745368214125425,0.0,0.0,,0.0,,0.0,,0.0,,0.0,,0.0,,0.0,,0.0,,,,,,,,,,,,,,,,,,,,,,0,0,48,1
2,region_02,2023-07-29,,,,,,,,,,,,,,,0.0,0.0,,,,,,,,,,,,,,,,,,,,,,,,,0.0,0.0,,,,,,,,,,,,,0.0,0.0,0.0,0.0,0.00037910809181122064,0.0,0.0,0.0,0.0,0.0,0.0,,,,0.0,0.0,0.0,0.0,0.0010909282282227386,0.0,0.0020808904755590402,0.0,0.0,0.0,0.0,0.0,0.0,0.0,0.0,0.0,0.0,0.0,0.011086983874758843,0.0,0.12115487498264255,0.0,0.0,,0.010929439464131491,0.0,0.0007121033207416125,0.0,0.013535220912452864,0.0,0.0,0.0,0.025573396228802024,0.0,0.11227892994192304,0.0,0.01406105725401809,0.0,0.005155659476506728,0.0,0.009997151041817285,0.0,0.005744438095846062,0.0,0.0,,0.005047734754972429,0.0,0.0,,0.001246534243580818,2.0,0.0,,0.0,,0.0,,0.0,,0.0,,0.0,,0.0,,0.0,,0.0,,0.0,,0.0,,0.0,,0.0,,0.0,,0.0,,0.0,,0.0,,0.0,,0.0,,0.0,,0.0,,0.0,,0.0,,0.0,,0.0,,0.0,,0.0,,0.0,,0.0,,0.0,,0.0,,0.0,,0.0,,0.0,,0.0,,0.0,,0.0,,0.0,,0.0,,0.0,,0.0,,,,,,,,0.0,,,,,,,,,,,,0.047315781014634524,0.0,0.08636631004525516,0.0,0.0424743763547628,0.0,0.0198457776434368,0.0,0.0016529898935307547,0.0,0.0,0.0,0.0655110829884635,0.0,0.0017656129735343384,0.0,0.12107272533673447,0.0,0.0013964308423926022,0.0,0.04335849944845577,0.0,0.0038948562226765286,0.0,0.009517443411242894,0.0,0.02124514556348771,0.0,0.015662715534942747,0.0,0.06512908102673678,0.0,0.025779572791083016,0.0,0.09540180446487576,0.0,0.0024550152457061105,0.0,0.0,,0.0,,0.0,,0.0,,0.0,,0.0,,0.0,,0.0,,,,,,,,,,,,,,,,,,,,,,0,1,48,2
2,region_02,2023-08-05,,,,,,,,,,,,,,,0.0,0.0,,,,,,,,,,,,,,,,,,,,,,,,,0.0,0.0,,,,,,,,,,,,,0.0,0.0,0.0,0.0,0.0007582161836224413,0.0,0.0,0.0,0.0,0.0,0.0,,,,0.0,0.0,0.0,0.0,0.0,0.0,0.0012596458905039106,0.0,0.0,0.0,0.0,0.0,0.0,0.0,0.0,0.0,0.0,0.0,0.009343737439113682,0.0,0.14106456491541353,0.0,0.0,,0.014546596900896774,0.0,0.0,0.0,0.010124851870251412,0.0,0.0,0.0,0.02071782649355996,0.0,0.12523345795014626,0.0,0.019385625865865206,0.0,0.007354857728139193,0.0,0.01226167513264545,0.0,0.0050417689296106,0.0,0.0,,0.005604029960058422,0.0,0.0,,0.002493068487161636,0.0,0.0,,0.0,,0.0,,0.0,,0.0,,0.0,,0.0,,0.0,,0.0,,0.0,,0.0,,0.0,,0.0,,0.0,,0.0,,0.0,,0.0,,0.0,,0.0,,0.0,,0.0,,0.0,,0.0,,0.0,,0.0,,0.0,,0.0,,0.0,,0.0,,0.0,,0.0,,0.0,,0.0,,0.0,,0.0,,0.0,,0.0,,0.0,,0.0,,0.0,,0.0,,,,,,,,0.0,,,,,,,,,,,,0.05161860680326498,0.0,0.0714809250958422,0.0,0.04880207887989404,0.0,0.01998813536816404,0.0,0.0013241854496299757,0.0,0.0,0.0,0.07083114521934626,0.0,0.0035312259470686768,0.0,0.08534247634258672,0.0,0.0021806184915785726,0.0,0.042693668263072616,0.0,0.004795396621239896,0.0,0.014004617117028233,0.0,0.017509886402298055,0.0,0.019336513122138722,0.0,0.05950759414662701,0.0,0.018807440203555036,0.0,0.09279206743899808,0.0,0.002735493669999679,0.0,0.0,,0.0,,0.0,,0.0,,0.0,,0.0,,0.0,,0.0,,,,,,,,,,,,,,,,,,,,,,0,0,49,3
2,region_02,2023-08-12,,,,,,,,,,,,,,,0.0,0.0,,,,,,,,,,,,,,,,,,,,,,,,,0.0,0.0,,,,,,,,,,,,,0.0,0.0,0.0,0.0,0.00037910809181122064,0.0,0.0,0.0,0.0,0.0,0.0,,,,0.0,0.0,0.0,0.0,0.00040896818087352824,0.0,0.0006298229452519553,0.0,0.0,0.0,0.0,0.0,0.0,0.0,0.0,0.0,0.0,0.0,0.00666035348163942,0.0,0.15915854442020344,0.0,0.0004127456631976868,2.0,0.012398372733384792,0.0,0.0006867900140249228,0.0,0.009159052062061957,0.0,0.0,0.0,0.01624931959102786,0.0,0.15355487678038032,0.0,0.01914958122174886,0.0,0.007723323741546696,0.0,0.011480590350563688,0.0,0.0045857623426450115,0.0,0.0026612553682008647,2.0,0.017791881213563468,0.0,0.0,,0.0041730595985427,0.0,0.0,,0.0,,0.0,,0.0,,0.0,,0.0,,0.0,,0.0,,0.0,,0.0,,0.0,,0.0,,0.0,,0.0,,0.0,,0.0,,0.0,,0.0,,0.0,,0.0,,0.0,,0.0,,0.0,,0.0,,0.0,,0.0,,0.0,,0.0,,0.0,,0.0,,0.0,,0.0,,0.0,,0.0,,0.0,,0.0,,0.0,,0.0,,0.0,,0.0,,0.0,,,,,,,,0.0,,,,,,,,,,,,0.05149870372922685,0.0,0.06626469918391444,0.0,0.05036886504900384,0.0,0.01766054342090153,0.0,0.002365219585287028,0.0,0.0006278408538108776,0.0,0.06684012707946585,0.0,0.0035365628707286797,0.0,0.07576556327415904,0.0,0.0010903092457892863,0.0,0.02951085718071201,0.0,0.0037393346526062893,0.0,0.010181553103761988,0.0,0.01917448037270849,0.0,0.014222284596737265,0.0,0.05014265699765638,0.0,0.014597990305639347,0.0,0.08249159955232642,0.0,0.002721827485185903,0.0,0.0,,0.0,,0.0,,0.0,,0.0,,0.0,,0.0,,0.0,,,,,,,,,,,,,,,,,,,,,,0,2,49,4
2,region_02,2023-08-19,,,,,,,,,,,,,,,0.0,0.0,,,,,,,,,,,,,,,,,,,,,,,,,0.0,0.0,,,,,,,,,,,,,0.0,0.0,0.0,0.0,0.0,0.0,0.0,0.0,0.0,0.0,0.0,,,,0.0,0.0,0.0,0.0,0.0008179363617470565,0.0,0.0,0.0,0.0,0.0,0.0,0.0,0.0,0.0,0.0,0.0,0.0,0.0,0.003976969524165157,0.0,0.17725252392499338,0.0,0.0008254913263953736,0.0,0.01025014856587281,0.0,0.0013735800280498455,0.0,0.008193252253872503,0.0,0.0,0.0,0.011780812688495764,0.0,0.1818762956106144,0.0,0.018913536577632516,0.0,0.0080917897549542,0.0,0.010699505568481925,0.0,0.004129755755679424,0.0,0.0053225107364017294,0.0,0.02997973246706851,0.0,0.0,,0.005853050709923764,0.0,0.0,,0.0,,0.0,,0.0,,0.0,,0.0,,0.0,,0.0,,0.0,,0.0,,0.0,,0.0,,0.0,,0.0,,0.0,,0.0,,0.0,,0.0,,0.0,,0.0,,0.0,,0.0,,0.0,,0.0,,0.0,,0.0,,0.0,,0.0,,0.0,,0.0,,0.0,,0.0,,0.0,,0.0,,0.0,,0.0,,0.0,,0.0,,0.0,,0.0,,0.0,,,,,,,,0.0,,,,,,,,,,,,0.05137880065518873,0.0,0.061048473271986675,0.0,0.05193565121811365,0.0,0.015332951473639014,0.0,0.00340625372094408,0.0,0.0012556817076217553,0.0,0.06284910893958542,0.0,0.0035418997943886827,0.0,0.06618865020573135,0.0,0.0,0.0,0.0163280460983514,0.0,0.0026832726839726827,0.0,0.006358489090495741,0.0,0.020839074343118925,0.0,0.009108056071335807,0.0,0.04077771984868575,0.0,0.010388540407723659,0.0,0.07219113166565476,0.0,0.002708161300372128,0.0,0.0,,0.0,,0.0,,0.0,,0.0,,0.0,,0.0,,0.0,,,,,,,,,,,,,,,,,,,,,,0,0,51,5
2,region_02,2023-08-26,,,,,,,,,,,,,,,0.0,0.0,,,,,,,,,,,,,,,,,,,,,,,,,0.0,0.0,,,,,,,,,,,,,0.0,0.0,0.00106299666222184,0.0,0.0,0.0,0.0,0.0,0.0,0.0,0.0013685630969475792,2.0,,,0.0,0.0,0.0,0.0,0.00040896818087352824,0.0,0.0,0.0,0.0,0.0,0.0,0.0,0.0,0.0,0.0,0.0,0.0,0.0,0.0042448788673216,0.0,0.20563622290529487,0.0,0.0004127456631976868,0.0,0.01007374610733866,0.0,0.001511718533133956,0.0,0.006480475431105642,0.0,0.0,0.0,0.007655485097998217,0.0,0.1826138344759814,0.0,0.019459564847686447,0.0,0.010381695900080834,0.0,0.013166237044303315,0.0,0.004446214080477701,0.0,0.006299821211194394,0.0,0.0448967205981413,0.0,0.0011922873090952368,2.0,0.007557271031795815,0.0,0.0008263426574469292,2.0,0.0,,0.0,,0.0,,0.0,,0.0,,0.0,,0.0,,0.0,,0.0,,0.0,,0.0,,0.0,,0.0,,0.0,,0.0,,0.0,,0.0,,0.0,,0.0,,0.0,,0.0,,0.0,,0.0,,0.0,,0.0,,0.0,,0.0,,0.0,,0.0,,0.0,,0.0,,0.0,,0.0,,0.0,,0.0,,0.0,,0.0,,0.0,,0.0,,0.0,,,,,,,,0.0,,,,,,,,,,,,0.04201472234880718,0.0,0.062256020317438966,0.0,0.036791007004786186,0.0,0.015520591161704173,0.0,0.004809162480971513,0.0,0.0006278408538108776,0.0,0.07223516358197594,0.0,0.0039285389220584535,0.0,0.0577044780262642,0.0,0.0006310411095101589,0.0,0.014514053126590055,0.0,0.0027091075771696923,0.0,0.004089825506747207,0.0,0.019880183127029306,0.0,0.009418414287485024,0.0,0.031113056548767573,0.0,0.008995213439004168,0.0,0.0702470714270538,0.0,0.0016503527347427628,0.0,0.0,,0.0,,0.0,,0.0,,0.0,,0.0,,0.0,,0.0,,,,,,,,,,,,,,,,,,,,,,0,3,51,6
2,region_02,2023-09-02,,,,,,,,,,,,,,,0.0,0.0,,,,,,,,,,,,,,,,,,,,,,,,,0.0,0.0,,,,,,,,,,,,,0.0,0.0,0.00212599332444368,0.0,0.0,0.0,0.0,0.0,0.0,0.0,0.0027371261938951585,0.0,,,0.0,0.0,0.0,0.0,0.0,0.0,0.0,0.0,0.0,0.0,0.0,0.0,0.0,0.0,0.0,0.0,0.0,0.0,0.004512788210478042,0.0,0.23401992188559634,0.0,0.0,0.0,0.00989734364880451,0.0,0.0016498570382180665,0.0,0.004767698608338782,0.0,0.0,0.0,0.0035301575075006707,0.0,0.1833513733413484,0.0,0.02000559311774038,0.0,0.012671602045207469,0.0,0.015632968520124708,0.0,0.004762672405275978,0.0,0.00727713168598706,0.0,0.05981370872921409,0.0,0.0023845746181904736,0.0,0.009261491353667866,0.0,0.0016526853148938585,0.0,0.0,,0.0,,0.0,,0.0,,0.0,,0.0,,0.0,,0.0,,0.0,,0.0,,0.0,,0.0,,0.0,,0.0,,0.0,,0.0,,0.0,,0.0,,0.0,,0.0,,0.0,,0.0,,0.0,,0.0,,0.0,,0.0,,0.0,,0.0,,0.0,,0.0,,0.0,,0.0,,0.0,,0.0,,0.0,,0.0,,0.0,,0.0,,0.0,,0.0,,,,,,,,0.0,,,,,,,,,,,,0.03265064404242564,0.0,0.06346356736289126,0.0,0.02164636279145872,0.0,0.01570823084976933,0.0,0.006212071240998947,0.0,0.0,0.0,0.08162121822436647,0.0,0.004315178049728224,0.0,0.04922030584679705,0.0,0.0012620822190203178,0.0,0.012700060154828711,0.0,0.002734942470366702,0.0,0.0018211619229986733,0.0,0.01892129191093969,0.0,0.00972877250363424,0.0,0.0214483932488494,0.0,0.007601886470284678,0.0,0.06830301118845285,0.0,0.0005925441691133977,0.0,0.0,,0.0,,0.0,,0.0,,0.0,,0.0,,0.0,,0.0,,,,,,,,,,,,,,,,,,,,,,0,0,54,7
2,region_02,2023-09-09,,,,,,,,,,,,,,,0.0,0.0,,,,,,,,,,,,,,,,,,,,,,,,,0.0,0.0,,,,,,,,,,,,,0.0,0.0,0.0020447228802367773,0.0,0.0,0.0,0.0,0.0,0.0,0.0,0.0026562208730000073,0.0,,,0.0,0.0,0.0,0.0,0.0,0.0,0.0,0.0,0.0,0.0,0.0,0.0,0.0,0.0,0.0004661283958491375,0.0,0.0,0.0,0.003888437482692968,0.0,0.22663093474928775,0.0,0.0010716755702895315,0.0,0.007551210659151529,0.0,0.001049479045608205,0.0,0.0037058167334179785,0.0,0.0,0.0,0.001960533076319257,0.0,0.2124819909006056,0.0,0.016873138130764728,0.0,0.012622698401662035,0.0,0.013569884371209954,0.0,0.00573485389469759,0.0,0.01255006280262018,0.0,0.08188424698933203,0.0,0.004616006610116741,0.0,0.008868454090718663,0.0,0.0008263426574469292,0.0,0.0,,0.0,,0.0,,0.0,,0.0,,0.0,,0.0,,0.0,,0.0,,0.0,,0.0,,0.0,,0.0,,0.0,,0.0,,0.0,,0.0,,0.0,,0.0,,0.0,,0.0,,0.0,,0.0,,0.0,,0.0,,0.0,,0.0,,0.0,,0.0,,0.0,,0.0,,0.0,,0.0,,0.0,,0.0,,0.0,,0.0,,0.0,,0.0,,0.0,,,,,,,,0.0,,,,,,,,,,,,0.03168546880331977,0.0,0.05388136091030602,0.0,0.02074180758191324,0.0,0.01862110288089343,0.0,0.006219588373847349,0.0,0.0002352505547796908,0.0,0.08373320115673719,0.0,0.0032597591354384167,0.0,0.03633571078558683,0.0,0.0009322994305149715,0.0,0.009610343610660856,0.0,0.002640973381119528,0.0,0.0020127510720736414,0.0,0.016258743946261728,0.0,0.008640298688606796,0.0,0.016728593789116255,0.0,0.007035191086793477,0.0,0.059446818957274564,0.0,0.00029627208455669887,0.0,0.0,,0.0,,0.0,,0.0,,0.0,,0.0,,0.0,,0.0,,,,,,,,,,,,,,,,,,,,,,0,0,54,8
2,region_02,2023-09-16,,,,,,,,,,,,,,,0.0,0.0,,,,,,,,,,,,,,,,,,,,,,,,,0.0,0.0,,,,,,,,,,,,,0.0,0.0,0.001963452436029875,0.0,0.0,0.0,0.0,0.0,0.0,0.0,0.002575315552104856,0.0,,,0.0,0.0,0.0,0.0,0.0,0.0,0.0,0.0,0.0,0.0,0.0,0.0,0.0,0.0,0.000932256791698275,0.0,0.0,0.0,0.003264086754907893,0.0,0.21924194761297916,0.0,0.002143351140579063,0.0,0.005205077669498548,0.0,0.0004491010529983432,0.0,0.002643934858497175,0.0,0.0,0.0,0.0003909086451378432,0.0,0.24161260845986277,0.0,0.013740683143789074,0.0,0.012573794758116603,0.0,0.0115068002222952,0.0,0.006707035384119203,0.0,0.0178229939192533,0.0,0.10395478524944995,0.0,0.006847438602043007,0.0,0.008475416827769458,0.0,0.0,0.0,0.0,,0.0,,0.0,,0.0,,0.0,,0.0,,0.0,,0.0,,0.0,,0.0,,0.0,,0.0,,0.0,,0.0,,0.0,,0.0,,0.0,,0.0,,0.0,,0.0,,0.0,,0.0,,0.0,,0.0,,0.0,,0.0,,0.0,,0.0,,0.0,,0.0,,0.0,,0.0,,0.0,,0.0,,0.0,,0.0,,0.0,,0.0,,0.0,,0.0,,,,,,,,0.0,,,,,,,,,,,,0.030720293564213904,0.0,0.044299154457720785,0.0,0.019837252372367765,0.0,0.021533974912017532,0.0,0.00622710550669575,0.0,0.0004705011095593816,0.0,0.0858451840891079,0.0,0.0022043402211486094,0.0,0.023451115724376612,0.0,0.000602516642009625,0.0,0.006520627066493,0.0,0.0025470042918723543,0.0,0.0022043402211486094,0.0,0.013596195981583762,0.0,0.007551824873579351,0.0,0.012008794329383109,0.0,0.006468495703302275,0.0,0.05059062672609627,0.0,0.0,0.0,0.0,,0.0,,0.0,,0.0,,0.0,,0.0,,0.0,,0.0,,,,,,,,,,,,,,,,,,,,,,0,0,54,9
2,region_02,2023-09-23,,,,,,,,,,,,,,,0.0,0.0,,,,,,,,,,,,,,,,,,,,,,,,,0.0,0.0,,,,,,,,,,,,,0.0,0.0,0.002302558083708054,0.0,0.0,0.0,0.0,0.0,0.0,0.0,0.003260286363046115,0.0,,,0.0,0.0,0.00021413977658590582,0.0,0.001442686436348575,0.0,0.0,0.0,0.0,0.0,0.0,0.0,0.0,0.0,0.0004661283958491375,0.0,0.0,0.0,0.004323029988489592,0.0,0.216111607841722,0.0,0.0030456042578933563,0.0,0.006622521146190701,0.0,0.0002245505264991716,0.0,0.0019357799136804862,0.0,0.0,0.0,0.0001954543225689216,0.0,0.2191411983339907,0.0,0.01202779202416818,0.0,0.012939853016306724,0.0,0.012264882011270477,0.0,0.00973167451757757,0.0,0.018083949443385997,0.0,0.12789635835943963,0.0,0.010497427811579998,0.0,0.01514092961414934,0.0,0.0018568802000273061,0.0,0.0,,0.0,,0.0,,0.0,,0.0,,0.0,,0.0,,0.0,,0.0,,0.0,,0.0,,0.0,,0.0,,0.0,,0.0,,0.0,,0.0,,0.0,,0.0,,0.0,,0.0,,0.0,,0.0,,0.0,,0.0,,0.0,,0.0,,0.0,,0.0,,0.0,,0.0,,0.0,,0.0,,0.0,,0.0,,0.0,,0.0,,0.0,,0.0,,0.0,,,,,,,,0.0,,,,,,,,,,,,0.03221821639810863,0.0,0.03690043292215077,0.0,0.01915401699470378,0.0,0.02129094386132565,0.0,0.006172441935632325,0.0,0.0003775555673392075,0.0,0.08418246570297258,0.0,0.0029343646502709535,0.0,0.021719612205306504,0.0,0.0003012583210048125,0.0,0.003827408528724251,0.0,0.0030520830278079575,0.0,0.002502284180158778,0.0,0.01452593932845812,0.0,0.006336747607704025,0.0,0.01118696693169927,0.0,0.0052501879223665225,0.0,0.04611521634621733,0.0,0.00039460590490960696,0.0,0.0,,0.0,,0.0,,0.0,,0.0,,0.0,,0.0,,0.0,,,,,,,,,,,,,,,,,,,,,,0,0,54,10
2,region_02,2023-09-30,,,,,,,,,,,,,,,0.0,0.0,,,,,,,,,,,,,,,,,,,,,,,,,0.0,0.0,,,,,,,,,,,,,0.0,0.0,0.0026416637313862335,0.0,0.0,0.0,0.0,0.0,0.0,0.0,0.003945257173987374,0.0,,,0.0,0.0,0.00042827955317181163,0.0,0.00288537287269715,0.0,0.0,0.0,0.0,0.0,0.0,0.0,0.0,0.0,0.0,0.0,0.0,0.0,0.005381973222071291,0.0,0.21298126807046486,0.0,0.00394785737520765,0.0,0.008039964622882855,0.0,0.0,0.0,0.0012276249688637976,0.0,0.0,0.0,0.0,0.0,0.19666978820811867,0.0,0.010314900904547288,0.0,0.013305911274496847,0.0,0.013022963800245754,0.0,0.012756313651035939,0.0,0.018344904967518692,0.0,0.15183793146942934,0.0,0.014147417021116989,0.0,0.021806442400529223,0.0,0.0037137604000546122,0.0,0.0,,0.0,,0.0,,0.0,,0.0,,0.0,,0.0,,0.0,,0.0,,0.0,,0.0,,0.0,,0.0,,0.0,,0.0,,0.0,,0.0,,0.0,,0.0,,0.0,,0.0,,0.0,,0.0,,0.0,,0.0,,0.0,,0.0,,0.0,,0.0,,0.0,,0.0,,0.0,,0.0,,0.0,,0.0,,0.0,,0.0,,0.0,,0.0,,0.0,,,,,,,,0.0,,,,,,,,,,,,0.03371613923200336,0.0,0.02950171138658075,0.0,0.0184707816170398,0.0,0.02104791281063377,0.0,0.0061177783645689,0.0,0.00028461002511903335,0.0,0.08251974731683726,0.0,0.003664389079393298,0.0,0.019988108686236395,0.0,0.0,0.0,0.0011341899909555024,0.0,0.0035571617637435607,0.0,0.0028002281391689464,0.0,0.015455682675332478,0.0,0.0051216703418287,0.0,0.01036513953401543,0.0,0.00403188014143077,0.0,0.04163980596633839,0.0,0.0007892118098192139,0.0,0.0,,0.0,,0.0,,0.0,,0.0,,0.0,,0.0,,0.0,,,,,,,,,,,,,,,,,,,,,,0,0,54,11
2,region_02,2023-10-07,,,,,,,,,,,,,,,0.0,0.0,,,,,,,,,,,,,,,,,,,,,,,,,0.0,0.0,,,,,,,,,,,,,0.0,0.0,0.0017790600811297239,0.0,0.0,0.0,0.0,0.0,0.0,0.0,0.002896338907104483,0.0,,,0.0,0.0,0.0004677298526611273,0.0,0.001442686436348575,0.0,0.0,0.0,0.0,0.0,0.0,0.0,0.0,0.0,0.0,0.0,0.0,0.0,0.005597494257168412,0.0,0.21796641552847612,0.0,0.005475371132457677,0.0,0.0068153878975584815,0.0,0.0,0.0,0.0013535201028625798,0.0,0.0,0.0,0.0,0.0,0.18374418856314115,0.0,0.009480672581538601,0.0,0.01530821885911543,0.0,0.014816715803352077,0.0,0.008853718870824267,0.0,0.028181490713187908,0.0,0.17737221840360629,0.0,0.01572475250854729,0.0,0.023052189277396263,0.0,0.006737691106092954,0.0,0.0007887918705818937,1.0,0.0,,0.0,,0.0,,0.0,,0.0,,0.0,,0.0,,0.0,,0.0,,0.0,,0.0,,0.0,,0.0,,0.0,,0.0,,0.0,,0.0,,0.0,,0.0,,0.0,,0.0,,0.0,,0.0,,0.0,,0.0,,0.0,,0.0,,0.0,,0.0,,0.0,,0.0,,0.0,,0.0,,0.0,,0.0,,0.0,,0.0,,0.0,,0.0,,,,,,,,0.0,,,,,,,,,,,,0.02388086674604993,0.0,0.027186014674034573,0.0,0.014680511431855118,0.0,0.01691066730160663,0.0,0.006085926561527613,0.0,0.000907341754474821,0.0,0.0715761201988373,0.0,0.0022020483489119773,0.0,0.019175015808137727,0.0,0.0,0.0,0.0029809204905354215,0.0,0.0020006019887018945,0.0,0.0014001140695844732,0.0,0.014133145640127664,0.0,0.00464351048382615,0.0,0.011775212249643919,0.0,0.0035164179243012813,0.0,0.03556729357324511,0.0,0.0008124996705313153,0.0,0.0,,0.0,,0.0,,0.0,,0.0,,0.0,,0.0,,0.0,,,,,,,,,,,,,,,,,,,,,,1,0,54,0
2,region_02,2023-10-14,,,,,,,,,,,,,,,0.0,0.0,,,,,,,,,,,,,,,,,,,,,,,,,0.0,0.0,,,,,,,,,,,,,0.0,0.0,0.0009164564308732142,0.0,0.0,0.0,0.0,0.0,0.0,0.0,0.0018474206402215925,0.0,,,0.0,0.0,0.0005071801521504429,0.0,0.0,0.0,0.0,0.0,0.0,0.0,0.0,0.0,0.0,0.0,0.0,0.0,0.0,0.0,0.005813015292265533,0.0,0.22295156298648738,0.0,0.007002884889707705,0.0,0.005590811172234107,0.0,0.0,0.0,0.0014794152368613619,0.0,0.0,0.0,0.0,0.0,0.17081858891816362,0.0,0.008646444258529914,0.0,0.01731052644373401,0.0,0.0166104678064584,0.0,0.004951124090612595,0.0,0.038018076458857124,0.0,0.20290650533778323,0.0,0.01730208799597759,0.0,0.024297936154263303,0.0,0.009761621812131298,0.0,0.0015775837411637875,0.0,0.0,,0.0,,0.0,,0.0,,0.0,,0.0,,0.0,,0.0,,0.0,,0.0,,0.0,,0.0,,0.0,,0.0,,0.0,,0.0,,0.0,,0.0,,0.0,,0.0,,0.0,,0.0,,0.0,,0.0,,0.0,,0.0,,0.0,,0.0,,0.0,,0.0,,0.0,,0.0,,0.0,,0.0,,0.0,,0.0,,0.0,,0.0,,0.0,,,,,,,,0.0,,,,,,,,,,,,0.0140455942600965,0.0,0.0248703179614884,0.0,0.010890241246670436,0.0,0.01277342179257949,0.0,0.006054074758486326,0.0,0.0015300734838306089,0.0,0.06063249308083733,0.0,0.0007397076184306571,0.0,0.018361922930039062,0.0,0.0,0.0,0.004827650990115341,0.0,0.0004440422136602285,0.0,0.0,0.0,0.01281060860492285,0.0,0.0041653506258236,0.0,0.013185284965272407,0.0,0.003000955707171793,0.0,0.029494781180151825,0.0,0.0008357875312434167,0.0,0.0,,0.0,,0.0,,0.0,,0.0,,0.0,,0.0,,0.0,,,,,,,,,,,,,,,,,,,,,,0,0,55,1
2,region_02,2023-10-21,,,,,,,,,,,,,,,0.0,0.0,,,,,,,,,,,,,,,,,,,,,,,,,0.0,0.0,,,,,,,,,,,,,0.0,0.0,0.0004582282154366071,0.0,0.0,0.0,0.0,0.0,0.0,0.0,0.016302234869416198,0.0,,,0.0,0.0,0.00025359007607522147,0.0,0.0,0.0,0.0,0.0,0.0,0.0,0.0,0.0,0.0,0.0,0.0,0.0,0.0,0.0,0.004966116879534457,0.0,0.20560288354408307,0.0,0.007856603871148619,0.0,0.004755588120193482,0.0,0.00046431703603733046,0.0,0.0007397076184306809,0.0,0.0,0.0,0.00045105595003207033,0.0,0.1532810694829027,0.0,0.009447358991587256,0.0,0.015544683226837396,0.0,0.013905033361739781,0.0,0.0068787281434175606,0.0,0.03957401456400037,0.0,0.2289931865142924,0.0,0.02800601039895228,0.0,0.027408262007327804,0.0,0.014424015438502106,0.0,0.010513699889997905,0.0,0.0,,0.0,,0.0,,0.0,,0.0,,0.0,,0.0,,0.0,,0.0,,0.0,,0.0,,0.0,,0.0,,0.0,,0.0,,0.0,,0.0,,0.0,,0.0,,0.0,,0.0,,0.0,,0.0,,0.0,,0.0,,0.0,,0.0,,0.0,,0.0,,0.0,,0.0,,0.0,,0.0,,0.0,,0.0,,0.0,,0.0,,0.0,,0.0,,,,,,,,0.0,,,,,,,,,,,,0.016887371064867866,0.0,0.020586606858213764,0.0,0.008479292430665019,0.0,0.013306240105793763,0.0,0.007139188679312085,0.0,0.0010719699385648544,0.0,0.053293652744892325,0.0,0.00036985380921532855,0.0,0.014044904267971338,0.0,0.0,0.0,0.002905681548676858,0.0,0.00022202110683011426,0.0,0.00046431703603733046,0.0,0.014232082567859124,0.0,0.00267307462092835,0.0,0.01373986102514401,0.0,0.0024566509482113904,0.0,0.031980161235476263,0.0,0.0010082930736382584,0.0,0.0,,0.0,,0.0,,0.0,,0.0,,0.0,,0.0,,0.0,,,,,,,,,,,,,,,,,,,,,,0,0,55,2
2,region_02,2023-10-28,,,,,,,,,,,,,,,0.0,0.0,,,,,,,,,,,,,,,,,,,,,,,,,0.0,0.0,,,,,,,,,,,,,0.0,0.0,0.0,0.0,0.0,0.0,0.0,0.0,0.0,0.0,0.0307570490986108,0.0,,,0.0,0.0,0.0,0.0,0.0,0.0,0.0,0.0,0.0,0.0,0.0,0.0,0.0,0.0,0.0,0.0,0.0,0.0,0.00411921846680338,0.0,0.18825420410167876,0.0,0.008710322852589531,0.0,0.003920365068152856,0.0,0.0009286340720746609,0.0,0.0,0.0,0.0,0.0,0.0009021119000641407,0.0,0.1357435500476418,0.0,0.0102482737246446,0.0,0.01377884000994078,0.0,0.011199598917021162,0.0,0.008806332196222526,0.0,0.04112995266914362,0.0,0.2550798676908016,0.0,0.038709932801926965,0.0,0.030518587860392306,0.0,0.019086409064872915,0.0,0.019449816038832023,0.0,0.0,,0.0,,0.0,,0.0,,0.0,,0.0,,0.0,,0.0,,0.0,,0.0,,0.0,,0.0,,0.0,,0.0,,0.0,,0.0,,0.0,,0.0,,0.0,,0.0,,0.0,,0.0,,0.0,,0.0,,0.0,,0.0,,0.0,,0.0,,0.0,,0.0,,0.0,,0.0,,0.0,,0.0,,0.0,,0.0,,0.0,,0.0,,0.0,,,,,,,,0.0,,,,,,,,,,,,0.019729147869639235,0.0,0.016302895754939126,0.0,0.0060683436146596005,0.0,0.013839058419008038,0.0,0.008224302600137845,0.0,0.0006138663932991,0.0,0.04595481240894732,0.0,0.0,0.0,0.009727885605903614,0.0,0.0,0.0,0.0009837121072383756,0.0,0.0,0.0,0.0009286340720746609,0.0,0.0156535565307954,0.0,0.0011807986160331,0.0,0.014294437085015611,0.0,0.0019123461892509878,0.0,0.0344655412908007,0.0,0.0011807986160331,0.0,0.0,,0.0,,0.0,,0.0,,0.0,,0.0,,0.0,,0.0,,,,,,,,,,,,,,,,,,,,,,0,0,55,3
2,region_02,2023-11-04,,,,,,,,,,,,,,,0.00041630913037804995,0.0,,,,,,,,,,,,,,,,,,,,,,,,,0.0,0.0,,,,,,,,,,,,,0.0,0.0,0.0,0.0,0.0,0.0,0.0,0.0,0.0,0.0,0.02593496537301683,0.0,,,0.0,0.0,0.0,0.0,0.0,0.0,0.0,0.0,0.0,0.0,0.0,0.0,0.0,0.0,0.0,0.0,0.0,0.0,0.0038189793587661783,0.0,0.16752470568185895,0.0,0.01035153050906951,0.0,0.005175460072478408,0.0,0.00046431703603733046,0.0,0.0,0.0,0.0,0.0,0.00045105595003207033,0.0,0.11058623326215435,0.0,0.006710679335846154,0.0,0.012802381059098025,0.0,0.010048493938162303,0.0,0.00694759541138627,0.0,0.05752166016027327,0.0,0.28668514266610146,0.0,0.04297972649971882,0.0,0.02499914886202749,0.0,0.0251990064200604,0.0,0.036112941592000375,0.0,0.0,,0.0,,0.0,,0.0,,0.0,,0.0,,0.0,,0.0,,0.0,,0.0,,0.0012147551635280035,2.0,0.0,,0.0,,0.0,,0.0,,0.0,,0.0,,0.0,,0.0,,0.0,,0.0,,0.0,,0.0,,0.0,,0.0,,0.0,,0.0,,0.0,,0.0,,0.0,,0.0,,0.0,,0.0,,0.0,,0.0,,0.0,,0.0,,0.0,,0.0,,,,,,,,0.0,,,,,,,,,,,,0.02047913260114321,0.0,0.014006911345939217,0.0,0.00395023391650212,0.0,0.010096347619205805,0.0,0.00941707273013885,0.0,0.00030693319664955,0.0,0.03412372635098215,0.0,0.0005377632143790563,0.0,0.009881452486918407,0.0,0.0,0.0,0.0013248768698270266,0.0,0.0,0.0,0.000965703202471113,0.0,0.011567645382119022,0.0,0.00059039930801655,0.0,0.013859694578553483,0.0,0.001967928266555889,0.0,0.027207845179704766,0.0,0.0009686982108133412,0.0,0.0,,0.0,,0.0,,0.0,,0.0,,0.0,,0.0,,0.0,,,,,,,,,,,,,,,,,,,,,,0,1,55,4
2,region_02,2023-11-11,,,,,,,,,,,,,,,0.0008326182607560999,0.0,,,,,,,,,,,,,,,,,,,,,,,,,0.0,0.0,,,,,,,,,,,,,0.0,0.0,0.0,0.0,0.0,0.0,0.0,0.0,0.0,0.0,0.02111288164742286,0.0,,,0.0,0.0,0.0,0.0,0.0,0.0,0.0,0.0,0.0,0.0,0.0,0.0,0.0,0.0,0.0,0.0,0.0,0.0,0.0035187402507289773,0.0,0.14679520726203915,0.0,0.011992738165549488,0.0,0.006430555076803959,0.0,0.0,0.0,0.0,0.0,0.0,0.0,0.0,0.0,0.0854289164766669,0.0,0.0031730849470477072,0.0,0.01182592210825527,0.0,0.008897388959303447,0.0,0.005088858626550012,0.0,0.07391336765140291,0.0,0.3182904176414013,0.0,0.04724952019751067,0.0,0.01947970986366267,0.0,0.03131160377524788,0.0,0.052776067145168734,0.0,0.0,,0.0,,0.0,,0.0,,0.0,,0.0,,0.0,,0.0,,0.0,,0.0,,0.002429510327056007,0.0,0.0,,0.0,,0.0,,0.0,,0.0,,0.0,,0.0,,0.0,,0.0,,0.0,,0.0,,0.0,,0.0,,0.0,,0.0,,0.0,,0.0,,0.0,,0.0,,0.0,,0.0,,0.0,,0.0,,0.0,,0.0,,0.0,,0.0,,0.0,,,,,,,,0.0,,,,,,,,,,,,0.021229117332647183,0.0,0.011710926936939307,0.0,0.0018321242183446398,0.0,0.006353636819403573,0.0,0.010609842860139858,0.0,0.0,0.0,0.022292640293016988,0.0,0.0010755264287581126,0.0,0.0100350193679332,0.0,0.0,0.0,0.0016660416324156776,0.0,0.0,0.0,0.001002772332867565,0.0,0.007481734233442642,0.0,0.0,0.0,0.013424952072091356,0.0,0.00202351034386079,0.0,0.019950149068608834,0.0,0.0007565978055935824,0.0,0.0,,0.0,,0.0,,0.0,,0.0,,0.0,,0.0,,0.0,,,,,,,,,,,,,,,,,,,,,,0,0,56,5
2,region_02,2023-11-18,,,,,,,,,,,,,,,0.00041630913037804995,0.0,,,,,,,,,,,,,,,,,,,,,,,,,0.0,0.0,,,,,,,,,,,,,0.0,0.0,0.0003649336115280224,0.0,0.0,0.0,0.0,0.0,0.0,0.0,0.021503138044872867,0.0,,,0.0,0.0,0.0,0.0,0.0,0.0,0.0,0.0,0.0,0.0,0.0,0.0,0.0,0.0,0.0,0.0,0.0,0.0,0.002221470067981968,0.0,0.1348645866490327,0.0,0.011902928340101662,0.0,0.00452544720834474,0.0,0.0,0.0,0.00046209994261747945,0.0,0.0,0.0,0.0,0.0,0.0678009147660281,0.0,0.0020510638794616447,0.0,0.013184978899199654,0.0,0.006547593820290826,0.0,0.006647153081781277,0.0,0.06724862087852293,0.0,0.32855650164569034,0.0,0.05398294494415701,0.0,0.02031433530724961,0.0,0.042040979483117046,0.0,0.08952666056605099,0.0,0.0,,0.0,,0.0,,0.0003592336739529625,2.0,0.0,,0.00045964830924808824,2.0,0.0,,0.0,,0.0,,0.00032313378012204284,2.0,0.002327643111736162,0.0,0.0,,0.0,,0.0,,0.0,,0.0,,0.0,,0.0,,0.0,,0.0,,0.0,,0.0,,0.0,,0.0,,0.0,,0.0,,0.0,,0.0,,0.0,,0.0,,0.0,,0.0,,0.0,,0.0,,0.0,,0.0,,0.0,,0.0,,0.0,,,,,,,,0.0,,,,,,,,,,,,0.015614288977171792,0.0,0.009506485060167762,0.0,0.001297576760108984,0.0,0.004499693537423439,0.0,0.008264703132534496,0.0,0.0008396150078624334,0.0,0.020044069280489654,0.0,0.0005377632143790563,0.0,0.007721544697116523,0.0,0.0,0.0,0.0008330208162078388,0.0,0.0,0.0,0.0005013861664337825,0.0,0.0055885850307113225,0.0,0.00046209994261747945,0.0,0.01408678527819943,0.0,0.0018598248977631578,0.0,0.019091975889469058,0.0,0.0003782989027967912,0.0,0.0,,0.0,,0.0,,0.0,,0.0,,0.0,,0.0,,0.0,,,,,,,,,,,,,,,,,,,,,,0,3,56,6
2,region_02,2023-11-25,,,,,,,,,,,,,,,0.0,0.0,,,,,,,,,,,,,,,,,,,,,,,,,0.0,0.0,,,,,,,,,,,,,0.0,0.0,0.0007298672230560448,0.0,0.0,0.0,0.0,0.0,0.0,0.0,0.02189339444232288,0.0,,,0.0,0.0,0.0,0.0,0.0,0.0,0.0,0.0,0.0,0.0,0.0,0.0,0.0,0.0,0.0,0.0,0.0,0.0,0.0009241998852349589,0.0,0.12293396603602624,0.0,0.011813118514653836,0.0,0.0026203393398855205,0.0,0.0,0.0,0.0009241998852349589,0.0,0.0,0.0,0.0,0.0,0.05017291305538931,0.0,0.000929042811875582,0.0,0.014544035690144038,0.0,0.004197798681278205,0.0,0.008205447537012541,0.0,0.060583874105642956,0.0,0.33882258564997936,0.0,0.06071636969080334,0.0,0.021148960750836554,0.0,0.05277035519098621,0.0,0.12627725398693326,0.0,0.0,,0.0,,0.0,,0.000718467347905925,0.0,0.0,,0.0009192966184961765,0.0,0.0,,0.0,,0.0,,0.0006462675602440857,0.0,0.0022257758964163168,0.0,0.0,,0.0,,0.0,,0.0,,0.0,,0.0,,0.0,,0.0,,0.0,,0.0,,0.0,,0.0,,0.0,,0.0,,0.0,,0.0,,0.0,,0.0,,0.0,,0.0,,0.0,,0.0,,0.0,,0.0,,0.0,,0.0,,0.0,,0.0,,,,,,,,0.0,,,,,,,,,,,,0.0099994606216964,0.0,0.007302043183396216,0.0,0.0007630293018733282,0.0,0.002645750255443305,0.0,0.005919563404929133,0.0,0.0016792300157248668,0.0,0.01779549826796232,0.0,0.0,0.0,0.005408070026299844,0.0,0.0,0.0,0.0,0.0,0.0,0.0,0.0,0.0,0.0036954358279800027,0.0,0.0009241998852349589,0.0,0.014748618484307502,0.0,0.0016961394516655254,0.0,0.01823380271032928,0.0,0.0,0.0,0.0,,0.0,,0.0,,0.0,,0.0,,0.0,,0.0,,0.0,,,,,,,,,,,,,,,,,,,,,,0,0,59,7
2,region_02,2023-12-02,,,,,,,,,,,,,,,0.0,0.0,,,,,,,,,,,,,,,,,,,,,,,,,0.0,0.0,,,,,,,,,,,,,0.0,0.0,0.0008570946173430513,0.0,0.0,0.0,0.0,0.0,0.0,0.0,0.022810010223771306,0.0,,,0.0,0.0,0.0,0.0,0.0,0.0,0.0,0.0,0.0,0.0,0.0,0.0,0.0,0.0,0.0,0.0,0.0,0.0,0.0017559109338937057,0.0,0.1047912410004177,0.0,0.013433891029930374,0.0,0.002139597209754847,0.0,0.0,0.0,0.00046209994261747945,0.0,0.0,0.0,0.0,0.0,0.04094061773589603,0.0,0.0015153637834665148,0.0,0.011328104339218204,0.0,0.00517551566605475,0.0,0.005810118884422523,0.0,0.052499029203475114,0.0,0.3031289497448204,0.0,0.06368277577856771,0.0,0.019278002514500084,0.0,0.04420392659546831,0.0,0.21258575673869906,0.0,0.0,,0.00020239385194144,2.0,0.00024767087064293,2.0,0.0003592336739529625,0.0,0.0,,0.0014927709810709177,0.0,0.0,,0.0,,0.0,,0.0013996283759340295,0.0,0.0045707085344474305,0.0,0.0,,0.0,,0.0,,0.0,,0.0,,0.0,,0.0,,0.0,,0.0,,0.0,,0.0,,0.0,,0.0,,0.0,,0.0,,0.0,,0.0,,0.0,,0.0,,0.0,,0.0,,0.0,,0.0,,0.0,,0.0,,0.0,,0.0,,0.0,,,,,,,,0.0,,,,,,,,,,,,0.011715740300032943,0.0,0.005919477143610798,0.0,0.0003815146509366641,0.0,0.0025838219112774,0.0,0.00462875286916545,0.0,0.0016067922503376667,0.0,0.014274538826977413,0.0,0.0,0.0,0.004667528739856324,0.0,0.0,0.0,0.0002930425612966434,0.0,0.0,0.0,0.00024202576222655787,0.0,0.004316236612829696,0.0,0.0012337631142120215,0.0,0.012239821751346806,0.0,0.001193304073701593,0.0,0.01681307198460792,0.0,0.0,0.0,0.0,,0.0,,0.0,,0.0,,0.0,,0.0,,0.0,,0.0,,,,,,,,,,,,,,,,,,,,,,0,2,59,8
2,region_02,2023-12-09,,,,,,,,,,,,,,,0.0,0.0,,,,,,,,,,,,,,,,,,,,,,,,,0.0,0.0,,,,,,,,,,,,,0.0,0.0,0.000984322011630058,0.0,0.0,0.0,0.0,0.0,0.0,0.0,0.02372662600521973,0.0,,,0.0,0.0,0.0,0.0,0.0,0.0,0.0,0.0,0.0,0.0,0.0,0.0,0.0,0.0,0.0,0.0,0.0,0.0,0.0025876219825524526,0.0,0.08664851596480917,0.0,0.015054663545206912,0.0,0.0016588550796241735,0.0,0.0,0.0,0.0,0.0,0.0,0.0,0.0,0.0,0.03170832241640275,0.0,0.0021016847550574475,0.0,0.00811217298829237,0.0,0.006153232650831295,0.0,0.003414790231832503,0.0,0.04441418430130728,0.0,0.2674353138396614,0.0,0.06664918186633206,0.0,0.017407044278163614,0.0,0.03563749799995041,0.0,0.29889425949046483,0.0,0.0,,0.00040478770388288,0.0,0.00049534174128586,0.0,0.0,0.0,0.0,,0.0020662453436456588,0.0,0.0,,0.0,,0.0,,0.0021529891916239733,0.0,0.006915641172478544,0.0,0.0,,0.0,,0.0,,0.0,,0.0,,0.0,,0.0,,0.0,,0.0,,0.0,,0.0,,0.0,,0.0,,0.0,,0.0,,0.0,,0.0,,0.0,,0.0,,0.0,,0.0,,0.0,,0.0,,0.0,,0.0,,0.0,,0.0,,0.0,,,,,,,,0.0,,,,,,,,,,,,0.013432019978369488,0.0,0.004536911103825381,0.0,0.0,0.0,0.002521893567111495,0.0,0.0033379423334017684,0.0,0.0015343544849504666,0.0,0.010753579385992506,0.0,0.0,0.0,0.003926987453412805,0.0,0.0,0.0,0.0005860851225932868,0.0,0.0,0.0,0.00048405152445311575,0.0,0.0049370373976793894,0.0,0.0015433263431890842,0.0,0.009731025018386108,0.0,0.0006904686957376606,0.0,0.015392341258886558,0.0,0.0,0.0,0.0,,0.0,,0.0,,0.0,,0.0,,0.0,,0.0,,0.0,,,,,,,,,,,,,,,,,,,,,,0,0,61,9
2,region_02,2023-12-16,,,,,,,,,,,,,,,0.0,0.0,,,,,,,,,,,,,,,,,,,,,,,,,0.0,0.0,,,,,,,,,,,,,0.0,0.0,0.0012081654572497613,0.0,0.0,0.0,0.0,0.0,0.0,0.0,0.022770353961884288,0.0,,,0.0,0.0,0.0,0.0,0.0,0.0,0.0,0.0,0.0,0.0,0.0,0.0,0.0,0.0,0.0,0.0,0.0,0.0,0.0021511786938598074,0.0,0.05983397468346913,0.0,0.010641189375203336,0.0,0.001253309118278892,0.0,0.0,0.0,0.0,0.0,0.0,0.0,0.0,0.0,0.020249741291031093,0.0,0.0010508423775287237,0.0,0.005176797494455159,0.0,0.004613516682356147,0.0,0.0023273534375304675,0.0,0.03609069143216602,0.0,0.21816434850055155,0.0,0.056676202653715105,0.0,0.012005664578441527,0.0,0.038119801293639885,0.0,0.4364352245970098,0.0,0.0,,0.0005124841265462149,0.0,0.0007392425308352834,0.0,0.0,0.0,0.0,,0.0015886733710751661,0.0,0.0,,0.0009664420400180465,2.0,0.0,,0.004562266826784806,0.0,0.00858383374288673,0.0,0.0,,0.0,,0.0,,0.0,,0.0,,0.0,,0.0,,0.0,,0.0,,0.0,,0.0,,0.0,,0.0,,0.0,,0.0,,0.0,,0.0,,0.0,,0.0,,0.0,,0.0,,0.0,,0.0,,0.0,,0.0,,0.0,,0.0,,0.0,,,,,,,,0.0,,,,,,,,,,,,0.008696303852260126,0.0,0.003934650820932285,0.0,0.0,0.0,0.0016531002659175961,0.0,0.0021154242468358776,0.0,0.0009965821615575085,0.0,0.008405542337439077,0.0,0.0,0.0,0.0026371849543986785,0.0,0.0,0.0,0.0005434189030037637,0.0,0.0,0.0,0.00024202576222655787,0.0,0.0035806756350211287,0.0,0.0009677399127754556,0.0,0.00801524047270826,0.0,0.0003452343478688303,0.0,0.010574067546014105,0.0,0.0,0.0,0.0008572206778418322,2.0,0.0,,0.0,,0.0,,0.0,,0.0,,0.0,,0.0,,,,,,,,,,,,,,,,,,,,,,0,2,61,10
2,region_02,2023-12-23,,,,,,,,,,,,,,,0.0,0.0,,,,,,,,,,,,,,,,,,,,,,,,,0.0,0.0,,,,,,,,,,,,,0.0,0.0,0.0014320089028694648,0.0,0.0,0.0,0.0,0.0,0.0,0.0,0.021814081918548844,0.0,,,0.0,0.0,0.0,0.0,0.0,0.0,0.0,0.0,0.0,0.0,0.0,0.0,0.0,0.0,0.0,0.0,0.0,0.0,0.0017147354051671622,0.0,0.033019433402129074,0.0,0.00622771520519976,0.0,0.0008477631569336109,0.0,0.0,0.0,0.0,0.0,0.0,0.0,0.0,0.0,0.008791160165659435,0.0,0.0,0.0,0.002241422000617946,0.0,0.003073800713881,0.0,0.0012399166432284325,0.0,0.027767198563024755,0.0,0.16889338316144167,0.0,0.04670322344109814,0.0,0.00660428487871944,0.0,0.04060210458732936,0.0,0.5739761897035547,0.0,0.0,,0.0006201805492095499,0.0,0.0009831433203847067,0.0,0.0,0.0,0.0,,0.0011111013985046735,0.0,0.0,,0.001932884080036093,0.0,0.0,,0.00697154446194564,0.0,0.010252026313294917,0.0,0.0,,0.0,,0.0,,0.0,,0.0,,0.0,,0.0,,0.0,,0.0,,0.0,,0.0,,0.0,,0.0,,0.0,,0.0,,0.0,,0.0,,0.0,,0.0,,0.0,,0.0,,0.0,,0.0,,0.0,,0.0,,0.0,,0.0,,0.0,,,,,,,,0.0,,,,,,,,,,,,0.003960587726150765,0.0,0.003332390538039189,0.0,0.0,0.0,0.0007843069647236973,0.0,0.0008929061602699865,0.0,0.00045880983816455,0.0,0.006057505288885647,0.0,0.0,0.0,0.0013473824553845513,0.0,0.0,0.0,0.0005007526834142405,0.0,0.0,0.0,0.0,0.0,0.0022243138723628676,0.0,0.000392153482361827,0.0,0.006299455927030411,0.0,0.0,0.0,0.0057557938331416515,0.0,0.0,0.0,0.0017144413556836643,0.0,0.0,,0.0,,0.0,,0.0,,0.0,,0.0,,0.0,,,,,,,,,,,,,,,,,,,,,,0,0,63,11
2,region_02,2023-12-30,,,,,,,,,,,,,,,0.0,0.0,,,,,,,,,,,,,,,,,,,,,,,,,0.0,0.0,,,,,,,,,,,,,0.0,0.0,0.0007160044514347324,0.0,0.0,0.0,0.0,0.0,0.0,0.0,0.018969891410371288,0.0,,,0.0,0.0,0.0,0.0,0.0,0.0,0.0,0.0,0.0,0.0,0.0,0.0,0.0,0.0,0.0,0.0,0.0,0.0,0.000995214673258784,0.0,0.024412820598826476,0.0,0.004799151449906799,0.0,0.0005617285491420082,0.0,0.0,0.0,0.0,0.0,0.0,0.0,0.0,0.0,0.007153497933159755,0.0,0.00015300414735163888,0.0,0.0017024132371711786,0.0,0.001976617509141682,0.0,0.0007729624689658552,0.0,0.019639079401677834,0.0,0.12334497498946859,0.0,0.03286746736817259,0.0,0.0054758439507711035,0.0,0.030161294260400644,0.0,0.6680828502969852,0.0,0.0,,0.003811212393509925,0.0,0.0033518474869196784,0.0,0.0,0.0,0.0,,0.0010490634518003912,0.0,0.0,,0.0017098180188830198,0.0,0.0001348293218244037,2.0,0.009488480584695883,0.0,0.018441589564705846,0.0,0.0,,0.0,,0.0,,0.0,,0.0,,0.0,,0.0,,0.0,,0.0,,0.0,,0.0,,0.0,,0.0,,0.0,,0.0,,0.0,,0.0,,0.0,,0.0,,0.0,,0.0,,0.0,,0.0,,0.0,,0.0,,0.0,,0.0,,0.0,,,,,,,,0.0,,,,,,,,,,,,0.003716792330001056,0.0,0.0018040422396947973,0.0,0.00029736363164069307,0.0,0.0006895171140025417,0.0,0.00044645308013499323,0.0,0.000229404919082275,0.0,0.004215037543973316,0.0,0.0,0.0,0.0008266953750439146,0.0,0.0,0.0,0.0005563846364104313,0.0,0.0,0.0,0.0,0.0,0.001862020499092852,0.0,0.0001960767411809135,0.0,0.005155407858581732,0.0,0.00014163808373265907,0.0,0.003619115817228058,0.0,0.0,0.0,0.0014369750445308964,0.0,0.0,,0.0,,0.0,,0.0,,0.0,,0.0,,0.0,,,,,,,,,,,,,,,,,,,,,,0,1,63,12
2,region_02,2024-01-06,,,,,,,,,,,,,,,0.0,0.0,,,,,,,,,,,,,,,,,,,,,,,,,0.0,0.0,,,,,,,,,,,,,0.0,0.0,0.0,0.0,0.0,0.0,0.0,0.0,0.0,0.0,0.016125700902193733,0.0,,,0.0,0.0,0.0,0.0,0.0,0.0,0.0,0.0,0.0,0.0,0.0,0.0,0.0,0.0,0.0,0.0,0.0,0.0,0.00027569394135040553,0.0,0.015806207795523882,0.0,0.0033705876946138386,0.0,0.00027569394135040553,0.0,0.0,0.0,0.0,0.0,0.0,0.0,0.0,0.0,0.005515835700660075,0.0,0.00030600829470327776,0.0,0.001163404473724411,0.0,0.000879434304402364,0.0,0.00030600829470327776,0.0,0.011510960240330909,0.0,0.07779656681749551,0.0,0.01903171129524703,0.0,0.004347403022822767,0.0,0.01972048393347193,0.0,0.7621895108904158,0.0,0.0,,0.0070022442378103004,0.0,0.005720551653454651,0.0,0.0,0.0,0.0,,0.0009870255050961087,0.0,0.0,,0.0014867519577299465,0.0,0.0002696586436488074,0.0,0.012005416707446126,0.0,0.02663115281611677,0.0,0.0,,0.0,,0.0,,0.0,,0.0,,0.0,,0.0,,0.0,,0.0,,0.0,,0.0,,0.0,,0.0,,0.0,,0.0,,0.0,,0.0,,0.0,,0.0,,0.0,,0.0,,0.0,,0.0,,0.0,,0.0,,0.0,,0.0,,0.0,,,,,,,,0.0,,,,,,,,,,,,0.0034729969338513473,0.0,0.00027569394135040553,0.0,0.0005947272632813861,0.0,0.0005947272632813861,0.0,0.0,0.0,0.0,0.0,0.0023725697990609838,0.0,0.0,0.0,0.00030600829470327776,0.0,0.0,0.0,0.0006120165894066222,0.0,0.0,0.0,0.0,0.0,0.0014997271258228363,0.0,0.0,0.0,0.004011359790133053,0.0,0.00028327616746531815,0.0,0.0014824378013144639,0.0,0.0,0.0,0.0011595087333781287,0.0,0.0,,0.0,,0.0,,0.0,,0.0,,0.0,,0.0,,,,,,,,,,,,,,,,,,,,,,0,0,64,13
2,region_02,2024-01-13,,,,,,,,,,,,,,,0.0,0.0,,,,,,,,,,,,,,,,,,,,,,,,,0.0,0.0,,,,,,,,,,,,,0.0,0.0,0.00020468081311263126,0.0,0.0,0.0,0.0,0.0,0.0,0.0,0.015101269173568861,0.0,,,0.0,0.0,0.0,0.0,0.0,0.0,0.0,0.0,0.0,0.0,0.0,0.0,0.0,0.0,0.0,0.0,0.0,0.0,0.00013784697067520277,0.0,0.010705607193004708,0.0,0.001898805261450955,0.0,0.00013784697067520277,0.0,0.0,0.0,0.0,0.0,0.0,0.0,0.0,0.0,0.0031675591364055317,0.0,0.00015300414735163888,0.0,0.001150308933020297,0.0,0.000439717152201182,0.0,0.00015300414735163888,0.0,0.008641429093208055,0.0,0.05706509362965345,0.0,0.01420760886477568,0.0,0.0023632370756886834,0.0,0.014648710159466566,0.0,0.7909443242209299,0.0,0.00019221742307609334,2.0,0.0133422387298196,0.0,0.01205042086852089,0.0,0.0005788129245047233,0.0,0.0,,0.004995719700202515,0.0,0.0,,0.00242093329351125,0.0,0.00032558686992458885,0.0,0.021879615463937276,0.0,0.029892468856026685,0.0,0.0,,0.0,,0.0,,0.0,,0.0,,0.0,,0.0,,0.0,,0.0,,0.0,,0.0,,0.00018527158993360713,2.0,0.0,,0.0,,0.0,,0.0,,0.0,,0.0,,0.0,,0.0,,0.0,,0.0,,0.0,,0.0,,0.0,,0.0,,0.0,,0.0,,,,,,,,0.0,,,,,,,,,,,,0.0019260340312029737,0.0,0.00013784697067520277,0.0,0.00029736363164069307,0.0,0.00029736363164069307,0.0,0.0001951986873921286,0.0,0.0,0.0,0.0016384727348358634,0.0,0.0,0.0,0.00015300414735163888,0.0,0.0,0.0,0.0003060082947033111,0.0,0.0,0.0,0.0,0.0,0.0009393991271887182,0.0,0.0,0.0,0.0029396945424007793,0.0,0.00014163808373265907,0.0,0.0019811879631430706,0.0,0.0,0.0,0.0015347227100781268,0.0,0.0,,0.0,,0.0,,0.0,,0.0,,0.0,,0.0,,,,,,,,,,,,,,,,,,,,,,0,2,64,14
2,region_02,2024-01-20,,,,,,,,,,,,,,,0.0,0.0,,,,,,,,,,,,,,,,,,,,,,,,,0.0,0.0,,,,,,,,,,,,,0.0,0.0,0.0004093616262252625,0.0,0.0,0.0,0.0,0.0,0.0,0.0,0.014076837444943991,0.0,,,0.0,0.0,0.0,0.0,0.0,0.0,0.0,0.0,0.0,0.0,0.0,0.0,0.0,0.0,0.0,0.0,0.0,0.0,0.0,0.0,0.005605006590485534,0.0,0.0004270228282880714,0.0,0.0,0.0,0.0,0.0,0.0,0.0,0.0,0.0,0.0,0.0,0.0008192825721509885,0.0,0.0,0.0,0.001137213392316183,0.0,0.0,0.0,0.0,0.0,0.0057718979460852,0.0,0.03633362044181138,0.0,0.009383506434304328,0.0,0.00037907112855460005,0.0,0.009576936385461202,0.0,0.819699137551444,0.0,0.0003844348461521867,0.0,0.0196822332218289,0.0,0.018380290083587127,0.0,0.0011576258490094465,0.0,0.0,,0.00900441389530892,0.0,0.0,,0.0033551146292925536,0.0,0.00038151509620037034,0.0,0.031753814220428424,0.0,0.0331537848959366,0.0,0.0,,0.0,,0.0,,0.0,,0.0,,0.0,,0.0,,0.0,,0.0,,0.0,,0.0,,0.00037054317986721426,0.0,0.0,,0.0,,0.0,,0.0,,0.0,,0.0,,0.0,,0.0,,0.0,,0.0,,0.0,,0.0,,0.0,,0.0,,0.0,,0.0,,,,,,,,0.0,,,,,,,,,,,,0.00037907112855460005,0.0,0.0,0.0,0.0,0.0,0.0,0.0,0.0003903973747842572,0.0,0.0,0.0,0.0009043756706107428,0.0,0.0,0.0,0.0,0.0,0.0,0.0,0.0,0.0,0.0,0.0,0.0,0.0,0.00037907112855460005,0.0,0.0,0.0,0.001868029294668506,0.0,0.0,0.0,0.002479938124971677,0.0,0.0,0.0,0.001909936686778125,0.0,0.0,,0.0,,0.0,,0.0,,0.0,,0.0,,0.0,,,,,,,,,,,,,,,,,,,,,,0,0,66,15
2,region_02,2024-01-27,,,,,,,,,,,,,,,0.0,0.0,,,,,,,,,,,,,,,,,,,,,,,,,0.0,0.0,,,,,,,,,,,,,0.0,0.0,0.00020468081311263126,0.0,0.0,0.0,0.0,0.0,0.0,0.0,0.01055569782943123,0.0,,,0.0,0.0,0.0,0.0,0.0,0.0,0.0,0.0,0.0,0.0,0.0,0.0,0.0,0.0,0.0,0.0,0.0,0.0,0.0,0.0,0.003648629321319496,0.0,0.0002135114141440357,0.0,0.0,0.0,0.0,0.0,0.0,0.0,0.0,0.0,0.0,0.0,0.00040964128607549427,0.0,0.0002600057504262853,0.0,0.0005686066961580915,0.0,0.0,0.0,0.0,0.0,0.00388903571116663,0.0,0.02239190555087623,0.0,0.0075935809693040476,0.0,0.00045814903146075,0.0,0.007030950206676203,0.0,0.8294298396224067,0.0,0.00043658897091346054,0.0,0.012038283543113355,0.0,0.022891058648625964,0.0,0.002188077007511784,0.0,0.0,,0.007849105734688493,0.0,0.0,,0.003991116728034891,0.0,0.0009823609499208536,0.0,0.04185902594278251,0.0,0.03821942880749697,0.0,0.0,,0.0,,0.0,,0.00018886270117943332,1.0,0.0,,0.0,,0.0,,0.0,,0.0,,0.0,,0.0,,0.0007155850949596928,0.0,0.0,,0.0,,0.0,,0.0,,0.0,,0.0,,0.0,,0.0,,0.0,,0.0,,0.0,,0.0,,0.0,,0.0,,0.0,,0.0,,,,,,,,0.0,,,,,,,,,,,,0.0009748094749417338,0.0,0.0,0.0,0.0,0.0,0.0,0.0,0.0001951986873921286,0.0,0.0,0.0,0.0006512072966135404,0.0,0.0,0.0,0.0,0.0,0.0,0.0,0.0,0.0,0.0,0.0,0.0,0.0,0.00018953556427730002,0.0,0.0,0.0,0.0011940203977605383,0.0,0.0,0.0,0.0015085825296692885,0.0,0.0,0.0,0.002275759840683432,0.0,0.0,,0.0,,0.0,,0.0,,0.0,,0.0,,0.0,,,,,,,,,,,,,,,,,,,,,,1,0,66,0
2,region_02,2024-02-03,,,,,,,,,,,,,,,0.0,0.0,,,,,,,,,,,,,,,,,,,,,,,,,0.0,0.0,,,,,,,,,,,,,0.0,0.0,0.0,0.0,0.0,0.0,0.0,0.0,0.0,0.0,0.007034558213918468,0.0,,,0.0,0.0,0.0,0.0,0.0,0.0,0.0,0.0,0.0,0.0,0.0,0.0,0.0,0.0,0.0,0.0,0.0,0.0,0.0,0.0,0.0016922520521534586,0.0,0.0,0.0,0.0,0.0,0.0,0.0,0.0,0.0,0.0,0.0,0.0,0.0,0.0,0.0,0.0005200115008525706,0.0,0.0,0.0,0.0,0.0,0.0,0.0,0.0020061734762480588,0.0,0.008450190659941074,0.0,0.005803655504303768,0.0,0.0005372269343669,0.0,0.004484964027891205,0.0,0.8391605416933695,0.0,0.0004887430956747344,0.0,0.004394333864397811,0.0,0.0274018272136648,0.0,0.0032185281660141213,0.0,0.0,,0.006693797574068066,0.0,0.0,,0.004627118826777229,0.0,0.0015832068036413368,0.0,0.05196423766513661,0.0,0.04328507271905735,0.0,0.0,,0.0,,0.0,,0.00037772540235886664,0.0,0.0,,0.0,,0.0,,0.0,,0.0,,0.0,,0.0,,0.0010606270100521713,0.0,0.0,,0.0,,0.0,,0.0,,0.0,,0.0,,0.0,,0.0,,0.0,,0.0,,0.0,,0.0,,0.0,,0.0,,0.0,,0.0,,,,,,,,0.0,,,,,,,,,,,,0.0015705478213288676,0.0,0.0,0.0,0.0,0.0,0.0,0.0,0.0,0.0,0.0,0.0,0.00039803892261633796,0.0,0.0,0.0,0.0,0.0,0.0,0.0,0.0,0.0,0.0,0.0,0.0,0.0,0.0,0.0,0.0,0.0,0.0005200115008525706,0.0,0.0,0.0,0.0005372269343669,0.0,0.0,0.0,0.002641582994588739,0.0,0.0,,0.0,,0.0,,0.0,,0.0,,0.0,,0.0,,,,,,,,,,,,,,,,,,,,,,0,0,67,1
2,region_02,2024-02-10,,,,,,,,,,,,,,,0.0,0.0,,,,,,,,,,,,,,,,,,,,,,,,,0.0,0.0,,,,,,,,,,,,,0.0,0.0,0.0,0.0,0.0,0.0,0.0,0.0,0.0,0.0,0.0071067404881394805,0.0,,,0.0,0.0,0.0,0.0,0.0,0.0,0.0,0.0,0.0,0.0,0.0,0.0,0.0,0.0,0.0,0.0,0.0,0.0,0.0,0.0,0.0008461260260767293,0.0,0.0003629888568397788,0.0,0.0,0.0,0.0,0.0,0.0,0.0,0.0,0.0,0.0,0.0,0.0,0.0,0.0008265741894765276,0.0,0.0,0.0,0.0,0.0,0.0,0.0,0.0020920533112892253,0.0,0.005601106093260089,0.0,0.003468396191202126,0.0,0.0006316023240232288,0.0,0.003031508867178928,0.0,0.8176714100620963,0.0,0.0009750917451536022,0.0,0.02452748457846392,0.0,0.03448273517812287,0.0,0.0030425324902465835,0.0,0.0,,0.006392236365089994,0.0,0.0,,0.004390852529987913,0.0,0.0013198210239082201,0.0,0.05689983225117122,0.0,0.05081534211834267,0.0,0.0008087072269214666,2.0,0.0,,0.0,,0.0010305756703018632,0.0,0.0,,0.0,,0.0,,0.0,,0.0,,0.00270518879406152,2.0,0.0,,0.002331678422966118,0.0,0.0,,0.0,,0.0,,0.0,,0.0,,0.0,,0.0,,0.0,,0.0,,0.0,,0.0,,0.0,,0.0,,0.0,,0.0,,0.0,,,,,,,,0.0,,,,,,,,,,,,0.0007852739106644338,0.0,0.0,0.0,0.0,0.0,0.0,0.0,0.0,0.0,0.0,0.0,0.00019901946130816898,0.0,0.0,0.0,0.0,0.0,0.0,0.0,0.0,0.0,0.0,0.0,0.0,0.0,0.0,0.0,0.0,0.0,0.0002600057504262853,0.0,0.0,0.0,0.00026861346718345,0.0,0.0,0.0,0.0035594269450354354,0.0,0.0,,0.0,,0.0,,0.0,,0.0,,0.0,,0.0,,,,,,,,,,,,,,,,,,,,,,0,2,67,2
2,region_02,2024-02-17,,,,,,,,,,,,,,,0.0,0.0,,,,,,,,,,,,,,,,,,,,,,,,,0.0,0.0,,,,,,,,,,,,,0.0,0.0,0.0,0.0,0.0,0.0,0.0,0.0,0.0,0.0,0.007178922762360494,0.0,,,0.0,0.0,0.0,0.0,0.0,0.0,0.0,0.0,0.0,0.0,0.0,0.0,0.0,0.0,0.0,0.0,0.0,0.0,0.0,0.0,0.0,0.0,0.0007259777136795576,0.0,0.0,0.0,0.0,0.0,0.0,0.0,0.0,0.0,0.0,0.0,0.0,0.0,0.0011331368781004848,0.0,0.0,0.0,0.0,0.0,0.0,0.0,0.0021779331463303913,0.0,0.0027520215265791027,0.0,0.0011331368781004848,0.0,0.0007259777136795576,0.0,0.0015780537064666515,0.0,0.7961822784308231,0.0,0.00146144039463247,0.0,0.04466063529253003,0.0,0.041563643142580944,0.0,0.0028665368144790452,0.0,0.0,,0.006090675156111921,0.0,0.0,,0.004154586233198597,0.0,0.0010564352441751036,0.0,0.06183542683720584,0.0,0.05834561151762799,0.0,0.0016174144538429332,0.0,0.0,,0.0,,0.00168342593824486,0.0,0.0,,0.0,,0.0,,0.0,,0.0,,0.00541037758812304,0.0,0.0,,0.0036027298358800646,0.0,0.0,,0.0,,0.0,,0.0,,0.0,,0.0,,0.0,,0.0,,0.0,,0.0,,0.0,,0.0,,0.0,,0.0,,0.0,,0.0,,,,,,,,0.0,,,,,,,,,,,,0.0,0.0,0.0,0.0,0.0,0.0,0.0,0.0,0.0,0.0,0.0,0.0,0.0,0.0,0.0,0.0,0.0,0.0,0.0,0.0,0.0,0.0,0.0,0.0,0.0,0.0,0.0,0.0,0.0,0.0,0.0,0.0,0.0,0.0,0.0,0.0,0.0,0.0,0.004477270895482132,0.0,0.0,,0.0,,0.0,,0.0,,0.0,,0.0,,0.0,,,,,,,,,,,,,,,,,,,,,,0,0,69,3
2,region_02,2024-02-24,,,,,,,,,,,,,,,0.0,0.0,,,,,,,,,,,,,,,,,,,,,,,,,0.0,0.0,,,,,,,,,,,,,0.0,0.0,0.0,0.0,0.0,0.0,0.0,0.0,0.0,0.0,0.0069436738104382625,0.0,,,0.0,0.0,0.0,0.0,0.0,0.0,0.0,0.0,0.0,0.0,0.0,0.0,0.0,0.0,0.0,0.0,0.0,0.0,0.0,0.0,0.0,0.0,0.0003629888568397788,0.0,0.0,0.0,0.0,0.0,0.0,0.0,0.0,0.0,0.0,0.0,0.0,0.0,0.0010328043423820485,0.0,0.0,0.0,0.0,0.0,0.0,0.0,0.0010889665731651957,0.0,0.003022570328704903,0.0,0.0010328043423820485,0.0,0.0003629888568397788,0.0,0.0020961307670927676,0.0,0.739903789888503,0.0,0.004150816848656737,0.0,0.06883218139410016,0.0,0.06242624167352911,0.0,0.004850682231687678,0.0,0.0,,0.00862851881318029,0.0,0.0,,0.005027000043940287,0.0,0.0013107578755200593,0.0,0.07947312071919437,0.0,0.060729604028165296,0.0,0.0013713571087767135,0.0,0.0,,0.0,,0.0019011503492947183,0.0,0.0,,0.0,,0.0,,0.0,,0.0,,0.007786769497518688,0.0,0.0,,0.003254203387768888,0.0,0.0,,0.0,,0.0,,0.0,,0.0,,0.0,,0.0,,0.0,,0.0,,0.0,,0.0,,0.0,,0.0,,0.0,,0.0,,0.0,,,,,,,,0.0,,,,,,,,,,,,0.0005670992904924515,0.0,0.0,0.0,0.0,0.0,0.0,0.0,0.0,0.0,0.0,0.0,0.0,0.0,0.0,0.0,0.0,0.0,0.0,0.0,0.0,0.0,0.0,0.0,0.0,0.0,0.0,0.0,0.0,0.0,0.0,0.0,0.0,0.0,0.0,0.0,0.0,0.0,0.009445779665838885,0.0,0.0,,0.0,,0.0,,0.0,,0.0,,0.0,,0.0,,,,,,,,,,,,,,,,,,,,,,0,0,69,4
2,region_02,2024-03-02,,,,,,,,,,,,,,,0.0,0.0,,,,,,,,,,,,,,,,,,,,,,,,,0.0,0.0,,,,,,,,,,,,,0.0,0.0,0.0,0.0,0.0,0.0,0.0,0.0,0.0,0.0,0.006708424858516031,0.0,,,0.0,0.0,0.0,0.0,0.0,0.0,0.0,0.0,0.0,0.0,0.0,0.0,0.0,0.0,0.0,0.0,0.0,0.0,0.0,0.0,0.0,0.0,0.0,0.0,0.0,0.0,0.0,0.0,0.0,0.0,0.0,0.0,0.0,0.0,0.0,0.0,0.0009324718066636125,0.0,0.0,0.0,0.0,0.0,0.0,0.0,0.0,0.0,0.003293119130830703,0.0,0.0009324718066636125,0.0,0.0,0.0,0.0026142078277188842,0.0,0.6836253013461828,0.0,0.006840193302681003,0.0,0.09300372749567029,0.0,0.08328884020447727,0.0,0.00683482764889631,0.0,0.0,,0.011166362470248659,0.0,0.0,,0.005899413854681978,0.0,0.0015650805068650147,0.0,0.0971108146011829,0.0,0.0631135965387026,0.0,0.0011252997637104935,0.0,0.0,,0.0,,0.0021188747603445766,0.0,0.0,,0.0,,0.0,,0.0,,0.0,,0.010163161406914336,0.0,0.0,,0.002905676939657711,0.0,0.0,,0.0,,0.0,,0.0,,0.0,,0.0,,0.0,,0.0,,0.0,,0.0,,0.0,,0.0,,0.0,,0.0,,0.0,,0.0,,,,,,,,0.0,,,,,,,,,,,,0.001134198580984903,0.0,0.0,0.0,0.0,0.0,0.0,0.0,0.0,0.0,0.0,0.0,0.0,0.0,0.0,0.0,0.0,0.0,0.0,0.0,0.0,0.0,0.0,0.0,0.0,0.0,0.0,0.0,0.0,0.0,0.0,0.0,0.0,0.0,0.0,0.0,0.0,0.0,0.014414288436195636,0.0,0.0,,0.0,,0.0,,0.0,,0.0,,0.0,,0.0,,,,,,,,,,,,,,,,,,,,,,0,0,69,5
2,region_02,2024-03-09,,,,,,,,,,,,,,,0.0,0.0,,,,,,,,,,,,,,,,,,,,,,,,,0.0,0.0,,,,,,,,,,,,,0.0,0.0,0.0,0.0,0.0,0.0,0.0,0.0,0.0,0.0,0.006757298103747688,0.0,,,0.0,0.0,0.0,0.0,0.0,0.0,0.0,0.0,0.0,0.0,0.0,0.0,0.0,0.0,0.0,0.0,0.0,0.0,0.0,0.0,0.0,0.0,0.0,0.0,0.0,0.0,0.0,0.0,0.0,0.0,0.0,0.0,0.0,0.0,0.0,0.0,0.00046623590333180623,0.0,0.0,0.0,0.0,0.0,0.0,0.0,0.0,0.0,0.0016465595654153516,0.0,0.00046623590333180623,0.0,0.0,0.0,0.0013071039138594421,0.0,0.6747708000062453,0.0,0.008049397713815121,0.0,0.08826391771435735,0.0,0.09593286328017708,0.0,0.008857345424457255,0.0,0.0007094296917784699,2.0,0.008483222559481172,0.0,0.0,,0.007403232390060974,0.0,0.001564526809724335,0.0,0.09133114814758297,0.0,0.06889215819537636,0.0,0.0005626498818552467,0.0,0.0,,0.0,,0.005773918353952421,0.0,0.0,,0.0,,0.0,,0.0,,0.0,,0.01025671716779465,0.0,0.0007263650528757647,2.0,0.0033626317162997574,0.0,0.0,,0.0,,0.0,,0.0,,0.0,,0.0,,0.0,,0.0,,0.0,,0.0,,0.0,,0.0,,0.0,,0.0,,0.0,,0.0,,,,,,,,0.0,,,,,,,,,,,,0.0005670992904924515,0.0,0.0,0.0,0.0,0.0,0.0,0.0,0.0,0.0,0.0,0.0,0.0,0.0,0.0,0.0,0.0,0.0,0.0,0.0,0.0,0.0,0.0,0.0,0.0,0.0,0.0,0.0,0.0,0.0,0.0,0.0,0.0,0.0,0.0,0.0,0.0,0.0,0.011810280415894686,0.0,0.0,,0.0,,0.0,,0.0,,0.0,,0.0,,0.0,,,,,,,,,,,,,,,,,,,,,,0,2,69,6
2,region_02,2024-03-16,,,,,,,,,,,,,,,0.0,0.0,,,,,,,,,,,,,,,,,,,,,,,,,0.0,0.0,,,,,,,,,,,,,0.0,0.0,0.0,0.0,0.0,0.0,0.0,0.0,0.0,0.0,0.006806171348979345,0.0,,,0.0,0.0,0.0,0.0,0.0,0.0,0.0,0.0,0.0,0.0,0.0,0.0,0.0,0.0,0.0,0.0,0.0,0.0,0.0,0.0,0.0,0.0,0.0,0.0,0.0,0.0,0.0,0.0,0.0,0.0,0.0,0.0,0.0,0.0,0.0,0.0,0.0,0.0,0.0,0.0,0.0,0.0,0.0,0.0,0.0,0.0,0.0,0.0,0.0,0.0,0.0,0.0,0.0,0.0,0.665916298666308,0.0,0.009258602124949241,0.0,0.0835241079330444,0.0,0.1085768863558769,0.0,0.0108798632000182,0.0,0.0014188593835569399,0.0,0.005800082648713683,0.0,0.0,,0.00890705092543997,0.0,0.0015639731125836555,0.0,0.08555148169398304,0.0,0.07467071985205011,0.0,0.0,0.0,0.0,,0.0,,0.009428961947560266,0.0,0.0,,0.0,,0.0,,0.0,,0.0,,0.010350272928674964,0.0,0.0014527301057515294,0.0,0.003819586492941804,0.0,0.0,,0.0,,0.0,,0.0,,0.0,,0.0,,0.0,,0.0,,0.0,,0.0,,0.0,,0.0,,0.0,,0.0,,0.0,,0.0,,,,,,,,0.0,,,,,,,,,,,,0.0,0.0,0.0,0.0,0.0,0.0,0.0,0.0,0.0,0.0,0.0,0.0,0.0,0.0,0.0,0.0,0.0,0.0,0.0,0.0,0.0,0.0,0.0,0.0,0.0,0.0,0.0,0.0,0.0,0.0,0.0,0.0,0.0,0.0,0.0,0.0,0.0,0.0,0.009206272395593736,0.0,0.0,,0.0,,0.0,,0.0,,0.0,,0.0,,0.0,,,,,,,,,,,,,,,,,,,,,,0,0,71,7
2,region_02,2024-03-23,,,,,,,,,,,,,,,0.0,0.0,,,,,,,,,,,,,,,,,,,,,,,,,0.0,0.0,,,,,,,,,,,,,0.0,0.0,0.0,0.0,0.0,0.0,0.0,0.0,0.0,0.0,0.005177026756748664,0.0,,,0.0,0.0,0.0,0.0,0.0,0.0,0.0,0.0,0.0,0.0,0.0,0.0,0.0,0.0,0.0,0.0,0.0,0.0,0.0,0.0,0.0,0.0,0.0,0.0,0.0,0.0,0.0,0.0,0.0,0.0,0.0,0.0,0.0,0.0,0.0,0.0,0.0015369360800832268,0.0,0.0,0.0,0.0,0.0,0.0,0.0,0.0,0.0,0.0,0.0,0.0,0.0,0.0,0.0,0.0015989404016484568,0.0,0.5553959075802116,0.0,0.01634994188013171,0.0,0.0417620539665222,0.0,0.11827713623642917,0.0,0.028621424062763325,0.0,0.008472197598478304,0.0,0.014888529195099696,0.0,0.0,,0.008285959991293779,0.0,0.003944798385620889,0.0,0.10747815681000547,0.0,0.07864046258231,0.0,0.008849645305114466,0.0,0.0,,0.0,,0.025635374089082043,0.0,0.0,,0.0048046956944744834,2.0,0.0008902330966000803,2.0,0.0,,0.0,,0.014481390888492216,0.0,0.004633042425995234,0.0,0.006016170697486249,0.0,0.0,,0.0032770262117048947,1.0,0.0,,0.0,,0.0,,0.0,,0.0,,0.0,,0.0,,0.0,,0.0,,0.0,,0.0,,0.0,,0.0,,0.0,,,,,,,,0.0,,,,,,,,,,,,0.0,0.0,0.0,0.0,0.0,0.0,0.0,0.0,0.0,0.0,0.0,0.0,0.0,0.0,0.0,0.0,0.0,0.0,0.0,0.0,0.0,0.0,0.0,0.0,0.0,0.0,0.0,0.0,0.0,0.0,0.0,0.0,0.0,0.0,0.0,0.0,0.0,0.0,0.006183251139840863,0.0,0.0,,0.0,,0.0,,0.0,,0.0,,0.0,,0.0,,,,,,,,,,,,,,,,,,,,,,1,2,71,0
2,region_02,2024-03-30,,,,,,,,,,,,,,,0.0,0.0,,,,,,,,,,,,,,,,,,,,,,,,,0.0,0.0,,,,,,,,,,,,,0.0,0.0,0.0,0.0,0.0,0.0,0.0,0.0,0.0,0.0,0.0035478821645179835,0.0,,,0.0,0.0,0.0,0.0,0.0,0.0,0.0,0.0,0.0,0.0,0.0,0.0,0.0,0.0,0.0,0.0,0.0,0.0,0.0,0.0,0.0,0.0,0.0,0.0,0.0,0.0,0.0,0.0,0.0,0.0,0.0,0.0,0.0,0.0,0.0,0.0,0.0030738721601664535,0.0,0.0,0.0,0.0,0.0,0.0,0.0,0.0,0.0,0.0,0.0,0.0,0.0,0.0,0.0,0.0031978808032969135,0.0,0.4448755164941152,0.0,0.02344128163531418,0.0,0.0,0.0,0.12797738611698145,0.0,0.04636298492550845,0.0,0.015525535813399669,0.0,0.023976975741485707,0.0,0.0,,0.007664869057147589,0.0,0.006325623658658123,0.0,0.1294048319260279,0.0,0.08261020531256989,0.0,0.017699290610228933,0.0,0.0,,0.0,,0.04184178623060382,0.0,0.0,,0.009609391388948967,0.0,0.0017804661932001606,0.0,0.0,,0.0,,0.018612508848309468,0.0,0.007813354746238938,0.0,0.008212754902030692,0.0,0.0,,0.006554052423409789,0.0,0.0,,0.0,,0.0,,0.0,,0.0,,0.0,,0.0,,0.0,,0.0,,0.0,,0.0,,0.0,,0.0,,0.0,,,,,,,,0.0,,,,,,,,,,,,0.0,0.0,0.0,0.0,0.0,0.0,0.0,0.0,0.0,0.0,0.0,0.0,0.0,0.0,0.0,0.0,0.0,0.0,0.0,0.0,0.0,0.0,0.0,0.0,0.0,0.0,0.0,0.0,0.0,0.0,0.0,0.0,0.0,0.0,0.0,0.0,0.0,0.0,0.0031602298840879895,0.0,0.0,,0.0,,0.0,,0.0,,0.0,,0.0,,0.0,,,,,,,,,,,,,,,,,,,,,,0,0,74,1
2,region_02,2024-04-06,,,,,,,,,,,,,,,0.0,0.0,,,,,,,,,,,,,,,,,,,,,,,,,0.0,0.0,,,,,,,,,,,,,0.0,0.0,0.001349104544109021,0.0,0.0,0.0,0.0,0.0,0.0,0.0,0.0029660036977401365,0.0,,,0.0,0.0,0.0,0.0,0.0,0.0,0.0,0.0,0.0,0.0,0.0,0.0,0.0,0.0,0.0,0.0,0.0,0.0,0.0,0.0,0.0,0.0,0.0,0.0,0.0,0.0,0.0,0.0,0.0,0.0,0.0,0.0,0.0,0.0,0.0,0.0,0.0015369360800832268,0.0,0.0,0.0,0.0,0.0,0.0,0.0,0.0,0.0,0.0,0.0,0.0,0.0,0.0,0.0,0.0015989404016484568,0.0,0.3919595427211674,0.0,0.03834322304464874,0.0,0.0010745626423158468,0.0,0.1389467515822114,0.0,0.059920618310570675,0.0,0.021292190732700434,0.0,0.02584914275948167,0.0,0.0032155942888213926,2.0,0.016135834032736142,0.0,0.0077138009601858525,0.0,0.1385054374392005,0.0,0.0673573458288935,0.0,0.021630029529921838,0.0,0.0,,0.0014169154940948895,2.0,0.04614827101300841,0.0,0.001137609477154882,2.0,0.009061691879954453,0.0,0.01672254663260116,0.0,0.0,,0.008384275287389728,2.0,0.013980612235850256,0.0,0.008645372826971861,0.0,0.005039056729791374,0.0,0.0,,0.01566422595297568,0.0,0.0,,0.0,,0.0,,0.0,,0.0,,0.0,,0.0,,0.0,,0.0,,0.0,,0.0,,0.0,,0.0,,0.0,,,,,,,,0.0,,,,,,,,,,,,0.0,0.0,0.0,0.0,0.0,0.0,0.0,0.0,0.0,0.0,0.0,0.0,0.0,0.0,0.0,0.0,0.0,0.0,0.0,0.0,0.0,0.0,0.0,0.0,0.0,0.0,0.0,0.0,0.0,0.0,0.0,0.0,0.0,0.0,0.0,0.0,0.0,0.0,0.0028147512223637523,0.0,0.0011457517469787434,2.0,0.0,,0.0,,0.0,,0.0,,0.0,,0.0,,,,,,,,,,,,,,,,,,,,,,0,5,74,2
2,region_02,2024-04-13,,,,,,,,,,,,,,,0.0,0.0,,,,,,,,,,,,,,,,,,,,,,,,,0.0,0.0,,,,,,,,,,,,,0.0,0.0,0.002698209088218042,0.0,0.0,0.0,0.0,0.0,0.0,0.0,0.00238412523096229,0.0,,,0.0,0.0,0.0,0.0,0.0,0.0,0.0,0.0,0.0,0.0,0.0,0.0,0.0,0.0,0.0,0.0,0.0,0.0,0.0,0.0,0.0,0.0,0.0,0.0,0.0,0.0,0.0,0.0,0.0,0.0,0.0,0.0,0.0,0.0,0.0,0.0,0.0,0.0,0.0,0.0,0.0,0.0,0.0,0.0,0.0,0.0,0.0,0.0,0.0,0.0,0.0,0.0,0.0,0.0,0.3390435689482196,0.0,0.0532451644539833,0.0,0.0021491252846316936,0.0,0.14991611704744134,0.0,0.0734782516956329,0.0,0.0270588456520012,0.0,0.027721309777477637,0.0,0.006431188577642785,0.0,0.024606799008324694,0.0,0.009101978261713582,0.0,0.1476060429523731,0.0,0.05210448634521709,0.0,0.02556076844961474,0.0,0.0,,0.002833830988189779,0.0,0.050454755795413,0.0,0.002275218954309764,0.0,0.008513992370959938,0.0,0.03166462707200216,0.0,0.0,,0.016768550574779457,0.0,0.009348715623391042,0.0,0.009477390907704783,0.0,0.0018653585575520556,0.0,0.0,,0.024774399482541568,0.0,0.0,,0.0,,0.0,,0.0,,0.0,,0.0,,0.0,,0.0,,0.0,,0.0,,0.0,,0.0,,0.0,,0.0,,,,,,,,0.0,,,,,,,,,,,,0.0,0.0,0.0,0.0,0.0,0.0,0.0,0.0,0.0,0.0,0.0,0.0,0.0,0.0,0.0,0.0,0.0,0.0,0.0,0.0,0.0,0.0,0.0,0.0,0.0,0.0,0.0,0.0,0.0,0.0,0.0,0.0,0.0,0.0,0.0,0.0,0.0,0.0,0.0024692725606395146,0.0,0.0022915034939574867,0.0,0.0,,0.0,,0.0,,0.0,,0.0,,0.0,,,,,,,,,,,,,,,,,,,,,,0,0,79,3
2,region_02,2024-04-20,,,,,,,,,,,,,,,0.0,0.0,,,,,,,,,,,,,,,,,,,,,,,,,0.0,0.0,,,,,,,,,,,,,0.0,0.0,0.001349104544109021,0.0,0.0,0.0,0.0,0.0,0.0,0.0,0.001192062615481145,0.0,,,0.0,0.0,0.0,0.0,0.0,0.0,0.0,0.0,0.0,0.0,0.0,0.0,0.0,0.0,0.0,0.0,0.0,0.0,0.0,0.0,0.0,0.0,0.0,0.0,0.0,0.0,0.0,0.0,0.0,0.0,0.0,0.0,0.0,0.0,0.0,0.0,0.0,0.0,0.0,0.0,0.0,0.0,0.0,0.0,0.0,0.0,0.001942330689512563,0.0,0.0,0.0,0.0,0.0,0.0021832992910946446,0.0,0.2894046278466065,0.0,0.03488199231214819,0.0,0.0010745626423158468,0.0,0.13797359850710614,0.0,0.06500480510294433,0.0,0.018242357358252376,0.0,0.018505366320785987,0.0,0.0032155942888213926,0.0,0.018686643918044817,0.0,0.006734288421951435,0.0,0.12624539828848563,0.0,0.043233986501117094,0.0,0.03736632240398659,0.0,0.0,,0.0033938690151747177,0.0,0.1025610929298352,0.0,0.001137609477154882,0.0,0.010046776592692621,0.0,0.03207619351341868,0.0,0.0,,0.012544320823953384,0.0,0.019549830923171266,0.0,0.01743584265932436,0.0,0.00621670066673108,0.0,0.002177792380710945,2.0,0.03996188901582652,0.0,0.0,,0.0,,0.0,,0.0,,0.0,,0.0,,0.0,,0.0,,0.0,,0.0,,0.0,,0.0,,0.0,,0.0,,,,,,,,0.0,,,,,,,,,,,,0.0,0.0,0.0,0.0,0.0,0.0,0.0,0.0,0.0,0.0,0.0,0.0,0.0,0.0,0.0,0.0,0.0,0.0,0.0,0.0,0.0,0.0,0.0,0.0,0.0,0.0,0.0,0.0,0.0,0.0,0.0,0.0,0.0,0.0,0.0,0.0,0.0,0.0,0.0053165837764805966,0.0,0.007455074906858478,0.0,0.0,,0.0,,0.0,,0.0,,0.0,,0.0,,,,,,,,,,,,,,,,,,,,,,0,1,79,4
2,region_02,2024-04-27,,,,,,,,,,,,,,,0.0,0.0,,,,,,,,,,,,,,,,,,,,,,,,,0.0,0.0,,,,,,,,,,,,,0.0,0.0,0.0,0.0,0.0,0.0,0.0,0.0,0.0,0.0,0.0,0.0,,,0.0,0.0,0.0,0.0,0.0,0.0,0.0,0.0,0.0,0.0,0.0,0.0,0.0,0.0,0.0,0.0,0.0,0.0,0.0,0.0,0.0,0.0,0.0,0.0,0.0,0.0,0.0,0.0,0.0,0.0,0.0,0.0,0.0,0.0,0.0,0.0,0.0,0.0,0.0,0.0,0.0,0.0,0.0,0.0,0.0,0.0,0.003884661379025126,0.0,0.0,0.0,0.0,0.0,0.004366598582189289,0.0,0.23976568674499335,0.0,0.016518820170313076,0.0,0.0,0.0,0.12603107996677093,0.0,0.05653135851025575,0.0,0.009425869064503552,0.0,0.009289422864094335,0.0,0.0,0.0,0.012766488827764938,0.0,0.004366598582189289,0.0,0.10488475362459815,0.0,0.034363486657017106,0.0,0.049171876358358436,0.0,0.0,,0.003953907042159656,0.0,0.1546674300642574,0.0,0.0,0.0,0.011579560814425306,0.0,0.032487759954835195,0.0,0.0,,0.008320091073127311,0.0,0.02975094622295149,0.0,0.025394294410943933,0.0,0.010568042775910105,0.0,0.00435558476142189,0.0,0.05514937854911147,0.0,0.0,,0.0,,0.0,,0.0,,0.0,,0.0,,0.0,,0.0,,0.0,,0.0,,0.0,,0.0,,0.0,,0.0,,,,,,,,0.0,,,,,,,,,,,,0.0,0.0,0.0,0.0,0.0,0.0,0.0,0.0,0.0,0.0,0.0,0.0,0.0,0.0,0.0,0.0,0.0,0.0,0.0,0.0,0.0,0.0,0.0,0.0,0.0,0.0,0.0,0.0,0.0,0.0,0.0,0.0,0.0,0.0,0.0,0.0,0.0,0.0,0.00816389499232168,0.0,0.012618646319759468,0.0,0.0,,0.0,,0.0,,0.0,,0.0,,0.0,,,,,,,,,,,,,,,,,,,,,,0,0,80,5
2,region_02,2024-05-04,,,,,,,,,,,,,,,0.0,0.0,,,,,,,,,,,,,,,,,,,,,,,,,0.0,0.0,,,,,,,,,,,,,0.0,0.0,0.0,0.0,0.0,0.0,0.0,0.0,0.0,0.0,0.0,0.0,,,0.0,0.0,0.0,0.0,0.0,0.0,0.0,0.0,0.0,0.0,0.0,0.0,0.0,0.0,0.0,0.0,0.0,0.0,0.0,0.0,0.0,0.0,0.0,0.0,0.0,0.0,0.0,0.0,0.0,0.0,0.0,0.0,0.0,0.0,0.0,0.0,0.0,0.0,0.0,0.0,0.0,0.0,0.0,0.0,0.0,0.0,0.001942330689512563,0.0,0.0,0.0,0.0,0.0,0.0021832992910946446,0.0,0.20649999851634449,0.0,0.02194371154316911,0.0,0.0,0.0,0.09467092394492677,0.0,0.04701056077073394,0.0,0.012637480428849532,0.0,0.026667156151065984,0.0,0.0,0.0,0.006383244413882469,0.0,0.0021832992910946446,0.0,0.10076436266685139,0.0,0.022844406272763493,0.0,0.03658262187961922,0.0,0.0027259442773039932,2.0,0.001976953521079828,0.0,0.17086481955323818,0.0,0.0,0.0,0.029201633241230013,0.0,0.029705625482710402,0.0,0.0,,0.012367011481603818,0.0,0.019755691367669005,0.0,0.02926213054272986,0.0,0.0052840213879550525,0.0,0.0070580106369042064,0.0,0.0997761134493943,0.0,0.0,,0.0,,0.0,,0.0,,0.0,,0.0,,0.0,,0.0027259442773039932,2.0,0.0,,0.0,,0.0,,0.0,,0.0,,0.0,,,,,,,,0.0,,,,,,,,,,,,0.0,0.0,0.0,0.0,0.0,0.0,0.0,0.0,0.0,0.0,0.0,0.0,0.0,0.0,0.0,0.0,0.0,0.0,0.0,0.0,0.0,0.0,0.0,0.0,0.0,0.0,0.0,0.0,0.0,0.0,0.0,0.0,0.0,0.0,0.0,0.0,0.0,0.0,0.00408194749616084,0.0,0.011969928543916607,0.0,0.0,,0.0,,0.0,,0.0,,0.0,,0.0,,,,,,,,,,,,,,,,,,,,,,0,2,80,6
2,region_02,2024-05-11,,,,,,,,,,,,,,,0.0,0.0,,,,,,,,,,,,,,,,,,,,,,,,,0.0,0.0,,,,,,,,,,,,,0.0,0.0,0.0,0.0,0.0,0.0,0.0,0.0,0.0,0.0,0.0,0.0,,,0.0,0.0,0.0,0.0,0.0,0.0,0.0,0.0,0.0,0.0,0.0,0.0,0.0,0.0,0.0,0.0,0.0,0.0,0.0,0.0,0.0,0.0,0.0,0.0,0.0,0.0,0.0,0.0,0.0,0.0,0.0,0.0,0.0,0.0,0.0,0.0,0.0,0.0,0.0,0.0,0.0,0.0,0.0,0.0,0.0,0.0,0.0,0.0,0.0,0.0,0.0,0.0,0.0,0.0,0.17323431028769562,0.0,0.02736860291602515,0.0,0.0,0.0,0.06331076792308259,0.0,0.03748976303121213,0.0,0.015849091793195512,0.0,0.04404488943803764,0.0,0.0,0.0,0.0,0.0,0.0,0.0,0.09664397170910463,0.0,0.011325325888509881,0.0,0.023993367400879997,0.0,0.0054518885546079865,0.0,0.0,0.0,0.18706220904221899,0.0,0.0,0.0,0.046823705668034725,0.0,0.02692349101058561,0.0,0.0,,0.016413931890080325,0.0,0.009760436512386523,0.0,0.03312996667451579,0.0,0.0,0.0,0.009760436512386523,0.0,0.14440284834967715,0.0,0.0,,0.0,,0.0,,0.0,,0.0,,0.0,,0.0,,0.0054518885546079865,0.0,0.0,,0.0,,0.0,,0.0,,0.0,,0.0,,,,,,,,0.0,,,,,,,,,,,,0.0,0.0,0.0,0.0,0.0,0.0,0.0,0.0,0.0,0.0,0.0,0.0,0.0,0.0,0.0,0.0,0.0,0.0,0.0,0.0,0.0,0.0,0.0,0.0,0.0,0.0,0.0,0.0,0.0,0.0,0.0,0.0,0.0,0.0,0.0,0.0,0.0,0.0,0.0,0.0,0.011321210768073745,0.0,0.0,,0.0,,0.0,,0.0,,0.0,,0.0,,,,,,,,,,,,,,,,,,,,,,0,0,82,7
2,region_02,2024-05-18,,,,,,,,,,,,,,,0.0,0.0,,,,,,,,,,,,,,,,,,,,,,,,,0.0,0.0,,,,,,,,,,,,,0.0,0.0,0.0,0.0,0.0,0.0,0.0,0.0,0.0,0.0,0.0,0.0,,,0.0,0.0,0.0,0.0,0.0,0.0,0.0,0.0,0.0,0.0,0.0,0.0,0.0,0.0,0.0,0.0,0.0,0.0,0.0,0.0,0.0,0.0,0.0,0.0,0.0,0.0,0.0,0.0,0.0,0.0,0.0,0.0,0.0,0.0,0.0,0.0,0.0,0.0,0.0,0.0,0.0,0.0,0.0,0.0,0.0,0.0,0.0020207234550840324,0.0,0.0,0.0,0.0,0.0,0.0,0.0,0.1564677933287062,0.0,0.030085202593069762,0.0,0.0,0.0,0.04352239102309381,0.0,0.024975578766316127,0.0,0.025304736909814707,0.0,0.043076155671419966,0.0,0.0008507562720646422,0.0,0.0019222254277733088,0.0,0.0,0.0,0.07813841949861779,0.0,0.009905463021893286,0.0,0.06787140893105126,0.0,0.010028560068863192,0.0,0.0018763710249913605,0.0,0.1549678642589312,0.0,0.0037380674621090046,0.0,0.0440538175390574,0.0,0.05031024788219764,0.0,0.0,,0.010068435155165645,0.0,0.006803575499454845,0.0,0.03188904102605118,0.0,0.0,0.0,0.006900941711277294,0.0,0.16791885543582782,0.0,0.0,,0.0,,0.0,,0.0,,0.0,,0.0,,0.0,,0.010339205585204125,0.0,0.0,,0.0,,0.0,,0.0,,0.0,,0.0,,,,,,,,0.0,,,,,,,,,,,,0.0,0.0,0.0,0.0,0.0,0.0,0.0,0.0,0.0,0.0,0.0,0.0,0.0,0.0,0.0,0.0,0.0,0.0,0.0,0.0,0.0,0.0,0.0,0.0,0.0,0.0,0.0,0.0,0.0,0.0,0.0,0.0,0.0,0.0,0.0,0.0,0.0,0.0,0.005804836642570194,0.0,0.009631713386625003,0.0,0.0,,0.0,,0.0,,0.0,,0.0,,0.0,,,,,,,,,,,,,,,,,,,,,,0,0,82,8
2,region_02,2024-05-25,,,,,,,,,,,,,,,0.0,0.0,,,,,,,,,,,,,,,,,,,,,,,,,0.0,0.0,,,,,,,,,,,,,0.0,0.0,0.0,0.0,0.0,0.0,0.0,0.0,0.0,0.0,0.0,0.0,,,0.0,0.0,0.0,0.0,0.0,0.0,0.0,0.0,0.0,0.0,0.0,0.0,0.0,0.0,0.0,0.0,0.0,0.0,0.0,0.0,0.0,0.0,0.0,0.0,0.0,0.0,0.0,0.0,0.0,0.0,0.0,0.0,0.0,0.0,0.0,0.0,0.0,0.0,0.0,0.0,0.0,0.0,0.0,0.0,0.0,0.0,0.004041446910168065,0.0,0.0,0.0,0.0,0.0,0.0,0.0,0.13970127636971677,0.0,0.03280180227011437,0.0,0.0,0.0,0.02373401412310503,0.0,0.012461394501420123,0.0,0.0347603820264339,0.0,0.04210742190480229,0.0,0.0017015125441292845,0.0,0.0038444508555466176,0.0,0.0,0.0,0.05963286728813095,0.0,0.008485600155276692,0.0,0.11174945046122252,0.0,0.014605231583118397,0.0,0.003752742049982721,0.0,0.1228735194756434,0.0,0.007476134924218009,0.0,0.04128392941008007,0.0,0.07369700475380966,0.0,0.0,,0.003722938420250964,0.0,0.0038467144865231666,0.0,0.03064811537758658,0.0,0.0,0.0,0.004041446910168065,0.0,0.1914348625219785,0.0,0.0,,0.0,,0.0,,0.0,,0.0,,0.0,,0.0,,0.015226522615800262,0.0,0.0,,0.0,,0.0,,0.0,,0.0,,0.0,,,,,,,,0.0,,,,,,,,,,,,0.0,0.0,0.0,0.0,0.0,0.0,0.0,0.0,0.0,0.0,0.0,0.0,0.0,0.0,0.0,0.0,0.0,0.0,0.0,0.0,0.0,0.0,0.0,0.0,0.0,0.0,0.0,0.0,0.0,0.0,0.0,0.0,0.0,0.0,0.0,0.0,0.0,0.0,0.011609673285140388,0.0,0.007942216005176262,0.0,0.0,,0.0,,0.0,,0.0,,0.0,,0.0,,,,,,,,,,,,,,,,,,,,,,0,0,82,9
2,region_02,2024-06-01,,,,,,,,,,,,,,,0.0,0.0,,,,,,,,,,,,,,,,,,,,,,,,,0.0,0.0,,,,,,,,,,,,,0.0,0.0,0.0,0.0,0.0,0.0,0.0,0.0,0.0,0.0,0.0,0.0,,,0.0,0.0,0.0,0.0,0.0,0.0,0.0,0.0,0.0,0.0,0.0,0.0,0.0,0.0,0.0,0.0,0.0,0.0,0.0,0.0,0.0,0.0,0.0,0.0,0.0,0.0,0.0,0.0,0.0,0.0,0.0,0.0,0.0,0.0,0.0,0.0,0.0,0.0,0.0,0.0,0.0,0.0,0.0,0.0,0.0,0.0,0.0020207234550840324,0.0,0.0,0.0,0.0,0.0,0.0,0.0,0.1015814713377883,0.0,0.022829069569706872,0.0,0.0,0.0,0.015960228617947783,0.0,0.012150568171189334,0.0,0.028912016674876168,0.0,0.03219559663906689,0.0,0.0008507562720646422,0.0,0.004774840342004724,0.0,0.0,0.0,0.05307938397503812,0.0,0.004242800077638346,0.0,0.0804264820596346,0.0,0.01039460105433435,0.0,0.0018763710249913605,0.0,0.1608720787442647,0.0,0.0037380674621090046,0.0,0.0579783765909572,0.0,0.11672337702833685,0.0,0.009259897381222472,1.0,0.009136223741806998,0.0,0.0026833655730322333,0.0,0.01850559064545306,0.0,0.0,0.0,0.0020207234550840324,0.0,0.21244136001055053,0.0,0.0,,0.00885727043108391,2.0,0.0,,0.0,,0.0,,0.0,,0.0,,0.022358756609416216,0.0,0.0,,0.0,,0.0,,0.0,,0.0,,0.0,,,,,,,,0.0,,,,,,,,,,,,0.0,0.0,0.0,0.0,0.0,0.0,0.0,0.0,0.0,0.0,0.0,0.0,0.0,0.0,0.0,0.0,0.0,0.0,0.0,0.0,0.0,0.0,0.0,0.0,0.0,0.0,0.0,0.0,0.0,0.0,0.0,0.0,0.0,0.0,0.0,0.0,0.0,0.0,0.005804836642570194,0.0,0.00987595492430648,0.0,0.0,,0.0,,0.0,,0.0,,0.0,,0.0,,,,,,,,,,,,,,,,,,,,,,1,1,82,0
2,region_02,2024-06-08,,,,,,,,,,,,,,,0.0,0.0,,,,,,,,,,,,,,,,,,,,,,,,,0.0,0.0,,,,,,,,,,,,,0.0,0.0,0.0,0.0,0.0,0.0,0.0,0.0,0.0,0.0,0.0,0.0,,,0.0,0.0,0.0,0.0,0.0,0.0,0.0,0.0,0.0,0.0,0.0,0.0,0.0,0.0,0.0,0.0,0.0,0.0,0.0,0.0,0.0,0.0,0.0,0.0,0.0,0.0,0.0,0.0,0.0,0.0,0.0,0.0,0.0,0.0,0.0,0.0,0.0,0.0,0.0,0.0,0.0,0.0,0.0,0.0,0.0,0.0,0.0,0.0,0.0,0.0,0.0,0.0,0.0,0.0,0.06346166630585984,0.0,0.012856336869299368,0.0,0.0,0.0,0.008186443112790532,0.0,0.011839741840958545,0.0,0.02306365132331843,0.0,0.0222837713733315,0.0,0.0,0.0,0.00570522982846283,0.0,0.0,0.0,0.04652590066194529,0.0,0.0,0.0,0.04910351365804668,0.0,0.006183970525550301,0.0,0.0,0.0,0.19887063801288601,0.0,0.0,0.0,0.07467282377183433,0.0,0.15974974930286404,0.0,0.018519794762444943,0.0,0.014549509063363032,0.0,0.0015200166595413,0.0,0.00636306591331954,0.0,0.0,0.0,0.0,0.0,0.23344785749912259,0.0,0.0,,0.01771454086216782,0.0,0.0,,0.0,,0.0,,0.0,,0.0,,0.02949099060303217,0.0,0.0,,0.0,,0.0,,0.0,,0.0,,0.0,,,,,,,,0.0,,,,,,,,,,,,0.0,0.0,0.0,0.0,0.0,0.0,0.0,0.0,0.0,0.0,0.0,0.0,0.0,0.0,0.0,0.0,0.0,0.0,0.0,0.0,0.0,0.0,0.0,0.0,0.0,0.0,0.0,0.0,0.0,0.0,0.0,0.0,0.0,0.0,0.0,0.0,0.0,0.0,0.0,0.0,0.011809693843436697,0.0,0.0,,0.0,,0.0,,0.0,,0.0,,0.0,,,,,,,,,,,,,,,,,,,,,,0,0,84,1
2,region_02,2024-06-15,,,,,,,,,,,,,,,0.0,0.0,,,,,,,,,,,,,,,,,,,,,,,,,0.0,0.0,,,,,,,,,,,,,0.0,0.0,0.0,0.0,0.0,0.0,0.0,0.0,0.0,0.0,0.0,0.0,,,0.0,0.0,0.0,0.0,0.0,0.0,0.0,0.0,0.0,0.0,0.0,0.0,0.0,0.0,0.0,0.0,0.0,0.0,0.0,0.0,0.0,0.0,0.0,0.0,0.0,0.0,0.0,0.0,0.0,0.0,0.0,0.0,0.0,0.0,0.0,0.0,0.0,0.0,0.0,0.0,0.0,0.0,0.0,0.0,0.0,0.0,0.0,0.0,0.0,0.0,0.0,0.0,0.0,0.0,0.055706835851289174,0.0,0.01733927596360441,0.0,0.0,0.0,0.0051822196161567975,0.0,0.011379162339532385,0.0,0.028702776513021874,0.0,0.023201724001647557,0.0,0.0,0.0,0.002852614914231415,0.0,0.0007902610789945396,0.0,0.02713058009122804,0.0,0.0,0.0,0.04859832818741379,0.0,0.018384678718681144,0.0,0.0,0.0,0.15309186629627058,0.0,0.002381237848153823,0.0,0.09291956253835684,0.0,0.1556029613251271,0.0,0.0239341762887003,0.0,0.011398661893326747,0.0,0.0019656909775731873,0.0,0.01134644435061247,0.0,0.0,0.0,0.0024062595718229627,0.0,0.25692182842804034,0.0,0.0,,0.015637261424368824,0.0,0.0,,0.0,,0.0,,0.0,,0.0,,0.03764372559827815,0.0,0.0,,0.0,,0.0,,0.0,,0.0,,0.0,,,,,,,,0.0,,,,,,,,,,,,0.0,0.0,0.0,0.0,0.0,0.0,0.0,0.0,0.0,0.0,0.0,0.0,0.0,0.0,0.0,0.0,0.0,0.0,0.0,0.0,0.0,0.0,0.0,0.0,0.0,0.0,0.0,0.0,0.0,0.0,0.0,0.0,0.0,0.0,0.0,0.0,0.0,0.0,0.0,0.0,0.007749772077659098,0.0,0.0,,0.0,,0.0,,0.0,,0.0,,0.0,,,,,,,,,,,,,,,,,,,,,,0,0,84,2
2,region_02,2024-06-22,,,,,,,,,,,,,,,0.0,0.0,,,,,,,,,,,,,,,,,,,,,,,,,0.0,0.0,,,,,,,,,,,,,0.0,0.0,0.0,0.0,0.0,0.0,0.0,0.0,0.0,0.0,0.0,0.0,,,0.0,0.0,0.0,0.0,0.0,0.0,0.0,0.0,0.0,0.0,0.0,0.0,0.0,0.0,0.0,0.0,0.0,0.0,0.0,0.0,0.0,0.0,0.0,0.0,0.0,0.0,0.0,0.0,0.0,0.0,0.0,0.0,0.0,0.0,0.0,0.0,0.0,0.0,0.0,0.0,0.0,0.0,0.0,0.0,0.0,0.0,0.0,0.0,0.0,0.0,0.0,0.0,0.0,0.0,0.04795200539671852,0.0,0.02182221505790945,0.0,0.0,0.0,0.0021779961195230626,0.0,0.010918582838106225,0.0,0.034341901702725317,0.0,0.024119676629963616,0.0,0.0,0.0,0.0,0.0,0.0015805221579890793,0.0,0.007735259520510788,0.0,0.0,0.0,0.048093142716780904,0.0,0.030585386911811986,0.0,0.0,0.0,0.10731309457965515,0.0,0.004762475696307646,0.0,0.11116630130487935,0.0,0.15145617334739017,0.0,0.02934855781495566,0.0,0.008247814723290463,0.0,0.002411365295605075,0.0,0.0163298227879054,0.0,0.0,0.0,0.004812519143645925,0.0,0.2803957993569581,0.0,0.0,,0.013559981986569825,0.0,0.0,,0.0,,0.0,,0.0,,0.0,,0.04579646059352414,0.0,0.0,,0.0,,0.0,,0.0,,0.0,,0.0,,,,,,,,0.0,,,,,,,,,,,,0.0,0.0,0.0,0.0,0.0,0.0,0.0,0.0,0.0,0.0,0.0,0.0,0.0,0.0,0.0,0.0,0.0,0.0,0.0,0.0,0.0,0.0,0.0,0.0,0.0,0.0,0.0,0.0,0.0,0.0,0.0,0.0,0.0,0.0,0.0,0.0,0.0,0.0,0.0,0.0,0.0036898503118815,0.0,0.0,,0.0,,0.0,,0.0,,0.0,,0.0,,,,,,,,,,,,,,,,,,,,,,0,0,84,3
2,region_02,2024-06-29,,,,,,,,,,,,,,,0.0,0.0,,,,,,,,,,,,,,,,,,,,,,,,,0.0,0.0,,,,,,,,,,,,,0.0,0.0,0.0,0.0,0.0,0.0,0.0,0.0,0.0,0.0,0.0,0.0,,,0.0,0.0,0.0,0.0,0.0,0.0,0.0,0.0,0.0,0.0,0.0,0.0,0.0,0.0,0.0005061800951476569,0.0,0.0,0.0,0.0,0.0,0.0,0.0,0.0,0.0,0.0,0.0,0.0,0.0,0.0,0.0,0.0,0.0,0.0,0.0,0.0,0.0,0.0,0.0,0.0,0.0,0.0,0.0,0.0,0.0,0.0,0.0,0.0,0.0,0.0,0.0,0.0,0.0,0.0,0.0,0.045872340383736936,0.0,0.01577723715656797,0.0,0.0,0.0,0.0022886164921488966,0.0,0.0081972598502719,0.0,0.03767590046576827,0.0,0.03227742114136293,0.0,0.0009644033315662885,0.0,0.0,0.0,0.001481561874336432,0.0,0.005982624090182133,0.0,0.0012900507857050957,0.0,0.044436610344311414,0.0,0.022627464799291362,0.0,0.0007052817143795977,0.0,0.10422540569434992,0.0,0.002381237848153823,0.0,0.11528697642295252,0.0,0.14839928500030347,0.0,0.050161854444962434,0.0,0.007515924443672973,0.0,0.0012056826478025375,0.0,0.020143870323400433,0.0,0.0,0.0,0.0049301269573860974,0.0,0.2722653344921443,0.0,0.002140537796852464,2.0,0.008508451509903535,0.0,0.0,,0.0,,0.0,,0.0,,0.0,,0.04342605918645853,0.0,0.0,,0.0,,0.0,,0.0,,0.0,,0.0,,,,,,,,0.0,,,,,,,,,,,,0.0,0.0,0.0,0.0,0.0,0.0,0.0,0.0,0.0,0.0,0.0,0.0,0.0,0.0,0.0,0.0,0.0,0.0,0.0,0.0,0.0,0.0,0.0,0.0,0.0,0.0,0.0,0.0,0.0,0.0,0.0,0.0,0.0,0.0,0.0,0.0,0.0,0.0,0.0,0.0,0.0023478884236066144,0.0,0.0,,0.0,,0.0,,0.0,,0.0,,0.0,,,,,,,,,,,,,,,,,,,,,,0,1,84,4
2,region_02,2024-07-06,,,,,,,,,,,,,,,0.0,0.0,,,,,,,,,,,,,,,,,,,,,,,,,0.0,0.0,,,,,,,,,,,,,0.0,0.0,0.0,0.0,0.0,0.0,0.0,0.0,0.0,0.0,0.0,0.0,,,0.0,0.0,0.0,0.0,0.0,0.0,0.0,0.0,0.0,0.0,0.0,0.0,0.0,0.0,0.0010123601902953137,0.0,0.0,0.0,0.0,0.0,0.0,0.0,0.0,0.0,0.0,0.0,0.0,0.0,0.0,0.0,0.0,0.0,0.0,0.0,0.0,0.0,0.0,0.0,0.0,0.0,0.0,0.0,0.0,0.0,0.0,0.0,0.0,0.0,0.0,0.0,0.0,0.0,0.0,0.0,0.04379267537075535,0.0,0.009732259255226491,0.0,0.0,0.0,0.0023992368647747305,0.0,0.005475936862437574,0.0,0.041009899228811215,0.0,0.04043516565276224,0.0,0.001928806663132577,0.0,0.0,0.0,0.0013826015906837847,0.0,0.004229988659853479,0.0,0.0025801015714101913,0.0,0.04078007797184193,0.0,0.014669542686770736,0.0,0.0014105634287591953,0.0,0.10113771680904468,0.0,0.0,0.0,0.1194076515410257,0.0,0.14534239665321677,0.0,0.0709751510749692,0.0,0.006784034164055482,0.0,0.0,0.0,0.02395791785889546,0.0,0.0,0.0,0.0050477347711262695,0.0,0.26413486962733057,0.0,0.004281075593704928,0.0,0.0034569210332372436,0.0,0.0,,0.0,,0.0,,0.0,,0.0,,0.04105565777939293,0.0,0.0,,0.0,,0.0,,0.0,,0.0,,0.0,,,,,,,,0.0,,,,,,,,,,,,0.0,0.0,0.0,0.0,0.0,0.0,0.0,0.0,0.0,0.0,0.0,0.0,0.0,0.0,0.0,0.0,0.0,0.0,0.0,0.0,0.0,0.0,0.0,0.0,0.0,0.0,0.0,0.0,0.0,0.0,0.0,0.0,0.0,0.0,0.0,0.0,0.0,0.0,0.0,0.0,0.0010059265353317287,0.0,0.0,,0.0,,0.0,,0.0,,0.0,,0.0,,,,,,,,,,,,,,,,,,,,,,0,0,85,5
2,region_02,2024-07-13,,,,,,,,,,,,,,,0.0,0.0,,,,,,,,,,,,,,,,,,,,,,,,,0.0,0.0,,,,,,,,,,,,,0.0,0.0,0.0,0.0,0.0,0.0,0.0,0.0,0.0,0.0,0.0,0.0,,,0.0,0.0,0.0,0.0,0.0,0.0,0.0,0.0,0.0,0.0,0.0,0.0,0.0,0.0,0.0005061800951476569,0.0,0.0,0.0,0.0,0.0,0.0,0.0,0.0,0.0,0.0,0.0,0.0,0.0,0.0,0.0,0.0,0.0,0.0,0.0,0.0,0.0,0.0,0.0,0.0,0.0,0.0,0.0,0.0,0.0,0.0,0.0,0.0,0.0,0.0,0.0,0.0,0.0,0.0,0.0,0.034370011160437246,0.0,0.009112169695079369,0.0,0.0,0.0,0.0011996184323873652,0.0,0.0035942836853043733,0.0,0.029809303581714557,0.0,0.030326012383940268,0.0,0.003758976683736946,0.0,0.0,0.0,0.0006913007953418923,0.0,0.0051016744217934305,0.0,0.0012900507857050957,0.0,0.03517413957839599,0.0,0.02214077977544583,0.0,0.0014737040645823498,0.0,0.08277260214679322,0.0,0.001318220408971984,0.0,0.14671156746832276,0.0,0.15204558313894173,0.0,0.10918071891067052,0.0,0.007001611632350116,0.0,0.0,0.0,0.02013397285086433,0.0,0.0,0.0,0.00461051017648753,0.0,0.2527152269254088,0.0,0.0033312951628532168,0.0,0.00467831889726953,0.0,0.0,,0.0,,0.0,,0.0,,0.0,,0.0359595117652457,0.0,0.0,,0.0,,0.0,,0.0,,0.0,,0.0,,,,,,,,0.0,,,,,,,,,,,,0.0,0.0,0.0,0.0,0.0,0.0,0.0,0.0,0.0,0.0,0.0,0.0,0.0,0.0,0.0,0.0,0.0,0.0,0.0,0.0,0.0,0.0,0.0,0.0,0.0,0.0,0.0,0.0,0.0,0.0,0.0,0.0,0.0,0.0,0.0,0.0,0.0,0.0,0.0,0.0,0.0012713856178686164,0.0,0.0,,0.0,,0.0,,0.0,,0.0,,0.0,,,,,,,,,,,,,,,,,,,,,,0,0,85,6
2,region_02,2024-07-20,,,,,,,,,,,,,,,0.0,0.0,,,,,,,,,,,,,,,,,,,,,,,,,0.0,0.0,,,,,,,,,,,,,0.0,0.0,0.0,0.0,0.0,0.0,0.0,0.0,0.0,0.0,0.0,0.0,,,0.0,0.0,0.0,0.0,0.0,0.0,0.0,0.0,0.0,0.0,0.0,0.0,0.0,0.0,0.0,0.0,0.0,0.0,0.0,0.0,0.0,0.0,0.0,0.0,0.0,0.0,0.0,0.0,0.0,0.0,0.0,0.0,0.0,0.0,0.0,0.0,0.0,0.0,0.0,0.0,0.0,0.0,0.0,0.0,0.0,0.0,0.0,0.0,0.0,0.0,0.0,0.0,0.0,0.0,0.024947346950119135,0.0,0.008492080134932245,0.0,0.0,0.0,0.0,0.0,0.0017126305081711728,0.0,0.0186087079346179,0.0,0.02021685911511829,0.0,0.005589146704341315,0.0,0.0,0.0,0.0,0.0,0.005973360183733381,0.0,0.0,0.0,0.02956820118495005,0.0,0.02961201686412092,0.0,0.0015368447004055043,0.0,0.06440748748454175,0.0,0.002636440817943968,0.0,0.17401548339561979,0.0,0.1587487696246667,0.0,0.14738628674637183,0.0,0.0072191891006447495,0.0,0.0,0.0,0.016310027842833197,0.0,0.0,0.0,0.004173285581848791,0.0,0.24129558422348713,0.0,0.0023815147320015054,0.0,0.005899716761301818,0.0,0.0,,0.0,,0.0,,0.0,,0.0,,0.03086336575109847,0.0,0.0,,0.0,,0.0,,0.0,,0.0,,0.0,,,,,,,,0.0,,,,,,,,,,,,0.0,0.0,0.0,0.0,0.0,0.0,0.0,0.0,0.0,0.0,0.0,0.0,0.0,0.0,0.0,0.0,0.0,0.0,0.0,0.0,0.0,0.0,0.0,0.0,0.0,0.0,0.0,0.0,0.0,0.0,0.0,0.0,0.0,0.0,0.0,0.0,0.0,0.0,0.0,0.0,0.0015368447004055043,0.0,0.0,,0.0,,0.0,,0.0,,0.0,,0.0,,,,,,,,,,,,,,,,,,,,,,0,0,85,7
2,region_02,2024-07-27,,,,,,,,,,,,,,,0.0,0.0,,,,,,,,,,,,,,,,,,,,,,,,,0.0,0.0,,,,,,,,,,,,,0.0,0.0,0.0,0.0,0.0,0.0,0.0,0.0,0.0,0.0,0.0,0.0,,,0.0,0.0,0.0,0.0,0.0,0.0,0.0,0.0,0.0,0.0,0.0,0.0,0.0,0.0,0.0,0.0,0.0,0.0,0.0,0.0,0.0,0.0,0.0,0.0,0.0,0.0,0.0,0.0,0.0,0.0,0.0,0.0,0.0,0.0,0.0,0.0,0.0,0.0,0.0,0.0,0.0,0.0,0.0,0.0,0.0,0.0,0.0,0.0,0.0,0.0,0.0,0.0,0.0,0.0,0.021271143245684063,0.0,0.007871261495971817,0.0,0.0,0.0,0.0,0.0,0.0011563932374965952,0.0,0.01799140471432882,0.0,0.0158201157562918,0.0,0.003709117752105815,0.0,0.0,0.0,0.0,0.0,0.004766637056731282,0.0,0.0,0.0,0.025488996120508374,0.0,0.027049777474963906,0.0,0.0013660836447779736,0.0,0.07046123298925235,0.0,0.004374627616595085,0.0,0.17745506145801893,0.0,0.13516446465860193,0.0,0.16581804792344307,0.0,0.005801941627975163,0.0,0.0,0.0,0.014513018916993962,0.0,0.0,0.0,0.0024377439814635385,0.0,0.25096203154557706,0.0,0.0030600338488713276,0.0,0.005427934880493352,0.0,0.0,,0.0,,0.0,,0.0,,0.0,,0.03369819096519378,0.0,0.0,,0.0031023833823079637,2.0,0.0,,0.0,,0.0,,0.0,,,,,,,,0.0,,,,,,,,,,,,0.0,0.0,0.0,0.0,0.0,0.0,0.0,0.0,0.0,0.0,0.0,0.0,0.0,0.0,0.0,0.0,0.0,0.0,0.0,0.0,0.0,0.0,0.0,0.0,0.0,0.0,0.0,0.0,0.0,0.0,0.0,0.0,0.0,0.0,0.0,0.0,0.0,0.0,0.0,0.0,0.0007684223502027522,0.0,0.0,,0.0,,0.0,,0.0,,0.0,,0.0,,,,,,,,,,,,,,,,,,,,,,0,1,85,8
2,region_02,2024-08-03,,,,,,,,,,,,,,,0.0,0.0,,,,,,,,,,,,,,,,,,,,,,,,,0.0,0.0,,,,,,,,,,,,,0.0,0.0,0.0,0.0,0.0,0.0,0.0,0.0,0.0,0.0,0.0,0.0,,,0.0,0.0,0.0,0.0,0.0,0.0,0.0,0.0,0.0,0.0,0.0,0.0,0.0,0.0,0.0,0.0,0.0,0.0,0.0,0.0,0.0,0.0,0.0,0.0,0.0,0.0,0.0,0.0,0.0,0.0,0.0,0.0,0.0,0.0,0.0,0.0,0.0,0.0,0.0,0.0,0.0,0.0,0.0,0.0,0.0,0.0,0.0,0.0,0.0,0.0,0.0,0.0,0.0,0.0,0.017594939541248994,0.0,0.0072504428570113865,0.0,0.0,0.0,0.0,0.0,0.0006001559668220176,0.0,0.017374101494039743,0.0,0.01142337239746531,0.0,0.0018290887998703154,0.0,0.0,0.0,0.0,0.0,0.0035599139297291813,0.0,0.0,0.0,0.021409791056066697,0.0,0.02448753808580689,0.0,0.0011953225891504428,0.0,0.07651497849396294,0.0,0.0061128144152462005,0.0,0.18089463952041804,0.0,0.11158015969253718,0.0,0.18424980910051433,0.0,0.004384694155305576,0.0,0.0,0.0,0.012716009991154728,0.0,0.0,0.0,0.0007022023810782858,0.0,0.26062847886766705,0.0,0.00373855296574115,0.0,0.004956152999684886,0.0,0.0,,0.0,,0.0,,0.0,,0.0,,0.03653301617928909,0.0,0.0,,0.0062047667646159274,0.0,0.0,,0.0,,0.0,,0.0,,,,,,,,0.0,,,,,,,,,,,,0.0,0.0,0.0,0.0,0.0,0.0,0.0,0.0,0.0,0.0,0.0,0.0,0.0,0.0,0.0,0.0,0.0,0.0,0.0,0.0,0.0,0.0,0.0,0.0,0.0,0.0,0.0,0.0,0.0,0.0,0.0,0.0,0.0,0.0,0.0,0.0,0.0,0.0,0.0,0.0,0.0,0.0,0.0,,0.0,,0.0,,0.0,,0.0,,0.0,,,,,,,,,,,,,,,,,,,,,,0,0,86,9
2,region_02,2024-08-10,,,,,,,,,,,,,,,0.0,0.0,,,,,,,,,,,,,,,,,,,,,,,,,0.0,0.0,,,,,,,,,,,,,0.0,0.0,0.0,0.0,0.0,0.0,0.0,0.0,0.0,0.0,0.0,0.0,,,0.0,0.0,0.0,0.0,0.0,0.0,0.0,0.0,0.0,0.0,0.0,0.0,0.0,0.0,0.0,0.0,0.0,0.0,0.0,0.0,0.0,0.0,0.0,0.0,0.0,0.0,0.0,0.0,0.0,0.0,0.0,0.0,0.0,0.0,0.0,0.0,0.0,0.0,0.0,0.0,0.0,0.0,0.0,0.0,0.0,0.0,0.0,0.0,0.0,0.0,0.0,0.0,0.0,0.0,0.017694435769780713,0.0,0.010914967273406267,0.0,0.0,0.0,0.0,0.0,0.0011706659890478063,0.0,0.018391336048287948,0.0,0.01360710033415146,0.0,0.0023452807799912503,0.0,0.0,0.0,0.0,0.0,0.0035490908374499405,0.0,0.0,0.0,0.021061522932723117,0.0,0.024969081259110806,0.0,0.0005976612945752214,0.0,0.07076889750148566,0.0,0.006018228159518863,0.0,0.15959457801211446,0.0,0.107688840194827,0.0,0.2361520117592244,0.0,0.004074897797545363,0.0,0.0,0.0,0.011318564560219941,0.0,0.0,0.0,0.001777652984241068,0.0,0.23215753579778328,0.0,0.005600435510536408,0.0,0.004872640588742066,0.0,0.0,,0.0,,0.0,,0.0,,0.0,,0.034816523747784704,0.0,0.0,,0.004208888877959253,0.0,0.0003920951141760654,2.0,0.0025160213430913307,2.0,0.0,,0.0,,,,,,,,0.0,,,,,,,,,,,,0.0,0.0,0.0,0.0,0.0,0.0,0.0,0.0,0.0,0.0,0.0,0.0,0.0,0.0,0.0,0.0,0.0,0.0,0.0,0.0,0.0,0.0,0.0,0.0,0.0,0.0,0.0,0.0,0.0,0.0,0.0,0.0,0.0,0.0,0.0,0.0,0.0,0.0,0.0,0.0,0.0013162897608708325,0.0,0.001343397785125179,1.0,0.0,,0.0,,0.0,,0.0,,0.0,,,,,,,,,,,,,,,,,,,,,,1,2,86,0
2,region_02,2024-08-17,,,,,,,,,,,,,,,0.0,0.0,,,,,,,,,,,,,,,,,,,,,,,,,0.0,0.0,,,,,,,,,,,,,0.0,0.0,0.0,0.0,0.0,0.0,0.0,0.0,0.0,0.0,0.0,0.0,,,0.0,0.0,0.0,0.0,0.0,0.0,0.0,0.0,0.0,0.0,0.0,0.0,0.0,0.0,0.0,0.0,0.0,0.0,0.0,0.0,0.0,0.0,0.0,0.0,0.0,0.0,0.0,0.0,0.0,0.0,0.0,0.0,0.0,0.0,0.0,0.0,0.0,0.0,0.0,0.0,0.0,0.0,0.0,0.0,0.0,0.0,0.0,0.0,0.0,0.0,0.0,0.0,0.0,0.0,0.017793931998312435,0.0,0.01457949168980115,0.0,0.0,0.0,0.0,0.0,0.001741176011273595,0.0,0.019408570602536153,0.0,0.01579082827083761,0.0,0.002861472760112185,0.0,0.0,0.0,0.0,0.0,0.0035382677451706998,0.0,0.0,0.0,0.020713254809379536,0.0,0.02545062443241472,0.0,0.0,0.0,0.06502281650900836,0.0,0.0059236419037915254,0.0,0.13829451650381086,0.0,0.10379752069711683,0.0,0.28805421441793444,0.0,0.00376510143978515,0.0,0.0,0.0,0.009921119129285155,0.0,0.0,0.0,0.00285310358740385,0.0,0.20368659272789952,0.0,0.007462318055331667,0.0,0.004789128177799245,0.0,0.0,,0.0,,0.0,,0.0,,0.0,,0.033100031316280316,0.0,0.0,,0.002213010991302578,0.0,0.0007841902283521308,0.0,0.0050320426861826615,0.0,0.0,,0.0,,,,,,,,0.0,,,,,,,,,,,,0.0,0.0,0.0,0.0,0.0,0.0,0.0,0.0,0.0,0.0,0.0,0.0,0.0,0.0,0.0,0.0,0.0,0.0,0.0,0.0,0.0,0.0,0.0,0.0,0.0,0.0,0.0,0.0,0.0,0.0,0.0,0.0,0.0,0.0,0.0,0.0,0.0,0.0,0.0,0.0,0.002632579521741665,0.0,0.002686795570250358,0.0,0.0,,0.0,,0.0,,0.0,,0.0,,,,,,,,,,,,,,,,,,,,,,0,0,89,1
2,region_02,2024-08-24,,,,,,,,,,,,,,,0.0,0.0,,,,,,,,,,,,,,,,,,,,,,,,,0.0,0.0,,,,,,,,,,,,,0.0,0.0,0.0,0.0,0.0,0.0,0.0,0.0,0.0,0.0,0.0,0.0,,,0.0,0.0,0.0,0.0,0.0,0.0,0.0,0.0,0.0,0.0,0.0,0.0,0.0,0.0,0.0,0.0,0.0,0.0,0.0,0.0,0.0,0.0,0.0,0.0,0.0,0.0,0.0,0.0,0.0,0.0,0.0,0.0,0.0,0.0,0.0,0.0,0.0,0.0,0.0,0.0,0.0,0.0,0.0,0.0,0.0,0.0,0.0,0.0,0.0,0.0,0.0,0.0,0.0,0.0,0.016788439163447952,0.0,0.008412205804090299,0.0,0.0,0.0,0.0,0.0,0.0008705880056367975,0.0,0.013175936991740952,0.0,0.015547139796820465,0.0,0.004483176189331431,0.0,0.0,0.0,0.0,0.0,0.0017691338725853499,0.0,0.0,0.0,0.018963854808948487,0.0,0.023866815543978574,0.0,0.00037475195590796844,0.0,0.06301746464481475,0.0,0.006629309241696654,0.0,0.13179305591865587,0.0,0.0817090947573122,0.0,0.3408484995757279,0.0,0.003930143187569983,0.0,0.0,0.0,0.01415194096656413,0.0,0.0,0.0,0.0031812792656158435,0.0,0.18670049746961964,0.0,0.006920040003023992,0.0,0.005481709340758768,0.0,0.00043281434253520355,2.0,0.0,,0.0,,0.0,,0.0,,0.03025184983485618,0.0,0.0,,0.004325557739422092,0.0,0.0003920951141760654,0.0,0.0046032466657029425,0.0,0.0,,0.0,,,,,,,,0.0,,,,,,,,,,,,0.0,0.0,0.0,0.0,0.0,0.0,0.0,0.0,0.0,0.0,0.0,0.0,0.0,0.0,0.0,0.0,0.0004100264678096237,0.0,0.0,0.0,0.0,0.0,0.0,0.0,0.0,0.0,0.0,0.0,0.0,0.0,0.0,0.0,0.0,0.0,0.0,0.0,0.0,0.0,0.0,0.0,0.0023461985067880532,0.0,0.00554811010308755,0.0,0.0,,0.0,,0.00142665287712586,2.0,0.0,,0.0,,,,,,,,,,,,,,,,,,,,,,0,2,89,2
2,region_02,2024-08-31,,,,,,,,,,,,,,,0.0,0.0,,,,,,,,,,,,,,,,,,,,,,,,,0.0,0.0,,,,,,,,,,,,,0.0,0.0,0.0,0.0,0.0,0.0,0.0,0.0,0.0,0.0,0.0,0.0,,,0.0,0.0,0.0,0.0,0.0,0.0,0.0,0.0,0.0,0.0,0.0,0.0,0.0,0.0,0.0,0.0,0.0,0.0,0.0,0.0,0.0,0.0,0.0,0.0,0.0,0.0,0.0,0.0,0.0,0.0,0.0,0.0,0.0,0.0,0.0,0.0,0.0,0.0,0.0,0.0,0.0,0.0,0.0,0.0,0.0,0.0,0.0,0.0,0.0,0.0,0.0,0.0,0.0,0.0,0.015782946328583465,0.0,0.0022449199183794473,0.0,0.0,0.0,0.0,0.0,0.0,0.0,0.006943303380945753,0.0,0.015303451322803321,0.0,0.0061048796185506765,0.0,0.0,0.0,0.0,0.0,0.0,0.0,0.0,0.0,0.017214454808517438,0.0,0.022283006655542427,0.0,0.0007495039118159369,0.0,0.06101211278062113,0.0,0.007334976579601783,0.0,0.12529159533350087,0.0,0.05962066881750755,0.0,0.3936427847335213,0.0,0.004095184935354816,0.0,0.0,0.0,0.018382762803843107,0.0,0.0,0.0,0.003509454943827837,0.0,0.1697144022113398,0.0,0.006377761950716317,0.0,0.00617429050371829,0.0,0.0008656286850704071,0.0,0.0,,0.0,,0.0,,0.0,,0.02740366835343205,0.0,0.0,,0.006438104487541606,0.0,0.0,0.0,0.0041744506452232235,0.0,0.0,,0.0,,,,,,,,0.0,,,,,,,,,,,,0.0,0.0,0.0,0.0,0.0,0.0,0.0,0.0,0.0,0.0,0.0,0.0,0.0,0.0,0.0,0.0,0.0008200529356192474,0.0,0.0,0.0,0.0,0.0,0.0,0.0,0.0,0.0,0.0,0.0,0.0,0.0,0.0,0.0,0.0,0.0,0.0,0.0,0.0,0.0,0.0,0.0,0.002059817491834442,0.0,0.008409424635924742,0.0,0.0,,0.0,,0.00285330575425172,0.0,0.0,,0.0,,,,,,,,,,,,,,,,,,,,,,0,0,91,3
2,region_02,2024-09-07,,,,,,,,,,,,,,,0.0,0.0,,,,,,,,,,,,,,,,,,,,,,,,,0.0,0.0,,,,,,,,,,,,,0.0,0.0,0.0,0.0,0.0,0.0,0.0,0.0,0.0,0.0,0.0,0.0,,,0.0,0.0,0.0,0.0,0.0,0.0,0.0,0.0,0.0,0.0,0.0,0.0,0.0,0.0,0.0,0.0,0.0,0.0,0.0,0.0,0.0,0.0,0.0,0.0,0.0,0.0,0.0,0.0,0.0,0.0,0.0,0.0,0.0,0.0,0.0,0.0,0.0,0.0,0.0,0.0,0.0,0.0,0.0,0.0,0.0,0.0,0.0,0.0,0.0,0.0,0.0,0.0,0.0,0.0,0.02045399329369088,0.0,0.0014543443110979237,0.0,0.0,0.0,0.0,0.0,0.0014862442557285805,0.0,0.007703360047583468,0.0,0.01409714998219876,0.0,0.0044132368818211535,0.0,0.0,0.0,0.0,0.0,0.001146895060729625,0.0,0.0,0.0,0.015454353917150412,0.0,0.022074151882215506,0.0,0.00037475195590796844,0.0,0.05303475987002772,0.0,0.005636858866871322,0.0,0.12607243879322416,0.0,0.06941196318084031,0.0,0.41123227439602916,0.0,0.0025307188148892944,0.0,0.0,0.0,0.01685223717389525,0.0,0.0,0.0,0.002632727903349282,0.0,0.14819748855430126,0.0,0.011806957048570895,0.0,0.004845780541722698,0.0,0.0011035216448362249,0.0,0.000596582608219825,2.0,0.0,,0.0,,0.0,,0.021078842799642138,0.0,0.0,,0.01084358646120458,0.0,0.0016060766513244231,0.0,0.00475376642918067,0.0,0.0,,0.0,,,,,,,,0.0,,,,,,,,,,,,0.0,0.0,0.0,0.0,0.0,0.0,0.00030742823796837054,0.0,0.0,0.0,0.0,0.0,0.0,0.0,0.0,0.0,0.0004100264678096237,0.0,0.0,0.0,0.0,0.0,0.0,0.0,0.0,0.0,0.0,0.0,0.0,0.0,0.0,0.0,0.0,0.0,0.0,0.0,0.0,0.0,0.0,0.0,0.001424782820439396,0.0,0.014230212327419613,0.0,0.0,,0.0008869122651118807,2.0,0.00142665287712586,0.0,0.0,,0.0,,,,,,,,,,,,,,,,,,,,,,0,2,91,4
2,region_02,2024-09-14,,,,,,,,,,,,,,,0.0,0.0,,,,,,,,,,,,,,,,,,,,,,,,,0.0,0.0,,,,,,,,,,,,,0.0,0.0,0.0,0.0,0.0,0.0,0.0,0.0,0.0,0.0,0.0,0.0,,,0.0,0.0,0.0,0.0,0.0,0.0,0.0,0.0,0.0,0.0,0.0,0.0,0.0,0.0,0.0,0.0,0.0,0.0,0.0,0.0,0.0,0.0,0.0,0.0,0.0,0.0,0.0,0.0,0.0,0.0,0.0,0.0,0.0,0.0,0.0,0.0,0.0,0.0,0.0,0.0,0.0,0.0,0.0,0.0,0.0,0.0,0.0,0.0,0.0,0.0,0.0,0.0,0.0,0.0,0.025125040258798293,0.0,0.0006637687038164,0.0,0.0,0.0,0.0,0.0,0.002972488511457161,0.0,0.008463416714221184,0.0,0.0128908486415942,0.0,0.002721594145091631,0.0,0.0,0.0,0.0,0.0,0.00229379012145925,0.0,0.0,0.0,0.013694253025783388,0.0,0.021865297108888584,0.0,0.0,0.0,0.045057406959434304,0.0,0.003938741154140861,0.0,0.12685328225294745,0.0,0.07920325754417308,0.0,0.42882176405853695,0.0,0.0009662526944237722,0.0,0.0,0.0,0.0153217115439474,0.0,0.0,0.0,0.0017560008628707277,0.0,0.12668057489726275,0.0,0.017236152146425474,0.0,0.0035172705797271056,0.0,0.0013414146046020429,0.0,0.00119316521643965,0.0,0.0,,0.0,,0.0,,0.014754017245852223,0.0,0.0,,0.015249068434867556,0.0,0.0032121533026488462,0.0,0.005333082213138116,0.0,0.0,,0.0,,,,,,,,0.0,,,,,,,,,,,,0.0,0.0,0.0,0.0,0.0,0.0,0.0006148564759367411,0.0,0.0,0.0,0.0,0.0,0.0,0.0,0.0,0.0,0.0,0.0,0.0,0.0,0.0,0.0,0.0,0.0,0.0,0.0,0.0,0.0,0.0,0.0,0.0,0.0,0.0,0.0,0.0,0.0,0.0,0.0,0.0,0.0,0.00078974814904435,0.0,0.020051000018914484,0.0,0.0,,0.0017738245302237614,0.0,0.0,0.0,0.0,,0.0,,,,,,,,,,,,,,,,,,,,,,0,0,93,5
2,region_02,2024-09-21,,,,,,,,,,,,,,,0.0,0.0,,,,,,,,,,,,,,,,,,,,,,,,,0.0,0.0,,,,,,,,,,,,,0.0,0.0,0.0,0.0,0.0,0.0,0.0,0.0,0.0,0.0,0.0,0.0,,,0.0,0.0,0.0,0.0,0.0,0.0,0.0,0.0,0.0,0.0,0.0,0.0,0.0,0.0,0.0,0.0,0.0,0.0,0.0,0.0,0.0,0.0,0.0,0.0,0.0,0.0,0.0,0.0,0.0,0.0,0.0,0.0,0.0,0.0,0.0,0.0,0.0,0.0,0.0,0.0,0.0,0.0,0.0,0.0,0.0,0.0,0.0,0.0,0.0,0.0,0.0,0.0,0.0,0.0,0.02488150670698358,0.0,0.0012402688512034832,0.0,0.0,0.0,0.0,0.0,0.002053844328555745,0.0,0.010594721787663894,0.0,0.013316819803245939,0.0,0.003056151138690177,0.0,0.00043662001553454997,0.0,0.0,0.0,0.0016831883211814427,0.0,0.0,0.0,0.00934586969198155,0.0,0.016396314152242464,0.0,0.0,0.0,0.03739535824085271,0.0,0.004124200632765215,0.0,0.10970339610003954,0.0,0.06674040004221438,0.0,0.4662234084376322,0.0,0.0004831263472118861,0.0,0.0,0.0,0.010484499021378449,0.0,0.0,0.0,0.0014559307548040463,0.0,0.1114451672784448,0.0,0.021930088030381288,0.0,0.0017586352898635528,0.0,0.004955426058066686,0.0,0.000596582608219825,0.0,0.0,,0.0,,0.0,,0.011991118166133019,0.0,0.0,,0.02037181763976711,0.0,0.0021136617243217807,0.0,0.007233958780908773,0.0,0.0,,0.0,,,,,,,,0.0,,,,,,,,,,,,0.0,0.0,0.0,0.0,0.0,0.0,0.00030742823796837054,0.0,0.0,0.0,0.0,0.0,0.0,0.0,0.0,0.0,0.0,0.0,0.0,0.0,0.0,0.0,0.0,0.0,0.0,0.0,0.0,0.0,0.0,0.0,0.0,0.0,0.0,0.0,0.0,0.0,0.0,0.0,0.0,0.0,0.001535509815903678,0.0,0.033122571806112874,0.0,0.0,,0.0014807967549690924,0.0,0.0,0.0,0.0,,0.0,,,,,,,,,,,,,,,,,,,,,,0,0,93,6
2,region_02,2024-09-28,,,,,,,,,,,,,,,0.0,0.0,,,,,,,,,,,,,,,,,,,,,,,,,0.0,0.0,,,,,,,,,,,,,0.0,0.0,0.0,0.0,0.0,0.0,0.0,0.0,0.0,0.0,0.0,0.0,,,0.0,0.0,0.0,0.0,0.0,0.0,0.0,0.0,0.0,0.0,0.0,0.0,0.0,0.0,0.0,0.0,0.0,0.0,0.0,0.0,0.0,0.0,0.0,0.0,0.0,0.0,0.0,0.0,0.0,0.0,0.0,0.0,0.0,0.0,0.0,0.0,0.0,0.0,0.0,0.0,0.0,0.0,0.0,0.0,0.0,0.0,0.0,0.0,0.0,0.0,0.0,0.0,0.0,0.0,0.02463797315516887,0.0,0.0018167689985905666,0.0,0.0,0.0,0.0,0.0,0.0011352001456543294,0.0,0.012726026861106606,0.0,0.01374279096489768,0.0,0.003390708132288723,0.0,0.0008732400310690999,0.0,0.0,0.0,0.0010725865209036353,0.0,0.0,0.0,0.004997486358179711,0.0,0.010927331195596347,0.0,0.0,0.0,0.02973330952227111,0.0,0.00430966011138957,0.0,0.09255350994713163,0.0,0.05427754254025567,0.0,0.5036250528167275,0.0,0.0,0.0,0.0,0.0,0.0056472864988095,0.0,0.0,0.0,0.001155860646737365,0.0,0.09620975965962686,0.0,0.026624023914337106,0.0,0.0,0.0,0.008569437511531329,0.0,0.0,0.0,0.0,,0.0,,0.0,,0.009228219086413816,0.0,0.0,,0.025494566844666666,0.0,0.0010151701459947154,0.0,0.00913483534867943,0.0,0.0,,0.0,,,,,,,,0.0,,,,,,,,,,,,0.0,0.0,0.0,0.0,0.0,0.0,0.0,0.0,0.0,0.0,0.0,0.0,0.0,0.0,0.0,0.0,0.0,0.0,0.0,0.0,0.0,0.0,0.0,0.0,0.0,0.0,0.0,0.0,0.0,0.0,0.0,0.0,0.0,0.0,0.0,0.0,0.0,0.0,0.0,0.0,0.002281271482763006,0.0,0.04619414359331127,0.0,0.0,,0.0011877689797144232,0.0,0.0,0.0,0.0,,0.0,,,,,,,,,,,,,,,,,,,,,,0,0,93,7
2,region_02,2024-10-05,,,,,,,,,,,,,,,0.0,0.0,,,,,,,,,,,,,,,,,,,,,,,,,0.0,0.0,,,,,,,,,,,,,0.0,0.0,0.0,0.0,0.0,0.0,0.0,0.0,0.0,0.0,0.0,0.0,,,0.0,0.0,0.0,0.0,0.0,0.0,0.0,0.0,0.0,0.0,0.0,0.0,0.0,0.0,0.0,0.0,0.0,0.0,0.0,0.0,0.0,0.0,0.0,0.0,0.0,0.0,0.0,0.0,0.0,0.0,0.0,0.0,0.0,0.0,0.0,0.0,0.0,0.0,0.0,0.0,0.0,0.0,0.0,0.0,0.0,0.0,0.0,0.0,0.0,0.0,0.0,0.0,0.0,0.0,0.025354472680619924,0.0,0.011025475126613508,0.0,0.0,0.0,0.0,0.0,0.0030865807057125026,0.0,0.02326685157330593,0.0,0.008115994962281506,0.0,0.0016953540661443615,0.0,0.00043662001553454997,0.0,0.0,0.0,0.0014364529049677522,0.0,0.0,0.0,0.004197589925966203,0.0,0.013092027030378426,0.0,0.0,0.0,0.028081265219952863,0.0,0.0038536768025711323,0.0,0.06687167663510665,0.0,0.0548072332886102,0.0,0.51829677765422,0.0,0.0010396487632533312,0.0,0.0,0.0,0.0075986067326191,0.0,0.0,0.0,0.0005779303233686825,0.0,0.06587828547858135,0.0,0.039578237803652834,0.0,0.0,0.0,0.01355529362003181,0.0,0.002875298145227117,0.0,0.0,,0.0,,0.0,,0.00850723151833169,0.0,0.0,,0.03168981450418115,0.0,0.002986842744016542,0.0,0.01120343764957323,0.0,0.0,,0.0,,,,,,,,0.0,,,,,,,,,,,,0.0,0.0,0.0,0.0,0.0,0.0,0.0,0.0,0.0,0.0,0.0,0.0,0.0,0.0,0.0,0.0,0.0,0.0,0.0,0.0,0.0,0.0,0.0,0.0,0.0,0.0,0.0,0.0,0.0,0.0,0.0,0.0,0.0,0.0,0.0,0.0,0.0,0.0,0.0,0.0,0.001140635741381503,0.0,0.05747108557261522,0.0,0.0,,0.0038170274705267467,0.0,0.0,0.0,0.0,,0.0,,,,,,,,,,,,,,,,,,,,,,0,0,93,8
2,region_02,2024-10-12,,,,,,,,,,,,,,,0.0,0.0,,,,,,,,,,,,,,,,,,,,,,,,,0.0,0.0,,,,,,,,,,,,,0.0,0.0,0.0,0.0,0.0,0.0,0.0,0.0,0.0,0.0,0.0,0.0,,,0.0,0.0,0.0,0.0,0.0,0.0,0.0,0.0,0.0,0.0,0.0,0.0,0.0,0.0,0.0,0.0,0.0,0.0,0.0,0.0,0.0,0.0,0.0,0.0,0.0,0.0,0.0,0.0,0.0,0.0,0.0,0.0,0.0,0.0,0.0,0.0,0.0,0.0,0.0,0.0,0.0,0.0,0.0,0.0,0.0,0.0,0.0,0.0,0.0,0.0,0.0,0.0,0.0,0.0,0.026070972206070974,0.0,0.02023418125463645,0.0,0.0,0.0,0.0,0.0,0.005037961265770675,0.0,0.03380767628550525,0.0,0.0024891989596653313,0.0,0.0,0.0,0.0,0.0,0.0,0.0,0.0018003192890318688,0.0,0.0,0.0,0.003397693493752694,0.0,0.015256722865160506,0.0,0.0,0.0,0.026429220917634614,0.0,0.003397693493752694,0.0,0.04118984332308169,0.0,0.05533692403696474,0.0,0.5329685024917126,0.0,0.0020792975265066624,0.0,0.0,0.0,0.0095499269664287,0.0,0.0,0.0,0.0,0.0,0.03554681129753584,0.0,0.052532451692968565,0.0,0.0,0.0,0.018541149728532293,0.0,0.005750596290454234,0.0,0.0,,0.0,,0.0,,0.007786243950249563,0.0,0.0,,0.037885062163695644,0.0,0.004958515342038368,0.0,0.01327203995046703,0.0,0.0,,0.0,,,,,,,,0.0,,,,,,,,,,,,0.0,0.0,0.0,0.0,0.0,0.0,0.0,0.0,0.0,0.0,0.0,0.0,0.0,0.0,0.0,0.0,0.0,0.0,0.0,0.0,0.0,0.0,0.0,0.0,0.0,0.0,0.0,0.0,0.0,0.0,0.0,0.0,0.0,0.0,0.0,0.0,0.0,0.0,0.0,0.0,0.0,0.0,0.06874802755191917,0.0,0.0,,0.0064462859613390695,0.0,0.0,0.0,0.0,,0.0,,,,,,,,,,,,,,,,,,,,,,0,0,93,9
2,region_02,2024-10-19,,,,,,,,,,,,,,,0.0,0.0,,,,,,,,,,,,,,,,,,,,,,,,,0.0,0.0,,,,,,,,,,,,,0.0,0.0,0.0,0.0,0.0,0.0,0.0,0.0,0.0,0.0,0.0,0.0,,,0.0,0.0,0.0,0.0,0.0,0.0,0.0,0.0,0.0,0.0,0.0,0.0,0.0,0.0,0.0,0.0,0.0,0.0,0.0,0.0,0.0,0.0,0.0,0.0,0.0,0.0,0.0,0.0,0.0,0.0,0.0,0.0,0.0,0.0,0.0,0.0,0.0,0.0,0.0,0.0,0.0,0.0,0.0,0.0,0.0,0.0,0.0,0.0,0.0,0.0,0.0,0.0,0.0,0.0,0.027621155317562276,0.0,0.017699924626088253,0.0,0.0,0.0,0.0,0.0,0.005526387405310091,0.0,0.020993056784694344,0.0,0.005047572525134926,0.0,0.0,0.0,0.0,0.0,0.0,0.0,0.0009001596445159344,0.0,0.0,0.0,0.001698846746876347,0.0,0.01567292441807993,0.0,0.0,0.0,0.023884814919438162,0.0,0.003953329600335522,0.0,0.024357101460918733,0.0,0.07041187591385092,0.0,0.5149398501962423,0.0,0.0010396487632533312,0.0,0.0,0.0,0.006967990426346613,0.0,0.0,0.0,0.0,0.0,0.044055562466382925,0.0,0.03599386207448935,0.0,0.0,0.0,0.016145890711673622,0.0,0.002875298145227117,0.0,0.0,,0.0,,0.0,,0.008115680305248382,0.0,0.002258610643016581,1.0,0.04554345869303987,0.0,0.0069289867622920566,0.0,0.012524257933434342,0.0,0.0,,0.0,,,,,,,,0.0,,,,,,,,,,,,0.0,0.0,0.0,0.0,0.0,0.0,0.0,0.0,0.0,0.0,0.0,0.0,0.0,0.0,0.0,0.0,0.0,0.0,0.0,0.0,0.0,0.0,0.0,0.0,0.0,0.0,0.0,0.0,0.0,0.0,0.0,0.0,0.0,0.0,0.0,0.0,0.0,0.0,0.0,0.0,0.0,0.0,0.10942939176367449,0.0,0.0,,0.008007770010198492,0.0,0.0,0.0,0.0,,0.0,,,,,,,,,,,,,,,,,,,,,,1,0,93,0
2,region_02,2024-10-26,,,,,,,,,,,,,,,0.0,0.0,,,,,,,,,,,,,,,,,,,,,,,,,0.0,0.0,,,,,,,,,,,,,0.0,0.0,0.0,0.0,0.0,0.0,0.0,0.0,0.0,0.0,0.0,0.0,,,0.0,0.0,0.0,0.0,0.0,0.0,0.0,0.0,0.0,0.0,0.0,0.0,0.0,0.0,0.0,0.0,0.0,0.0,0.0,0.0,0.0,0.0,0.0,0.0,0.0,0.0,0.0,0.0,0.0,0.0,0.0,0.0,0.0,0.0,0.0,0.0,0.0,0.0,0.0,0.0,0.0,0.0,0.0,0.0,0.0,0.0,0.0,0.0,0.0,0.0,0.0,0.0,0.0,0.0,0.02917133842905358,0.0,0.015165667997540056,0.0,0.0,0.0,0.0,0.0,0.006014813544849507,0.0,0.008178437283883433,0.0,0.007605946090604521,0.0,0.0,0.0,0.0,0.0,0.0,0.0,0.0,0.0,0.0,0.0,0.0,0.0,0.016089125970999353,0.0,0.0,0.0,0.021340408921241713,0.0,0.0045089657069183504,0.0,0.007524359598755774,0.0,0.0854868277907371,0.0,0.4969111979007721,0.0,0.0,0.0,0.0,0.0,0.004386053886264526,0.0,0.0,0.0,0.0,0.0,0.05256431363523001,0.0,0.01945527245601012,0.0,0.0,0.0,0.01375063169481495,0.0,0.0,0.0,0.0,,0.0,,0.0,,0.0084451166602472,0.0,0.004517221286033162,0.0,0.05320185522238409,0.0,0.008899458182545745,0.0,0.011776475916401654,0.0,0.0,,0.0,,,,,,,,0.0,,,,,,,,,,,,0.0,0.0,0.0,0.0,0.0,0.0,0.0,0.0,0.0,0.0,0.0,0.0,0.0,0.0,0.0,0.0,0.0,0.0,0.0,0.0,0.0,0.0,0.0,0.0,0.0,0.0,0.0,0.0,0.0,0.0,0.0,0.0,0.0,0.0,0.0,0.0,0.0,0.0,0.0,0.0,0.0,0.0,0.1501107559754298,0.0,0.0,,0.009569254059057916,0.0,0.0,0.0,0.0,,0.0,,,,,,,,,,,,,,,,,,,,,,0,0,94,1
2,region_02,2024-11-02,,,,,,,,,,,,,,,0.0,0.0,,,,,,,,,,,,,,,,,,,,,,,,,0.0,0.0,,,,,,,,,,,,,0.0,0.0,0.0,0.0,0.0,0.0,0.0,0.0,0.0,0.0,0.0,0.0,,,0.0,0.0,0.0,0.0,0.0,0.0,0.0,0.0,0.0,0.0,0.0,0.0,0.0,0.0,0.0,0.0,0.0,0.0,0.0,0.0,0.0,0.0,0.0,0.0,0.0,0.0,0.0,0.0,0.0,0.0,0.0,0.0,0.0,0.0,0.0,0.0,0.0,0.0,0.0,0.0,0.0,0.0,0.0,0.0,0.0,0.0,0.0,0.0,0.0,0.0,0.0,0.0,0.0,0.0,0.01636101433929674,0.0,0.009491844111055619,0.0,0.0,0.0,0.0,0.0,0.005018936308278164,0.0,0.005874262222399257,0.0,0.006454111024227303,0.0,0.0,0.0,0.0,0.0,0.0,0.0,0.0,0.0,0.0,0.0,0.0,0.0,0.012502427347048716,0.0,0.0,0.0,0.010670204460620857,0.0,0.00411089521102518,0.0,0.017068501841276826,0.0,0.051344887606267375,0.0,0.46892382949590683,0.0,0.0,0.0,0.0,0.0,0.0062160860148391135,0.0,0.0,0.0,0.0,0.0,0.03260177856178151,0.0,0.05360522002336519,0.0,0.0,0.0,0.025851007850308458,0.0,0.0,0.0,0.0,,0.00192573219537732,2.0,0.0,,0.0042225583301236,0.0,0.004061861238322919,0.0,0.062130179220721796,0.0,0.006733337757535803,0.0,0.012519010969509255,0.0,0.0,,0.0,,,,,,,,0.0,,,,,,,,,,,,0.0,0.0,0.0,0.0,0.0,0.0,0.0,0.0,0.0,0.0,0.0,0.0,0.0,0.0,0.0,0.0,0.0,0.0,0.0,0.0,0.0,0.0,0.0,0.0,0.0,0.0,0.0,0.0,0.0,0.0,0.0,0.0,0.0,0.0,0.0,0.0,0.0,0.0,0.0,0.0,0.0,0.0,0.1800347355368373,0.0,0.004277160080770629,2.0,0.013499348997496587,0.0,0.0,0.0,0.0,,0.0,,,,,,,,,,,,,,,,,,,,,,0,2,94,2
2,region_02,2024-11-09,,,,,,,,,,,,,,,0.0,0.0,,,,,,,,,,,,,,,,,,,,,,,,,0.0,0.0,,,,,,,,,,,,,0.0,0.0,0.0,0.0,0.0,0.0,0.0,0.0,0.0,0.0,0.0,0.0,,,0.0,0.0,0.0,0.0,0.0,0.0,0.0,0.0,0.0,0.0,0.0,0.0,0.0,0.0,0.0,0.0,0.0,0.0,0.0,0.0,0.0,0.0,0.0,0.0,0.0,0.0,0.0,0.0,0.0,0.0,0.0,0.0,0.0,0.0,0.0,0.0,0.0,0.0,0.0,0.0,0.0,0.0,0.0,0.0,0.0,0.0,0.0,0.0,0.0,0.0,0.0,0.0,0.0,0.0,0.0035506902495399,0.0,0.003818020224571182,0.0,0.0,0.0,0.0,0.0,0.004023059071706822,0.0,0.0035700871609150803,0.0,0.0053022759578500835,0.0,0.0,0.0,0.0,0.0,0.0,0.0,0.0,0.0,0.0,0.0,0.0,0.0,0.00891572872309808,0.0,0.0,0.0,0.0,0.0,0.0037128247151320096,0.0,0.02661264408379788,0.0,0.01720294742179764,0.0,0.44093646109104156,0.0,0.0,0.0,0.0,0.0,0.0080461181434137,0.0,0.0,0.0,0.0,0.0,0.012639243488333013,0.0,0.08775516759072025,0.0,0.0,0.0,0.03795138400580197,0.0,0.0,0.0,0.0,,0.00385146439075464,0.0,0.0,,0.0,0.0,0.003606501190612675,0.0,0.0710585032190595,0.0,0.004567217332525861,0.0,0.013261546022616854,0.0,0.0,,0.0,,,,,,,,0.0,,,,,,,,,,,,0.0,0.0,0.0,0.0,0.0,0.0,0.0,0.0,0.0,0.0,0.0,0.0,0.0,0.0,0.0,0.0,0.0,0.0,0.0,0.0,0.0,0.0,0.0,0.0,0.0,0.0,0.0,0.0,0.0,0.0,0.0,0.0,0.0,0.0,0.0,0.0,0.0,0.0,0.0,0.0,0.0,0.0,0.20995871509824476,0.0,0.008554320161541258,0.0,0.01742944393593526,0.0,0.0,0.0,0.0,,0.0,,,,,,,,,,,,,,,,,,,,,,0,0,96,3
2,region_02,2024-11-16,,,,,,,,,,,,,,,0.0,0.0,,,,,,,,,,,,,,,,,,,,,,,,,0.0,0.0,,,,,,,,,,,,,0.0,0.0,0.0,0.0,0.0,0.0,0.0,0.0,0.0,0.0,0.0,0.0,,,0.0,0.0,0.0,0.0,0.0,0.0,0.0,0.0,0.0,0.0,0.0,0.0,0.0,0.0,0.0,0.0,0.0,0.0,0.0,0.0,0.0,0.0,0.0,0.0,0.0,0.0,0.0,0.0,0.0,0.0,0.0,0.0,0.0,0.0,0.0,0.0,0.0,0.0,0.0,0.0,0.0,0.0,0.0,0.0,0.0,0.0,0.0,0.0,0.0,0.0,0.0,0.0,0.0,0.0,0.008911058920113197,0.0,0.009898180887103026,0.0,0.0,0.0,0.0,0.0,0.008006513878641666,0.0,0.0017850435804575402,0.0,0.0026511379789250417,0.0,0.0,0.0,0.0,0.0,0.0,0.0,0.0,0.0,0.0,0.0,0.0,0.0,0.007546763873536208,0.0,0.0,0.0,0.0028392768715722926,0.0,0.0018564123575660048,0.0,0.023078424175484773,0.0,0.030975984619254878,0.0,0.3854520544409752,0.0,0.00271351092960683,0.0,0.0,0.0,0.006884348540372358,0.0,0.0,0.0,0.0,0.0,0.022334053562339966,0.0,0.08801410520183182,0.0,0.0,0.0,0.03267316780677368,0.0,0.015140453198303767,0.0,0.0,,0.00192573219537732,0.0,0.0,,0.0,0.0,0.02314603519148356,0.0,0.059652137252819364,0.0,0.0053725081782501,0.0,0.013636939245491031,0.0,0.0,,0.0,,,,,,,,0.0,,,,,,,,,,,,0.0,0.0,0.0,0.0,0.0,0.0,0.0,0.0,0.0,0.0,0.0,0.0,0.0,0.0,0.0,0.0,0.0,0.0,0.0,0.0,0.0,0.0,0.0,0.0,0.0,0.0,0.0,0.0,0.0,0.0,0.0,0.0,0.0,0.0,0.0,0.0,0.0,0.0,0.0,0.0,0.0,0.0,0.22270187463552227,0.0,0.010352491750381833,0.0,0.011835886702801115,0.0,0.0,0.0,0.0,,0.0,,,,,,,,,,,,,,,,,,,,,,0,0,96,4
2,region_02,2024-11-23,,,,,,,,,,,,,,,0.0,0.0,,,,,,,,,,,,,,,,,,,,,,,,,0.0,0.0,,,,,,,,,,,,,0.0,0.0,0.0,0.0,0.0,0.0,0.0,0.0,0.0,0.0,0.0,0.0,,,0.0,0.0,0.0,0.0,0.0,0.0,0.0,0.0,0.0,0.0,0.0,0.0,0.0,0.0,0.0,0.0,0.0,0.0,0.0,0.0,0.0,0.0,0.0,0.0,0.0,0.0,0.0,0.0,0.0,0.0,0.0,0.0,0.0,0.0,0.0,0.0,0.0,0.0,0.0,0.0,0.0,0.0,0.0,0.0,0.0,0.0,0.0,0.0,0.0,0.0,0.0,0.0,0.0,0.0,0.014271427590686492,0.0,0.01597834154963487,0.0,0.0,0.0,0.0,0.0,0.011989968685576509,0.0,0.0,0.0,0.0,0.0,0.0,0.0,0.0,0.0,0.0,0.0,0.0,0.0,0.0,0.0,0.0,0.0,0.0061777990239743385,0.0,0.0,0.0,0.005678553743144585,0.0,0.0,0.0,0.01954420426717167,0.0,0.044749021816712115,0.0,0.32996764779090876,0.0,0.00542702185921366,0.0,0.0,0.0,0.005722578937331016,0.0,0.0,0.0,0.0,0.0,0.03202886363634692,0.0,0.0882730428129434,0.0,0.0,0.0,0.027394951607745386,0.0,0.030280906396607535,0.0,0.0,,0.0,0.0,0.0,,0.0,0.0,0.042685569192354444,0.0,0.048245771286579225,0.0,0.0061777990239743385,0.0,0.014012332468365207,0.0,0.0,,0.0,,,,,,,,0.0,,,,,,,,,,,,0.0,0.0,0.0,0.0,0.0,0.0,0.0,0.0,0.0,0.0,0.0,0.0,0.0,0.0,0.0,0.0,0.0,0.0,0.0,0.0,0.0,0.0,0.0,0.0,0.0,0.0,0.0,0.0,0.0,0.0,0.0,0.0,0.0,0.0,0.0,0.0,0.0,0.0,0.0,0.0,0.0,0.0,0.2354450341727998,0.0,0.012150663339222408,0.0,0.006242329469666969,0.0,0.0,0.0,0.0,,0.0,,,,,,,,,,,,,,,,,,,,,,0,0,96,5
2,region_02,2024-11-30,,,,,,,,,,,,,,,0.0,0.0,,,,,,,,,,,,,,,,,,,,,,,,,0.0,0.0,,,,,,,,,,,,,0.0,0.0,0.0,0.0,0.0,0.0,0.0,0.0,0.0,0.0,0.0,0.0,,,0.0,0.0,0.0,0.0,0.0,0.0,0.0,0.0,0.0,0.0,0.0,0.0,0.0,0.0,0.0,0.0,0.0,0.0,0.0,0.0,0.0,0.0,0.0,0.0,0.0,0.0,0.0,0.0,0.0,0.0,0.0,0.0,0.0,0.0,0.0,0.0,0.0,0.0,0.0,0.0,0.0,0.0,0.0,0.0,0.0,0.0,0.0,0.0,0.0,0.0,0.0,0.0,0.0,0.0,0.008866790432082924,0.0,0.007989170774817434,0.0,0.0,0.0,0.0,0.0,0.012477844940104413,0.0,0.0,0.0,0.0,0.0,0.002252698332692167,0.0,0.0,0.0,0.0,0.0,0.0,0.0,0.0,0.0,0.0025793846580199563,0.0,0.006397426411963182,0.0,0.0,0.0,0.0028392768715722926,0.0,0.0,0.0,0.01283075951356196,0.0,0.052034365001301694,0.0,0.303216940164566,0.0,0.00271351092960683,0.0,0.0,0.0,0.002861289468665508,0.0,0.0,0.0,0.0,0.0,0.017551692385858186,0.0,0.07075836307679609,0.0,0.002842235378921014,0.0,0.03751774363888375,0.0,0.019744122478490042,0.0,0.0,,0.0,0.0,0.0,,0.0,0.0,0.041155086018336076,0.0,0.05233983189249644,0.0,0.022621807887051676,0.0,0.010912698172689495,0.0,0.004660162195149378,2.0,0.0,,,,,,,,0.0,,,,,,,,,,,,0.0,0.0,0.0,0.0,0.0,0.0,0.0,0.0,0.0,0.0,0.0,0.0,0.0,0.0,0.0,0.0,0.0,0.0,0.0,0.0,0.0,0.0,0.0,0.0,0.0,0.0,0.0,0.0,0.0,0.0,0.0,0.0,0.0,0.0,0.0,0.0,0.0,0.0,0.0,0.0,0.0,0.0,0.26705312066608,0.0,0.019285796093754415,0.0,0.01279687597296935,0.0,0.0032944227801635652,0.0,0.0,,0.0,,,,,,,,,,,,,,,,,,,,,,0,1,96,6
2,region_02,2024-12-07,,,,,,,,,,,,,,,0.0,0.0,,,,,,,,,,,,,,,,,,,,,,,,,0.0,0.0,,,,,,,,,,,,,0.0,0.0,0.0,0.0,0.0,0.0,0.0,0.0,0.0,0.0,0.0,0.0,,,0.0,0.0,0.0,0.0,0.0,0.0,0.0,0.0,0.0,0.0,0.0,0.0,0.0,0.0,0.0,0.0,0.0,0.0,0.0,0.0,0.0,0.0,0.0,0.0,0.0,0.0,0.0,0.0,0.0,0.0,0.0,0.0,0.0,0.0,0.0,0.0,0.0,0.0,0.0,0.0,0.0,0.0,0.0,0.0,0.0,0.0,0.0,0.0,0.0,0.0,0.0,0.0,0.0,0.0,0.0034621532734793584,0.0,0.0,0.0,0.0,0.0,0.0,0.0,0.012965721194632317,0.0,0.0,0.0,0.0,0.0,0.004505396665384334,0.0,0.0,0.0,0.0,0.0,0.0,0.0,0.0,0.0,0.005158769316039913,0.0,0.006617053799952025,0.0,0.0,0.0,0.0,0.0,0.0,0.0,0.00611731475995225,0.0,0.05931970818589127,0.0,0.2764662325382232,0.0,0.0,0.0,0.0,0.0,0.0,0.0,0.0,0.0,0.0,0.0,0.003074521135369455,0.0,0.053243683340648766,0.0,0.005684470757842028,0.0,0.04764053567002211,0.0,0.009207338560372551,0.0,0.0,,0.0,0.0,0.0,,0.0,0.0,0.03962460284431771,0.0,0.056433892498413664,0.0,0.03906581675012902,0.0,0.007813063877013783,0.0,0.009320324390298756,0.0,0.0,,,,,,,,0.0,,,,,,,,,,,,0.0,0.0,0.0,0.0,0.0,0.0,0.0,0.0,0.0,0.0,0.0,0.0,0.0,0.0,0.0,0.0,0.0,0.0,0.0,0.0,0.0,0.0,0.0,0.0,0.0,0.0,0.0,0.0,0.0,0.0,0.0,0.0,0.0,0.0,0.0,0.0,0.0,0.0,0.0,0.0,0.0,0.0,0.29866120715936023,0.0,0.026420928848286424,0.0,0.019351422476271734,0.0,0.0065888455603271305,0.0,0.0,,0.0,,,,,,,,,,,,,,,,,,,,,,0,0,97,7
2,region_02,2024-12-14,,,,,,,,,,,,,,,0.0,0.0,,,,,,,,,,,,,,,,,,,,,,,,,0.0,0.0,,,,,,,,,,,,,0.0,0.0,0.0,0.0,0.0,0.0,0.0,0.0,0.0,0.0,0.0,0.0,,,0.0,0.0,0.0,0.0,0.0,0.0,0.0,0.0,0.0,0.0,0.0,0.0,0.0,0.0,0.0,0.0,0.0,0.0,0.0,0.0,0.0,0.0,0.0,0.0,0.0,0.0,0.0,0.0,0.0,0.0,0.0,0.0,0.0,0.0,0.0,0.0,0.0,0.0,0.0,0.0,0.0,0.0,0.0,0.0,0.0,0.0,0.0,0.0,0.0,0.0,0.0,0.0,0.0,0.0,0.007059730482675712,0.0,0.0,0.0,0.0,0.0,0.0,0.0,0.007815438681670108,0.0,0.0,0.0,0.0,0.0,0.0036883864086120835,0.0,0.0,0.0,0.0,0.0,0.0,0.0,0.0,0.0,0.0037796852993778347,0.0,0.004866716190008392,0.0,0.0,0.0,0.002960984152741705,0.0,0.0,0.0,0.0054965437739155545,0.0,0.0563931713501612,0.0,0.26648760996758936,0.0,0.0,0.0,0.0,0.0,0.0013144516428424272,0.0,0.0,0.0,0.0,0.0,0.01922162915897467,0.0,0.07523295360927779,0.0,0.002842235378921014,0.0,0.03935101449800029,0.0,0.012909909011796075,0.0,0.0,,0.0,0.0,0.0,,0.0,0.0,0.0449780621565878,0.0,0.060402077001829896,0.0,0.03416555724106725,0.0,0.008836449470393134,0.0,0.006090626314592812,0.0,0.0,,,,,,,,0.0,,,,,,,,,,,,0.0,0.0,0.0,0.0,0.0,0.0,0.0,0.0,0.0,0.0,0.0,0.0,0.0,0.0,0.0,0.0,0.0,0.0,0.0,0.0,0.0,0.0,0.0,0.0,0.0,0.0,0.0,0.0,0.0,0.0,0.0,0.0,0.0,0.0,0.0,0.0,0.0,0.0,0.0,0.0,0.0,0.0,0.3049775766152324,0.0,0.020321172118807785,0.0,0.01901982864364977,0.0,0.004733543505426445,0.0,0.0,,0.0,,,,,,,,,,,,,,,,,,,,,,0,0,97,8
2,region_02,2024-12-21,,,,,,,,,,,,,,,0.0,0.0,,,,,,,,,,,,,,,,,,,,,,,,,0.0,0.0,,,,,,,,,,,,,0.0,0.0,0.0,0.0,0.0,0.0,0.0,0.0,0.0,0.0,0.0,0.0,,,0.0,0.0,0.0,0.0,0.0,0.0,0.0,0.0,0.0,0.0,0.0,0.0,0.0,0.0,0.0,0.0,0.0,0.0,0.0,0.0,0.0,0.0,0.0,0.0,0.0,0.0,0.0,0.0,0.0,0.0,0.0,0.0,0.0,0.0,0.0,0.0,0.0,0.0,0.0,0.0,0.0,0.0,0.0,0.0,0.0,0.0,0.0,0.0,0.0,0.0,0.0,0.0,0.0,0.0,0.010657307691872066,0.0,0.0,0.0,0.0,0.0,0.0,0.0,0.0026651561687079,0.0,0.0,0.0,0.0,0.0,0.002871376151839833,0.0,0.0,0.0,0.0,0.0,0.0,0.0,0.0,0.0,0.002400601282715757,0.0,0.0031163785800647583,0.0,0.0,0.0,0.00592196830548341,0.0,0.0,0.0,0.004875772787878858,0.0,0.05346663451443112,0.0,0.2565089873969555,0.0,0.0,0.0,0.0,0.0,0.0026289032856848544,0.0,0.0,0.0,0.0,0.0,0.035368737182579886,0.0,0.0972222238779068,0.0,0.0,0.0,0.031061493325978465,0.0,0.0166124794632196,0.0,0.0,,0.0,0.0,0.0,,0.0,0.0,0.05033152146885789,0.0,0.06437026150524612,0.0,0.029265297732005476,0.0,0.009859835063772486,0.0,0.0028609282388868664,0.0,0.0,,,,,,,,0.0,,,,,,,,,,,,0.0,0.0,0.0,0.0,0.0,0.0,0.0,0.0,0.0,0.0,0.0,0.0,0.0,0.0,0.0,0.0,0.0,0.0,0.0,0.0,0.0,0.0,0.0,0.0,0.0,0.0,0.0,0.0,0.0,0.0,0.0,0.0,0.0,0.0,0.0,0.0,0.0,0.0,0.0,0.0,0.0,0.0,0.31129394607110455,0.0,0.014221415389329148,0.0,0.01868823481102781,0.0,0.00287824145052576,0.0,0.0,,0.0,,,,,,,,,,,,,,,,,,,,,,0,0,97,9
2,region_02,2024-12-28,,,,,,,,,,,,,,,0.0,0.0,,,,,,,,,,,,,,,,,,,,,,,,,0.0,0.0,,,,,,,,,,,,,0.0,0.0,0.0,0.0,0.0,0.0,0.0,0.0,0.0,0.0,0.0,0.0,,,0.0,0.0,0.0,0.0,0.0,0.0,0.0,0.0,0.0,0.0,0.0,0.0,0.0,0.0,0.0,0.0,0.0,0.0,0.0,0.0,0.0,0.0,0.0,0.0,0.0,0.0,0.0,0.0,0.0,0.0,0.0,0.0,0.0,0.0,0.0,0.0,0.0,0.0,0.0,0.0,0.0,0.0,0.0,0.0,0.0,0.0,0.0,0.0,0.0,0.0,0.0,0.0,0.0,0.0,0.008162482218308838,0.0,0.0,0.0,0.0,0.0,0.0,0.0,0.005912327042703155,0.0,0.0023200755628446502,0.0,0.0,0.0,0.004066190294300467,0.0,0.0,0.0,0.0,0.0,0.0,0.0,0.0,0.0,0.0012003006413578785,0.0,0.00466105408497347,0.0,0.0,0.0,0.002960984152741705,0.0,0.0,0.0,0.003429400008947849,0.0,0.04116552102689938,0.0,0.21910050460560754,0.0,0.0,0.0,0.0,0.0,0.003875227300026832,0.0,0.0,0.0,0.0,0.0,0.017684368591289943,0.0,0.0746326289243168,0.0,0.0,0.0,0.031012810068204957,0.0,0.01302183745428916,0.0,0.00278409067541358,2.0,0.00167107214219865,0.0,0.0,,0.0,0.0,0.06494593008731799,0.0,0.05901553083888505,0.0,0.03341458093685404,0.0,0.012697402018200942,0.0,0.005617415002133221,0.0,0.0,,,,,,,,0.00077016121940686,2.0,,,,,,,,,,,0.0,0.0,0.0,0.0,0.0,0.0,0.0,0.0,0.0,0.0,0.0,0.0,0.0,0.0,0.0,0.0,0.0,0.0,0.0,0.0,0.0,0.0,0.0,0.0,0.0,0.0,0.0,0.0,0.0,0.0,0.0,0.0,0.0,0.0,0.0,0.0,0.0,0.0,0.0,0.0,0.0,0.0,0.35618913851001044,0.0,0.039477850797332105,0.0,0.012177945777886709,0.0,0.00621242449851701,0.0,0.0,,0.0,,,,,,,,,,,,,,,,,,,,,,0,2,97,10
2,region_02,2025-01-04,,,,,,,,,,,,,,,0.0,0.0,,,,,,,,,,,,,,,,,,,,,,,,,0.0,0.0,,,,,,,,,,,,,0.0,0.0,0.0,0.0,0.0,0.0,0.0,0.0,0.0,0.0,0.0,0.0,,,0.0,0.0,0.0,0.0,0.0,0.0,0.0,0.0,0.0,0.0,0.0,0.0,0.0,0.0,0.0,0.0,0.0,0.0,0.0,0.0,0.0,0.0,0.0,0.0,0.0,0.0,0.0,0.0,0.0,0.0,0.0,0.0,0.0,0.0,0.0,0.0,0.0,0.0,0.0,0.0,0.0,0.0,0.0,0.0,0.0,0.0,0.0,0.0,0.0,0.0,0.0,0.0,0.0,0.0,0.005667656744745609,0.0,0.0,0.0,0.0,0.0,0.0,0.0,0.009159497916698409,0.0,0.0046401511256893005,0.0,0.0,0.0,0.0052610044367611,0.0,0.0,0.0,0.0,0.0,0.0,0.0,0.0,0.0,0.0,0.0,0.006205729589882181,0.0,0.0,0.0,0.0,0.0,0.0,0.0,0.00198302723001684,0.0,0.028864407539367642,0.0,0.18169202181425959,0.0,0.0,0.0,0.0,0.0,0.00512155131436881,0.0,0.0,0.0,0.0,0.0,0.0,0.0,0.052043033970726786,0.0,0.0,0.0,0.03096412681043145,0.0,0.009431195445358717,0.0,0.00556818135082716,0.0,0.0033421442843973,0.0,0.0,,0.0,0.0,0.07956033870577808,0.0,0.053660800172523976,0.0,0.0375638641417026,0.0,0.015534968972629399,0.0,0.008373901765379577,0.0,0.0,,,,,,,,0.00154032243881372,0.0,,,,,,,,,,,0.0,0.0,0.0,0.0,0.0,0.0,0.0,0.0,0.0,0.0,0.0,0.0,0.0,0.0,0.0,0.0,0.0,0.0,0.0,0.0,0.0,0.0,0.0,0.0,0.0,0.0,0.0,0.0,0.0,0.0,0.0,0.0,0.0,0.0,0.0,0.0,0.0,0.0,0.0,0.0,0.0,0.0,0.4010843309489163,0.0,0.06473428620533506,0.0,0.005667656744745609,0.0,0.00954660754650826,0.0,0.0,,0.0,,,,,,,,,,,,,,,,,,,,,,0,0,99,11
2,region_02,2025-01-11,,,,,,,,,,,,,,,0.0,0.0,,,,,,,,,,,,,,,,,,,,,,,,,0.0,0.0,,,,,,,,,,,,,0.0,0.0,0.0,0.0,0.0,0.0,0.0,0.0,0.0,0.0,0.0,0.0,,,0.0,0.0,0.0,0.0,0.0,0.0,0.0,0.0,0.0,0.0,0.0,0.0,0.0,0.0,0.0,0.0,0.0,0.0,0.0,0.0,0.0,0.0,0.0,0.0,0.0,0.0,0.0,0.0,0.0,0.0,0.0,0.0,0.0,0.0,0.0,0.0,0.0,0.0,0.0,0.0,0.0,0.0,0.0,0.0,0.0,0.0,0.0,0.0,0.0,0.0,0.0,0.0,0.0,0.0,0.007457887144251264,0.0,0.0,0.0,0.0,0.0,0.0,0.0,0.010829534055665085,0.0,0.0023200755628446502,0.0,0.0,0.0,0.00263050221838055,0.0,0.0,0.0,0.0,0.0,0.0,0.0,0.0,0.0,0.00147753683850168,0.0,0.005314740930881419,0.0,0.0,0.0,0.0014034724057031,0.0,0.0,0.0,0.0034830623422748845,0.0,0.02972895912826057,0.0,0.15449106716974212,0.0,0.0,0.0,0.0,0.0,0.002560775657184405,0.0,0.0,0.0,0.0,0.0,0.0,0.0,0.04984713654137314,0.0,0.0,0.0,0.03833546706785753,0.0,0.005436773615656383,0.0,0.00629368629306549,0.0,0.00327448919415469,0.0,0.0,,0.0,0.0,0.1336961459368467,0.0,0.045031875117935875,0.0,0.03815204054117198,0.0,0.01724200114628973,0.0,0.0064402666046387055,0.0,0.0,,,,,,,,0.00077016121940686,0.0,,,,,,,,,,,0.0,0.0,0.0,0.0,0.0,0.0,0.0,0.0,0.0,0.0,0.0,0.0,0.0,0.0,0.0,0.0,0.0,0.0,0.0,0.0,0.0,0.0,0.0,0.0,0.0,0.0,0.0,0.0,0.0,0.0,0.0,0.0,0.0,0.0,0.0,0.0,0.0,0.0,0.0,0.0,0.0,0.0,0.3912660704417662,0.0,0.053091514550826724,0.0,0.00405623077690089,0.0,0.006480983342044015,0.0,0.0,,0.0,,,,,,,,,,,,,,,,,,,,,,0,0,99,12
2,region_02,2025-01-18,,,,,,,,,,,,,,,0.0,0.0,,,,,,,,,,,,,,,,,,,,,,,,,0.0,0.0,,,,,,,,,,,,,0.0,0.0,0.0,0.0,0.0,0.0,0.0,0.0,0.0,0.0,0.0,0.0,,,0.0,0.0,0.0,0.0,0.0,0.0,0.0,0.0,0.0,0.0,0.0,0.0,0.0,0.0,0.0,0.0,0.0,0.0,0.0,0.0,0.0,0.0,0.0,0.0,0.0,0.0,0.0,0.0,0.0,0.0,0.0,0.0,0.0,0.0,0.0,0.0,0.0,0.0,0.0,0.0,0.0,0.0,0.0,0.0,0.0,0.0,0.0,0.0,0.0,0.0,0.0,0.0,0.0,0.0,0.00924811754375692,0.0,0.0,0.0,0.0,0.0,0.0,0.0,0.01249957019463176,0.0,0.0,0.0,0.0,0.0,0.0,0.0,0.0,0.0,0.0,0.0,0.0,0.0,0.0,0.0,0.00295507367700336,0.0,0.0044237522718806556,0.0,0.0,0.0,0.0028069448114062,0.0,0.0,0.0,0.004983097454532929,0.0,0.0305935107171535,0.0,0.12729011252522465,0.0,0.0,0.0,0.0,0.0,0.0,0.0,0.0,0.0,0.0,0.0,0.0,0.0,0.0476512391120195,0.0,0.0,0.0,0.045706807325283615,0.0,0.00144235178595405,0.0,0.007019191235303821,0.0,0.00320683410391208,0.0,0.0,,0.0,0.0,0.1878319531679153,0.0,0.036402950063347775,0.0,0.03874021694064135,0.0,0.01894903331995006,0.0,0.004506631443897834,0.0,0.0,,,,,,,,0.0,0.0,,,,,,,,,,,0.0,0.0,0.0,0.0,0.0,0.0,0.0,0.0,0.0,0.0,0.0,0.0,0.0,0.0,0.0,0.0,0.0,0.0,0.0,0.0,0.0,0.0,0.0,0.0,0.0,0.0,0.0,0.0,0.0,0.0,0.0,0.0,0.0,0.0,0.0,0.0,0.0,0.0,0.0,0.0,0.0,0.0,0.381447809934616,0.0,0.04144874289631839,0.0,0.0024448048090561702,0.0,0.0034153591375797702,0.0,0.0,,0.0,,,,,,,,,,,,,,,,,,,,,,0,0,99,13
2,region_02,2025-01-25,,,,,,,,,,,,,,,0.0,0.0,,,,,,,,,,,,,,,,,,,,,,,,,0.0,0.0,,,,,,,,,,,,,0.0,0.0,0.0,0.0,0.0,0.0,0.0,0.0,0.0,0.0,0.0,0.0,,,0.0,0.0,0.0,0.0,0.0,0.0,0.0,0.0,0.0,0.0,0.0,0.0,0.0,0.0,0.0,0.0,0.0,0.0,0.0,0.0,0.0,0.0,0.0,0.0,0.0,0.0,0.0,0.0,0.0,0.0,0.0,0.0,0.0,0.0,0.0,0.0,0.0,0.0,0.0,0.0,0.0,0.0,0.0,0.0,0.0,0.0,0.0,0.0,0.0,0.0,0.0,0.0,0.0,0.0,0.007362333082386982,0.0,0.0,0.0,0.0,0.0,0.0,0.0,0.01498751589097077,0.0,0.0,0.0,0.0,0.0,0.0,0.0,0.0,0.0,0.0,0.0,0.0,0.0,0.0,0.0,0.00147753683850168,0.0,0.0022118761359403278,0.0,0.0,0.0,0.003629632488203512,0.0,0.0,0.0,0.0024915487272664646,0.0,0.017363856307282585,0.0,0.11424791095778343,0.0,0.0,0.0,0.0,0.0,0.0,0.0,0.0,0.0,0.0,0.0,0.0,0.0,0.05352660307867656,0.0,0.0,0.0,0.03887743818470167,0.0,0.007176457564734508,0.0,0.00837664827704424,0.0,0.005694998800754509,0.0,0.0,,0.0,0.0,0.22233135667112136,0.0,0.034704918274655897,0.0,0.03795765779084625,0.0,0.02171770352870222,0.0,0.007692268920234456,0.0,0.0,,,,,,,,0.0006608856609091,0.0,,,,,,,,,,,0.0,0.0,0.0,0.0,0.0,0.0,0.0,0.0,0.0,0.0,0.0,0.0,0.0,0.0,0.0,0.0,0.0,0.0,0.0,0.0,0.0,0.0,0.0,0.0,0.0,0.0,0.0,0.0,0.0,0.0,0.0,0.0,0.0,0.0,0.0,0.0,0.0,0.0,0.0,0.0,0.0,0.0,0.36379156079557207,0.0,0.03731861126919582,0.0,0.0061674556449158625,0.0,0.005960453530618263,0.0,0.0,,0.0,,,,,,,,,,,,,,,,,,,,,,0,0,99,14
2,region_02,2025-02-01,,,,,,,,,,,,,,,0.0,0.0,,,,,,,,,,,,,,,,,,,,,,,,,0.0,0.0,,,,,,,,,,,,,0.0,0.0,0.0,0.0,0.0,0.0,0.0,0.0,0.0,0.0,0.0,0.0,,,0.0,0.0,0.0,0.0,0.0,0.0,0.0,0.0,0.0,0.0,0.0,0.0,0.0,0.0,0.0,0.0,0.0,0.0,0.0,0.0,0.0,0.0,0.0,0.0,0.0,0.0,0.0,0.0,0.0,0.0,0.0,0.0,0.0,0.0,0.0,0.0,0.0,0.0,0.0,0.0,0.0,0.0,0.0,0.0,0.0,0.0,0.0,0.0,0.0,0.0,0.0,0.0,0.0,0.0,0.0054765486210170446,0.0,0.0,0.0,0.0,0.0,0.0,0.0,0.01747546158730978,0.0,0.0,0.0,0.0,0.0,0.0,0.0,0.0,0.0,0.0,0.0,0.0,0.0,0.0,0.0,0.0,0.0,0.0,0.0,0.0,0.0,0.004452320165000825,0.0,0.0,0.0,0.0,0.0,0.004134201897411666,0.0,0.10120570939034221,0.0,0.0,0.0,0.0,0.0,0.0,0.0,0.0,0.0,0.0,0.0,0.0,0.0,0.05940196704533361,0.0,0.0,0.0,0.032048069044119734,0.0,0.012910563343514966,0.0,0.00973410531878466,0.0,0.00818316349759694,0.0,0.0,,0.0,0.0,0.25683076017432743,0.0,0.03300688648596401,0.0,0.037175098641051146,0.0,0.02448637373745438,0.0,0.010877906396571078,0.0,0.0,,,,,,,,0.0013217713218182,0.0,,,,,,,,,,,0.0,0.0,0.0,0.0,0.0,0.0,0.0,0.0,0.0,0.0,0.0,0.0,0.0,0.0,0.0,0.0,0.0,0.0,0.0,0.0,0.0,0.0,0.0,0.0,0.0,0.0,0.0,0.0,0.0,0.0,0.0,0.0,0.0,0.0,0.0,0.0,0.0,0.0,0.0,0.0,0.0,0.0,0.34613531165652806,0.0,0.03318847964207325,0.0,0.009890106480775556,0.0,0.008505547923656756,0.0,0.0,,0.0,,,,,,,,,,,,,,,,,,,,,,0,0,99,15
2,region_02,2025-02-08,,,,,,,,,,,,,,,0.0,0.0,,,,,,,,,,,,,,,,,,,,,,,,,0.0,0.0,,,,,,,,,,,,,0.0,0.0,0.0,0.0,0.0,0.0,0.0,0.0,0.0,0.0,0.0,0.0,,,0.0,0.0,0.0,0.0,0.0,0.0,0.0,0.0,0.0,0.0,0.0,0.0,0.0,0.0,0.0,0.0,0.0,0.0,0.0,0.0,0.0,0.0,0.0,0.0,0.0,0.0,0.0,0.0,0.0,0.0,0.0,0.0,0.0,0.0,0.0,0.0,0.0,0.0,0.0,0.0,0.0,0.0,0.0,0.0,0.0,0.0,0.0,0.0,0.0,0.0,0.0,0.0,0.0,0.0,0.003291642173684891,0.0,0.0003384513547643833,0.0,0.0,0.0,0.0,0.0,0.013153639330994282,0.0,0.0003384513547643833,0.0,0.0,0.0,0.0,0.0,0.0,0.0,0.0,0.0,0.0,0.0,0.0,0.0,0.0,0.0,0.00044790391111744997,0.0,0.0,0.0,0.0025646114372647956,0.0,0.0,0.0,0.0,0.0,0.014965983217633795,0.0,0.09840029915794726,0.0,0.0,0.0,0.0,0.0,0.0020052944892086,0.0,0.0,0.0,0.0,0.0,0.0,0.0,0.0691524801982773,0.0,0.0,0.0,0.03970834245491353,0.0,0.01349704130552705,0.0,0.011237753462046331,0.0,0.009367817873135169,0.0,0.0,,0.0,0.0,0.2744295601215627,0.0,0.025367128953803292,0.0,0.0362807846265948,0.0,0.02627454213798044,0.0,0.011926983159759758,0.0,0.0,,,,,,,,0.00370575648266818,0.0,,,,,,,,,,,0.0,0.0,0.0,0.0,0.0,0.0,0.0,0.0,0.0,0.0,0.0,0.0,0.0,0.0,0.0,0.0,0.0,0.0,0.0,0.0,0.0,0.0,0.0,0.0,0.0,0.0,0.0,0.0,0.0,0.0,0.0,0.0,0.0,0.0,0.0,0.0,0.0,0.0,0.0,0.0,0.0,0.0,0.3322096024122503,0.0,0.024300235575841062,0.0,0.005773126847796197,0.0,0.005436157114066446,0.0,0.0,,0.00177619809983295,1.0,,,,,,,,,,,,,,,,,,,,,1,0,99,0
2,region_02,2025-02-15,,,,,,,,,,,,,,,0.0,0.0,,,,,,,,,,,,,,,,,,,,,,,,,0.0,0.0,,,,,,,,,,,,,0.0,0.0,0.0,0.0,0.0,0.0,0.0,0.0,0.0,0.0,0.0,0.0,,,0.0,0.0,0.0,0.0,0.0,0.0,0.0,0.0,0.0,0.0,0.0,0.0,0.0,0.0,0.0,0.0,0.0,0.0,0.0,0.0,0.0,0.0,0.0,0.0,0.0,0.0,0.0,0.0,0.0,0.0,0.0,0.0,0.0,0.0,0.0,0.0,0.0,0.0,0.0,0.0,0.0,0.0,0.0,0.0,0.0,0.0,0.0,0.0,0.0,0.0,0.0,0.0,0.0,0.0,0.0011067357263527375,0.0,0.0006769027095287666,0.0,0.0,0.0,0.0,0.0,0.008831817074678788,0.0,0.0006769027095287666,0.0,0.0,0.0,0.0,0.0,0.0,0.0,0.0,0.0,0.0,0.0,0.0,0.0,0.0,0.0,0.0008958078222348999,0.0,0.0,0.0,0.0006769027095287666,0.0,0.0,0.0,0.0,0.0,0.025797764537855924,0.0,0.09559488892555232,0.0,0.0,0.0,0.0,0.0,0.0040105889784172,0.0,0.0,0.0,0.0,0.0,0.0,0.0,0.078902993351221,0.0,0.0,0.0,0.047368615865707335,0.0,0.014083519267539134,0.0,0.012741401605308001,0.0,0.0105524722486734,0.0,0.0,,0.0,0.0,0.29202836006879807,0.0,0.017727371421642574,0.0,0.03538647061213846,0.0,0.0280627105385065,0.0,0.012976059922948438,0.0,0.0,,,,,,,,0.00608974164351816,0.0,,,,,,,,,,,0.0,0.0,0.0,0.0,0.0,0.0,0.0,0.0,0.0,0.0,0.0,0.0,0.0,0.0,0.0,0.0,0.0,0.0,0.0,0.0,0.0,0.0,0.0,0.0,0.0,0.0,0.0,0.0,0.0,0.0,0.0,0.0,0.0,0.0,0.0,0.0,0.0,0.0,0.0,0.0,0.0,0.0,0.31828389316797256,0.0,0.015411991509608876,0.0,0.0016561472148168375,0.0,0.002366766304476137,0.0,0.0,,0.0035523961996659,0.0,,,,,,,,,,,,,,,,,,,,,0,0,100,1
2,region_02,2025-02-22,,,,,,,,,,,,,,,0.0,0.0,,,,,,,,,,,,,,,,,,,,,,,,,0.0,0.0,,,,,,,,,,,,,0.0,0.0,0.0,0.0,0.0,0.0,0.0,0.0,0.0,0.0,0.0,0.0,,,0.0,0.0,0.0,0.0,0.0,0.0,0.0,0.0,0.0,0.0,0.0,0.0,0.0,0.0,0.0,0.0,0.0,0.0,0.0,0.0,0.0,0.0,0.0,0.0,0.0,0.0,0.0,0.0,0.0,0.0,0.0,0.0,0.0,0.0,0.0,0.0,0.0,0.0,0.0,0.0,0.0,0.0,0.0,0.0,0.0,0.0,0.0,0.0,0.0,0.0,0.0,0.0,0.0,0.0,0.0005533678631763687,0.0,0.0003384513547643833,0.0,0.0,0.0,0.0,0.0,0.006746467649160535,0.0,0.0016469685360789082,0.0,0.0,0.0,0.0,0.0,0.0,0.0,0.0,0.0,0.0,0.0,0.0,0.0,0.0,0.0,0.00165754746412855,0.0,0.0,0.0,0.0003384513547643833,0.0,0.0,0.0,0.0,0.0,0.018472984383281797,0.0,0.07978577278554433,0.0,0.0,0.0,0.0,0.0,0.0020052944892086,0.0,0.0,0.0,0.0,0.0,0.0009458505664952,0.0,0.07654701359570021,0.0,0.0,0.0,0.06261869892477984,0.0,0.013500375517954383,0.0,0.014691054169088549,0.0,0.02089600153267379,0.0,0.0023159711854532,2.0,0.0,0.0,0.32274761210594854,0.0,0.0165403573690647,0.0,0.031598342881937067,0.0,0.017159120587166368,0.0,0.015927499276585832,0.0,0.0,,,,,,,,0.0049431902822106594,0.0,,,,,,,,,,,0.0,0.0,0.0,0.0,0.0,0.0,0.0,0.0,0.0,0.0,0.0,0.0,0.0,0.0,0.0,0.0,0.0,0.0,0.0,0.0,0.0,0.0,0.0,0.0,0.0,0.0,0.0,0.0,0.0,0.0,0.0,0.0,0.0,0.0,0.0,0.0,0.0,0.0,0.0,0.0,0.0,0.0,0.29968855796115734,0.0,0.023403597804385053,0.0,0.0071786403069771035,0.0,0.00218020143594389,0.0,0.0,,0.00177619809983295,0.0,,,,,,,,,,,,,,,,,,,,,0,1,100,2
2,region_02,2025-03-01,,,,,,,,,,,,,,,0.0,0.0,,,,,,,,,,,,,,,,,,,,,,,,,0.0,0.0,,,,,,,,,,,,,0.0,0.0,0.0,0.0,0.0,0.0,0.0,0.0,0.0,0.0,0.0,0.0,,,0.0,0.0,0.0,0.0,0.0,0.0,0.0,0.0,0.0,0.0,0.0,0.0,0.0,0.0,0.0,0.0,0.0,0.0,0.0,0.0,0.0,0.0,0.0,0.0,0.0,0.0,0.0,0.0,0.0,0.0,0.0,0.0,0.0,0.0,0.0,0.0,0.0,0.0,0.0,0.0,0.0,0.0,0.0,0.0,0.0,0.0,0.0,0.0,0.0,0.0,0.0,0.0,0.0,0.0,0.0,0.0,0.0,0.0,0.0,0.0,0.0,0.0,0.004661118223642283,0.0,0.00261703436262905,0.0,0.0,0.0,0.0,0.0,0.0,0.0,0.0,0.0,0.0,0.0,0.0,0.0,0.0,0.0,0.0024192871060222,0.0,0.0,0.0,0.0,0.0,0.0,0.0,0.0,0.0,0.011148204228707671,0.0,0.06397665664553635,0.0,0.0,0.0,0.0,0.0,0.0,0.0,0.0,0.0,0.0,0.0,0.0018917011329904,0.0,0.0741910338401794,0.0,0.0,0.0,0.07786878198385234,0.0,0.012917231768369633,0.0,0.016640706732869097,0.0,0.031239530816674178,0.0,0.0046319423709064,0.0,0.0,0.0,0.353466864143099,0.0,0.015353343316486828,0.0,0.027810215151735672,0.0,0.006255530635826233,0.0,0.018878938630223226,0.0,0.0,,,,,,,,0.00379663892090316,0.0,,,,,,,,,,,0.0,0.0,0.0,0.0,0.0,0.0,0.0,0.0,0.0,0.0,0.0,0.0,0.0,0.0,0.0,0.0,0.0,0.0,0.0,0.0,0.0,0.0,0.0,0.0,0.0,0.0,0.0,0.0,0.0,0.0,0.0,0.0,0.0,0.0,0.0,0.0,0.0,0.0,0.0,0.0,0.0,0.0,0.2810932227543422,0.0,0.03139520409916123,0.0,0.01270113339913737,0.0,0.001993636567411643,0.0,0.0,,0.0,0.0,,,,,,,,,,,,,,,,,,,,,0,0,101,3
2,region_02,2025-03-08,,,,,,,,,,,,,,,0.0,0.0,,,,,,,,,,,,,,,,,,,,,,,,,0.0,0.0,,,,,,,,,,,,,0.0,0.0,0.0,0.0,0.0,0.0,0.0,0.0,0.0,0.0,0.0,0.0,,,0.0,0.0,0.0,0.0,0.0,0.0,0.0,0.0,0.0,0.0,0.0,0.0,0.0,0.0,0.0,0.0,0.0,0.0,0.0,0.0,0.0,0.0,0.0,0.0,0.0,0.0,0.0,0.0,0.0,0.0,0.0,0.0,0.0,0.0,0.0,0.0,0.0,0.0,0.0,0.0,0.0,0.0,0.0,0.0,0.0,0.0,0.0,0.0,0.0,0.0,0.0,0.0,0.0,0.0,0.0,0.0,0.0,0.0,0.0,0.0,0.0,0.0,0.004998827566547904,0.0,0.001308517181314525,0.0,0.0,0.0,0.0,0.0,0.0,0.0,0.0,0.0,0.0,0.0,0.0,0.0,0.0,0.0,0.0012096435530111,0.0,0.0,0.0,0.0,0.0,0.0,0.0,0.0,0.0,0.010371529330898552,0.0,0.05358827486634248,0.0,0.0,0.0,0.0,0.0,0.0,0.0,0.0,0.0,0.0,0.0,0.0009458505664952,0.0,0.07975943138202027,0.0,0.0,0.0,0.05196924787014718,0.0,0.012354551271224968,0.0,0.01639180807396764,0.0,0.0419422591105103,0.0,0.002846903225872625,0.0,0.0,0.0,0.4447473564318248,0.0,0.016680052980691855,0.0,0.027611186639183993,0.0,0.005241319711785717,0.0,0.014336165972053954,0.0,0.0,,,,,,,,0.0030695758759975,0.0,,,,,,,,,,,0.0,0.0,0.0,0.0,0.0,0.0,0.0,0.0,0.0,0.0,0.0,0.0,0.0,0.0,0.0,0.0,0.0,0.0,0.0,0.0,0.0,0.0,0.0,0.0,0.0,0.0,0.0,0.0,0.0,0.0,0.0,0.0,0.0,0.0,0.0,0.0,0.0,0.0,0.0,0.0,0.0,0.0,0.199811273121408,0.0,0.025339072281938164,0.0,0.00866138868011706,0.0,0.0045013082202612215,0.0,0.0,,0.002335173427127275,0.0,,,,,,,,,,,,,,,,,,,,,0,0,101,4
2,region_02,2025-03-15,,,,,,,,,,,,,,,0.0,0.0,,,,,,,,,,,,,,,,,,,,,,,,,0.0,0.0,,,,,,,,,,,,,0.0,0.0,0.0,0.0,0.0,0.0,0.0,0.0,0.0,0.0,0.0,0.0,,,0.0,0.0,0.0,0.0,0.0,0.0,0.0,0.0,0.0,0.0,0.0,0.0,0.0,0.0,0.0,0.0,0.0,0.0,0.0,0.0,0.0,0.0,0.0,0.0,0.0,0.0,0.0,0.0,0.0,0.0,0.0,0.0,0.0,0.0,0.0,0.0,0.0,0.0,0.0,0.0,0.0,0.0,0.0,0.0,0.0,0.0,0.0,0.0,0.0,0.0,0.0,0.0,0.0,0.0,0.0,0.0,0.0,0.0,0.0,0.0,0.0,0.0,0.005336536909453525,0.0,0.0,0.0,0.0,0.0,0.0,0.0,0.0,0.0,0.0,0.0,0.0,0.0,0.0,0.0,0.0,0.0,0.0,0.0,0.0,0.0,0.0,0.0,0.0,0.0,0.0,0.0,0.009594854433089434,0.0,0.04319989308714861,0.0,0.0,0.0,0.0,0.0,0.0,0.0,0.0,0.0,0.0,0.0,0.0,0.0,0.08532782892386113,0.0,0.0,0.0,0.026069713756442014,0.0,0.011791870774080301,0.0,0.01614290941506618,0.0,0.05264498740434642,0.0,0.00106186408083885,0.0,0.0,0.0,0.5360278487205505,0.0,0.018006762644896885,0.0,0.027412158126632318,0.0,0.0042271087877452,0.0,0.009793393313884683,0.0,0.0,,,,,,,,0.00234251283109184,0.0,,,,,,,,,,,0.0,0.0,0.0,0.0,0.0,0.0,0.0,0.0,0.0,0.0,0.0,0.0,0.0,0.0,0.0,0.0,0.0,0.0,0.0,0.0,0.0,0.0,0.0,0.0,0.0,0.0,0.0,0.0,0.0,0.0,0.0,0.0,0.0,0.0,0.0,0.0,0.0,0.0,0.0,0.0,0.0,0.0,0.11852932348847385,0.0,0.0192829404647151,0.0,0.00462164396109675,0.0,0.0070089798731108,0.0,0.0,,0.00467034685425455,0.0,,,,,,,,,,,,,,,,,,,,,0,0,101,5
2,region_02,2025-03-22,,,,,,,,,,,,,,,0.0,0.0,,,,,,,,,,,,,,,,,,,,,,,,,0.0,0.0,,,,,,,,,,,,,0.0,0.0,0.0,0.0,0.0,0.0,0.0,0.0,0.0,0.0,0.0,0.0,,,0.0,0.0,0.0,0.0,0.0,0.0,0.0,0.0,0.0,0.0,0.0,0.0,0.0,0.0,0.0,0.0,0.0,0.0,0.0,0.0,0.0,0.0,0.0,0.0,0.0,0.0,0.0,0.0,0.0,0.0,0.0,0.0,0.0,0.0,0.0,0.0,0.0,0.0,0.0,0.0,0.0,0.0,0.0,0.0,0.0,0.0,0.0,0.0,0.0,0.0,0.0,0.0,0.0,0.0,0.0,0.0,0.0,0.0,0.0,0.0,0.0,0.0,0.0026682684547267624,0.0,0.0,0.0,0.0,0.0,0.0,0.0,0.0,0.0,0.0,0.0,0.0,0.0,0.0,0.0,0.0,0.0,0.0,0.0,0.0,0.0,0.0,0.0,0.0,0.0,0.0,0.0,0.007545448839664407,0.0,0.047960383072495415,0.0,0.0,0.0,0.0,0.0,0.0,0.0,0.0,0.0,0.0,0.0,0.0,0.0,0.07563038170337671,0.0,0.0,0.0,0.028314579091966108,0.0,0.00675556465672946,0.0,0.0224706531502306,0.0,0.05468003824353214,0.0,0.0016142537933774,0.0,0.0,0.0,0.5496577680110931,0.0,0.012668869628881384,0.0,0.030756885496278558,0.0,0.0021135543938726,0.0,0.008602787787094661,0.0,0.0,,,,,,,,0.00572143001481887,0.0,,,,,,,,,,,0.0,0.0,0.0,0.0,0.0,0.0,0.0,0.0,0.0,0.0,0.0,0.0,0.0,0.0,0.0,0.0,0.0,0.0,0.0,0.0,0.0,0.0,0.0,0.0,0.0,0.0,0.0,0.0,0.0,0.0,0.0,0.0,0.0,0.0,0.0,0.0,0.0,0.0,0.0,0.0,0.0,0.0,0.09437214285135265,0.0,0.01856425687049821,0.0,0.002310821980548375,0.0,0.01026426648410654,0.0,0.0015095991548150626,2.0,0.0164394954917952,0.0,,,,,,,,,,,,,,,,,,,,,0,1,101,6
2,region_02,2025-03-29,,,,,,,,,,,,,,,0.0,0.0,,,,,,,,,,,,,,,,,,,,,,,,,0.0,0.0,,,,,,,,,,,,,0.0,0.0,0.0,0.0,0.0,0.0,0.0,0.0,0.0,0.0,0.0,0.0,,,0.0,0.0,0.0,0.0,0.0,0.0,0.0,0.0,0.0,0.0,0.0,0.0,0.0,0.0,0.0,0.0,0.0,0.0,0.0,0.0,0.0,0.0,0.0,0.0,0.0,0.0,0.0,0.0,0.0,0.0,0.0,0.0,0.0,0.0,0.0,0.0,0.0,0.0,0.0,0.0,0.0,0.0,0.0,0.0,0.0,0.0,0.0,0.0,0.0,0.0,0.0,0.0,0.0,0.0,0.0,0.0,0.0,0.0,0.0,0.0,0.0,0.0,0.0,0.0,0.0,0.0,0.0,0.0,0.0,0.0,0.0,0.0,0.0,0.0,0.0,0.0,0.0,0.0,0.0,0.0,0.0,0.0,0.0,0.0,0.0,0.0,0.0,0.0,0.0,0.0,0.00549604324623938,0.0,0.05272087305784222,0.0,0.0,0.0,0.0,0.0,0.0,0.0,0.0,0.0,0.0,0.0,0.0,0.0,0.0659329344828923,0.0,0.0,0.0,0.0305594444274902,0.0,0.00171925853937862,0.0,0.028798396885395018,0.0,0.056715089082717864,0.0,0.00216664350591595,0.0,0.0,0.0,0.5632876873016357,0.0,0.007330976612865881,0.0,0.0341016128659248,0.0,0.0,0.0,0.00741218226030464,0.0,0.0,,,,,,,,0.0091003471985459,0.0,,,,,,,,,,,0.0,0.0,0.0,0.0,0.0,0.0,0.0,0.0,0.0,0.0,0.0,0.0,0.0,0.0,0.0,0.0,0.0,0.0,0.0,0.0,0.0,0.0,0.0,0.0,0.0,0.0,0.0,0.0,0.0,0.0,0.0,0.0,0.0,0.0,0.0,0.0,0.0,0.0,0.0,0.0,0.0,0.0,0.07021496221423144,0.0,0.017845573276281317,0.0,0.0,0.0,0.01351955309510228,0.0,0.003019198309630125,0.0,0.02820864412933585,0.0,,,,,,,,,,,,,,,,,,,,,0,0,102,7
2,region_02,2025-04-05,,,,,,,,,,,,,,,0.0,0.0,,,,,,,,,,,,,,,,,,,,,,,,,0.0,0.0,,,,,,,,,,,,,0.0,0.0,0.0,0.0,0.0,0.0,0.0,0.0,0.0,0.0,0.0,0.0,,,0.0,0.0,0.0,0.0,0.0,0.0,0.0,0.0,0.0,0.0,0.0,0.0,0.0,0.0,0.0,0.0,0.0,0.0,0.0,0.0,0.0,0.0,0.0,0.0,0.0,0.0,0.0,0.0,0.0,0.0,0.0,0.0,0.0,0.0,0.0,0.0,0.0,0.0,0.0,0.0,0.0,0.0,0.0,0.0,0.0,0.0,0.0,0.0,0.0,0.0,0.0,0.0,0.0,0.0,0.0035459673963486996,0.0,0.0,0.0,0.0,0.0,0.0,0.0,0.0,0.0,0.0,0.0,0.0,0.0,0.0,0.0,0.0,0.0,0.0,0.0,0.0,0.0,0.0,0.0,0.0,0.0,0.0,0.0,0.0,0.0,0.0,0.0,0.0,0.0,0.0,0.0,0.005705056129954715,0.0,0.0351276928093284,0.0,0.0,0.0,0.0,0.0,0.0,0.0,0.0,0.0,0.0,0.0,0.0,0.0,0.06000201652447376,0.0,0.0,0.0,0.05607941821217535,0.0,0.0028487116447649726,0.0,0.017058241507038448,0.0,0.05667257737368342,0.0,0.012328843004070174,0.0,0.0,0.0,0.598341292142868,0.0,0.006920479563996153,0.0,0.02113646047655489,0.0,0.0017729836981743498,0.0,0.005534471379360145,0.0,0.0,,,,,,,,0.00455017359927295,0.0,,,,,,,,,,,0.0,0.0,0.0,0.0,0.0,0.0,0.0,0.0,0.0,0.0,0.0,0.0,0.0,0.0,0.0,0.0,0.0,0.0,0.0,0.0,0.0,0.0,0.0,0.0,0.0,0.0,0.0,0.0,0.0,0.0,0.0,0.0,0.0,0.0,0.0,0.0,0.0,0.0,0.0,0.0,0.0,0.0,0.06250661546364422,0.0,0.013410209980793246,0.0,0.0,0.0,0.00675977654755114,0.0,0.002936210163170425,0.0,0.0260756178759038,0.0,,,,,,,,,,,,,,,,,,,,,0,0,102,8
2,region_02,2025-04-12,,,,,,,,,,,,,,,0.0,0.0,,,,,,,,,,,,,,,,,,,,,,,,,0.0,0.0,,,,,,,,,,,,,0.0,0.0,0.0,0.0,0.0,0.0,0.0,0.0,0.0,0.0,0.0,0.0,,,0.0,0.0,0.0,0.0,0.0,0.0,0.0,0.0,0.0,0.0,0.0,0.0,0.0,0.0,0.0,0.0,0.0,0.0,0.0,0.0,0.0,0.0,0.0,0.0,0.0,0.0,0.0,0.0,0.0,0.0,0.0,0.0,0.0,0.0,0.0,0.0,0.0,0.0,0.0,0.0,0.0,0.0,0.0,0.0,0.0,0.0,0.0,0.0,0.0,0.0,0.0,0.0,0.0,0.0,0.007091934792697399,0.0,0.0,0.0,0.0,0.0,0.0,0.0,0.0,0.0,0.0,0.0,0.0,0.0,0.0,0.0,0.0,0.0,0.0,0.0,0.0,0.0,0.0,0.0,0.0,0.0,0.0,0.0,0.0,0.0,0.0,0.0,0.0,0.0,0.0,0.0,0.00591406901367005,0.0,0.017534512560814574,0.0,0.0,0.0,0.0,0.0,0.0,0.0,0.0,0.0,0.0,0.0,0.0,0.0,0.05407109856605523,0.0,0.0,0.0,0.0815993919968605,0.0,0.003978164750151325,0.0,0.0053180861286818756,0.0,0.056630065664648975,0.0,0.0224910425022244,0.0,0.0,0.0,0.6333948969841003,0.0,0.006509982515126425,0.0,0.008171308087184975,0.0,0.0035459673963486996,0.0,0.00365676049841565,0.0,0.0,,,,,,,,0.0,0.0,,,,,,,,,,,0.0,0.0,0.0,0.0,0.0,0.0,0.0,0.0,0.0,0.0,0.0,0.0,0.0,0.0,0.0,0.0,0.0,0.0,0.0,0.0,0.0,0.0,0.0,0.0,0.0,0.0,0.0,0.0,0.0,0.0,0.0,0.0,0.0,0.0,0.0,0.0,0.0,0.0,0.0,0.0,0.0,0.0,0.054798268713057,0.0,0.008974846685305175,0.0,0.0,0.0,0.0,0.0,0.002853222016710725,0.0,0.02394259162247175,0.0,,,,,,,,,,,,,,,,,,,,,0,0,102,9
2,region_02,2025-04-19,,,,,,,,,,,,,,,0.0,0.0,,,,,,,,,,,,,,,,,,,,,,,,,0.0,0.0,,,,,,,,,,,,,0.0,0.0,0.0,0.0,0.0,0.0,0.0,0.0,0.0,0.0,0.0,0.0,,,0.0,0.0,0.0,0.0,0.0,0.0,0.0,0.0,0.0,0.0,0.0,0.0,0.0,0.0,0.0,0.0,0.0,0.0,0.0,0.0,0.0,0.0,0.0,0.0,0.0,0.0,0.0,0.0,0.0,0.0,0.0,0.0,0.0,0.0,0.0,0.0,0.0,0.0,0.0,0.0,0.0,0.0,0.0,0.0,0.0,0.0,0.0,0.0,0.0,0.0,0.0,0.0,0.0,0.0,0.0035459673963486996,0.0,0.0,0.0,0.0,0.0,0.0,0.0,0.0,0.0,0.0,0.0,0.0,0.0,0.0,0.0,0.0,0.0,0.0,0.0,0.0,0.0,0.0,0.0,0.0,0.0,0.0,0.0,0.0,0.0,0.0,0.0,0.0,0.0,0.0,0.0,0.002957034506835025,0.0,0.008767256280407287,0.0,0.0,0.0,0.0,0.0,0.0,0.0,0.0,0.0,0.0,0.0,0.0,0.0,0.044955348285535913,0.0,0.0,0.0,0.05689201038330792,0.0,0.0019890823750756625,0.0,0.0026590430643409378,0.0,0.03746290256579714,0.0,0.0112455212511122,0.0,0.0,0.0,0.6978169083595276,0.0,0.0032549912575632126,0.0,0.020177968428470153,0.0,0.0017729836981743498,0.0,0.001828380249207825,0.0,0.0,,,,,,,,0.0,0.0,,,,,,,,,,,0.0,0.0,0.0,0.0,0.0,0.0,0.0,0.0,0.0,0.0,0.0,0.0,0.0,0.0,0.0,0.0,0.0,0.0,0.0,0.0,0.0,0.0,0.0,0.0,0.0,0.0,0.0,0.0,0.0,0.0,0.0,0.0,0.0,0.0,0.0,0.0,0.0,0.0,0.0,0.0,0.0,0.0,0.04349144874140617,0.0,0.038875476884034726,0.0,0.0,0.0,0.0,0.0,0.0014266110083553626,0.0,0.02569310041144485,0.0,,,,,,,,,,,,,,,,,,,,,0,0,102,10
2,region_02,2025-04-26,,,,,,,,,,,,,,,0.0,0.0,,,,,,,,,,,,,,,,,,,,,,,,,0.0,0.0,,,,,,,,,,,,,0.0,0.0,0.0,0.0,0.0,0.0,0.0,0.0,0.0,0.0,0.0,0.0,,,0.0,0.0,0.0,0.0,0.0,0.0,0.0,0.0,0.0,0.0,0.0,0.0,0.0,0.0,0.0,0.0,0.0,0.0,0.0,0.0,0.0,0.0,0.0,0.0,0.0,0.0,0.0,0.0,0.0,0.0,0.0,0.0,0.0,0.0,0.0,0.0,0.0,0.0,0.0,0.0,0.0,0.0,0.0,0.0,0.0,0.0,0.0,0.0,0.0,0.0,0.0,0.0,0.0,0.0,0.0,0.0,0.0,0.0,0.0,0.0,0.0,0.0,0.0,0.0,0.0,0.0,0.0,0.0,0.0,0.0,0.0,0.0,0.0,0.0,0.0,0.0,0.0,0.0,0.0,0.0,0.0,0.0,0.0,0.0,0.0,0.0,0.0,0.0,0.0,0.0,0.0,0.0,0.0,0.0,0.0,0.0,0.0,0.0,0.0,0.0,0.0,0.0,0.0,0.0,0.0,0.0,0.0358395980050166,0.0,0.0,0.0,0.032184628769755336,0.0,0.0,0.0,0.0,0.0,0.0182957394669453,0.0,0.0,0.0,0.0,0.0,0.7622389197349548,0.0,0.0,0.0,0.032184628769755336,0.0,0.0,0.0,0.0,0.0,0.0,,,,,,,,0.0,0.0,,,,,,,,,,,0.0,0.0,0.0,0.0,0.0,0.0,0.0,0.0,0.0,0.0,0.0,0.0,0.0,0.0,0.0,0.0,0.0,0.0,0.0,0.0,0.0,0.0,0.0,0.0,0.0,0.0,0.0,0.0,0.0,0.0,0.0,0.0,0.0,0.0,0.0,0.0,0.0,0.0,0.0,0.0,0.0,0.0,0.032184628769755336,0.0,0.06877610708276427,0.0,0.0,0.0,0.0,0.0,0.0,0.0,0.02744360920041795,0.0,,,,,,,,,,,,,,,,,,,,,0,0,102,11
2,region_02,2025-05-03,,,,,,,,,,,,,,,0.0,0.0,,,,,,,,,,,,,,,,,,,,,,,,,0.0,0.0,,,,,,,,,,,,,0.0,0.0,0.0,0.0,0.0,0.0,0.0,0.0,0.0,0.0,0.0,0.0,,,0.0,0.0,0.0,0.0,0.0,0.0,0.0,0.0,0.0,0.0,0.0,0.0,0.0,0.0,0.0,0.0,0.0,0.0,0.0,0.0,0.0,0.0,0.0,0.0,0.0,0.0,0.0,0.0,0.0,0.0,0.0,0.0,0.0,0.0,0.0,0.0,0.0,0.0,0.0,0.0,0.0,0.0,0.0,0.0,0.0,0.0,0.0,0.0,0.0,0.0,0.0,0.0,0.0,0.0,0.0,0.0,0.0,0.0,0.0,0.0,0.0,0.0,0.0,0.0,0.0,0.0,0.0,0.0,0.0,0.0,0.0,0.0,0.0,0.0,0.0,0.0,0.0,0.0,0.0,0.0,0.0,0.0,0.0,0.0,0.0,0.0,0.0,0.0,0.0,0.0,0.0,0.0,0.012092074844986176,0.0,0.0,0.0,0.0,0.0,0.0,0.0,0.0,0.0,0.0,0.0,0.0,0.0,0.0179197990025083,0.0,0.0,0.0,0.028184389229863844,0.0,0.00568181835114955,0.0,0.00568181835114955,0.0,0.021239944578458826,0.0,0.0,0.0,0.0,0.0,0.7011952251195908,0.0,0.0,0.0,0.016092314384877668,0.0,0.0,0.0,0.0,0.0,0.0,,,,,,,,0.0,0.0,,,,,,,,,,,0.0,0.0,0.0,0.0,0.0,0.0,0.0,0.0,0.0,0.0,0.0,0.0,0.0,0.0,0.0,0.0,0.0,0.0,0.0,0.0,0.0,0.0,0.0,0.0,0.0,0.0,0.0,0.0,0.0,0.0,0.0,0.0,0.0,0.0,0.0,0.0,0.0,0.0,0.0,0.0,0.0,0.0,0.07014243211597199,0.0,0.07634609689315155,0.0,0.0,0.0,0.012092074844986176,0.0,0.0,0.0,0.03790595429018135,0.0,,,,,,,,,,,,,,,,,,,,,0,0,102,12
2,region_02,2025-05-10,,,,,,,,,,,,,,,0.0,0.0,,,,,,,,,,,,,,,,,,,,,,,,,0.0,0.0,,,,,,,,,,,,,0.0,0.0,0.0,0.0,0.0,0.0,0.0,0.0,0.0,0.0,0.0,0.0,,,0.0,0.0,0.0,0.0,0.0,0.0,0.0,0.0,0.0,0.0,0.0,0.0,0.0,0.0,0.0,0.0,0.0,0.0,0.0,0.0,0.0,0.0,0.0,0.0,0.0,0.0,0.0,0.0,0.0,0.0,0.0,0.0,0.0,0.0,0.0,0.0,0.0,0.0,0.0,0.0,0.0,0.0,0.0,0.0,0.0,0.0,0.0,0.0,0.0,0.0,0.0,0.0,0.0,0.0,0.0,0.0,0.0,0.0,0.0,0.0,0.0,0.0,0.0,0.0,0.0,0.0,0.0,0.0,0.0,0.0,0.0,0.0,0.0,0.0,0.0,0.0,0.0,0.0,0.0,0.0,0.0,0.0,0.0,0.0,0.0,0.0,0.0,0.0,0.0,0.0,0.0,0.0,0.024184149689972352,0.0,0.0,0.0,0.0,0.0,0.0,0.0,0.0,0.0,0.0,0.0,0.0,0.0,0.0,0.0,0.0,0.0,0.024184149689972352,0.0,0.0113636367022991,0.0,0.0113636367022991,0.0,0.024184149689972352,0.0,0.0,0.0,0.0,0.0,0.6401515305042267,0.0,0.0,0.0,0.0,0.0,0.0,0.0,0.0,0.0,0.0,,,,,,,,0.0,0.0,,,,,,,,,,,0.0,0.0,0.0,0.0,0.0,0.0,0.0,0.0,0.0,0.0,0.0,0.0,0.0,0.0,0.0,0.0,0.0,0.0,0.0,0.0,0.0,0.0,0.0,0.0,0.0,0.0,0.0,0.0,0.0,0.0,0.0,0.0,0.0,0.0,0.0,0.0,0.0,0.0,0.0,0.0,0.0,0.0,0.10810023546218865,0.0,0.08391608670353885,0.0,0.0,0.0,0.024184149689972352,0.0,0.0,0.0,0.04836829937994475,0.0,,,,,,,,,,,,,,,,,,,,,0,0,102,13
2,region_02,2025-05-17,,,,,,,,,,,,,,,0.0,0.0,,,,,,,,,,,,,,,,,,,,,,,,,0.0,0.0,,,,,,,,,,,,,0.0,0.0,0.0,0.0,0.0,0.0,0.0,0.0,0.0,0.0,0.0,0.0,,,0.0,0.0,0.0,0.0,0.0,0.0,0.0,0.0,0.0,0.0,0.0,0.0,0.0,0.0,0.0,0.0,0.0,0.0,0.0,0.0,0.0,0.0,0.0,0.0,0.0,0.0,0.0,0.0,0.0,0.0,0.0,0.0,0.0,0.0,0.0,0.0,0.0,0.0,0.0,0.0,0.0,0.0,0.0,0.0,0.0,0.0,0.0,0.0,0.0,0.0,0.0,0.0,0.0,0.0,0.0,0.0,0.0,0.0,0.0,0.0,0.0,0.0,0.0,0.0,0.0,0.0,0.0,0.0,0.0,0.0,0.0,0.0,0.0,0.0,0.0,0.0,0.0,0.0,0.0,0.0,0.0,0.0,0.0,0.0,0.0,0.0,0.0,0.0,0.0,0.0,0.0,0.0,0.03175461711361997,0.0,0.0,0.0,0.0,0.0,0.0,0.0,0.0,0.0,0.0,0.0,0.0,0.0,0.0112513368949294,0.0,0.0,0.0,0.021923345979303076,0.0,0.00568181835114955,0.0,0.00568181835114955,0.0,0.012092074844986176,0.0,0.0098312711343169,0.0,0.0,0.0,0.5387353301048279,0.0,0.0,0.0,0.0098312711343169,0.0,0.0,0.0,0.0,0.0,0.0103982193395495,2.0,,,,,,,0.0103982193395495,0.0,,,,,,,,,,,0.0,0.0,0.0,0.0,0.0,0.0,0.0,0.0,0.0,0.0,0.0,0.0,0.0,0.0,0.0,0.0,0.0,0.0,0.0,0.0,0.0,0.0,0.0,0.0,0.0,0.0,0.0,0.0,0.0,0.0,0.0,0.0,0.0,0.0,0.0,0.0,0.0,0.0,0.0,0.0,0.0,0.0,0.14536630362272257,0.0,0.06446071714162822,0.0,0.0,0.0,0.012092074844986176,0.0,0.0098312711343169,0.0,0.10067032743245358,0.0,,,,,,,,,,,,,,,,,,,,,0,1,102,14
2,region_02,2025-05-24,,,,,,,,,,,,,,,0.0,0.0,,,,,,,,,,,,,,,,,,,,,,,,,0.0,0.0,,,,,,,,,,,,,0.0,0.0,0.0,0.0,0.0,0.0,0.0,0.0,0.0,0.0,0.0,0.0,,,0.0,0.0,0.0,0.0,0.0,0.0,0.0,0.0,0.0,0.0,0.0,0.0,0.0,0.0,0.0,0.0,0.0,0.0,0.0,0.0,0.0,0.0,0.0,0.0,0.0,0.0,0.0,0.0,0.0,0.0,0.0,0.0,0.0,0.0,0.0,0.0,0.0,0.0,0.0,0.0,0.0,0.0,0.0,0.0,0.0,0.0,0.0,0.0,0.0,0.0,0.0,0.0,0.0,0.0,0.0,0.0,0.0,0.0,0.0,0.0,0.0,0.0,0.0,0.0,0.0,0.0,0.0,0.0,0.0,0.0,0.0,0.0,0.0,0.0,0.0,0.0,0.0,0.0,0.0,0.0,0.0,0.0,0.0,0.0,0.0,0.0,0.0,0.0,0.0,0.0,0.0,0.0,0.0393250845372676,0.0,0.0,0.0,0.0,0.0,0.0,0.0,0.0,0.0,0.0,0.0,0.0,0.0,0.0225026737898588,0.0,0.0,0.0,0.0196625422686338,0.0,0.0,0.0,0.0,0.0,0.0,0.0,0.0196625422686338,0.0,0.0,0.0,0.4373191297054291,0.0,0.0,0.0,0.0196625422686338,0.0,0.0,0.0,0.0,0.0,0.020796438679099,0.0,,,,,,,0.020796438679099,0.0,,,,,,,,,,,0.0,0.0,0.0,0.0,0.0,0.0,0.0,0.0,0.0,0.0,0.0,0.0,0.0,0.0,0.0,0.0,0.0,0.0,0.0,0.0,0.0,0.0,0.0,0.0,0.0,0.0,0.0,0.0,0.0,0.0,0.0,0.0,0.0,0.0,0.0,0.0,0.0,0.0,0.0,0.0,0.0,0.0,0.1826323717832565,0.0,0.0450053475797176,0.0,0.0,0.0,0.0,0.0,0.0196625422686338,0.0,0.1529723554849624,0.0,,,,,,,,,,,,,,,,,,,,,0,0,103,15
2,region_02,2025-05-31,,,,,,,,,,,,,,,0.003219461767002925,0.0,,,,,,,,,,,,,,,,,,,,,,,,,,,,,,,,,,,,,,,,,,,,,,,,,,,,,,,,,,,,,,,,,,,,,,,,,,,,,,,,,,,,,,,,,,,,,,,,,,,,,,,,,,,0.0005586592014878899,0.0,,,,,,,,,0.000724673015065485,0.0,,,,,,,,,,,,,,,,,,,,,,,,,0.0031093094148672874,0.0,0.02774600284174078,0.0,,,,,,,,,,,,,0.014360646309796688,0.0,,,0.01786099006421859,0.0,0.004201012488920212,0.0,0.007963856030255529,0.0,0.00690605668351052,0.0,0.02359783574938769,0.0,,,0.4693651795387268,0.0,,,0.012940580549184188,0.0,,,0.0031093094148672874,0.0,0.040504572292168875,0.0,,,,,,,0.0168675948865711,0.0,,,,,,,,,,,,,,,,,,,,,,,,,,,,,,,,,,,,,,,,,,,,,,,,,,,0.00037776004755868994,0.0,0.12919199876487253,0.0,0.04053294900804755,0.0,,,0.0031093094148672874,0.0,0.0222655333578586,0.0,0.1603371128439903,0.0,,,,,,,,,,,,,,,,,,,,,0,0,22,16
2,region_02,2025-06-07,,,,,,,,,,,,,,,0.00643892353400585,0.0,,,,,,,,,,,,,,,,,,,,,,,,,,,,,,,,,,,,,,,,,,,,,,,,,,,,,,,,,,,,,,,,,,,,,,,,,,,,,,,,,,,,,,,,,,,,,,,,,,,,,,,,,,,0.0011173184029757799,0.0,,,,,,,,,0.00144934603013097,0.0,,,,,,,,,,,,,,,,,,,,,,,,,0.006218618829734575,0.0,0.016166921146213962,0.0,,,,,,,,,,,,,0.006218618829734575,0.0,,,0.01605943785980338,0.0,0.008402024977840424,0.0,0.015927712060511058,0.0,0.01381211336702104,0.0,0.02753312923014158,0.0,,,0.5014112293720245,0.0,,,0.006218618829734575,0.0,,,0.006218618829734575,0.0,0.06021270590523875,0.0,0.00621713111177082,2.0,,,,,0.012938751094043199,0.0,0.00563168199732895,2.0,,,,,,,,,,,,,,,,,,,,,,,,,,,,,,,,,,,,,,,,,,,,,,,,,0.0007555200951173799,0.0,0.07575162574648854,0.0,0.0360605504363775,0.0,,,0.006218618829734575,0.0,0.0248685244470834,0.0,0.1677018702030182,0.0,,,,,,,,,,,,,,,,,,,,,0,2,22,17
2,region_02,2025-06-14,,,,,,,,,,,,,,,,,,,,,,,,,,,,,,,,,,,,,,,,,,,,,,,,,,,,,,,,,,,,,,,,,,,,,,,,,,,,,,,,,,,,,,,,,,,,,,,,,,,,,,,,,,,,,,,,,,,,,,,,,,,0.0016759776044636698,0.0,,,,,,,,,0.002174019045196455,0.0,,,,,,,,,,,,,,,,,,,,,,,,,0.007157533598365211,0.0,0.013838304990592055,0.0,,,,,,,,,,,,,0.005625502584734881,0.0,,,0.017243235441856034,0.0,0.007705013296799677,0.0,0.013876848429208569,0.0,0.012943111810212286,0.0,0.027525723166763723,0.0,,,0.4619550136849284,0.0,,,0.0061192245177355015,0.0,,,0.006157533574150826,0.0,0.06867157388478513,0.0,0.006874366523697925,0.0,,,,,0.012225692263261048,0.0,0.006767578481230838,0.0,,,,,,,,,,,,,,,,,,,,,,,,,,,,,,,,,,,,,,,,,,,,,,,,,0.0011332801426760697,0.0,0.0700827473774552,0.0,0.031192787783220384,0.0,,,,,0.028632020577788284,0.0,0.1884677242487669,0.0,,,,,,,,,,,,,,,,,,,,,0,0,22,18
2,region_02,2025-06-21,,,,,,,,,,,,,,,,,,,,,,,,,,,,,,,,,,,,,,,,,,,,,,,,,,,,,,,,,,,,,,,,,,,,,,,,,,,,,,,,,,,,,,,,,,,,,,,,,,,,,,,,,,,,,,,,,,,,,,,,,,,0.0022346368059515597,0.0,,,,,,,,,0.00289869206026194,0.0,,,,,,,,,,,,,,,,,,,,,,,,,0.008096448366995848,0.0,0.011509688834970147,0.0,,,,,,,,,,,,,0.005032386339735188,0.0,,,0.01842703302390869,0.0,0.00700800161575893,0.0,0.01182598479790608,0.0,0.012074110253403533,0.0,0.02751831710338587,0.0,,,0.4224987979978323,0.0,,,0.006019830205736429,0.0,,,0.006096448318567077,0.0,0.07713044186433152,0.0,0.0075316019356250295,0.0,,,,,0.0115126334324789,0.0,0.007903474965132724,0.0,,,,,,,,,,,,,,,,,,,,,,,,,,,,,,,,,,,,,,,,,,,,,,,,,0.0015110401902347598,0.0,0.06441386900842186,0.0,0.026325025130063268,0.0,,,,,0.032395516708493166,0.0,0.2092335782945156,0.0,,,,,,,,,,,,,,,,,,,,,0,0,22,19
2,region_02,2025-06-28,,,,,,,,,,,,,,,,,,,,,,,,,,,,,,,,,,,,,,,,,,,,,,,,,,,,,,,,,,,,,,,,,,,,,,,,,,,,,,,,,,,,,,,,,,,,,,,,,,,,,,,,,,,,,,,,,,,,,,,,,,,0.00279329600743945,0.0,,,,,,,,,0.0036233650753274248,0.0,,,,,,,,,,,,,,,,,,,,,,,,,0.009035363135626483,0.0,0.00918107267934824,0.0,,,,,,,,,,,,,0.004439270094735494,0.0,,,0.019610830605961346,0.0,0.006310989934718182,0.0,0.00977512116660359,0.0,0.011205108696594778,0.0,0.027510911040008017,0.0,,,0.3830425823107362,0.0,,,0.005920435893737356,0.0,,,0.006035363062983329,0.0,0.08558930984387791,0.0,0.008188837347552136,0.0,,,,,0.010799574601696749,0.0,0.009039371449034612,0.0,,,,,,,,,,,,,,,,,,,,,,,,,,,,,,,,,,,,,,,,,,,,,,,,,0.0018888002377934498,0.0,0.05874499063938852,0.0,0.021457262476906155,0.0,,,,,0.036159012839198056,0.0,0.22999943234026432,0.0,,,,,,,,,,,,,,,,,,,,,0,0,22,20
2,region_02,2025-07-05,,,,,,,,,,,,,,,,,,,,,,,,,,,,,,,,,,,,,,,,,,,,,,,,,,,,,,,,,,,,,,,,,,,,,,,,,,,,,,,,,,,,,,,,,,,,,,,,,,,,,,,,,,,,,,,,,,,,,,,,,,,0.0033519552089273396,0.0,,,,,,,,,0.00434803809039291,0.0,,,,,,,,,,,,,,,,,,,,,,,,,0.00997427790425712,0.0,0.006852456523726333,0.0,,,,,,,,,,,,,0.0038461538497358,0.0,,,0.020794628188014,0.0,0.0056139782536774345,0.0,0.0077242575353011,0.0,0.010336107139786025,0.0,0.02750350497663016,0.0,,,0.34358636662364006,0.0,,,0.005821041581738283,0.0,,,0.0059742778073995795,0.0,0.0940481778234243,0.0,0.00884607275947924,0.0,,,,,0.010086515770914599,0.0,0.0101752679329365,0.0,,,,,,,,,,,,,,,,,,,,,,,,,,,,,,,,,,,,,,,,,,,,,,,,,0.0022665602853521394,0.0,0.05307611227035518,0.0,0.01658949982374904,0.0,,,,,0.03992250896990294,0.0,0.25076528638601303,0.0,,,,,,,0.005570405240481034,2.0,,,,,0.016711215488612634,2.0,,,,,,,0,2,22,21
2,region_02,2025-07-12,,,,,,,,,,,,,,,,,,,,,,,,,,,,,,,,,,,,,,,,,,,,,,,,,,,,,,,,,,,,,,,,,,,,,,,,,,,,,,,,,,,,,,,,,,,,,,,,,,,,,,,,,,,,,,,,,,,,,,,,,,,0.003910614410415229,0.0,,,,,,,,,0.005072711105458395,0.0,,,,,,,,,,,,,,,,,,,,,,,,,0.011328895975990783,0.0,0.007371234263431368,0.0,,,,,,,,,,,,,,,,,0.018757887184619862,0.0,0.006865371949970669,0.0,,,0.009467105582977272,0.0,0.021325952734332472,0.0,,,0.2991284066811204,0.0,,,0.00572164726973921,0.0,,,,,0.09306713053956624,0.0,0.008536338899284554,0.0,,,,,0.00937345694013245,0.0,0.009520251187495839,0.0,,,,,,,,,,,,,,,,,,,,,,,,,,,,,,,,,,,,,,,,,,,,,,,,,0.0026443203329108295,0.0,0.047964442591182835,0.0,,,,,,,0.03281587415840472,0.0,0.34349613077938557,0.0,,,,,,,0.006066604168154238,0.0,,,,,0.016064935945905724,0.0,,,,,,,0,0,20,22
2,region_02,2025-07-19,,,,,,,,,,,,,,,,,,,,,,,,,,,,,,,,,,,,,,,,,,,,,,,,,,,,,,,,,,,,,,,,,,,,,,,,,,,,,,,,,,,,,,,,,,,,,,,,,,,,,,,,,,,,,,,,,,,,,,,,,,,0.0044692736119031195,0.0,,,,,,,,,0.00579738412052388,0.0,,,,,,,,,,,,,,,,,,,,,,,,,0.012683514047724444,0.0,0.007890012003136403,0.0,,,,,,,,,,,,,,,,,0.016721146181225725,0.0,0.008116765646263905,0.0,,,0.00859810402616852,0.0,0.01514840049203478,0.0,,,0.25467044673860073,0.0,,,0.0056222529577401375,0.0,,,,,0.09208608325570818,0.0,0.00822660503908987,0.0,,,,,0.0086603981093503,0.0,0.008865234442055175,0.0,,,,,,,,,,,,,,,,,,,,,,,,,,,,,,,,,,,,,,,,,,,,,,,,,0.0030220803804695195,0.0,0.0428527729120105,0.0,,,,,,,0.025709239346906505,0.0,0.4362269751727581,0.0,,,,,,,0.006562803095827442,0.0,,,,,0.015418656403198817,0.0,,,,,,,0,0,20,23
2,region_02,2025-07-26,,,,,,,,,,,,,,,,,,,,,,,,,,,,,,,,,,,,,,,,,,,,,,,,,,,,,,,,,,,,,,,,,,,,,,,,,,,,,,,,,,,,,,,,,,,,,,,,,,,,,,,,,,,,,,,,,,,,,,,,,,,0.00502793281339101,0.0,,,,,,,,,0.006522057135589365,0.0,,,,,,,,,,,,,,,,,,,,,,,,,0.014038132119458105,0.0,0.00840878974284144,0.0,,,,,,,,,,,,,,,,,0.014684405177831587,0.0,0.00936815934255714,0.0,,,0.007729102469359765,0.0,0.00897084824973709,0.0,,,0.21021248679608104,0.0,,,0.005522858645741064,0.0,,,,,0.09110503597185012,0.0,0.007916871178895186,0.0,,,,,0.007947339278568149,0.0,0.008210217696614511,0.0,,,,,,,,,,,,,,,,,,,,,,,,,,,,,,,,,,,,,,,,,,,,,,,,,0.0033998404280282096,0.0,0.037741103232838163,0.0,,,,,,,0.018602604535408292,0.0,0.5289578195661306,0.0,,,,,,,0.007059002023500646,0.0,,,,,0.014772376860491909,0.0,,,,,,,0,0,20,24
2,region_02,2025-08-02,,,,,,,,,,,,,,,,,,,,,,,,,,,,,,,,,,,,,,,,,,,,,,,,,,,,,,,,,,,,,,,,,,,,,,,,,,,,,,,,,,,,,,,,,,,,,,,,,,,,,,,,,,,,,,,,,,,,,,,,,,,0.0055865920148789,0.0,,,,,,,,,0.0072467301506548495,0.0,,,,,,,,,,,,,,,,,,,,,,,,,0.015392750191191767,0.0,0.008927567482546474,0.0,,,,,,,,,,,,,,,,,0.01264766417443745,0.0,0.010619553038850375,0.0,,,0.006860100912551012,0.0,0.0027932960074394,0.0,,,0.16575452685356137,0.0,,,0.005423464333741991,0.0,,,,,0.09012398868799205,0.0,0.0076071373187005,0.0,,,,,0.007234280447785999,0.0,0.0075552009511738495,0.0,,,,,,,,,,,,,,,,,,,,,,,,,,,,,,,,,,,,,,,,,,,,,,,,,0.0037776004755868996,0.0,0.03262943355366582,0.0,,,,,,,0.011495969723910076,0.0,0.6216886639595032,0.0,,,,,,,0.0075552009511738495,0.0,,,,,0.014126097317785,0.0,,,,,,,0,0,20,25
2,region_02,2025-08-09,,,,,,,,,,,,,,,,,,,,,,,,,,,,,,,,,,,,,,,,,,,,,,,,,,,,,,,,,,,,,,,,,,,,,,,,,,,,,,,,,,,,,,,,,,,,,,,,,,,,,,,,,,,,,,,,,,,,,,,,,,,,,,,,,,,,,,,,,,,,,,,,,,,,,,,,,,,,,,,0.01423038293917968,0.0,0.009446345222251509,0.0,,,,,,,,,,,,,,,,,0.01319047342985862,0.0,,,,,0.005991099355742259,0.0,0.003388282066831904,0.0,,,0.1377721672877669,0.0,,,0.005324070021742918,0.0,,,,,0.09849141972760356,0.0,0.013564169150777107,0.0,,,,,0.00652122161700385,0.0,0.007537396275438318,0.0,,,,,,,,,,,,,,,,,,,,,,,,,,,,,,,,,,,,,,,,,,,,,,,,,0.00464270802331152,0.0,0.025136880702727106,0.0,,,,,,,0.018510744092054644,0.0,0.630574432015419,0.0,,,,,,,0.007506005174945987,0.0,,,,,0.01436560016591099,0.0,,,,,,,0,0,17,26
2,region_02,2025-08-16,,,,,,,,,,,,,,,,,,,,,,,,,,,,,,,,,,,,,,,,,,,,,,,,,,,,,,,,,,,,,,,,,,,,,,,,,,,,,,,,,,,,,,,,,,,,,,,,,,,,,,,,,,,,,,,,,,,,,,,,,,,,,,,,,,,,,,,,,,,,,,,,,,,,,,,,,,,,,,,0.013068015687167592,0.0,0.009965122961956546,0.0,,,,,,,,,,,,,,,,,0.01373328268527979,0.0,,,,,0.005122097798933505,0.0,0.003983268126224408,0.0,,,0.10978980772197243,0.0,,,0.005224675709743845,0.0,,,,,0.10685885076721506,0.0,0.01952120098285371,0.0,,,,,0.005808162786221699,0.0,0.007519591599702787,0.0,,,,,,,,,,,,,,,,,,,,,,,,,,,,,,,,,,,,,,,,,,,,,,,,,0.005507815571036141,0.0,0.017644327851788395,0.0,,,,,,,0.025525518460199216,0.0,0.6394602000713349,0.0,,,,,,,0.0074568093987181245,0.0,,,,,0.014605103014036981,0.0,,,,,,,0,0,17,27
2,region_02,2025-08-23,,,,,,,,,,,,,,,,,,,,,,,,,,,,,,,,,,,,,,,,,,,,,,,,,,,,,,,,,,,,,,,,,,,,,,,,,,,,,,,,,,,,,,,,,,,,,,,,,,,,,,,,,,,,,,,,,,,,,,,,,,,,,,,,,,,,,,,,,,,,,,,,,,,,,,,,,,,,,,,0.011905648435155505,0.0,0.01048390070166158,0.0,,,,,,,,,,,,,,,,,0.014276091940700963,0.0,,,,,0.004253096242124752,0.0,0.004578254185616912,0.0,,,0.08180744815617796,0.0,,,0.005125281397744773,0.0,,,,,0.11522628180682656,0.0,0.025478232814930318,0.0,,,,,0.00509510395543955,0.0,0.007501786923967257,0.0,,,,,,,,,,,,,,,,,,,,,,,,,,,,,,,,,,,,,,,,,,,,,,,,,0.0063729231187607625,0.0,0.010151775000849681,0.0,,,,,,,0.03254029282834378,0.0,0.6483459681272508,0.0,,,,,,,0.007407613622490262,0.0,,,,,0.01484460586216297,0.0,,,,,,,0,0,17,28
2,region_02,2025-08-30,,,,,,,,,,,,,,,,,,,,,,,,,,,,,,,,,,,,,,,,,,,,,,,,,,,,,,,,,,,,,,,,,,,,,,,,,,,,,,,,,,,,,,,,,,,,,,,,,,,,,,,,,,,,,,,,,,,,,,,,,,,,,,,,,,,,,,,,,,,,,,,,,,,,,,,,,,,,,,,0.010743281183143417,0.0,0.011002678441366615,0.0,,,,,,,,,,,,,,,,,0.014818901196122133,0.0,,,,,0.003384094685316,0.0,0.005173240245009416,0.0,,,0.053825088590383485,0.0,,,0.005025887085745699,0.0,,,,,0.12359371284643807,0.0,0.031435264647006925,0.0,,,,,0.0043820451246574,0.0,0.007483982248231725,0.0,,,,,,,,,,,,,,,,,,,,,,,,,,,,,,,,,,,,,,,,,,,,,,,,,0.007238030666485383,0.0,0.0026592221499109666,0.0,,,,,,,0.03955506719648835,0.0,0.6572317361831665,0.0,,,,,,,0.0073584178462623995,0.0,,,,,0.01508410871028896,0.0,0.00468000555410976,2.0,0.00234000277705484,2.0,0.00234000277705484,2.0,0,3,17,29
2,region_02,2025-09-06,,,,,,,,,,,,,,,,,,,,,,,,,,,,,,,,,,,,,,,,,,,,,,,,,,,,,,,,,,,,,,,,,,,,,,,,,,,,,,,,,,,,,,,,,,,,,,,,,,,,,,,,,,,,,,,,,,,,,,,,,,,,,,,,,,,,,,,,,,,,,,,,,,,,,,,,,,,,,,,,,0.01152145618107165,0.0,,,,,,,,,,,,,,,,,0.012410017312504318,0.0,,,,,,,0.004922735155560037,0.0,,,0.04530751085840161,0.0,,,,,,,,,0.12008155882358548,0.0,0.026704863458871783,0.0,,,,,,,0.008995068317744836,0.0,,,,,,,,,,,,,,,,,,,,,,,,,,,,,,,,,,,,,,,,,,,,,,,,,0.006471327971667012,0.0,0.0030372215842362,0.0,,,,,,,0.03175191034097222,0.0,0.6629902593791486,0.0,,,,,,,0.02009578910656268,0.0,,,,,0.019380191038362637,0.0,0.007681224052794233,0.0,0.002797807054594105,0.0,0.002797807054594105,0.0,0,0,16,30
2,region_02,2025-09-13,,,,,,,,,,,,,,,,,,,,,,,,,,,,,,,,,,,,,,,,,,,,,,,,,,,,,,,,,,,,,,,,,,,,,,,,,,,,,,,,,,,,,,,,,,,,,,,,,,,,,,,,,,,,,,,,,,,,,,,,,,,,,,,,,,,,,,,,,,,,,,,,,,,,,,,,,,,,,,,,,0.012040233920776685,0.0,,,,,,,,,,,,,,,,,0.010001133428886505,0.0,,,,,,,0.004672230066110658,0.0,,,0.03678993312641973,0.0,,,,,,,,,0.11656940480073291,0.0,0.021974462270736638,0.0,,,,,,,0.010506154387257946,0.0,,,,,,,,,,,,,,,,,,,,,,,,,,,,,,,,,,,,,,,,,,,,,,,,,0.005704625276848641,0.0,0.003415221018561433,0.0,,,,,,,0.023948753485456088,0.0,0.6687487825751305,0.0,,,,,,,0.032833160366862964,0.0,,,,,0.023676273366436316,0.0,0.010682442551478707,0.0,0.0032556113321333697,0.0,0.0032556113321333697,0.0,0,0,16,31
2,region_02,2025-09-20,,,,,,,,,,,,,,,,,,,,,,,,,,,,,,,,,,,,,,,,,,,,,,,,,,,,,,,,,,,,,,,,,,,,,,,,,,,,,,,,,,,,,,,,,,,,,,,,,,,,,,,,,,,,,,,,,,,,,,,,,,,,,,,,,,,,,,,,,,,,,,,,,,,,,,,,,,,,,,,,,0.012559011660481722,0.0,,,,,,,,,,,,,,,,,0.00759224954526869,0.0,,,,,,,0.004421724976661279,0.0,,,0.02827235539443785,0.0,,,,,,,,,0.11305725077788033,0.0,0.017244061082601493,0.0,,,,,,,0.012017240456771057,0.0,,,,,,,,,,,,,,,,,,,,,,,,,,,,,,,,,,,,,,,,,,,,,,,,,0.00493792258203027,0.0,0.0037932204528866665,0.0,,,,,,,0.016145596629939956,0.0,0.6745073057711124,0.0,,,,,,,0.04557053162716325,0.0,,,,,0.027972355694509995,0.0,0.013683661050163179,0.0,0.0037134156096726347,0.0,0.0037134156096726347,0.0,0,0,16,32
2,region_02,2025-09-27,,,,,,,,,,,,,,,,,,,,,,,,,,,,,,,,,,,,,,,,,,,,,,,,,,,,,,,,,,,,,,,,,,,,,,,,,,,,,,,,,,,,,,,,,,,,,,,,,,,,,,,,,,,,,,,,,,,,,,,,,,,,,,,,,,,,,,,,,,,,,,,,,,,,,,,,,,,,,,,,,0.013077789400186756,0.0,,,,,,,,,,,,,,,,,0.005183365661650875,0.0,,,,,,,0.0041712198872119,0.0,,,0.019754777662455973,0.0,,,,,,,,,0.10954509675502774,0.0,0.01251365989446635,0.0,,,,,,,0.013528326526284168,0.0,,,,,,,,,,,,,,,,,,,,,,,,,,,,,,,,,,,,,,,,,,,,,,,,,0.0041712198872119,0.0,0.0041712198872119,0.0,,,,,,,0.008342439774423826,0.0,0.6802658289670944,0.0,0.01062935264781115,2.0,0.01219532359391445,1.0,,,0.05830790288746353,0.0,,,,,0.032268438022583674,0.0,0.01668487954884765,0.0,0.0041712198872119,0.0,0.0041712198872119,0.0,1,1,16,0
2,region_02,2025-10-04,,,,,,,,,,,,,,,,,,,,,,,,,,,,,,,,,,,,,,,,,,,,,,,,,,,,,,,,,,,,,,,,,,,,,,,,,,,,,,,,,,,,,,,,,,,,,,,,,,,,,,,,,,,,,,,,,,,,,,,,,,,,,,,,,,,,,,,,,,,,,,,,,,,,,,,,,,,,,,,,,0.013596567139891791,0.0,,,,,,,,,,,,,,,,,0.0073625157237984,0.0,,,,,,,,,,,0.01746165996883058,0.0,,,,,,,,,0.10907665314152834,0.0,,,,,,,,,0.015803918708115768,0.0,,,,,,,,,,,,,,,,,,,,,,,,,,,,,,,,,,,,,,,,,,,,,,,,,0.004692487174179385,0.0,,,,,,,,,0.020732252974994456,0.0,0.6813558489084244,0.0,0.010567627428099488,0.0,0.014654583116579328,0.0,,,0.049952130881138104,0.0,,,,,0.04274278238881375,0.0,0.015624261519405956,0.0,0.00827203242806715,0.0,0.006239016773179144,0.0,0,0,15,1
2,region_02,2025-10-11,,,,,,,,,,,,,,,,,,,,,,,,,,,,,,,,,,,,,,,,,,,,,,,,,,,,,,,,,,,,,,,,,,,,,,,,,,,,,,,,,,,,,,,,,,,,,,,,,,,,,,,,,,,,,,,,,,,,,,,,,,,,,,,,,,,,,,,,,,,,,,,,,,,,,,,,,,,,,,,,,0.014115344879596828,0.0,,,,,,,,,,,,,,,,,0.009541665785945924,0.0,,,,,,,,,,,0.015168542275205187,0.0,,,,,,,,,0.10860820952802892,0.0,,,,,,,,,0.018079510889947366,0.0,,,,,,,,,,,,,,,,,,,,,,,,,,,,,,,,,,,,,,,,,,,,,,,,,0.00521375446114687,0.0,,,,,,,,,0.03312206617556509,0.0,0.6824458688497543,0.0,0.010505902208387825,0.0,0.01711384263924421,0.0,,,0.04159635887481268,0.0,,,,,0.05321712675504382,0.0,0.014563643489964263,0.0,0.0123728449689224,0.0,0.008306813659146386,0.0,0,0,15,2
2,region_02,2025-10-18,,,,,,,,,,,,,,,,,,,,,,,,,,,,,,,,,,,,,,,,,,,,,,,,,,,,,,,,,,,,,,,,,,,,,,,,,,,,,,,,,,,,,,,,,,,,,,,,,,,,,,,,,,,,,,,,,,,,,,,,,,,,,,,,,,,,,,,,,,,,,,,,,,,,,,,,,,,,,,,,,0.014634122619301863,0.0,,,,,,,,,,,,,,,,,0.01172081584809345,0.0,,,,,,,,,,,0.012875424581579795,0.0,,,,,,,,,0.1081397659145295,0.0,,,,,,,,,0.020355103071778968,0.0,,,,,,,,,,,,,,,,,,,,,,,,,,,,,,,,,,,,,,,,,,,,,,,,,0.005735021748114355,0.0,,,,,,,,,0.04551187937613572,0.0,0.6835358887910843,0.0,0.010444176988676163,0.0,0.01957310216190909,0.0,,,0.03324058686848725,0.0,,,,,0.06369147112127391,0.0,0.01350302546052257,0.0,0.01647365750977765,0.0,0.01037461054511363,0.0,0,0,15,3
2,region_02,2025-10-25,,,,,,,,,,,,,,,,,,,,,,,,,,,,,,,,,,,,,,,,,,,,,,,,,,,,,,,,,,,,,,,,,,,,,,,,,,,,,,,,,,,,,,,,,,,,,,,,,,,,,,,,,,,,,,,,,,,,,,,,,,,,,,,,,,,,,,,,,,,,,,,,,,,,,,,,,,,,,,,,,0.015152900359006898,0.0,,,,,,,,,,,,,,,,,0.013899965910240975,0.0,,,,,,,,,,,0.0105823068879544,0.0,,,,,,,,,0.1076713223010301,0.0,,,,,,,,,0.02263069525361057,0.0,,,,,,,,,,,,,,,,,,,,,,,,,,,,,,,,,,,,,,,,,,,,,,,,,0.00625628903508184,0.0,,,,,,,,,0.05790169257670635,0.0,0.6846259087324142,0.0,0.0103824517689645,0.0,0.022032361684573967,0.0,,,0.024884814862161826,0.0,,,,,0.07416581548750398,0.0,0.012442407431080875,0.0,0.0205744700506329,0.0,0.012442407431080875,0.0,0,0,15,4
2,region_02,2025-11-01,,,,,,,,,,,,,,,,,,,,,,,,,,,,,,,,,,,,,,,,,,,,,,,,,,,,,,,,,,,,,,,,,,,,,,,,,,,,,,,,,,,,,,,,,,,,,,,,,,,,,,,,,,,,,,,,,,,,,,,,,,,,,,,,,,,,,,,,,,,,,,,,,,,,,,,,,,,,,,,,,0.015671678098711932,0.0,,,,,,,,,,,,,,,,,0.0160791159723885,0.0,,,,,,,,,,,,,,,,,,,,,0.12487943982705468,0.0,,,,,,,,,0.024906287435442168,0.0,,,,,,,,,,,,,,,,,,,,,,,,,,,,,,,,,,,,,,,,,,,,,,,,,0.006777556322049324,0.0,,,,,,,,,0.05441557744052255,0.0,0.6275949664413929,0.0,0.010320726549252836,0.0,0.024491621207238846,0.0,,,0.06777075293939558,0.0,,,,,0.060289653794219064,0.0,0.014985947113018424,0.0,0.019977810326963615,0.0,0.013796091487165481,0.0,0,0,14,5
2,region_02,2025-11-08,,,,,,,,,,,,,,,,,,,,,,,,,,,,,,,,,,,,,,,,,,,,,,,,,,,,,,,,,,,,,,,,,,,,,,,,,,,,,,,,,,,,,,,,,,,,,,,,,,,,,,,,,,,,,,,,,,,,,,,,,,,,,,,,,,,,,,,,,,,,,,,,,,,,,,,,,,,,,,,,,0.016190455838416967,0.0,,,,,,,,,,,,,,,,,0.018258266034536026,0.0,,,,,,,,,,,,,,,,,,,,,0.14208755735307926,0.0,,,,,,,,,0.027181879617273766,0.0,,,,,,,,,,,,,,,,,,,,,,,,,,,,,,,,,,,,,,,,,,,,,,,,,0.0072988236090168095,0.0,,,,,,,,,0.05092946230433874,0.0,0.5705640241503716,0.0,0.010259001329541174,0.0,0.026950880729903724,0.0,,,0.11065669101662931,0.0,,,,,0.04641349210093416,0.0,0.017529486794955973,0.0,0.019381150603294324,0.0,0.015149775543250088,0.0,0,0,14,6
2,region_02,2025-11-15,,,,,,,,,,,,,,,,,,,,,,,,,,,,,,,,,,,,,,,,,,,,,,,,,,,,,,,,,,,,,,,,,,,,,,,,,,,,,,,,,,,,,,,,,,,,,,,,,,,,,,,,,,,,,,,,,,,,,,,,,,,,,,,,,,,,,,,,,,,,,,,,,,,,,,,,,,,,,,,,,0.016709233578122002,0.0,,,,,,,,,,,,,,,,,0.02043741609668355,0.0,,,,,,,,,,,,,,,,,,,,,0.15929567487910387,0.0,,,,,,,,,0.029457471799105368,0.0,,,,,,,,,,,,,,,,,,,,,,,,,,,,,,,,,,,,,,,,,,,,,,,,,0.007820090895984295,0.0,,,,,,,,,0.047443347168154945,0.0,0.5135330818593502,0.0,0.010197276109829512,0.0,0.029410140252568606,0.0,,,0.15354262909386307,0.0,,,,,0.03253733040764925,0.0,0.020073026476893525,0.0,0.018784490879625037,0.0,0.016503459599334695,0.0,0,0,14,7
2,region_02,2025-11-22,,,,,,,,,,,,,,,,,,,,,,,,,,,,,,,,,,,,,,,,,,,,,,,,,,,,,,,,,,,,,,,,,,,,,,,,,,,,,,,,,,,,,,,,,,,,,,,,,,,,,,,,,,,,,,,,,,,,,,,,,,,,,,,,,,,,,,,,,,,,,,,,,,,,,,,,,,,,,,,,,0.017228011317827037,0.0,,,,,,,,,,,,,,,,,0.022616566158831074,0.0,,,,,,,,,,,,,,,,,,,,,0.17650379240512845,0.0,,,,,,,,,0.03173306398093697,0.0,,,,,,,,,,,,,,,,,,,,,,,,,,,,,,,,,,,,,,,,,,,,,,,,,0.008341358182951779,0.0,,,,,,,,,0.04395723203197115,0.0,0.45650213956832886,0.0,0.01013555089011785,0.0,0.03186939977523348,0.0,,,0.1964285671710968,0.0,,,,,0.018661168714364334,0.0,0.022616566158831074,0.0,0.01818783115595575,0.0,0.0178571436554193,0.0,0,0,14,8
2,region_02,2025-11-29,,,,,,,,,,,,,,,,,,,,,,,,,,,,,,,,,,,,,,,,,,,,,,,,,,,,,,,,,,,,,,,,,,,,,,,,,,,,,,,,,,,,,,,,,,,,,,,,,,,,,,,,,,,,,,,,,,,,,,,,,,,,,,,,,,,,,,,,,,,,,,,,,,,,,,,,,,,,,,,,,0.017746789057532075,0.0,,,,,,,,,,,,,,,,,0.02194823278114195,0.0,,,,,,,,,,,,,,,,,,,,,0.15168785334875184,0.0,,,,,,,,,0.03882554941810664,0.0,,,,,,,,,,,,,,,,,,,,,,,,,,,,,,,,,,,,,,,,,,,,,,,,,0.008862625469919264,0.0,,,,,,,,,0.04047111689578735,0.0,0.49062206968665123,0.0,0.010073825670406187,0.0,0.03432865929789836,0.0,,,0.1791444979608059,0.0,,,,,0.02383196260780092,0.0,0.021512246574275144,0.0,0.017290945824546076,0.0,0.025824420154094644,0.0,0,0,14,9
2,region_02,2025-12-06,,,,,,,,,,,,,,,,,,,,,,,,,,,,,,,,,,,,,,,,,,,,,,,,,,,,,,,,,,,,,,,,,,,,,,,,,,,,,,,,,,,,,,,,,,,,,,,,,,,,,,,,,,,,,,,,,,,,,,,,,,,,,,,,,,,,,,,,,,,,,,,,,,,,,,,,,,,,,,,,,0.01826556679723711,0.0,,,,,,,,,,,,,,,,,0.021279899403452828,0.0,,,,,,,,,,,,,,,,,,,,,0.1268719142923752,0.0,,,,,,,,,0.045918034855276305,0.0,,,,,,,,,,,,,,,,,,,,,,,,,,,,,,,,,,,,,,,,,,,,,,,,,0.009383892756886749,0.0,,,,,,,,,0.03698500175960355,0.0,0.5247419998049736,0.0,0.010012100450694525,0.0,0.036787918820563245,0.0,,,0.16186042875051496,0.0,,,,,0.029002756501237507,0.0,0.02040792698971921,0.0,0.016394060493136405,0.0,0.03379169665276999,0.0,0,0,14,10
2,region_02,2025-12-13,,,,,,,,,,,,,,,,,,,,,,,,,,,,,,,,,,,,,,,,,,,,,,,,,,,,,,,,,,,,,,,,,,,,,,,,,,,,,,,,,,,,,,,,,,,,,,,,,,,,,,,,,,,,,,,,,,,,,,,,,,,,,,,,,,,,,,,,,,,,,,,,,,,,,,,,,,,,,,,,,0.018784344536942145,0.0,,,,,,,,,,,,,,,,,0.020611566025763705,0.0,,,,,,,,,,,,,,,,,,,,,0.1020559752359986,0.0,,,,,,,,,0.053010520292445976,0.0,,,,,,,,,,,,,,,,,,,,,,,,,,,,,,,,,,,,,,,,,,,,,,,,,0.009905160043854234,0.0,,,,,,,,,0.033498886623419745,0.0,0.558861929923296,0.0,0.009950375230982862,0.0,0.03924717834322812,0.0,,,0.14457635954022402,0.0,,,,,0.03417355039467409,0.0,0.01930360740516328,0.0,0.015497175161726731,0.0,0.04175897315144533,0.0,0,0,14,11
2,region_02,2025-12-20,,,,,,,,,,,,,,,,,,,,,,,,,,,,,,,,,,,,,,,,,,,,,,,,,,,,,,,,,,,,,,,,,,,,,,,,,,,,,,,,,,,,,,,,,,,,,,,,,,,,,,,,,,,,,,,,,,,,,,,,,,,,,,,,,,,,,,,,,,,,,,,,,,,,,,,,,,,,,,,,,0.01930312227664718,0.0,,,,,,,,,,,,,,,,,0.019943232648074582,0.0,,,,,,,,,,,,,,,,,,,,,0.077240036179622,0.0,,,,,,,,,0.06010300572961565,0.0,,,,,,,0.0105263162404298,2.0,,,,,,,,,,,,,,,,,,,,,,,,,,,,,,,,,,,,,,,,,0.01042642733082172,0.0,,,,,,,,,0.030012771487235947,0.0,0.5929818600416183,0.0,0.0098886500112712,0.0,0.041706437865893,0.0,0.0105263162404298,2.0,0.1272922903299331,0.0,,,0.0114942528307437,2.0,0.03934434428811068,0.0,0.018199287820607347,0.0,0.014600289830317057,0.0,0.04972624965012067,0.0,0,3,14,12
2,region_02,2025-12-27,,,,,,,,,,,,,,,,,,,,,,,,,,,,,,,,,,,,,,,,,,,,,,,,,,,,,,,,,,,,,,,,,,,,,,,,,,,,,,,,,,,,,,,,,,,,,,,,,,,,,,,,,,,,,,,,,,,,,,,,,,,,,,,,,,,,,,,,,,,,,,,,,,,,,,,,,,,,,,,,,0.019821900016352215,0.0,,,,,,,,,,,,,,,,,0.01927489927038546,0.0,,,,,,,,,,,,,,,,,,,,,0.08299954747781156,0.0,,,,,,,,,0.05341026070527728,0.0,,,,,,,0.013907950837165044,0.0,,,,,,,,,,,,,,,,,,,,,,,,,,,,,,,,,,,,,,,,,0.010947694617789204,0.0,,,,,,,,,,,0.5747193917632103,0.0,0.009826924791559537,0.0,0.054465291090309585,0.0,,,0.14220147952437395,0.0,,,0.011373876749227366,0.0,0.038298784444729436,0.0,,,0.013703404498907385,0.0,0.05055660475045436,0.0,0,0,14,13
2,region_02,2026-01-03,,,,,,,,,,,,,,,,,,,,,,,,,,,,,,,,,,,,,,,,,,,,,,,,,,,,,,,,,,,,,,,,,,,,,,,,,,,,,,,,,,,,,,,,,,,,,,,,,,,,,,,,,,,,,,,,,,,,,,,,,,,,,,,,,,,,,,,,,,,,,,,,,,,,,,,,,,,,,,,,,0.02034067775605725,0.0,,,,,,,,,,,,,,,,,0.01860656589269634,0.0,,,,,,,,,,,,,,,,,,,,,0.08875905877600113,0.0,,,,,,,,,0.04671751568093891,0.0,,,,,,,0.017289585433900287,0.0,,,,,,,,,,,,,,,,,,,,,,,,,,,,,,,,,,,,,,,,,0.01146896190475669,0.0,,,,,,,,,,,0.5564569234848022,0.0,0.009765199571847875,0.0,0.06722414431472616,0.0,,,0.1571106687188148,0.0,,,0.011253500667711032,0.0,0.03725322460134819,0.0,,,0.012806519167497712,0.0,0.051386959850788054,0.0,0,0,14,14
2,region_02,2026-01-10,,,,,,,,,,,,,,,,,,,,,,,,,,,,,,,,,,,,,,,,,,,,,,,,,,,,,,,,,,,,,,,,,,,,,,,,,,,,,,,,,,,,,,,,,,,,,,,,,,,,,,,,,,,,,,,,,,,,,,,,,,,,,,,,,,,,,,,,,,,,,,,,,,,,,,,,,,,,,,,,,0.020859455495762284,0.0,,,,,,,,,,,,,,,,,0.017938232515007216,0.0,,,,,,,,,,,,,,,,,,,,,0.09451857007419069,0.0,,,,,,,,,0.04002477065660054,0.0,,,,,,,0.02067122003063553,0.0,,,,,,,,,,,,,,,,,,,,,,,,,,,,,,,,,,,,,,,,,0.011990229191724175,0.0,,,,,,,,,,,0.5381944552063942,0.0,0.009703474352136211,0.0,0.07998299753914274,0.0,,,0.17201985791325566,0.0,,,0.0111331245861947,0.0,0.03620766475796694,0.0,,,0.011909633836088038,0.0,0.052217314951121745,0.0,0,0,14,15
2,region_02,2026-01-17,,,,,,,,,,,,,,,,,,,,,,,,,,,,,,,,,,,,,,,,,,,,,,,,,,,,,,,,,,,,,,,,,,,,,,,,,,,,,,,,,,,,,,,,,,,,,,,,,,,,,,,,,,,,,,,,,,,,,,,,,,,,,,,,,,,,,,,,,,,,,,,,,,,,,,,,,,,,,,,,,0.021378233235467323,0.0,,,,,,,,,,,,,,,,,0.017269899137318093,0.0,,,,,,,,,,,,,,,,,,,,,0.10027808137238026,0.0,,,,,,,,,0.033332025632262174,0.0,,,,,0.0098039219155907,2.0,0.024052854627370772,0.0,,,,,,,,,,,,,,,,,,,,,,,,,,,,,,,,,,,,,,,,,0.01251149647869166,0.0,,,,,,,,,,,0.5199319869279861,0.0,0.009641749132424549,0.0,0.09274185076355933,0.0,,,0.1869290471076965,0.0,,,0.011012748504678366,0.0,0.0351621049145857,0.0,,,0.011012748504678366,0.0,0.05304767005145544,0.0,0,1,14,16
2,region_02,2026-01-24,,,,,,,,,,,,,,,,,,,,,,,,,,,,,,,,,,,,,,,,,,,,,,,,,,,,,,,,,,,,,,,,,,,,,,,,,,,,,,,,,,,,,,,,,,,,,,,,,,,,,,,,,,,,,,,,,,,,,,,,,,,,,,,,,,,,,,,,,,,,,,,,,,,,,,,,,,,,,,,,,0.021897010975172358,0.0,,,,,,,,,,,,,,,,,0.01660156575962897,0.0,,,,,,,,,,,,,,,,,,,,,0.11431406515960893,0.0,,,,,,,,,0.027347731287591104,0.0,,,,,0.014651224249973834,0.0,0.027434489224106018,0.0,,,,,,,,,,,,,,,,,,,,,,,,,,,,,,,,,,,,,,,,,0.013032763765659145,0.0,,,,,,,,,,,0.4381420624752839,0.0,0.009580023912712886,0.0,0.13161825543890393,0.0,,,0.18605952337384218,0.0,,,0.012956985505297737,0.0,0.036801477583746064,0.0,,,0.01060827344190325,0.0,0.05387802515178913,0.0,0,0,15,17
2,region_02,2026-01-31,,,,,,,,,,,,,,,,,,,,,,,,,,,,,,,,,,,,,,,,,,,,,,,,,,,,,,,,,,,,,,,,,,,,,,,,,,,,,,,,,,,,,,,,,,,,,,,,,,,,,,,,,,,,,,,,,,,,,,,,,,,,,,,,,,,,,,,,,,,,,,,,,,,,,,,,,,,,,,,,,0.022415788714877392,0.0,,,,,,,,,,,,,,,,,0.015933232381939846,0.0,,,,,,,,,,,,,,,,,,,,,0.1283500489468376,0.0,,,,,,,,,0.021363436942920037,0.0,,,,,0.019498526584356968,0.0,0.03081612382084126,0.0,,,,,,,,,,,,,,,,,,,,,,,,,,,,,,,,,,,,,,,,,0.01355403105262663,0.0,,,,,,,,,,,0.3563521380225817,0.0,0.009518298693001224,0.0,0.17049466011424858,0.0,,,0.1851899996399879,0.0,,,0.014901222505917109,0.0,0.03844085025290643,0.0,,,0.010203798379128132,0.0,0.054708380252122824,0.0,0,0,15,18
2,region_02,2026-02-07,,,,,,,,,,,,,,,,,,,,,,,,,,,,,,,,,,,,,,,,,,,,,,,,,,,,,,,,,,,,,,,,,,,,,,,,,,,,,,,,,,,,,,,,,,,,,,,,,,,,,,,,,,,,,,,,,,,,,,,,,,,,,,,,,,,,,,,,,,,,,,,,,,,,,,,,,,,,,,,,,0.022934566454582427,0.0,,,,,,,,,,,,,,,,,0.015264899004250723,0.0,,,,,,,,,,,,,,,,,,,,,0.14238603273406625,0.0,,,,,,,,,0.015379142598248968,0.0,,,,,0.024345828918740098,0.0,0.0341977584175765,0.0,,,,,,,,,,,,,,,,,,,,,,,,,,,,,,,,,,,,,,,,,0.014075298339594115,0.0,,,,,,,,,,,0.2745622135698795,0.0,0.009456573473289561,0.0,0.20937106478959316,0.0,,,0.1843204759061336,0.0,,,0.01684545950653648,0.0,0.040080222922066804,0.0,,,0.009799323316353015,0.0,0.055538735352456514,0.0,0,0,15,19
2,region_02,2026-02-14,,,,,,,,,,,,,,,,,,,,,,,,,,,,,,,,,,,,,,,,,,,,,,,,,,,,,,,,,,,,,,,,,,,0.0183486230671405,2.0,,,,,,,,,,,,,,,,,,,,,,,,,,,,,,,,,,,,,,,,,,,,,,,,,,,,,,,,,,,,,,,,,,,,,,,,,,,,,,,,,,,,,,,,,,,,,0.023453344194287462,0.0,,,,,,,,,,,,,,,,,0.0145965656265616,0.0,,,,,,,,,,,,,,,,,,,,,0.15642201652129492,0.0,,,,,,,,,0.009394848253577899,0.0,,,0.009394848253577899,2.0,0.02919313125312323,0.0,0.03757939301431175,0.0,,,,,,,,,,,,,,,,,,,,,,,,,,,,,,,,,,,,,,,,,0.0145965656265616,0.0,,,,,,,,,,,0.19277228911717728,0.0,0.009394848253577899,0.0,0.2482474694649378,0.0,,,0.18345095217227927,0.0,,,0.01878969650715585,0.0,0.04171959559122717,0.0,,,0.009394848253577899,0.0,0.056369090452790205,0.0,0,2,15,20
2,region_02,2026-02-21,,,,,,,,,,,,,,,,,,,,,,,,,,,,,,,,,,,,,,,,,,,,,,,,,,,,,,,,,,,,,,,,,,,0.025956588797271175,0.0,,,,,,,,,,,,,,,,,,,,,,,,,,,,,,,,,,,,,,,,,,,,,,,,,,,,,,,,,,,,,,,,,,,,,,,,,,,,,,,,,,,,,,,,,,,,,0.023972121933992497,0.0,,,,,,,,,,,,,,,,,,,,,,,,,,,,,,,,,,,,,,,0.16518236696720123,0.0,,,,,,,,,0.019810363766737237,0.0,,,,,0.025085905333980873,0.0,0.044139829929917995,0.0,,,,,,,,,,,,,,,,,,,,,,,,,,,,,,,,,,,,,,,,,,,,,,,,,,,,,0.17163206264376635,0.0,,,0.24653113074600694,0.0,,,0.17907195352017874,0.0,,,0.017141052754595838,0.0,0.034480753587558824,0.0,,,0.010624338465277062,0.0,0.04865893162786955,0.0,0,0,13,21
2,region_02,2026-02-28,,,,,,,,,,,,,,,,,,,,,,,,,,,,,,,,,,,,,,,,,,,,,,,,,,,,,,,,,,,,,,,,,,,0.03356455452740185,0.0,,,,,,,,,,,,,,,,,,,,,,,,,,,,,,,,,,,,,,,,,,,,,,,,,,,,,,,,,,,,,,,,,,,,,,,,,,,,,,,,,,,,,,,,,,,,,0.024490899673697532,0.0,,,,,,,,,,,,,,,,,,,,,,,,,,,,,,,,,,,,,,,0.17394271741310752,0.0,,,,,,,,,0.030225879279896575,0.0,,,,,0.020978679414838518,0.0,0.05070026684552425,0.0,,,,,,,,,,,,,,,,,,,,,,,,,,,,,,,,,,,,,,,,,,,,,,,,,,,,,0.15049183617035544,0.0,,,0.24481479202707607,0.0,,,0.17469295486807818,0.0,,,0.015492409002035825,0.0,0.027241911583890485,0.0,,,0.011853828676976225,0.0,0.0409487728029489,0.0,0,0,13,22
2,region_02,2026-03-07,,,,,,,,,,,,,,,,,,,,,,,,,,,,,,,,,,,,,,,,,,,,,,,,,,,,,,,,,,,,,,,,,,,0.04117252025753253,0.0,,,,,,,,,,,,,,,,,,,,,,,,,,,,,,,,,,,,,,,,,,,,,,,,,,,,,,,,,,,,,,,,,,,,,,,,,,,,,,,,,,,,,,,,,,,,,0.025009677413402567,0.0,,,,,,,,,,,,,,,,,,,,,,,,,,,,,,,,,,,,,,,0.18270306785901383,0.0,,,,,,,,,0.04064139479305591,0.0,,,,,0.01687145349569616,0.0,0.0572607037611305,0.0,,,,,,,,,,,,,,,,,,,,,,,,,,,,,,,,,,,,,,,,,,,,,,,,,,,,,0.12935160969694454,0.0,,,0.24309845330814517,0.0,,,0.17031395621597764,0.0,,,0.013843765249475812,0.0,0.020003069580222143,0.0,,,0.013083318888675387,0.0,0.033238613978028256,0.0,0,0,13,23
2,region_02,2026-03-14,,,,,,,,,,,,,,,,,,,,,,,,,,,,,,,,,,,,,,,,,,,,,,,,,,,,,,,,,,,,,,,,,,,0.0487804859876632,0.0,,,,,,,,,,,,,,,,,,,,,,,,,,,,,,,,,,,,,,,,,,,,,,,,,,,,,,,,,,,,,,,,,,,,,,,,,,,,,,,,,,,,,,,,,,,,,0.0255284551531076,0.0,,,,,,,,,,,,,,,,,,,,,,,,,,,,,,,,,,,,,,,0.19146341830492014,0.0,,,,,,,,,0.05105691030621525,0.0,,,,,0.0127642275765538,0.0,0.06382114067673675,0.0,,,,,,,,,,,,,,,,,,,,,,,,,,,,,,,,,,,,,,,,,,,,,,,,,,,,,0.1082113832235336,0.0,,,0.2413821145892143,0.0,,,0.1659349575638771,0.0,,,0.0121951214969158,0.0,0.0127642275765538,0.0,,,0.01431280910037455,0.0,0.0255284551531076,0.0,0,0,13,24
2,region_02,2026-03-21,,,,,,,,,,,,,,,,,,,,,,,,,,,,,,,,,,,,,,,,,,,,,,,,,,,,,,,,,,,,,,,,,,,0.0702392123639583,0.0,,,,,,,,,,,,,,,,,,,,,,,,,,,,,,,,,,,,,,,,,,,,,,,,,,,,,,,,,,,,,,,,,,,,,,,,,,,,,,,,,,,,,,,,,,,,,,,,,,,,,,,,,,,,,,,,,,,,,,,,,,,,,,,,,,,,,0.17244371771812433,0.0,,,,,,,,,0.04310037521645424,0.0,,,,,0.023996247677132453,0.0,0.05267354799434536,0.0,,,,,,,,,,,,,,,,,,,,,,,,,,,,,,,,,,,,,,,,,,,,,,,,,,,,,0.10519699938595292,0.0,,,0.2675750497728586,0.0,,,0.15329737216234204,0.0,,,0.01876172609627245,0.0,,,,,0.015542299312073713,0.0,0.028761726338416303,0.0,0,0,11,25
2,region_02,2026-03-28,,,,,,,,,,,,,,,,,,,,,,,,,,,,,,,,,,,,,,,,,,,,,,,,,,,,,,,,,,,,,,,,,,,0.09169793874025339,0.0,,,,,,,,,,,,,,,,,,,,,,,,,,,,,,,,,,,,,,,,,,,,,,,,,,,,,,,,,,,,,,,,,,,,,,,,,,,,,,,,,,,,,,,,,,,,,,,,,,,,,,,,,,,,,,,,,,,,,,,,,,,,,,,,,,,,,0.15342401713132853,0.0,,,,,,,,,0.03514384012669323,0.0,,,,,0.0352282677777111,0.0,0.04152595531195397,0.0,,,,,,,,,,,,,,,,,,,,,,,,,,,,,,,,,,,,,,,,,,,,,,,,,,,,,0.10218261554837224,0.0,,,0.2937679849565029,0.0,,,0.140659786760807,0.0,,,0.0253283306956291,0.0,,,,,0.016771789523772875,0.0,0.031994997523725005,0.0,0,0,11,26
2,region_02,2026-04-04,,,,,,,,,,,,,,,,,,,,,,,,,,,,,,,,,,,,,,,,,,,,,,,,,,,,,,,,,,,,,,,,,,,0.1131566651165485,0.0,,,,,,,,,,,,,,,,,,,,,,,,,,,,,,,,,,,,,,,,,,,,,,,,,,,,,,,,,,,,,,,,,,,,,,,,,,,,,,,,,,,,,,,,,,,,,,,,,,,,,,,,,,,,,,,,,,,,,,,,,,,,,,,,,,,,,0.13440431654453272,0.0,,,,,,,,,0.027187305036932216,0.0,,,,,0.04646028787828975,0.0,0.030378362629562585,0.0,,,,,,,,,,,,,,,,,,,,,,,,,,,,,,,,,,,,,,,,,,,,,,,,,,,,,0.09916823171079157,0.0,,,0.3199609201401472,0.0,,,0.12802220135927195,0.0,,,0.03189493529498575,0.0,,,,,0.01800127973547204,0.0,0.0352282687090337,0.0,0,0,11,27
2,region_02,2026-04-11,,,,,,,,,,,,,,,,,,,,,,,,,,,,,,,,,,,,,,,,,,,,,,,,,,,,,,,,,,,,,,,,,,,0.1346153914928436,0.0,,,,,,,,,,,,,,,,,,,,,,,,,,,,,,,,,,,,,,,,,,,,,,,,,,,,,,,,,,,,,,,,,,,,,,,,,,,,,,,,,,,,,,,,,,,,,,,,,,,,,,,,,,,,,,,,,,,,,,,,,,,,,,,,,,,,,0.1153846159577369,0.0,,,,,,,,,0.0192307699471712,0.0,,,,,0.0576923079788684,0.0,0.0192307699471712,0.0,,,,,,,,,,,,,,,,,,,,,,,,,,,,,,,,,,,,,,,,,,,,,,,,,,,,,0.0961538478732109,0.0,,,0.3461538553237915,0.0,,,0.1153846159577369,0.0,,,0.0384615398943424,0.0,,,,,0.0192307699471712,0.0,0.0384615398943424,0.0,0,0,11,28
