usa_or_hhsregion,region,Date,A.2.5_share,A.2.5_marker,AY.1_share,AY.1_marker,AY.2_share,AY.2_marker,AY.3_share,AY.3_marker,B.1_share,B.1_marker,B.1.1_share,B.1.1_marker,B.1.1.519_share,B.1.1.519_marker,B.1.1.529_share,B.1.1.529_marker,B.1.1.7_share,B.1.1.7_marker,B.1.2_share,B.1.2_marker,B.1.351_share,B.1.351_marker,B.1.427_share,B.1.427_marker,B.1.429_share,B.1.429_marker,B.1.525_share,B.1.525_marker,B.1.526_share,B.1.526_marker,B.1.526.1_share,B.1.526.1_marker,B.1.526.2_share,B.1.526.2_marker,B.1.596_share,B.1.596_marker,B.1.617_share,B.1.617_marker,B.1.617.1_share,B.1.617.1_marker,B.1.617.2_share,B.1.617.2_marker,B.1.617.3_share,B.1.617.3_marker,B.1.621_share,B.1.621_marker,B.1.621.1_share,B.1.621.1_marker,B.1.626_share,B.1.626_marker,B.1.628_share,B.1.628_marker,B.1.637_share,B.1.637_marker,BA.1.1_share,BA.1.1_marker,BA.2_share,BA.2_marker,BA.2.12.1_share,BA.2.12.1_marker,BA.2.75_share,BA.2.75_marker,BA.2.75.2_share,BA.2.75.2_marker,BA.2.86_share,BA.2.86_marker,BA.3.2_share,BA.3.2_marker,BA.4_share,BA.4_marker,BA.4.6_share,BA.4.6_marker,BA.5_share,BA.5_marker,BA.5.2.6_share,BA.5.2.6_marker,BF.11_share,BF.11_marker,BF.7_share,BF.7_marker,BN.1_share,BN.1_marker,BQ.1_share,BQ.1_marker,BQ.1.1_share,BQ.1.1_marker,CH.1.1_share,CH.1.1_marker,EG.5_share,EG.5_marker,EG.5.1.8_share,EG.5.1.8_marker,EG.6.1_share,EG.6.1_marker,EU.1.1_share,EU.1.1_marker,FD.1.1_share,FD.1.1_marker,FD.2_share,FD.2_marker,FE.1.1_share,FE.1.1_marker,FL.1.5.1_share,FL.1.5.1_marker,GE.1_share,GE.1_marker,GK.1.1_share,GK.1.1_marker,GK.2_share,GK.2_marker,HF.1_share,HF.1_marker,HK.3_share,HK.3_marker,HV.1_share,HV.1_marker,JD.1.1_share,JD.1.1_marker,JF.1_share,JF.1_marker,JG.3_share,JG.3_marker,JN.1_share,JN.1_marker,JN.1.11.1_share,JN.1.11.1_marker,JN.1.13_share,JN.1.13_marker,JN.1.13.1_share,JN.1.13.1_marker,JN.1.16_share,JN.1.16_marker,JN.1.16.1_share,JN.1.16.1_marker,JN.1.18_share,JN.1.18_marker,JN.1.18.6_share,JN.1.18.6_marker,JN.1.32_share,JN.1.32_marker,JN.1.4.3_share,JN.1.4.3_marker,JN.1.7_share,JN.1.7_marker,JN.1.8.1_share,JN.1.8.1_marker,KP.1.1_share,KP.1.1_marker,KP.1.1.3_share,KP.1.1.3_marker,KP.1.2_share,KP.1.2_marker,KP.2_share,KP.2_marker,KP.2.15_share,KP.2.15_marker,KP.2.3_share,KP.2.3_marker,KP.3_share,KP.3_marker,KP.3.1.1_share,KP.3.1.1_marker,KP.4.1_share,KP.4.1_marker,KQ.1_share,KQ.1_marker,KS.1_share,KS.1_marker,KV.2_share,KV.2_marker,KW.1.1_share,KW.1.1_marker,LB.1_share,LB.1_marker,LB.1.3.1_share,LB.1.3.1_marker,LF.3.1_share,LF.3.1_marker,LF.7_share,LF.7_marker,LF.7.2.1_share,LF.7.2.1_marker,LF.7.7.1_share,LF.7.7.1_marker,LF.7.7.2_share,LF.7.7.2_marker,LF.7.9_share,LF.7.9_marker,LP.1_share,LP.1_marker,LP.8.1_share,LP.8.1_marker,MC.1_share,MC.1_marker,MC.10.1_share,MC.10.1_marker,MC.19_share,MC.19_marker,MC.28.1_share,MC.28.1_marker,NB.1.8.1_share,NB.1.8.1_marker,NW.1_share,NW.1_marker,P.1_share,P.1_marker,P.2_share,P.2_marker,PA.1_share,PA.1_marker,PQ.17_share,PQ.17_marker,PQ.17.11_share,PQ.17.11_marker,PQ.2.1.6_share,PQ.2.1.6_marker,PQ.2.8.1_share,PQ.2.8.1_marker,RV.1_share,RV.1_marker,XBB_share,XBB_marker,XBB.1.16_share,XBB.1.16_marker,XBB.1.16.1_share,XBB.1.16.1_marker,XBB.1.16.11_share,XBB.1.16.11_marker,XBB.1.16.15_share,XBB.1.16.15_marker,XBB.1.16.17_share,XBB.1.16.17_marker,XBB.1.16.6_share,XBB.1.16.6_marker,XBB.1.42.2_share,XBB.1.42.2_marker,XBB.1.5_share,XBB.1.5_marker,XBB.1.5.1_share,XBB.1.5.1_marker,XBB.1.5.10_share,XBB.1.5.10_marker,XBB.1.5.59_share,XBB.1.5.59_marker,XBB.1.5.68_share,XBB.1.5.68_marker,XBB.1.5.70_share,XBB.1.5.70_marker,XBB.1.5.72_share,XBB.1.5.72_marker,XBB.1.9.1_share,XBB.1.9.1_marker,XBB.1.9.2_share,XBB.1.9.2_marker,XBB.2.3_share,XBB.2.3_marker,XBB.2.3.8_share,XBB.2.3.8_marker,XDP_share,XDP_marker,XDV.1_share,XDV.1_marker,XEC_share,XEC_marker,XEC.4_share,XEC.4_marker,XEK_share,XEK_marker,XEQ_share,XEQ_marker,XFC_share,XFC_marker,XFG_share,XFG_marker,XFG.1_share,XFG.1_marker,XFG.1.1_share,XFG.1.1_marker,XFG.10.4_share,XFG.10.4_marker,XFG.14.1_share,XFG.14.1_marker,XFG.2.5.1_share,XFG.2.5.1_marker,XFG.23.1.3_share,XFG.23.1.3_marker,XFG.6_share,XFG.6_marker,XFV_share,XFV_marker,XFY_share,XFY_marker,XFZ_share,XFZ_marker,n_marker_1,n_marker_2,n_marker_0,n_marker_1_wk
1,region_01,2021-01-30,0.0,,0.0,,0.0,,0.0,,0.07895244434475895,2.0,0.0216532368212938,2.0,0.0,,,,0.005151538023104216,1.0,0.3202540837228298,1.0,0.0,,0.00825501291546965,2.0,0.038164935695628295,2.0,0.0016878185172875166,2.0,0.0172242112457752,2.0,0.0007379417462895,2.0,0.00148458161856975,2.0,0.06395488418638705,2.0,0.0,,0.0,,0.00369543989654625,1.0,0.0,,0.0,,0.0,,0.0,,0.0,,,,,,,,,,,,,,,,,,,,,,,,,,,,,,,,,,,,,,,,,,,,,,,,,,,,,,,,,,,,,,,,,,,,,,,,,,,,,,,,,,,,,,,,,,,,,,,,,,,,,,,,,,,,,,,,,,,,,,,,,,,,,,,,,,,,,,,,,,,,,,,,,,,,,,,,,,0.0,,0.008453499422305133,2.0,,,,,,,,,,,,,,,,,,,,,,,,,,,,,,,,,,,,,,,,,,,,,,,,,,,,,,,,,,,,,,,,,,,,,,,,,,,,,,,,,,,,,,,3,10,0,0
1,region_01,2021-02-06,0.0002109582419507,2.0,0.0,,0.0,,0.0,,0.06991154970601197,0.0,0.0185261056758463,0.0,0.006812708969745361,2.0,,,0.019954709258551348,0.0,0.3081584461033344,0.0,0.0006731013515187791,2.0,0.00985585469364494,0.0,0.030601009804134535,0.0,0.006240230208883608,0.0,0.02963184650676942,0.0,0.004831331122356116,0.0,0.004300692758988535,0.0,0.05540404794737694,0.0,0.0,,0.0,,0.001847719948273125,0.0,0.0,,0.0,,0.0,,0.0,,0.0,,,,,,,,,,,,,,,,,,,,,,,,,,,,,,,,,,,,,,,,,,,,,,,,,,,,,,,,,,,,,,,,,,,,,,,,,,,,,,,,,,,,,,,,,,,,,,,,,,,,,,,,,,,,,,,,,,,,,,,,,,,,,,,,,,,,,,,,,,,,,,,,,,,,,,,,,,0.0,,0.009354889444592883,0.0,,,,,,,,,,,,,,,,,,,,,,,,,,,,,,,,,,,,,,,,,,,,,,,,,,,,,,,,,,,,,,,,,,,,,,,,,,,,,,,,,,,,,,,0,3,13,1
1,region_01,2021-02-13,0.0004219164839014,0.0,0.0,,0.0,,0.0,,0.060870655067265,0.0,0.0153989745303988,0.0,0.013625417939490722,0.0,,,0.03475788049399848,0.0,0.296062808483839,0.0,0.0013462027030375582,0.0,0.011456696471820233,0.0,0.023037083912640772,0.0,0.0107926419004797,0.0,0.04203948176776364,0.0,0.008924720498422732,0.0,0.00711680389940732,0.0,0.04685321170836682,0.0,0.0,,0.0,,0.0,0.0,0.0,,0.0,,0.0,,0.0,,0.0,,,,,,,,,,,,,,,,,,,,,,,,,,,,,,,,,,,,,,,,,,,,,,,,,,,,,,,,,,,,,,,,,,,,,,,,,,,,,,,,,,,,,,,,,,,,,,,,,,,,,,,,,,,,,,,,,,,,,,,,,,,,,,,,,,,,,,,,,,,,,,,,,,,,,,,,,,0.0,,0.010256279466880633,0.0,,,,,,,,,,,,,,,,,,,,,,,,,,,,,,,,,,,,,,,,,,,,,,,,,,,,,,,,,,,,,,,,,,,,,,,,,,,,,,,,,,,,,,,0,0,16,2
1,region_01,2021-02-20,0.0008392949821427,0.0,0.0,,0.0,,0.0,,0.05041016712784763,0.0,0.0110581186600029,0.0,0.017737860273983712,0.0,,,0.07450822802881396,0.0,0.2734798770397901,0.0,0.0037962200100688415,0.0,0.011483194190077437,0.0,0.02701390146588282,0.0,0.009091443052360097,0.0,0.05868047111046806,0.0,0.014759215836723592,0.0,0.021646722840766058,0.0,0.044767460320144836,0.0,0.0,,0.0,,0.0,0.0,0.0,,0.0,,0.0,,0.0,,0.0,,,,,,,,,,,,,,,,,,,,,,,,,,,,,,,,,,,,,,,,,,,,,,,,,,,,,,,,,,,,,,,,,,,,,,,,,,,,,,,,,,,,,,,,,,,,,,,,,,,,,,,,,,,,,,,,,,,,,,,,,,,,,,,,,,,,,,,,,,,,,,,,,,,,,,,,,,0.0003483463425744192,2.0,0.009718129721780567,0.0,,,,,,,,,,,,,,,,,,,,,,,,,,,,,,,,,,,,,,,,,,,,,,,,,,,,,,,,,,,,,,,,,,,,,,,,,,,,,,,,,,,,,,,0,1,16,3
1,region_01,2021-02-27,0.001256673480384,0.0,0.0,,0.0,,0.0,,0.039949679188430245,0.0,0.006717262789607,0.0,0.021850302608476698,0.0,,,0.11425857556362944,0.0,0.2508969455957412,0.0,0.006246237317100125,0.0,0.01150969190833464,0.0,0.030990719019124868,0.0,0.007390244204240492,0.0,0.07532146045317249,0.0,0.02059371117502445,0.0,0.0361766417821248,0.0,0.04268170893192285,0.0,0.0,,0.0,,0.0,0.0,0.0,,0.0,,0.0,,0.0,,0.0,,,,,,,,,,,,,,,,,,,,,,,,,,,,,,,,,,,,,,,,,,,,,,,,,,,,,,,,,,,,,,,,,,,,,,,,,,,,,,,,,,,,,,,,,,,,,,,,,,,,,,,,,,,,,,,,,,,,,,,,,,,,,,,,,,,,,,,,,,,,,,,,,,,,,,,,,,0.0006966926851488384,0.0,0.0091799799766805,0.0,,,,,,,,,,,,,,,,,,,,,,,,,,,,,,,,,,,,,,,,,,,,,,,,,,,,,,,,,,,,,,,,,,,,,,,,,,,,,,,,,,,,,,,0,0,17,4
1,region_01,2021-03-06,0.0,0.0,0.0,,0.0,,0.0,,,,,,,,,,0.17092376947402949,0.0,,,0.00112705989740784,0.0,0.020585173740983,0.0,0.0560397692024707,0.0,0.010918305721133899,0.0,0.14113309606909746,0.0,,,,,,,,,0.0,,0.00028740553534585,0.0,0.0009368827256063334,2.0,0.0,,0.0,,0.0,,0.0,,,,,,,,,,,,,,,,,,,,,,,,,,,,,,,,,,,,,,,,,,,,,,,,,,,,,,,,,,,,,,,,,,,,,,,,,,,,,,,,,,,,,,,,,,,,,,,,,,,,,,,,,,,,,,,,,,,,,,,,,,,,,,,,,,,,,,,,,,,,,,,,,,,,,,,,,,0.00424047587439414,0.0,,,,,,,,,,,,,,,,,,,,,,,,,,,,,,,,,,,,,,,,,,,,,,,,,,,,,,,,,,,,,,,,,,,,,,,,,,,,,,,,,,,,,,,,,0,1,9,5
1,region_01,2021-03-13,0.0005055460205767,0.0,0.0,,0.0,,0.0,,,,,,,,,,0.25339758098125453,0.0,,,0.00676756221801036,0.0,0.0107915103435516,0.0,0.0393935516476631,0.0,0.008834064705297325,0.0,0.18216785043478007,0.0,,,,,,,,,0.0,,0.00051750114653254,0.0,0.0,0.0,0.0,,0.0,,0.0,,0.0,,,,,,,,,,,,,,,,,,,,,,,,,,,,,,,,,,,,,,,,,,,,,,,,,,,,,,,,,,,,,,,,,,,,,,,,,,,,,,,,,,,,,,,,,,,,,,,,,,,,,,,,,,,,,,,,,,,,,,,,,,,,,,,,,,,,,,,,,,,,,,,,,,,,,,,,,,0.0156310329213738,0.0,,,,,,,,,,,,,,,,,,,,,,,,,,,,,,,,,,,,,,,,,,,,,,,,,,,,,,,,,,,,,,,,,,,,,,,,,,,,,,,,,,,,,,,,,0,0,10,6
1,region_01,2021-03-20,0.0009543390478938,0.0,0.0,,0.0,,0.0,,,,,,,,,,0.3338247358798981,0.0,,,0.00091942806029686,0.0,0.0168912541121244,0.0,0.0318104438483715,0.0,0.003274483198765625,0.0,0.16483468934893603,0.0,,,,,,,,,0.005395352374762266,2.0,0.0,0.0,0.0,0.0,0.0,,0.0,,0.0,,0.0,,,,,,,,,,,,,,,,,,,,,,,,,,,,,,,,,,,,,,,,,,,,,,,,,,,,,,,,,,,,,,,,,,,,,,,,,,,,,,,,,,,,,,,,,,,,,,,,,,,,,,,,,,,,,,,,,,,,,,,,,,,,,,,,,,,,,,,,,,,,,,,,,,,,,,,,,,0.02850367017090316,0.0,,,,,,,,,,,,,,,,,,,,,,,,,,,,,,,,,,,,,,,,,,,,,,,,,,,,,,,,,,,,,,,,,,,,,,,,,,,,,,,,,,,,,,,,,0,1,10,7
1,region_01,2021-03-27,0.00138870574301105,0.0,0.0,,0.0,,0.0,,,,,,,,,,0.38206675052642824,0.0,,,0.00342407245188946,0.0,0.0134224472567439,0.0,0.0274170227348804,0.0,0.008083931519649874,0.0,0.21891040727496142,0.0,,,,,,,,,0.0,0.0,0.0,0.0,0.0,0.0,0.0,,0.0,,0.0,,0.0,,,,,,,,,,,,,,,,,,,,,,,,,,,,,,,,,,,,,,,,,,,,,,,,,,,,,,,,,,,,,,,,,,,,,,,,,,,,,,,,,,,,,,,,,,,,,,,,,,,,,,,,,,,,,,,,,,,,,,,,,,,,,,,,,,,,,,,,,,,,,,,,,,,,,,,,,,0.04531170576810832,0.0,,,,,,,,,,,,,,,,,,,,,,,,,,,,,,,,,,,,,,,,,,,,,,,,,,,,,,,,,,,,,,,,,,,,,,,,,,,,,,,,,,,,,,,,,0,0,11,8
1,region_01,2021-04-03,0.0004118362849112,0.0,0.0,,0.0,,0.0,,,,,,,,,,0.41767152547836306,0.0,,,0.00957136470824474,0.0,0.0070797144435346,0.0,0.0270690023899078,0.0,0.00730250368360425,0.0,0.23029223829507828,0.0,,,,,,,,,0.0,0.0,0.0009768974850885,0.0,0.0,0.0,0.0,,0.0,,0.0,,0.0003387415878629667,2.0,,,,,,,,,,,,,,,,,,,,,,,,,,,,,,,,,,,,,,,,,,,,,,,,,,,,,,,,,,,,,,,,,,,,,,,,,,,,,,,,,,,,,,,,,,,,,,,,,,,,,,,,,,,,,,,,,,,,,,,,,,,,,,,,,,,,,,,,,,,,,,,,,,,,,,,,,0.04761528596282002,0.0,,,,,,,,,,,,,,,,,,,,,,,,,,,,,,,,,,,,,,,,,,,,,,,,,,,,,,,,,,,,,,,,,,,,,,,,,,,,,,,,,,,,,,,,,0,1,11,9
1,region_01,2021-04-10,0.0006795769731979,0.0,0.0,,0.0,,0.0,,,,,,,,,,0.4500612258911133,0.0,,,0.0078024151735007,0.0,0.0031418642029166,0.0,0.0123417591676115,0.0,0.0083905553910881,0.0,0.22616205364465708,0.0,,,,,,,,,0.0009964261553249666,0.0,0.00195546844042832,0.0,0.0,0.0,0.0,,0.0,,0.0,,0.0,0.0,,,,,,,,,,,,,,,,,,,,,,,,,,,,,,,,,,,,,,,,,,,,,,,,,,,,,,,,,,,,,,,,,,,,,,,,,,,,,,,,,,,,,,,,,,,,,,,,,,,,,,,,,,,,,,,,,,,,,,,,,,,,,,,,,,,,,,,,,,,,,,,,,,,,,,,,,0.06505265161395071,0.0,,,,,,,,,,,,,,,,,,,,,,,,,,,,,,,,,,,,,,,,,,,,,,,,,,,,,,,,,,,,,,,,,,,,,,,,,,,,,,,,,,,,,,,,,0,0,12,10
1,region_01,2021-04-17,0.0014661361346952001,0.0,0.0,,0.0,,0.0,,,,,,,,,,0.49829559326171874,0.0,,,0.0055250180885195,0.0,0.007929541170597,0.0,0.0146130360662937,0.0,0.008586033014580574,0.0,0.23324316740036005,0.0,,,,,,,,,0.0024850768192360333,0.0,0.00301709552295502,0.0,0.0,0.0,0.00108415803406382,2.0,0.000218394725379725,2.0,0.0,,0.0003023120613457667,0.0,,,,,,,,,,,,,,,,,,,,,,,,,,,,,,,,,,,,,,,,,,,,,,,,,,,,,,,,,,,,,,,,,,,,,,,,,,,,,,,,,,,,,,,,,,,,,,,,,,,,,,,,,,,,,,,,,,,,,,,,,,,,,,,,,,,,,,,,,,,,,,,,,,,,,,,,,0.05698554590344425,0.0,,,,,,,,,,,,,,,,,,,,,,,,,,,,,,,,,,,,,,,,,,,,,,,,,,,,,,,,,,,,,,,,,,,,,,,,,,,,,,,,,,,,,,,,,0,2,12,11
1,region_01,2021-04-24,0.00162221654318265,0.0,0.0,,0.0,,0.0,,,,,,,,,,0.5110685110092164,0.0,,,0.00134665067307646,0.0,0.0045286281965672,0.0,0.0115731554105877,0.0,0.015014023752883025,0.0,0.23234760016202924,0.0,,,,,,,,,0.0006989925944556333,0.0,0.0036596584599464604,0.0,0.0,0.0,0.0011396306334063,0.0,0.000229716180911,0.0,0.00021986234060019998,2.0,0.0006248007218042333,0.0,,,,,,,,,,,,,,,,,,,,,,,,,,,,,,,,,,,,,,,,,,,,,,,,,,,,,,,,,,,,,,,,,,,,,,,,,,,,,,,,,,,,,,,,,,,,,,,,,,,,,,,,,,,,,,,,,,,,,,,,,,,,,,,,,,,,,,,,,,,,,,,,,,,,,,,,,0.07931068837642666,0.0,,,,,,,,,,,,,,,,,,,,,,,,,,,,,,,,,,,,,,,,,,,,,,,,,,,,,,,,,,,,,,,,,,,,,,,,,,,,,,,,,,,,,,,,,0,1,14,12
1,region_01,2021-05-01,0.00044083359534844997,0.0,0.0,,0.0,,0.00023043611872705,2.0,,,,,,,,,0.5317180097103119,0.0,,,0.00110959613230076,0.0,0.0022243638522922,0.0,0.008484611287713,0.0,0.014854205539450025,0.0,0.23011487722396848,0.0,,,,,,,,,0.00046037348996219997,0.0,0.00997903086245054,0.0,0.0,0.0,0.002277866005897475,0.0,0.00533407565671945,0.0,0.00023043611872705,0.0,0.0003868046187562333,0.0,,,,,,,,,,,,,,,,,,,,,,,,,,,,,,,,,,,,,,,,,,,,,,,,,,,,,,,,,,,,,,,,,,,,,,,,,,,,,,,,,,,,,,,,,,,,,,,,,,,,,,,,,,,,,,,,,,,,,,,,,,,,,,,,,,,,,,,,,,,,,,,,,,,,,,,,,0.10257849097251888,0.0,,,,,,,,,,,,,,,,,,,,,,,,,,,,,,,,,,,,,,,,,,,,,,,,,,,,,,,,,,,,,,,,,,,,,,,,,,,,,,,,,,,,,,,,,0,1,15,13
1,region_01,2021-05-08,0.0004990093002561,0.0,0.00034904727848085834,2.0,0.0,,0.0,0.0,,,,,,,0.0,,0.5233020101274762,0.0,,,0.0047255786135792,0.0,0.0026998575776815,0.0,0.0021411736961454,0.0,0.0108794812113046,0.0,0.2267929576337337,0.0,,,,,,,,,0.0006261852104216334,0.0,0.01609965893713862,0.0,0.0,0.0,0.00218888847157352,0.0,0.00799238937906915,0.0,0.0016714440425857498,0.0,0.0030340328036496333,0.0,,,0.0,,0.0,,0.0,,0.0,,0.0,,,,,,0.0,,0.0,,0.0,,0.0,,0.0,,0.0,,0.0,,0.0,,0.0,,0.0,,,,,,,,,,,,0.0,,,,,,,,,,,,,,,,,,,,,,,,,,,,,,,,,,,,,,,,,,,,,,,,,,,,,,,,,,,,,,,,,,,,,,,,,,,,,,,,,,,,,,,,,,,,,,,,,,,,,,,,,,0.09994135349988932,0.0,,,,,,,,,,,,,,,0.0,,0.0,,,,,,,,,,,,,,0.0,,0.0,,,,,,,,,,,,0.0,,0.0,,0.0,,,,,,,,,,,,,,,,,,,,,,,,,,,,,,,,,,,,,,,,0,1,16,14
1,region_01,2021-05-15,0.00071670452598475,0.0,0.0,0.0,0.0,,0.0,0.0,,,,,,,0.0,,0.5140215092235141,0.0,,,0.001097283908165943,0.0,0.002147615654394,0.0,0.0028618250507861,0.0,0.00921107432804995,0.0,0.21856086328625676,0.0,,,,,,,,,0.0,0.0,0.024888707688827567,0.0,0.0,0.0,0.008965638233348687,0.0,0.0076996197458355994,0.0,0.00394835113547735,0.0,0.0048591331578791,0.0,0.0694271698594093,2.0,0.0,,0.0,,0.0,,0.0,,0.0,,,,,,0.0,,0.0,,0.0,,0.0,,0.0,,0.0,,0.0,,0.0,,0.0,,0.0,,,,,,,,,,,,0.0,,,,,,,,,,,,,,,,,,,,,,,,,,,,,,,,,,,,,,,,,,,,,,,,,,,,,,,,,,,,,,,,,,,,,,,,,,,,,,,,,,,,,,,,,,,,,,,,,,,,,,,,,,0.10875661112368104,0.0,,,,,,,,,,,,,,,0.0,,0.0,,,,,,,,,,,,,,0.0,,0.0,,,,,,,,,,,,0.0,,0.0,,0.0,,,,,,,,,,,,,,,,,,,,,,,,,,,,,,,,,,,,,,,,0,1,17,15
1,region_01,2021-05-22,0.0025027617812156,0.0,0.001272145556868,0.0,0.0,,0.00024519592989235,0.0,,,,,,,0.0,,0.5527937948703766,0.0,,,0.0020093535671808285,0.0,0.0005411202437244,0.0,0.004126260522753,0.0,0.011387234320864026,0.0,0.1651526180406411,0.0,,,,,,,,,0.0,0.0,0.0432008451104841,0.0,0.0,0.0,0.013742336692909368,0.0,0.009704040130600274,0.0,0.0030945022590458003,0.0,0.0064910622313618,0.0,0.0723238736391067,0.0,0.0,,0.0,,0.0,,0.0,,0.0,,,,,,0.0,,0.0,,0.0,,0.0,,0.0,,0.0,,0.0,,0.0,,0.0,,0.0,,,,,,,,,,,,0.0,,,,,,,,,,,,,,,,,,,,,,,,,,,,,,,,,,,,,,,,,,,,,,,,,,,,,,,,,,,,,,,,,,,,,,,,,,,,,,,,,,,,,,,,,,,,,,,,,,,,,,,,,,0.12012292165309188,0.0,,,,,,,,,,,,,,,0.0,,0.0,,,,,,,,,,,,,,0.0,,0.0,,,,,,,,,,,,0.0,,0.0,,0.0,,,,,,,,,,,,,,,,,,,,,,,,,,,,,,,,,,,,,,,,0,0,18,16
1,region_01,2021-05-29,0.0009822901920415001,0.0,0.0,0.0,0.0,,0.0,0.0,,,,,,,0.0,,0.4398648142814636,0.0,,,0.008936063253453756,0.0,0.0,0.0,0.0009823741856962,0.0,0.001000081916572475,0.0,0.2098865297933419,0.0,,,,,,,,,0.0,0.0,0.06021991317075757,0.0,0.0,0.0,0.03425948694348327,0.0,0.027778230141848298,0.0,0.011373054701834851,0.0,0.0125544844195246,0.0,0.1069289818406105,0.0,0.0,,0.0,,0.0,,0.0,,0.0,,,,,,0.0,,0.0,,0.0,,0.0,,0.0,,0.0,,0.0,,0.0,,0.0,,0.0,,,,,,,,,,,,0.0,,,,,,,,,,,,,,,,,,,,,,,,,,,,,,,,,,,,,,,,,,,,,,,,,,,,,,,,,,,,,,,,,,,,,,,,,,,,,,,,,,,,,,,,,,,,,,,,,,,,,,,,,,0.1179387485608458,0.0,,,,,,,,,,,,,,,0.0,,0.0,,,,,,,,,,,,,,0.0,,0.0,,,,,,,,,,,,0.0,,0.0,,0.0,,,,,,,,,,,,,,,,,,,,,,,,,,,,,,,,,,,,,,,,0,0,18,17
1,region_01,2021-06-05,0.0040097858291119,0.0,0.0,0.0,0.0,,0.0,0.0,,,,,,,0.0,,0.4448955565690994,0.0,,,0.0,0.0,0.0,0.0,0.0,0.0,0.0,0.0,0.16645424067974088,0.0,,,,,,,,,0.0,0.0,0.07639671430775989,0.0,0.0,0.0,0.13159000376860294,0.0,0.12796692177653307,0.0,0.0010022692731581,0.0,0.00467520416714246,0.0,0.0453204438090324,0.0,0.0,,0.0,,0.0,,0.0,,0.0,,,,,,0.0,,0.0,,0.0,,0.0,,0.0,,0.0,,0.0,,0.0,,0.0,,0.0,,,,,,,,,,,,0.0,,,,,,,,,,,,,,,,,,,,,,,,,,,,,,,,,,,,,,,,,,,,,,,,,,,,,,,,,,,,,,,,,,,,,,,,,,,,,,,,,,,,,,,,,,,,,,,,,,,,,,,,,,0.11714014597237106,0.0,,,,,,,,,,,,,,,0.0,,0.0,,,,,,,,,,,,,,0.0,,0.0,,,,,,,,,,,,0.0,,0.0,,0.0,,,,,,,,,,,,,,,,,,,,,,,,,,,,,,,,,,,,,,,,0,0,18,18
1,region_01,2021-06-12,0.0179296666756272,0.0,0.0,0.0,0.002203643687867643,2.0,0.0012706079287454,0.0,,,,,,,0.0,,0.39645495679643417,0.0,,,0.0,0.0,0.0,0.0,0.0,0.0,0.0026059191441163,0.0,0.17636187871297196,0.0,,,,,,,,,0.0,0.0,0.04863965194458244,0.0,0.0,0.0,0.08613693760707972,0.0,0.14550878107547757,0.0,0.0,0.0,0.014548132754862239,0.0,0.0394959412515163,0.0,0.0,,0.0,,0.0,,0.0,,0.0,,,,,,0.0,,0.0,,0.0,,0.0,,0.0,,0.0,,0.0,,0.0,,0.0,,0.0,,,,,,,,,,,,0.0,,,,,,,,,,,,,,,,,,,,,,,,,,,,,,,,,,,,,,,,,,,,,,,,,,,,,,,,,,,,,,,,,,,,,,,,,,,,,,,,,,,,,,,,,,,,,,,,,,,,,,,,,,0.10058958549052473,0.0,,,,,,,,,,,,,,,0.0,,0.0,,,,,,,,,,,,,,0.0,,0.0,,,,,,,,,,,,0.0,,0.0,,0.0,,,,,,,,,,,,,,,,,,,,,,,,,,,,,,,,,,,,,,,,0,1,18,19
1,region_01,2021-06-19,0.00766265369020395,0.0,0.0,0.0,0.0,0.0,0.006749003427103099,0.0,,,,,,,0.0,,0.2546429634094238,0.0,,,0.006191380321979486,0.0,0.0,0.0,0.0,0.0,0.0,0.0,0.13104739412665364,0.0,,,,,,,,,0.0,0.0,0.2504640089711923,0.0,0.0,0.0,0.17417088647683462,0.0,0.16887301951646802,0.0,0.0114939804188907,0.0,0.00653076120652252,0.0,0.043719226494431454,0.0,0.0,,0.0,,0.0,,0.0,,0.0,,,,,,0.0,,0.0,,0.0,,0.0,,0.0,,0.0,,0.0,,0.0,,0.0,,0.0,,,,,,,,,,,,0.0,,,,,,,,,,,,,,,,,,,,,,,,,,,,,,,,,,,,,,,,,,,,,,,,,,,,,,,,,,,,,,,,,,,,,,,,,,,,,,,,,,,,,,,,,,,,,,,,,,,,,,,,,,0.09667387480537092,0.0,,,,,,,,,,,,,,,0.0,,0.0,,,,,,,,,,,,,,0.0,,0.0,,,,,,,,,,,,0.0,,0.0,,0.0,,,,,,,,,,,,,,,,,,,,,,,,,,,,,,,,,,,,,,,,0,0,19,20
1,region_01,2021-06-26,0.0135693689808249,0.0,0.0,0.0,0.013420511223375753,0.0,0.020563717931508997,0.0,,,,,,,0.0,,0.14616526994440285,0.0,,,0.0,0.0,0.0,0.0,0.0,0.0,0.0,0.0,0.12204694300889965,0.0,,,,,,,,,0.0,0.0,0.3358475946146866,0.0,0.0,0.0,0.18983280162016547,0.0,0.15046778321266172,0.0,0.01742957718670365,0.0,0.03437160700559614,0.0,0.0394286289811134,0.0,0.0,,0.0,,0.0,,0.0,,0.0,,,,,,0.0,,0.0,,0.0,,0.0,,0.0,,0.0,,0.0,,0.0,,0.0,,0.0,,,,,,,,,,,,0.0,,,,,,,,,,,,,,,,,,,,,,,,,,,,,,,,,,,,,,,,,,,,,,,,,,,,,,,,,,,,,,,,,,,,,,,,,,,,,,,,,,,,,,,,,,,,,,,,,,,,,,,,,,0.11339405737817285,0.0,,,,,,,,,,,,,,,0.0,,0.0,,,,,,,,,,,,,,0.0,,0.0,,,,,,,,,,,,0.0,,0.0,,0.0,,,,,,,,,,,,,,,,,,,,,,,,,,,,,,,,,,,,,,,,0,0,19,21
1,region_01,2021-07-03,0.009500266984105051,0.0,0.0,0.0,0.0,0.0,0.03424577228724955,0.0,,,,,,,0.0,,0.14929648405975762,0.0,,,0.010048887160207501,0.0,0.0,0.0,0.0,0.0,0.0,0.0,0.0512442626059055,0.0,,,,,,,,,0.0,0.0,0.5133930094713388,0.0,0.0,0.0,0.10940808523446317,0.0,0.06827558204531664,0.0,0.00758812692947685,0.0,0.012765658088028358,0.0,0.0386938620358705,0.0,0.0,,0.0,,0.0,,0.0,,0.0,,,,,,0.0,,0.0,,0.0,,0.0,,0.0,,0.0,,0.0,,0.0,,0.0,,0.0,,,,,,,,,,,,0.0,,,,,,,,,,,,,,,,,,,,,,,,,,,,,,,,,,,,,,,,,,,,,,,,,,,,,,,,,,,,,,,,,,,,,,,,,,,,,,,,,,,,,,,,,,,,,,,,,,,,,,,,,,0.055509714875370215,0.0,,,,,,,,,,,,,,,0.0,,0.0,,,,,,,,,,,,,,0.0,,0.0,,,,,,,,,,,,0.0,,0.0,,0.0,,,,,,,,,,,,,,,,,,,,,,,,,,,,,,,,,,,,,,,,0,0,19,22
1,region_01,2021-07-10,0.0,0.0,0.0,0.0,0.0,0.0,0.06190950796008105,0.0,,,,,,,0.0,,0.02952534295618528,0.0,,,0.0,0.0,0.0,0.0,0.0,0.0,0.0,0.0,0.011959460447542316,0.0,,,,,,,,,0.0,0.0,0.7770748802206733,0.0,0.0,0.0,0.09795392304658884,0.0,0.08817457780241961,0.0,0.0,0.0,0.0,0.0,0.00308245443738995,0.0,0.0,,0.0,,0.0,,0.0,,0.0,,,,,,0.0,,0.0,,0.0,,0.0,,0.0,,0.0,,0.0,,0.0,,0.0,,0.0,,,,,,,,,,,,0.0,,,,,,,,,,,,,,,,,,,,,,,,,,,,,,,,,,,,,,,,,,,,,,,,,,,,,,,,,,,,,,,,,,,,,,,,,,,,,,,,,,,,,,,,,,,,,,,,,,,,,,,,,,0.021520904498174724,0.0,,,,,,,,,,,,,,,0.0,,0.0,,,,,,,,,,,,,,0.0,,0.0,,,,,,,,,,,,0.0,,0.0,,0.0,,,,,,,,,,,,,,,,,,,,,,,,,,,,,,,,,,,,,,,,0,0,19,23
1,region_01,2021-07-17,0.00395453802775585,0.0,0.0,0.0,0.0,0.0,0.120815135538578,0.0,,,,,,,0.0,,0.0237723163639505,0.0,,,0.0,0.0,0.0,0.0,0.0,0.0,0.0,0.0,0.0024182768150542836,0.0,,,,,,,,,0.0,0.0,0.9142926030380781,0.0,0.0,0.0,0.0233402550220489,0.0,0.01224950025789435,0.0,0.0,0.0,0.0009952143998816,0.0,0.00658647879026825,0.0,0.0,,0.0,,0.0,,0.0,,0.0,,,,,,0.0,,0.0,,0.0,,0.0,,0.0,,0.0,,0.0,,0.0,,0.0,,0.0,,,,,,,,,,,,0.0,,,,,,,,,,,,,,,,,,,,,,,,,,,,,,,,,,,,,,,,,,,,,,,,,,,,,,,,,,,,,,,,,,,,,,,,,,,,,,,,,,,,,,,,,,,,,,,,,,,,,,,,,,0.010513941757380926,0.0,,,,,,,,,,,,,,,0.0,,0.0,,,,,,,,,,,,,,0.0,,0.0,,,,,,,,,,,,0.0,,0.0,,0.0,,,,,,,,,,,,,,,,,,,,,,,,,,,,,,,,,,,,,,,,0,0,19,24
1,region_01,2021-07-24,0.0,0.0,0.0,0.0,0.0,0.0,0.0861636064946651,0.0,,,,,,,0.0,,0.016120916128986366,0.0,,,0.0,0.0,0.0,0.0,0.0,0.0,0.0,0.0,0.0008890372700988666,0.0,,,,,,,,,0.0,0.0,0.9532057175582106,0.0,0.0,0.0,0.011108162638265588,0.0,0.0032821835484355,0.0,0.001609212544281,0.0,0.006084533780813179,0.0,0.0,0.0,0.0,,0.0,,0.0,,0.0,,0.0,,,,,,0.0,,0.0,,0.0,,0.0,,0.0,,0.0,,0.0,,0.0,,0.0,,0.0,,,,,,,,,,,,0.0,,,,,,,,,,,,,,,,,,,,,,,,,,,,,,,,,,,,,,,,,,,,,,,,,,,,,,,,,,,,,,,,,,,,,,,,,,,,,,,,,,,,,,,,,,,,,,,,,,,,,,,,,,0.005805340013466725,0.0,,,,,,,,,,,,,,,0.0,,0.0,,,,,,,,,,,,,,0.0,,0.0,,,,,,,,,,,,0.0,,0.0,,0.0,,,,,,,,,,,,,,,,,,,,,,,,,,,,,,,,,,,,,,,,0,0,19,25
1,region_01,2021-07-31,0.0,0.0,0.00033140711020672665,0.0,0.0015609961313505533,0.0,0.1089531704783439,0.0,,,,,,,0.0,,0.007140729886790067,0.0,,,0.0,0.0,,,,,0.0,0.0,0.0001089045035769,0.0,,,,,,,,,0.0,0.0,0.9540662059838745,0.0,0.0,0.0,0.013198486529290615,0.0,0.012430369388312032,0.0,0.0003749225579667,0.0,0.0034724882182975334,0.0,0.0,0.0,0.0,,0.0,,0.0,,0.0,,0.0,,,,,,0.0,,0.0,,0.0,,0.0,,0.0,,0.0,,0.0,,0.0,,0.0,,0.0,,,,,,,,,,,,0.0,,,,,,,,,,,,,,,,,,,,,,,,,,,,,,,,,,,,,,,,,,,,,,,,,,,,,,,,,,,,,,,,,,,,,,,,,,,,,,,,,,,,,,,,,,,,,,,,,,,,,,,,,,0.010832394473254629,0.0,,,,,,,,,,,,,,,0.0,,0.0,,,,,,,,,,,,,,0.0,,0.0,,,,,,,,,,,,0.0,,0.0,,0.0,,,,,,,,,,,,,,,,,,,,,,,,,,,,,,,,,,,,,,,,0,0,17,26
1,region_01,2021-08-07,,,0.00045957222547642144,0.0,0.0013307526740910143,0.0,,,,,,,,,0.0,,0.0019068984911427376,0.0,,,0.0,0.0,,,,,0.0,0.0,0.00031778251286595,0.0,,,,,,,,,0.0,0.0,0.9781089030032935,0.0,0.0,0.0,0.002696852510174067,0.0,0.0007671499042771501,0.0,,,0.0023079734140385665,0.0,0.00043577598989935,0.0,0.0,,0.0,,0.0,,0.0,,0.0,,,,,,0.0,,0.0,,0.0,,0.0,,0.0,,0.0,,0.0,,0.0,,0.0,,0.0,,,,,,,,,,,,0.0,,,,,,,,,,,,,,,,,,,,,,,,,,,,,,,,,,,,,,,,,,,,,,,,,,,,,,,,,,,,,,,,,,,,,,,,,,,,,,,,,,,,,,,,,,,,,,,,,,,,,,,,,,0.006096367025747825,0.0,,,,,,,,,,,,,,,0.0,,0.0,,,,,,,,,,,,,,0.0,,0.0,,,,,,,,,,,,0.0,,0.0,,0.0,,,,,,,,,,,,,,,,,,,,,,,,,,,,,,,,,,,,,,,,0,0,14,27
1,region_01,2021-08-14,,,0.0014991825267385464,0.0,0.00037479565183339995,0.0,,,,,,,,,0.0,,0.0010707531639906286,0.0,,,0.0,0.0,,,,,0.0,0.0,0.00011479450040495,0.0,,,,,,,,,0.0,0.0,0.9864616805598849,0.0,0.0,0.0,0.00141251358436414,0.0,0.0,0.0,,,0.0011105159937869,0.0,0.00032197149994310005,0.0,0.0,,0.0,,0.0,,0.0,,0.0,,,,,,0.0,,0.0,,0.0,,0.0,,0.0,,0.0,,0.0,,0.0,,0.0,,0.0,,,,,,,,,,,,0.0,,,,,,,,,,,,,,,,,,,,,,,,,,,,,,,,,,,,,,,,,,,,,,,,,,,,,,,,,,,,,,,,,,,,,,,,,,,,,,,,,,,,,,,,,,,,,,,,,,,,,,,,,,0.00148059751372778,0.0,,,,,,,,,,,,,,,0.0,,0.0,,,,,,,,,,,,,,0.0,,0.0,,,,,,,,,,,,0.0,,0.0,,0.0,,,,,,,,,,,,,,,,,,,,,,,,,,,,,,,,,,,,,,,,0,0,14,28
1,region_01,2021-08-21,,,0.0001808297406218846,0.0,0.0009275311693692077,0.0,,,,,,,,,0.0,,0.00043092374315680004,0.0,,,0.0,0.0,,,,,0.0,0.0,0.0008174254908226,0.0,,,,,,,,,0.0,0.0,0.9859221336387453,0.0,0.0,0.0,0.0033489218913018,0.0,0.0006168747786432,0.0,,,0.0008265185315394,0.0,0.0,0.0,0.0,,0.0,,0.0,,0.0,,0.0,,,,,,0.0,,0.0,,0.0,,0.0,,0.0,,0.0,,0.0,,0.0,,0.0,,0.0,,,,,,,,,,,,0.0,,,,,,,,,,,,,,,,,,,,,,,,,,,,,,,,,,,,,,,,,,,,,,,,,,,,,,,,,,,,,,,,,,,,,,,,,,,,,,,,,,,,,,,,,,,,,,,,,,,,,,,,,,0.00205660992360204,0.0,,,,,,,,,,,,,,,0.0,,0.0,,,,,,,,,,,,,,0.0,,0.0,,,,,,,,,,,,0.0,,0.0,,0.0,,,,,,,,,,,,,,,,,,,,,,,,,,,,,,,,,,,,,,,,0,0,14,29
1,region_01,2021-08-28,,,0.0,0.0,0.000339895821525675,0.0,,,,,,,,,0.0,,0.0015372338239103168,0.0,,,0.0,0.0,,,,,0.0,0.0,0.0,0.0,,,,,,,,,0.0,0.0,0.989851842323939,0.0,0.0,0.0,0.002423720972728875,0.0,,,,,0.0,0.0,0.0,0.0,0.0,,0.0,,0.0,,0.0,,0.0,,,,,,0.0,,0.0,,0.0,,0.0,,0.0,,0.0,,0.0,,0.0,,0.0,,0.0,,,,,,,,,,,,0.0,,,,,,,,,,,,,,,,,,,,,,,,,,,,,,,,,,,,,,,,,,,,,,,,,,,,,,,,,,,,,,,,,,,,,,,,,,,,,,,,,,,,,,,,,,,,,,,,,,,,,,,,,,0.000810354031273125,0.0,,,,,,,,,,,,,,,0.0,,0.0,,,,,,,,,,,,,,0.0,,0.0,,,,,,,,,,,,0.0,,0.0,,0.0,,,,,,,,,,,,,,,,,,,,,,,,,,,,,,,,,,,,,,,,0,0,13,30
1,region_01,2021-09-04,,,0.0010238763590512182,0.0,0.0008031937865201181,0.0,,,,,,,,,0.0,,0.0,0.0,,,0.0,0.0,,,,,,,0.0,0.0,,,,,,,,,0.0,0.0,0.9952576487529569,0.0,,,0.0003004799946210667,0.0,,,,,0.0,0.0,0.0,0.0,0.0,,0.0,,0.0,,0.0,,0.0,,,,,,0.0,,0.0,,0.0,,0.0,,0.0,,0.0,,0.0,,0.0,,0.0,,0.0,,,,,,,,,,,,0.0,,,,,,,,,,,,,,,,,,,,,,,,,,,,,,,,,,,,,,,,,,,,,,,,,,,,,,,,,,,,,,,,,,,,,,,,,,,,,,,,,,,,,,,,,,,,,,,,,,,,,,,,,,0.0007082643472434,0.0,,,,,,,,,,,,,,,0.0,,0.0,,,,,,,,,,,,,,0.0,,0.0,,,,,,,,,,,,0.0,,0.0,,0.0,,,,,,,,,,,,,,,,,,,,,,,,,,,,,,,,,,,,,,,,0,0,11,31
1,region_01,2021-09-11,,,0.0,0.0,0.0,0.0,,,,,,,,,0.0,,0.0,0.0,,,0.0,0.0,,,,,,,0.0,0.0,,,,,,,,,0.0,0.0,0.998235309869051,0.0,,,0.00043964900153996663,0.0,,,,,0.0001513984971097,0.0,0.0,0.0,0.0,,0.0,,0.0,,0.0,,0.0,,,,,,0.0,,0.0,,0.0,,0.0,,0.0,,0.0,,0.0,,0.0,,0.0,,0.0,,,,,,,,,,,,0.0,,,,,,,,,,,,,,,,,,,,,,,,,,,,,,,,,,,,,,,,,,,,,,,,,,,,,,,,,,,,,,,,,,,,,,,,,,,,,,,,,,,,,,,,,,,,,,,,,,,,,,,,,,0.00019216699971966666,0.0,,,,,,,,,,,,,,,0.0,,0.0,,,,,,,,,,,,,,0.0,,0.0,,,,,,,,,,,,0.0,,0.0,,0.0,,,,,,,,,,,,,,,,,,,,,,,,,,,,,,,,,,,,,,,,0,0,11,32
1,region_01,2021-09-18,,,0.00138276198413218,0.0,0.0,0.0,,,,,,,,,0.0,,0.0,0.0,,,0.0,0.0,,,,,,,0.0,0.0,,,,,,,,,0.0,0.0,0.9974044988184799,0.0,,,0.0,0.0,,,,,0.0003209830028936,0.0,0.0,0.0,0.0,,0.0,,0.0,,0.0,,0.0,,,,,,0.0,,0.0,,0.0,,0.0,,0.0,,0.0,,0.0,,0.0,,0.0,,0.0,,,,,,,,,,,,0.0,,,,,,,,,,,,,,,,,,,,,,,,,,,,,,,,,,,,,,,,,,,,,,,,,,,,,,,,,,,,,,,,,,,,,,,,,,,,,,,,,,,,,,,,,,,,,,,,,,,,,,,,,,0.0,0.0,,,,,,,,,,,,,,,0.0,,0.0,,,,,,,,,,,,,,0.0,,0.0,,,,,,,,,,,,0.0,,0.0,,0.0,,,,,,,,,,,,,,,,,,,,,,,,,,,,,,,,,,,,,,,,0,0,11,33
1,region_01,2021-09-25,,,0.00011710198466763334,0.0,0.0,0.0,,,,,,,,,0.0,,0.0,0.0,,,,,,,,,,,,,,,,,,,,,,,0.9952684323509018,0.0,,,0.0,0.0,,,,,,,,,0.0,,0.0,,0.0,,0.0,,0.0,,,,,,0.0,,0.0,,0.0,,0.0,,0.0,,0.0,,0.0,,0.0,,0.0,,0.0,,,,,,,,,,,,0.0,,,,,,,,,,,,,,,,,,,,,,,,,,,,,,,,,,,,,,,,,,,,,,,,,,,,,,,,,,,,,,,,,,,,,,,,,,,,,,,,,,,,,,,,,,,,,,,,,,,,,,,,,,0.0,0.0,,,,,,,,,,,,,,,0.0,,0.0,,,,,,,,,,,,,,0.0,,0.0,,,,,,,,,,,,0.0,,0.0,,0.0,,,,,,,,,,,,,,,,,,,,,,,,,,,,,,,,,,,,,,,,0,0,6,34
1,region_01,2021-10-02,,,0.0,0.0,0.0,0.0,,,,,,,,,0.0023878428390681533,1.0,0.0,0.0,,,,,,,,,,,,,,,,,,,,,,,0.9929823465645313,0.0,,,,,,,,,,,,,0.0031064365072832794,1.0,0.0,,0.0,,0.0,,0.0,,,,,,0.0,,0.0,,0.0,,0.0,,0.0,,0.0,,0.0,,0.0,,0.0,,0.0,,,,,,,,,,,,0.0,,,,,,,,,,,,,,,,,,,,,,,,,,,,,,,,,,,,,,,,,,,,,,,,,,,,,,,,,,,,,,,,,,,,,,,,,,,,,,,,,,,,,,,,,,,,,,,,,,,,,,,,,,,,,,,,,,,,,,,,,,0.0,,0.0,,,,,,,,,,,,,,0.0,,0.0,,,,,,,,,,,,0.0,,0.0,,0.0,,,,,,,,,,,,,,,,,,,,,,,,,,,,,,,,,,,,,,,,2,0,4,0
1,region_01,2021-10-09,,,0.0,0.0,0.0001127507366617875,0.0,,,,,,,,,0.0007865569972305637,0.0,0.0,0.0,,,,,,,,,,,,,,,,,,,,,,,0.9958741253530475,0.0,,,,,,,,,,,,,0.0008229509848580353,0.0,0.0,,0.0,,0.0,,0.0,,,,,,0.0,,0.0,,0.0,,0.0,,0.0,,0.0,,0.0,,0.0,,0.0,,0.0,,,,,,,,,,,,0.0,,,,,,,,,,,,,,,,,,,,,,,,,,,,,,,,,,,,,,,,,,,,,,,,,,,,,,,,,,,,,,,,,,,,,,,,,,,,,,,,,,,,,,,,,,,,,,,,,,,,,,,,,,,,,,,,,,,,,,,,,,0.0,,0.0,,,,,,,,,,,,,,0.0,,0.0,,,,,,,,,,,,0.0,,0.0,,0.0,,,,,,,,,,,,,,,,,,,,,,,,,,,,,,,,,,,,,,,,0,0,6,1
1,region_01,2021-10-16,,,0.0,0.0,0.0,0.0,,,,,,,,,0.0,0.0,0.0,0.0,,,,,,,,,,,,,,,,,,,,,,,0.996294431872182,0.0,,,,,,,,,,,,,0.0,0.0,0.0,,0.0,,0.0,,0.0,,,,,,0.0,,0.0,,0.0,,0.0,,0.0,,0.0,,0.0,,0.0,,0.0,,0.0,,,,,,,,,,,,0.0,,,,,,,,,,,,,,,,,,,,,,,,,,,,,,,,,,,,,,,,,,,,,,,,,,,,,,,,,,,,,,,,,,,,,,,,,,,,,,,,,,,,,,,,,,,,,,,,,,,,,,,,,,,,,,,,,,,,,,,,,,0.0,,0.0,,,,,,,,,,,,,,0.0,,0.0,,,,,,,,,,,,0.0,,0.0,,0.0,,,,,,,,,,,,,,,,,,,,,,,,,,,,,,,,,,,,,,,,0,0,6,2
1,region_01,2021-10-23,,,0.00011885901039925,0.0,0.0,0.0,,,,,,,,,0.0004003473432021125,0.0,,,,,,,,,,,,,,,,,,,,,,,,,0.9949506458483244,0.0,,,,,,,,,,,,,0.00042610123979524705,0.0,0.0,,0.0,,0.0,,0.0,,,,,,0.0,,0.0,,0.0,,0.0,,0.0,,0.0,,0.0,,0.0,,0.0,,0.0,,,,,,,,,,,,0.0,,,,,,,,,,,,,,,,,,,,,,,,,,,,,,,,,,,,,,,,,,,,,,,,,,,,,,,,,,,,,,,,,,,,,,,,,,,,,,,,,,,,,,,,,,,,,,,,,,,,,,,,,,,,,,,,,,,,,,,,,,0.0,,0.0,,,,,,,,,,,,,,0.0,,0.0,,,,,,,,,,,,0.0,,0.0,,0.0,,,,,,,,,,,,,,,,,,,,,,,,,,,,,,,,,,,,,,,,0,0,5,3
1,region_01,2021-10-30,,,0.0,0.0,0.0,0.0,,,,,,,,,0.0,0.0,,,,,,,,,,,,,,,,,,,,,,,,,0.992994201183319,0.0,,,,,,,,,,,,,0.0,0.0,0.0,,0.0,,0.0,,0.0,,,,,,0.0,,0.0,,0.0,,0.0,,0.0,,0.0,,0.0,,0.0,,0.0,,0.0,,,,,,,,,,,,0.0,,,,,,,,,,,,,,,,,,,,,,,,,,,,,,,,,,,,,,,,,,,,,,,,,,,,,,,,,,,,,,,,,,,,,,,,,,,,,,,,,,,,,,,,,,,,,,,,,,,,,,,,,,,,,,,,,,,,,,,,,,0.0,,0.0,,,,,,,,,,,,,,0.0,,0.0,,,,,,,,,,,,0.0,,0.0,,0.0,,,,,,,,,,,,,,,,,,,,,,,,,,,,,,,,,,,,,,,,0,0,5,4
1,region_01,2021-11-06,,,0.0,0.0,0.0,0.0,,,,,,,,,0.0,0.0,,,,,,,,,,,,,,,,,,,,,,,,,0.9948298415622195,0.0,,,,,,,,,,,,,0.0,0.0,0.0,,0.0,,0.0,,0.0,,,,,,0.0,,0.0,,0.0,,0.0,,0.0,,0.0,,0.0,,0.0,,0.0,,0.0,,,,,,,,,,,,0.0,,,,,,,,,,,,,,,,,,,,,,,,,,,,,,,,,,,,,,,,,,,,,,,,,,,,,,,,,,,,,,,,,,,,,,,,,,,,,,,,,,,,,,,,,,,,,,,,,,,,,,,,,,,,,,,,,,,,,,,,,,0.0,,0.0,,,,,,,,,,,,,,0.0,,0.0,,,,,,,,,,,,0.0,,0.0,,0.0,,,,,,,,,,,,,,,,,,,,,,,,,,,,,,,,,,,,,,,,0,0,5,5
1,region_01,2021-11-13,,,0.00011869331501653334,0.0,0.0,0.0,,,,,,,,,0.0,0.0,,,,,,,,,,,,,,,,,,,,,,,,,0.9923320742877754,0.0,,,,,,,,,,,,,0.0,0.0,0.0,,0.0,,0.0,,0.0,,,,,,0.0,,0.0,,0.0,,0.0,,0.0,,0.0,,0.0,,0.0,,0.0,,0.0,,,,,,,,,,,,0.0,,,,,,,,,,,,,,,,,,,,,,,,,,,,,,,,,,,,,,,,,,,,,,,,,,,,,,,,,,,,,,,,,,,,,,,,,,,,,,,,,,,,,,,,,,,,,,,,,,,,,,,,,,,,,,,,,,,,,,,,,,0.0,,0.0,,,,,,,,,,,,,,0.0,,0.0,,,,,,,,,,,,0.0,,0.0,,0.0,,,,,,,,,,,,,,,,,,,,,,,,,,,,,,,,,,,,,,,,0,0,5,6
1,region_01,2021-11-20,,,0.0,0.0,2.91232954623e-05,0.0,,,,,,,,,0.0,0.0,,,,,,,,,,,,,,,,,,,,,,,,,0.9900564172783414,0.0,,,,,,,,,,,,,0.0,0.0,0.0,,0.0,,0.0,,0.0,,,,,,0.0,,0.0,,0.0,,0.0,,0.0,,0.0,,0.0,,0.0,,0.0,,0.0,,,,,,,,,,,,0.0,,,,,,,,,,,,,,,,,,,,,,,,,,,,,,,,,,,,,,,,,,,,,,,,,,,,,,,,,,,,,,,,,,,,,,,,,,,,,,,,,,,,,,,,,,,,,,,,,,,,,,,,,,,,,,,,,,,,,,,,,,0.0,,0.0,,,,,,,,,,,,,,0.0,,0.0,,,,,,,,,,,,0.0,,0.0,,0.0,,,,,,,,,,,,,,,,,,,,,,,,,,,,,,,,,,,,,,,,0,0,5,7
1,region_01,2021-11-27,,,0.0,0.0,0.0,0.0,,,,,,,,,0.0003254568730145603,0.0,,,,,,,,,,,,,,,,,,,,,,,,,0.9922727673021081,0.0,,,,,,,,,,,,,0.0006167014790287559,0.0,0.0,,0.0,,0.0,,0.0,,,,,,0.0,,0.0,,0.0,,0.0,,0.0,,0.0,,0.0,,0.0,,0.0,,0.0,,,,,,,,,,,,0.0,,,,,,,,,,,,,,,,,,,,,,,,,,,,,,,,,,,,,,,,,,,,,,,,,,,,,,,,,,,,,,,,,,,,,,,,,,,,,,,,,,,,,,,,,,,,,,,,,,,,,,,,,,,,,,,,,,,,,,,,,,0.0,,0.0,,,,,,,,,,,,,,0.0,,0.0,,,,,,,,,,,,0.0,,0.0,,0.0,,,,,,,,,,,,,,,,,,,,,,,,,,,,,,,,,,,,,,,,0,0,5,8
1,region_01,2021-12-04,,,,,,,,,,,,,,,0.0032868588868369556,0.0,,,,,,,,,,,,,,,,,,,,,,,,,0.9951456257275173,0.0,,,,,,,,,,,,,0.0007811206125872971,0.0,0.0,,0.0,,0.0,,0.0,,,,,,0.0,,0.0,,0.0,,0.0,,0.0,,0.0,,0.0,,0.0,,0.0,,0.0,,,,,,,,,,,,0.0,,,,,,,,,,,,,,,,,,,,,,,,,,,,,,,,,,,,,,,,,,,,,,,,,,,,,,,,,,,,,,,,,,,,,,,,,,,,,,,,,,,,,,,,,,,,,,,,,,,,,,,,,,,,,,,,,,,,,,,,,,0.0,,0.0,,,,,,,,,,,,,,0.0,,0.0,,,,,,,,,,,,0.0,,0.0,,0.0,,,,,,,,,,,,,,,,,,,,,,,,,,,,,,,,,,,,,,,,0,0,3,9
1,region_01,2021-12-11,,,,,,,,,,,,,,,0.015509385445063332,0.0,,,,,,,,,,,,,,,,,,,,,,,,,0.981727915750423,0.0,,,,,,,,,,,,,0.003453427665483368,0.0,0.0,,0.0,,0.0,,0.0,,,,,,0.0,,0.0,,0.0,,0.0,,0.0,,0.0,,0.0,,0.0,,0.0,,0.0,,,,,,,,,,,,0.0,,,,,,,,,,,,,,,,,,,,,,,,,,,,,,,,,,,,,,,,,,,,,,,,,,,,,,,,,,,,,,,,,,,,,,,,,,,,,,,,,,,,,,,,,,,,,,,,,,,,,,,,,,,,,,,,,,,,,,,,,,0.0,,0.0,,,,,,,,,,,,,,0.0,,0.0,,,,,,,,,,,,0.0,,0.0,,0.0,,,,,,,,,,,,,,,,,,,,,,,,,,,,,,,,,,,,,,,,0,0,3,10
1,region_01,2021-12-18,,,,,,,,,,,,,,,0.15959403493574684,0.0,,,,,,,,,,,,,,,,,,,,,,,,,0.809182265826634,0.0,,,,,,,,,,,,,0.054480874253546446,0.0,0.0,,0.0,,0.0,,0.0,,,,,,0.0,,0.0,,0.0,,0.0,,0.0,,0.0,,0.0,,0.0,,0.0,,0.0,,,,,,,,,,,,0.0,,,,,,,,,,,,,,,,,,,,,,,,,,,,,,,,,,,,,,,,,,,,,,,,,,,,,,,,,,,,,,,,,,,,,,,,,,,,,,,,,,,,,,,,,,,,,,,,,,,,,,,,,,,,,,,,,,,,,,,,,,0.0,,0.0,,,,,,,,,,,,,,0.0,,0.0,,,,,,,,,,,,0.0,,0.0,,0.0,,,,,,,,,,,,,,,,,,,,,,,,,,,,,,,,,,,,,,,,0,0,3,11
1,region_01,2021-12-25,,,,,,,,,,,,,,,0.46677787969077844,0.0,,,,,,,,,,,,,,,,,,,,,,,,,0.42050331615019537,0.0,,,,,,,,,,,,,0.21665319011491885,0.0,0.00042096298599897077,1.0,0.0,,0.0,,0.0,,,,,,0.0,,0.0,,0.0,,0.0,,0.0,,0.0,,0.0,,0.0,,0.0,,0.0,,,,,,,,,,,,0.0,,,,,,,,,,,,,,,,,,,,,,,,,,,,,,,,,,,,,,,,,,,,,,,,,,,,,,,,,,,,,,,,,,,,,,,,,,,,,,,,,,,,,,,,,,,,,,,,,,,,,,,,,,,,,,,,,,,,,,,,,,0.0,,0.0,,,,,,,,,,,,,,0.0,,0.0,,,,,,,,,,,,0.0,,0.0,,0.0,,,,,,,,,,,,,,,,,,,,,,,,,,,,,,,,,,,,,,,,1,0,3,0
1,region_01,2022-01-01,,,,,,,,,,,,,,,0.6537141107461032,0.0,,,,,,,,,,,,,,,,,,,,,,,,,0.13653247167958926,0.0,,,,,,,,,,,,,0.4053158584763022,0.0,0.00031320105794848004,0.0,0.0,,0.0,,0.0,,,,,,0.0,,0.0,,0.0,,0.0,,0.0,,0.0,,0.0,,0.0,,0.0,,0.0,,,,,,,,,,,,0.0,,,,,,,,,,,,,,,,,,,,,,,,,,,,,,,,,,,,,,,,,,,,,,,,,,,,,,,,,,,,,,,,,,,,,,,,,,,,,,,,,,,,,,,,,,,,,,,,,,,,,,,,,,,,,,,,,,,,,,,,,,0.0,,0.0,,,,,,,,,,,,,,0.0,,0.0,,,,,,,,,,,,0.0,,0.0,,0.0,,,,,,,,,,,,,,,,,,,,,,,,,,,,,,,,,,,,,,,,0,0,4,1
1,region_01,2022-01-08,,,,,,,,,,,,,,,0.68053829447547,0.0,,,,,,,,,,,,,,,,,,,,,,,,,0.05037388889424831,0.0,,,,,,,,,,,,,0.526258638676475,0.0,0.0008956556647227415,0.0,0.0,,0.0,,0.0,,,,,,0.0,,0.0,,0.0,,0.0,,0.0,,0.0,,0.0,,0.0,,0.0,,0.0,,,,,,,,,,,,0.0,,,,,,,,,,,,,,,,,,,,,,,,,,,,,,,,,,,,,,,,,,,,,,,,,,,,,,,,,,,,,,,,,,,,,,,,,,,,,,,,,,,,,,,,,,,,,,,,,,,,,,,,,,,,,,,,,,,,,,,,,,0.0,,0.0,,,,,,,,,,,,,,0.0,,0.0,,,,,,,,,,,,0.0,,0.0,,0.0,,,,,,,,,,,,,,,,,,,,,,,,,,,,,,,,,,,,,,,,0,0,4,2
1,region_01,2022-01-15,,,,,,,,,,,,,,,0.6722279764823059,0.0,,,,,,,,,,,,,,,,,,,,,,,,,0.020722812931261797,0.0,,,,,,,,,,,,,0.5989530910463894,0.0,0.0025989209552509844,0.0,0.0,,0.0,,0.0,,,,,,0.0,,0.0,,0.0,,0.0,,0.0,,0.0,,0.0,,0.0,,0.0,,0.0,,,,,,,,,,,,0.0,,,,,,,,,,,,,,,,,,,,,,,,,,,,,,,,,,,,,,,,,,,,,,,,,,,,,,,,,,,,,,,,,,,,,,,,,,,,,,,,,,,,,,,,,,,,,,,,,,,,,,,,,,,,,,,,,,,,,,,,,,0.0,,0.0,,,,,,,,,,,,,,0.0,,0.0,,,,,,,,,,,,0.0,,0.0,,0.0,,,,,,,,,,,,,,,,,,,,,,,,,,,,,,,,,,,,,,,,0,0,4,3
1,region_01,2022-01-22,,,,,,,,,,,,,,,0.6469145877794786,0.0,,,,,,,,,,,,,,,,,,,,,,,,,0.011677649019966005,0.0,,,,,,,,,,,,,0.6569814253598452,0.0,0.003128574691910356,0.0,0.0,,0.0,,0.0,,,,,,0.0,,0.0,,0.0,,0.0,,0.0,,0.0,,0.0,,0.0,,0.0,,0.0,,,,,,,,,,,,0.0,,,,,,,,,,,,,,,,,,,,,,,,,,,,,,,,,,,,,,,,,,,,,,,,,,,,,,,,,,,,,,,,,,,,,,,,,,,,,,,,,,,,,,,,,,,,,,,,,,,,,,,,,,,,,,,,,,,,,,,,,,0.0,,0.0,,,,,,,,,,,,,,0.0,,0.0,,,,,,,,,,,,0.0,,0.0,,0.0,,,,,,,,,,,,,,,,,,,,,,,,,,,,,,,,,,,,,,,,0,0,4,4
1,region_01,2022-01-29,,,,,,,,,,,,,,,0.6304406728595495,0.0,,,,,,,,,,,,,,,,,,,,,,,,,0.004338819454724459,0.0,,,,,,,,,,,,,0.694164312247074,0.0,0.007051588107760085,0.0,0.0,,0.0,,0.0,,,,,,0.0,,0.0,,0.0,,0.0,,0.0,,0.0,,0.0,,0.0,,0.0,,0.0,,,,,,,,,,,,0.0,,,,,,,,,,,,,,,,,,,,,,,,,,,,,,,,,,,,,,,,,,,,,,,,,,,,,,,,,,,,,,,,,,,,,,,,,,,,,,,,,,,,,,,,,,,,,,,,,,,,,,,,,,,,,,,,,,,,,,,,,,0.0,,0.0,,,,,,,,,,,,,,0.0,,0.0,,,,,,,,,,,,0.0,,0.0,,0.0,,,,,,,,,,,,,,,,,,,,,,,,,,,,,,,,,,,,,,,,0,0,4,5
1,region_01,2022-02-05,,,,,,,,,,,,,,,0.5910542968194932,0.0,,,,,,,,,,,,,,,,,,,,,,,,,0.003069852611848229,0.0,,,,,,,,,,,,,0.7232574154348934,0.0,0.020887543738353942,0.0,0.0,,0.0,,0.0,,,,,,0.0,,0.0,,0.0,,0.0,,0.0,,0.0,,0.0,,0.0,,0.0,,0.0,,,,,,,,,,,,0.0,,,,,,,,,,,,,,,,,,,,,,,,,,,,,,,,,,,,,,,,,,,,,,,,,,,,,,,,,,,,,,,,,,,,,,,,,,,,,,,,,,,,,,,,,,,,,,,,,,,,,,,,,,,,,,,,,,,,,,,,,,0.0,,0.0,,,,,,,,,,,,,,0.0,,0.0,,,,,,,,,,,,0.0,,0.0,,0.0,,,,,,,,,,,,,,,,,,,,,,,,,,,,,,,,,,,,,,,,0,0,4,6
1,region_01,2022-02-12,,,,,,,,,,,,,,,0.5506364223029878,0.0,,,,,,,,,,,,,,,,,,,,,,,,,0.007570047264120352,0.0,,,,,,,,,,,,,0.7239361230064841,0.0,0.050557504275015375,0.0,0.0,,0.0,,0.0,,,,,,0.0,,0.0,,0.0,,0.0,,0.0,,0.0,,0.0,,0.0,,0.0,,0.0,,,,,,,,,,,,0.0,,,,,,,,,,,,,,,,,,,,,,,,,,,,,,,,,,,,,,,,,,,,,,,,,,,,,,,,,,,,,,,,,,,,,,,,,,,,,,,,,,,,,,,,,,,,,,,,,,,,,,,,,,,,,,,,,,,,,,,,,,0.0,,0.0,,,,,,,,,,,,,,0.0,,0.0,,,,,,,,,,,,0.0,,0.0,,0.0,,,,,,,,,,,,,,,,,,,,,,,,,,,,,,,,,,,,,,,,0,0,4,7
1,region_01,2022-02-19,,,,,,,,,,,,,,,0.4976130022156623,0.0,,,,,,,,,,,,,,,,,,,,,,,,,0.0034597862883650726,0.0,,,,,,,,,,,,,0.768402685137356,0.0,0.07766481826327878,0.0,0.0,,0.0,,0.0,,,,,,0.0,,0.0,,0.0,,0.0,,0.0,,0.0,,0.0,,0.0,,0.0,,0.0,,,,,,,,,,,,0.0,,,,,,,,,,,,,,,,,,,,,,,,,,,,,,,,,,,,,,,,,,,,,,,,,,,,,,,,,,,,,,,,,,,,,,,,,,,,,,,,,,,,,,,,,,,,,,,,,,,,,,,,,,,,,,,,,,,,,,,,,,0.0,,0.0,,,,,,,,,,,,,,0.0,,0.0,,,,,,,,,,,,0.0,,0.0,,0.0,,,,,,,,,,,,,,,,,,,,,,,,,,,,,,,,,,,,,,,,0,0,4,8
1,region_01,2022-02-26,,,,,,,,,,,,,,,0.46308647633576,0.0,,,,,,,,,,,,,,,,,,,,,,,,,0.0016398584082737493,0.0,,,,,,,,,,,,,0.7395034853149863,0.0,0.1214590768833629,0.0,0.0017511273098144357,1.0,0.0,,0.0,,,,,,0.0,,0.0,,0.0,,0.0,,0.0,,0.0,,0.0,,0.0,,0.0,,0.0,,,,,,,,,,,,0.0,,,,,,,,,,,,,,,,,,,,,,,,,,,,,,,,,,,,,,,,,,,,,,,,,,,,,,,,,,,,,,,,,,,,,,,,,,,,,,,,,,,,,,,,,,,,,,,,,,,,,,,,,,,,,,,,,,,,,,,,,,0.0,,0.0,,,,,,,,,,,,,,0.0,,0.0,,,,,,,,,,,,0.0,,0.0,,0.0,,,,,,,,,,,,,,,,,,,,,,,,,,,,,,,,,,,,,,,,1,0,4,0
1,region_01,2022-03-05,,,,,,,,,,,,,,,0.41176096064349016,0.0,,,,,,,,,,,,,,,,,,,,,,,,,0.0015382299878789218,0.0,,,,,,,,,,,,,0.6608660010730519,0.0,0.2112752405305703,0.0,0.0008584739573831571,0.0,0.0,,0.0,,,,,,0.0,,0.0,,0.0,,0.0,,0.0,,0.0,,0.0,,0.0,,0.0,,0.0,,,,,,,,,,,,0.0,,,,,,,,,,,,,,,,,,,,,,,,,,,,,,,,,,,,,,,,,,,,,,,,,,,,,,,,,,,,,,,,,,,,,,,,,,,,,,,,,,,,,,,,,,,,,,,,,,,,,,,,,,,,,,,,,,,,,,,,,,0.0,,0.0,,,,,,,,,,,,,,0.0,,0.0,,,,,,,,,,,,0.0,,0.0,,0.0,,,,,,,,,,,,,,,,,,,,,,,,,,,,,,,,,,,,,,,,0,0,5,1
1,region_01,2022-03-12,,,,,,,,,,,,,,,0.2998012212120881,0.0,,,,,,,,,,,,,,,,,,,,,,,,,0.000976607159087856,0.0,,,,,,,,,,,,,0.5425756170469171,0.0,0.38310758340156686,0.0,0.0033766915294108466,0.0,0.0,,0.0,,,,,,0.0,,0.0,,0.0,,0.0,,0.0,,0.0,,0.0,,0.0,,0.0,,0.0,,,,,,,,,,,,0.0,,,,,,,,,,,,,,,,,,,,,,,,,,,,,,,,,,,,,,,,,,,,,,,,,,,,,,,,,,,,,,,,,,,,,,,,,,,,,,,,,,,,,,,,,,,,,,,,,,,,,,,,,,,,,,,,,,,,,,,,,,0.0,,0.0,,,,,,,,,,,,,,0.0,,0.0,,,,,,,,,,,,0.0,,0.0,,0.0,,,,,,,,,,,,,,,,,,,,,,,,,,,,,,,,,,,,,,,,0,0,5,2
1,region_01,2022-03-19,,,,,,,,,,,,,,,0.21570529852961667,0.0,,,,,,,,,,,,,,,,,,,,,,,,,0.0,0.0,,,,,,,,,,,,,0.40241769043838277,0.0,0.5330318547131723,0.0,0.015188898275872376,0.0,0.0,,0.0,,,,,,0.0,,0.0,,0.0,,0.0,,0.0,,0.0,,0.0,,0.0,,0.0,,0.0,,,,,,,,,,,,0.0,,,,,,,,,,,,,,,,,,,,,,,,,,,,,,,,,,,,,,,,,,,,,,,,,,,,,,,,,,,,,,,,,,,,,,,,,,,,,,,,,,,,,,,,,,,,,,,,,,,,,,,,,,,,,,,,,,,,,,,,,,0.0,,0.0,,,,,,,,,,,,,,0.0,,0.0,,,,,,,,,,,,0.0,,0.0,,0.0,,,,,,,,,,,,,,,,,,,,,,,,,,,,,,,,,,,,,,,,0,0,5,3
1,region_01,2022-03-26,,,,,,,,,,,,,,,0.1351600734092164,0.0,,,,,,,,,,,,,,,,,,,,,,,,,0.0008990171318464772,0.0,,,,,,,,,,,,,0.2687504028572755,0.0,0.6602220556192231,0.0,0.0432094390419396,0.0,0.0,,0.0,,,,,,0.0,,0.0,,0.0,,0.0,,0.0,,0.0,,0.0,,0.0,,0.0,,0.0,,,,,,,,,,,,0.0,,,,,,,,,,,,,,,,,,,,,,,,,,,,,,,,,,,,,,,,,,,,,,,,,,,,,,,,,,,,,,,,,,,,,,,,,,,,,,,,,,,,,,,,,,,,,,,,,,,,,,,,,,,,,,,,,,,,,,,,,,0.0,,0.0,,,,,,,,,,,,,,0.0,,0.0,,,,,,,,,,,,0.0,,0.0,,0.0,,,,,,,,,,,,,,,,,,,,,,,,,,,,,,,,,,,,,,,,0,0,5,4
1,region_01,2022-04-02,,,,,,,,,,,,,,,0.2102160880511457,0.0,,,,,,,,,,,,,,,,,,,,,,,,,0.0,0.0,,,,,,,,,,,,,0.19575377816663064,0.0,0.7114075922540256,0.0,0.07725661749189545,0.0,0.0,,0.0,,,,,,0.0,,0.0,,0.0,,0.0,,0.0,,0.0,,0.0,,0.0,,0.0,,0.0,,,,,,,,,,,,0.0,,,,,,,,,,,,,,,,,,,,,,,,,,,,,,,,,,,,,,,,,,,,,,,,,,,,,,,,,,,,,,,,,,,,,,,,,,,,,,,,,,,,,,,,,,,,,,,,,,,,,,,,,,,,,,,,,,,,,,,,,,0.0,,0.0,,,,,,,,,,,,,,0.0,,0.0,,,,,,,,,,,,0.0,,0.0,,0.0,,,,,,,,,,,,,,,,,,,,,,,,,,,,,,,,,,,,,,,,0,0,5,5
1,region_01,2022-04-09,,,,,,,,,,,,,,,0.11827144239630014,0.0,,,,,,,,,,,,,,,,,,,,,,,,,0.0,0.0,,,,,,,,,,,,,0.10604981048142205,0.0,0.715768756649711,0.0,0.16412458054044027,0.0,0.0,,0.0,,,,,,0.0013052543877072286,2.0,0.0,,0.0,,0.0,,0.0,,0.0,,0.0,,0.0,,0.0,,0.0,,,,,,,,,,,,0.0,,,,,,,,,,,,,,,,,,,,,,,,,,,,,,,,,,,,,,,,,,,,,,,,,,,,,,,,,,,,,,,,,,,,,,,,,,,,,,,,,,,,,,,,,,,,,,,,,,,,,,,,,,,,,,,,,,,,,,,,,,0.0,,0.0,,,,,,,,,,,,,,0.0,,0.0,,,,,,,,,,,,0.0,,0.0,,0.0,,,,,,,,,,,,,,,,,,,,,,,,,,,,,,,,,,,,,,,,0,1,5,6
1,region_01,2022-04-16,,,,,,,,,,,,,,,0.06357550658285613,0.0,,,,,,,,,,,,,,,,,,,,,,,,,0.00018814365837480941,0.0,,,,,,,,,,,,,0.05686684369164349,0.0,0.6982327589282283,0.0,0.23493199381563395,0.0,0.0,,0.0,,,,,,0.00018661117527777273,0.0,0.0,,0.00019178131585745713,1.0,0.0,,0.0,,0.0,,0.0,,0.0,,0.0,,0.0,,,,,,,,,,,,0.0,,,,,,,,,,,,,,,,,,,,,,,,,,,,,,,,,,,,,,,,,,,,,,,,,,,,,,,,,,,,,,,,,,,,,,,,,,,,,,,,,,,,,,,,,,,,,,,,,,,,,,,,,,,,,,,,,,,,,,,,,,0.0,,0.0,,,,,,,,,,,,,,0.0,,0.0,,,,,,,,,,,,0.0,,0.0,,0.0,,,,,,,,,,,,,,,,,,,,,,,,,,,,,,,,,,,,,,,,1,0,6,0
1,region_01,2022-04-23,,,,,,,,,,,,,,,0.037079922266696576,0.0,,,,,,,,,,,,,,,,,,,,,,,,,0.0,0.0,,,,,,,,,,,,,0.03335685896522854,0.0,0.6557722530275021,0.0,0.3048796423201291,0.0,0.0,,0.0,,,,,,0.0012865400093854203,0.0,0.0,,0.0003720902189212796,0.0,0.0,,0.0,,0.0,,0.0,,0.0,,0.0,,0.0,,,,,,,,,,,,0.0,,,,,,,,,,,,,,,,,,,,,,,,,,,,,,,,,,,,,,,,,,,,,,,,,,,,,,,,,,,,,,,,,,,,,,,,,,,,,,,,,,,,,,,,,,,,,,,,,,,,,,,,,,,,,,,,,,,,,,,,,,0.0,,0.0,,,,,,,,,,,,,,0.0,,0.0,,,,,,,,,,,,0.0,,0.0,,0.0,,,,,,,,,,,,,,,,,,,,,,,,,,,,,,,,,,,,,,,,0,0,7,1
1,region_01,2022-04-30,,,,,,,,,,,,,,,0.01721682147506401,0.0,,,,,,,,,,,,,,,,,,,,,,,,,0.00044978059789471566,0.0,,,,,,,,,,,,,0.01247924412874609,0.0,0.5815401977183772,0.0,0.39742963073345333,0.0,0.0,,0.0,,,,,,0.002306685055967145,0.0,0.0,,0.00045854203956557964,0.0,0.0,,0.0,,0.0,,0.0,,0.0,,0.0,,0.0,,,,,,,,,,,,0.0,,,,,,,,,,,,,,,,,,,,,,,,,,,,,,,,,,,,,,,,,,,,,,,,,,,,,,,,,,,,,,,,,,,,,,,,,,,,,,,,,,,,,,,,,,,,,,,,,,,,,,,,,,,,,,,,,,,,,,,,,,0.0,,0.0,,,,,,,,,,,,,,0.0,,0.0,,,,,,,,,,,,0.0,,0.0,,0.0,,,,,,,,,,,,,,,,,,,,,,,,,,,,,,,,,,,,,,,,0,0,7,2
1,region_01,2022-05-07,,,,,,,,,,,,,,,0.005174417944195124,0.0,,,,,,,,,,,,,,,,,,,,,,,,,0.0,0.0,,,,,,,,,,,,,0.004028653931420462,0.0,0.46454749405384066,0.0,0.5213062404369821,0.0,0.0,,0.0,,,,,,0.007261079717047314,0.0,0.0,,0.001393232565867302,0.0,0.0,,0.0,,0.0,,0.0,,0.0,,0.0,,0.0,,,,,,,,,,,,0.0,,,,,,,,,,,,,,,,,,,,,,,,,,,,,,,,,,,,,,,,,,,,,,,,,,,,,,,,,,,,,,,,,,,,,,,,,,,,,,,,,,,,,,,,,,,,,,,,,,,,,,,,,,,,,,,,,,,,,,,,,,0.0,,0.0,,,,,,,,,,,,,,0.0,,0.0,,,,,,,,,,,,0.0,,0.0,,0.0,,,,,,,,,,,,,,,,,,,,,,,,,,,,,,,,,,,,,,,,0,0,7,3
1,region_01,2022-05-14,,,,,,,,,,,,,,,0.006836499220558528,0.0,,,,,,,,,,,,,,,,,,,,,,,,,0.0,0.0,,,,,,,,,,,,,0.004340859623077991,0.0,0.3984307050704956,0.0,0.5797131213736026,0.0,0.0,,0.0,,,,,,0.009327935547951338,0.0,0.0,,0.0048636525414537096,0.0,0.0,,0.0,,0.0,,0.0,,0.0,,0.0,,0.0,,,,,,,,,,,,0.0,,,,,,,,,,,,,,,,,,,,,,,,,,,,,,,,,,,,,,,,,,,,,,,,,,,,,,,,,,,,,,,,,,,,,,,,,,,,,,,,,,,,,,,,,,,,,,,,,,,,,,,,,,,,,,,,,,,,,,,,,,0.0,,0.0,,,,,,,,,,,,,,0.0,,0.0,,,,,,,,,,,,0.0,,0.0,,0.0,,,,,,,,,,,,,,,,,,,,,,,,,,,,,,,,,,,,,,,,0,0,7,4
1,region_01,2022-05-21,,,,,,,,,,,,,,,0.0034647150397566356,0.0,,,,,,,,,,,,,,,,,,,,,,,,,0.0,0.0,,,,,,,,,,,,,0.0036671449197455764,0.0,0.33174227208507306,0.0,0.6395133299132189,0.0,0.0,,0.0,,,,,,0.016527232971597177,0.0,0.0018348799899174535,2.0,0.005254176112690081,0.0,0.0,,0.0,,0.0,,0.0,,0.0,,0.0,,0.0,,,,,,,,,,,,0.0,,,,,,,,,,,,,,,,,,,,,,,,,,,,,,,,,,,,,,,,,,,,,,,,,,,,,,,,,,,,,,,,,,,,,,,,,,,,,,,,,,,,,,,,,,,,,,,,,,,,,,,,,,,,,,,,,,,,,,,,,,0.0,,0.0,,,,,,,,,,,,,,0.0,,0.0,,,,,,,,,,,,0.0,,0.0,,0.0,,,,,,,,,,,,,,,,,,,,,,,,,,,,,,,,,,,,,,,,0,1,7,5
1,region_01,2022-05-28,,,,,,,,,,,,,,,0.0,0.0,,,,,,,,,,,,,,,,,,,,,,,,,0.0,0.0,,,,,,,,,,,,,0.0,0.0,0.22599809803068635,0.0,0.7075252868235111,0.0,0.0,,0.0,,,,,,0.029912926890748565,0.0,0.0,0.0,0.036475243799863936,0.0,0.0,,0.0,,0.0,,0.0,,0.0,,0.0,,0.0,,,,,,,,,,,,0.0,,,,,,,,,,,,,,,,,,,,,,,,,,,,,,,,,,,,,,,,,,,,,,,,,,,,,,,,,,,,,,,,,,,,,,,,,,,,,,,,,,,,,,,,,,,,,,,,,,,,,,,,,,,,,,,,,,,,,,,,,,0.0,,0.0,,,,,,,,,,,,,,0.0,,0.0,,,,,,,,,,,,0.0,,0.0,,0.0,,,,,,,,,,,,,,,,,,,,,,,,,,,,,,,,,,,,,,,,0,0,8,6
1,region_01,2022-06-04,,,,,,,,,,,,,,,0.0019290988476803154,0.0,,,,,,,,,,,,,,,,,,,,,,,,,0.0,0.0,,,,,,,,,,,,,0.0018612540340707969,0.0,0.20554559725396174,0.0,0.6616530874942211,0.0,0.0,,0.0,,,,,,0.05793521949585443,0.0,0.006089863072081268,0.0,0.0669583761029773,0.0,0.0,,0.0,,0.0,,0.0,,0.0,,0.0,,0.0,,,,,,,,,,,,0.0,,,,,,,,,,,,,,,,,,,,,,,,,,,,,,,,,,,,,,,,,,,,,,,,,,,,,,,,,,,,,,,,,,,,,,,,,,,,,,,,,,,,,,,,,,,,,,,,,,,,,,,,,,,,,,,,,,,,,,,,,,0.0,,0.0,,,,,,,,,,,,,,0.0,,0.0,,,,,,,,,,,,0.0,,0.0,,0.0,,,,,,,,,,,,,,,,,,,,,,,,,,,,,,,,,,,,,,,,0,0,8,7
1,region_01,2022-06-11,,,,,,,,,,,,,,,0.0008697366082252308,0.0,,,,,,,,,,,,,,,,,,,,,,,,,0.0,0.0,,,,,,,,,,,,,0.0009332384643664734,0.0,0.13423235487678772,0.0,0.6167697217729357,0.0,0.0,,0.0,,,,,,0.08155204488171468,0.0,0.006891707208280108,0.0,0.16040178971446076,0.0,0.0,,0.0,,0.0,,0.0,,0.0,,0.0,,0.0,,,,,,,,,,,,0.0,,,,,,,,,,,,,,,,,,,,,,,,,,,,,,,,,,,,,,,,,,,,,,,,,,,,,,,,,,,,,,,,,,,,,,,,,,,,,,,,,,,,,,,,,,,,,,,,,,,,,,,,,,,,,,,,,,,,,,,,,,0.0,,0.0,,,,,,,,,,,,,,0.0,,0.0,,,,,,,,,,,,0.0,,0.0,,0.0,,,,,,,,,,,,,,,,,,,,,,,,,,,,,,,,,,,,,,,,0,0,8,8
1,region_01,2022-06-18,,,,,,,,,,,,,,,0.0,0.0,,,,,,,,,,,,,,,,,,,,,,,,,0.0,0.0,,,,,,,,,,,,,0.0,0.0,0.11658514426513146,0.0,0.5398059500588311,0.0,0.0,,0.0,,,,,,0.091566863046451,0.0,0.0072042310905710465,0.0,0.24113982750309834,0.0,0.0018691308422213177,2.0,0.0,,0.0,,0.0,,0.0,,0.0,,0.0,,,,,,,,,,,,0.0,,,,,,,,,,,,,,,,,,,,,,,,,,,,,,,,,,,,,,,,,,,,,,,,,,,,,,,,,,,,,,,,,,,,,,,,,,,,,,,,,,,,,,,,,,,,,,,,,,,,,,,,,,,,,,,,,,,,,,,,,,0.0,,0.0,,,,,,,,,,,,,,0.0,,0.0,,,,,,,,,,,,0.0,,0.0,,0.0,,,,,,,,,,,,,,,,,,,,,,,,,,,,,,,,,,,,,,,,0,1,8,9
1,region_01,2022-06-25,,,,,,,,,,,,,,,0.0,0.0,,,,,,,,,,,,,,,,,,,,,,,,,0.0,0.0,,,,,,,,,,,,,0.0,0.0,0.08306082875229587,0.0,0.360975674607537,0.0,0.0,,0.0,,,,,,0.131901492788033,0.0,0.011869143172189909,0.0,0.4107807691801678,0.0,0.0008810068123108608,0.0,0.0,,0.0013688938308725766,2.0,0.0,,0.0,,0.0,,0.0,,,,,,,,,,,,0.0,,,,,,,,,,,,,,,,,,,,,,,,,,,,,,,,,,,,,,,,,,,,,,,,,,,,,,,,,,,,,,,,,,,,,,,,,,,,,,,,,,,,,,,,,,,,,,,,,,,,,,,,,,,,,,,,,,,,,,,,,,0.0,,0.0,,,,,,,,,,,,,,0.0005059539883707667,1.0,0.0,,,,,,,,,,,,0.0,,0.0,,0.0,,,,,,,,,,,,,,,,,,,,,,,,,,,,,,,,,,,,,,,,1,1,9,0
1,region_01,2022-07-02,,,,,,,,,,,,,,,0.0006823219092828286,0.0,,,,,,,,,,,,,,,,,,,,,,,,,0.0,0.0,,,,,,,,,,,,,0.0005997024657998618,0.0,0.04409954003816423,0.0,0.26672069832336065,0.0,0.0,,0.0,,,,,,0.14124522145305357,0.0,0.008856930088524355,0.0,0.538190973359485,0.0,0.0,0.0,0.0,,0.0,0.0,0.0,,0.0,,0.0,,0.0,,,,,,,,,,,,0.0,,,,,,,,,,,,,,,,,,,,,,,,,,,,,,,,,,,,,,,,,,,,,,,,,,,,,,,,,,,,,,,,,,,,,,,,,,,,,,,,,,,,,,,,,,,,,,,,,,,,,,,,,,,,,,,,,,,,,,,,,,0.0,,0.0,,,,,,,,,,,,,,0.0011730291492615668,0.0,0.0,,,,,,,,,,,,0.0,,0.0,,0.0,,,,,,,,,,,,,,,,,,,,,,,,,,,,,,,,,,,,,,,,0,0,11,1
1,region_01,2022-07-09,,,,,,,,,,,,,,,0.0006525048520416,0.0,,,,,,,,,,,,,,,,,,,,,,,,,0.0,0.0,,,,,,,,,,,,,0.0007648739385116765,0.0,0.0204812213778495,0.0,0.1512421213445209,0.0,0.0,,0.0,,,,,,0.10852131371696785,0.0,0.024778583064311844,0.0,0.684708487419855,0.0,0.0,0.0,0.0,,0.0,0.0,0.0,,0.0,,0.0,,0.0,,,,,,,,,,,,0.0,,,,,,,,,,,,,,,,,,,,,,,,,,,,,,,,,,,,,,,,,,,,,,,,,,,,,,,,,,,,,,,,,,,,,,,,,,,,,,,,,,,,,,,,,,,,,,,,,,,,,,,,,,,,,,,,,,,,,,,,,,0.0,,0.0,,,,,,,,,,,,,,0.0,0.0,0.0,,,,,,,,,,,,0.0,,0.0,,0.0,,,,,,,,,,,,,,,,,,,,,,,,,,,,,,,,,,,,,,,,0,0,11,2
1,region_01,2022-07-16,,,,,,,,,,,,,,,0.0,0.0,,,,,,,,,,,,,,,,,,,,,,,,,0.0,0.0,,,,,,,,,,,,,0.0,0.0,0.014075321354903223,0.0,0.09070976651631864,0.0,0.0,,0.0,,,,,,0.0965130994096398,0.0,0.02613417404453924,0.0,0.7717320322990417,0.0,0.0010530020060416357,0.0,0.0,,0.0,0.0,0.0,,0.0,,0.0,,0.0,,,,,,,,,,,,0.0,,,,,,,,,,,,,,,,,,,,,,,,,,,,,,,,,,,,,,,,,,,,,,,,,,,,,,,,,,,,,,,,,,,,,,,,,,,,,,,,,,,,,,,,,,,,,,,,,,,,,,,,,,,,,,,,,,,,,,,,,,0.0,,0.0,,,,,,,,,,,,,,0.0,0.0,0.0,,,,,,,,,,,,0.0,,0.0,,0.0,,,,,,,,,,,,,,,,,,,,,,,,,,,,,,,,,,,,,,,,0,0,11,3
1,region_01,2022-07-23,,,,,,,,,,,,,,,0.0008672011945714843,0.0,,,,,,,,,,,,,,,,,,,,,,,,,0.0,0.0,,,,,,,,,,,,,0.0008214560135349441,0.0,0.01784295000528029,0.0,0.06753407251089807,0.0,0.0,,0.0,,,,,,0.07929200418293472,0.0,0.0362704659812152,0.0,0.7951022019753089,0.0,0.0010002731578424072,0.0,0.0,,0.00116367522038185,0.0,0.0,,0.0,,0.0,,0.0,,,,,,,,,,,,0.0,,,,,,,,,,,,,,,,,,,,,,,,,,,,,,,,,,,,,,,,,,,,,,,,,,,,,,,,,,,,,,,,,,,,,,,,,,,,,,,,,,,,,,,,,,,,,,,,,,,,,,,,,,,,,,,,,,,,,,,,,,0.0,,0.0,,,,,,,,,,,,,,0.0,0.0,0.0,,,,,,,,,,,,0.0,,0.0,,0.0,,,,,,,,,,,,,,,,,,,,,,,,,,,,,,,,,,,,,,,,0,0,11,4
1,region_01,2022-07-30,,,,,,,,,,,,,,,0.0,0.0,,,,,,,,,,,,,,,,,,,,,,,,,0.0,0.0,,,,,,,,,,,,,0.0,0.0,0.010850485818656608,0.0,0.023667720293528118,0.0,0.0,,0.0,,,,,,0.08699297375584898,0.0,0.03128714557435057,0.0,0.8440883975279959,0.0,0.002904785098507954,0.0,0.0004169590666424,2.0,0.0,0.0,0.0,,0.0,,0.0,,0.0,,,,,,,,,,,,0.0,,,,,,,,,,,,,,,,,,,,,,,,,,,,,,,,,,,,,,,,,,,,,,,,,,,,,,,,,,,,,,,,,,,,,,,,,,,,,,,,,,,,,,,,,,,,,,,,,,,,,,,,,,,,,,,,,,,,,,,,,,0.0,,0.0,,,,,,,,,,,,,,0.0,0.0,0.0,,,,,,,,,,,,0.0,,0.0,,0.0,,,,,,,,,,,,,,,,,,,,,,,,,,,,,,,,,,,,,,,,0,1,11,5
1,region_01,2022-08-06,,,,,,,,,,,,,,,0.000593232456594675,0.0,,,,,,,,,,,,,,,,,,,,,,,,,0.0,0.0,,,,,,,,,,,,,0.0007184960721881883,0.0,0.0063814730886872836,0.0,0.02171050737033014,0.0,0.003909983459914812,2.0,0.0,,,,,,0.06545364796309854,0.0,0.05410277913953803,0.0,0.8412487007476188,0.0,0.0,0.0,0.0007469963748007521,0.0,0.0068350230781908765,0.0,0.0,,0.0,,0.0,,0.0,,,,,,,,,,,,0.0,,,,,,,,,,,,,,,,,,,,,,,,,,,,,,,,,,,,,,,,,,,,,,,,,,,,,,,,,,,,,,,,,,,,,,,,,,,,,,,,,,,,,,,,,,,,,,,,,,,,,,,,,,,,,,,,,,,,,,,,,,0.0,,0.0,,,,,,,,,,,,,,0.0,0.0,0.0,,,,,,,,,,,,0.0,,0.0,,0.0,,,,,,,,,,,,,,,,,,,,,,,,,,,,,,,,,,,,,,,,0,1,12,6
1,region_01,2022-08-13,,,,,,,,,,,,,,,0.0,0.0,,,,,,,,,,,,,,,,,,,,,,,,,0.0,0.0,,,,,,,,,,,,,0.0,0.0,0.007279732756109654,0.0,0.009130498704810882,0.0,0.0012955956866361619,0.0,0.0,,,,,,0.054487076898415844,0.0,0.06461877055052251,0.0,0.8547283079889085,0.0,0.0014606237915965167,0.0,0.001827408792450968,0.0,0.007656517274239427,0.0,0.0,,0.0,,0.0,,0.0,,,,,,,,,,,,0.0,,,,,,,,,,,,,,,,,,,,,,,,,,,,,,,,,,,,,,,,,,,,,,,,,,,,,,,,,,,,,,,,,,,,,,,,,,,,,,,,,,,,,,,,,,,,,,,,,,,,,,,,,,,,,,,,,,,,,,,,,,0.0,,0.0,,,,,,,,,,,,,,0.0,0.0,0.0,,,,,,,,,,,,0.0,,0.0,,0.0,,,,,,,,,,,,,,,,,,,,,,,,,,,,,,,,,,,,,,,,0,0,13,7
1,region_01,2022-08-20,,,,,,,,,,,,,,,0.0,0.0,,,,,,,,,,,,,,,,,,,,,,,,,0.0,0.0,,,,,,,,,,,,,0.0,0.0,0.00305387734967678,0.0,0.007226945792457831,0.0,0.0017788637025445589,0.0,0.0,,,,,,0.0606893759220838,0.0,0.09194917678833003,0.0,0.8245902725628445,0.0,0.0009374452379738666,0.0,0.0006918177590705001,0.0,0.008729332920025859,0.0,0.0,,0.00038481781569614,2.0,0.0,,0.0,,,,,,,,,,,,0.0,,,,,,,,,,,,,,,,,,,,,,,,,,,,,,,,,,,,,,,,,,,,,,,,,,,,,,,,,,,,,,,,,,,,,,,,,,,,,,,,,,,,,,,,,,,,,,,,,,,,,,,,,,,,,,,,,,,,,,,,,,0.0,,0.0,,,,,,,,,,,,,,0.0,0.0,0.0,,,,,,,,,,,,0.0,,0.0,,0.0,,,,,,,,,,,,,,,,,,,,,,,,,,,,,,,,,,,,,,,,0,1,13,8
1,region_01,2022-08-27,,,,,,,,,,,,,,,0.0,0.0,,,,,,,,,,,,,,,,,,,,,,,,,0.0,0.0,,,,,,,,,,,,,0.0011570747010409424,0.0,0.0032021185342112324,0.0,0.005731004838119492,0.0,0.005755738369330269,0.0,0.0010025939671322167,2.0,,,,,0.029271132860551812,0.0,0.08510408484760448,0.0,0.8568135394769556,0.0,0.0011118663657855214,0.0,0.0033148661069571563,0.0,0.006618150318150959,0.0,0.0,,0.00039191561421219337,0.0,0.0,,0.0,,,,,,,,,,,,0.0,,,,,,,,,,,,,,,,,,,,,,,,,,,,,,,,,,,,,,,,,,,,,,,,,,,,,,,,,,,,,,,,,,,,,,,,,,,,,,,,,,,,,,,,,,,,,,,,,,,,,,,,,,,,,,,,,,,,,,,,,,0.0,,0.0,,,,,,,,,,,,,,0.0,0.0,0.0,,,,,,,,,,,,0.0,,0.0,,0.0,,,,,,,,,,,,,,,,,,,,,,,,,,,,,,,,,,,,,,,,0,1,14,9
1,region_01,2022-09-03,,,,,,,,,,,,,,,0.0,0.0,,,,,,,,,,,,,,,,,,,,,,,,,0.0,0.0,,,,,,,,,,,,,0.0019171050199391607,0.0,0.0039640464961076755,0.0,0.0016359540838465456,0.0,0.0009585525099695635,0.0,0.0,0.0,,,,,0.029464396902105967,0.0,0.10803605480627576,0.0,0.8322548065334558,0.0,0.0016424132502703855,0.0,0.005618952661752656,0.0,0.013424852665400815,0.0,0.0,,0.0,0.0,0.0,,0.0,,,,,,,,,,,,0.0,,,,,,,,,,,,,,,,,,,,,,,,,,,,,,,,,,,,,,,,,,,,,,,,,,,,,,,,,,,,,,,,,,,,,,,,,,,,,,,,,,,,,,,,,,,,,,,,,,,,,,,,,,,,,,,,,,,,,,,,,,0.0,,0.0,,,,,,,,,,,,,,0.0,0.0,0.0,,,,,,,,,,,,0.0,,0.0,,0.0,,,,,,,,,,,,,,,,,,,,,,,,,,,,,,,,,,,,,,,,0,0,15,10
1,region_01,2022-09-10,,,,,,,,,,,,,,,0.0,0.0,,,,,,,,,,,,,,,,,,,,,,,,,0.0,0.0,,,,,,,,,,,,,0.0,0.0,0.0010902611011260376,0.0,0.005266817992378443,0.0,0.005589662527199775,0.0,0.0,0.0,,,,,0.02085516727980101,0.0,0.1288917008787393,0.0,0.8145292568951845,0.0,0.003964176750741839,0.0,0.0018913654377683482,0.0,0.015486543037695769,0.0,0.0,,0.0009491495303033033,0.0,0.0,,0.0,,,,,,,,,,,,0.0,,,,,,,,,,,,,,,,,,,,,,,,,,,,,,,,,,,,,,,,,,,,,,,,,,,,,,,,,,,,,,,,,,,,,,,,,,,,,,,,,,,,,,,,,,,,,,,,,,,,,,,,,,,,,,,,,,,,,,,,,,0.0,,0.0,,,,,,,,,,,,,,0.0,0.0,0.0,,,,,,,,,,,,0.0,,0.0,,0.0,,,,,,,,,,,,,,,,,,,,,,,,,,,,,,,,,,,,,,,,0,0,15,11
1,region_01,2022-09-17,,,,,,,,,,,,,,,0.0,0.0,,,,,,,,,,,,,,,,,,,,,,,,,0.0,0.0,,,,,,,,,,,,,0.0,0.0,0.0008715836109683097,0.0,0.001625957936348887,0.0,0.013534940118270493,0.0,0.0029580566566436966,0.0,,,,,0.026661050415808105,0.0,0.1405004546526939,0.0,0.768767447240891,0.0,0.01096664788201445,0.0,0.008813169002532912,0.0,0.02496848147242295,0.0,0.0008651214705493038,2.0,0.003934832693388014,0.0,0.0029580566566436966,1.0,0.0,,,,,,,,,,,,0.0,,,,,,,,,,,,,,,,,,,,,,,,,,,,,,,,,,,,,,,,,,,,,,,,,,,,,,,,,,,,,,,,,,,,,,,,,,,,,,,,,,,,,,,,,,,,,,,,,,,,,,,,,,,,,,,,,,,,,,,,,,0.0,,0.0,,,,,,,,,,,,,,0.0,0.0,0.0,,,,,,,,,,,,0.0,,0.0,,0.0,,,,,,,,,,,,,,,,,,,,,,,,,,,,,,,,,,,,,,,,1,1,15,0
1,region_01,2022-09-24,,,,,,,,,,,,,,,0.0,0.0,,,,,,,,,,,,,,,,,,,,,,,,,0.0,0.0,,,,,,,,,,,,,0.0,0.0,0.0007395558039812434,0.0,0.0007734164925446767,0.0,0.008214264828711694,0.0,0.002286388756086383,0.0,,,,,0.017318897383908384,0.0,0.11647884498039877,0.0,0.7940144836902618,0.0,0.004250659449358553,0.0,0.007971462793648193,0.0,0.03488098749270037,0.0,0.0,0.0,0.010670842401062397,0.0,0.0031336848856880835,0.0,0.0,,,,,,,,,,,,0.0,,,,,,,,,,,,,,,,,,,,,,,,,,,,,,,,,,,,,,,,,,,,,,,,,,,,,,,,,,,,,,,,,,,,,,,,,,,,,,,,,,,,,,,,,,,,,,,,,,,,,,,,,,,,,,,,,,,,,,,,,,0.0,,0.0,,,,,,,,,,,,,,0.0,0.0,0.0,,,,,,,,,,,,0.0,,0.0,,0.0,,,,,,,,,,,,,,,,,,,,,,,,,,,,,,,,,,,,,,,,0,0,17,1
1,region_01,2022-10-01,,,,,,,,,,,,,,,0.0,0.0,,,,,,,,,,,,,,,,,,,,,,,,,0.0,0.0,,,,,,,,,,,,,0.0007225154496898182,0.0,0.002504570554171107,0.0,0.0,0.0,0.004882704145435579,0.0,0.0022419520637726484,0.0,,,,,0.011099917364531496,0.0,0.10921786006154681,0.0,0.7993204634765099,0.0,0.014779737032949868,0.0,0.006467718873172931,0.0,0.027357640609677294,0.0,0.0011961272371430807,0.0,0.01752125722324021,0.0,0.002436697796179762,0.0,0.0,,,,,,,,,,,,0.0,,,,,,,,,,,,,,,,,,,,,,,,,,,,,,,,,,,,,,,,,,,,,,,,,,,,,,,,,,,,,,,,,,,,,,,,,,,,,,,,,,,,,,,,,,,,,,,,,,,,,,,,,,,,,,,,,,,,,,,,,,0.0,,0.0,,,,,,,,,,,,,,0.0,0.0,0.0,,,,,,,,,,,,0.0,,0.0,,0.0,,,,,,,,,,,,,,,,,,,,,,,,,,,,,,,,,,,,,,,,0,0,17,2
1,region_01,2022-10-08,,,,,,,,,,,,,,,0.0,0.0,,,,,,,,,,,,,,,,,,,,,,,,,0.0,0.0,,,,,,,,,,,,,0.0,0.0,0.0015028763362871214,0.0,0.0008839248965324454,0.0,0.010573784720950843,0.0,0.0014573765428004572,0.0,,,,,0.00897564206804542,0.0,0.11497073833431513,0.0,0.7397141265017646,0.0,0.03013957912723217,0.0,0.012842304408550212,0.0,0.04137891783778152,0.0,0.0015117050676892656,0.0,0.0390431794470974,0.0,0.010762783432645407,0.0,0.0,,,,,,,,,,,,0.0,,,,,,,,,,,,,,,,,,,,,,,,,,,,,,,,,,,,,,,,,,,,,,,,,,,,,,,,,,,,,,,,,,,,,,,,,,,,,,,,,,,,,,,,,,,,,,,,,,,,,,,,,,,,,,,,,,,,,,,,,,0.003575218569797717,2.0,0.0,,,,,,,,,,,,,,0.0,0.0,0.0,,,,,,,,,,,,0.0,,0.0,,0.0,,,,,,,,,,,,,,,,,,,,,,,,,,,,,,,,,,,,,,,,0,1,17,3
1,region_01,2022-10-15,,,,,,,,,,,,,,,0.0009944170438260817,0.0,,,,,,,,,,,,,,,,,,,,,,,,,0.0,0.0,,,,,,,,,,,,,0.0,0.0,0.007190611696353622,0.0,0.0,0.0,0.011585871068139826,0.0,0.0030851749254873074,0.0,,,,,0.015657538755072455,0.0,0.10444203902173921,0.0,0.6916111045413547,0.0,0.01662154361191719,0.0,0.004311447050422388,0.0,0.0644292420259228,0.0,0.002291647690491554,0.0,0.060853554951873653,0.0,0.012098938186207487,0.0,0.0007680131782156266,2.0,,,,,,,,,,,0.0,,,,,,,,,,,,,,,,,,,,,,,,,,,,,,,,,,,,,,,,,,,,,,,,,,,,,,,,,,,,,,,,,,,,,,,,,,,,,,,,,,,,,,,,,,,,,,,,,,,,,,,,,,,,,,,,,,,,,,,,,,0.003900824993086764,0.0,0.0,,,,,,,,,,,,,,0.0,0.0,0.0,,,,,,,,,,,,0.0,,0.0,,0.0,,,,,,,,,,,,,,,,,,,,,,,,,,,,,,,,,,,,,,,,0,1,18,4
1,region_01,2022-10-22,,,,,,,,,,,,,,,0.0,0.0,,,,,,,,,,,,,,,,,,,,,,,,,0.0,0.0,,,,,,,,,,,,,0.0,0.0,0.0018185701068991768,0.0,0.0,0.0,0.005073486916864092,0.0,0.005919068066689784,0.0,,,,,0.008283988124905824,0.0,0.11050409078598018,0.0,0.6475389814376831,0.0,0.011625018436461632,0.0,0.01247181851416821,0.0,0.04390132085730627,0.0,0.006886779563501435,0.0,0.08136091238031017,0.0,0.05465835407376285,0.0,0.0,0.0,,,,,,,,,,,0.0,,,,,,,,,,,,,,,,,,,,,,,,,,,,,,,,,,,,,,,,,,,,,,,,,,,,,,,,,,,,,,,,,,,,,,,,,,,,,,,,,,,,,,,,,,,,,,,,,,,,,,,,,,,,,,,,,,,,,,,,,,0.007886135834269182,0.0,0.0,,,,,,,,,,,,,,0.0,0.0,0.0,,,,,,,,,,,,0.0,,0.0,,0.0,,,,,,,,,,,,,,,,,,,,,,,,,,,,,,,,,,,,,,,,0,0,19,5
1,region_01,2022-10-29,,,,,,,,,,,,,,,0.0,0.0,,,,,,,,,,,,,,,,,,,,,,,,,0.0,0.0,,,,,,,,,,,,,0.0,0.0,0.0012196675670565584,0.0,0.0,0.0,0.012190867625176856,0.0,0.003525726031511976,0.0,,,,,0.004265377735719045,0.0,0.08909487217664715,0.0,0.5843688726425171,0.0,0.016817531920969443,0.0,0.010865013599395703,0.0,0.06617334397400122,0.0,0.0017077927332138166,0.0,0.11171592384576794,0.0,0.08767408430576319,0.0,0.0,0.0,,,,,,,,,,,0.0,,,,,,,,,,,,,,,,,,,,,,,,,,,,,,,,,,,,,,,,,,,,,,,,,,,,,,,,,,,,,,,,,,,,,,,,,,,,,,,,,,,,,,,,,,,,,,,,,,,,,,,,,,,,,,,,,,,,,,,,,,0.01236919713361805,0.0,0.0,,,,,,,,,,,,,,0.0,0.0,0.0,,,,,,,,,,,,0.0,,0.0,,0.0,,,,,,,,,,,,,,,,,,,,,,,,,,,,,,,,,,,,,,,,0,0,19,6
1,region_01,2022-11-05,,,,,,,,,,,,,,,0.0,0.0,,,,,,,,,,,,,,,,,,,,,,,,,0.0,0.0,,,,,,,,,,,,,0.0,0.0,0.001399935919228729,0.0,0.0,0.0,0.0034508545795687833,0.0,0.002421504944019583,0.0,,,,,0.004328165203332854,0.0,0.06956147940622431,0.0,0.49949877212444943,0.0,0.018328171417427513,0.0,0.009911158369504803,0.0,0.09772852777192986,0.0,0.004510154084224817,0.0,0.14348585469027356,0.0,0.1123257344588637,0.0,0.0,0.0,,,,,,,,,,,0.0,,,,,,,,,,,,,,,,,,,,,,,,,,,,,,,,,,,,,,,,,,,,,,,,,,,,,,,,,,,,,,,,,,,,,,,,,,,,,,,,,,,,,,,,,,,,,,,,,,,,,,,,,,,,,,,,,,,,,,,,,,0.0231007523834705,0.0,0.0,,,,,,,,,,,,,,0.011366637276583548,0.0,0.0,,,,,,,,,,,,0.0,,0.0,,0.0,,,,,,,,,,,,,,,,,,,,,,,,,,,,,,,,,,,,,,,,0,0,19,7
1,region_01,2022-11-12,,,,,,,,,,,,,,,0.0,0.0,,,,,,,,,,,,,,,,,,,,,,,,,0.0,0.0,,,,,,,,,,,,,0.0011915954634208181,0.0,0.0023068491389731565,0.0,0.0,0.0,0.0035693736483706786,0.0,0.0014076946430246545,0.0,,,,,0.005586732852110661,0.0,0.054416385195825374,0.0,0.4229550452336021,0.0,0.013869381064306092,0.0,0.009728670606146643,0.0,0.11651782542467112,0.0,0.01563834820104677,0.0,0.15626878842063568,0.0,0.16560862569705295,0.0,0.0015752551223461335,0.0,,,,,,,,,,,0.0,,,,,,,,,,,,,,,,,,,,,,,,,,,,,,,,,,,,,,,,,,,,,,,,,,,,,,,,,,,,,,,,,,,,,,,,,,,,,,,,,,,,,,,,,,,,,,,,,,,,,,,,,,,,,,,,,,,,,,,,,,0.024998731749213226,0.0,0.0,,,,,,,,,,,,,,0.010148834437131821,0.0,0.0,,,,,,,,,,,,0.0,,0.0,,0.0,,,,,,,,,,,,,,,,,,,,,,,,,,,,,,,,,,,,,,,,0,0,19,8
1,region_01,2022-11-19,,,,,,,,,,,,,,,0.0,0.0,,,,,,,,,,,,,,,,,,,,,,,,,0.0,0.0,,,,,,,,,,,,,0.0,0.0,0.00441211343488905,0.0,0.0,0.0,0.007604101884432773,0.0,0.0,0.0,,,,,0.006579874993555873,0.0,0.05644783868708389,0.0,0.27383101257410913,0.0,0.0068489116066219775,0.0,0.013222166210074259,0.0,0.14310698617588385,0.0,0.022161917845633847,0.0,0.2312351268800822,0.0,0.16684323481538074,0.0,0.0034145859691003468,0.0,,,,,,,,,,,0.0,,,,,,,,,,,,,,,,,,,,,,,,,,,,,,,,,,,,,,,,,,,,,,,,,,,,,,,,,,,,,,,,,,,,,,,,,,,,,,,,,,,,,,,,,,,,,,,,,,,,,,,,,,,,,,,,,,,,,,,,,,0.04755341242018495,0.0,0.0,,,,,,,,,,,,,,0.011174928887109957,0.0,0.0,,,,,,,,,,,,0.0,,0.0,,0.0,,,,,,,,,,,,,,,,,,,,,,,,,,,,,,,,,,,,,,,,0,0,19,9
1,region_01,2022-11-26,,,,,,,,,,,,,,,0.0,0.0,,,,,,,,,,,,,,,,,,,,,,,,,0.0,0.0,,,,,,,,,,,,,0.0,0.0,0.007061165424862048,0.0,0.001676475529425862,0.0,0.008293427482602091,0.0,0.001676475529425862,0.0,,,,,0.001676475529425862,0.0,0.026746294416841964,0.0,0.2611268829731714,0.0,0.02566295622714923,0.0,0.014140316817377247,0.0,0.06468983349345973,0.0,0.034504024311900104,0.0,0.22538101034505023,0.0,0.23671881854534144,0.0,0.010010161995887706,0.0,,,,,,,,,,,0.0,,,,,,,,,,,,,,,,,,,,,,,,,,,,,,,,,,,,,,,,,,,,,,,,,,,,,,,,,,,,,,,,,,,,,,,,,,,,,,,,,,,,,,,,,,,,,,,,,,,,,,,,,,,,,,,,,,,,,,,,,,0.032939396532518476,0.0,0.0,,,,,,,,,,,,,,0.04378324622909223,0.0,0.0,,,,,,,,,,,,0.0,,0.0,,0.0,,,,,,,,,,,,,,,,,,,,,,,,,,,,,,,,,,,,,,,,0,0,19,10
1,region_01,2022-12-03,,,,,,,,,,,,,,,0.00064398816030002,0.0,,,,,,,,,,,,,,,,,,,,,,,,,0.0,0.0,,,,,,,,,,,,,0.0,0.0,0.009927555033937045,0.0,0.0,0.0,0.008567798230797005,0.0,0.0011191020981641,0.0,,,,,0.00193196448381053,0.0,0.026134799727622154,0.0,0.20654841288924214,0.0,0.01029753468465055,0.0,0.0032199407927691348,0.0,0.07640410475432868,0.0,0.025086274649947837,0.0,0.2496472097933292,0.0,0.26857556849718095,0.0,0.00118439178137724,0.0,,,,,,,,,,,0.0,,,,,,,,,,,,,,,,,,,,,,,,,,,,,,,,,,,,,,,,,,,,,,,,,,,,,,,,,,,,,,,,,,,,,,,,,,,,,,,,,,,,,,,,,,,,,,,,,,,,,,,,,,,,,,,,,,,,,,,,,,0.03939710911363359,0.0,0.0,,,,,,,,,,,,,,0.07506523281335827,0.0,0.0006258604569463445,2.0,,,,,,,,,,,0.0,,0.0,,0.0,,,,,,,,,,,,,,,,,,,,,,,,,,,,,,,,,,,,,,,,0,1,19,11
1,region_01,2022-12-10,,,,,,,,,,,,,,,0.0,0.0,,,,,,,,,,,,,,,,,,,,,,,,,0.0,0.0,,,,,,,,,,,,,0.0,0.0,0.0053877319258294155,0.0,0.0,0.0,0.0063135204836725686,0.0,0.0007458965808740842,0.0,,,,,0.0012929062941111158,0.0,0.02592001355400206,0.0,0.14562882561432683,0.0,0.006914122446783233,0.0,0.007142738169549273,0.0,0.04707729816436763,0.0,0.021045722812414132,0.0,0.22746330499649042,0.0,0.2872053353410018,0.0,0.0022968318158139403,0.0,,,,,,,,,,,0.0,,,,,,,,,,,,,,,,,,,,,,,,,,,,,,,,,,,,,,,,,,,,,,,,,,,,,,,,,,,,,,,,,,,,,,,,,,,,,,,,,,,,,,,,,,,,,,,,,,,,,,,,,,,,,,,,,,,,,,,,,,0.02586774028053404,0.0,0.0,,,,,,,,,,,,,,0.18110249309163343,0.0,0.0007230375582972666,0.0,,,,,,,,,,,0.0,,0.0,,0.0,,,,,,,,,,,,,,,,,,,,,,,,,,,,,,,,,,,,,,,,0,0,20,12
1,region_01,2022-12-17,,,,,,,,,,,,,,,0.0,0.0,,,,,,,,,,,,,,,,,,,,,,,,,0.0,0.0,,,,,,,,,,,,,0.0,0.0,0.002924496385579261,0.0,0.0,0.0,0.008758065368359234,0.0,0.0045531955806331105,0.0,,,,,0.0,0.0,0.011605701771461256,0.0,0.1169566561778386,0.0,0.00884501751150104,0.0,0.0010115181159397,0.0,0.04956414178013796,0.0,0.016463071004384038,0.0,0.1980166360735893,0.0,0.2620434098773532,0.0,0.0,0.0,,,,,,,,,,,0.0,,,,,,,,,,,,,,,,,,,,,,,,,,,,,,,,,,,,,,,,,,,,,,,,,,,,,,,,,,,,,,,,,,,,,,,,,,,,,,,,,,,,,,,,,,,,,,,,,,,,,,,,,,,,,,,,,,,,,,,,,,0.025508517972551818,0.0,0.0,,,,,,,,,,,,,,0.2903940863907337,0.0,0.0041775184476540664,0.0,,,,,,,,,,,0.0,,0.0,,0.0,,,,,,,,,,,,,,,,,,,,,,,,,,,,,,,,,,,,,,,,0,0,20,13
1,region_01,2022-12-24,,,,,,,,,,,,,,,0.0,0.0,,,,,,,,,,,,,,,,,,,,,,,,,0.0,0.0,,,,,,,,,,,,,0.0,0.0,0.007473019737517413,0.0,0.0010231807310547665,0.0,0.004518603043192411,0.0,0.008157915956176324,0.0,,,,,0.0020463614621095885,0.0,0.0047799907350802705,0.0,0.1722252771258354,0.0,0.009910348181923182,0.0,0.003027822317865942,0.0,0.049954419489949886,0.0,0.014488094732822693,0.0,0.1498999953269958,0.0,0.22877576245981102,0.0,0.005630153790116266,0.0,,,,,,,,,,,0.0,,,,,,,,,,,,,,,,,,,,,,,,,,,,,,,,,,,,,,,,,,,,,,,,,,,,,,,,,,,,,,,,,,,,,,,,,,,,,,,,,,,,,,,,,,,,,,,,,,,,,,,,,,,,,,,,,,,,,,,,,,0.02544179591624171,0.0,0.0,,,,,,,,,,,,,,0.3224079425518329,0.0,0.008283591311838832,0.0,,,,,,,,,,,0.0,,0.0,,0.0,,,,,,,,,,,,,,,,,,,,,,,,,,,,,,,,,,,,,,,,0,0,20,14
1,region_01,2022-12-31,,,,,,,,,,,,,,,0.0,0.0,,,,,,,,,,,,,,,,,,,,,,,,,0.0,0.0,,,,,,,,,,,,,0.0,0.0,0.0035165407316525748,0.0,0.0058872680113251285,0.0,0.0017743438850932665,0.0,0.011497088271425987,0.0,,,,,0.0,0.0,0.003804757594480125,0.0,0.0524201020598411,0.0,0.006236105778953,0.0,0.0009474660837440312,0.0,0.0289243850857019,0.0,0.019621207844465926,0.0,0.18280921876430506,0.0,0.20360895246267313,0.0,0.008010233783473533,0.0,,,,,,,,,,,0.0,,,,,,,,,,,,,,,,,,,,,,,,,,,,,,,,,,,,,,,,,,,,,,,,,,,,,,,,,,,,,,,,,,,,,,,,,,,,,,,,,,,,,,,,,,,,,,,,,,,,,,,,,,,,,,,,,,,,,,,,,,0.0236982405185699,0.0,0.0,,,,,,,,,,,,,,0.5038470923900604,0.0,0.0012538069083044443,0.0,,,,,,,,,,,0.0,,0.0,,0.0,,,,,,,,,,,,,,,,,,,,,,,,,,,,,,,,,,,,,,,,0,0,20,15
1,region_01,2023-01-07,,,,,,,,,,,,,,,0.0,0.0,,,,,,,,,,,,,,,,,,,,,,,,,0.0,0.0,,,,,,,,,,,,,0.0,0.0,0.0016898129678641267,0.0,0.0,0.0,0.0018868647249681,0.0,0.0023717275975892265,0.0,,,,,0.0,0.0,0.00546101232369736,0.0,0.05953804453214005,0.0,0.0019830973663677266,0.0,0.0,0.0,0.020646000436196667,0.0,0.012625630944967227,0.0,0.11739652007818217,0.0,0.20470262070496875,0.0,0.010025491813818566,0.0,,,,,,,,,,,0.0019556593615561247,2.0,,,,,,,,,,,,,,,,,,,,,,,,,,,,,,,,,,,,,,,,,,,,,,,,,,,,,,,,,,,,,,,,,,,,,,,,,,,,,,,,,,,,,,,,,,,,,,,,,,,,,,,,,,,,,,,,,,,,,,,,,0.026365174725651704,0.0,0.0,,,,,,,,,,,,,,0.5342059294382732,0.0,0.005038034895227955,0.0,,,,,,,,,,,0.0,,0.0,,0.0,,,,,,,,,,,,,,,,,,,,,,,,,,,,,,,,,,,,,,,,0,1,20,16
1,region_01,2023-01-14,,,,,,,,,,,,,,,0.0,0.0,,,,,,,,,,,,,,,,,,,,,,,,,0.0,0.0,,,,,,,,,,,,,0.0,0.0,0.0014103641733526644,0.0,0.0,0.0,0.0006769910150278923,0.0,0.008384992235473171,0.0,,,,,0.0,0.0,0.0009571318408812546,0.0,0.03418954554945226,0.0,0.0014103641733526644,0.0,0.0,0.0,0.009402960306033437,0.0,0.017945097227181652,0.0,0.09792519520436012,0.0,0.11898587910192347,0.0,0.018045850231179123,0.0,,,,,,,,,,,0.0,0.0,,,,,,,,,,,,,,,,,,,,,,,,,,,,,,,,,,,,,,,,,,,,,,,,,,,,,,,,,,,,,,,,,,,,,,,,,,,,,,,,,,,,,,,,,,,,,,,,,,,,,,,,,,,,,,,,,,,,,,,,,0.027324880007654373,0.0,0.0,,,,,,,,,,,,,,0.6620091199874878,0.0,0.0028232287408576666,0.0,,,,,,,,,,,0.0013802057697570142,2.0,0.0,,0.0,,,,,,,,,,,,,,,,,,,,,,,,,,,,,,,,,,,,,,,,0,1,21,17
1,region_01,2023-01-21,,,,,,,,,,,,,,,0.0,0.0,,,,,,,,,,,,,,,,,,,,,,,,,0.0028940158394666388,0.0,,,,,,,,,,,,,0.0,0.0,0.0031372729975443076,0.0,0.0,0.0,0.0,0.0,0.0037458293820516,0.0,,,,,0.0,0.0,0.003502572206063862,0.0,0.02747194941800369,0.0,0.00103840845986265,0.0,0.0,0.0,0.008683518363306131,0.0,0.0,0.0,0.07228411906040627,0.0,0.12265683538638623,0.0,0.016721103197106894,0.0,,,,,,,,,,,0.0,0.0,,,,,,,,,,,,,,,,,,,,,,,,,,,,,,,,,,,,,,,,,,,,,,,,,,,,,,,,,,,,,,,,,,,,,,,,,,,,,,,,,,,,,,,,,,,,,,,,,,,,,,,,,,,,,,,,,,,,,,,,,0.01384532014624427,0.0,0.0,,,,,,,,,,,,,,0.7164344191551208,0.0,0.009863093598849189,0.0,,,,,,,,,,,0.0027397311226065144,0.0,0.0,,0.0,,,,,,,,,,,,,,,,,,,,,,,,,,,,,,,,,,,,,,,,0,0,22,18
1,region_01,2023-01-28,,,,,,,,,,,,,,,0.0,0.0,,,,,,,,,,,,,,,,,,,,,,,,,0.0,0.0,,,,,,,,,,,,,0.0,0.0,0.004049421034075945,0.0,0.0,0.0,0.0016478141381715417,0.0,0.0012387085060419092,0.0,,,,,0.0,0.0,0.005928366289784467,0.0,0.010937873041257208,0.0,0.0,0.0,0.0,0.0,0.001681727283126209,0.0,0.005121987933913817,0.0,0.04216420315206047,0.0,0.0831822074949741,0.0,0.009980141573275083,0.0,,,,,,,,,,,0.0032511887256987003,0.0,,,,,,,,,,,,,,,,,,,,,,,,,,,,,,,,,,,,,,,,,,,,,,,,,,,,,,,,,,,,,,,,,,,,,,,,,,,,,,,,,,,,,,,,,,,,,,,,,,,,,,,,,,,,,,,,,,,,,,,,,0.0158671122044324,0.0,0.0,,,,,,,,,,,,,,0.8130656679471334,0.0,0.009007572506864823,0.0,,,,,,,,,,,0.0008680866781754714,0.0,0.0,,0.0,,,,,,,,,,,,,,,,,,,,,,,,,,,,,,,,,,,,,,,,0,0,22,19
1,region_01,2023-02-04,,,,,,,,,,,,,,,0.0,0.0,,,,,,,,,,,,,,,,,,,,,,,,,0.0,0.0,,,,,,,,,,,,,0.0,0.0,0.0026149256154894373,0.0,0.0,0.0,0.0010799249996327224,0.0,0.003422486311238633,0.0,,,,,0.0,0.0,0.0,0.0,0.010646354830400464,0.0,0.0,0.0,0.0,0.0,0.004990957592698609,0.0,0.0,0.0,0.0180797260254621,0.0,0.057275436286415335,0.0,0.0132490822368047,0.0,,,,,,,,,,,0.0,0.0,,,,,,,,,,,,,,,,,,,,,,,,,,,,,,,,,,,,,,,,,,,,,,,,,,,,,,,,,,,,,,,,,,,,,,,,,,,,,,,,,,,,,,,,,,,,,,,,,,,,,,,,,,,,,,,,,,,,,,,,,0.02144500714811407,0.0,0.0,,,,,,,,,,,,,,0.8484160520813682,0.0,0.0256874677725136,0.0,,,,,,,,,,,0.0,0.0,0.0,,0.0,,,,,,,,,,,,,,,,,,,,,,,,,,,,,,,,,,,,,,,,0,0,22,20
1,region_01,2023-02-11,,,,,,,,,,,,,,,0.0,0.0,,,,,,,,,,,,,,,,,,,,,,,,,0.0,0.0,,,,,,,,,,,,,0.0,0.0,0.0,0.0,0.0,0.0,0.00512230731546875,0.0,0.0,0.0,,,,,0.0,0.0,0.0,0.0,0.00520576033741231,0.0,0.0,0.0,0.009243159968819822,0.0,0.0020553848137043777,0.0,0.005372980557796,0.0,0.00916268681176002,0.0,0.03663150469462072,0.0,0.03293601162731642,0.0,,,,,,,,,,,0.0,0.0,,,,,,,,,,,,,,,,,,,,,,,,,,,,,,,,,,,,,,,,,,,,,,,,,,,,,,,,,,,,,,,,,,,,,,,,,,,,,,,,,,,,,,,,,,,,,,,,,,,,,,,,,,,,,,,,,,,,,,,,,0.0057751551736145695,0.0,0.0,,,,,,,,,,,,,,0.8897623360157013,0.0,0.0010328680676008571,0.0,,,,,,,,,,,0.0013377456925808859,0.0,0.0,,0.0017975104274228,2.0,,,,,,,,,,,,,,,,,,,,,,,,,,,,,,,,,,,,,,,0,1,22,21
1,region_01,2023-02-18,,,,,,,,,,,,,,,0.0,0.0,,,,,,,,,,,,,,,,,,,,,,,,,0.0,0.0,,,,,,,,,,,,,0.0,0.0,0.003100458319143644,0.0,0.0,0.0,0.0,0.0,0.0,0.0,,,,,0.0,0.0,0.0,0.0,0.003615535640468167,0.0,0.0,0.0,0.0,0.0,0.0,0.0,0.0,0.0,0.024919993554552364,0.0,0.03292059836288288,0.0,0.010031785712473856,0.0,,,,,,,,,,,0.0043351262575015,0.0,,,,,,,,,,,,,,,,,,,,,,,,,,,,,,,,,,,,,,,,,,,,,,,,,,,,,,,,,,,,,,,,,,,,,,,,,,,,,,,,,,,,,,,,,,,,,,,,,,,,,,,,,,,,,,,,,,,,,,,,,0.00433846665546296,0.0,0.0,,,,,,,,,,,,,,0.9029558764563667,0.0,0.01811876551558568,0.0,,,,,,,,,,,0.0,0.0,0.0,,0.0,0.0,,,,,,,,,,,,,,,,,,,,,,,,,,,,,,,,,,,,,,,0,0,23,22
1,region_01,2023-02-25,,,,,,,,,,,,,,,0.0,0.0,,,,,,,,,,,,,,,,,,,,,,,,,0.0,0.0,,,,,,,,,,,,,0.0,0.0,0.0,0.0,0.0,0.0,0.0,0.0,0.0,0.0,,,,,0.0,0.0,0.0,0.0,0.015587351517751763,0.0,0.0,0.0,0.0,0.0,0.0,0.0,0.004118335928069388,0.0,0.004118335928069388,0.0,0.014316115927483315,0.0,0.004118335928069388,0.0,,,,,,,,,,,0.0,0.0,,,,,,,,,,,,,,,,,,,,,,,,,,,,,,,,,,,,,,,,,,,,,,,,,,,,,,,,,,,,,,,,,,,,,,,,,,,,,,,,,,,,,,,,,,,,,,,,,,,,,,,,,,,,,,,,,,,,,,,,,0.015387616702355387,0.0,0.0,,,,,,,,,,,,,,0.9441434144973754,0.0,0.0,0.0,,,,,,,,,,,0.0,0.0,0.0,,0.0,0.0,,,,,,,,,,,,,,,,,,,,,,,,,,,,,,,,,,,,,,,0,0,23,23
1,region_01,2023-03-04,,,,,,,,,,,,,,,0.0,0.0,,,,,,,,,,,,,,,,,,,,,,,,,0.0,0.0,,,,,,,,,,,,,0.0,0.0,0.001607735233847025,0.0,0.0,0.0,0.0,0.0,0.0,0.0,,,,,0.0,0.0,0.0,0.0,0.0061410686134227,0.0,0.0,0.0,0.0,0.0,0.0,0.0,0.0,0.0,0.013298457887555815,0.0,0.0258503521659544,0.0,0.0012838369972693166,0.0,,,,,,,,,,,0.0,0.0,,,,,,,,,,,,,,,,,,,,,,,,,,,,,,,,,,,,,,,,,,,,,,,,,,,,,,,,,,,,,,,,,,,,,,,,,,,,,,,,,,,,,,,,,,,,,,,,,,,,,,,,,,,,,,,,,,,,,,,,,0.02532810371901304,0.0,0.0,,,,,,,,,,,,,,0.8740720067705426,0.0,0.03281542898288788,0.0,,,,,,,,,,,0.016837910615972042,0.0,0.006365670473314775,2.0,0.0,0.0,,,,,,,,,,,,,,,,,,,,,,,,,,,,,,,,,,,,,,,0,1,23,24
1,region_01,2023-03-11,,,,,,,,,,,,,,,0.0,0.0,,,,,,,,,,,,,,,,,,,,,,,,,0.0,0.0,,,,,,,,,,,,,0.0,0.0,0.0,0.0,0.0,0.0,0.0,0.0,0.0,0.0,,,,,0.0,0.0,0.0,0.0,0.006893783574923834,0.0,0.0,0.0,0.0,0.0,0.0,0.0,0.0,0.0,0.0032653514062985166,0.0,0.01440058151880895,0.0,0.014745559853811999,0.0,,,,,,,,,,,0.0032127112499437498,0.0,,,,,,,,,,,,,,,,,,,,,,,,,,,,,,,,,,,,,,,,,,,,,,,,,,,,,,,,,,,,,,,,,,,,,,,,,,,,,,,,,,,,,,,,,,,,,,,,,,,,,,,,,,,,,,,,,,,,,,,,,0.019673304787526484,0.0,0.0,,,,,,,,,,,,,,0.9077262183030447,0.0,0.01714667677879327,0.0,,,,,,,,,,,0.0065307028125971165,0.0,0.006320383283309575,0.0,0.0071439296007156,0.0,,,,,,,,,,,,,,,,,,,,,,,,,,,,,,,,,,,,,,,0,0,24,25
1,region_01,2023-03-18,,,,,,,,,,,,,,,0.0,0.0,,,,,,,,,,,,,,,,,,,,,,,,,0.0,0.0,,,,,,,,,,,,,0.0,0.0,0.0,0.0,0.0,0.0,0.0041839559562504,0.0,0.0,0.0,,,,,0.0,0.0,0.0,0.0,0.003774711551765567,0.0,0.0,0.0,0.0,0.0,0.0,0.0,0.0048381403709451,0.0,0.0,0.0,0.052720307558774916,0.0,0.00505615016445514,0.0,,,,,,,,,,,0.0,0.0,,,,,,,,,,,,,,,,,,,,,,,,,,,,,,,,,,,,,,,,,,,,,,,,,,,,,,,,,,,,,,,,,,,,,,,,,,,,,,,,,,,,,,,,,,,,,,,,,,,,,,,,,,,,,,,,,,,,,,,,,0.01878265216946598,0.0,0.004979307414032475,2.0,,,,,,,,,,,,,0.8693987250328064,0.0,0.01204223968088622,0.0,,,,,,,,,,,0.01375537160784002,0.0,0.0,0.0,0.002273399149999,0.0,,,,,,,,,,,,,,,,,,,,,,,,,,,,,,,,,,,,,,,0,1,24,26
1,region_01,2023-03-25,,,,,,,,,,,,,,,0.0,0.0,,,,,,,,,,,,,,,,,,,,,,,,,0.0,0.0,,,,,,,,,,,,,0.006187422511478233,0.0,0.006187422511478233,0.0,0.009281133611996934,0.0,0.0,0.0,0.0,0.0,,,,,0.0,0.0,0.0,0.0,0.006187422511478233,0.0,0.0,0.0,0.0,0.0,0.0,0.0,0.0,0.0,0.014648732496425475,0.0,0.028635211288928923,0.0,0.010008165845647425,0.0,,,,,,,,,,,0.0,0.0,,,,,,,,,,,,,,,,,,,,,,,,,,,,,,,,,,,,,,,,,,,,,,,,,,,,,,,,,,,,,,,,,,,,,,,,,,,,,,,,,,,,,,,,,,,,,,,,,,,,,,,,,,,,,,,,,,,,,,,,,0.020077256485819775,0.0,0.007746924995444651,0.0,,,,,,,,,,,,,0.8422835767269135,0.0,0.010173892602324425,0.0,,,,,,,,,,,0.015095111681148375,0.0,0.020182057749479974,0.0,0.0,0.0,,,,,,,,,,,,,,,,,,,,,,,,,,,,,,,,,,,,,,,0,0,25,27
1,region_01,2023-04-01,,,,,,,,,,,,,,,0.0,0.0,,,,,,,,,,,,,,,,,,,,,,,,,0.0,0.0,,,,,,,,,,,,,0.0,0.0,0.0,0.0,0.0,0.0,0.0,0.0,0.0,0.0,,,,,0.0,0.0,0.0,0.0,0.0,0.0,0.0,0.0,0.0,0.0,0.0,0.0,0.0,0.0,0.0022114438470452664,0.0,0.0,0.0,0.03152838100989653,0.0,,,,,,,,,,,0.0257424532125393,0.0,,,,,,,,,,,,,,,,,,,,,,,,,,,,,,,,,,,,,,,,,,,,,,,,,,,,,,,,,,,,,,,,,,,,,,,,,,,,,,,,,,,,,,,,,,,,,,,,,,,,,,,,,,,,,,,,,,,,,,,,,0.0,0.0,0.0,0.0,,,,,,,,,,,,,0.8512120842933655,0.0,0.035951269169648435,0.0,,,,,,,,,,,0.051484906425078664,0.0,0.0,0.0,0.0028041945770382,0.0,,,,,,,,,,,,,,,,,,,,,,,,,,,,,,,,,,,,,,,0,0,25,28
1,region_01,2023-04-08,,,,,,,,,,,,,,,0.0,0.0,,,,,,,,,,,,,,,,,,,,,,,,,0.0,0.0,,,,,,,,,,,,,0.0,0.0,0.0,0.0,0.0,0.0,0.0061213893350213,0.0,0.0,0.0,,,,,0.0,0.0,0.0,0.0,0.0,0.0,0.0,0.0,0.0,0.0,0.0,0.0,0.0,0.0,0.00148543587420135,0.0,0.03082053456455465,0.0,0.0,0.0,,,,,,,,,,,0.0,0.0,,,,,,,,,,,,,,,,,,,,,,,,,,,,,,,,,,,,,,,,,,,,,,,,,,,,,,,,,,,,,,,,,,,,,,,,,,,,,,,,,,,,,,,,,,,,,,,,,,,,,,,,,,,,,,,,,,,,,,,,,0.023076284211128898,0.0,0.0297522256150841,0.0,,,,,,,,,,,,,0.798676073551178,0.0,0.00718969805166125,0.0,,,,,,,,,,,0.0945233479142189,0.0,0.0,0.0,0.0057048578746616,0.0,,,,,,,,,,,,,,,,,,,,,,,,,,,,,,,,,,,,,,,0,0,25,29
1,region_01,2023-04-15,,,,,,,,,,,,,,,0.0,0.0,,,,,,,,,,,,,,,,,,,,,,,,,0.0,0.0,,,,,,,,,,,,,0.0,0.0,0.0,0.0,0.0014607275243509364,0.0,0.0012987290551377418,0.0,0.0,0.0,0.0,,,,0.0,0.0,0.0,0.0,0.0,0.0,0.0,0.0,0.0,0.0,0.0,0.0,0.0,0.0,0.0010565597426399817,0.0,0.025457730889320324,0.0,0.009311307467181527,0.0,0.0,,0.0,,0.0,,0.0,,0.0,,0.0059777423019774425,0.0,0.0,,0.0,,0.0,,0.0,,0.0,,0.0,,0.0,,0.0,,0.0,,0.0,,0.0,,0.0,,0.0,,0.0,,0.0,,0.0,,0.0,,0.0,,0.0,,0.0,,0.0,,0.0,,0.0,,0.0,,0.0,,0.0,,0.0,,0.0,,0.0,,0.0,,0.0,,0.0,,0.0,,0.0,,0.0,,0.0,,0.0,,0.0,,0.0,,0.0,,0.0,,0.0,,0.0,,0.0,,0.0,,0.0,,0.0,,0.0,,0.0,,0.0,,0.0,,,,,,,,0.0,,,,,,,,,,,,0.020054698693142643,0.0,0.0488138049840927,0.0,0.028199504715976837,2.0,0.0,,0.0,,0.0,,0.0,,0.0,,0.8081056876616044,0.0,0.016755167665806637,0.0,0.0,,0.0,,0.0,,0.0,,0.0,,0.03996232355182817,0.0,0.005916163697838738,0.0,0.011065552620725142,0.0,0.0,,0.0,,0.0,,0.0,,0.0,,0.0,,0.0,,0.0,,0.0,,,,,,,,,,,,,,,,,,,,,,0,1,25,30
1,region_01,2023-04-22,,,,,,,,,,,,,,,0.007782251783646617,0.0,,,,,,,,,,,,,,,,,,,,,,,,,0.0,0.0,,,,,,,,,,,,,0.012881699018180348,0.0,0.031672955490648726,0.0,0.0030800374859774136,0.0,0.004957771588819242,0.0,0.002349673723801945,0.0,0.0,,,,0.0,0.0,0.0,0.0,0.0039854296098928675,0.0,0.0,0.0,0.0,0.0,0.0,0.0,0.0,0.0,0.006889049969271586,0.0,0.017558879784687752,0.0,0.009125270199395907,0.0,0.0007716215126599637,1.0,0.0,,0.0,,0.004406527365342903,2.0,0.0,,0.0029888711509887212,0.0,0.0,,0.0,,0.0,,0.0,,0.0,,0.0,,0.0,,0.0,,0.0,,0.0,,0.0,,0.0,,0.0,,0.0,,0.0,,0.0,,0.0,,0.0,,0.0,,0.0,,0.0,,0.0,,0.0,,0.0,,0.0,,0.0,,0.0,,0.0,,0.0,,0.0,,0.0,,0.0,,0.0,,0.0,,0.0,,0.0,,0.0,,0.0,,0.0,,0.0,,0.0,,0.0,,0.0,,0.0,,0.0,,0.0,,0.0,,0.0,,0.0,,0.0,,0.0,,,,,,,,0.0,,,,,,,,,,,,0.02256940370551008,0.0,0.03718902982547187,0.0,0.028114619992535374,0.0,0.0,,0.0,,0.0,,0.0,,0.0,,0.7721940896727821,0.0,0.016518628291208686,0.0,0.000957997894696517,2.0,0.0,,0.0,,0.0,,0.0,,0.05520263701451543,0.0,0.019174913147947257,0.0,0.015341946935776556,0.0,0.0,,0.0,,0.0,,0.0,,0.0,,0.0,,0.0,,0.0,,0.0,,,,,,,,,,,,,,,,,,,,,,1,2,26,0
1,region_01,2023-04-29,,,,,,,,,,,,,,,0.015564503567293234,0.0,,,,,,,,,,,,,,,,,,,,,,,,,0.0,0.0,,,,,,,,,,,,,0.025763398036360696,0.0,0.06334591098129745,0.0,0.00469934744760389,0.0,0.008616814122500743,0.0,0.00469934744760389,0.0,0.0,,,,0.0,0.0,0.0,0.0,0.007970859219785735,0.0,0.0,0.0,0.0,0.0,0.0,0.0,0.0,0.0,0.01272154019590319,0.0,0.00966002868005518,0.0,0.008939232931610286,0.0,0.0015432430253199275,0.0,0.0,,0.0,,0.008813054730685806,0.0,0.0,,0.0,0.0,0.0,,0.0,,0.0,,0.0,,0.0,,0.0,,0.0,,0.0,,0.0,,0.0,,0.0,,0.0,,0.0,,0.0,,0.0,,0.0,,0.0,,0.0,,0.0,,0.0,,0.0,,0.0,,0.0,,0.0,,0.0,,0.0,,0.0,,0.0,,0.0,,0.0,,0.0,,0.0,,0.0,,0.0,,0.0,,0.0,,0.0,,0.0,,0.0,,0.0,,0.0,,0.0,,0.0,,0.0,,0.0,,0.0,,0.0,,0.0,,0.0,,0.0,,0.0,,,,,,,,0.0,,,,,,,,,,,,0.025084108717877515,0.0,0.025564254666851034,0.0,0.028029735269093914,0.0,0.0,,0.0,,0.0,,0.0,,0.0,,0.73628249168396,0.0,0.016282088916610735,0.0,0.001915995789393034,0.0,0.0,,0.0,,0.0,,0.0,,0.07044295047720268,0.0,0.032433662598055774,0.0,0.01961834125082797,0.0,0.0,,0.0,,0.0,,0.0,,0.0,,0.0,,0.0,,0.0,,0.0,,,,,,,,,,,,,,,,,,,,,,0,0,29,1
1,region_01,2023-05-06,,,,,,,,,,,,,,,0.007782251783646617,0.0,,,,,,,,,,,,,,,,,,,,,,,,,0.0,0.0,,,,,,,,,,,,,0.012881699018180348,0.0,0.031672955490648726,0.0,0.002349673723801945,0.0,0.007625016592821066,0.0,0.002349673723801945,0.0,0.0,,,,0.0,0.0,0.0,0.0,0.0039854296098928675,0.0,0.0,0.0,0.0,0.0,0.0,0.0,0.0,0.0,0.00997358259300171,0.0,0.010880855247599578,0.0,0.01337553786515246,0.0,0.0007716215126599637,0.0,0.0,,0.0,,0.004406527365342903,0.0,0.0,,0.0009853431474766468,0.0,0.004929166215543539,2.0,0.0,,0.0,,0.0,,0.0,,0.0,,0.0,,0.0,,0.0,,0.0,,0.0,,0.0,,0.0,,0.0,,0.0,,0.0,,0.0,,0.0,,0.0,,0.0,,0.0,,0.0,,0.0,,0.0,,0.0,,0.0,,0.0,,0.0,,0.0,,0.0,,0.0,,0.0,,0.0,,0.0,,0.0,,0.0,,0.0,,0.0,,0.0,,0.0,,0.0,,0.0,,0.0,,0.0,,0.0,,0.0,,0.0,,0.0,,0.0,,0.0,,0.0,,,,,,,,0.0,,,,,,,,,,,,0.029092850772908612,0.0,0.04768512122717049,0.0,0.02254020529821938,0.0,0.0,,0.0,,0.0,,0.0033243870335247353,2.0,0.0,,0.6371291269671242,0.0,0.02958408159878722,0.0,0.000957997894696517,0.0,0.0009801603543261462,2.0,0.0033195567174026364,2.0,0.0009743376710199678,2.0,0.016906930673867438,2.0,0.09200822468026999,0.0,0.03481204865713795,0.0,0.031890614981653034,0.0,0.0,,0.0,,0.0,,0.0,,0.0,,0.0,,0.0,,0.0,,0.0,,,,,,,,,,,,,,,,,,,,,,0,6,29,2
1,region_01,2023-05-13,,,,,,,,,,,,,,,0.0,0.0,,,,,,,,,,,,,,,,,,,,,,,,,0.0,0.0,,,,,,,,,,,,,0.0,0.0,0.0,0.0,0.0,0.0,0.006633219063141389,0.0,0.0,0.0,0.0,,,,0.0,0.0,0.0,0.0,0.0,0.0,0.0,0.0,0.0,0.0,0.0,0.0,0.0,0.0,0.007225624990100232,0.0,0.012101681815143976,0.0,0.017811842798694636,0.0,0.0,0.0,0.0,,0.0,,0.0,0.0,0.0,,0.0019706862949532937,0.0,0.009858332431087078,0.0,0.0,,0.0,,0.0,,0.0,,0.0,,0.0,,0.0,,0.0,,0.0,,0.0,,0.0,,0.0,,0.0,,0.0,,0.0,,0.0,,0.0,,0.0,,0.0,,0.0,,0.0,,0.0,,0.0,,0.0,,0.0,,0.0,,0.0,,0.0,,0.0,,0.0,,0.0,,0.0,,0.0,,0.0,,0.0,,0.0,,0.0,,0.0,,0.0,,0.0,,0.0,,0.0,,0.0,,0.0,,0.0,,0.0,,0.0,,0.0,,0.0,,0.0,,,,,,,,0.0,,,,,,,,,,,,0.03310159282793971,0.0,0.06980598778748995,0.0,0.017050675327344843,0.0,0.0,,0.0,,0.0,,0.006648774067049471,0.0,0.0,,0.5379757622502884,0.0,0.04288607428096371,0.0,0.0,0.0,0.0019603207086522924,0.0,0.006639113434805273,0.0,0.0019486753420399356,0.0,0.033813861347734876,0.0,0.1135734988833373,0.0,0.03719043471622013,0.0,0.044162888712478095,0.0,0.0,,0.0,,0.0,,0.0,,0.0,,0.0,,0.0,,0.0,,0.0,,,,,,,,,,,,,,,,,,,,,,0,0,35,3
1,region_01,2023-05-20,,,,,,,,,,,,,,,0.0,0.0,,,,,,,,,,,,,,,,,,,,,,,,,0.0,0.0,,,,,,,,,,,,,0.0,0.0,0.0,0.0,0.0,0.0,0.0033166095315706945,0.0,0.0,0.0,0.0,,,,0.0,0.0,0.0,0.0,0.0,0.0,0.0,0.0,0.0,0.0,0.0,0.0,0.0,0.0,0.003612812495050116,0.0,0.0077933037014692695,0.0,0.009781994152129297,0.0,0.014049747885734399,0.0,0.0,,0.0,,0.0,0.0,0.0,,0.0009853431474766468,0.0,0.016535217569281224,0.0,0.0008360387232363479,2.0,0.0,,0.0,,0.0,,0.0,,0.0,,0.0,,0.0,,0.0,,0.0,,0.0,,0.0,,0.0,,0.0,,0.0,,0.0,,0.0,,0.0,,0.0,,0.0,,0.0,,0.0,,0.0,,0.0,,0.0,,0.0,,0.0,,0.0,,0.0,,0.0,,0.0,,0.0,,0.0,,0.0,,0.0,,0.0,,0.0,,0.0,,0.0,,0.0,,0.0,,0.0,,0.0,,0.0,,0.0,,0.0,,0.0,,0.0,,0.0,,0.0,,,,,,,,0.0,,,,,,,,,,,,0.06317555705891006,0.0,0.07505157795183509,0.0,0.04639979109083289,0.0,0.0008534561966371052,2.0,0.0,,0.0,,0.0033243870335247353,0.0,0.0,,0.4779602136494625,0.0,0.021443037140481853,0.0,0.013325890132154386,0.0,0.0091180182062089,0.0,0.009471911739987772,0.0,0.006433347563870432,0.0,0.022008591548332686,0.0,0.0970109584133442,0.0,0.0385794356679584,0.0,0.05794467374026398,0.0,0.0,,0.0,,0.0,,0.0,,0.0,,0.0,,0.0,,0.0,,0.0,,,,,,,,,,,,,,,,,,,,,,0,2,35,4
1,region_01,2023-05-27,,,,,,,,,,,,,,,0.0,0.0,,,,,,,,,,,,,,,,,,,,,,,,,0.0,0.0,,,,,,,,,,,,,0.0,0.0,0.0,0.0,0.0,0.0,0.0,0.0,0.0,0.0,0.0,,,,0.0,0.0,0.0,0.0,0.0,0.0,0.0,0.0,0.0,0.0,0.0,0.0,0.0,0.0,0.0,0.0,0.0034849255877945633,0.0,0.0017521455055639597,0.0,0.028099495771468797,0.0,0.0,,0.0,,0.0,0.0,0.0,,0.0,0.0,0.023212102707475372,0.0,0.0016720774464726957,0.0,0.0,,0.0,,0.0,,0.0,,0.0,,0.0,,0.0,,0.0,,0.0,,0.0,,0.0,,0.0,,0.0,,0.0,,0.0,,0.0,,0.0,,0.0,,0.0,,0.0,,0.0,,0.0,,0.0,,0.0,,0.0,,0.0,,0.0,,0.0,,0.0,,0.0,,0.0,,0.0,,0.0,,0.0,,0.0,,0.0,,0.0,,0.0,,0.0,,0.0,,0.0,,0.0,,0.0,,0.0,,0.0,,0.0,,0.0,,0.0,,0.0,,,,,,,,0.0,,,,,,,,,,,,0.09324952128988041,0.0,0.08029716811618023,0.0,0.07574890685432094,0.0,0.0017069123932742104,0.0,0.0,,0.0,,0.0,0.0,0.0,,0.41794466504863664,0.0,0.0,0.0,0.026651780264308773,0.0,0.016275715703765507,0.0,0.012304710045170272,0.0,0.010918019785700927,0.0,0.010203321748930497,0.0,0.08044841794335109,0.0,0.039968436619696665,0.0,0.07172645876804985,0.0,0.0,,0.0,,0.0,,0.0,,0.0,,0.0,,0.0,,0.0,,0.0,,,,,,,,,,,,,,,,,,,,,,0,0,37,5
1,region_01,2023-06-03,,,,,,,,,,,,,,,0.0,0.0,,,,,,,,,,,,,,,,,,,,,,,,,0.0,0.0,,,,,,,,,,,,,0.0,0.0,0.0,0.0,0.0,0.0,0.0,0.0,0.0,0.0,0.0,,,,0.0,0.0,0.0,0.0,0.0,0.0,0.0,0.0,0.0,0.0,0.0,0.0,0.0,0.0,0.0,0.0,0.0017424627938972816,0.0,0.012067919610396334,0.0,0.06583088672077939,0.0,0.0,,0.0,,0.0,0.0,0.0,,0.0,0.0,0.017714173263669253,0.0,0.0019700643725274634,0.0,0.0,,0.005349730691787847,2.0,0.0,,0.0,,0.0,,0.0,,0.0,,0.0,,0.0,,0.0,,0.0,,0.0,,0.0,,0.0,,0.0,,0.0,,0.0,,0.0,,0.0,,0.0,,0.0,,0.0,,0.0,,0.0,,0.0,,0.0,,0.0,,0.0,,0.0,,0.0,,0.0,,0.0,,0.0,,0.0,,0.0,,0.0,,0.0,,0.0,,0.0,,0.0,,0.0,,0.0,,0.0,,0.0,,0.0,,0.0,,0.0,,0.0,,0.0,,,,,,,,0.0,,,,,,,,,,,,0.057375769084530126,0.0,0.06676368550041545,0.0,0.06876153557323939,0.0,0.006739679907089596,0.0,0.0,,0.0,,0.006371265825103285,0.0,0.008914437610655999,2.0,0.37195289527084313,0.0,0.00389782758429645,0.0,0.022598357979337416,0.0,0.01855823708077268,0.0,0.012044234586553668,0.0,0.018812130855318722,0.0,0.0051016608744652485,0.0,0.0871557619462923,0.0,0.053431674034220895,0.0,0.09950215280765576,0.0,0.0,,0.0,,0.0,,0.0,,0.0,,0.0,,0.0,,0.0,,0.0,,,,,,,,,,,,,,,,,,,,,,0,2,37,6
1,region_01,2023-06-10,,,,,,,,,,,,,,,0.0,0.0,,,,,,,,,,,,,,,,,,,,,,,,,0.0,0.0,,,,,,,,,,,,,0.0,0.0,0.0,0.0,0.0,0.0,0.0,0.0,0.0,0.0,0.0,,,,0.0,0.0,0.0,0.0,0.0,0.0,0.0,0.0,0.0,0.0,0.0,0.0,0.0,0.0,0.0,0.0,0.0,0.0,0.022383693715228706,0.0,0.10356227767008996,0.0,0.0,,0.0,,0.0,0.0,0.0,,0.0,0.0,0.012216243819863136,0.0,0.0022680512985822306,0.0,0.0,,0.010699461383575694,0.0,0.0,,0.0,,0.0,,0.0,,0.0,,0.0,,0.0,,0.0,,0.0,,0.0,,0.0,,0.0,,0.0,,0.0,,0.0,,0.0,,0.0,,0.0,,0.0,,0.0,,0.0,,0.0,,0.0,,0.0,,0.0,,0.0,,0.0,,0.0,,0.0,,0.0,,0.0,,0.0,,0.0,,0.0,,0.0,,0.0,,0.0,,0.0,,0.0,,0.0,,0.0,,0.0,,0.0,,0.0,,0.0,,0.0,,0.0,,,,,,,,0.0,,,,,,,,,,,,0.021502016879179846,0.0,0.053230202884650656,0.0,0.06177416429215783,0.0,0.011772447420904981,0.0,0.0,,0.0,,0.01274253165020657,0.0,0.017828875221311997,0.0,0.3259611254930496,0.0,0.0077956551685929,0.0,0.018544935694366056,0.0,0.02084075845777985,0.0,0.011783759127937062,0.0,0.02670624192493652,0.0,0.0,0.0,0.09386310594923353,0.0,0.06689491144874513,0.0,0.12727784684726165,0.0,0.0,,0.0,,0.0,,0.0,,0.0,,0.0,,0.0,,0.0,,0.0,,,,,,,,,,,,,,,,,,,,,,0,0,39,7
1,region_01,2023-06-17,,,,,,,,,,,,,,,0.0,0.0,,,,,,,,,,,,,,,,,,,,,,,,,0.0,0.0,,,,,,,,,,,,,0.0,0.0,0.0,0.0,0.0,0.0,0.0,0.0,0.0,0.0,0.0,,,,0.0,0.0,0.0,0.0,0.0,0.0,0.0,0.0,0.0,0.0,0.0,0.0,0.0,0.0,0.0,0.0,0.0010756038305140337,0.0,0.011191846857614353,0.0,0.08127105085322485,0.0,0.0,,0.0,,0.0,0.0,0.0010980122436497427,2.0,0.0,0.0,0.01506146463638568,0.0,0.0011340256492911153,0.0,0.008680745736152528,2.0,0.005349730691787847,0.0,0.0,,0.004125037246073266,2.0,0.0,,0.0,,0.0,,0.0,,0.0,,0.0,,0.0,,0.0,,0.0,,0.0,,0.0,,0.0,,0.0,,0.0,,0.0,,0.0,,0.0,,0.0,,0.0,,0.0,,0.0,,0.0,,0.0,,0.0,,0.0,,0.0,,0.0,,0.0,,0.0,,0.0,,0.0,,0.0,,0.0,,0.0,,0.0,,0.0,,0.0,,0.0,,0.0,,0.0,,0.0,,0.0,,0.0,,0.0,,0.0,,,,,,,,0.0,,,,,,,,,,,,0.033065073985387244,0.0,0.04044560553378184,0.0,0.06742530904856378,0.0,0.0058862237104524906,0.0,0.0,,0.0,,0.015039738293956259,0.0,0.016963392387124406,0.0,0.33684924963861707,0.0,0.016176633238792378,0.0,0.02063175786213543,0.0,0.02828788725659247,0.0,0.005891879563968531,0.0,0.027624174506248232,0.0,0.02592425312846897,0.0,0.10255139057194632,0.0,0.03781611152239797,0.0,0.10757622699652394,0.0,0.0,,0.0,,0.0,,0.0,,0.0,,0.0,,0.0,,0.0,,0.0,,,,,,,,,,,,,,,,,,,,,,0,3,39,8
1,region_01,2023-06-24,,,,,,,,,,,,,,,0.0,0.0,,,,,,,,,,,,,,,,,,,,,,,,,0.0,0.0,,,,,,,,,,,,,0.0,0.0,0.0,0.0,0.0,0.0,0.0,0.0,0.0,0.0,0.0,,,,0.0,0.0,0.0,0.0,0.0,0.0,0.0,0.0,0.0,0.0,0.0,0.0,0.0,0.0,0.0,0.0,0.0021512076610280674,0.0,0.0,0.0,0.05897982403635974,0.0,0.0,,0.0,,0.0,0.0,0.0021960244872994855,0.0,0.0,0.0,0.017906685452908223,0.0,0.0,0.0,0.017361491472305056,0.0,0.0,0.0,0.0,,0.008250074492146531,0.0,0.0,,0.0,,0.0,,0.0,,0.0,,0.0,,0.0,,0.0,,0.0,,0.0,,0.0,,0.0,,0.0,,0.0,,0.0,,0.0,,0.0,,0.0,,0.0,,0.0,,0.0,,0.0,,0.0,,0.0,,0.0,,0.0,,0.0,,0.0,,0.0,,0.0,,0.0,,0.0,,0.0,,0.0,,0.0,,0.0,,0.0,,0.0,,0.0,,0.0,,0.0,,0.0,,0.0,,0.0,,0.0,,,,,,,,0.0,,,,,,,,,,,,0.04462813109159465,0.0,0.027661008182913026,0.0,0.07307645380496974,0.0,0.0,0.0,0.0,,0.0,,0.017336944937705948,0.0,0.016097909552936815,0.0,0.34773737378418446,0.0,0.024557611308991853,0.0,0.022718580029904803,0.0,0.03573501605540509,0.0,0.0,0.0,0.028542107087559946,0.0,0.05184850625693794,0.0,0.11123967519465909,0.0,0.00873731159605081,0.0,0.08787460714578625,0.0,0.0,,0.0,,0.0,,0.0,,0.0,,0.0,,0.0,,0.0,,0.0,,,,,,,,,,,,,,,,,,,,,,0,0,42,9
1,region_01,2023-07-01,,,,,,,,,,,,,,,0.0,0.0,,,,,,,,,,,,,,,,,,,,,,,,,0.0,0.0,,,,,,,,,,,,,0.0,0.0,0.0,0.0,0.0,0.0,0.0,0.0,0.0,0.0,0.0,,,,0.0,0.0,0.0,0.0,0.0,0.0,0.0,0.0,0.0,0.0,0.0,0.0,0.0,0.0,0.007152954876726965,0.0,0.005970638841675662,0.0,0.0,0.0,0.08091461643424565,0.0,0.0,,0.008403662291433018,2.0,0.0,0.0,0.0010980122436497427,0.0,0.0,0.0,0.008953342726454112,0.0,0.011013488000144742,0.0,0.008680745736152528,0.0,0.0,0.0,0.0,,0.01114012942028538,0.0,0.0,,0.0024901012558133126,1.0,0.0,,0.0,,0.0,,0.0,,0.0,,0.0,,0.0,,0.0,,0.0,,0.0,,0.0,,0.0,,0.0,,0.0,,0.0,,0.0,,0.0,,0.0,,0.0,,0.0,,0.0,,0.0,,0.0,,0.0,,0.0,,0.0,,0.0,,0.0,,0.0,,0.0,,0.0,,0.0,,0.0,,0.0,,0.0,,0.0,,0.0,,0.0,,0.0,,0.0,,0.0,,0.0,,0.0,,,,,,,,0.0,,,,,,,,,,,,0.035621483307711886,0.0,0.09858002574107017,0.0,0.055944598139244635,0.0,0.0,0.0,0.0,,0.0,,0.03197729200884999,0.0,0.01680727751846322,0.0,0.2713048641259471,0.0,0.015367244975071118,0.0,0.02844520810725429,0.0,0.017867508027702546,0.0,0.0,0.0,0.016709277690097175,0.0,0.02592425312846897,0.0,0.1268576734783827,0.0,0.02350152458396869,0.0,0.08966781023205539,0.0,0.0,,0.0,,0.0,,0.0,,0.0,,0.0,,0.0,,0.0,,0.0,,,,,,,,,,,,,,,,,,,,,,1,1,42,0
1,region_01,2023-07-08,,,,,,,,,,,,,,,0.0,0.0,,,,,,,,,,,,,,,,,,,,,,,,,0.0,0.0,,,,,,,,,,,,,0.0,0.0,0.0,0.0,0.0,0.0,0.0,0.0,0.0,0.0,0.0,,,,0.0,0.0,0.0,0.0,0.0,0.0,0.0,0.0,0.0,0.0,0.0,0.0,0.0,0.0,0.01430590975345393,0.0,0.009790070022323258,0.0,0.0,0.0,0.10284940883213156,0.0,0.0,,0.016807324582866035,0.0,0.0,0.0,0.0,0.0,0.0,0.0,0.0,0.0,0.022026976000289484,0.0,0.0,0.0,0.0,0.0,0.0,,0.014030184348424228,0.0,0.0,,0.004980202511626625,0.0,0.0,,0.0,,0.0,,0.0,,0.0,,0.0,,0.0,,0.0,,0.0,,0.0,,0.0,,0.0,,0.0,,0.0,,0.0,,0.0,,0.0,,0.0,,0.0,,0.0,,0.0,,0.0,,0.0,,0.0,,0.0,,0.0,,0.0,,0.0,,0.0,,0.0,,0.0,,0.0,,0.0,,0.0,,0.0,,0.0,,0.0,,0.0,,0.0,,0.0,,0.0,,0.0,,0.0,,,,,,,,0.0,,,,,,,,,,,,0.026614835523829122,0.0,0.1694990432992273,0.0,0.038812742473519526,0.0,0.0,0.0,0.0,,0.0,,0.04661763907999403,0.0,0.017516645483989624,0.0,0.1948723544677098,0.0,0.006176878641150384,0.0,0.034171836184603774,0.0,0.0,0.0,0.0,0.0,0.004876448292634404,0.0,0.0,0.0,0.14247567176210632,0.0,0.03826573757188657,0.0,0.09146101331832453,0.0,0.0,,0.0,,0.0,,0.0,,0.0,,0.0,,0.0,,0.0,,0.0,,,,,,,,,,,,,,,,,,,,,,0,0,44,1
1,region_01,2023-07-15,,,,,,,,,,,,,,,0.0,0.0,,,,,,,,,,,,,,,,,,,,,,,,,0.0,0.0,,,,,,,,,,,,,0.0,0.0,0.0,0.0,0.0,0.0,0.0,0.0,0.0,0.0,0.0,,,,0.0,0.0,0.0,0.0,0.0,0.0,0.0,0.0,0.0,0.0,0.0,0.0,0.0,0.0,0.007152954876726965,0.0,0.004895035011161629,0.0,0.006379837490385375,0.0,0.09633950734048521,0.0,0.0,,0.025573446502676185,0.0,0.006010860806175795,0.0,0.010078800609335277,0.0,0.0,0.0,0.005909847716490405,0.0,0.07234616952688512,0.0,0.01301517972024155,0.0,0.0,0.0,0.010535264449814927,2.0,0.007015092174212114,0.0,0.0,,0.0024901012558133126,0.0,0.0,,0.0,,0.0,,0.0,,0.0,,0.0,,0.0,,0.0,,0.0,,0.0,,0.0,,0.0,,0.0,,0.0,,0.0,,0.0,,0.0,,0.0,,0.0,,0.0,,0.0,,0.0,,0.0,,0.0,,0.0,,0.0,,0.0,,0.0,,0.0,,0.0,,0.0,,0.0,,0.0,,0.0,,0.0,,0.0,,0.0,,0.0,,0.0,,0.0,,0.0,,0.0,,0.0,,,,,,,,0.0,,,,,,,,,,,,0.03658401595466594,0.0,0.12770513787257423,0.0,0.05889071162384582,0.0,0.0019499470697755244,0.0,0.0,,0.0,,0.036182997594817114,0.0,0.01714882923369391,0.0,0.1844151636275152,0.0,0.003088439320575192,0.0,0.03654632242285598,0.0,0.0,0.0,0.0,0.0,0.00895885927457125,0.0,0.012918775687770273,0.0,0.10603587764321637,0.0,0.025601108695679702,0.0,0.07596342875558854,0.0,0.0,,0.0,,0.0,,0.0,,0.0,,0.0,,0.0,,0.0,,0.0,,,,,,,,,,,,,,,,,,,,,,0,1,44,2
1,region_01,2023-07-22,,,,,,,,,,,,,,,0.0,0.0,,,,,,,,,,,,,,,,,,,,,,,,,0.0,0.0,,,,,,,,,,,,,0.0,0.0,0.0,0.0,0.0,0.0,0.0,0.0,0.0,0.0,0.0,,,,0.0,0.0,0.0,0.0,0.0,0.0,0.0,0.0,0.0,0.0,0.0,0.0,0.0,0.0,0.0,0.0,0.0,0.0,0.01275967498077075,0.0,0.08982960584883885,0.0,0.0,,0.03433956842248633,0.0,0.01202172161235159,0.0,0.020157601218670555,0.0,0.0,0.0,0.01181969543298081,0.0,0.12266536305348075,0.0,0.0260303594404831,0.0,0.0,0.0,0.021070528899629855,0.0,0.0,0.0,0.0,,0.0,0.0,0.0,,0.0,,0.0,,0.0,,0.0,,0.0,,0.0,,0.0,,0.0,,0.0,,0.0,,0.0,,0.0,,0.0,,0.0,,0.0,,0.0,,0.0,,0.0,,0.0,,0.0,,0.0,,0.0,,0.0,,0.0,,0.0,,0.0,,0.0,,0.0,,0.0,,0.0,,0.0,,0.0,,0.0,,0.0,,0.0,,0.0,,0.0,,0.0,,0.0,,0.0,,0.0,,0.0,,,,,,,,0.0,,,,,,,,,,,,0.04655319638550276,0.0,0.08591123244592118,0.0,0.07896868077417211,0.0,0.0038998941395510488,0.0,0.0,,0.0,,0.025748356109640196,0.0,0.01678101298339819,0.0,0.17395797278732059,0.0,0.0,0.0,0.038920808661108176,0.0,0.0,0.0,0.0,0.0,0.013041270256508098,0.0,0.025837551375540547,0.0,0.06959608352432643,0.0,0.012936479819472836,0.0,0.06046584419285253,0.0,0.0,,0.0,,0.0,,0.0,,0.0,,0.0,,0.0,,0.0,,0.0,,,,,,,,,,,,,,,,,,,,,,0,0,45,3
1,region_01,2023-07-29,,,,,,,,,,,,,,,0.0,0.0,,,,,,,,,,,,,,,,,,,,,,,,,0.0,0.0,,,,,,,,,,,,,0.0,0.0,0.0,0.0,0.0,0.0,0.0,0.0,0.0,0.0,0.0,,,,0.0,0.0,0.0,0.0,0.0,0.0,0.0,0.0,0.0,0.0,0.0,0.0,0.0,0.0,0.0,0.0,0.0,0.0,0.011571215528207088,0.0,0.1420546515980167,0.0,0.0,,0.02293480704010109,0.0,0.006010860806175795,0.0,0.012941999561549612,0.0,0.0,0.0,0.018153388515537473,0.0,0.12162538710321091,0.0,0.015043894947318186,0.0,0.0,0.0,0.016314858208513867,0.0,0.0,0.0,0.0,,0.007619898072741107,0.0,0.0014150823671592251,2.0,0.0,,0.0,,0.0,,0.0,,0.0,,0.0,,0.0,,0.0,,0.0,,0.0,,0.0,,0.0,,0.0,,0.0,,0.0,,0.0,,0.0,,0.0,,0.0,,0.0,,0.0,,0.0,,0.0,,0.0,,0.0,,0.0,,0.0,,0.0,,0.0,,0.0,,0.0,,0.0,,0.0,,0.0,,0.0,,0.0,,0.0,,0.0,,0.0,,0.0,,0.0,,0.0,,,,,,,,0.0,,,,,,,,,,,,0.03602234458431913,0.0,0.09855200866616602,0.0,0.08558288732451112,0.0,0.008443586567931935,0.0,0.007571470789197393,2.0,0.0,,0.03368114820885441,0.0,0.014462639042671647,0.0,0.13812991533864366,0.0,0.0,0.0,0.0235611730237022,0.0,0.007798334870962995,0.0,0.002863198952214335,0.0,0.011669069981237117,0.0,0.01818065283818377,0.0,0.056214328006517544,0.0,0.008823579844171531,0.0,0.07513253951729237,0.0,0.0,,0.0,,0.0,,0.0,,0.0,,0.0,,0.0,,0.0,,0.0,,,,,,,,,,,,,,,,,,,,,,0,2,45,4
1,region_01,2023-08-05,,,,,,,,,,,,,,,0.0,0.0,,,,,,,,,,,,,,,,,,,,,,,,,0.0,0.0,,,,,,,,,,,,,0.0,0.0,0.0,0.0,0.0,0.0,0.0,0.0,0.0,0.0,0.0,,,,0.0,0.0,0.0,0.0,0.0,0.0,0.0,0.0,0.0,0.0,0.0,0.0,0.0,0.0,0.0,0.0,0.0,0.0,0.010382756075643425,0.0,0.19427969734719455,0.0,0.0,,0.01153004565771585,0.0,0.0,0.0,0.00572639790442867,0.0,0.0,0.0,0.024487081598094138,0.0,0.12058541115294108,0.0,0.004057430454153272,0.0,0.0,0.0,0.011559187517397883,0.0,0.0,0.0,0.0,,0.015239796145482215,0.0,0.0028301647343184503,0.0,0.0,,0.0,,0.0,,0.0,,0.0,,0.0,,0.0,,0.0,,0.0,,0.0,,0.0,,0.0,,0.0,,0.0,,0.0,,0.0,,0.0,,0.0,,0.0,,0.0,,0.0,,0.0,,0.0,,0.0,,0.0,,0.0,,0.0,,0.0,,0.0,,0.0,,0.0,,0.0,,0.0,,0.0,,0.0,,0.0,,0.0,,0.0,,0.0,,0.0,,0.0,,0.0,,,,,,,,0.0,,,,,,,,,,,,0.025491492783135505,0.0,0.11119278488641086,0.0,0.09219709387485013,0.0,0.012987278996312822,0.0,0.015142941578394785,0.0,0.0,,0.04161394030806862,0.0,0.012144265101945101,0.0,0.10230185788996672,0.0,0.0,0.0,0.008201537386296228,0.0,0.01559666974192599,0.0,0.00572639790442867,0.0,0.010296869705966136,0.0,0.010523754300826992,0.0,0.04283257248870865,0.0,0.004710679868870227,0.0,0.08979923484173223,0.0,0.0,,0.0,,0.0,,0.0,,0.0,,0.0,,0.0,,0.0,,0.0,,,,,,,,,,,,,,,,,,,,,,0,0,47,5
1,region_01,2023-08-12,,,,,,,,,,,,,,,0.0,0.0,,,,,,,,,,,,,,,,,,,,,,,,,0.0,0.0,,,,,,,,,,,,,0.0,0.0,0.0,0.0,0.0,0.0,0.0,0.0,0.0,0.0,0.0,,,,0.0,0.0,0.0,0.0,0.0,0.0,0.0,0.0,0.0,0.0,0.0,0.0,0.0,0.0,0.0,0.0,0.0,0.0,0.007569897763524068,0.0,0.23786718110234284,0.0,0.0,,0.015129788735645336,0.0,0.0,0.0,0.005136754645390442,0.0,0.0,0.0,0.012243540799047069,0.0,0.11778736576803239,0.0,0.0044072349527789914,0.0,0.006327916285954388,0.0,0.00657898051690098,0.0,0.004796202956802292,0.0,0.003606441224374869,2.0,0.02498447208188876,0.0,0.002190062256843094,0.0,0.0012151124316178738,2.0,0.0,,0.0,,0.0,,0.0,,0.0,,0.0,,0.0,,0.0,,0.0,,0.0,,0.0,,0.0,,0.0,,0.0,,0.0,,0.0,,0.0,,0.0,,0.0,,0.0,,0.0,,0.0,,0.0,,0.0,,0.0,,0.0,,0.0,,0.0,,0.0,,0.0,,0.0,,0.0,,0.0,,0.0,,0.0,,0.0,,0.0,,0.0,,0.0,,0.0,,0.0,,,,,,,,0.0,,,,,,,,,,,,0.03546606905234562,0.0,0.08959236048992501,0.0,0.06680989860936953,0.0,0.016103282868069488,0.0,0.008271283966899027,0.0,0.00047821128391658,2.0,0.05540992439268748,0.0,0.006072132550972551,0.0,0.08567880969201655,0.0,0.0,0.0,0.008815713239825908,0.0,0.007798334870962995,0.0,0.003925155940072292,0.0,0.017860950885304344,0.0,0.009365243091791556,0.0,0.05042107329875309,0.0,0.010265863811873732,0.0,0.07869659742610965,0.0,0.0010327859452682435,2.0,0.0,,0.0,,0.0,,0.0,,0.0,,0.0,,0.0,,0.0,,,,,,,,,,,,,,,,,,,,,,0,4,47,6
1,region_01,2023-08-19,,,,,,,,,,,,,,,0.0,0.0,,,,,,,,,,,,,,,,,,,,,,,,,0.0,0.0,,,,,,,,,,,,,0.0,0.0,0.0,0.0,0.0,0.0,0.0,0.0,0.0,0.0,0.0,,,,0.0,0.0,0.0,0.0,0.0,0.0,0.0,0.0,0.0,0.0,0.0,0.0,0.0,0.0,0.0,0.0,0.0,0.0,0.004757039451404711,0.0,0.28145466485749115,0.0,0.0,,0.018729531813574823,0.0,0.0,0.0,0.004547111386352214,0.0,0.0,0.0,0.0,0.0,0.11498932038312369,0.0,0.004757039451404711,0.0,0.012655832571908776,0.0,0.0015987735164040779,0.0,0.009592405913604584,0.0,0.007212882448749738,0.0,0.034729148018295304,0.0,0.0015499597793677375,0.0,0.0024302248632357476,0.0,0.0,,0.0,,0.0,,0.0,,0.0,,0.0,,0.0,,0.0,,0.0,,0.0,,0.0,,0.0,,0.0,,0.0,,0.0,,0.0,,0.0,,0.0,,0.0,,0.0,,0.0,,0.0,,0.0,,0.0,,0.0,,0.0,,0.0,,0.0,,0.0,,0.0,,0.0,,0.0,,0.0,,0.0,,0.0,,0.0,,0.0,,0.0,,0.0,,0.0,,0.0,,,,,,,,0.0,,,,,,,,,,,,0.04544064532155572,0.0,0.06799193609343916,0.0,0.041422703343888936,0.0,0.01921928673982615,0.0,0.0013996263554032693,0.0,0.00095642256783316,0.0,0.06920590847730633,0.0,0.0,0.0,0.06905576149406636,0.0,0.0,0.0,0.009429889093355591,0.0,0.0,0.0,0.0021239139757159133,0.0,0.02542503206464255,0.0,0.008206731882756118,0.0,0.05800957410879752,0.0,0.015821047754877235,0.0,0.06759396001048706,0.0,0.002065571890536487,0.0,0.0,,0.0,,0.0,,0.0,,0.0,,0.0,,0.0,,0.0,,,,,,,,,,,,,,,,,,,,,,0,0,51,7
1,region_01,2023-08-26,,,,,,,,,,,,,,,0.0,0.0,,,,,,,,,,,,,,,,,,,,,,,,,0.0,0.0,,,,,,,,,,,,,0.0,0.0,0.0,0.0,0.0,0.0,0.0,0.0,0.0,0.0,0.0,,,,0.0,0.0,0.0,0.0,0.0,0.0,0.0,0.0,0.0,0.0,0.0,0.0,0.0,0.0,0.0,0.0,0.0,0.0,0.005993454140534459,0.0,0.26212408462728276,0.0,0.0,,0.016010230752203005,0.0,0.0,0.0,0.0032452414014178268,0.0,0.0,0.0,0.0,0.0,0.1260686003229612,0.0,0.010540238527608041,0.0,0.013971757662313178,0.0,0.013424300274345977,0.0,0.0167531882723172,0.0,0.0046002106987129915,0.0,0.036422899718076066,0.0,0.0024649371421435356,0.0,0.0035408551588521023,0.0,0.0,,0.0,,0.0,,0.0,,0.0,,0.0,,0.0,,0.0,,0.0,,0.0,,0.0,,0.0,,0.0,,0.0,,0.0,,0.0,,0.0,,0.0,,0.0,,0.0,,0.0,,0.0,,0.0,,0.0,,0.0,,0.0,,0.0,,0.0,,0.0,,0.0,,0.0,,0.0,,0.0,,0.0,,0.0,,0.0,,0.0,,0.0,,0.0,,0.0,,0.0,,,,,,,,0.0,,,,,,,,,,,,0.04150210000790543,0.0,0.0663599226056881,0.0,0.04368073388682178,0.0,0.020417522059546528,0.0,0.01617452095583092,0.0,0.00047821128391658,0.0,0.0700082028077708,0.0,0.004084038030770069,0.0,0.05949947023449309,0.0,0.0006862316565173922,0.0,0.008584669218758511,0.0,0.0,0.0,0.0010619569878579566,0.0,0.015278882266287663,0.0,0.004920090350675558,0.0,0.044700705511642666,0.0,0.020688458928694354,0.0,0.062116711815270204,0.0,0.0010327859452682435,0.0,0.0,,0.0,,0.0,,0.0,,0.0,,0.0,,0.0,,0.0,,,,,,,,,,,,,,,,,,,,,,0,0,51,8
1,region_01,2023-09-02,,,,,,,,,,,,,,,0.0,0.0,,,,,,,,,,,,,,,,,,,,,,,,,0.0,0.0,,,,,,,,,,,,,0.0,0.0,0.0,0.0,0.0,0.0,0.0,0.0,0.0,0.0,0.0,,,,0.0,0.0,0.0,0.0,0.0,0.0,0.0,0.0,0.0,0.0,0.0,0.0,0.0,0.0,0.0,0.0,0.0,0.0,0.007229868829664207,0.0,0.24279350439707434,0.0,0.0,,0.013290929690831187,0.0,0.0,0.0,0.00194337141648344,0.0,0.0,0.0,0.0,0.0,0.1371478802627987,0.0,0.016323437603811372,0.0,0.015287682752717581,0.0,0.025249827032287873,0.0,0.023913970631029815,0.0,0.0019875389486762453,0.0,0.03811665141785683,0.0,0.0033799145049193337,0.0,0.004651485454468457,0.0,0.0,,0.0,,0.0,,0.0,,0.0,,0.0,,0.0,,0.0,,0.0,,0.0,,0.0,,0.0,,0.0,,0.0,,0.0,,0.0,,0.0,,0.0,,0.0,,0.0,,0.0,,0.0,,0.0,,0.0,,0.0,,0.0,,0.0,,0.0,,0.0,,0.0,,0.0,,0.0,,0.0,,0.0,,0.0,,0.0,,0.0,,0.0,,0.0,,0.0,,0.0,,,,,,,,0.0,,,,,,,,,,,,0.037563554694255145,0.0,0.06472790911793705,0.0,0.045938764429754635,0.0,0.021615757379266905,0.0,0.03094941555625857,0.0,0.0,0.0,0.07081049713823527,0.0,0.008168076061540137,0.0,0.04994317897491981,0.0,0.0013724633130347845,0.0,0.007739449344161431,0.0,0.0,0.0,0.0,0.0,0.005132732467932778,0.0,0.0016334488185949976,0.0,0.03139183691448782,0.0,0.025555870102511473,0.0,0.05663946362005335,0.0,0.0,0.0,0.0,,0.0,,0.0,,0.0,,0.0,,0.0,,0.0,,0.0,,,,,,,,,,,,,,,,,,,,,,0,0,51,9
1,region_01,2023-09-09,,,,,,,,,,,,,,,0.0,0.0,,,,,,,,,,,,,,,,,,,,,,,,,0.0,0.0,,,,,,,,,,,,,0.0,0.0,0.0,0.0,0.0,0.0,0.0,0.0,0.0,0.0,0.0,,,,0.0,0.0,0.0,0.0,0.0,0.0,0.0,0.0,0.0,0.0,0.0,0.0,0.0,0.0,0.0,0.0,0.0,0.0,0.007554224612440565,0.0,0.2609600624126015,0.0,0.0,,0.00891556717699972,0.0,0.0,0.0,0.0041709151960946465,0.0,0.0,0.0,0.0007008883932774489,0.0,0.13302604152322414,0.0,0.015440478490552613,0.0,0.027126663055554612,0.0,0.027069331266176964,0.0,0.01576902743339571,0.0,0.006344497549104117,0.0,0.06023261674933808,0.0,0.0026014323008157524,0.0,0.006757892646072836,0.0,0.0,,0.0,,0.0,,0.0,,0.0,,0.0,,0.0,,0.0,,0.0,,0.0,,0.0,,0.0,,0.0,,0.0,,0.0,,0.0,,0.0,,0.0,,0.0,,0.0,,0.0,,0.0,,0.0,,0.0,,0.0,,0.0,,0.0,,0.0,,0.0,,0.0,,0.0,,0.0,,0.0,,0.0,,0.0,,0.0,,0.0,,0.0,,0.0,,0.0,,0.0,,,,,,,,0.0,,,,,,,,,,,,0.030448935759451297,0.0,0.05945717916739254,0.0,0.03813573962848892,0.0,0.03529173809871342,0.0,0.029561591049331,0.0,0.0,0.0,0.06336098800314639,0.0,0.004084038030770069,0.0,0.03139318713019927,0.0,0.0006862316565173922,0.0,0.008214489631401794,0.0,0.0,0.0,0.0005034160567447296,0.0,0.002566366233966389,0.0,0.014223574679885762,0.0,0.02911188980479805,0.0,0.013563046837225513,0.0,0.055528567881897195,0.0,0.0,0.0,0.0,,0.0,,0.0,,0.0,,0.0,,0.0,,0.0,,0.0,,,,,,,,,,,,,,,,,,,,,,0,0,51,10
1,region_01,2023-09-16,,,,,,,,,,,,,,,0.0,0.0,,,,,,,,,,,,,,,,,,,,,,,,,0.0,0.0,,,,,,,,,,,,,0.0,0.0,0.0,0.0,0.0,0.0,0.0,0.0,0.0,0.0,0.0,,,,0.0,0.0,0.0,0.0,0.0,0.0,0.0,0.0,0.0,0.0,0.0,0.0,0.0,0.0,0.0,0.0,0.0,0.0,0.007878580395216923,0.0,0.27912662042812864,0.0,0.0,,0.004540204663168252,0.0,0.0,0.0,0.006398458975705854,0.0,0.0,0.0,0.0014017767865548978,0.0,0.12890420278364959,0.0,0.014557519377293856,0.0,0.038965643358391644,0.0,0.028888835500066053,0.0,0.007624084235761604,0.0,0.01070145614953199,0.0,0.08234858208081934,0.0,0.0018229500967121715,0.0,0.008864299837677215,0.0,0.0,,0.0,,0.0,,0.0,,0.0,,0.0,,0.0,,0.0,,0.0,,0.0,,0.0,,0.0,,0.0,,0.0,,0.0,,0.0,,0.0,,0.0,,0.0,,0.0,,0.0,,0.0,,0.0,,0.0,,0.0,,0.0,,0.0,,0.0,,0.0,,0.0,,0.0,,0.0,,0.0,,0.0,,0.0,,0.0,,0.0,,0.0,,0.0,,0.0,,0.0,,,,,,,,0.0,,,,,,,,,,,,0.023334316824647452,0.0,0.05418644921684803,0.0,0.030332714827223214,0.0,0.048967718818159936,0.0,0.028173766542403427,0.0,0.0,0.0,0.05591147886805752,0.0,0.0,0.0,0.012843195285478726,0.0,0.0,0.0,0.008689529918642155,0.0,0.0,0.0,0.0010068321134894592,0.0,0.0,0.0,0.026813700541176523,0.0,0.026831942695108277,0.0,0.0015702235719395555,0.0,0.05441767214374104,0.0,0.0,0.0,0.0,,0.0,,0.0,,0.0,,0.0,,0.0,,0.0,,0.0,,,,,,,,,,,,,,,,,,,,,,0,0,51,11
1,region_01,2023-09-23,,,,,,,,,,,,,,,0.0,0.0,,,,,,,,,,,,,,,,,,,,,,,,,0.0,0.0,,,,,,,,,,,,,0.0,0.0,0.0,0.0,0.0,0.0,0.0,0.0,0.0,0.0,0.0,,,,0.0,0.0,0.0,0.0,0.0,0.0,0.0,0.0,0.0,0.0,0.0,0.0,0.0,0.0,0.0,0.0,0.0,0.0,0.0052321312076701945,0.0,0.2752136497287745,0.0,0.004781878737144542,2.0,0.0038162678476209933,0.0,0.0,0.0,0.003199229487852927,0.0,0.0,0.0,0.0007008883932774489,0.0,0.12396902623674957,0.0,0.009143454727596582,0.0,0.028901899708194893,0.0,0.02566469302284318,0.0,0.008017321007698332,0.0,0.018626465472485233,0.0,0.09310475511769625,0.0,0.006792641621792548,0.0,0.007952087608698179,0.0,0.0036521340811215964,2.0,0.0,,0.0,,0.0,,0.0,,0.0,,0.0,,0.0,,0.0,,0.0,,0.0,,0.0,,0.0,,0.0,,0.0,,0.0,,0.0,,0.0,,0.0,,0.0,,0.0,,0.0,,0.0,,0.0,,0.0,,0.0,,0.0,,0.0,,0.0,,0.0,,0.0,,0.0,,0.0,,0.0,,0.0,,0.0,,0.0,,0.0,,0.0,,0.0,,0.0,,,,,,,,0.0,,,,,,,,,,,,0.02930680614842951,0.0,0.05835970906131202,0.0,0.02245197720711467,0.0,0.03443248777888537,0.0,0.020552435082796985,0.0,0.0,0.0,0.0666945250117006,0.0,0.0,0.0,0.009521875395852999,0.0,0.0,0.0,0.005742237283303895,0.0,0.0,0.0,0.0005034160567447296,0.0,0.003208896591934501,0.0,0.014442431636476526,0.0,0.03066279269763142,0.0,0.01055531553594386,0.0,0.06953448630010337,0.0,0.0,0.0,0.0,,0.0,,0.0,,0.0,,0.0,,0.0,,0.0,,0.0,,,,,,,,,,,,,,,,,,,,,,0,2,51,12
1,region_01,2023-09-30,,,,,,,,,,,,,,,0.0,0.0,,,,,,,,,,,,,,,,,,,,,,,,,0.0,0.0,,,,,,,,,,,,,0.0,0.0,0.0,0.0,0.0,0.0,0.0,0.0,0.0,0.0,0.0,,,,0.0,0.0,0.0,0.0,0.0,0.0,0.0,0.0,0.0,0.0,0.0,0.0,0.0,0.0,0.0,0.0,0.0,0.0,0.0025856820201234664,0.0,0.27130067902942034,0.0,0.009563757474289085,0.0,0.003092331032073735,0.0,0.0,0.0,0.0,0.0,0.0,0.0,0.0,0.0,0.11903384968984955,0.0,0.0037293900778993115,0.0,0.018838156057998146,0.0,0.022440550545620313,0.0,0.008410557779635059,0.0,0.02655147479543847,0.0,0.10386092815457316,0.0,0.011762333146872925,0.0,0.007039875379719144,0.0,0.007304268162243193,0.0,0.0,,0.0,,0.0,,0.0,,0.0,,0.0,,0.0,,0.0,,0.0,,0.0,,0.0,,0.0,,0.0,,0.0,,0.0,,0.0,,0.0,,0.0,,0.0,,0.0,,0.0,,0.0,,0.0,,0.0,,0.0,,0.0,,0.0,,0.0,,0.0,,0.0,,0.0,,0.0,,0.0,,0.0,,0.0,,0.0,,0.0,,0.0,,0.0,,0.0,,,,,,,,0.0,,,,,,,,,,,,0.035279295472211564,0.0,0.062532968905776,0.0,0.014571239587006126,0.0,0.019897256739610802,0.0,0.012931103623190547,0.0,0.0,0.0,0.07747757115534369,0.0,0.0,0.0,0.00620055550622727,0.0,0.0,0.0,0.0027949446479656357,0.0,0.0,0.0,0.0,0.0,0.006417793183869002,0.0,0.002071162731776528,0.0,0.03449364270015456,0.0,0.019540407499948162,0.0,0.0846513004564657,0.0,0.0,0.0,0.0,,0.0,,0.0,,0.0,,0.0,,0.0,,0.0,,0.0,,,,,,,,,,,,,,,,,,,,,,0,0,53,13
1,region_01,2023-10-07,,,,,,,,,,,,,,,0.0,0.0,,,,,,,,,,,,,,,,,,,,,,,,,0.0,0.0,,,,,,,,,,,,,0.0,0.0,0.0020819269120693,0.0,0.0,0.0,0.0,0.0,0.0,0.0,0.0007020465123875744,2.0,,,0.0,0.0,0.0,0.0,0.0,0.0,0.0,0.0,0.0,0.0,0.0,0.0,0.0,0.0,0.0,0.0,0.0,0.0,0.0041046276123129395,0.0,0.24323584026309472,0.0,0.009640037106644121,0.0,0.0025693754844301553,0.0,0.0,0.0,0.003875938737543186,0.0,0.0,0.0,0.0,0.0,0.13308677096270508,0.0,0.003270588340075245,0.0,0.012885573258595587,0.0,0.019681693180304292,0.0,0.01185080104539473,0.0,0.039017501017632204,0.0,0.17287038832591384,0.0,0.013118263034682137,0.0,0.008259168144182386,0.0,0.009216837278317331,0.0,0.0013050782697973512,1.0,0.0,,0.0,,0.0,,0.0,,0.0,,0.0,,0.0,,0.0,,0.0,,0.0,,0.0,,0.0,,0.0,,0.0,,0.0,,0.0,,0.0,,0.0,,0.0,,0.0,,0.0,,0.0,,0.0,,0.0,,0.0,,0.0,,0.0,,0.0,,0.0,,0.0,,0.0,,0.0,,0.0,,0.0,,0.0,,0.0,,0.0,,0.0,,0.0,,,,,,,,0.0,,,,,,,,,,,,0.024020887278577267,0.0,0.04734189724003023,0.0,0.013221816188920803,0.0,0.02815676590578331,0.0,0.012612249604751156,0.0,0.0,0.0,0.05805596908820522,0.0,0.0,0.0,0.009891101433240559,0.0,0.0,0.0,0.002018981205765106,0.0,0.0,0.0,0.0,0.0,0.007400869001486886,0.0,0.0023088284583734848,0.0,0.024158546189170682,0.0,0.011148669759269468,0.0,0.059443384561467,0.0,0.0,0.0,0.0,,0.0,,0.0,,0.0,,0.0,,0.0,,0.0,,0.0,,,,,,,,,,,,,,,,,,,,,,1,1,53,0
1,region_01,2023-10-14,,,,,,,,,,,,,,,0.0,0.0,,,,,,,,,,,,,,,,,,,,,,,,,0.0,0.0,,,,,,,,,,,,,0.0,0.0,0.0041638538241386,0.0,0.0,0.0,0.0,0.0,0.0,0.0,0.0014040930247751489,0.0,,,0.0,0.0,0.0,0.0,0.0,0.0,0.0,0.0,0.0,0.0,0.0,0.0,0.0,0.0,0.0,0.0,0.0,0.0,0.005623573204502412,0.0,0.2151710014967691,0.0,0.009716316738999156,0.0,0.002046419936786576,0.0,0.0,0.0,0.007751877475086372,0.0,0.0,0.0,0.0,0.0,0.14713969223556062,0.0,0.0028117866022511783,0.0,0.006932990459193029,0.0,0.016922835814988275,0.0,0.015291044311154403,0.0,0.05148352723982594,0.0,0.24187984849725447,0.0,0.01447419292249135,0.0,0.009478460908645629,0.0,0.01112940639439147,0.0,0.0026101565395947024,0.0,0.0,,0.0,,0.0,,0.0,,0.0,,0.0,,0.0,,0.0,,0.0,,0.0,,0.0,,0.0,,0.0,,0.0,,0.0,,0.0,,0.0,,0.0,,0.0,,0.0,,0.0,,0.0,,0.0,,0.0,,0.0,,0.0,,0.0,,0.0,,0.0,,0.0,,0.0,,0.0,,0.0,,0.0,,0.0,,0.0,,0.0,,0.0,,0.0,,,,,,,,0.0,,,,,,,,,,,,0.01276247908494297,0.0,0.03215082557428446,0.0,0.011872392790835483,0.0,0.03641627507195582,0.0,0.012293395586311765,0.0,0.0,0.0,0.038634367021066755,0.0,0.0,0.0,0.013581647360253848,0.0,0.0,0.0,0.0012430177635645763,0.0,0.0,0.0,0.0,0.0,0.00838394481910477,0.0,0.0025464941849704416,0.0,0.013823449678186809,0.0,0.0027569320185907736,0.0,0.034235468666468295,0.0,0.0,0.0,0.0,,0.0,,0.0,,0.0,,0.0,,0.0,,0.0,,0.0,,,,,,,,,,,,,,,,,,,,,,0,0,55,1
1,region_01,2023-10-21,,,,,,,,,,,,,,,0.0,0.0,,,,,,,,,,,,,,,,,,,,,,,,,0.0,0.0,,,,,,,,,,,,,0.0,0.0,0.0020819269120693,0.0,0.0,0.0,0.0,0.0,0.0,0.0,0.0007020465123875744,0.0,,,0.0,0.0,0.0,0.0,0.0,0.0,0.0,0.0,0.0,0.0,0.0,0.0,0.0,0.0,0.0,0.0,0.0,0.0,0.002811786602251206,0.0,0.19957494531713776,0.0,0.005731064166052607,0.0,0.012012138436882331,0.0,0.0,0.0,0.003875938737543186,0.0,0.0,0.0,0.0,0.0,0.11416453902764323,0.0,0.0014058933011255892,0.0,0.010879399637425537,0.0,0.01640248734100514,0.0,0.009732462365708058,0.0,0.0446666095476486,0.0,0.3072891969765935,0.0,0.01967298210723998,0.0,0.018725365583117437,0.0,0.02027896001208114,0.0,0.006314042650046706,0.0,0.0,,0.0,,0.0,,0.0,,0.0,,0.0,,0.0,,0.0,,0.0,,0.0,,0.0,,0.0,,0.0,,0.0,,0.0,,0.0,,0.0,,0.0,,0.0,,0.0,,0.0,,0.0,,0.0,,0.0,,0.0,,0.0,,0.0,,0.0,,0.0,,0.0,,0.0,,0.0,,0.0,,0.0,,0.0,,0.0,,0.0,,0.0,,0.0,,,,,,,,0.0,,,,,,,,,,,,0.018875552641506865,0.0,0.018394512794795537,0.0,0.014410546916168087,0.0,0.025429091295692485,0.0,0.012583829837328725,0.0,0.0,0.0,0.030327638841594298,0.0,0.0,0.0,0.018339624710091096,0.0,0.0015977340305901183,0.0,0.0006215088817822881,0.0,0.0,0.0,0.0,0.0,0.008867451975594739,0.0,0.0012732470924852208,0.0,0.014815441797607451,0.0,0.0013784660092953868,0.0,0.03320665938539574,0.0,0.0,0.0,0.0,,0.0,,0.0,,0.0,,0.0,,0.0,,0.0,,0.0,,,,,,,,,,,,,,,,,,,,,,0,0,55,2
1,region_01,2023-10-28,,,,,,,,,,,,,,,0.0,0.0,,,,,,,,,,,,,,,,,,,,,,,,,0.0,0.0,,,,,,,,,,,,,0.0,0.0,0.0,0.0,0.0,0.0,0.0,0.0,0.0,0.0,0.0,0.0,,,0.0,0.0,0.0,0.0,0.0,0.0,0.0,0.0,0.0,0.0,0.0,0.0,0.0,0.0,0.0,0.0,0.0,0.0,0.0,0.0,0.18397888913750646,0.0,0.0017458115931060579,0.0,0.021977856936978086,0.0,0.0,0.0,0.0,0.0,0.0,0.0,0.0,0.0,0.08118938581972583,0.0,0.0,0.0,0.014825808815658044,0.0,0.015882138867022007,0.0,0.004173880420261712,0.0,0.03784969185547127,0.0,0.3726985454559326,0.0,0.024871771291988608,0.0,0.02797227025758925,0.0,0.029428513629770812,0.0,0.01001792876049871,0.0,0.0,,0.0,,0.0,,0.0,,0.0,,0.0,,0.0,,0.0,,0.0,,0.0,,0.0,,0.0,,0.0,,0.0,,0.0,,0.0,,0.0,,0.0,,0.0,,0.0,,0.0,,0.0,,0.0,,0.0,,0.0,,0.0,,0.0,,0.0,,0.0,,0.0,,0.0,,0.0,,0.0,,0.0,,0.0,,0.0,,0.0,,0.0,,0.0,,,,,,,,0.0,,,,,,,,,,,,0.024988626198070758,0.0,0.004638200015306612,0.0,0.016948701041500692,0.0,0.014441907519429146,0.0,0.012874264088345685,0.0,0.0,0.0,0.022020910662121845,0.0,0.0,0.0,0.023097602059928342,0.0,0.0031954680611802366,0.0,0.0,0.0,0.0,0.0,0.0,0.0,0.009350959132084708,0.0,0.0,0.0,0.015807433917028095,0.0,0.0,0.0,0.0321778501043232,0.0,0.0,0.0,0.0,,0.0,,0.0,,0.0,,0.0,,0.0,,0.0,,0.0,,,,,,,,,,,,,,,,,,,,,,0,0,55,3
1,region_01,2023-11-04,,,,,,,,,,,,,,,0.0,0.0,,,,,,,,,,,,,,,,,,,,,,,,,0.0,0.0,,,,,,,,,,,,,0.0,0.0,0.0,0.0,0.0,0.0,0.0,0.0,0.0,0.0,0.0022788039845181387,0.0,,,0.0,0.0,0.0,0.0,0.0,0.0,0.0,0.0,0.0,0.0,0.0,0.0,0.0,0.0,0.0,0.0,0.0,0.0,0.00690356353297827,0.0,0.1997984370216727,0.0,0.008100785745467059,0.0,0.023083496743404243,0.0,0.0,0.0,0.0,0.0,0.0,0.0,0.0,0.0,0.08779114862363831,0.0,0.002903118077665544,0.0,0.015389742539264218,0.0,0.011813780039594258,0.0,0.002086940210130856,0.0,0.04650564652702115,0.0,0.3180832933634519,0.0,0.039220048847222064,0.0,0.02198834821479618,0.0,0.025482160540967677,0.0,0.02472608275711531,0.0,0.0,,0.0,,0.0,,0.0,,0.0,,0.0,,0.0,,0.0,,0.0,,0.0,,0.0,,0.0,,0.0,,0.0,,0.0,,0.0,,0.0,,0.0,,0.0,,0.0,,0.0,,0.0,,0.0,,0.0,,0.0,,0.0,,0.0,,0.0,,0.0,,0.0,,0.0,,0.0,,0.0,,0.0,,0.0,,0.0,,0.0,,0.0,,0.0,,,,,,,,0.0,,,,,,,,,,,,0.015558892994034398,0.0,0.002319100007653306,0.0,0.0128043303653745,0.0,0.0120958572297595,0.0,0.012475129702304463,0.0,0.0,0.0,0.022138252053636922,0.0,0.0,0.0,0.014695341642179324,0.0,0.0015977340305901183,0.0,0.0,0.0,0.0,0.0,0.0,0.0,0.012882103300482985,0.0,0.0038727106060832553,0.0,0.030176386482468422,0.0,0.0,0.0,0.027998081531103013,0.0,0.0,0.0,0.0,,0.0,,0.0,,0.0,,0.0,,0.0,,0.0,,0.0,,,,,,,,,,,,,,,,,,,,,,0,0,55,4
1,region_01,2023-11-11,,,,,,,,,,,,,,,0.0,0.0,,,,,,,,,,,,,,,,,,,,,,,,,0.0,0.0,,,,,,,,,,,,,0.0,0.0,0.0,0.0,0.0,0.0,0.0,0.0,0.0,0.0,0.004557607969036277,0.0,,,0.0,0.0,0.0,0.0,0.0,0.0,0.0,0.0,0.0,0.0,0.0,0.0,0.0,0.0,0.0,0.0,0.0,0.0,0.01380712706595654,0.0,0.21561798490583892,0.0,0.014455759897828059,0.0,0.0241891365498304,0.0,0.0,0.0,0.0,0.0,0.0,0.0,0.0,0.0,0.09439291142755078,0.0,0.005806236155331088,0.0,0.015953676262870392,0.0,0.007745421212166511,0.0,0.0,0.0,0.05516160119857103,0.0,0.26346804127097123,0.0,0.05356832640245551,0.0,0.016004426172003112,0.0,0.02153580745216454,0.0,0.03943423675373191,0.0,0.0,,0.0,,0.0,,0.0,,0.0,,0.0,,0.0,,0.0,,0.0,,0.0,,0.0,,0.0,,0.0,,0.0,,0.0,,0.0,,0.0,,0.0,,0.0,,0.0,,0.0,,0.0,,0.0,,0.0,,0.0,,0.0,,0.0,,0.0,,0.0,,0.0,,0.0,,0.0,,0.0,,0.0,,0.0,,0.0,,0.0,,0.0,,0.0,,,,,,,,0.0,,,,,,,,,,,,0.006129159789998038,0.0,0.0,0.0,0.008659959689248308,0.0,0.009749806940089853,0.0,0.012075995316263239,0.0,0.0,0.0,0.022255593445152,0.0,0.0,0.0,0.006293081224430305,0.0,0.0,0.0,0.0,0.0,0.0,0.0,0.0,0.0,0.016413247468881263,0.0,0.007745421212166511,0.0,0.04454533904790875,0.0,0.0,0.0,0.02381831295788283,0.0,0.0,0.0,0.0,,0.0,,0.0,,0.0,,0.0,,0.0,,0.0,,0.0,,,,,,,,,,,,,,,,,,,,,,0,0,55,5
1,region_01,2023-11-18,,,,,,,,,,,,,,,0.0,0.0,,,,,,,,,,,,,,,,,,,,,,,,,0.0,0.0,,,,,,,,,,,,,0.0,0.0,0.0,0.0,0.0,0.0,0.0,0.0,0.0,0.0,0.01626688260413427,0.0,,,0.0,0.0,0.0,0.0,0.0,0.0,0.0,0.0,0.0,0.0,0.0,0.0,0.0,0.0,0.0,0.0,0.0,0.0,0.00690356353297827,0.0,0.17862374173897885,0.0,0.008609339983913215,0.0,0.012964797903520899,0.0,0.0,0.0,0.0,0.0,0.0,0.0,0.0,0.0,0.07626581709418026,0.0,0.002903118077665544,0.0,0.02331674693044844,0.0,0.0038727106060832553,0.0,0.0028199285316543423,0.0,0.0624315374723029,0.0,0.30909777395427224,0.0,0.05928749657379315,0.0,0.017041264343648537,0.0,0.024585648389974894,0.0,0.0780361376738605,0.0,0.0,,0.0,,0.0,,0.0,,0.0,,0.0,,0.0,,0.0,,0.0,,0.0,,0.0,,0.0,,0.0,,0.0,,0.0,,0.0,,0.0,,0.0,,0.0,,0.0,,0.0,,0.0,,0.0,,0.0,,0.0,,0.0,,0.0,,0.0,,0.0,,0.0,,0.0,,0.0,,0.0,,0.0,,0.0,,0.0,,0.0,,0.0,,0.0,,,,,,,,0.0,,,,,,,,,,,,0.008195846165882564,0.0,0.002306253786604731,0.0,0.005200209473229853,0.0,0.009309725179366759,0.0,0.006037997658131619,0.0,0.0,0.0,0.019593433065053317,0.0,0.0034530887367307094,0.0,0.004416224585293043,0.0,0.0,0.0,0.0,0.0,0.0,0.0,0.0,0.0,0.008775586338910724,0.0,0.0038727106060832553,0.0,0.034277288606151514,0.0,0.0,0.0,0.015758000447964007,0.0,0.0,0.0,0.0,,0.0,,0.0,,0.0,,0.0,,0.0,,0.0,,0.0,,,,,,,,,,,,,,,,,,,,,,0,0,55,6
1,region_01,2023-11-25,,,,,,,,,,,,,,,0.0,0.0,,,,,,,,,,,,,,,,,,,,,,,,,0.0,0.0,,,,,,,,,,,,,0.0,0.0,0.0,0.0,0.0,0.0,0.0,0.0,0.0,0.0,0.027976157239232264,0.0,,,0.0,0.0,0.0,0.0,0.0,0.0,0.0,0.0,0.0,0.0,0.0,0.0,0.0,0.0,0.0,0.0,0.0,0.0,0.0,0.0,0.1416294985721188,0.0,0.002762920069998371,0.0,0.0017404592572113976,0.0,0.0,0.0,0.0,0.0,0.0,0.0,0.0,0.0,0.05813872276080975,0.0,0.0,0.0,0.030679817598026488,0.0,0.0,0.0,0.0056398570633086845,0.0,0.06970147374603478,0.0,0.35472750663757324,0.0,0.06500666674513078,0.0,0.018078102515293962,0.0,0.02763548932778525,0.0,0.11663803859398911,0.0,0.0,,0.0,,0.0,,0.0,,0.0,,0.0,,0.0,,0.0,,0.0,,0.0,,0.0,,0.0,,0.0,,0.0,,0.0,,0.0,,0.0,,0.0,,0.0,,0.0,,0.0,,0.0,,0.0,,0.0,,0.0,,0.0,,0.0,,0.0,,0.0,,0.0,,0.0,,0.0,,0.0,,0.0,,0.0,,0.0,,0.0,,0.0,,0.0,,,,,,,,0.0,,,,,,,,,,,,0.010262532541767093,0.0,0.004612507573209462,0.0,0.0017404592572113976,0.0,0.008869643418643667,0.0,0.0,0.0,0.0,0.0,0.016931272684954635,0.0,0.006906177473461419,0.0,0.002539367946155781,0.0,0.0,0.0,0.0,0.0,0.0,0.0,0.0,0.0,0.0011379252089401847,0.0,0.0,0.0,0.02400923816439428,0.0,0.0,0.0,0.007697687938045184,0.0,0.0,0.0,0.0,,0.0,,0.0,,0.0,,0.0,,0.0,,0.0,,0.0,,,,,,,,,,,,,,,,,,,,,,0,0,55,7
1,region_01,2023-12-02,,,,,,,,,,,,,,,0.0,0.0,,,,,,,,,,,,,,,,,,,,,,,,,0.0,0.0,,,,,,,,,,,,,0.0,0.0,0.0,0.0,0.0,0.0,0.0,0.0,0.0,0.0,0.016912507137105164,0.0,,,0.0,0.0,0.0,0.0,0.0,0.0,0.0,0.0,0.0,0.0,0.0,0.0,0.0,0.0,0.0,0.0,0.0,0.0,0.00030053826464736906,0.0,0.13369411577580753,0.0,0.006229506753458541,0.0,0.001725841339365829,0.0,0.0,0.0,0.0,0.0,0.0,0.0,0.0,0.0,0.04270455415758207,0.0,0.003217840291510654,0.0,0.022041593043431444,0.0,0.0023576636081806316,0.0,0.003043163084142213,0.0,0.08614293837712866,0.0,0.3325316549131745,0.0,0.07207560062649757,0.0,0.01398732186283776,0.0,0.029289830050603333,0.0,0.1624430887122288,0.0,0.0,,0.0,,0.0,,0.0,,0.0,,0.0,,0.0,,0.0,,0.0,,0.0,,0.0,,0.0,,0.0,,0.0,,0.0,,0.0,,0.0,,0.0,,0.0,,0.0,,0.0,,0.0,,0.0,,0.0,,0.0,,0.0,,0.0,,0.0,,0.0,,0.0,,0.0,,0.0,,0.0,,0.0,,0.0,,0.0,,0.0,,0.0,,0.0,,,,,,,,0.0,,,,,,,,,,,,0.006090136005503219,0.0,0.006944658966356643,0.0,0.0016524106387467393,0.0,0.006147055526992303,0.0,0.00037768381987818815,0.0,0.0003170703328743523,0.0,0.016141814282465573,0.0,0.0034530887367307094,0.0,0.0035249634918152746,0.0,0.0,0.0,0.0,0.0,0.0,0.0,0.0,0.0,0.0030027478395443213,0.0,0.0007931650042017662,0.0,0.019993387258519825,0.0,0.0,0.0,0.004799841562485967,0.0,0.0,0.0,0.0,,0.0,,0.0,,0.0,,0.0,,0.0,,0.0,,0.0,,,,,,,,,,,,,,,,,,,,,,0,0,55,8
1,region_01,2023-12-09,,,,,,,,,,,,,,,0.0,0.0,,,,,,,,,,,,,,,,,,,,,,,,,0.0,0.0,,,,,,,,,,,,,0.0,0.0,0.0,0.0,0.0,0.0,0.0,0.0,0.0,0.0,0.005848857034978065,0.0,,,0.0,0.0,0.0,0.0,0.0,0.0,0.0,0.0,0.0,0.0,0.0,0.0,0.0,0.0,0.0,0.0,0.0,0.0,0.0006010765292947381,0.0,0.12575873297949627,0.0,0.009696093436918712,0.0,0.0017112234215202605,0.0,0.0,0.0,0.0,0.0,0.0,0.0,0.0,0.0,0.02727038555435439,0.0,0.006435680583021308,0.0,0.013403368488836399,0.0,0.004715327216361263,0.0,0.00044646910497574095,0.0,0.10258440300822254,0.0,0.31033580318877574,0.0,0.07914453450786436,0.0,0.00989654121038156,0.0,0.030944170773421417,0.0,0.20824813883046844,0.0,0.0,,0.0,,0.0,,0.0,,0.0,,0.0,,0.0,,0.0,,0.0,,0.0,,0.0,,0.0,,0.0,,0.0,,0.0,,0.0,,0.0,,0.0,,0.0,,0.0,,0.0,,0.0,,0.0,,0.0,,0.0,,0.0,,0.0,,0.0,,0.0,,0.0,,0.0,,0.0,,0.0,,0.0,,0.0,,0.0,,0.0,,0.0,,0.0,,,,,,,,0.0,,,,,,,,,,,,0.001917739469239345,0.0,0.009276810359503824,0.0,0.001564362020282081,0.0,0.0034244676353409396,0.0,0.0007553676397563763,0.0,0.0006341406657487046,0.0,0.015352355879976512,0.0,0.0,0.0,0.004510559037474768,0.0,0.0,0.0,0.0,0.0,0.0,0.0,0.0,0.0,0.004867570470148457,0.0,0.0015863300084035324,0.0,0.015977536352645365,0.0,0.0,0.0,0.00190199518692675,0.0,0.0,0.0,0.0,,0.0,,0.0,,0.0,,0.0,,0.0,,0.0,,0.0,,,,,,,,,,,,,,,,,,,,,,0,0,55,9
1,region_01,2023-12-16,,,,,,,,,,,,,,,0.0,0.0,,,,,,,,,,,,,,,,,,,,,,,,,0.0,0.0,,,,,,,,,,,,,0.0,0.0,0.0021635281979494186,0.0,0.0,0.0,0.0,0.0,0.0,0.0,0.010331674788284936,0.0,,,0.0,0.0,0.0,0.0,0.0,0.0,0.0,0.0,0.0,0.0,0.0,0.0,0.0,0.0,0.0,0.0,0.0,0.0,0.0030655427814530933,0.0,0.0844970249260465,0.0,0.008351739728160864,0.0,0.0008556117107601303,0.0,0.0,0.0,0.0,0.0,0.0,0.0,0.0,0.0,0.016856458912448503,0.0,0.003217840291510654,0.0,0.010827309686980648,0.0,0.0023576636081806316,0.0,0.00022323455248787047,0.0,0.07445598336764503,0.0,0.2664674469726862,0.0,0.07204805684891358,0.0,0.010001086419617783,0.0,0.03267992305030161,0.0,0.3392355125900861,0.0,0.0,,0.0,,0.0,,0.0,,0.0,,0.001072580152789907,2.0,0.0,,0.0,,0.0,,0.00029161260948358834,2.0,0.0006733049541556349,2.0,0.0,,0.0,,0.0,,0.0,,0.0,,0.0,,0.0,,0.0,,0.0,,0.0,,0.0,,0.0,,0.0,,0.0,,0.0,,0.0,,0.0,,0.0,,0.0,,0.0,,0.0,,0.0,,0.0,,0.0,,0.0,,0.0,,0.0,,0.0,,,,,,,,0.0,,,,,,,,,,,,0.0044873663186440265,0.0,0.006511378988946813,0.0,0.0007821810101410405,0.0,0.004976548388210152,0.0,0.0006592630106363462,0.0,0.0003170703328743523,0.0,0.007957757130746413,0.0,0.0,0.0,0.0029239555704324094,0.0,0.0,0.0,0.0,0.0,0.0,0.0,0.0,0.0,0.005607869593343907,0.0,0.0007931650042017662,0.0,0.013640118838032156,0.0,0.0,0.0,0.003226864386453694,0.0,0.0,0.0,0.0,,0.0,,0.0,,0.0,,0.0,,0.0,,0.0,,0.0,,,,,,,,,,,,,,,,,,,,,,0,3,55,10
1,region_01,2023-12-23,,,,,,,,,,,,,,,0.0,0.0,,,,,,,,,,,,,,,,,,,,,,,,,0.0,0.0,,,,,,,,,,,,,0.0,0.0,0.004327056395898837,0.0,0.0,0.0,0.0,0.0,0.0,0.0,0.01481449254159181,0.0,,,0.0,0.0,0.0,0.0,0.0,0.0,0.0,0.0,0.0,0.0,0.0,0.0,0.0,0.0,0.0,0.0,0.0,0.0,0.0055300090336114485,0.0,0.0432353168725967,0.0,0.007007386019403014,0.0,0.0,0.0,0.0,0.0,0.0,0.0,0.0,0.0,0.0,0.0,0.0064425322705426195,0.0,0.0,0.0,0.008251250885124897,0.0,0.0,0.0,0.0,0.0,0.04632756372706753,0.0,0.2225990907565967,0.0,0.06495157918996278,0.0,0.010105631628854006,0.0,0.0344156753271818,0.0,0.47022288634970383,0.0,0.0,,0.0,,0.0,,0.0,,0.0,,0.002145160305579814,0.0,0.0,,0.0,,0.0,,0.0005832252189671767,0.0,0.0013466099083112699,0.0,0.0,,0.0,,0.0,,0.0,,0.0,,0.0,,0.0,,0.0,,0.0,,0.0,,0.0,,0.0,,0.0,,0.0,,0.0,,0.0,,0.0,,0.0,,0.0,,0.0,,0.0,,0.0,,0.0,,0.0,,0.0,,0.0,,0.0,,0.0,,,,,,,,0.0,,,,,,,,,,,,0.007056993168048708,0.0,0.003745947618389803,0.0,0.0,0.0,0.0065286291410793645,0.0,0.0005631583815163162,0.0,0.0,0.0,0.0005631583815163162,0.0,0.0,0.0,0.0013373521033900513,0.0,0.0,0.0,0.0,0.0,0.0,0.0,0.0,0.0,0.006348168716539357,0.0,0.0,0.0,0.011302701323418946,0.0,0.0,0.0,0.004551733585980638,0.0,0.0,0.0,0.0,,0.0,,0.0,,0.0,,0.0,,0.0,,0.0,,0.0,,,,,,,,,,,,,,,,,,,,,,0,0,58,11
1,region_01,2023-12-30,,,,,,,,,,,,,,,0.0,0.0,,,,,,,,,,,,,,,,,,,,,,,,,0.0,0.0,,,,,,,,,,,,,0.0,0.0,0.0021635281979494186,0.0,0.0,0.0,0.0,0.0,0.0,0.0,0.015358299440662283,0.0,,,0.0,0.0,0.0,0.0,0.0,0.0,0.0,0.0,0.0,0.0,0.0,0.0,0.0,0.0,0.0,0.0,0.0,0.0,0.003566725173260263,0.0,0.03626793501381241,0.0,0.006959982145914624,0.0,0.0,0.0,0.0,0.0,0.0,0.0,0.0,0.0,0.0,0.0,0.0035253192014985026,0.0,0.0,0.0,0.006621578395577775,0.0,0.0,0.0,0.0027125798256343193,0.0,0.025725307190441478,0.0,0.173469107886133,0.0,0.048876625278757635,0.0,0.005052815814427003,0.0,0.02340591496451651,0.0,0.5967231244999469,0.0,0.0,,0.0,,0.0,,0.0,,0.0,,0.0028607802565342143,0.0,0.0,,0.0007998312155351457,2.0,0.0,,0.004782821134237215,0.0,0.004815777777306067,0.0,0.0,,0.0,,0.0,,0.0,,0.0,,0.0,,0.0,,0.0,,0.0,,0.0,,0.0,,0.0,,0.0,,0.0,,0.0,,0.0,,0.0,,0.0,,0.0,,0.0,,0.0,,0.0,,0.0,,0.0,,0.0,,0.0,,0.0,,0.0,,,,,,,,0.0,,,,,,,,,,,,0.00403799842795745,0.0,0.0027854795379695864,0.0,0.0,0.0,0.00411694437644178,0.0,0.0002815791907581581,0.0,0.0,0.0,0.0002815791907581581,0.0,0.0,0.0,0.0015213058575971228,0.0,0.0,0.0,0.0,0.0,0.0,0.0,0.0,0.0,0.005241187315139813,0.0,0.0,0.0,0.006465028107080408,0.0,0.0,0.0,0.0042491836425101025,0.0,0.0,0.0,0.0,,0.0,,0.0,,0.0,,0.0,,0.0,,0.0,,0.0,,,,,,,,,,,,,,,,,,,,,,0,1,58,12
1,region_01,2024-01-06,,,,,,,,,,,,,,,0.0,0.0,,,,,,,,,,,,,,,,,,,,,,,,,0.0,0.0,,,,,,,,,,,,,0.0,0.0,0.0,0.0,0.0,0.0,0.0,0.0,0.0,0.0,0.01590210633973276,0.0,,,0.0,0.0,0.0,0.0,0.0,0.0,0.0,0.0,0.0,0.0,0.0,0.0,0.0,0.0,0.0,0.0,0.0,0.0,0.0016034413129090777,0.0,0.029300553155028115,0.0,0.006912578272426233,0.0,0.0,0.0,0.0,0.0,0.0,0.0,0.0,0.0,0.0,0.0,0.0006081061324543862,0.0,0.0,0.0,0.004991905906030653,0.0,0.0,0.0,0.0054251596512686386,0.0,0.0051230506538154225,0.0,0.12433912501566935,0.0,0.03280167136755249,0.0,0.0,0.0,0.012396154601851221,0.0,0.72322336265019,0.0,0.0,,0.0,,0.0,,0.0,,0.0,,0.003576400207488614,0.0,0.0,,0.0015996624310702914,0.0,0.0,,0.008982417049507254,0.0,0.008284945646300864,0.0,0.0,,0.0,,0.0,,0.0,,0.0,,0.0,,0.0,,0.0,,0.0,,0.0,,0.0,,0.0,,0.0,,0.0,,0.0,,0.0,,0.0,,0.0,,0.0,,0.0,,0.0,,0.0,,0.0,,0.0,,0.0,,0.0,,0.0,,0.0,,,,,,,,0.0,,,,,,,,,,,,0.0010190036878661916,0.0,0.00182501145754937,0.0,0.0,0.0,0.0017052596118041943,0.0,0.0,0.0,0.0,0.0,0.0,0.0,0.0,0.0,0.0017052596118041943,0.0,0.0,0.0,0.0,0.0,0.0,0.0,0.0,0.0,0.004134205913740269,0.0,0.0,0.0,0.0016273548907418693,0.0,0.0,0.0,0.003946633699039566,0.0,0.0,0.0,0.0,,0.0,,0.0,,0.0,,0.0,,0.0,,0.0,,0.0,,,,,,,,,,,,,,,,,,,,,,0,0,59,13
1,region_01,2024-01-13,,,,,,,,,,,,,,,0.0,0.0,,,,,,,,,,,,,,,,,,,,,,,,,0.0,0.0,,,,,,,,,,,,,0.0,0.0,0.0,0.0,0.0,0.0,0.0,0.0,0.0,0.0,0.012102313603584916,0.0,,,0.0,0.0,0.0,0.0,0.00067375016431987,0.0,0.0,0.0,0.0,0.0,0.0,0.0,0.0,0.0,0.0,0.0,0.0,0.0,0.0008017206564545389,0.0,0.027914973276682034,0.0,0.007115521595909368,0.0,0.0,0.0,0.0,0.0,0.0,0.0,0.0,0.0,0.0,0.0,0.0003040530662271931,0.0,0.0014779234241524652,0.0,0.0044330792281672745,0.0,0.0,0.0,0.0034129604322110938,0.0,0.00354000571777943,0.0,0.07539687080988804,0.0,0.022181686779691068,0.0,0.0,0.0,0.011865070287234266,0.0,0.7802208057471685,0.0,0.0,,0.0017765993663273955,2.0,0.002197086135856785,2.0,0.0021712346182715257,2.0,0.0,,0.0043088518725825,0.0,0.0,,0.003392871478116901,0.0,0.0,,0.011899786706392915,0.0,0.008543909302291722,0.0,0.0,,0.0,,0.0,,0.0,,0.0,,0.0,,0.0,,0.0,,0.0,,0.0,,0.0,,0.0,,0.0,,0.0,,0.0,,0.0,,0.0,,0.0,,0.0,,0.0,,0.0,,0.0,,0.0,,0.0,,0.0,,0.0,,0.0,,0.0,,,,,,,,0.0,,,,,,,,,,,,0.0019778714234765828,0.0,0.000912505728774685,0.0,0.0,0.0,0.0008526298059020972,0.0,0.0,0.0,0.0,0.0,0.0,0.0,0.0,0.0,0.0008526298059020972,0.0,0.0,0.0,0.0,0.0,0.0,0.0,0.0,0.0,0.0020671029568701347,0.0,0.0,0.0,0.0015065064211883688,0.0,0.0,0.0,0.001973316849519783,0.0,0.0,0.0,0.003432007173874521,2.0,0.0,,0.0,,0.0,,0.0,,0.0,,0.0,,0.0,,,,,,,,,,,,,,,,,,,,,,0,4,59,14
1,region_01,2024-01-20,,,,,,,,,,,,,,,0.0,0.0,,,,,,,,,,,,,,,,,,,,,,,,,0.0,0.0,,,,,,,,,,,,,0.0,0.0,0.0,0.0,0.0,0.0,0.0,0.0,0.0,0.0,0.008302520867437074,0.0,,,0.0,0.0,0.0,0.0,0.00134750032863974,0.0,0.0,0.0,0.0,0.0,0.0,0.0,0.0,0.0,0.0,0.0,0.0,0.0,0.0,0.0,0.02652939339833595,0.0,0.0073184649193925025,0.0,0.0,0.0,0.0,0.0,0.0,0.0,0.0,0.0,0.0,0.0,0.0,0.0,0.0029558468483049305,0.0,0.003874252550303897,0.0,0.0,0.0,0.0014007612131535486,0.0,0.001956960781743437,0.0,0.026454616604106716,0.0,0.01156170219182964,0.0,0.0,0.0,0.01133398597261731,0.0,0.8372182488441468,0.0,0.0,,0.003553198732654791,0.0,0.00439417227171357,0.0,0.0043424692365430515,0.0,0.0,,0.005041303537676386,0.0,0.0,,0.005186080525163511,0.0,0.0,,0.014817156363278577,0.0,0.00880287295828258,0.0,0.0,,0.0,,0.0,,0.0,,0.0,,0.0,,0.0,,0.0,,0.0,,0.0,,0.0,,0.0,,0.0,,0.0,,0.0,,0.0,,0.0,,0.0,,0.0,,0.0,,0.0,,0.0,,0.0,,0.0,,0.0,,0.0,,0.0,,0.0,,,,,,,,0.0,,,,,,,,,,,,0.0029367391590869743,0.0,0.0,0.0,0.0,0.0,0.0,0.0,0.0,0.0,0.0,0.0,0.0,0.0,0.0,0.0,0.0,0.0,0.0,0.0,0.0,0.0,0.0,0.0,0.0,0.0,0.0,0.0,0.0,0.0,0.0013856579516348686,0.0,0.0,0.0,0.0,0.0,0.0,0.0,0.006864014347749042,0.0,0.0,,0.0,,0.0,,0.0,,0.0,,0.0,,0.0,,,,,,,,,,,,,,,,,,,,,,0,0,63,15
1,region_01,2024-01-27,,,,,,,,,,,,,,,0.0,0.0,,,,,,,,,,,,,,,,,,,,,,,,,0.0,0.0,,,,,,,,,,,,,0.0,0.0,0.0,0.0,0.0,0.0,0.0,0.0,0.0,0.0,0.007845474189311653,0.0,,,0.0,0.0,0.0,0.0,0.00067375016431987,0.0,0.0,0.0,0.0,0.0,0.0,0.0,0.0,0.0,0.0,0.0,0.0,0.0,0.00040426887007371365,0.0,0.01668558602882623,0.0,0.005481057810330981,0.0,0.0,0.0,0.0,0.0,0.0,0.0,0.0,0.0,0.0,0.0,0.0,0.0,0.0014779234241524652,0.0,0.0019371262751519485,0.0,0.0,0.0,0.0011273299953351934,0.0,0.005099981786788813,0.0,0.021744342407352485,0.0,0.008001889623290652,0.0,0.00042694938875841915,0.0,0.009943426269952007,0.0,0.8416426371125614,0.0,0.0,,0.008796338964363186,0.0,0.010784618129643249,0.0,0.0030717154294332754,0.0,0.0,,0.006873581941951675,0.0,0.0,,0.01072684195241886,0.0,0.0,,0.02103134063072497,0.0,0.015658864316840916,0.0,0.0,,0.0,,0.0,,0.0,,0.0,,0.0,,0.0,,0.0,,0.0,,0.0,,0.0,,0.0,,0.0,,0.0,,0.0021838384813495783,2.0,0.0,,0.0,,0.0,,0.0,,0.0,,0.0,,0.0,,0.0,,0.0,,0.0,,0.0,,0.0,,0.0,,,,,,,,0.0,,,,,,,,,,,,0.0014683695795434872,0.0,0.0,0.0,0.0,0.0,0.0,0.0,0.0,0.0,0.0,0.0,0.0017266148985500222,0.0,0.0,0.0,0.0,0.0,0.0,0.0,0.0,0.0,0.0,0.0,0.0,0.0,0.0,0.0,0.0,0.0,0.0006928289758174343,0.0,0.0,0.0,0.0,0.0,0.0,0.0,0.003432007173874521,0.0,0.0,,0.0,,0.0,,0.0,,0.0,,0.0,,0.0,,,,,,,,,,,,,,,,,,,,,,0,1,63,16
1,region_01,2024-02-03,,,,,,,,,,,,,,,0.0,0.0,,,,,,,,,,,,,,,,,,,,,,,,,0.0,0.0,,,,,,,,,,,,,0.0,0.0,0.0,0.0,0.0,0.0,0.0,0.0,0.0,0.0,0.007388427511186232,0.0,,,0.0,0.0,0.0,0.0,0.0,0.0,0.0,0.0,0.0,0.0,0.0,0.0,0.0,0.0,0.0,0.0,0.0,0.0,0.0008085377401474273,0.0,0.006841778659316503,0.0,0.00364365070126946,0.0,0.0,0.0,0.0,0.0,0.0,0.0,0.0,0.0,0.0,0.0,0.0,0.0,0.0,0.0,0.0,0.0,0.0,0.0,0.0008538987775168383,0.0,0.00824300279183419,0.0,0.017034068210598254,0.0,0.0044420770547516615,0.0,0.0008538987775168383,0.0,0.008552866567286703,0.0,0.8460670253809761,0.0,0.0,,0.01403947919607158,0.0,0.017175063987572927,0.0,0.0018009616223234998,0.0,0.0,,0.008705860346226965,0.0,0.0,,0.016267603379674207,0.0,0.0,,0.027245524898171367,0.0,0.02251485567539925,0.0,0.0,,0.0,,0.0,,0.0,,0.0,,0.0,,0.0,,0.0,,0.0,,0.0,,0.0,,0.0,,0.0,,0.0,,0.0043676769626991565,0.0,0.0,,0.0,,0.0,,0.0,,0.0,,0.0,,0.0,,0.0,,0.0,,0.0,,0.0,,0.0,,0.0,,,,,,,,0.0,,,,,,,,,,,,0.0,0.0,0.0,0.0,0.0,0.0,0.0,0.0,0.0,0.0,0.0,0.0,0.0034532297971000443,0.0,0.0,0.0,0.0,0.0,0.0,0.0,0.0,0.0,0.0,0.0,0.0,0.0,0.0,0.0,0.0,0.0,0.0,0.0,0.0,0.0,0.0,0.0,0.0,0.0,0.0,0.0,0.0,,0.0,,0.0,,0.0,,0.0,,0.0,,0.0,,,,,,,,,,,,,,,,,,,,,,0,0,64,17
1,region_01,2024-02-10,,,,,,,,,,,,,,,0.0,0.0,,,,,,,,,,,,,,,,,,,,,,,,,0.0,0.0,,,,,,,,,,,,,0.0,0.0,0.0,0.0,0.0,0.0,0.0,0.0,0.0,0.0,0.004145021140506886,0.0,,,0.0,0.0,0.0,0.0,0.0,0.0,0.0,0.0,0.0,0.0,0.0,0.0,0.0,0.0,0.0,0.0,0.0,0.0,0.00040426887007371365,0.0,0.0034208893296582515,0.0,0.00182182535063473,0.0,0.0,0.0,0.0,0.0,0.0,0.0,0.0,0.0,0.0,0.0,0.0,0.0,0.0,0.0,0.0,0.0,0.0,0.0,0.00042694938875841915,0.0,0.004121501395917095,0.0,0.015726017603839893,0.0,0.004033034604243029,0.0,0.0017131894699059888,0.0,0.011297613059153196,0.0,0.8335697860730922,0.0,0.0,,0.012852727319113865,0.0,0.0197142355764905,0.0,0.0009004808111617499,0.0,0.0,,0.0077445902668666355,0.0,0.0,,0.01284827803257415,0.0,0.0,,0.03329962169130638,0.0,0.041863397322595065,0.0,0.0,,0.0,,0.0,,0.0,,0.0,,0.0,,0.0,,0.0,,0.0,,0.0009002506480707234,2.0,0.0,,0.002479968110232455,2.0,0.0,,0.0,,0.0021838384813495783,0.0,0.0,,0.0,,0.0,,0.0,,0.0,,0.0,,0.0,,0.0,,0.0,,0.0,,0.0,,0.0,,0.0,,,,,,,,0.0,,,,,,,,,,,,0.0,0.0,0.0,0.0,0.0,0.0,0.0,0.0,0.0,0.0,0.0,0.0,0.0017266148985500222,0.0,0.0,0.0,0.0,0.0,0.0,0.0,0.0,0.0,0.0,0.0,0.0,0.0,0.0009196544903510453,0.0,0.0,0.0,0.0,0.0,0.0,0.0,0.0,0.0,0.0,0.0,0.0,0.0,0.0,,0.0,,0.0,,0.0,,0.0,,0.0,,0.0,,,,,,,,,,,,,,,,,,,,,,0,2,64,18
1,region_01,2024-02-17,,,,,,,,,,,,,,,0.0,0.0,,,,,,,,,,,,,,,,,,,,,,,,,0.0,0.0,,,,,,,,,,,,,0.0,0.0,0.0,0.0,0.0,0.0,0.0,0.0,0.0,0.0,0.00090161476982754,0.0,,,0.0,0.0,0.0,0.0,0.0,0.0,0.0,0.0,0.0,0.0,0.0,0.0,0.0,0.0,0.0,0.0,0.0,0.0,0.0,0.0,0.0,0.0,0.0,0.0,0.0,0.0,0.0,0.0,0.0,0.0,0.0,0.0,0.0,0.0,0.0,0.0,0.0,0.0,0.0,0.0,0.0,0.0,0.0,0.0,0.0,0.0,0.014417966997081533,0.0,0.0036239921537343967,0.0,0.0025724801622951394,0.0,0.014042359551019689,0.0,0.8210725467652082,0.0,0.0,,0.01166597544215615,0.0,0.022253407165408075,0.0,0.0,0.0,0.0,,0.006783320187506306,0.0,0.0,,0.009428952685474093,0.0,0.0,,0.0393537184844414,0.0,0.06121193896979088,0.0,0.0,,0.0,,0.0,,0.0,,0.0,,0.0,,0.0,,0.0,,0.0,,0.0018005012961414468,0.0,0.0,,0.00495993622046491,0.0,0.0,,0.0,,0.0,0.0,0.0,,0.0,,0.0,,0.0,,0.0,,0.0,,0.0,,0.0,,0.0,,0.0,,0.0,,0.0,,0.0,,,,,,,,0.0,,,,,,,,,,,,0.0,0.0,0.0,0.0,0.0,0.0,0.0,0.0,0.0,0.0,0.0,0.0,0.0,0.0,0.0,0.0,0.0,0.0,0.0,0.0,0.0,0.0,0.0,0.0,0.0,0.0,0.0018393089807020905,0.0,0.0,0.0,0.0,0.0,0.0,0.0,0.0,0.0,0.0,0.0,0.0,0.0,0.0,,0.0,,0.0,,0.0,,0.0,,0.0,,0.0,,,,,,,,,,,,,,,,,,,,,,0,0,66,19
1,region_01,2024-02-24,,,,,,,,,,,,,,,0.0010535419914958501,0.0,,,,,,,,,,,,,,,,,,,,,,,,,0.0,0.0,,,,,,,,,,,,,0.0,0.0,0.0,0.0,0.0,0.0,0.0,0.0,0.0,0.0,0.005216673228536656,0.0,,,0.0,0.0,0.0,0.0,0.0,0.0,0.0,0.0,0.0,0.0,0.0,0.0,0.0,0.0,0.0,0.0,0.0,0.0,0.0,0.0,0.0020256250187934612,0.0,0.0,0.0,0.0,0.0,0.0,0.0,0.0,0.0,0.0,0.0,0.0,0.0,0.0,0.0,0.0,0.0,0.0,0.0,0.0,0.0,0.0,0.0,0.0,0.0,0.013344619315129223,0.0,0.004351346352538464,0.0,0.0012862400811475697,0.0,0.010716832190103784,0.0,0.7713151685893536,0.0,0.009327856149395965,2.0,0.00860610717277531,0.0,0.0227273129858076,0.0,0.0,0.0,0.0,,0.005710553679317516,0.0,0.0,,0.017346067269889784,0.0,0.0007568876996325666,2.0,0.055208255820685864,0.0,0.07282133242115374,0.0,0.0,,0.0,,0.0,,0.0,,0.0,,0.0,,0.0,,0.0,,0.0,,0.0009002506480707234,0.0,0.0,,0.003566214207759341,0.0,0.0,,0.0,,0.0,0.0,0.0,,0.0,,0.0,,0.0,,0.0,,0.0,,0.0,,0.0,,0.0,,0.0,,0.0,,0.0,,0.0,,,,,,,,0.0,,,,,,,,,,,,0.0,0.0,0.0,0.0,0.0,0.0,0.0,0.0,0.0,0.0,0.0,0.0,0.0,0.0,0.0,0.0,0.0,0.0,0.0,0.0,0.0,0.0,0.0,0.0,0.0,0.0,0.0009196544903510453,0.0,0.0,0.0,0.0012612025966518296,0.0,0.0,0.0,0.0,0.0,0.0,0.0,0.006354765667180902,0.0,0.0,,0.0,,0.0,,0.0,,0.0,,0.0,,0.0,,,,,,,,,,,,,,,,,,,,,,0,2,66,20
1,region_01,2024-03-02,,,,,,,,,,,,,,,0.0021070839829917002,0.0,,,,,,,,,,,,,,,,,,,,,,,,,0.0,0.0,,,,,,,,,,,,,0.0,0.0,0.0,0.0,0.0,0.0,0.0,0.0,0.0,0.0,0.009531731687245774,0.0,,,0.0,0.0,0.0,0.0,0.0,0.0,0.0,0.0,0.0,0.0,0.0,0.0,0.0,0.0,0.0,0.0,0.0,0.0,0.0,0.0,0.0040512500375869225,0.0,0.0,0.0,0.0,0.0,0.0,0.0,0.0,0.0,0.0,0.0,0.0,0.0,0.0,0.0,0.0,0.0,0.0,0.0,0.0,0.0,0.0,0.0,0.0,0.0,0.012271271633176914,0.0,0.005078700551342532,0.0,0.0,0.0,0.00739130482918788,0.0,0.7215577904134989,0.0,0.01865571229879193,0.0,0.0055462389033944706,0.0,0.023201218806207128,0.0,0.0,0.0,0.0,,0.004637787171128726,0.0,0.0,,0.025263181854305473,0.0,0.0015137753992651333,0.0,0.07106279315693033,0.0,0.08443072587251658,0.0,0.0,,0.0,,0.0,,0.0,,0.0,,0.0,,0.0,,0.0,,0.0,,0.0,0.0,0.0,,0.002172492195053771,0.0,0.0,,0.0,,0.0,0.0,0.0,,0.0,,0.0,,0.0,,0.0,,0.0,,0.0,,0.0,,0.0,,0.0,,0.0,,0.0,,0.0,,,,,,,,0.0,,,,,,,,,,,,0.0,0.0,0.0,0.0,0.0,0.0,0.0,0.0,0.0,0.0,0.0,0.0,0.0,0.0,0.0,0.0,0.0,0.0,0.0,0.0,0.0,0.0,0.0,0.0,0.0,0.0,0.0,0.0,0.0,0.0,0.0025224051933036592,0.0,0.0,0.0,0.0,0.0,0.0,0.0,0.012709531334361803,0.0,0.0,,0.0,,0.0,,0.0,,0.0,,0.0,,0.0,,,,,,,,,,,,,,,,,,,,,,0,0,68,21
1,region_01,2024-03-09,,,,,,,,,,,,,,,0.0010535419914958501,0.0,,,,,,,,,,,,,,,,,,,,,,,,,0.0,0.0,,,,,,,,,,,,,0.0,0.0,0.0,0.0,0.0,0.0,0.0,0.0,0.0,0.0,0.004765865843622887,0.0,,,0.0,0.0,0.0,0.0,0.0,0.0,0.0,0.0,0.0,0.0,0.0,0.0,0.0,0.0,0.0,0.0,0.0,0.0,0.0,0.0,0.0020256250187934612,0.0,0.0,0.0,0.0,0.0,0.0,0.0,0.0,0.0,0.0,0.0,0.0,0.0,0.0,0.0,0.0,0.0,0.0,0.0,0.0,0.0,0.0,0.0,0.0,0.0,0.010300961266881896,0.0,0.002539350275671266,0.0,0.0,0.0,0.00369565241459394,0.0,0.7069860306967581,0.0,0.009327856149395965,0.0,0.004688751616734306,0.0,0.028036139843364505,0.0,0.00376282672157449,0.0,0.0017669549658118188,2.0,0.004592705274211007,0.0,0.0,,0.02196962385122394,0.0,0.0007568876996325666,0.0,0.07546991846036338,0.0,0.10169368311762805,0.0,0.0,,0.0,,0.0,,0.009196470119059058,1.0,0.0,,0.0,,0.002671084940499993,1.0,0.0,,0.0,,0.0075316903724645355,0.0,0.0,,0.0010862460975268856,0.0,0.0,,0.0,,0.0,0.0,0.0,,0.0,,0.0,,0.0,,0.0,,0.0,,0.0,,0.0,,0.0,,0.0,,0.0,,0.0,,0.0,,,,,,,,0.0,,,,,,,,,,,,0.0,0.0,0.0,0.0,0.0,0.0,0.0,0.0,0.0,0.0,0.0,0.0,0.0,0.0,0.0,0.0,0.006123840070233242,0.0,0.0,0.0,0.0,0.0,0.0,0.0,0.0,0.0,0.0,0.0,0.0,0.0,0.0012612025966518296,0.0,0.0,0.0,0.0,0.0,0.0,0.0,0.006354765667180902,0.0,0.0,,0.0,,0.0,,0.0,,0.0,,0.0,,0.0,,,,,,,,,,,,,,,,,,,,,,2,1,68,0
1,region_01,2024-03-16,,,,,,,,,,,,,,,0.0,0.0,,,,,,,,,,,,,,,,,,,,,,,,,0.0,0.0,,,,,,,,,,,,,0.0,0.0,0.0,0.0,0.0,0.0,0.0,0.0,0.0,0.0,0.0,0.0,,,0.0,0.0,0.0,0.0,0.0,0.0,0.0,0.0,0.0,0.0,0.0,0.0,0.0,0.0,0.0,0.0,0.0,0.0,0.0,0.0,0.0,0.0,0.0,0.0,0.0,0.0,0.0,0.0,0.0,0.0,0.0,0.0,0.0,0.0,0.0,0.0,0.0,0.0,0.0,0.0,0.0,0.0,0.0,0.0,0.0,0.0,0.00833065090058688,0.0,0.0,0.0,0.0,0.0,0.0,0.0,0.6924142709800175,0.0,0.0,0.0,0.00383126433007414,0.0,0.032871060880521885,0.0,0.00752565344314898,0.0,0.0035339099316236376,0.0,0.0045476233772932875,0.0,0.0,,0.018676065848142402,0.0,0.0,0.0,0.07987704376379644,0.0,0.11895664036273951,0.0,0.0,,0.0,,0.0,,0.018392940238118115,0.0,0.0,,0.0,,0.005342169880999986,0.0,0.0,,0.0,,0.015063380744929071,0.0,0.0,,0.0,0.0,0.0,,0.0,,0.0,0.0,0.0,,0.0,,0.0,,0.0,,0.0,,0.0,,0.0,,0.0,,0.0,,0.0,,0.0,,0.0,,0.0,,,,,,,,0.0,,,,,,,,,,,,0.0,0.0,0.0,0.0,0.0,0.0,0.0,0.0,0.0,0.0,0.0,0.0,0.0,0.0,0.0,0.0,0.012247680140466484,0.0,0.0,0.0,0.0,0.0,0.0,0.0,0.0,0.0,0.0,0.0,0.0,0.0,0.0,0.0,0.0,0.0,0.0,0.0,0.0,0.0,0.0,0.0,0.0,,0.0,,0.0,,0.0,,0.0,,0.0,,0.0,,,,,,,,,,,,,,,,,,,,,,0,0,71,1
1,region_01,2024-03-23,,,,,,,,,,,,,,,0.0,0.0,,,,,,,,,,,,,,,,,,,,,,,,,0.0,0.0,,,,,,,,,,,,,0.0,0.0,0.0,0.0,0.0,0.0,0.0,0.0,0.0,0.0,0.0,0.0,,,0.0,0.0,0.0,0.0,0.0,0.0,0.0,0.0,0.0,0.0,0.0,0.0,0.0,0.0,0.0,0.0,0.0,0.0,0.0,0.0,0.0038031980973379153,0.0,0.0,0.0,0.0,0.0,0.0,0.0,0.0,0.0,0.0,0.0,0.0,0.0,0.0,0.0,0.0,0.0,0.0,0.0,0.0,0.0,0.0,0.0,0.0,0.0,0.00416532545029344,0.0,0.0,0.0,0.0,0.0,0.0,0.0,0.6221527425306184,0.0,0.003465335780324825,0.0,0.00191563216503707,0.0,0.04671635475630556,0.0,0.01751365900109768,0.0,0.005269045294317858,0.0,0.0022738116886466438,0.0,0.0,,0.019232936881183202,0.0,0.0,0.0,0.11160670531292752,0.0,0.10116225965321059,0.0,0.0038031980973379153,2.0,0.0,,0.0,,0.02652047188021238,0.0,0.0,,0.0,,0.005665873966031339,0.0,0.0,,0.0,,0.0075316903724645355,0.0,0.004814238703277471,2.0,0.0,0.0,0.0,,0.0,,0.0,0.0,0.0,,0.0,,0.0,,0.0,,0.0,,0.0,,0.0,,0.0,,0.0,,0.0,,0.0,,0.0,,0.0,,,,,,,,0.0,,,,,,,,,,,,0.003465335780324825,0.0,0.0,0.0,0.0,0.0,0.0,0.0,0.0,0.0,0.0,0.0,0.0,0.0,0.0,0.0,0.006123840070233242,0.0,0.0,0.0,0.0,0.0,0.0,0.0,0.0,0.0,0.0,0.0,0.0,0.0,0.0,0.0,0.0,0.0,0.0,0.0,0.0,0.0,0.004064973801307889,0.0,0.0,,0.0,,0.0,,0.0,,0.0,,0.0,,0.0,,,,,,,,,,,,,,,,,,,,,,0,2,71,2
1,region_01,2024-03-30,,,,,,,,,,,,,,,0.0,0.0,,,,,,,,,,,,,,,,,,,,,,,,,0.0,0.0,,,,,,,,,,,,,0.0,0.0,0.0,0.0,0.0,0.0,0.0,0.0,0.0,0.0,0.0,0.0,,,0.0,0.0,0.0,0.0,0.0,0.0,0.0,0.0,0.0,0.0,0.0,0.0,0.0,0.0,0.0,0.0,0.0,0.0,0.0,0.0,0.007606396194675831,0.0,0.0,0.0,0.0,0.0,0.0,0.0,0.0,0.0,0.0,0.0,0.0,0.0,0.0,0.0,0.0,0.0,0.0,0.0,0.0,0.0,0.0,0.0,0.0,0.0,0.0,0.0,0.0,0.0,0.0,0.0,0.0,0.0,0.5518912140812192,0.0,0.00693067156064965,0.0,0.0,0.0,0.060561648632089245,0.0,0.027501664559046377,0.0,0.007004180657012078,0.0,0.0,0.0,0.0,,0.019789807914224005,0.0,0.0,0.0,0.1433363668620586,0.0,0.08336787894368167,0.0,0.007606396194675831,0.0,0.0,,0.0,,0.034648003522306646,0.0,0.0,,0.0,,0.005989578051062692,0.0,0.0,,0.0,,0.0,0.0,0.009628477406554942,0.0,0.0,0.0,0.0,,0.0,,0.0,0.0,0.0,,0.0,,0.0,,0.0,,0.0,,0.0,,0.0,,0.0,,0.0,,0.0,,0.0,,0.0,,0.0,,,,,,,,0.0,,,,,,,,,,,,0.00693067156064965,0.0,0.0,0.0,0.0,0.0,0.0,0.0,0.0,0.0,0.0,0.0,0.0,0.0,0.0,0.0,0.0,0.0,0.0,0.0,0.0,0.0,0.0,0.0,0.0,0.0,0.0,0.0,0.0,0.0,0.0,0.0,0.0,0.0,0.0,0.0,0.0,0.0,0.008129947602615779,0.0,0.0,,0.0,,0.0,,0.0,,0.0,,0.0,,0.0,,,,,,,,,,,,,,,,,,,,,,0,0,73,3
1,region_01,2024-04-06,,,,,,,,,,,,,,,0.0,0.0,,,,,,,,,,,,,,,,,,,,,,,,,0.0,0.0,,,,,,,,,,,,,0.0,0.0,0.0,0.0,0.0,0.0,0.0,0.0,0.0,0.0,0.0,0.0,,,0.0,0.0,0.0,0.0,0.0,0.0,0.0,0.0,0.0,0.0,0.0,0.0,0.0,0.0,0.0,0.0,0.0,0.0,0.0,0.0,0.0038031980973379153,0.0,0.0,0.0,0.0,0.0,0.0,0.0,0.0,0.0,0.0,0.0,0.0,0.0,0.0,0.0,0.0,0.0,0.0,0.0,0.0,0.0,0.0,0.0,0.0,0.0,0.0,0.0,0.0,0.0,0.0,0.0,0.0,0.0,0.48620459135799177,0.0,0.01059003915781008,0.0,0.0,0.0,0.06382669998097347,0.0,0.03997290456432031,0.0,0.003502090328506039,0.0,0.003286607459123255,0.0,0.0,,0.014820881574900753,0.0,0.0036711144493892624,0.0,0.18504339270293713,0.0,0.06801550291992461,0.0,0.0038031980973379153,0.0,0.0,,0.0,,0.06928162303753194,0.0,0.0,,0.0,,0.002994789025531346,0.0,0.0,,0.0,,0.013783909894269062,0.0,0.009639693448719122,0.0,0.006916239558319937,0.0,0.0,,0.0,,0.0,0.0,0.0,,0.0,,0.0,,0.0,,0.0,,0.0,,0.0,,0.0,,0.0,,0.0,,0.0,,0.0,,0.0,,,,,,,,0.0,,,,,,,,,,,,0.003465335780324825,0.0,0.0,0.0,0.0,0.0,0.0,0.0,0.0,0.0,0.0,0.0,0.0,0.0,0.0,0.0,0.0,0.0,0.0,0.0,0.0,0.0,0.0,0.0,0.0,0.0,0.0,0.0,0.0,0.0,0.0,0.0,0.0,0.0,0.0,0.0,0.0,0.0,0.004064973801307889,0.0,0.0,,0.0,,0.0,,0.0,,0.0,,0.0,,0.0,,,,,,,,,,,,,,,,,,,,,,0,0,73,4
1,region_01,2024-04-13,,,,,,,,,,,,,,,0.0,0.0,,,,,,,,,,,,,,,,,,,,,,,,,0.0,0.0,,,,,,,,,,,,,0.0,0.0,0.0,0.0,0.0,0.0,0.0,0.0,0.0,0.0,0.0,0.0,,,0.0,0.0,0.0,0.0,0.0,0.0,0.0,0.0,0.0,0.0,0.0,0.0,0.0,0.0,0.0,0.0,0.0,0.0,0.0,0.0,0.0,0.0,0.0,0.0,0.0,0.0,0.0,0.0,0.0,0.0,0.0,0.0,0.0,0.0,0.0,0.0,0.0,0.0,0.0,0.0,0.0,0.0,0.0,0.0,0.0,0.0,0.0,0.0,0.0,0.0,0.0,0.0,0.0,0.0,0.42051796863476437,0.0,0.01424940675497051,0.0,0.0,0.0,0.06709175132985769,0.0,0.05244414456959424,0.0,0.0,0.0,0.00657321491824651,0.0,0.0,,0.0098519552355775,0.0,0.007342228898778525,0.0,0.2267504185438156,0.0,0.052663126896167575,0.0,0.0,0.0,0.0,,0.0,,0.1039152425527572,0.0,0.0,,0.0,,0.0,0.0,0.0,,0.0,,0.027567819788538124,0.0,0.009650909490883304,0.0,0.013832479116639875,0.0,0.0,,0.0,,0.0,0.0,0.0,,0.0,,0.0,,0.0,,0.0,,0.0,,0.0,,0.0,,0.0,,0.0,,0.0,,0.0,,0.0,,,,,,,,0.0,,,,,,,,,,,,0.0,0.0,0.0,0.0,0.0,0.0,0.0,0.0,0.0,0.0,0.0,0.0,0.0,0.0,0.0,0.0,0.0,0.0,0.0,0.0,0.0,0.0,0.0,0.0,0.0,0.0,0.0,0.0,0.0,0.0,0.0,0.0,0.0,0.0,0.0,0.0,0.0,0.0,0.0,0.0,0.0,,0.0,,0.0,,0.0,,0.0,,0.0,,0.0,,,,,,,,,,,,,,,,,,,,,,0,0,73,5
1,region_01,2024-04-20,,,,,,,,,,,,,,,0.0,0.0,,,,,,,,,,,,,,,,,,,,,,,,,0.0,0.0,,,,,,,,,,,,,0.0,0.0,0.0,0.0,0.0,0.0,0.0,0.0,0.0,0.0,0.0,0.0,,,0.0,0.0,0.0,0.0,0.0,0.0,0.0,0.0,0.0,0.0,0.0,0.0,0.0,0.0,0.0,0.0,0.0,0.0,0.0,0.0,0.0,0.0,0.0,0.0,0.0,0.0,0.0,0.0,0.0,0.0,0.0,0.0,0.0,0.0,0.0,0.0,0.0,0.0,0.0,0.0,0.0,0.0,0.0,0.0,0.0,0.0,0.0,0.0,0.0,0.0,0.0,0.0,0.0,0.0,0.34578315572192275,0.0,0.007124703377485255,0.0,0.0,0.0,0.10143563048970744,0.0,0.03403636128095712,0.0,0.009251369529270677,0.0,0.003286607459123255,0.0,0.0,,0.025037706676092737,0.0,0.0036711144493892624,0.0,0.17121404498105955,0.0,0.05087301145156317,0.0,0.008144875057041624,0.0,0.013364123684974985,2.0,0.0,,0.1385682657802546,0.0,0.0,,0.024419653229415392,2.0,0.021044559577213847,0.0,0.0,,0.0,,0.026666087784719905,0.0,0.010092390077188578,0.0,0.006916239558319937,0.0,0.0,,0.009342416476171725,1.0,0.0,0.0,0.0,,0.0,,0.0,,0.0,,0.0,,0.0,,0.0,,0.0,,0.0,,0.0,,0.0,,0.0,,0.0,,,,,,,,0.0,,,,,,,,,,,,0.0,0.0,0.0,0.0,0.0,0.0,0.0,0.0,0.0,0.0,0.0,0.0,0.0,0.0,0.0,0.0,0.0,0.0,0.0,0.0,0.0,0.0,0.0,0.0,0.0,0.0,0.0,0.0,0.0,0.0,0.0,0.0,0.0,0.0,0.0,0.0,0.0,0.0,0.0,0.0,0.015121088052789342,2.0,0.0,,0.0,,0.0,,0.0,,0.0,,0.0,,,,,,,,,,,,,,,,,,,,,,1,3,73,0
1,region_01,2024-04-27,,,,,,,,,,,,,,,0.0,0.0,,,,,,,,,,,,,,,,,,,,,,,,,0.0,0.0,,,,,,,,,,,,,0.0,0.0,0.0,0.0,0.0,0.0,0.0,0.0,0.0,0.0,0.0,0.0,,,0.0,0.0,0.0,0.0,0.0,0.0,0.0,0.0,0.0,0.0,0.0,0.0,0.0,0.0,0.0,0.0,0.0,0.0,0.0,0.0,0.0,0.0,0.0,0.0,0.0,0.0,0.0,0.0,0.0,0.0,0.0,0.0,0.0,0.0,0.0,0.0,0.0,0.0,0.0,0.0,0.0,0.0,0.0,0.0,0.0,0.0,0.0,0.0,0.0,0.0,0.0,0.0,0.0,0.0,0.2710483428090811,0.0,0.0,0.0,0.0,0.0,0.1357795096495572,0.0,0.01562857799232,0.0,0.018502739058541353,0.0,0.0,0.0,0.0,,0.04022345811660797,0.0,0.0,0.0,0.1156776714183035,0.0,0.049082896006958775,0.0,0.01628975011408325,0.0,0.02672824736994997,0.0,0.0,,0.173221289007752,0.0,0.0,,0.048839306458830785,0.0,0.042089119154427694,0.0,0.0,,0.0,,0.025764355780901686,0.0,0.010533870663493851,0.0,0.0,0.0,0.0,,0.01868483295234345,0.0,0.0,0.0,0.0,,0.0,,0.0,,0.0,,0.0,,0.0,,0.0,,0.0,,0.0,,0.0,,0.0,,0.0,,0.0,,,,,,,,0.0,,,,,,,,,,,,0.0,0.0,0.0,0.0,0.0,0.0,0.0,0.0,0.0,0.0,0.0,0.0,0.0,0.0,0.0,0.0,0.0,0.0,0.0,0.0,0.0,0.0,0.0,0.0,0.0,0.0,0.0,0.0,0.0,0.0,0.0,0.0,0.0,0.0,0.0,0.0,0.0,0.0,0.0,0.0,0.030242176105578684,0.0,0.0,,0.0,,0.0,,0.0,,0.0,,0.0,,,,,,,,,,,,,,,,,,,,,,0,0,77,1
1,region_01,2024-05-04,,,,,,,,,,,,,,,0.0,0.0,,,,,,,,,,,,,,,,,,,,,,,,,0.0,0.0,,,,,,,,,,,,,0.0,0.0,0.0,0.0,0.0,0.0,0.0,0.0,0.0,0.0,0.0,0.0,,,0.0,0.0,0.0,0.0,0.0,0.0,0.0,0.0,0.0,0.0,0.0,0.0,0.0,0.0,0.0,0.0,0.0,0.0,0.0,0.0,0.0,0.0,0.0,0.0,0.0,0.0,0.0,0.0,0.0,0.0,0.0,0.0,0.0,0.0,0.0,0.0,0.0,0.0,0.0,0.0,0.0,0.0,0.0,0.0,0.0,0.0,0.0,0.0,0.0,0.0,0.0,0.0,0.0,0.0,0.23205746803432703,0.0,0.009136222843080737,0.0,0.0,0.0,0.10637472141412345,0.0,0.013206699667843352,0.0,0.023048995221624957,0.0,0.006150047519002779,0.0,0.0,,0.020111729058303985,0.0,0.0,0.0,0.10774185735160707,0.0,0.05653946001141785,0.0,0.01628275284612616,0.0,0.013364123684974985,0.0,0.0,,0.20403490905408506,0.0,0.0,,0.06036889149496949,0.0,0.07168071959216991,0.0,0.0,,0.003365175593644354,2.0,0.016117923653570412,0.0,0.015273089684476973,0.0,0.0,0.0,0.0,,0.02196806352957017,0.0,0.0,0.0,0.006273489154409596,2.0,0.0,,0.0,,0.0,,0.0,,0.0,,0.0,,0.0,,0.0,,0.0,,0.0,,0.0,,0.0,,,,,,,,0.0,,,,,,,,,,,,0.0,0.0,0.0,0.0,0.0,0.0,0.0,0.0,0.0,0.0,0.0,0.0,0.0,0.0,0.0,0.0,0.0,0.0,0.0,0.0,0.0,0.0,0.0,0.0,0.0,0.0,0.0,0.0,0.0,0.0,0.0,0.0,0.0,0.0,0.0,0.0,0.0,0.0,0.006150047519002779,0.0,0.02811653199778106,0.0,0.0,,0.0,,0.0,,0.0,,0.0,,0.0,,,,,,,,,,,,,,,,,,,,,,0,2,77,2
1,region_01,2024-05-11,,,,,,,,,,,,,,,0.0,0.0,,,,,,,,,,,,,,,,,,,,,,,,,0.0,0.0,,,,,,,,,,,,,0.0,0.0,0.0,0.0,0.0,0.0,0.0,0.0,0.0,0.0,0.0,0.0,,,0.0,0.0,0.0,0.0,0.0,0.0,0.0,0.0,0.0,0.0,0.0,0.0,0.0,0.0,0.0,0.0,0.0,0.0,0.0,0.0,0.0,0.0,0.0,0.0,0.0,0.0,0.0,0.0,0.0,0.0,0.0,0.0,0.0,0.0,0.0,0.0,0.0,0.0,0.0,0.0,0.0,0.0,0.0,0.0,0.0,0.0,0.0,0.0,0.0,0.0,0.0,0.0,0.0,0.0,0.19306659325957296,0.0,0.018272445686161473,0.0,0.0,0.0,0.07696993317868969,0.0,0.010784821343366703,0.0,0.02759525138470856,0.0,0.012300095038005558,0.0,0.0,,0.0,0.0,0.0,0.0,0.09980604328491065,0.0,0.06399602401587694,0.0,0.016275755578169068,0.0,0.0,0.0,0.0,,0.2348485291004181,0.0,0.0,,0.07189847653110819,0.0,0.10127232002991213,0.0,0.0,,0.006730351187288708,0.0,0.006471491526239142,0.0,0.020012308705460096,0.0,0.0,0.0,0.0,,0.025251294106796888,0.0,0.0,0.0,0.012546978308819193,0.0,0.0,,0.0,,0.0,,0.0,,0.0,,0.0,,0.0,,0.0,,0.0,,0.0,,0.0,,0.0,,,,,,,,0.0,,,,,,,,,,,,0.0,0.0,0.0,0.0,0.0,0.0,0.0,0.0,0.0,0.0,0.0,0.0,0.0,0.0,0.0,0.0,0.0,0.0,0.0,0.0,0.0,0.0,0.0,0.0,0.0,0.0,0.0,0.0,0.0,0.0,0.0,0.0,0.0,0.0,0.0,0.0,0.0,0.0,0.012300095038005558,0.0,0.02599088788998343,0.0,0.0,,0.0,,0.0,,0.0,,0.0,,0.0,,,,,,,,,,,,,,,,,,,,,,0,0,79,3
1,region_01,2024-05-18,,,,,,,,,,,,,,,0.0,0.0,,,,,,,,,,,,,,,,,,,,,,,,,0.0,0.0,,,,,,,,,,,,,0.0,0.0,0.0,0.0,0.0,0.0,0.0,0.0,0.0,0.0,0.0,0.0,,,0.0,0.0,0.0,0.0,0.0,0.0,0.0,0.0,0.0,0.0,0.0,0.0,0.0,0.0,0.0,0.0,0.0,0.0,0.0,0.0,0.0,0.0,0.0,0.0,0.0,0.0,0.0,0.0,0.0,0.0,0.0,0.0,0.0,0.0,0.0,0.0,0.0,0.0,0.0,0.0,0.0,0.0,0.0,0.0,0.0,0.0,0.0,0.0,0.0,0.0,0.0,0.0,0.0,0.0,0.16491538099944586,0.0,0.024804212155823475,0.0,0.0,0.0,0.05846370232856676,0.0,0.019377812479179503,0.0,0.06308487122958027,0.0,0.024613716613044893,0.0,0.0,,0.0,0.0,0.0,0.0,0.08129755760466097,0.0,0.044440195223109547,0.0,0.025220658030477634,0.0,0.012205755532098288,0.0,0.0,,0.20652503376969922,0.0,0.0,,0.07001293435071901,0.0,0.10267285247495198,0.0,0.0,,0.0073724936321377214,0.0,0.005950279784603711,0.0,0.010006154352730048,0.0,0.0,0.0,0.0044347968292780555,2.0,0.06292706476179533,0.0,0.0,0.0,0.006273489154409596,0.0,0.0,,0.0,,0.0,,0.0,,0.0,,0.0,,0.0,,0.0,,0.0,,0.0,,0.0,,0.0,,,,,,,,0.0,,,,,,,,,,,,0.0,0.0,0.0,0.0,0.0,0.0,0.0,0.0,0.0,0.0,0.0,0.0,0.0,0.0,0.0,0.0,0.0,0.0,0.0,0.0,0.0,0.0,0.0,0.0,0.0,0.0,0.0,0.0,0.0,0.0,0.0,0.0,0.0,0.0,0.0,0.0,0.0,0.0,0.006150047519002779,0.0,0.012995443944991716,0.0,0.0,,0.0,,0.0,,0.0,,0.0,,0.0,,,,,,,,,,,,,,,,,,,,,,0,1,79,4
1,region_01,2024-05-25,,,,,,,,,,,,,,,0.0,0.0,,,,,,,,,,,,,,,,,,,,,,,,,0.0,0.0,,,,,,,,,,,,,0.0,0.0,0.0,0.0,0.0,0.0,0.0,0.0,0.0,0.0,0.0,0.0,,,0.0,0.0,0.0,0.0,0.0,0.0,0.0,0.0,0.0,0.0,0.0,0.0,0.0,0.0,0.0,0.0,0.0,0.0,0.0,0.0,0.0,0.0,0.0,0.0,0.0,0.0,0.0,0.0,0.0,0.0,0.0,0.0,0.0,0.0,0.0,0.0,0.0,0.0,0.0,0.0,0.0,0.0,0.0,0.0,0.0,0.0,0.0,0.0,0.0,0.0,0.0,0.0,0.0,0.0,0.1367641687393188,0.0,0.031335978625485476,0.0,0.0,0.0,0.03995747147844383,0.0,0.027970803614992303,0.0,0.09857449107445199,0.0,0.03692733818808423,0.0,0.0,,0.0,0.0,0.0,0.0,0.06278907192441129,0.0,0.02488436643034215,0.0,0.0341655604827862,0.0,0.024411511064196575,0.0,0.0,,0.17820153843898037,0.0,0.0,,0.06812739217032984,0.0,0.10407338491999181,0.0,0.0,,0.008014636076986735,0.0,0.005429068042968281,0.0,0.0,0.0,0.0,0.0,0.008869593658556111,0.0,0.10060283541679375,0.0,0.0,0.0,0.0,0.0,0.0,,0.0,,0.0,,0.0,,0.0,,0.0,,0.0,,0.0,,0.0,,0.0,,0.0,,0.0,,,,,,,,0.0,,,,,,,,,,,,0.0,0.0,0.0,0.0,0.0,0.0,0.0,0.0,0.0,0.0,0.0,0.0,0.0,0.0,0.0,0.0,0.0,0.0,0.0,0.0,0.0,0.0,0.0,0.0,0.0,0.0,0.0,0.0,0.0,0.0,0.0,0.0,0.0,0.0,0.0,0.0,0.0,0.0,0.0,0.0,0.0,0.0,0.0,,0.0,,0.0,,0.0,,0.0,,0.0,,,,,,,,,,,,,,,,,,,,,,0,0,80,5
1,region_01,2024-06-01,,,,,,,,,,,,,,,0.0,0.0,,,,,,,,,,,,,,,,,,,,,,,,,0.0,0.0,,,,,,,,,,,,,0.0,0.0,0.0,0.0,0.0,0.0,0.0,0.0,0.0,0.0,0.0,0.0,,,0.0,0.0,0.0,0.0,0.0,0.0,0.0,0.0,0.0,0.0,0.0,0.0,0.0,0.0,0.0,0.0,0.0,0.0,0.0,0.0,0.006449999976093326,0.0,0.0,0.0,0.0,0.0,0.0,0.0,0.0,0.0,0.0,0.0,0.0,0.0,0.0,0.0,0.0,0.0,0.0,0.0,0.0,0.0,0.0,0.0,0.0,0.0,0.0,0.0,0.0,0.0,0.0,0.0,0.0,0.0,0.12040712028741832,0.0,0.03551161790397968,0.0,0.0,0.0,0.028885656503655197,0.0,0.03534446500652903,0.0,0.08056902723052559,0.0,0.024719457991968244,0.0,0.0,,0.0,0.0,0.0,0.0,0.05503981998906681,0.0,0.024480364825576497,0.0,0.042679994616246296,0.0,0.024492545004434617,0.0,0.00881708481095052,2.0,0.15920735140341322,0.0,0.0,,0.08053413747499381,0.0,0.12254635233145489,0.0,0.006092105080218337,1.0,0.0040073180384933675,0.0,0.0027145340214841406,0.0,0.0,0.0,0.0,0.0,0.0044347968292780555,0.0,0.10511195614933963,0.0,0.0,0.0,0.0,0.0,0.0,,0.0,,0.0,,0.0,,0.0,,0.01797316487257677,2.0,0.0,,0.0,,0.0,,0.0,,0.0,,0.0,,,,,,,,0.0,,,,,,,,,,,,0.0,0.0,0.0,0.0,0.0,0.0,0.0,0.0,0.0,0.0,0.0,0.0,0.0,0.0,0.0,0.0,0.0,0.0,0.0,0.0,0.0,0.0,0.0,0.0,0.0,0.0,0.0,0.0,0.0,0.0,0.0,0.0,0.0,0.0,0.0,0.0,0.0,0.0,0.006187339592725012,0.0,0.009275085211771965,0.0,0.0,,0.0,,0.0,,0.0,,0.0,,0.0,,,,,,,,,,,,,,,,,,,,,,1,2,80,0
1,region_01,2024-06-08,,,,,,,,,,,,,,,0.0,0.0,,,,,,,,,,,,,,,,,,,,,,,,,0.0,0.0,,,,,,,,,,,,,0.0,0.0,0.0,0.0,0.0,0.0,0.0,0.0,0.0,0.0,0.0,0.0,,,0.0,0.0,0.0,0.0,0.0,0.0,0.0,0.0,0.0,0.0,0.0,0.0,0.0,0.0,0.0,0.0,0.0,0.0,0.0,0.0,0.012899999952186651,0.0,0.0,0.0,0.0,0.0,0.0,0.0,0.0,0.0,0.0,0.0,0.0,0.0,0.0,0.0,0.0,0.0,0.0,0.0,0.0,0.0,0.0,0.0,0.0,0.0,0.0,0.0,0.0,0.0,0.0,0.0,0.0,0.0,0.10405007183551784,0.0,0.03968725718247388,0.0,0.0,0.0,0.017813841528866562,0.0,0.04271812639806577,0.0,0.06256356338659917,0.0,0.012511577795852259,0.0,0.0,,0.0,0.0,0.0,0.0,0.04729056805372234,0.0,0.024076363220810845,0.0,0.051194428749706394,0.0,0.02457357894467266,0.0,0.01763416962190104,0.0,0.14021316436784606,0.0,0.0,,0.09294088277965779,0.0,0.14101931974291798,0.0,0.012184210160436674,0.0,0.0,0.0,0.0,0.0,0.0,0.0,0.0,0.0,0.0,0.0,0.10962107688188549,0.0,0.0,0.0,0.0,0.0,0.0,,0.0,,0.0,,0.0,,0.0,,0.03594632974515354,0.0,0.0,,0.0,,0.0,,0.0,,0.0,,0.0,,,,,,,,0.0,,,,,,,,,,,,0.0,0.0,0.0,0.0,0.0,0.0,0.0,0.0,0.0,0.0,0.0,0.0,0.0,0.0,0.0,0.0,0.0,0.0,0.0,0.0,0.0,0.0,0.0,0.0,0.0,0.0,0.0,0.0,0.0,0.0,0.0,0.0,0.0,0.0,0.0,0.0,0.0,0.0,0.012374679185450025,0.0,0.01855017042354393,0.0,0.0,,0.0,,0.0,,0.0,,0.0,,0.0,,,,,,,,,,,,,,,,,,,,,,0,0,83,1
1,region_01,2024-06-15,,,,,,,,,,,,,,,0.0,0.0,,,,,,,,,,,,,,,,,,,,,,,,,0.0,0.0,,,,,,,,,,,,,0.0,0.0,0.0,0.0,0.0,0.0,0.0,0.0,0.0,0.0,0.0,0.0,,,0.0,0.0,0.0,0.0,0.0,0.0,0.0,0.0,0.0,0.0,0.0,0.0,0.0,0.0,0.0,0.0,0.0,0.0,0.0,0.0,0.006449999976093326,0.0,0.0,0.0,0.0,0.0,0.0,0.0,0.0,0.0,0.0,0.0,0.0,0.0,0.0,0.0,0.0,0.0,0.0,0.0,0.0,0.0,0.0,0.0,0.0,0.0,0.0,0.0,0.0,0.0,0.0,0.0,0.0,0.0,0.06944451442454007,0.0,0.030213118627822597,0.0,0.0,0.0,0.01823005461862874,0.0,0.02438008425246069,0.0,0.04313931992510329,0.0,0.03727891905741253,0.0,0.0,,0.0,0.0,0.0,0.0,0.042487620282918165,0.0,0.023920777963305023,0.0,0.050515330111459394,0.0,0.02076551148101035,0.0,0.00881708481095052,0.0,0.10718926229691572,0.0,0.0,,0.15377111034467814,0.0,0.17901831753551956,0.0,0.015166990963431642,0.0,0.0,0.0,0.0,0.0,0.012492494394435812,0.0,0.0,0.0,0.0,0.0,0.15410349168560716,0.0,0.0,0.0,0.0,0.0,0.0,,0.0,,0.0,,0.0,,0.0,,0.034033455032234344,0.0,0.0,,0.0,,0.0,,0.0,,0.0,,0.0,,,,,,,,0.0,,,,,,,,,,,,0.0,0.0,0.0,0.0,0.0,0.0,0.0,0.0,0.0,0.0,0.0,0.0,0.0,0.0,0.0,0.0,0.0,0.0,0.0,0.0,0.0,0.0,0.0,0.0,0.0,0.0,0.0,0.0,0.0,0.0,0.0,0.0,0.0,0.0,0.0,0.0,0.0,0.0,0.006187339592725012,0.0,0.017933006608433492,0.0,0.0,,0.0,,0.0,,0.0,,0.0,,0.0,,,,,,,,,,,,,,,,,,,,,,0,0,83,2
1,region_01,2024-06-22,,,,,,,,,,,,,,,0.0,0.0,,,,,,,,,,,,,,,,,,,,,,,,,0.0,0.0,,,,,,,,,,,,,0.0,0.0,0.0,0.0,0.0,0.0,0.0,0.0,0.0,0.0,0.0,0.0,,,0.0,0.0,0.0,0.0,0.0,0.0,0.0,0.0,0.0,0.0,0.0,0.0,0.0,0.0,0.0,0.0,0.0,0.0,0.0,0.0,0.0,0.0,0.0,0.0,0.0,0.0,0.0,0.0,0.0,0.0,0.0,0.0,0.0,0.0,0.0,0.0,0.0,0.0,0.0,0.0,0.0,0.0,0.0,0.0,0.0,0.0,0.0,0.0,0.0,0.0,0.0,0.0,0.0,0.0,0.03483895701356229,0.0,0.02073898007317131,0.0,0.0,0.0,0.018646267708390923,0.0,0.006042042106855612,0.0,0.0237150764636074,0.0,0.062046260318972785,0.0,0.0,,0.0,0.0,0.0,0.0,0.037684672512114,0.0,0.0237651927057992,0.0,0.0498362314732124,0.0,0.01695744401734804,0.0,0.0,0.0,0.0741653602259854,0.0,0.0,,0.2146013379096985,0.0,0.21701731532812113,0.0,0.018149771766426608,0.0,0.0,0.0,0.0,0.0,0.024984988788871624,0.0,0.0,0.0,0.0,0.0,0.19858590648932886,0.0,0.0,0.0,0.0,0.0,0.0,,0.0,,0.0,,0.0,,0.0,,0.032120580319315147,0.0,0.0,,0.0,,0.0,,0.0,,0.0,,0.0,,,,,,,,0.0,,,,,,,,,,,,0.0,0.0,0.0,0.0,0.0,0.0,0.0,0.0,0.0,0.0,0.0,0.0,0.0,0.0,0.0,0.0,0.0,0.0,0.0,0.0,0.0,0.0,0.0,0.0,0.0,0.0,0.0,0.0,0.0,0.0,0.0,0.0,0.0,0.0,0.0,0.0,0.0,0.0,0.0,0.0,0.01731584279332305,0.0,0.0,,0.0,,0.0,,0.0,,0.0,,0.0,,,,,,,,,,,,,,,,,,,,,,0,0,83,3
1,region_01,2024-06-29,,,,,,,,,,,,,,,0.0014468576688238194,0.0,,,,,,,,,,,,,,,,,,,,,,,,,0.0,0.0,,,,,,,,,,,,,0.0,0.0,0.0,0.0,0.0,0.0,0.0,0.0,0.0,0.0,0.0,0.0,,,0.0,0.0,0.0,0.0,0.0,0.0,0.0,0.0,0.0,0.0,0.0,0.0,0.0,0.0,0.0,0.0,0.0,0.0,0.0,0.0,0.0,0.0,0.0,0.0,0.0,0.0,0.0,0.0,0.0,0.0,0.0,0.0,0.0,0.0,0.0,0.0,0.0,0.0,0.0,0.0,0.0,0.0,0.0,0.0,0.0,0.0,0.0,0.0,0.0,0.0,0.0,0.0,0.0,0.0,0.022817435709800035,0.0,0.010369490036585655,0.0,0.0,0.0,0.009323133854195462,0.0,0.003021021053427806,0.0,0.034848057331713,0.0,0.03603421331854992,0.0,0.0,,0.001877743517979975,0.0,0.0,0.0,0.018842336256057,0.0,0.0118825963528996,0.0,0.03831713929927593,0.0,0.027427681984946738,0.0,0.0,0.0,0.07543350567541796,0.0,0.0,,0.14964604564011094,0.0,0.20070796869695184,0.0,0.07194882015734771,0.0,0.013156913620020642,0.0,0.0,0.0,0.02614056049724632,0.0,0.0,0.0,0.0,0.0,0.22449124604463572,0.0,0.0,0.0,0.0,0.0,0.0,,0.0,,0.0,,0.0,,0.0,,0.054122388879161126,0.0,0.0,,0.0,,0.0,,0.0,,0.0,,0.0,,,,,,,,0.0,,,,,,,,,,,,0.0,0.0,0.0,0.0,0.0,0.0,0.0,0.0,0.0,0.0,0.0,0.0,0.0,0.0,0.0,0.0,0.0,0.0,0.0,0.0,0.0,0.0,0.0,0.0,0.0,0.0,0.0,0.0,0.0,0.0,0.0,0.0,0.0,0.0,0.0,0.0,0.0,0.0,0.0,0.0,0.016313459428087963,0.0,0.0,,0.0,,0.0,,0.0,,0.0,,0.0,,,,,,,,,,,,,,,,,,,,,,0,0,83,4
1,region_01,2024-07-06,,,,,,,,,,,,,,,0.002893715337647639,0.0,,,,,,,,,,,,,,,,,,,,,,,,,0.0,0.0,,,,,,,,,,,,,0.0,0.0,0.0,0.0,0.0,0.0,0.0,0.0,0.0,0.0,0.0,0.0,,,0.0,0.0,0.0,0.0,0.0,0.0,0.0,0.0,0.0,0.0,0.0,0.0,0.0,0.0,0.0,0.0,0.0,0.0,0.0,0.0,0.0,0.0,0.0,0.0,0.0,0.0,0.0,0.0,0.0,0.0,0.0,0.0,0.0,0.0,0.0,0.0,0.0,0.0,0.0,0.0,0.0,0.0,0.0,0.0,0.0,0.0,0.0,0.0,0.0,0.0,0.0,0.0,0.0,0.0,0.010795914406037787,0.0,0.0,0.0,0.0,0.0,0.0,0.0,0.0,0.0,0.0459810381998186,0.0,0.010022166318127043,0.0,0.0,,0.00375548703595995,0.0,0.0,0.0,0.0,0.0,0.0,0.0,0.02679804712533946,0.0,0.037897919952545434,0.0,0.0,0.0,0.07670165112485051,0.0,0.0,,0.08469075337052341,0.0,0.18439862206578253,0.0,0.12574786854826883,0.0,0.026313827240041283,0.0,0.0,0.0,0.027296132205621014,0.0,0.0,0.0,0.0,0.0,0.2503965855999426,0.0,0.0,0.0,0.0,0.0,0.0,,0.0,,0.0,,0.0,,0.0,,0.0761241974390071,0.0,0.0,,0.0,,0.0,,0.0,,0.0,,0.0,,,,,,,,0.0,,,,,,,,,,,,0.0,0.0,0.0,0.0,0.0,0.0,0.0,0.0,0.0,0.0,0.0,0.0,0.0,0.0,0.0,0.0,0.0,0.0,0.0,0.0,0.0,0.0,0.0,0.0,0.0,0.0,0.0,0.0,0.0,0.0,0.0,0.0,0.0,0.0,0.0,0.0,0.0,0.0,0.0,0.0,0.015311076062852879,0.0,0.0,,0.0,,0.0,,0.0,,0.0,,0.0,,,,,,,,,,,,,,,,,,,,,,0,0,83,5
1,region_01,2024-07-13,,,,,,,,,,,,,,,0.0014468576688238194,0.0,,,,,,,,,,,,,,,,,,,,,,,,,0.0,0.0,,,,,,,,,,,,,0.0,0.0,0.0,0.0,0.0,0.0,0.0,0.0,0.0,0.0,0.0,0.0,,,0.0,0.0,0.0,0.0,0.0,0.0,0.0,0.0,0.0,0.0,0.0,0.0,0.0,0.0,0.0,0.0,0.0,0.0,0.0,0.0,0.0,0.0,0.0,0.0,0.0,0.0,0.0,0.0,0.0,0.0,0.0,0.0,0.0,0.0,0.0,0.0,0.0,0.0,0.0,0.0,0.0,0.0,0.0,0.0,0.0,0.0,0.0,0.0,0.0,0.0,0.0,0.0,0.0,0.0,0.017446561296849565,0.0,0.0,0.0,0.0,0.0,0.0,0.0,0.0,0.0,0.030930501749202956,0.0,0.012264069746292725,0.0,0.0,,0.001877743517979975,0.0,0.0,0.0,0.0014841695612465545,0.0,0.0,0.0,0.04591595377265048,0.0,0.028840604445735028,0.0,0.0,0.0,0.06077515912194374,0.0,0.004227284013970982,2.0,0.11624887568706813,0.0,0.20275129008699544,0.0,0.13407773193764738,0.0,0.013156913620020642,0.0,0.0,0.0,0.015790784561485666,0.0,0.0,0.0,0.0,0.0,0.24986590411175377,0.0,0.00146730814594775,0.0,0.0,0.0,0.0,,0.0,,0.0,,0.0,,0.0,,0.05587733700768392,0.0,0.0,,0.00146730814594775,2.0,0.0,,0.0,,0.0,,0.0,,,,,,,,0.0,,,,,,,,,,,,0.0,0.0,0.0,0.0,0.0,0.0,0.0,0.0,0.0,0.0,0.0,0.0,0.0,0.0,0.0,0.0,0.0,0.0,0.0,0.0,0.0,0.0,0.0,0.0,0.0,0.0,0.0,0.0,0.0,0.0,0.0,0.0,0.0,0.0,0.0,0.0,0.0,0.0,0.0,0.0,0.0076555380314264395,0.0,0.0,,0.0,,0.0,,0.0,,0.0,,0.0,,,,,,,,,,,,,,,,,,,,,,0,2,83,6
1,region_01,2024-07-20,,,,,,,,,,,,,,,0.0,0.0,,,,,,,,,,,,,,,,,,,,,,,,,0.0,0.0,,,,,,,,,,,,,0.0,0.0,0.0,0.0,0.0,0.0,0.0,0.0,0.0,0.0,0.0,0.0,,,0.0,0.0,0.0,0.0,0.0,0.0,0.0,0.0,0.0,0.0,0.0,0.0,0.0,0.0,0.0,0.0,0.0,0.0,0.0,0.0,0.0,0.0,0.0,0.0,0.0,0.0,0.0,0.0,0.0,0.0,0.0,0.0,0.0,0.0,0.0,0.0,0.0,0.0,0.0,0.0,0.0,0.0,0.0,0.0,0.0,0.0,0.0,0.0,0.0,0.0,0.0,0.0,0.0,0.0,0.024097208187661343,0.0,0.0,0.0,0.0,0.0,0.0,0.0,0.0,0.0,0.015879965298587314,0.0,0.014505973174458406,0.0,0.0,,0.0,0.0,0.0,0.0,0.002968339122493109,0.0,0.0,0.0,0.0650338604199615,0.0,0.01978328893892462,0.0,0.0,0.0,0.04484866711903696,0.0,0.008454568027941964,0.0,0.14780699800361283,0.0,0.22110395810820835,0.0,0.14240759532702593,0.0,0.0,0.0,0.0,0.0,0.004285436917350318,0.0,0.0,0.0,0.0,0.0,0.24933522262356494,0.0,0.0029346162918955,0.0,0.0,0.0,0.0,,0.0,,0.0,,0.0,,0.0,,0.035630476576360745,0.0,0.0,,0.0029346162918955,0.0,0.0,,0.0,,0.0,,0.0,,,,,,,,0.0,,,,,,,,,,,,0.0,0.0,0.0,0.0,0.0,0.0,0.0,0.0,0.0,0.0,0.0,0.0,0.0,0.0,0.0,0.0,0.0,0.0,0.0,0.0,0.0,0.0,0.0,0.0,0.0,0.0,0.0,0.0,0.0,0.0,0.0,0.0,0.0,0.0,0.0,0.0,0.0,0.0,0.0,0.0,0.0,0.0,0.0,,0.0,,0.0,,0.0,,0.0,,0.0,,,,,,,,,,,,,,,,,,,,,,0,0,85,7
1,region_01,2024-07-27,,,,,,,,,,,,,,,0.0,0.0,,,,,,,,,,,,,,,,,,,,,,,,,0.0,0.0,,,,,,,,,,,,,0.0,0.0,0.0,0.0,0.0,0.0,0.0,0.0,0.0,0.0,0.0,0.0,,,0.0,0.0,0.0,0.0,0.0,0.0,0.0,0.0,0.0,0.0,0.0,0.0,0.0,0.0,0.0,0.0,0.0,0.0,0.0,0.0,0.0,0.0,0.0,0.0,0.0,0.0,0.0,0.0,0.0,0.0,0.0,0.0,0.0,0.0,0.0,0.0,0.0,0.0,0.0,0.0,0.0,0.0,0.0,0.0,0.0,0.0,0.0,0.0,0.0,0.0,0.0,0.0,0.0,0.0,0.019701201174392023,0.0,0.0036139441718761114,0.0,0.0,0.0,0.0,0.0,0.0,0.0,0.01757998702426746,0.0,0.007985505474997365,0.0,0.0,,0.0,0.0,0.0,0.0,0.00643164909614076,0.0,0.0,0.0,0.044381497740277824,0.0,0.02203984087931786,0.0,0.0011514598154462625,0.0,0.0501948777400763,0.0,0.006102852367098468,0.0,0.1094929735656037,0.0,0.2383019181040974,0.0,0.16669286801514765,0.0,0.0,0.0,0.0,0.0,0.019262813206800317,0.0,0.0,0.0,0.0,0.0,0.22471922971469493,0.0,0.007378060642319389,0.0,0.0018558984433877095,0.0,0.0,,0.0,,0.0,,0.0,,0.0,,0.029773015774850933,0.0,0.0,,0.00706365152210408,0.0,0.0,,0.002479282768697209,2.0,0.0,,0.0,,,,,,,,0.0,,,,,,,,,,,,0.0,0.0,0.0,0.0,0.0,0.0,0.0,0.0,0.0,0.0,0.0,0.0,0.0,0.0,0.0,0.0,0.0,0.0,0.0,0.0,0.0,0.0,0.0,0.0,0.0,0.0,0.0,0.0,0.0,0.0,0.0,0.0,0.0,0.0,0.0,0.0,0.0,0.0,0.0,0.0,0.0027635147151372735,0.0,0.0,,0.0,,0.0,,0.0,,0.0,,0.0,,,,,,,,,,,,,,,,,,,,,,0,1,85,8
1,region_01,2024-08-03,,,,,,,,,,,,,,,0.0,0.0,,,,,,,,,,,,,,,,,,,,,,,,,0.0,0.0,,,,,,,,,,,,,0.0,0.0,0.0,0.0,0.0,0.0,0.0,0.0,0.0,0.0,0.0,0.0,,,0.0,0.0,0.0,0.0,0.0,0.0,0.0,0.0,0.0,0.0,0.0,0.0,0.0,0.0,0.0,0.0,0.0,0.0,0.0,0.0,0.0,0.0,0.0,0.0,0.0,0.0,0.0,0.0,0.0,0.0,0.0,0.0,0.0,0.0,0.0,0.0,0.0,0.0,0.0,0.0,0.0,0.0,0.0,0.0,0.0,0.0,0.0,0.0,0.0,0.0,0.0,0.0,0.0,0.0,0.015305194161122707,0.0,0.007227888343752223,0.0,0.0,0.0,0.0,0.0,0.0,0.0,0.01928000874994761,0.0,0.001465037775536324,0.0,0.0,,0.0,0.0,0.0,0.0,0.00989495906978841,0.0,0.0,0.0,0.023729135060594157,0.0,0.024296392819711094,0.0,0.002302919630892525,0.0,0.05554108836111563,0.0,0.003751136706254971,0.0,0.07117894912759458,0.0,0.2554998780999864,0.0,0.19097814070326938,0.0,0.0,0.0,0.0,0.0,0.034240189496250316,0.0,0.0,0.0,0.0,0.0,0.20010323680582495,0.0,0.011821504992743278,0.0,0.003711796886775419,0.0,0.0,,0.0,,0.0,,0.0,,0.0,,0.02391555497334112,0.0,0.0,,0.01119268675231266,0.0,0.0,,0.004958565537394418,0.0,0.0,,0.0,,,,,,,,0.0,,,,,,,,,,,,0.0,0.0,0.0,0.0,0.0,0.0,0.0,0.0,0.0,0.0,0.0,0.0,0.0,0.0,0.0,0.0,0.0,0.0,0.0,0.0,0.0,0.0,0.0,0.0,0.0,0.0,0.0,0.0,0.0,0.0,0.0,0.0,0.0,0.0,0.0,0.0,0.0,0.0,0.0,0.0,0.005527029430274547,0.0,0.0,,0.0,,0.0,,0.0,,0.0,,0.0,,,,,,,,,,,,,,,,,,,,,,0,0,86,9
1,region_01,2024-08-10,,,,,,,,,,,,,,,0.0,0.0,,,,,,,,,,,,,,,,,,,,,,,,,0.0,0.0,,,,,,,,,,,,,0.0,0.0,0.0,0.0,0.0,0.0,0.0,0.0,0.0,0.0,0.0,0.0,,,0.0,0.0,0.0,0.0,0.0,0.0,0.0,0.0,0.0,0.0,0.0,0.0,0.0,0.0,0.0,0.0,0.0,0.0,0.0,0.0,0.0,0.0,0.0,0.0,0.0,0.0,0.0,0.0,0.0,0.0,0.0,0.0,0.0,0.0,0.0,0.0,0.0,0.0,0.0,0.0,0.0,0.0,0.0,0.0,0.0,0.0,0.0,0.0,0.0,0.0,0.0,0.0,0.0,0.0,0.016104089332280077,0.0,0.007044075692020724,0.0,0.0,0.0,0.0,0.0,0.0,0.0,0.012714705749836122,0.0,0.005414809057644208,0.0,0.0006737537914886808,2.0,0.0,0.0,0.0,0.0,0.00770907916012215,0.0,0.0,0.0,0.016557778132569357,0.0,0.03846741986594025,0.0,0.0028382893818030947,0.0,0.06744419994010098,0.0,0.004025080257893619,0.0,0.1011865594734748,0.0,0.19642926097980562,0.0,0.26448914710254895,0.0,0.0,0.0,0.0,0.0,0.021913435810156822,0.0,0.0,0.0,0.0,0.0,0.17240488341832083,0.0,0.007513861922133245,0.0,0.007078239116595922,0.0,0.0,,0.0,,0.0,,0.0,,0.0,,0.02249920778863482,0.0,0.0,,0.007114924285916508,0.0,0.0,,0.004103245245377409,0.0,0.0,,0.0,,,,,,,,0.0,,,,,,,,,,,,0.0,0.0,0.0,0.0,0.0,0.0,0.0,0.0,0.0,0.0,0.0,0.0,0.0,0.0,0.0,0.0,0.0,0.0,0.0,0.0,0.0,0.0,0.0,0.0,0.0,0.0,0.0,0.0,0.0,0.0,0.0,0.0,0.0,0.0,0.0,0.0,0.0,0.0,0.0,0.0,0.0027635147151372735,0.0,0.0009011727800641527,1.0,0.0,,0.0,,0.0,,0.0,,0.0,,,,,,,,,,,,,,,,,,,,,,1,1,86,0
1,region_01,2024-08-17,,,,,,,,,,,,,,,0.0,0.0,,,,,,,,,,,,,,,,,,,,,,,,,0.0,0.0,,,,,,,,,,,,,0.0,0.0,0.0,0.0,0.0,0.0,0.0,0.0,0.0,0.0,0.0,0.0,,,0.0,0.0,0.0,0.0,0.0,0.0,0.0,0.0,0.0,0.0,0.0,0.0,0.0,0.0,0.0,0.0,0.0,0.0,0.0,0.0,0.0,0.0,0.0,0.0,0.0,0.0,0.0,0.0,0.0,0.0,0.0,0.0,0.0,0.0,0.0,0.0,0.0,0.0,0.0,0.0,0.0,0.0,0.0,0.0,0.0,0.0,0.0,0.0,0.0,0.0,0.0,0.0,0.0,0.0,0.016902984503437447,0.0,0.006860263040289224,0.0,0.0,0.0,0.0,0.0,0.0,0.0,0.006149402749724636,0.0,0.00936458033975209,0.0,0.0013475075829773617,0.0,0.0,0.0,0.0,0.0,0.00552319925045589,0.0,0.0,0.0,0.009386421204544559,0.0,0.052638446912169415,0.0,0.0033736591327136645,0.0,0.07934731151908633,0.0,0.004299023809532267,0.0,0.131194169819355,0.0,0.13735864385962482,0.0,0.3380001535018285,0.0,0.0,0.0,0.0,0.0,0.00958668212406333,0.0,0.0,0.0,0.0,0.0,0.14470653003081674,0.0,0.003206218851523211,0.0,0.010444681346416424,0.0,0.0,,0.0,,0.0,,0.0,,0.0,,0.02108286060392852,0.0,0.0,,0.003037161819520356,0.0,0.0,,0.0032479249533604,0.0,0.0,,0.0,,,,,,,,0.0,,,,,,,,,,,,0.0,0.0,0.0,0.0,0.0,0.0,0.0,0.0,0.0,0.0,0.0,0.0,0.0,0.0,0.0,0.0,0.0,0.0,0.0,0.0,0.0,0.0,0.0,0.0,0.0,0.0,0.0,0.0,0.0,0.0,0.0,0.0,0.0,0.0,0.0,0.0,0.0,0.0,0.0,0.0,0.0,0.0,0.0018023455601283054,0.0,0.0,,0.0,,0.0,,0.0,,0.0,,,,,,,,,,,,,,,,,,,,,,0,0,88,1
1,region_01,2024-08-24,,,,,,,,,,,,,,,0.0,0.0,,,,,,,,,,,,,,,,,,,,,,,,,0.0,0.0,,,,,,,,,,,,,0.0,0.0,0.0,0.0,0.0,0.0,0.0,0.0,0.0,0.0,0.0,0.0,,,0.0,0.0,0.0,0.0,0.0,0.0,0.0,0.0,0.0,0.0,0.0,0.0,0.0,0.0,0.0,0.0,0.0,0.0,0.0,0.0,0.0,0.0,0.0,0.0,0.0,0.0,0.0,0.0,0.0,0.0,0.0,0.0,0.0,0.0,0.0,0.0,0.0,0.0,0.0,0.0,0.0,0.0,0.0,0.0,0.0,0.0,0.0,0.0,0.0,0.0,0.0,0.0,0.0,0.0,0.022139859700073723,0.0,0.004049227797230162,0.0,0.0,0.0,0.0,0.0,0.0,0.0,0.004469597278971565,0.0,0.012814110706829859,0.0,0.0006737537914886808,0.0,0.0,0.0,0.0,0.0,0.002761599625227945,0.0,0.0,0.0,0.006581437877550869,0.0,0.041075461740164326,0.0,0.0016868295663568322,0.0,0.08120609116495436,0.0,0.005625367229967737,0.0,0.11358024504254843,0.0,0.11992246299050743,0.0,0.35916911000222485,0.0,0.0,0.0,0.0,0.0,0.00808091628193654,0.0,0.0,0.0,0.0,0.0,0.13714421506867636,0.0,0.002250414341688103,0.0,0.005841436950293762,0.0,0.0019019836077599393,2.0,0.0,,0.0,,0.0,,0.0,,0.0381916824826284,0.0,0.0,,0.008309489015017636,0.0,0.0,,0.0016239624766802,0.0,0.0,,0.0,,,,,,,,0.0,,,,,,,,,,,,0.0,0.0,0.0,0.0,0.0,0.0,0.0,0.0,0.0,0.0,0.0,0.0,0.0,0.0,0.0,0.0,0.0,0.0,0.0,0.0,0.0,0.0,0.0,0.0,0.0,0.0,0.0,0.0,0.0,0.0,0.0,0.0,0.0,0.0,0.0,0.0,0.0,0.0,0.0,0.0,0.0006190962770855499,0.0,0.01848014793052382,0.0,0.0,,0.0,,0.0,,0.0,,0.0,,,,,,,,,,,,,,,,,,,,,,0,1,88,2
1,region_01,2024-08-31,,,,,,,,,,,,,,,0.0,0.0,,,,,,,,,,,,,,,,,,,,,,,,,0.0,0.0,,,,,,,,,,,,,0.0,0.0,0.0,0.0,0.0,0.0,0.0,0.0,0.0,0.0,0.0,0.0,,,0.0,0.0,0.0,0.0,0.0,0.0,0.0,0.0,0.0,0.0,0.0,0.0,0.0,0.0,0.0,0.0,0.0,0.0,0.0,0.0,0.0,0.0,0.0,0.0,0.0,0.0,0.0,0.0,0.0,0.0,0.0,0.0,0.0,0.0,0.0,0.0,0.0,0.0,0.0,0.0,0.0,0.0,0.0,0.0,0.0,0.0,0.0,0.0,0.0,0.0,0.0,0.0,0.0,0.0,0.027376734896709998,0.0,0.0012381925541710998,0.0,0.0,0.0,0.0,0.0,0.0,0.0,0.002789791808218495,0.0,0.016263641073907625,0.0,0.0,0.0,0.0,0.0,0.0,0.0,0.0,0.0,0.0,0.0,0.0037764545505571787,0.0,0.02951247656815924,0.0,0.0,0.0,0.0830648708108224,0.0,0.006951710650403206,0.0,0.09596632026574185,0.0,0.10248628212139006,0.0,0.38033806650262125,0.0,0.0,0.0,0.0,0.0,0.006575150439809753,0.0,0.0,0.0,0.0,0.0,0.129581900106536,0.0,0.0012946098318529944,0.0,0.0012381925541710998,0.0,0.0038039672155198785,0.0,0.0,,0.0,,0.0,,0.0,,0.05530050436132828,0.0,0.0,,0.013581816210514916,0.0,0.0,,0.0,0.0,0.0,,0.0,,,,,,,,0.0,,,,,,,,,,,,0.0,0.0,0.0,0.0,0.0,0.0,0.0,0.0,0.0,0.0,0.0,0.0,0.0,0.0,0.0,0.0,0.0,0.0,0.0,0.0,0.0,0.0,0.0,0.0,0.0,0.0,0.0,0.0,0.0,0.0,0.0,0.0,0.0,0.0,0.0,0.0,0.0,0.0,0.0,0.0,0.0012381925541710998,0.0,0.03515795030091934,0.0,0.0,,0.0,,0.0,,0.0,,0.0,,,,,,,,,,,,,,,,,,,,,,0,0,89,3
1,region_01,2024-09-07,,,,,,,,,,,,,,,0.0,0.0,,,,,,,,,,,,,,,,,,,,,,,,,0.0,0.0,,,,,,,,,,,,,0.0,0.0,0.0,0.0,0.0,0.0,0.0,0.0,0.0,0.0,0.0,0.0,,,0.0,0.0,0.0,0.0,0.0,0.0,0.0,0.0,0.0,0.0,0.0,0.0,0.0,0.0,0.0,0.0,0.0,0.0,0.0,0.0,0.0,0.0,0.0,0.0,0.0,0.0,0.0,0.0,0.0,0.0,0.0,0.0,0.0,0.0,0.0,0.0,0.0,0.0,0.0,0.0,0.0,0.0,0.0,0.0,0.0,0.0,0.0,0.0,0.0,0.0,0.0,0.0,0.0,0.0,0.024945448740924615,0.0,0.0006190962770855499,0.0,0.0,0.0,0.0,0.0,0.0,0.0,0.0013948959041092475,0.0,0.013672741708666995,0.0,0.0,0.0,0.0,0.0,0.0,0.0,0.0,0.0,0.0,0.0,0.005964887840741362,0.0,0.027191280066008402,0.0,0.0,0.0,0.0454183187776882,0.0,0.013422813564702298,0.0,0.10584298161077582,0.0,0.07749190261690976,0.0,0.4392533998463545,0.0,0.0011037808144464805,0.0,0.0,0.0,0.0032875752199048765,0.0,0.0,0.0,0.0005652803908257167,0.0,0.12191406054984005,0.0,0.002714047344246214,0.0,0.0006190962770855499,0.0,0.0019019836077599393,0.0,0.0,,0.0,,0.0,,0.0,,0.0426126607688285,0.0,0.0,,0.02634343934348883,0.0,0.005558694999378439,2.0,0.0060596475735879615,0.0,0.0,,0.0,,,,,,,,0.0,,,,,,,,,,,,0.0,0.0,0.0,0.0,0.0,0.0,0.0,0.0,0.0,0.0,0.0,0.0,0.0,0.0,0.0,0.0,0.0,0.0,0.0,0.0,0.0,0.0,0.0,0.0,0.0,0.0,0.0,0.0,0.0,0.0,0.0,0.0,0.0,0.0,0.0,0.0,0.0,0.0,0.0,0.0,0.006682376438555702,0.0,0.025037401098804233,0.0,0.0,,0.0,,0.0,,0.0,,0.0,,,,,,,,,,,,,,,,,,,,,,0,1,89,4
1,region_01,2024-09-14,,,,,,,,,,,,,,,0.0,0.0,,,,,,,,,,,,,,,,,,,,,,,,,0.0,0.0,,,,,,,,,,,,,0.0,0.0,0.0,0.0,0.0,0.0,0.0,0.0,0.0,0.0,0.0,0.0,,,0.0,0.0,0.0,0.0,0.0,0.0,0.0,0.0,0.0,0.0,0.0,0.0,0.0,0.0,0.0,0.0,0.0,0.0,0.0,0.0,0.0,0.0,0.0,0.0,0.0,0.0,0.0,0.0,0.0,0.0,0.0,0.0,0.0,0.0,0.0,0.0,0.0,0.0,0.0,0.0,0.0,0.0,0.0,0.0,0.0,0.0,0.0,0.0,0.0,0.0,0.0,0.0,0.0,0.0,0.022514162585139233,0.0,0.0,0.0,0.0,0.0,0.0,0.0,0.0,0.0,0.0,0.0,0.011081842343426367,0.0,0.0,0.0,0.0,0.0,0.0,0.0,0.0,0.0,0.0,0.0,0.008153321130925545,0.0,0.024870083563857562,0.0,0.0,0.0,0.007771766744553995,0.0,0.01989391647900139,0.0,0.11571964295580979,0.0,0.052497523112429466,0.0,0.4981687331900877,0.0,0.002207561628892961,0.0,0.0,0.0,0.0,0.0,0.0,0.0,0.0011305607816514333,0.0,0.1142462209931441,0.0,0.004133484856639434,0.0,0.0,0.0,0.0,0.0,0.0,,0.0,,0.0,,0.0,,0.029924817176328715,0.0,0.0,,0.03910506247646275,0.0,0.011117389998756878,0.0,0.012119295147175923,0.0,0.0,,0.0,,,,,,,,0.0,,,,,,,,,,,,0.0,0.0,0.0,0.0,0.0,0.0,0.0,0.0,0.0,0.0,0.0,0.0,0.0,0.0,0.0,0.0,0.0,0.0,0.0,0.0,0.0,0.0,0.0,0.0,0.0,0.0,0.0,0.0,0.0,0.0,0.0,0.0,0.0,0.0,0.0,0.0,0.0,0.0,0.0,0.0,0.012126560322940304,0.0,0.014916851896689128,0.0,0.0,,0.0,,0.0,,0.0,,0.0,,,,,,,,,,,,,,,,,,,,,,0,0,90,5
1,region_01,2024-09-21,,,,,,,,,,,,,,,0.0,0.0,,,,,,,,,,,,,,,,,,,,,,,,,0.0,0.0,,,,,,,,,,,,,0.0,0.0,0.0,0.0,0.0,0.0,0.0,0.0,0.0,0.0,0.0,0.0,,,0.0,0.0,0.0,0.0,0.0,0.0,0.0,0.0,0.0,0.0,0.0,0.0,0.0,0.0,0.0,0.0,0.0,0.0,0.0,0.0,0.0,0.0,0.0,0.0,0.0,0.0,0.0,0.0,0.0,0.0,0.0,0.0,0.0,0.0,0.0,0.0,0.0,0.0,0.0,0.0,0.0,0.0,0.0,0.0,0.0,0.0,0.0,0.0,0.0,0.0,0.0,0.0,0.0,0.0,0.012788420209350646,0.0,0.0,0.0,0.0,0.0,0.0,0.0,0.0032848819314191535,0.0,0.0014384512323886,0.0,0.007072260088494213,0.0,0.0,0.0,0.0,0.0,0.0,0.0,0.0,0.0,0.0,0.0,0.012715010694151978,0.0,0.0256665586558584,0.0,0.0,0.0,0.035061561858610146,0.0,0.009946958239500696,0.0,0.08277738117612894,0.0,0.06127290498294856,0.0,0.5124957742644292,0.0,0.0011037808144464805,0.0,0.0,0.0,0.0,0.0,0.0,0.0,0.0005652803908257167,0.0,0.10782172040966874,0.0,0.01041738151190677,0.0,0.0021930762210531883,0.0,0.001640720267979675,0.0,0.0,,0.0,,0.0,,0.0,,0.022832716396687124,0.0,0.0,,0.030895765347321004,0.0,0.00906724921570943,0.0,0.0060596475735879615,0.0,0.0,,0.0,,,,,,,,0.0,,,,,,,,,,,,0.0,0.0,0.0,0.0,0.0,0.0,0.0,0.0,0.0,0.0,0.0,0.0,0.0,0.0,0.0,0.0,0.0,0.0,0.0,0.0,0.0,0.0,0.0,0.0,0.0,0.0,0.0,0.0,0.0,0.0,0.0,0.0,0.0,0.0,0.0,0.0,0.0,0.0,0.0,0.0,0.007275463164071779,0.0,0.0273344956115466,0.0,0.0,,0.0,,0.0,,0.0,,0.0,,,,,,,,,,,,,,,,,,,,,,0,0,90,6
1,region_01,2024-09-28,,,,,,,,,,,,,,,0.0,0.0,,,,,,,,,,,,,,,,,,,,,,,,,0.0,0.0,,,,,,,,,,,,,0.0,0.0,0.0,0.0,0.0,0.0,0.0,0.0,0.0,0.0,0.0,0.0,,,0.0,0.0,0.0,0.0,0.0,0.0,0.0,0.0,0.0,0.0,0.0,0.0,0.0,0.0,0.0,0.0,0.0,0.0,0.0,0.0,0.0,0.0,0.0,0.0,0.0,0.0,0.0,0.0,0.0,0.0,0.0,0.0,0.0,0.0,0.0,0.0,0.0,0.0,0.0,0.0,0.0,0.0,0.0,0.0,0.0,0.0,0.0,0.0,0.0,0.0,0.0,0.0,0.0,0.0,0.00306267783356206,0.0,0.0,0.0,0.0,0.0,0.0,0.0,0.006569763862838307,0.0,0.0028769024647772,0.0,0.00306267783356206,0.0,0.0,0.0,0.0,0.0,0.0,0.0,0.0,0.0,0.0,0.0,0.017276700257378413,0.0,0.026463033747859244,0.0,0.0,0.0,0.0623513569726663,0.0,0.0,0.0,0.049835119396448094,0.0,0.07004828685346766,0.0,0.5268228153387705,0.0,0.0,0.0,0.0,0.0,0.0,0.0,0.0,0.0,0.0,0.0,0.10139721982619337,0.0,0.016701278167174108,0.0,0.004386152442106377,0.0,0.00328144053595935,0.0,0.0,,0.0,,0.0,,0.0,,0.01574061561704553,0.0,0.0,,0.022686468218179264,0.0,0.0070171084326619846,0.0,0.0,0.0,0.0,,0.0,,,,,,,,0.0,,,,,,,,,,,,0.0,0.0,0.0,0.0,0.0,0.0,0.0,0.0,0.0,0.0,0.0,0.0,0.0,0.0,0.0,0.0,0.0,0.0,0.0,0.0,0.0,0.0,0.0,0.0,0.0,0.0,0.0,0.0,0.0,0.0,0.0,0.0,0.0,0.0,0.0,0.0,0.0,0.0,0.0,0.0,0.002424366005203253,0.0,0.03975213932640407,0.0,0.0,,0.0,,0.0,,0.0,,0.0,,,,,,,,,,,,,,,,,,,,,,0,0,90,7
1,region_01,2024-10-05,,,,,,,,,,,,,,,0.005049829402317576,0.0,,,,,,,,,,,,,,,,,,,,,,,,,0.0,0.0,,,,,,,,,,,,,0.0,0.0,0.0,0.0,0.0,0.0,0.0,0.0,0.0,0.0,0.0,0.0,,,0.0,0.0,0.0,0.0,0.0,0.0,0.0,0.0,0.0,0.0,0.0,0.0,0.0,0.0,0.0,0.0,0.0,0.0,0.0,0.0,0.0,0.0,0.0,0.0,0.0,0.0,0.0,0.0,0.0,0.0,0.0,0.0,0.0,0.0,0.0,0.0,0.0,0.0,0.0,0.0,0.0,0.0,0.0,0.0,0.0,0.0,0.0,0.0,0.0,0.0,0.0,0.0,0.004536712821572995,0.0,0.0034605562454089133,0.0,0.0,0.0,0.0,0.0,0.0,0.0,0.005643026825661417,0.0,0.0014384512323886,0.0,0.0030126694822683467,0.0,0.0011655482230707875,0.0,0.0,0.0,0.0,0.0,0.0,0.0,0.0,0.0,0.008638350128689206,0.0,0.029353969322983123,0.0,0.0,0.0,0.03680724374819816,0.0,0.0019005059397646143,0.0,0.05206567596178498,0.0,0.05167249539825951,0.0,0.5759236840974717,0.0,0.0,0.0,0.0,0.0,0.0,0.0,0.0,0.0,0.0,0.0,0.07762309013153695,0.0,0.013268987447886198,0.0,0.0021930762210531883,0.0,0.001640720267979675,0.0,0.0,,0.0,,0.0,,0.0,,0.008745038392268721,0.0,0.0,,0.023902230932007447,0.0,0.015819018008187365,0.0,0.0,0.0,0.0,,0.0,,,,,,,,0.0,,,,,,,,,,,,0.0,0.0,0.0,0.0,0.0,0.0,0.0,0.0,0.0,0.0,0.0,0.0,0.0,0.0,0.0,0.0,0.0,0.0,0.0,0.0,0.0,0.0,0.0,0.0,0.0,0.0,0.0,0.0,0.0,0.0,0.0,0.0,0.0,0.0,0.0,0.0,0.0,0.0,0.0,0.0,0.0012121830026016265,0.0,0.06397055140148623,0.0,0.0,,0.0,,0.0014102588407695102,2.0,0.0,,0.0,,,,,,,,,,,,,,,,,,,,,,0,1,90,8
1,region_01,2024-10-12,,,,,,,,,,,,,,,0.010099658804635153,0.0,,,,,,,,,,,,,,,,,,,,,,,,,0.0,0.0,,,,,,,,,,,,,0.0,0.0,0.0,0.0,0.0,0.0,0.0,0.0,0.0,0.0,0.0,0.0,,,0.0,0.0,0.0,0.0,0.0,0.0,0.0,0.0,0.0,0.0,0.0,0.0,0.0,0.0,0.0,0.0,0.0,0.0,0.0,0.0,0.0,0.0,0.0,0.0,0.0,0.0,0.0,0.0,0.0,0.0,0.0,0.0,0.0,0.0,0.0,0.0,0.0,0.0,0.0,0.0,0.0,0.0,0.0,0.0,0.0,0.0,0.0,0.0,0.0,0.0,0.0,0.0,0.00907342564314599,0.0,0.0038584346572557667,0.0,0.0,0.0,0.0,0.0,0.0,0.0,0.004716289788484527,0.0,0.0,0.0,0.0029626611309746336,0.0,0.002331096446141575,0.0,0.0,0.0,0.0,0.0,0.0,0.0,0.0,0.0,0.0,0.0,0.032244904898107,0.0,0.0,0.0,0.011263130523730024,0.0,0.0038010118795292285,0.0,0.05429623252712187,0.0,0.03329670394305135,0.0,0.6250245528561729,0.0,0.0,0.0,0.0,0.0,0.0,0.0,0.0,0.0,0.0,0.0,0.05384896043688054,0.0,0.009836696728598288,0.0,0.0,0.0,0.0,0.0,0.0,,0.0,,0.0,,0.0,,0.0017494611674919154,0.0,0.0,,0.025117993645835626,0.0,0.024620927583712746,0.0,0.0,0.0,0.0,,0.0,,,,,,,,0.0,,,,,,,,,,,,0.0,0.0,0.0,0.0,0.0,0.0,0.0,0.0,0.0,0.0,0.0,0.0,0.0,0.0,0.0,0.0,0.0,0.0,0.0,0.0,0.0,0.0,0.0,0.0,0.0,0.0,0.0,0.0,0.0,0.0,0.0,0.0,0.0,0.0,0.0,0.0,0.0,0.0,0.0,0.0,0.0,0.0,0.0881889634765684,0.0,0.0,,0.0,,0.0028205176815390203,0.0,0.0,,0.0,,,,,,,,,,,,,,,,,,,,,,0,0,91,9
1,region_01,2024-10-19,,,,,,,,,,,,,,,0.005049829402317576,0.0,,,,,,,,,,,,,,,,,,,,,,,,,0.0,0.0,,,,,,,,,,,,,0.0,0.0,0.0,0.0,0.0,0.0,0.0,0.0,0.0,0.0,0.0,0.0,,,0.0,0.0,0.0,0.0,0.0,0.0,0.0,0.0,0.0,0.0,0.0,0.0,0.0,0.0,0.0,0.0,0.0,0.0,0.0,0.0,0.0,0.0,0.0,0.0,0.0,0.0,0.0,0.0,0.0,0.0,0.0,0.0,0.0,0.0,0.0,0.0,0.0,0.0,0.0,0.0,0.0,0.0,0.0,0.0,0.0,0.0,0.0,0.0,0.0,0.0,0.0,0.0,0.004536712821572995,0.0,0.009732370016475476,0.0,0.0,0.0,0.0,0.0,0.0,0.0,0.0023581448942422635,0.0,0.0,0.0,0.0014813305654873168,0.0,0.0011655482230707875,0.0,0.0,0.0,0.0,0.0,0.0,0.0,0.0,0.0,0.0,0.0,0.024330338711539855,0.0,0.0,0.0,0.011090660892659759,0.0,0.007512421114370185,0.0,0.04509069982450452,0.0,0.04794756355307371,0.0,0.5658387761194628,0.0,0.0,0.0,0.0,0.0,0.003814766216757018,0.0,0.0,0.0,0.0,0.0,0.07292366223409769,0.0,0.01617068494088012,0.0,0.0,0.0,0.0013524197274819,0.0,0.0,,0.0,,0.0013524197274819,2.0,0.0,,0.005047842018150988,0.0,0.004519976120298846,1.0,0.01956069477794998,0.0,0.01808818515676714,0.0,0.009983562577802384,0.0,0.0,,0.0,,,,,,,,0.0,,,,,,,,,,,,0.0,0.0,0.0,0.0,0.0,0.0,0.0,0.0,0.0,0.0,0.0,0.0,0.0,0.0,0.0,0.0,0.0,0.0,0.0,0.0,0.0,0.0,0.0,0.0,0.0,0.0,0.0,0.0,0.0,0.0,0.0,0.0,0.0,0.0,0.0,0.0,0.0,0.0,0.0,0.0,0.0,0.0,0.11075108174488621,0.0,0.0,,0.008138699457049346,2.0,0.00276267856825141,0.0,0.0,,0.0,,,,,,,,,,,,,,,,,,,,,,1,2,91,0
1,region_01,2024-10-26,,,,,,,,,,,,,,,0.0,0.0,,,,,,,,,,,,,,,,,,,,,,,,,0.0,0.0,,,,,,,,,,,,,0.0,0.0,0.0,0.0,0.0,0.0,0.0,0.0,0.0,0.0,0.0,0.0,,,0.0,0.0,0.0,0.0,0.0,0.0,0.0,0.0,0.0,0.0,0.0,0.0,0.0,0.0,0.0,0.0,0.0,0.0,0.0,0.0,0.0,0.0,0.0,0.0,0.0,0.0,0.0,0.0,0.0,0.0,0.0,0.0,0.0,0.0,0.0,0.0,0.0,0.0,0.0,0.0,0.0,0.0,0.0,0.0,0.0,0.0,0.0,0.0,0.0,0.0,0.0,0.0,0.0,0.0,0.015606305375695186,0.0,0.0,0.0,0.0,0.0,0.0,0.0,0.0,0.0,0.0,0.0,0.0,0.0,0.0,0.0,0.0,0.0,0.0,0.0,0.0,0.0,0.0,0.0,0.0,0.0,0.016415772524972706,0.0,0.0,0.0,0.010918191261589494,0.0,0.011223830349211142,0.0,0.03588516712188717,0.0,0.06259842316309606,0.0,0.5066529993827527,0.0,0.0,0.0,0.0,0.0,0.007629532433514036,0.0,0.0,0.0,0.0,0.0,0.09199836403131482,0.0,0.022504673153161955,0.0,0.0,0.0,0.0027048394549638,0.0,0.0,,0.0,,0.0027048394549638,0.0,0.0,,0.00834622286881006,0.0,0.009039952240597691,0.0,0.014003395910064333,0.0,0.011555442729821537,0.0,0.019967125155604767,0.0,0.0,,0.0,,,,,,,,0.0,,,,,,,,,,,,0.0,0.0,0.0,0.0,0.0,0.0,0.0,0.0,0.0,0.0,0.0,0.0,0.0,0.0,0.0,0.0,0.0,0.0,0.0,0.0,0.0,0.0,0.0,0.0,0.0,0.0,0.0,0.0,0.0,0.0,0.0,0.0,0.0,0.0,0.0,0.0,0.0,0.0,0.0,0.0,0.0,0.0,0.13331320001320401,0.0,0.0,,0.01627739891409869,0.0,0.0027048394549638,0.0,0.0,,0.0,,,,,,,,,,,,,,,,,,,,,,0,0,94,1
1,region_01,2024-11-02,,,,,,,,,,,,,,,0.0,0.0,,,,,,,,,,,,,,,,,,,,,,,,,0.0,0.0,,,,,,,,,,,,,0.0,0.0,0.0,0.0,0.0,0.0,0.0,0.0,0.0,0.0,0.0,0.0,,,0.0,0.0,0.0,0.0,0.0,0.0,0.0,0.0,0.0,0.0,0.0,0.0,0.0,0.0,0.0,0.0,0.0,0.0,0.0,0.0,0.0,0.0,0.0,0.0,0.0,0.0,0.0,0.0,0.0,0.0,0.0,0.0,0.0,0.0,0.0,0.0,0.0,0.0,0.0,0.0,0.0,0.0,0.0,0.0,0.0,0.0,0.0,0.0,0.0,0.0,0.0,0.0,0.0,0.0,0.007803152687847593,0.0,0.0,0.0,0.0,0.0,0.0,0.0,0.00323427375406025,0.0,0.004878647664251405,0.0,0.0,0.0,0.003581823897548,0.0,0.0,0.0,0.0,0.0,0.0,0.0,0.0,0.0,0.004321891137144759,0.0,0.014095825158680433,0.0,0.0,0.0,0.016310704752270627,0.0,0.010592244521138171,0.0,0.01955972043797371,0.0,0.04912379067834639,0.0,0.4597147313448099,0.0,0.0,0.0,0.0,0.0,0.003814766216757018,0.0,0.0,0.0,0.0,0.0,0.06760618153161232,0.0,0.021566672623157455,0.0,0.0,0.0,0.006171660481153828,0.0,0.0,,0.0,,0.0013524197274819,0.0,0.0,,0.00417311143440503,0.0,0.004519976120298846,0.0,0.03996159223218754,0.0,0.05908952954296878,0.0,0.014554837127574318,0.0,0.0,,0.0,,,,,,,,0.0,,,,,,,,,,,,0.0,0.0,0.0,0.0,0.0,0.0,0.0,0.0,0.0,0.0,0.0,0.0,0.0,0.0,0.0,0.0,0.0,0.0,0.0,0.0,0.0,0.0,0.0,0.0,0.0,0.0,0.0,0.0,0.0,0.0,0.0,0.0,0.0,0.0,0.0,0.0,0.0,0.0,0.0,0.0,0.0,0.0,0.170250961914508,0.0,0.0,,0.012510785671810645,0.0,0.00560340224765239,0.0,0.0,,0.0,,,,,,,,,,,,,,,,,,,,,,0,0,94,2
1,region_01,2024-11-09,,,,,,,,,,,,,,,0.0,0.0,,,,,,,,,,,,,,,,,,,,,,,,,0.0,0.0,,,,,,,,,,,,,0.0,0.0,0.0,0.0,0.0,0.0,0.0,0.0,0.0,0.0,0.0,0.0,,,0.0,0.0,0.0,0.0,0.0,0.0,0.0,0.0,0.0,0.0,0.0,0.0,0.0,0.0,0.0,0.0,0.0,0.0,0.0,0.0,0.0,0.0,0.0,0.0,0.0,0.0,0.0,0.0,0.0,0.0,0.0,0.0,0.0,0.0,0.0,0.0,0.0,0.0,0.0,0.0,0.0,0.0,0.0,0.0,0.0,0.0,0.0,0.0,0.0,0.0,0.0,0.0,0.0,0.0,0.0,0.0,0.0,0.0,0.0,0.0,0.0,0.0,0.0064685475081205,0.0,0.00975729532850281,0.0,0.0,0.0,0.007163647795096,0.0,0.0,0.0,0.0,0.0,0.0,0.0,0.0,0.0,0.008643782274289517,0.0,0.011775877792388157,0.0,0.0,0.0,0.02170321824295176,0.0,0.0099606586930652,0.0,0.00323427375406025,0.0,0.03564915819359673,0.0,0.4127764633068672,0.0,0.0,0.0,0.0,0.0,0.0,0.0,0.0,0.0,0.0,0.0,0.04321399903190983,0.0,0.020628672093152955,0.0,0.0,0.0,0.009638481507343857,0.0,0.0,,0.0,,0.0,0.0,0.0,,0.0,0.0,0.0,0.0,0.06591978855431074,0.0,0.10662361635611603,0.0,0.00914254909954387,0.0,0.0,,0.0,,,,,,,,0.0,,,,,,,,,,,,0.0,0.0,0.0,0.0,0.0,0.0,0.0,0.0,0.0,0.0,0.0,0.0,0.0,0.0,0.0,0.0,0.0,0.0,0.0,0.0,0.0,0.0,0.0,0.0,0.0,0.0,0.0,0.0,0.0,0.0,0.0,0.0,0.0,0.0,0.0,0.0,0.0,0.0,0.0,0.0,0.0,0.0,0.20718872381581196,0.0,0.0,,0.0087441724295226,0.0,0.00850196504034098,0.0,0.0,,0.0,,,,,,,,,,,,,,,,,,,,,,0,0,94,3
1,region_01,2024-11-16,,,,,,,,,,,,,,,0.0,0.0,,,,,,,,,,,,,,,,,,,,,,,,,0.0,0.0,,,,,,,,,,,,,0.0,0.0,0.0,0.0,0.0,0.0,0.0,0.0,0.0,0.0,0.0,0.0,,,0.0,0.0,0.0,0.0,0.0,0.0,0.0,0.0,0.0,0.0,0.0,0.0,0.0,0.0,0.0,0.0,0.0,0.0,0.0,0.0,0.0,0.0,0.0,0.0,0.0,0.0,0.0,0.0,0.0,0.0,0.0,0.0,0.0,0.0,0.0,0.0,0.0,0.0,0.0,0.0,0.0,0.0,0.0,0.0,0.0,0.0,0.0,0.0,0.0,0.0,0.0,0.0,0.003308329265564661,0.0,0.0055319514089765265,0.0,0.003859413735982422,0.0,0.0,0.0,0.0,0.0,0.009218768324129819,0.0,0.004878647664251405,0.0,0.0,0.0,0.003581823897548,0.0,0.0,0.0,0.0,0.0,0.0,0.0,0.0,0.0,0.004321891137144759,0.0,0.005887938896194079,0.0,0.0,0.0,0.01085160912147588,0.0,0.0049803293465326,0.0,0.001617136877030125,0.0,0.017824579096798365,0.0,0.42154982342169833,0.0,0.0,0.0,0.0,0.0,0.0,0.0,0.0,0.0,0.0,0.0,0.04304332772761089,0.0,0.022382189698803838,0.0,0.0,0.0,0.020942406309256784,0.0,0.0,,0.0,,0.0,0.0,0.0,,0.004018858168274145,0.0,0.017708540034408735,0.0,0.072740773204714,0.0,0.08215892572815597,0.0,0.007879603815336596,0.0,0.0,,0.0,,,,,,,,0.0,,,,,,,,,,,,0.0,0.0,0.0,0.0,0.0,0.0,0.0,0.0,0.0,0.0,0.0,0.0,0.0,0.0,0.0,0.0,0.0,0.0,0.0,0.0,0.0,0.0,0.0,0.0,0.0,0.0,0.0,0.0,0.0,0.0,0.0,0.0,0.0,0.0,0.0,0.0,0.0,0.0,0.0,0.0,0.0,0.0,0.21983295968837205,0.0,0.0,,0.01366033962068072,0.0,0.00425098252017049,0.0,0.0,,0.0,,,,,,,,,,,,,,,,,,,,,,0,0,94,4
1,region_01,2024-11-23,,,,,,,,,,,,,,,0.0,0.0,,,,,,,,,,,,,,,,,,,,,,,,,0.0,0.0,,,,,,,,,,,,,0.0,0.0,0.0,0.0,0.0,0.0,0.0,0.0,0.0,0.0,0.0,0.0,,,0.0,0.0,0.0,0.0,0.0,0.0,0.0,0.0,0.0,0.0,0.0,0.0,0.0,0.0,0.0,0.0,0.0,0.0,0.0,0.0,0.0,0.0,0.0,0.0,0.0,0.0,0.0,0.0,0.0,0.0,0.0,0.0,0.0,0.0,0.0,0.0,0.0,0.0,0.0,0.0,0.0,0.0,0.0,0.0,0.0,0.0,0.0,0.0,0.0,0.0,0.0,0.0,0.006616658531129322,0.0,0.011063902817953053,0.0,0.007718827471964844,0.0,0.0,0.0,0.0,0.0,0.011968989140139137,0.0,0.0,0.0,0.0,0.0,0.0,0.0,0.0,0.0,0.0,0.0,0.0,0.0,0.0,0.0,0.0,0.0,0.0,0.0,0.0,0.0,0.0,0.0,0.0,0.0,0.0,0.0,0.0,0.0,0.43032318353652954,0.0,0.0,0.0,0.0,0.0,0.0,0.0,0.0,0.0,0.0,0.0,0.04287265642331194,0.0,0.024135707304454725,0.0,0.0,0.0,0.032246331111169715,0.0,0.0,,0.0,,0.0,0.0,0.0,,0.00803771633654829,0.0,0.03541708006881747,0.0,0.07956175785511728,0.0,0.05769423510019593,0.0,0.006616658531129322,0.0,0.0,,0.0,,,,,,,,0.0,,,,,,,,,,,,0.0,0.0,0.0,0.0,0.0,0.0,0.0,0.0,0.0,0.0,0.0,0.0,0.0,0.0,0.0,0.0,0.0,0.0,0.0,0.0,0.0,0.0,0.0,0.0,0.0,0.0,0.0,0.0,0.0,0.0,0.0,0.0,0.0,0.0,0.0,0.0,0.0,0.0,0.0,0.0,0.0,0.0,0.23247719556093213,0.0,0.0,,0.01857650681183884,0.0,0.0,0.0,0.0,,0.0,,,,,,,,,,,,,,,,,,,,,,0,0,94,5
1,region_01,2024-11-30,,,,,,,,,,,,,,,0.0,0.0,,,,,,,,,,,,,,,,,,,,,,,,,0.0,0.0,,,,,,,,,,,,,0.0,0.0,0.0,0.0,0.0,0.0,0.0,0.0,0.0,0.0,0.0,0.0,,,0.0,0.0,0.0,0.0,0.0,0.0,0.0,0.0,0.0,0.0,0.0,0.0,0.0,0.0,0.0,0.0,0.0,0.0,0.0,0.0,0.0,0.0,0.0,0.0,0.0,0.0,0.0,0.0,0.0,0.0,0.0,0.0,0.0,0.0,0.0,0.0,0.0,0.0,0.0,0.0,0.0,0.0,0.0,0.0,0.0,0.0,0.0,0.0,0.0,0.0,0.0,0.0,0.003308329265564661,0.0,0.0055319514089765265,0.0,0.003859413735982422,0.0,0.0,0.0,0.0,0.0,0.005984494570069569,0.0,0.0,0.0,0.0019257530657341437,0.0,0.0,0.0,0.0,0.0,0.0,0.0,0.0,0.0,0.0,0.0,0.0,0.0,0.0,0.0,0.0,0.0,0.0,0.0,0.0,0.0,0.0037333290286672414,0.0,0.006581399279336112,0.0,0.384506614257892,0.0,0.0,0.0,0.0,0.0,0.0,0.0,0.0,0.0,0.0,0.0,0.026802306439584235,0.0,0.02821257961197537,0.0,0.0,0.0,0.022274469331532036,0.0,0.0,,0.0,,0.0,0.0,0.0,,0.004018858168274145,0.0,0.055873728987689164,0.0,0.06292639377837375,0.0,0.07978261505755091,0.0,0.003308329265564661,0.0,0.0,,0.0,,,,,,,,0.0,,,,,,,,,,,,0.0,0.0,0.0,0.0,0.0,0.0,0.0,0.0,0.0,0.0,0.0,0.0,0.0,0.0,0.0,0.0,0.0,0.0,0.0,0.0,0.0,0.0,0.0,0.0,0.0,0.0,0.0,0.0,0.0,0.0,0.0,0.0,0.0,0.0,0.0,0.0,0.0,0.0,0.0,0.0,0.0,0.0,0.27096988497809926,0.0,0.013037009707962455,2.0,0.016544438188131377,0.0,0.00336840245872733,0.0,0.0,,0.0,,,,,,,,,,,,,,,,,,,,,,0,1,94,6
1,region_01,2024-12-07,,,,,,,,,,,,,,,0.0,0.0,,,,,,,,,,,,,,,,,,,,,,,,,0.0,0.0,,,,,,,,,,,,,0.0,0.0,0.0,0.0,0.0,0.0,0.0,0.0,0.0,0.0,0.0,0.0,,,0.0,0.0,0.0,0.0,0.0,0.0,0.0,0.0,0.0,0.0,0.0,0.0,0.0,0.0,0.0,0.0,0.0,0.0,0.0,0.0,0.0,0.0,0.0,0.0,0.0,0.0,0.0,0.0,0.0,0.0,0.0,0.0,0.0,0.0,0.0,0.0,0.0,0.0,0.0,0.0,0.0,0.0,0.0,0.0,0.0,0.0,0.0,0.0,0.0,0.0,0.0,0.0,0.0,0.0,0.0,0.0,0.0,0.0,0.0,0.0,0.0,0.0,0.0,0.0,0.0,0.0,0.0038515061314682874,0.0,0.0,0.0,0.0,0.0,0.0,0.0,0.0,0.0,0.0,0.0,0.0,0.0,0.0,0.0,0.0,0.0,0.0,0.0,0.0,0.0,0.007466658057334483,0.0,0.013162798558672225,0.0,0.3386900449792544,0.0,0.0,0.0,0.0,0.0,0.0,0.0,0.0,0.0,0.0,0.0,0.010731956455856525,0.0,0.03228945191949602,0.0,0.0,0.0,0.012302607551894355,0.0,0.0,,0.0,,0.0,0.0,0.0,,0.0,0.0,0.07633037790656086,0.0,0.04629102970163024,0.0,0.10187099501490589,0.0,0.0,0.0,0.0,,0.0,,,,,,,,0.0,,,,,,,,,,,,0.0,0.0,0.0,0.0,0.0,0.0,0.0,0.0,0.0,0.0,0.0,0.0,0.0,0.0,0.0,0.0,0.0,0.0,0.0,0.0,0.0,0.0,0.0,0.0,0.0,0.0,0.0,0.0,0.0,0.0,0.0,0.0,0.0,0.0,0.0,0.0,0.0,0.0,0.0,0.0,0.0,0.0,0.3094625743952664,0.0,0.02607401941592491,0.0,0.014512369564423916,0.0,0.00673680491745466,0.0,0.0,,0.0,,,,,,,,,,,,,,,,,,,,,,0,0,95,7
1,region_01,2024-12-14,,,,,,,,,,,,,,,0.0,0.0,,,,,,,,,,,,,,,,,,,,,,,,,0.0,0.0,,,,,,,,,,,,,0.0,0.0,0.0,0.0,0.0,0.0,0.0,0.0,0.0,0.0,0.0,0.0,,,0.0,0.0,0.0,0.0,0.0,0.0,0.0,0.0,0.0,0.0,0.0,0.0,0.0,0.0,0.0,0.0,0.0,0.0,0.0,0.0,0.0,0.0,0.0,0.0,0.0,0.0,0.0,0.0,0.0,0.0,0.0,0.0,0.0,0.0,0.0,0.0,0.0,0.0,0.0,0.0,0.0,0.0,0.0,0.0,0.0,0.0,0.0,0.0,0.0,0.0,0.0,0.0,0.0,0.0,0.0020825326403913166,0.0,0.0,0.0,0.0,0.0,0.0,0.0,0.0,0.0,0.0,0.0,0.0019257530657341437,0.0,0.009041015058755849,0.0,0.0,0.0,0.0,0.0,0.0,0.0,0.0,0.0,0.0,0.0,0.0017440448929038112,0.0,0.0,0.0,0.0,0.0,0.0,0.0,0.0037333290286672414,0.0,0.018594910080234162,0.0,0.315252704940962,0.0,0.0,0.0,0.0,0.0,0.0,0.0,0.0,0.0,0.0,0.0,0.005365978227928263,0.0,0.03934419625956147,0.0,0.0,0.0,0.015774537160089475,0.0,0.0,,0.0,,0.0,0.0,0.0,,0.0,0.0,0.07507919576019045,0.0,0.04745203986143069,0.0,0.0853471383452415,0.0,0.003411901590879975,0.0,0.0,,0.0,,,,,,,,0.0,,,,,,,,,,,,0.0,0.0,0.0,0.0,0.0,0.0,0.0,0.0,0.0,0.0,0.0,0.0,0.0,0.0,0.0,0.0,0.0,0.0,0.0,0.0,0.0,0.0,0.0,0.0,0.0,0.0,0.0,0.0,0.0,0.0,0.0,0.0,0.0,0.0,0.0,0.0,0.0,0.0,0.0,0.0,0.0,0.0,0.3505341193892739,0.0,0.013037009707962455,0.0,0.00886405806522812,0.0,0.012606887333095024,0.0,0.0,,0.0,,,,,,,,,,,,,,,,,,,,,,0,0,95,8
1,region_01,2024-12-21,,,,,,,,,,,,,,,0.0,0.0,,,,,,,,,,,,,,,,,,,,,,,,,0.0,0.0,,,,,,,,,,,,,0.0,0.0,0.0,0.0,0.0,0.0,0.0,0.0,0.0,0.0,0.0,0.0,,,0.0,0.0,0.0,0.0,0.0,0.0,0.0,0.0,0.0,0.0,0.0,0.0,0.0,0.0,0.0,0.0,0.0,0.0,0.0,0.0,0.0,0.0,0.0,0.0,0.0,0.0,0.0,0.0,0.0,0.0,0.0,0.0,0.0,0.0,0.0,0.0,0.0,0.0,0.0,0.0,0.0,0.0,0.0,0.0,0.0,0.0,0.0,0.0,0.0,0.0,0.0,0.0,0.0,0.0,0.004165065280782633,0.0,0.0,0.0,0.0,0.0,0.0,0.0,0.0,0.0,0.0,0.0,0.0,0.0,0.018082030117511697,0.0,0.0,0.0,0.0,0.0,0.0,0.0,0.0,0.0,0.0,0.0,0.0034880897858076223,0.0,0.0,0.0,0.0,0.0,0.0,0.0,0.0,0.0,0.024027021601796098,0.0,0.2918153649026697,0.0,0.0,0.0,0.0,0.0,0.0,0.0,0.0,0.0,0.0,0.0,0.0,0.0,0.046398940599626924,0.0,0.0,0.0,0.019246466768284592,0.0,0.0,,0.0,,0.0,0.0,0.0,,0.0,0.0,0.07382801361382003,0.0,0.04861305002123114,0.0,0.06882328167557712,0.0,0.00682380318175995,0.0,0.0,,0.0,,,,,,,,0.0,,,,,,,,,,,,0.0,0.0,0.0,0.0,0.0,0.0,0.0,0.0,0.0,0.0,0.0,0.0,0.0,0.0,0.0,0.0,0.0,0.0,0.0,0.0,0.0,0.0,0.0,0.0,0.0,0.0,0.0,0.0,0.0,0.0,0.0,0.0,0.0,0.0,0.0,0.0,0.0,0.0,0.0,0.0,0.0,0.0,0.39160566438328137,0.0,0.0,0.0,0.003215746566032325,0.0,0.01847696974873539,0.0,0.0,,0.0,,,,,,,,,,,,,,,,,,,,,,0,0,95,9
1,region_01,2024-12-28,,,,,,,,,,,,,,,0.0,0.0,,,,,,,,,,,,,,,,,,,,,,,,,0.0,0.0,,,,,,,,,,,,,0.0,0.0,0.0,0.0,0.0,0.0,0.0,0.0,0.0,0.0,0.0,0.0,,,0.0,0.0,0.0,0.0,0.0,0.0,0.0,0.0,0.0,0.0,0.0,0.0,0.0,0.0,0.0,0.0,0.0,0.0,0.0,0.0,0.0,0.0,0.0,0.0,0.0,0.0,0.0,0.0,0.0,0.0,0.0,0.0,0.0,0.0,0.0,0.0,0.0,0.0,0.0,0.0,0.0,0.0,0.0,0.0,0.0,0.0,0.0,0.0,0.0,0.0,0.0,0.0,0.0,0.0,0.0020825326403913166,0.0,0.0,0.0,0.0,0.0,0.0,0.0,0.0037385566075416863,0.0,0.0,0.0,0.0,0.0,0.010729997152728642,0.0,0.0,0.0,0.0,0.0,0.0,0.0,0.0,0.0,0.0,0.0,0.0036219764639613657,0.0,0.0,0.0,0.0,0.0,0.0,0.0,0.0,0.0,0.030933280475437593,0.0,0.24164256265368123,0.0,0.0,0.0,0.0,0.0,0.0005284333084192278,0.0,0.0,0.0,0.0,0.0,0.0017939085114953945,0.0,0.03942086785617799,0.0,0.0,0.0,0.024668938381540915,0.0,0.005548283457756025,2.0,0.0015584921929985098,2.0,0.0,0.0,0.0,,0.0,0.0,0.10180873765299714,0.0,0.03664676438678391,0.0,0.05316418392414392,0.0,0.010812618844543667,0.0,0.0,,0.0,,,,,,,,0.0,,,,,,,,,,,,0.0,0.0,0.0,0.0,0.0,0.0,0.0,0.0,0.0,0.0,0.0,0.0,0.0,0.0,0.0,0.0,0.0,0.0,0.0,0.0,0.0,0.0,0.0,0.0,0.0,0.0,0.0,0.0,0.0,0.0,0.0,0.0,0.0,0.0,0.0,0.0,0.0,0.0,0.0,0.0,0.0,0.0,0.41932332139424605,0.0,0.0069332460936328,0.0,0.006775281092180176,0.0,0.010948468220885799,0.0,0.0,,0.0,,,,,,,,,,,,,,,,,,,,,,0,2,95,10
1,region_01,2025-01-04,,,,,,,,,,,,,,,0.0,0.0,,,,,,,,,,,,,,,,,,,,,,,,,0.0,0.0,,,,,,,,,,,,,0.0,0.0,0.0,0.0,0.0,0.0,0.0,0.0,0.0,0.0,0.0,0.0,,,0.0,0.0,0.0,0.0,0.0,0.0,0.0,0.0,0.0,0.0,0.0,0.0,0.0,0.0,0.0,0.0,0.0,0.0,0.0,0.0,0.0,0.0,0.0,0.0,0.0,0.0,0.0,0.0,0.0,0.0,0.0,0.0,0.0,0.0,0.0,0.0,0.0,0.0,0.0,0.0,0.0,0.0,0.0,0.0,0.0,0.0,0.0,0.0,0.0,0.0,0.0,0.0,0.0,0.0,0.0,0.0,0.0,0.0,0.0,0.0,0.0,0.0,0.007477113215083373,0.0,0.0,0.0,0.0,0.0,0.003377964187945586,0.0,0.0,0.0,0.0,0.0,0.0,0.0,0.0,0.0,0.0,0.0,0.003755863142115109,0.0,0.0,0.0,0.0,0.0,0.0,0.0,0.0,0.0,0.03783953934907909,0.0,0.19146976040469274,0.0,0.0,0.0,0.0,0.0,0.0010568666168384556,0.0,0.0,0.0,0.0,0.0,0.003587817022990789,0.0,0.03244279511272905,0.0,0.0,0.0,0.030091409994797237,0.0,0.01109656691551205,0.0,0.0031169843859970197,0.0,0.0,0.0,0.0,,0.0,0.0,0.12978946169217423,0.0,0.024680478752336674,0.0,0.03750508617271071,0.0,0.014801434507327385,0.0,0.0,,0.0,,,,,,,,0.0,,,,,,,,,,,,0.0,0.0,0.0,0.0,0.0,0.0,0.0,0.0,0.0,0.0,0.0,0.0,0.0,0.0,0.0,0.0,0.0,0.0,0.0,0.0,0.0,0.0,0.0,0.0,0.0,0.0,0.0,0.0,0.0,0.0,0.0,0.0,0.0,0.0,0.0,0.0,0.0,0.0,0.0,0.0,0.0,0.0,0.44704097840521073,0.0,0.0138664921872656,0.0,0.010334815618328027,0.0,0.0034199666930362104,0.0,0.0,,0.0,,,,,,,,,,,,,,,,,,,,,,0,0,97,11
1,region_01,2025-01-11,,,,,,,,,,,,,,,0.0,0.0,,,,,,,,,,,,,,,,,,,,,,,,,0.0,0.0,,,,,,,,,,,,,0.0,0.0,0.0,0.0,0.0,0.0,0.0,0.0,0.0,0.0,0.0,0.0,,,0.0,0.0,0.0,0.0,0.0,0.0,0.0,0.0,0.0,0.0,0.0,0.0,0.0,0.0,0.0,0.0,0.0,0.0,0.0,0.0,0.0,0.0,0.0,0.0,0.0,0.0,0.0,0.0,0.0,0.0,0.0,0.0,0.0,0.0,0.0,0.0,0.0,0.0,0.0,0.0,0.0,0.0,0.0,0.0,0.0,0.0,0.0,0.0,0.0,0.0,0.0,0.0,0.0,0.0,0.0,0.0,0.0,0.0,0.0,0.0,0.0,0.0,0.0037385566075416863,0.0,0.0,0.0,0.0,0.0,0.001688982093972793,0.0,0.0,0.0,0.0,0.0,0.0,0.0,0.0,0.0,0.0,0.0,0.0018779315710575545,0.0,0.0,0.0,0.0,0.0,0.0,0.0,0.0,0.0,0.02420312899630512,0.0,0.16213645123773146,0.0,0.0,0.0,0.0,0.0,0.0005284333084192278,0.0,0.0,0.0,0.0,0.0,0.0017939085114953945,0.0,0.033224639669060675,0.0,0.0,0.0,0.028510502471842503,0.0,0.00983386735121405,0.0,0.00554063296876843,0.0,0.0,0.0,0.0,,0.0,0.0,0.13599409318218625,0.0,0.0298663433048535,0.0,0.04379492645913899,0.0,0.014698271574785093,0.0,0.0018683922890987445,2.0,0.0,,,,,,,,0.0,,,,,,,,,,,,0.0,0.0,0.0,0.0,0.0,0.0,0.0,0.0,0.0,0.0,0.0,0.0,0.0,0.0,0.0,0.0,0.0,0.0,0.0,0.0,0.0,0.0,0.0,0.0,0.0,0.0,0.0,0.0,0.0,0.0,0.0,0.0,0.0,0.0,0.0,0.0,0.0,0.0,0.0,0.0,0.0,0.0,0.4696061448918449,0.0,0.007774022623727225,0.0,0.005167407809164013,0.0,0.01224632248049597,0.0,0.0,,0.0,,,,,,,,,,,,,,,,,,,,,,0,1,97,12
1,region_01,2025-01-18,,,,,,,,,,,,,,,0.0,0.0,,,,,,,,,,,,,,,,,,,,,,,,,0.0,0.0,,,,,,,,,,,,,0.0,0.0,0.0,0.0,0.0,0.0,0.0,0.0,0.0,0.0,0.0,0.0,,,0.0,0.0,0.0,0.0,0.0,0.0,0.0,0.0,0.0,0.0,0.0,0.0,0.0,0.0,0.0,0.0,0.0,0.0,0.0,0.0,0.0,0.0,0.0,0.0,0.0,0.0,0.0,0.0,0.0,0.0,0.0,0.0,0.0,0.0,0.0,0.0,0.0,0.0,0.0,0.0,0.0,0.0,0.0,0.0,0.0,0.0,0.0,0.0,0.0,0.0,0.0,0.0,0.0,0.0,0.0,0.0,0.0,0.0,0.0,0.0,0.0,0.0,0.0,0.0,0.0,0.0,0.0,0.0,0.0,0.0,0.0,0.0,0.0,0.0,0.0,0.0,0.0,0.0,0.0,0.0,0.0,0.0,0.0,0.0,0.0,0.0,0.0,0.0,0.0,0.0,0.010566718643531151,0.0,0.1328031420707702,0.0,0.0,0.0,0.0,0.0,0.0,0.0,0.0,0.0,0.0,0.0,0.0,0.0,0.0340064842253923,0.0,0.0,0.0,0.026929594948887768,0.0,0.008571167786916049,0.0,0.00796428155153984,0.0,0.0,0.0,0.0,,0.0,0.0,0.14219872467219824,0.0,0.03505220785737032,0.0,0.05008476674556728,0.0,0.0145951086422428,0.0,0.003736784578197489,0.0,0.0,,,,,,,,0.0,,,,,,,,,,,,0.0,0.0,0.0,0.0,0.0,0.0,0.0,0.0,0.0,0.0,0.0,0.0,0.0,0.0,0.0,0.0,0.0,0.0,0.0,0.0,0.0,0.0,0.0,0.0,0.0,0.0,0.0,0.0,0.0,0.0,0.0,0.0,0.0,0.0,0.0,0.0,0.0,0.0,0.0,0.0,0.0,0.0,0.492171311378479,0.0,0.00168155306018885,0.0,0.0,0.0,0.02107267826795573,0.0,0.0,,0.0,,,,,,,,,,,,,,,,,,,,,,0,0,98,13
1,region_01,2025-01-25,,,,,,,,,,,,,,,0.0,0.0,,,,,,,,,,,,,,,,,,,,,,,,,0.0,0.0,,,,,,,,,,,,,0.0,0.0,0.0,0.0,0.0,0.0,0.0,0.0,0.0,0.0,0.0,0.0,,,0.0,0.0,0.0,0.0,0.0,0.0,0.0,0.0,0.0,0.0,0.0,0.0,0.0,0.0,0.0,0.0,0.0,0.0,0.0,0.0,0.0,0.0,0.0,0.0,0.0,0.0,0.0,0.0,0.0,0.0,0.0,0.0,0.0,0.0,0.0,0.0,0.0,0.0,0.0,0.0,0.0,0.0,0.0,0.0,0.0,0.0,0.0,0.0,0.0,0.0,0.0,0.0,0.0,0.0,0.0,0.0,0.0,0.0,0.0,0.0,0.0,0.0,0.0022729926018251055,0.0,0.0,0.0,0.0,0.0,0.0,0.0,0.0,0.0,0.0,0.0,0.0,0.0,0.0,0.0,0.0,0.0,0.0,0.0,0.0,0.0,0.0,0.0,0.0,0.0,0.0,0.0,0.0076965204539841325,0.0,0.1100923462460438,0.0,0.0,0.0,0.0,0.0,0.0,0.0,0.0,0.0,0.0,0.0,0.0,0.0,0.05593170765787357,0.0,0.0,0.0,0.03593364097177977,0.0,0.0042855838934580245,0.0,0.006602201936766449,0.0,0.0,0.0,0.0,,0.0,0.0,0.1659336788579821,0.0,0.03406410583605364,0.0,0.05087959058582779,0.0,0.013340772397350474,0.0,0.00237873696540995,0.0,0.0,,,,,,,,0.0,,,,,,,,,,,,0.0,0.0,0.0,0.0,0.0,0.0,0.0,0.0,0.0,0.0,0.0,0.0,0.0,0.0,0.0,0.0,0.0,0.0,0.0,0.0,0.0,0.0,0.0,0.0,0.0,0.0,0.0,0.0,0.0,0.0,0.0,0.0,0.0,0.0,0.0,0.0,0.0,0.0,0.0,0.0,0.0,0.0,0.481492508120007,0.0,0.0022697890798250363,0.0,0.009468748751613805,0.0,0.016806871371550645,0.0,0.0,,0.0,,,,,,,,,,,,,,,,,,,,,,0,0,98,14
1,region_01,2025-02-01,,,,,,,,,,,,,,,0.0,0.0,,,,,,,,,,,,,,,,,,,,,,,,,0.0,0.0,,,,,,,,,,,,,0.0,0.0,0.0,0.0,0.0,0.0,0.0,0.0,0.0,0.0,0.0,0.0,,,0.0,0.0,0.0,0.0,0.0,0.0,0.0,0.0,0.0,0.0,0.0,0.0,0.0,0.0,0.0,0.0,0.0,0.0,0.0,0.0,0.0,0.0,0.0,0.0,0.0,0.0,0.0,0.0,0.0,0.0,0.0,0.0,0.0,0.0,0.0,0.0,0.0,0.0,0.0,0.0,0.0,0.0,0.0,0.0,0.0,0.0,0.0,0.0,0.0,0.0,0.0,0.0,0.0,0.0,0.0,0.0,0.0,0.0,0.0,0.0,0.0,0.0,0.004545985203650211,0.0,0.0,0.0,0.0,0.0,0.0,0.0,0.0,0.0,0.0,0.0,0.0,0.0,0.0,0.0,0.0,0.0,0.0,0.0,0.0,0.0,0.0,0.0,0.0,0.0,0.0,0.0,0.004826322264437114,0.0,0.0873815504213174,0.0,0.0,0.0,0.0,0.0,0.0,0.0,0.0,0.0,0.0,0.0,0.0,0.0,0.07785693109035485,0.0,0.0,0.0,0.04493768699467177,0.0,0.0,0.0,0.00524012232199306,0.0,0.0,0.0,0.0,,0.0,0.0,0.18966863304376597,0.0,0.033076003814736965,0.0,0.0516744144260883,0.0,0.01208643615245815,0.0,0.0010206893526224113,0.0,0.0,,,,,,,,0.0,,,,,,,,,,,,0.0,0.0,0.0,0.0,0.0,0.0,0.0,0.0,0.0,0.0,0.0,0.0,0.0,0.0,0.0,0.0,0.0,0.0,0.0,0.0,0.0,0.0,0.0,0.0,0.0,0.0,0.0,0.0,0.0,0.0,0.0,0.0,0.0,0.0,0.0,0.0,0.0,0.0,0.0,0.0,0.0,0.0,0.47081370486153495,0.0,0.0028580250994612224,0.0,0.01893749750322761,0.0,0.012541064475145556,0.0,0.0,,0.0,,,,,,,,,,,,,,,,,,,,,,0,0,98,15
1,region_01,2025-02-08,,,,,,,,,,,,,,,0.0,0.0,,,,,,,,,,,,,,,,,,,,,,,,,0.0,0.0,,,,,,,,,,,,,0.0,0.0,0.0,0.0,0.0,0.0,0.0,0.0,0.0,0.0,0.0,0.0,,,0.0,0.0,0.0,0.0,0.0,0.0,0.0,0.0,0.0,0.0,0.0,0.0,0.0,0.0,0.0,0.0,0.0,0.0,0.0,0.0,0.0,0.0,0.0,0.0,0.0,0.0,0.0,0.0,0.0,0.0,0.0,0.0,0.0,0.0,0.0,0.0,0.0,0.0,0.0,0.0,0.0,0.0,0.0,0.0,0.0,0.0,0.0,0.0,0.0,0.0,0.0,0.0,0.0,0.0,0.0,0.0,0.0,0.0,0.0,0.0,0.0,0.0,0.006034790803419593,0.0,0.0,0.0,0.0,0.0,0.0,0.0,0.0,0.0,0.0,0.0,0.0,0.0,0.0,0.0,0.0,0.0,0.0,0.0,0.0,0.0,0.0,0.0,0.0,0.0,0.0,0.0,0.01570131830937624,0.0,0.0836509964118401,0.0,0.0,0.0,0.0,0.0,0.0,0.0,0.0,0.0,0.0,0.0,0.0,0.0,0.08062642651299631,0.0,0.0,0.0,0.027107093017548267,0.0,0.0,0.0,0.00262006116099653,0.0,0.0029459347948431703,0.0,0.0,,0.0,0.0,0.2449701933988503,0.0,0.04368977628958717,0.0,0.04343842971138652,0.0,0.01203240262111645,0.0,0.003602524624309562,0.0,0.0,,,,,,,,0.0,,,,,,,,,,,,0.0,0.0,0.0,0.0,0.0,0.0,0.0,0.0,0.0,0.0,0.0,0.0,0.0,0.0,0.0,0.0,0.0,0.0,0.0,0.0,0.0,0.0,0.0,0.0,0.0,0.0,0.0,0.0,0.0,0.0,0.0,0.0,0.0,0.0,0.0,0.0,0.0,0.0,0.0,0.0,0.0,0.0,0.4092853901878236,0.0,0.004521192497728968,0.0,0.011889210051675805,0.0,0.010073725008479613,0.0,0.0,,0.0,,,,,,,,,,,,,,,,,,,,,,0,0,98,16
1,region_01,2025-02-15,,,,,,,,,,,,,,,0.0,0.0,,,,,,,,,,,,,,,,,,,,,,,,,0.0,0.0,,,,,,,,,,,,,0.0,0.0,0.0,0.0,0.0,0.0,0.0,0.0,0.0,0.0,0.0,0.0,,,0.0,0.0,0.0,0.0,0.0,0.0,0.0,0.0,0.0,0.0,0.0,0.0,0.0,0.0,0.0,0.0,0.0,0.0,0.0,0.0,0.0,0.0,0.0,0.0,0.0,0.0,0.0,0.0,0.0,0.0,0.0,0.0,0.0,0.0,0.0,0.0,0.0,0.0,0.0,0.0,0.0,0.0,0.0,0.0,0.0,0.0,0.0,0.0,0.0,0.0,0.0,0.0,0.0,0.0,0.0,0.0,0.0,0.0,0.0,0.0,0.0,0.0,0.007523596403188975,0.0,0.0,0.0,0.0,0.0,0.0,0.0,0.0,0.0,0.0,0.0,0.0,0.0,0.0,0.0,0.0,0.0,0.0,0.0,0.0,0.0,0.0,0.0,0.0,0.0,0.0,0.0,0.026576314354315362,0.0,0.07992044240236278,0.0,0.0,0.0,0.0,0.0,0.0,0.0,0.0,0.0,0.0,0.0,0.0,0.0,0.08339592193563776,0.0,0.0,0.0,0.009276499040424763,0.0,0.0,0.0,0.0,0.0,0.005891869589686341,0.0,0.0,,0.0,0.0,0.3002717537539346,0.0,0.05430354876443739,0.0,0.03520244499668475,0.0,0.01197836908977475,0.0,0.006184359895996713,0.0,0.0,,,,,,,,0.0,,,,,,,,,,,,0.0,0.0,0.0,0.0,0.0,0.0,0.0,0.0,0.0,0.0,0.0,0.0,0.0,0.0,0.0,0.0,0.0,0.0,0.0,0.0,0.0,0.0,0.0,0.0,0.0,0.0,0.0,0.0,0.0,0.0,0.0,0.0,0.0,0.0,0.0,0.0,0.0,0.0,0.0,0.0,0.0,0.0,0.3477570755141122,0.0,0.006184359895996713,0.0,0.004840922600124,0.0,0.007606385541813671,0.0,0.0,,0.0,,,,,,,,,,,,,,,,,,,,,,0,0,98,17
1,region_01,2025-02-22,,,,,,,,,,,,,,,0.0,0.0,,,,,,,,,,,,,,,,,,,,,,,,,0.0,0.0,,,,,,,,,,,,,0.0,0.0,0.0,0.0,0.0,0.0,0.0,0.0,0.0,0.0,0.0,0.0,,,0.0,0.0,0.0,0.0,0.0,0.0,0.0,0.0,0.0,0.0,0.0,0.0,0.0,0.0,0.0,0.0,0.0,0.0,0.0,0.0,0.002341283950954675,0.0,0.0,0.0,0.0,0.0,0.0,0.0,0.0,0.0,0.0,0.0,0.0,0.0,0.0,0.0,0.0,0.0,0.002341283950954675,0.0,0.0,0.0,0.0,0.0,0.0,0.0,0.0,0.0,0.0,0.0,0.0,0.0,0.0,0.0,0.0,0.0,0.0,0.0,0.0,0.0,0.0,0.0,0.0037617982015944874,0.0,0.0,0.0,0.0,0.0,0.0,0.0,0.0,0.0,0.0,0.0,0.0,0.0,0.0,0.0,0.0,0.0,0.0,0.0,0.0,0.0,0.00169477181043475,0.0,0.0,0.0,0.0,0.0,0.04050304699090438,0.0,0.06459707867886334,0.0,0.0,0.0,0.0,0.0,0.0,0.0,0.0,0.0,0.0,0.0,0.0,0.0,0.06342779720822966,0.0,0.0,0.0,0.008872088789939832,0.0,0.0,0.0,0.0,0.0,0.011078866384923412,0.0,0.0017051140894181749,2.0,0.0,0.0,0.32134178706577843,0.0,0.04773882074680706,0.0,0.04566633212380107,0.0,0.016496698579950488,0.0,0.0030921799479983565,0.0,0.0,,,,,,,,0.0,,,,,,,,,,,,0.0,0.0,0.0,0.0,0.0,0.0,0.0,0.0,0.0,0.0,0.0,0.0,0.0,0.0,0.0,0.0,0.0,0.0,0.0,0.0,0.0,0.0,0.0,0.0,0.0,0.0,0.0,0.0,0.0,0.0,0.0,0.0,0.0,0.0,0.0,0.0,0.0,0.0,0.0,0.0,0.0,0.0,0.3309759965964726,0.0,0.006980348599608947,0.0,0.007146676998153028,0.0,0.014499669282564055,0.0,0.0,,0.0,,,,,,,,,,,,,,,,,,,,,,0,1,98,18
1,region_01,2025-03-01,,,,,,,,,,,,,,,0.0,0.0,,,,,,,,,,,,,,,,,,,,,,,,,0.0,0.0,,,,,,,,,,,,,0.0,0.0,0.0,0.0,0.0,0.0,0.0,0.0,0.0,0.0,0.0,0.0,,,0.0,0.0,0.0,0.0,0.0,0.0,0.0,0.0,0.0,0.0,0.0,0.0,0.0,0.0,0.0,0.0,0.0,0.0,0.0,0.0,0.00468256790190935,0.0,0.0,0.0,0.0,0.0,0.0,0.0,0.0,0.0,0.0,0.0,0.0,0.0,0.0,0.0,0.0,0.0,0.00468256790190935,0.0,0.0,0.0,0.0,0.0,0.0,0.0,0.0,0.0,0.0,0.0,0.0,0.0,0.0,0.0,0.0,0.0,0.0,0.0,0.0,0.0,0.0,0.0,0.0,0.0,0.0,0.0,0.0,0.0,0.0,0.0,0.0,0.0,0.0,0.0,0.0,0.0,0.0,0.0,0.0,0.0,0.0,0.0,0.0,0.0,0.0033895436208695,0.0,0.0,0.0,0.0,0.0,0.0544297796274934,0.0,0.049273714955363916,0.0,0.0,0.0,0.0,0.0,0.0,0.0,0.0,0.0,0.0,0.0,0.0,0.0,0.043459672480821554,0.0,0.0,0.0,0.0084676785394549,0.0,0.0,0.0,0.0,0.0,0.016265863180160482,0.0,0.0034102281788363498,0.0,0.0,0.0,0.34241182037762224,0.0,0.04117409272917673,0.0,0.056130219250917386,0.0,0.02101502807012623,0.0,0.0,0.0,0.0,,,,,,,,0.0,,,,,,,,,,,,0.0,0.0,0.0,0.0,0.0,0.0,0.0,0.0,0.0,0.0,0.0,0.0,0.0,0.0,0.0,0.0,0.0,0.0,0.0,0.0,0.0,0.0,0.0,0.0,0.0,0.0,0.0,0.0,0.0,0.0,0.0,0.0,0.0,0.0,0.0,0.0,0.0,0.0,0.0,0.0,0.0,0.0,0.31419491767883295,0.0,0.00777633730322118,0.0,0.009452431396182057,0.0,0.02139295302331444,0.0,0.0,,0.0,,,,,,,,,,,,,,,,,,,,,,0,0,99,19
1,region_01,2025-03-08,,,,,,,,,,,,,,,0.0,0.0,,,,,,,,,,,,,,,,,,,,,,,,,0.0,0.0,,,,,,,,,,,,,0.0,0.0,0.0,0.0,0.0,0.0,0.0,0.0,0.0,0.0,0.0,0.0,,,0.0,0.0,0.0,0.0,0.0,0.0,0.0,0.0,0.0,0.0,0.0,0.0,0.0,0.0,0.0,0.0,0.0,0.0,0.0,0.0,0.002341283950954675,0.0,0.0,0.0,0.0,0.0,0.0,0.0,0.0,0.0,0.0,0.0,0.0,0.0,0.0,0.0,0.0,0.0,0.002341283950954675,0.0,0.0,0.0,0.0,0.0,0.0,0.0,0.0,0.0,0.0,0.0,0.0,0.0,0.0,0.0,0.0,0.0,0.0,0.0,0.0,0.0,0.0,0.0,0.0,0.0,0.0,0.0,0.0,0.0,0.0,0.0,0.0,0.0,0.0,0.0,0.0,0.0,0.0,0.0,0.0,0.0,0.0,0.0,0.0,0.0,0.00169477181043475,0.0,0.0,0.0,0.0,0.0,0.029715060597352114,0.0,0.042524674086875824,0.0,0.0,0.0,0.0,0.0,0.0,0.0,0.0,0.0,0.0,0.0,0.0,0.0,0.04498347174376244,0.0,0.0,0.0,0.02698304097478583,0.0,0.010737812301764857,0.0,0.0,0.0,0.009692575567169077,0.0,0.0017051140894181749,0.0,0.0,0.0,0.42977685942536303,0.0,0.04457934725187003,0.0,0.058410402387380544,0.0,0.016869501942502564,0.0,0.0032104870770126373,0.0,0.0,,,,,,,,0.0,,,,,,,,,,,,0.0,0.0,0.0,0.0,0.0,0.0,0.0,0.0,0.0,0.0,0.0,0.0,0.0,0.0,0.0,0.0,0.0,0.0,0.0,0.0,0.0,0.0,0.0,0.0,0.0,0.0,0.0,0.0,0.0,0.0,0.0,0.0,0.0,0.0,0.0,0.0,0.0,0.0,0.0,0.0,0.0,0.0,0.2506477087736129,0.0,0.01745214024558659,0.0,0.004726215698091028,0.0,0.01317189061082897,0.0,0.0,,0.0,,,,,,,,,,,,,,,,,,,,,,0,0,99,20
1,region_01,2025-03-15,,,,,,,,,,,,,,,0.0,0.0,,,,,,,,,,,,,,,,,,,,,,,,,0.0,0.0,,,,,,,,,,,,,0.0,0.0,0.0,0.0,0.0,0.0,0.0,0.0,0.0,0.0,0.0,0.0,,,0.0,0.0,0.0,0.0,0.0,0.0,0.0,0.0,0.0,0.0,0.0,0.0,0.0,0.0,0.0,0.0,0.0,0.0,0.0,0.0,0.0,0.0,0.0,0.0,0.0,0.0,0.0,0.0,0.0,0.0,0.0,0.0,0.0,0.0,0.0,0.0,0.0,0.0,0.0,0.0,0.0,0.0,0.0,0.0,0.0,0.0,0.0,0.0,0.0,0.0,0.0,0.0,0.0,0.0,0.0,0.0,0.0,0.0,0.0,0.0,0.0,0.0,0.0,0.0,0.0,0.0,0.0,0.0,0.0,0.0,0.0,0.0,0.0,0.0,0.0,0.0,0.0,0.0,0.0,0.0,0.0,0.0,0.0,0.0,0.0,0.0,0.0,0.0,0.0,0.0,0.005000341567210825,0.0,0.03577563321838773,0.0,0.0,0.0,0.0,0.0,0.0,0.0,0.0,0.0,0.0,0.0,0.0,0.0,0.04650727100670333,0.0,0.0,0.0,0.04549840341011677,0.0,0.021475624603529715,0.0,0.0,0.0,0.003119287954177675,0.0,0.0,0.0,0.0,0.0,0.5171418984731039,0.0,0.04798460177456334,0.0,0.0606905855238437,0.0,0.0127239758148789,0.0,0.006420974154025275,0.0,0.0,,,,,,,,0.0,,,,,,,,,,,,0.0,0.0,0.0,0.0,0.0,0.0,0.0,0.0,0.0,0.0,0.0,0.0,0.0,0.0,0.0,0.0,0.0,0.0,0.0,0.0,0.0,0.0,0.0,0.0,0.0,0.0,0.0,0.0,0.0,0.0,0.0,0.0,0.0,0.0,0.0,0.0,0.0,0.0,0.0,0.0,0.0,0.0,0.1871004998683929,0.0,0.027127943187952003,0.0,0.0,0.0,0.0049508281983435005,0.0,0.0,,0.0,,,,,,,,,,,,,,,,,,,,,,0,0,99,21
1,region_01,2025-03-22,,,,,,,,,,,,,,,0.0,0.0,,,,,,,,,,,,,,,,,,,,,,,,,0.0,0.0,,,,,,,,,,,,,0.0,0.0,0.0,0.0,0.0,0.0,0.0,0.0,0.0,0.0,0.0,0.0,,,0.0,0.0,0.0,0.0,0.0,0.0,0.0,0.0,0.0,0.0,0.0,0.0,0.0,0.0,0.0,0.0,0.0,0.0,0.0,0.0,0.0,0.0,0.0,0.0,0.0,0.0,0.0,0.0,0.0,0.0,0.0,0.0,0.0,0.0,0.0,0.0,0.0,0.0,0.0,0.0,0.0,0.0,0.0,0.0,0.0,0.0,0.0,0.0,0.0,0.0,0.0,0.0,0.0,0.0,0.0,0.0,0.0,0.0,0.0,0.0,0.0,0.0,0.0,0.0,0.0,0.0,0.0,0.0,0.0,0.0,0.0,0.0,0.0,0.0,0.0,0.0,0.0,0.0,0.0,0.0,0.0,0.0,0.0,0.0,0.0,0.0,0.0,0.0,0.0,0.0,0.012516025581862742,0.0,0.04754320572440818,0.0,0.0,0.0,0.0,0.0,0.0,0.0,0.0,0.0,0.0,0.0,0.0,0.0,0.046956723555922474,0.0,0.0,0.0,0.03954391585042073,0.0,0.010737812301764857,0.0,0.006822172552347169,0.0,0.005750689277192538,0.0,0.0,0.0,0.0,0.0,0.5214908520380657,0.0,0.028752564142147656,0.0,0.06828797087073321,0.0,0.00636198790743945,0.0,0.00505237988545555,0.0,0.0,,,,,,,,0.00657571330666539,2.0,,,,,,,,,,,0.0,0.0,0.0,0.0,0.0,0.0,0.0,0.0,0.0,0.0,0.0,0.0,0.0,0.0,0.0,0.0,0.0,0.0,0.0,0.0,0.0,0.0,0.0,0.0,0.0,0.0,0.0,0.0,0.0,0.0,0.0,0.0,0.0,0.0,0.0,0.0,0.0,0.0,0.0,0.0,0.0,0.0,0.1629770211875438,0.0,0.04194451123476026,0.0,0.00442459317855535,0.0,0.012654069671407319,0.0,0.0,,0.0,,,,,,,,,,,,,,,,,,,,,,0,1,99,22
1,region_01,2025-03-29,,,,,,,,,,,,,,,0.0,0.0,,,,,,,,,,,,,,,,,,,,,,,,,0.0,0.0,,,,,,,,,,,,,0.0,0.0,0.0,0.0,0.0,0.0,0.0,0.0,0.0,0.0,0.0,0.0,,,0.0,0.0,0.0,0.0,0.0,0.0,0.0,0.0,0.0,0.0,0.0,0.0,0.0,0.0,0.0,0.0,0.0,0.0,0.0,0.0,0.0,0.0,0.0,0.0,0.0,0.0,0.0,0.0,0.0,0.0,0.0,0.0,0.0,0.0,0.0,0.0,0.0,0.0,0.0,0.0,0.0,0.0,0.0,0.0,0.0,0.0,0.0,0.0,0.0,0.0,0.0,0.0,0.0,0.0,0.0,0.0,0.0,0.0,0.0,0.0,0.0,0.0,0.0,0.0,0.0,0.0,0.0,0.0,0.0,0.0,0.0,0.0,0.0,0.0,0.0,0.0,0.0,0.0,0.0,0.0,0.0,0.0,0.0,0.0,0.0,0.0,0.0,0.0,0.0,0.0,0.02003170959651466,0.0,0.059310778230428615,0.0,0.0,0.0,0.0,0.0,0.0,0.0,0.0,0.0,0.0,0.0,0.0,0.0,0.04740617610514162,0.0,0.0,0.0,0.0335894282907247,0.0,0.0,0.0,0.013644345104694339,0.0,0.0083820906002074,0.0,0.0,0.0,0.0,0.0,0.5258398056030273,0.0,0.009520526509731975,0.0,0.07588535621762273,0.0,0.0,0.0,0.003683785616885825,0.0,0.0,,,,,,,,0.01315142661333078,0.0,,,,,,,,,,,0.0,0.0,0.0,0.0,0.0,0.0,0.0,0.0,0.0,0.0,0.0,0.0,0.0,0.0,0.0,0.0,0.0,0.0,0.0,0.0,0.0,0.0,0.0,0.0,0.0,0.0,0.0,0.0,0.0,0.0,0.0,0.0,0.0,0.0,0.0,0.0,0.0,0.0,0.0,0.0,0.0,0.0,0.13885354250669474,0.0,0.056761079281568504,0.0,0.0088491863571107,0.0,0.02035731114447114,0.0,0.0,,0.0,,,,,,,,,,,,,,,,,,,,,,0,0,100,23
1,region_01,2025-04-05,,,,,,,,,,,,,,,0.0,0.0,,,,,,,,,,,,,,,,,,,,,,,,,0.0,0.0,,,,,,,,,,,,,0.0,0.0,0.0,0.0,0.0,0.0,0.0,0.0,0.0,0.0,0.0,0.0,,,0.0,0.0,0.0,0.0,0.0,0.0,0.0,0.0,0.0,0.0,0.0,0.0,0.0,0.0,0.0,0.0,0.0,0.0,0.0,0.0,0.0,0.0,0.0,0.0,0.0,0.0,0.0,0.0,0.0,0.0,0.0,0.0,0.0,0.0,0.0,0.0,0.0,0.0,0.0,0.0,0.0,0.0,0.0,0.0,0.0,0.0,0.0,0.0,0.0,0.0,0.0,0.0,0.0,0.0,0.0,0.0,0.0,0.0,0.0,0.0,0.0,0.0,0.0,0.0,0.0,0.0,0.0,0.0,0.0,0.0,0.0,0.0,0.0,0.0,0.0,0.0,0.0,0.0,0.0,0.0,0.0,0.0,0.0,0.0,0.0,0.0,0.0,0.0,0.0,0.0,0.013513301840672846,0.0,0.033448218771566895,0.0,0.0,0.0,0.0,0.0,0.0,0.0,0.0,0.0,0.0,0.0,0.0,0.0,0.03821324091404675,0.0,0.0,0.0,0.0663657328113913,0.0,0.0,0.0,0.009161343565210669,0.0,0.0145114675397053,0.0,0.004079312086105325,0.0,0.0,0.0,0.5375184267759323,0.0,0.0047602632548659875,0.0,0.05743582956492897,0.0,0.0,0.0,0.007016028248472099,0.0,0.001338141213636825,2.0,,,,,,,0.007777697866549665,0.0,,,,,,,,,,,0.0,0.0,0.0,0.0,0.0,0.0,0.0,0.0,0.0,0.0,0.0,0.0,0.0,0.0,0.0,0.0,0.0,0.0,0.0,0.0,0.0,0.0,0.0,0.0,0.0,0.0,0.0,0.0,0.0,0.0,0.0,0.0,0.0,0.0,0.0,0.0,0.0,0.0,0.0,0.0,0.0,0.0,0.16744901798665518,0.0,0.0451690658461302,0.0,0.00442459317855535,0.0,0.018777436297386846,0.0,0.0,,0.001320434559602275,1.0,,,,,,,,,,,,,,,,,,,,,1,1,100,0
1,region_01,2025-04-12,,,,,,,,,,,,,,,0.0,0.0,,,,,,,,,,,,,,,,,,,,,,,,,0.0,0.0,,,,,,,,,,,,,0.0,0.0,0.0,0.0,0.0,0.0,0.0,0.0,0.0,0.0,0.0,0.0,,,0.0,0.0,0.0,0.0,0.0,0.0,0.0,0.0,0.0,0.0,0.0,0.0,0.0,0.0,0.0,0.0,0.0,0.0,0.0,0.0,0.0,0.0,0.0,0.0,0.0,0.0,0.0,0.0,0.0,0.0,0.0,0.0,0.0,0.0,0.0,0.0,0.0,0.0,0.0,0.0,0.0,0.0,0.0,0.0,0.0,0.0,0.0,0.0,0.0,0.0,0.0,0.0,0.0,0.0,0.0,0.0,0.0,0.0,0.0,0.0,0.0,0.0,0.0,0.0,0.0,0.0,0.0,0.0,0.0,0.0,0.0,0.0,0.0,0.0,0.0,0.0,0.0,0.0,0.0,0.0,0.0,0.0,0.0,0.0,0.0,0.0,0.0,0.0,0.0,0.0,0.006994894084831033,0.0,0.007585659312705166,0.0,0.0,0.0,0.0,0.0,0.0,0.0,0.0,0.0,0.0,0.0,0.0,0.0,0.029020305722951875,0.0,0.0,0.0,0.0991420373320579,0.0,0.0,0.0,0.004678342025727,0.0,0.0206408444792032,0.0,0.00815862417221065,0.0,0.0,0.0,0.5491970479488373,0.0,0.0,0.0,0.038986302912235225,0.0,0.0,0.0,0.010348270880058375,0.0,0.00267628242727365,0.0,,,,,,,0.00240396911976855,0.0,,,,,,,,,,,0.0,0.0,0.0,0.0,0.0,0.0,0.0,0.0,0.0,0.0,0.0,0.0,0.0,0.0,0.0,0.0,0.0,0.0,0.0,0.0,0.0,0.0,0.0,0.0,0.0,0.0,0.0,0.0,0.0,0.0,0.0,0.0,0.0,0.0,0.0,0.0,0.0,0.0,0.0,0.0,0.0,0.0,0.19604449346661562,0.0,0.0335770524106919,0.0,0.0,0.0,0.017197561450302552,0.0,0.0,,0.00264086911920455,0.0,,,,,,,,,,,,,,,,,,,,,0,0,102,1
1,region_01,2025-04-19,,,,,,,,,,,,,,,0.0,0.0,,,,,,,,,,,,,,,,,,,,,,,,,0.0,0.0,,,,,,,,,,,,,0.0,0.0,0.0,0.0,0.0,0.0,0.0,0.0,0.0,0.0,0.0,0.0,,,0.0,0.0,0.0,0.0,0.0,0.0,0.0,0.0,0.0,0.0,0.0,0.0,0.0,0.0,0.0,0.0,0.0,0.0,0.0,0.0,0.0,0.0,0.0,0.0,0.0,0.0,0.0,0.0,0.0,0.0,0.0,0.0,0.0,0.0,0.0,0.0,0.0,0.0,0.0,0.0,0.0,0.0,0.0,0.0,0.0,0.0,0.0,0.0,0.0,0.0,0.0,0.0,0.0,0.0,0.0,0.0,0.0,0.0,0.0,0.0,0.0,0.0,0.0,0.0,0.0,0.0,0.0,0.0,0.0,0.0,0.0,0.0,0.0,0.0,0.0,0.0,0.0,0.0,0.0,0.0,0.0,0.0,0.0,0.0,0.0,0.0,0.0,0.0,0.0,0.0,0.006254909016812816,0.0,0.03276159040008979,0.0,0.0,0.0,0.0,0.0,0.0,0.0,0.0,0.0,0.0,0.0,0.0,0.0,0.02483275594810644,0.0,0.0,0.0,0.06288846054424838,0.0,0.0055149239487946,0.0,0.0023391710128635,0.0,0.0130778842139989,0.0,0.027101933024823624,0.0,0.0,0.0,0.5144918958346049,0.0,0.0,0.0,0.028211616290112297,0.0,0.0,0.0,0.015314471869108538,0.0,0.02173291024519125,0.0,,,,,,,0.03330606122229554,0.0,,,,,,,,,,,0.0,0.0,0.0,0.0,0.0,0.0,0.0,0.0,0.0,0.0,0.0,0.0,0.0,0.0,0.0,0.0,0.0,0.0,0.0,0.0,0.0,0.0,0.0,0.0,0.0,0.0,0.0,0.0,0.0,0.0,0.0,0.0,0.0,0.0,0.0,0.0,0.0,0.0,0.0,0.0,0.0,0.0,0.16622831610341862,0.0,0.02389248685600852,0.0,0.0015584324719384,0.0,0.008598780725151276,0.0,0.0,,0.03307144885184238,0.0,,,,,,,,,,,,,,,,,,,,,0,0,102,2
1,region_01,2025-04-26,,,,,,,,,,,,,,,0.0,0.0,,,,,,,,,,,,,,,,,,,,,,,,,0.0,0.0,,,,,,,,,,,,,0.0,0.0,0.0,0.0,0.0,0.0,0.0,0.0,0.0,0.0,0.0,0.0,,,0.0,0.0,0.0,0.0,0.0,0.0,0.0,0.0,0.0,0.0,0.0,0.0,0.0,0.0,0.0,0.0,0.0,0.0,0.0,0.0,0.0,0.0,0.0,0.0,0.0,0.0,0.0,0.0,0.0,0.0,0.0,0.0,0.0,0.0,0.0,0.0,0.0,0.0,0.0,0.0,0.0,0.0,0.0,0.0,0.0,0.0,0.0,0.0,0.0,0.0,0.0,0.0,0.0,0.0,0.0,0.0,0.0,0.0,0.0,0.0,0.0,0.0,0.0,0.0,0.0,0.0,0.0,0.0,0.0,0.0,0.0,0.0,0.0,0.0,0.0,0.0,0.0,0.0,0.0,0.0,0.0,0.0,0.0,0.0,0.0,0.0,0.0,0.0,0.0,0.0,0.0055149239487946,0.0,0.05793752148747441,0.0,0.0,0.0,0.0,0.0,0.0,0.0,0.0,0.0,0.0,0.0,0.0,0.0,0.020645206173261002,0.0,0.0,0.0,0.026634883756438868,0.0,0.0110298478975892,0.0,0.0,0.0,0.0055149239487946,0.0,0.046045241877436596,0.0,0.0,0.0,0.4797867437203725,0.0,0.0,0.0,0.017436929667989366,0.0,0.0,0.0,0.0202806728581587,0.0,0.04078953806310885,0.0,,,,,,,0.06420815332482253,0.0,,,,,,,,,,,0.0,0.0,0.0,0.0,0.0,0.0,0.0,0.0,0.0,0.0,0.0,0.0,0.0,0.0,0.0,0.0,0.0,0.0,0.0,0.0,0.0,0.0,0.0,0.0,0.0,0.0,0.0,0.0,0.0,0.0,0.0,0.0,0.0,0.0,0.0,0.0,0.0,0.0,0.0,0.0,0.0,0.0,0.13641213874022162,0.0,0.014207921301325135,0.0,0.0031168649438768,0.0,0.0,0.0,0.0,,0.0635020285844802,0.0,,,,,,,,,,,,,,,,,,,,,0,0,102,3
1,region_01,2025-05-03,,,,,,,,,,,,,,,0.0,0.0,,,,,,,,,,,,,,,,,,,,,,,,,0.0,0.0,,,,,,,,,,,,,0.0,0.0,0.0,0.0,0.0,0.0,0.0,0.0,0.0,0.0,0.0,0.0,,,0.0,0.0,0.0,0.0,0.0,0.0,0.0,0.0,0.0,0.0,0.0,0.0,0.0,0.0,0.0,0.0,0.0,0.0,0.0,0.0,0.0,0.0,0.0,0.0,0.0,0.0,0.0,0.0,0.0,0.0,0.0,0.0,0.0,0.0,0.0,0.0,0.0,0.0,0.0,0.0,0.0,0.0,0.0,0.0,0.0,0.0,0.0,0.0,0.0,0.0,0.0,0.0,0.0,0.0,0.0,0.0,0.0,0.0,0.0,0.0,0.0,0.0,0.0,0.0,0.0,0.0,0.0,0.0,0.0,0.0,0.0,0.0,0.0,0.0,0.0,0.0,0.0,0.0,0.0,0.0,0.0,0.0,0.0,0.0,0.0,0.0,0.0,0.0,0.0,0.0,0.0027574619743973,0.0,0.06011657789349553,0.0,0.0,0.0,0.0,0.0,0.0,0.0,0.0,0.0,0.0,0.0,0.0,0.0,0.029274536917606977,0.0,0.0,0.0,0.016695466901486086,0.0,0.010152047965675575,0.0,0.01557390857487915,0.0,0.0027574619743973,0.0,0.023022620938718298,0.0,0.0,0.0,0.5570109883944193,0.0,0.0,0.0,0.01799271286775666,0.0,0.0,0.0,0.01014033642907935,0.0,0.022673321655020076,0.0,,,,,,,0.03210407666241127,0.0,,,,,,,,,,,0.0,0.0,0.0,0.0,0.0,0.0,0.0,0.0,0.0,0.0,0.0,0.0,0.0,0.0,0.0,0.0,0.0,0.0,0.0,0.0,0.0,0.0,0.0,0.0,0.0,0.0,0.0,0.0,0.0,0.0,0.0,0.0,0.0,0.0,0.0,0.0,0.0,0.0,0.0,0.0,0.0,0.0,0.12501099643607932,0.0,0.03825177780042089,0.0,0.0015584324719384,0.0,0.0,0.0,0.0,,0.0414390387013554,0.0,,,,,,,,,,,,,,,,,,,,,0,0,102,4
1,region_01,2025-05-10,,,,,,,,,,,,,,,0.0,0.0,,,,,,,,,,,,,,,,,,,,,,,,,0.0,0.0,,,,,,,,,,,,,0.0,0.0,0.0,0.0,0.0,0.0,0.0,0.0,0.0,0.0,0.0,0.0,,,0.0,0.0,0.0,0.0,0.0,0.0,0.0,0.0,0.0,0.0,0.0,0.0,0.0,0.0,0.0,0.0,0.0,0.0,0.0,0.0,0.0,0.0,0.0,0.0,0.0,0.0,0.0,0.0,0.0,0.0,0.0,0.0,0.0,0.0,0.0,0.0,0.0,0.0,0.0,0.0,0.0,0.0,0.0,0.0,0.0,0.0,0.0,0.0,0.0,0.0,0.0,0.0,0.0,0.0,0.0,0.0,0.0,0.0,0.0,0.0,0.0,0.0,0.0,0.0,0.0,0.0,0.0,0.0,0.0,0.0,0.0,0.0,0.0,0.0,0.0,0.0,0.0,0.0,0.0,0.0,0.0,0.0,0.0,0.0,0.0,0.0,0.0,0.0,0.0,0.0,0.0,0.0,0.06229563429951665,0.0,0.0,0.0,0.0,0.0,0.0,0.0,0.0,0.0,0.0,0.0,0.0,0.0,0.03790386766195295,0.0,0.0,0.0,0.0067560500465333,0.0,0.00927424803376195,0.0,0.0311478171497583,0.0,0.0,0.0,0.0,0.0,0.0,0.0,0.6342352330684662,0.0,0.0,0.0,0.01854849606752395,0.0,0.0,0.0,0.0,0.0,0.0045571052469313,0.0,,,,,,,0.0,0.0,,,,,,,,,,,0.0,0.0,0.0,0.0,0.0,0.0,0.0,0.0,0.0,0.0,0.0,0.0,0.0,0.0,0.0,0.0,0.0,0.0,0.0,0.0,0.0,0.0,0.0,0.0,0.0,0.0,0.0,0.0,0.0,0.0,0.0,0.0,0.0,0.0,0.0,0.0,0.0,0.0,0.0,0.0,0.0,0.0,0.113609854131937,0.0,0.06229563429951665,0.0,0.0,0.0,0.0,0.0,0.0,,0.0193760488182306,0.0,,,,,,,,,,,,,,,,,,,,,0,0,102,5
1,region_01,2025-05-17,,,,,,,,,,,,,,,0.0,0.0,,,,,,,,,,,,,,,,,,,,,,,,,0.0,0.0,,,,,,,,,,,,,0.0,0.0,0.0,0.0,0.0,0.0,0.0,0.0,0.0,0.0,0.0,0.0,,,0.0,0.0,0.0,0.0,0.0,0.0,0.0,0.0,0.0,0.0,0.0,0.0,0.0,0.0,0.0,0.0,0.0,0.0,0.0,0.0,0.0,0.0,0.0,0.0,0.0,0.0,0.0,0.0,0.0,0.0,0.0,0.0,0.0,0.0,0.0,0.0,0.0,0.0,0.0,0.0,0.0,0.0,0.0,0.0,0.0,0.0,0.0,0.0,0.0,0.0,0.0,0.0,0.0,0.0,0.0,0.0,0.0,0.0,0.0,0.0,0.0,0.0,0.0,0.0,0.0,0.0,0.0,0.0,0.0,0.0,0.0,0.0,0.0,0.0,0.0,0.0,0.0,0.0,0.0,0.0,0.0,0.0,0.0,0.0,0.0,0.0,0.0,0.0,0.0,0.0,0.0,0.0,0.031147817149758325,0.0,0.0,0.0,0.0,0.0,0.0,0.0,0.0,0.0,0.0,0.0,0.0,0.0,0.018951933830976476,0.0,0.0,0.0,0.00337802502326665,0.0,0.004637124016880975,0.0,0.01557390857487915,0.0,0.0,0.0,0.05620210990309715,0.0,0.0,0.0,0.671213909983635,0.0,0.0,0.0,0.009274248033761975,0.0,0.0,0.0,0.0,0.0,0.00227855262346565,0.0,,,,,,,0.0238088127225637,0.0,,,,,,,,,,,0.0,0.0,0.0,0.0,0.0,0.0,0.0,0.0,0.0,0.0,0.0,0.0,0.0,0.0,0.0,0.0,0.0,0.0,0.0,0.0,0.0,0.0,0.0,0.0,0.0,0.0,0.0,0.0,0.0,0.0,0.0,0.0,0.0,0.0,0.0,0.0,0.0,0.0,0.0,0.0,0.0,0.0,0.1226977203041315,0.0,0.031147817149758325,0.0,0.0,0.0,0.0,0.0,0.0,,0.0096880244091153,0.0,,,,,,,,,,,,,,,,,,,,,0,0,102,6
1,region_01,2025-05-24,,,,,,,,,,,,,,,0.0,0.0,,,,,,,,,,,,,,,,,,,,,,,,,0.0,0.0,,,,,,,,,,,,,0.0,0.0,0.0,0.0,0.0,0.0,0.0,0.0,0.0,0.0,0.0,0.0,,,0.0,0.0,0.0,0.0,0.0,0.0,0.0,0.0,0.0,0.0,0.0,0.0,0.0,0.0,0.0,0.0,0.0,0.0,0.0,0.0,0.0,0.0,0.0,0.0,0.0,0.0,0.0,0.0,0.0,0.0,0.0,0.0,0.0,0.0,0.0,0.0,0.0,0.0,0.0,0.0,0.0,0.0,0.0,0.0,0.0,0.0,0.0,0.0,0.0,0.0,0.0,0.0,0.0,0.0,0.0,0.0,0.0,0.0,0.0,0.0,0.0,0.0,0.0,0.0,0.0,0.0,0.0,0.0,0.0,0.0,0.0,0.0,0.0,0.0,0.0,0.0,0.0,0.0,0.0,0.0,0.0,0.0,0.0,0.0,0.0,0.0,0.0,0.0,0.0,0.0,0.0,0.0,0.0,0.0,0.0,0.0,0.0,0.0,0.0,0.0,0.0,0.0,0.0,0.0,0.0,0.0,0.0,0.0,0.0,0.0,0.0,0.0,0.0,0.0,0.0,0.0,0.0,0.0,0.1124042198061943,0.0,0.0,0.0,0.7081925868988037,0.0,0.0,0.0,0.0,0.0,0.0,0.0,0.0,0.0,0.0,0.0,,,,,,,0.0476176254451274,0.0,,,,,,,,,,,0.0,0.0,0.0,0.0,0.0,0.0,0.0,0.0,0.0,0.0,0.0,0.0,0.0,0.0,0.0,0.0,0.0,0.0,0.0,0.0,0.0,0.0,0.0,0.0,0.0,0.0,0.0,0.0,0.0,0.0,0.0,0.0,0.0,0.0,0.0,0.0,0.0,0.0,0.0,0.0,0.0,0.0,0.131785586476326,0.0,0.0,0.0,0.0,0.0,0.0,0.0,0.0,,0.0,0.0,,,,,,,,,,,,,,,,,,,,,0,0,102,7
1,region_01,2025-05-31,,,,,,,,,,,,,,,0.0003604902640769342,0.0,,,,,,,,,,,,,,,,,,,,,,,,,,,,,,,,,,,,,,,,,0.004065040498971933,0.0,,,,,,,,,,,,,,,0.0003604902640769342,0.0,,,,,,,,,,,,,,,,,,,,,,,,,,,,,,,,,,,,,,,,,,,,,,,,,0.004068739168966783,0.0,,,,,,,,,,,,,,,,,,,,,,,,,,,,,,,,,,,0.0017499050901581764,0.0,0.008543213363736833,0.0,,,,,,,,,,,,,,,,,0.0081374783379336,0.0,,,0.004068739168966783,0.0,,,0.06626967713236806,0.0,,,0.6242314279079437,0.0,,,0.0100675672292709,0.0,,,,,0.04923060412208238,0.0,,,,,,,0.030520524596795374,0.0,,,,,,,,,,,,,,,,,,,,,,,,,,,,,,,,,,,,,,,,,,,,,,,,,,,0.00018558563509335003,0.0,0.07260450511239466,0.0,0.005900241046523033,0.0,,,,,0.006711711874231675,2.0,0.11128172278404236,0.0,,,,,,,,,,,,,,,,,,,,,0,1,17,8
1,region_01,2025-06-07,,,,,,,,,,,,,,,0.0007209805281538684,0.0,,,,,,,,,,,,,,,,,,,,,,,,,,,,,,,,,,,,,,,,,0.008130080997943866,0.0,,,,,,,,,,,,,,,0.0007209805281538684,0.0,,,,,,,,,,,,,,,,,,,,,,,,,,,,,,,,,,,,,,,,,,,,,,,,,0.008137478337933567,0.0,,,,,,,,,,,,,,,,,,,,,,,,,,,,,,,,,,,0.003499810180316353,0.0,0.017086426727473666,0.0,,,,,,,,,,,,,,,,,0.0162749566758672,0.0,,,0.008137478337933567,0.0,,,0.0201351344585418,0.0,,,0.5402702689170837,0.0,,,0.0201351344585418,0.0,,,,,0.09846120824416477,0.0,0.00671171187423165,2.0,,,,,0.01342342374846335,0.0,,,,,,,,,,,,,,,,,,,,,,,,,,,,,,,,,,,,,,,,,,,,,,,,,,,0.00037117127018670005,0.0,0.01342342374846335,0.0,0.011800482093046067,0.0,,,,,0.01342342374846335,0.0,0.22256344556808472,0.0,,,,,,,,,,,,,,,,,,,,,0,1,18,9
1,region_01,2025-06-14,,,,,,,,,,,,,,,0.0010814707922308026,0.0,,,,,,,,,,,,,,,,,,,,,,,,,,,,,,,,,,,,,,,,,0.0121951214969158,0.0,,,,,,,,,,,,,,,0.0010814707922308026,0.0,,,,,,,,,,,,,,,,,,,,,,,,,,,,,,,,,,,,,,,,,,,,,,,,,0.007822540743897308,0.0,,,,,,,,,,,,,,,,,,,,,,,,,,,,,,,,,,,0.005249715270474529,0.0,0.016610267196988826,0.0,,,,,,,,,,,,,,,,,0.0150121920354043,0.0,,,,,,,0.02037139644380652,0.0,,,0.4825638122856617,0.0,,,,,,,,,0.1138459052890539,0.0,0.013094190147239667,0.0,,,,,0.012692425446584778,0.0,,,,,,,,,,,,,,,,,,,,,,,,,,,,,,,,,,,,,,,,,,,,,,,,,,,0.0005567569052800501,0.0,0.01279324360366441,0.0,0.012363725283648775,0.0,,,,,0.013580931525211738,0.0,0.26046425104141235,0.0,,,,,,,,,,,,,,,,,,,,,0,0,17,10
1,region_01,2025-06-21,,,,,,,,,,,,,,,0.0014419610563077368,0.0,,,,,,,,,,,,,,,,,,,,,,,,,,,,,,,,,,,,,,,,,0.016260161995887732,0.0,,,,,,,,,,,,,,,0.0014419610563077368,0.0,,,,,,,,,,,,,,,,,,,,,,,,,,,,,,,,,,,,,,,,,,,,,,,,,0.0075076031498610505,0.0,,,,,,,,,,,,,,,,,,,,,,,,,,,,,,,,,,,0.006999620360632706,0.0,0.016134107666503982,0.0,,,,,,,,,,,,,,,,,0.013749427394941399,0.0,,,,,,,0.020607658429071238,0.0,,,0.42485735565423965,0.0,,,,,,,,,0.12923060233394304,0.0,0.019476668420247683,0.0,,,,,0.011961427144706206,0.0,,,,,,,,,,,,,,,,,,,,,,,,,,,,,,,,,,,,,,,,,,,,,,,,,,,0.0007423425403734001,0.0,0.01216306345886547,0.0,0.012926968474251482,0.0,,,,,0.013738439301960125,0.0,0.29836505651474,0.0,,,,,,,,,,,,,,,,,,,,,0,0,17,11
1,region_01,2025-06-28,,,,,,,,,,,,,,,0.0018024513203846709,0.0,,,,,,,,,,,,,,,,,,,,,,,,,,,,,,,,,,,,,,,,,0.020325202494859664,0.0,,,,,,,,,,,,,,,0.0018024513203846709,0.0,,,,,,,,,,,,,,,,,,,,,,,,,,,,,,,,,,,,,,,,,,,,,,,,,0.007192665555824792,0.0,,,,,,,,,,,,,,,,,,,,,,,,,,,,,,,,,,,0.008749525450790881,0.0,0.015657948136019142,0.0,,,,,,,,,,,,,,,,,0.0124866627544785,0.0,,,,,,,0.020843920414335956,0.0,,,0.3671508990228176,0.0,,,,,,,,,0.14461529937883216,0.0,0.025859146693255702,0.0,,,,,0.011230428842827633,0.0,,,,,,,,,,,,,,,,,,,,,,,,,,,,,,,,,,,,,,,,,,,,,,,,,,,0.0009279281754667501,0.0,0.011532883314066529,0.0,0.013490211664854191,0.0,,,,,0.013895947078708512,0.0,0.3362658619880676,0.0,,,,,,,,,,,,,,,,,,,,,0,0,17,12
1,region_01,2025-07-05,,,,,,,,,,,,,,,0.0021629415844616052,0.0,,,,,,,,,,,,,,,,,,,,,,,,,,,,,,,,,,,,,,,,,0.0243902429938316,0.0,,,,,,,,,,,,,,,0.0021629415844616052,0.0,,,,,,,,,,,,,,,,,,,,,,,,,,,,,,,,,,,,,,,,,,,,,,,,,0.0068777279617885335,0.0,,,,,,,,,,,,,,,,,,,,,,,,,,,,,,,,,,,0.010499430540949059,0.0,0.0151817886055343,0.0,,,,,,,,,,,,,,,,,0.011223898114015599,0.0,,,,,,,0.021080182399600675,0.0,,,0.30944444239139557,0.0,,,,,,,,,0.1599999964237213,0.0,0.03224162496626372,0.0,,,,,0.01049943054094906,0.0,0.013835979004700932,2.0,,,,,,,,,,,,,,,,,,,,,,,,,,,,,,,,,,,,,,,,,,,,,,,,,0.0011135138105601002,0.0,0.010902703169267587,0.0,0.0140534548554569,0.0,,,,,0.0140534548554569,0.0,0.37416666746139526,0.0,,,,,,,0.006917989502350434,2.0,,,,,,,,,,,,,0,2,17,13
1,region_01,2025-07-12,,,,,,,,,,,,,,,0.0025234318485385394,0.0,,,,,,,,,,,,,,,,,,,,,,,,,,,,,,,,,,,,,,,,,0.019767231919104192,0.0,,,,,,,,,,,,,,,0.0025234318485385394,0.0,,,,,,,,,,,,,,,,,,,,,,,,,,,,,,,,,,,,,,,,,,,,,,,,,0.0065627903677522754,0.0,,,,,,,,,,,,,,,,,,,,,,,,,,,,,,,,,,,,,0.014705629075049458,0.0,,,,,,,,,,,,,,,,,0.0099611334735527,0.0,,,,,,,0.017284686473431,0.0,,,0.25707843247801065,0.0,,,,,,,,,0.1447368034472068,0.0,0.03011192693375046,0.0,,,,,0.009349122579442289,0.0,0.011828647189152691,0.0,,,,,,,,,,,,,,,,,,,,,,,,,,,,,,,,,,,,,,,,,,,,,,,,,0.00129909944565345,0.0,0.010272523024468648,0.0,,,,,,,0.023811037826817438,0.0,0.4663145045439402,0.0,,,,,,,0.007895481035423726,0.0,,,,,,,,,,,,,0,0,17,14
1,region_01,2025-07-19,,,,,,,,,,,,,,,0.0028839221126154735,0.0,,,,,,,,,,,,,,,,,,,,,,,,,,,,,,,,,,,,,,,,,0.015144220844376787,0.0,,,,,,,,,,,,,,,0.0028839221126154735,0.0,,,,,,,,,,,,,,,,,,,,,,,,,,,,,,,,,,,,,,,,,,,,,,,,,0.0062478527737160165,0.0,,,,,,,,,,,,,,,,,,,,,,,,,,,,,,,,,,,,,0.014229469544564617,0.0,,,,,,,,,,,,,,,,,0.0086983688330898,0.0,,,,,,,0.013489190547261325,0.0,,,0.20471242256462574,0.0,,,,,,,,,0.1294736104706923,0.0,0.0279822289012372,0.0,,,,,0.008198814617935517,0.0,0.00982131537360445,0.0,,,,,,,,,,,,,,,,,,,,,,,,,,,,,,,,,,,,,,,,,,,,,,,,,0.0014846850807468002,0.0,0.009642342879669707,0.0,,,,,,,0.033568620798177976,0.0,0.5584623416264851,0.0,,,,,,,0.008872972568497017,0.0,,,,,,,,,,,,,0,0,17,15
1,region_01,2025-07-26,,,,,,,,,,,,,,,0.0032444123766924076,0.0,,,,,,,,,,,,,,,,,,,,,,,,,,,,,,,,,,,,,,,,,0.01052120976964938,0.0,,,,,,,,,,,,,,,0.0032444123766924076,0.0,,,,,,,,,,,,,,,,,,,,,,,,,,,,,,,,,,,,,,,,,,,,,,,,,0.0059329151796797585,0.0,,,,,,,,,,,,,,,,,,,,,,,,,,,,,,,,,,,,,0.013753310014079775,0.0,,,,,,,,,,,,,,,,,0.0074356041926269,0.0,,,,,,,0.00969369462109165,0.0,,,0.15234641265124083,0.0,,,,,,,,,0.11421041749417779,0.0,0.02585253086872394,0.0,,,,,0.007048506656428746,0.0,0.007813983558056209,0.0,,,,,,,,,,,,,,,,,,,,,,,,,,,,,,,,,,,,,,,,,,,,,,,,,0.0016702707158401504,0.0,0.009012162734870766,0.0,,,,,,,0.04332620376953851,0.0,0.6506101787090302,0.0,,,,,,,0.00985046410157031,0.0,,,,,,,,,,,,,0,0,17,16
1,region_01,2025-08-02,,,,,,,,,,,,,,,0.0036049026407693418,0.0,,,,,,,,,,,,,,,,,,,,,,,,,,,,,,,,,,,,,,,,,0.0058981986949219745,0.0,,,,,,,,,,,,,,,0.0036049026407693418,0.0,,,,,,,,,,,,,,,,,,,,,,,,,,,,,,,,,,,,,,,,,,,,,,,,,0.0056179775856435,0.0,,,,,,,,,,,,,,,,,,,,,,,,,,,,,,,,,,,,,0.013277150483594933,0.0,,,,,,,,,,,,,,,,,0.006172839552164,0.0,,,,,,,0.0058981986949219745,0.0,,,0.0999804027378559,0.0,,,,,,,,,0.09894722451766329,0.0,0.02372283283621068,0.0,,,,,0.0058981986949219745,0.0,0.005806651742507967,0.0,,,,,,,,,,,,,,,,,,,,,,,,,,,,,,,,,,,,,,,,,,,,,,,,,0.0018558563509335003,0.0,0.008381982590071824,0.0,,,,,,,0.05308378674089905,0.0,0.7427580157915751,0.0,,,,,,,0.010827955634643602,0.0,,,,,0.011613303485015969,2.0,,,,,,,0,1,17,17
1,region_01,2025-08-09,,,,,,,,,,,,,,,0.003965392904846276,0.0,,,,,,,,,,,,,,,,,,,,,,,,,,,,,,,,,,,,,,,,,,,,,,,,,,,,,,,,,0.003965392904846276,0.0,,,,,,,,,,,,,,,,,,,,,,,,,,,,,,,,,,,,,,,,,,,,,,,,,0.0057093811919912375,0.0,,,,,,,,,,,,,,,,,,,,,,,,,,,,,,,,,,,,,0.01280099095311009,0.0,,,,,,,,,,,,,,,,,0.006851538317277958,0.0,,,,,,,0.005534603347768956,0.0,,,0.08592850249260661,0.0,,,,,,,,,0.09425261244177814,0.0,0.019198734842939255,0.0,,,,,0.005578491537016765,0.0,0.0070684890961274,0.0,,,,,,,,,,,,,,,,,,,,,,,,,,,,,,,,,,,,,,,,,,,,,,,,,0.00204144198602685,0.0,0.007751802445272885,0.0,,,,,,,0.047780381492339034,0.0,0.7497933506965637,0.0,,,,,,,0.011805447167716893,0.0,,,,,0.012394458055496167,0.0,,,,,,,0,0,17,18
1,region_01,2025-08-16,,,,,,,,,,,,,,,0.0043258831689232105,0.0,,,,,,,,,,,,,,,,,,,,,,,,,,,,,,,,,,,,,,,,,,,,,,,,,,,,,,,,,0.0043258831689232105,0.0,,,,,,,,,,,,,,,,,,,,,,,,,,,,,,,,,,,,,,,,,,,,,,,,,0.0058007847983389755,0.0,,,,,,,,,,,,,,,,,,,,,,,,,,,,,,,,,,,,,0.012324831422625249,0.0,,,,,,,,,,,,,,,,,0.007530237082391917,0.0,,,,,,,0.005171008000615937,0.0,,,0.07187660224735734,0.0,,,,,,,,,0.089558000365893,0.0,0.014674636849667827,0.0,,,,,0.005258784379111556,0.0,0.008330326449746834,0.0,,,,,,,,,,,,,,,,,,,,,,,,,,,,,,,,,,,,,,,,,,,,,,,,,0.0022270276211202003,0.0,0.007121622300473944,0.0,,,,,,,0.04247697624377902,0.0,0.7568286856015523,0.0,,,,,,,0.012782938700790183,0.0,,,,,0.013175612625976368,0.0,,,,,,,0,0,17,19
1,region_01,2025-08-23,,,,,,,,,,,,,,,0.004686373433000144,0.0,,,,,,,,,,,,,,,,,,,,,,,,,,,,,,,,,,,,,,,,,,,,,,,,,,,,,,,,,0.004686373433000144,0.0,,,,,,,,,,,,,,,,,,,,,,,,,,,,,,,,,,,,,,,,,,,,,,,,,0.0058921884046867126,0.0,,,,,,,,,,,,,,,,,,,,,,,,,,,,,,,,,,,,,0.011848671892140408,0.0,,,,,,,,,,,,,,,,,0.008208935847505875,0.0,,,,,,,0.004807412653462919,0.0,,,0.057824702002108055,0.0,,,,,,,,,0.08486338829000785,0.0,0.0101505388563964,0.0,,,,,0.004939077221206347,0.0,0.009592163803366267,0.0,,,,,,,,,,,,,,,,,,,,,,,,,,,,,,,,,,,,,,,,,,,,,,,,,0.0024126132562135505,0.0,0.006491442155675003,0.0,,,,,,,0.037173570995219,0.0,0.7638640205065409,0.0,,,,,,,0.013760430233863476,0.0,,,,,0.013956767196456568,0.0,,,,,,,0,0,17,20
1,region_01,2025-08-30,,,,,,,,,,,,,,,0.005046863697077079,0.0,,,,,,,,,,,,,,,,,,,,,,,,,,,,,,,,,,,,,,,,,,,,,,,,,,,,,,,,,0.005046863697077079,0.0,,,,,,,,,,,,,,,,,,,,,,,,,,,,,,,,,,,,,,,,,,,,,,,,,0.0059835920110344505,0.0,,,,,,,,,,,,,,,,,,,,,,,,,,,,,,,,,,,,,0.011372512361655566,0.0,,,,,,,,,,,,,,,,,0.008887634612619833,0.0,,,,,,,0.0044438173063099,0.0,,,0.04377280175685877,0.0,,,,,,,,,0.0801687762141227,0.0,0.005626440863124975,0.0,,,,,0.004619370063301137,0.0,0.0108540011569857,0.0,,,,,,,,,,,,,,,,,,,,,,,,,,,,,,,,,,,,,,,,,,,,,,,,,0.0025981988913069,0.0,0.005861262010876063,0.0,,,,,,,0.031870165746658984,0.0,0.7708993554115295,0.0,0.00455602142028505,2.0,0.0043721480760723005,2.0,,,0.014737921766936767,0.0,,,,,0.014737921766936767,0.0,0.008887634612619833,2.0,0.0206900350749492,2.0,,,0,4,17,21
1,region_01,2025-09-06,,,,,,,,,,,,,,,0.0054073539611540124,0.0,,,,,,,,,,,,,,,,,,,,,,,,,,,,,,,,,,,,,,,,,,,,,,,,,,,,,,,,,0.0054073539611540124,0.0,,,,,,,,,,,,,,,,,,,,,,,,,,,,,,,,,,,,,,,,,,,,,,,,,0.006074995617382188,0.0,,,,,,,,,,,,,,,,,,,,,,,,,,,,,,,,,,,,,0.010896352831170724,0.0,,,,,,,,,,,,,,,,,0.008818473480641796,0.0,,,,,,,0.005996999167837155,0.0,,,0.03617014274932438,0.0,,,,,,,,,0.08433293178677553,0.0,0.005054966005263806,0.0,,,,,0.0042996629053959285,0.0,0.009782719503467225,0.0,,,,,,,,,,,,,,,,,,,,,,,,,,,,,,,,,,,,,,,,,,,,,,,,,0.0027837845264002503,0.0,0.005231081866077122,0.0,,,,,,,0.026566760498098967,0.0,0.7690475359559059,0.0,0.0051293649012222374,0.0,0.004921329692782176,0.0,,,0.017734524188563205,0.0,,,,,0.013558847364038205,0.0,0.009171131998300506,0.0,0.016352661664131976,0.0,,,0,0,21,22
1,region_01,2025-09-13,,,,,,,,,,,,,,,0.005767844225230947,0.0,,,,,,,,,,,,,,,,,,,,,,,,,,,,,,,,,,,,,,,,,,,,,,,,,,,,,,,,,0.005767844225230947,0.0,,,,,,,,,,,,,,,,,,,,,,,,,,,,,,,,,,,,,,,,,,,,,,,,,0.006166399223729925,0.0,,,,,,,,,,,,,,,,,,,,,,,,,,,,,,,,,,,,,0.010420193300685884,0.0,,,,,,,,,,,,,,,,,0.008749312348663756,0.0,,,,,,,0.00755018102936441,0.0,,,0.028567483741789995,0.0,,,,,,,,,0.08849708735942835,0.0,0.004483491147402638,0.0,,,,,0.003979955747490719,0.0,0.008711437849948751,0.0,,,,,,,,,,,,,,,,,,,,,,,,,,,,,,,,,,,,,,,,,,,,,,,,,0.0029693701614936004,0.0,0.004600901721278181,0.0,,,,,,,0.02126335524953895,0.0,0.7671957165002823,0.0,0.005702708382159425,0.0,0.005470511309492051,0.0,,,0.02073112661018964,0.0,,,,,0.012379772961139644,0.0,0.009454629383981176,0.0,0.01201528825331475,0.0,,,0,0,21,23
1,region_01,2025-09-20,,,,,,,,,,,,,,,0.006128334489307882,0.0,,,,,,,,,,,,,,,,,,,,,,,,,,,,,,,,,,,,,,,,,,,,,,,,,,,,,,,,,0.006128334489307882,0.0,,,,,,,,,,,,,,,,,,,,,,,,,,,,,,,,,,,,,,,,,,,,,,,,,0.006257802830077663,0.0,,,,,,,,,,,,,,,,,,,,,,,,,,,,,,,,,,,,,0.009944033770201042,0.0,,,,,,,,,,,,,,,,,0.008680151216685719,0.0,,,,,,,0.009103362890891665,0.0,,,0.020964824734255608,0.0,,,,,,,,,0.09266124293208117,0.0,0.003912016289541469,0.0,,,,,0.0036602485895855094,0.0,0.007640156196430275,0.0,,,,,,,,,,,,,,,,,,,,,,,,,,,,,,,,,,,,,,,,,,,,,,,,,0.0031549557965869506,0.0,0.00397072157647924,0.0,,,,,,,0.015959950000978933,0.0,0.7653438970446587,0.0,0.006276051863096613,0.0,0.006019692926201925,0.0,,,0.02372772903181608,0.0,,,,,0.011200698558241082,0.0,0.009738126769661848,0.0,0.007677914842497526,0.0,,,0,0,21,24
1,region_01,2025-09-27,,,,,,,,,,,,,,,0.006488824753384815,0.0,,,,,,,,,,,,,,,,,,,,,,,,,,,,,,,,,,,,,,,,,,,,,,,,,,,,,,,,,0.006488824753384815,0.0,,,,,,,,,,,,,,,,,,,,,,,,,,,,,,,,,,,,,,,,,,,,,,,,,0.0063492064364254,0.0,,,,,,,,,,,,,,,,,,,,,,,,,,,,,,,,,,,,,0.0094678742397162,0.0,,,,,,,,,,,,,,,,,0.00861099008470768,0.0,,,,,,,0.01065654475241892,0.0,,,0.01336216572672122,0.0,,,,,,,,,0.096825398504734,0.0,0.0033405414316803003,0.0,,,,,0.0033405414316803003,0.0,0.0065688745429118,0.0,,,,,,,,,,,,,,,,,,,,,,,,,,,,,,,,,,,,,,,,,,,,,,,,,0.0033405414316803003,0.0,0.0033405414316803003,0.0,,,,,,,0.01065654475241892,0.0,0.763492077589035,0.0,0.0068493953440338,0.0,0.0065688745429118,0.0,0.0031746032182127,2.0,0.026724331453442517,0.0,,,,,0.01002162415534252,0.0,0.01002162415534252,0.0,0.0033405414316803003,0.0,,,0,1,21,25
1,region_01,2025-10-04,,,,,,,,,,,,,,,0.00684931501746175,0.0,,,,,,,,,,,,,,,,,,,,,,,,,,,,,,,,,,,,,,,,,,,,,,,,,,,,,,,,,0.00684931501746175,0.0,,,,,,,,,,,,,,,,,,,,,,,,,,,,,,,,,,,,,,,,,,,,,,,,,0.006233107182197225,0.0,,,,,,,,,,,,,,,,,,,,,,,,,,,,,,,,,,,,,0.008991714709231357,0.0,,,,,,,,,,,,,,,,,0.008767397806514005,0.0,,,,,,,0.009354634691650605,0.0,,,0.01341266529634589,0.0,,,,,,,,,0.1130230892449617,0.0,0.003976047566781415,0.0,,,,,,,0.006679319660179275,0.0,,,,,,,,,,,,,,,,,,,,,,,,,,,,,,,,,,,,,,,,,,,,,,,,,,,0.003477686841506487,0.0,,,,,,,0.010061063384637175,0.0,0.7291847094893456,0.0,0.016197302349610213,0.0,0.007651108161856684,0.0,0.0036898529506288248,0.0,0.039728422928601445,0.0,,,,,0.009825373359490134,0.0,0.01165352775715286,0.0,0.006642715714406196,0.0,,,0,0,20,26
1,region_01,2025-10-11,,,,,,,,,,,,,,,0.0072098052815386835,0.0,,,,,,,,,,,,,,,,,,,,,,,,,,,,,,,,,,,,,,,,,,,,,,,,,,,,,,,,,0.0072098052815386835,0.0,,,,,,,,,,,,,,,,,,,,,,,,,,,,,,,,,,,,,,,,,,,,,,,,,0.0061170079279690495,0.0,,,,,,,,,,,,,,,,,,,,,,,,,,,,,,,,,,,,,0.008515555178746515,0.0,,,,,,,,,,,,,,,,,0.008923805528320328,0.0,,,,,,,0.008052724630882293,0.0,,,0.01346316486597056,0.0,,,,,,,,,0.1292207799851894,0.0,0.0046115537018825295,0.0,,,,,,,0.0067897647774467496,0.0,,,,,,,,,,,,,,,,,,,,,,,,,,,,,,,,,,,,,,,,,,,,,,,,,,,0.0036148322513326735,0.0,,,,,,,0.00946558201685543,0.0,0.6948773413896561,0.0,0.025545209355186626,0.0,0.008733341780801568,0.0,0.00420510268304495,0.0,0.05273251440376038,0.0,,,,,0.009629122563637748,0.0,0.0132854313589632,0.0,0.009944889997132092,0.0,,,0,0,20,27
1,region_01,2025-10-18,,,,,,,,,,,,,,,0.007570295545615618,0.0,,,,,,,,,,,,,,,,,,,,,,,,,,,,,,,,,,,,,,,,,,,,,,,,,,,,,,,,,0.007570295545615618,0.0,,,,,,,,,,,,,,,,,,,,,,,,,,,,,,,,,,,,,,,,,,,,,,,,,0.006000908673740875,0.0,,,,,,,,,,,,,,,,,,,,,,,,,,,,,,,,,,,,,0.008039395648261675,0.0,,,,,,,,,,,,,,,,,0.009080213250126652,0.0,,,,,,,0.00675081457011398,0.0,,,0.013513664435595232,0.0,,,,,,,,,0.1454184707254171,0.0,0.005247059836983644,0.0,,,,,,,0.006900209894714225,0.0,,,,,,,,,,,,,,,,,,,,,,,,,,,,,,,,,,,,,,,,,,,,,,,,,,,0.0037519776611588604,0.0,,,,,,,0.008870100649073684,0.0,0.6605699732899666,0.0,0.03489311636076304,0.0,0.009815575399746451,0.0,0.004720352415461075,0.0,0.0657366058789193,0.0,,,,,0.009432871767785362,0.0,0.01491733496077354,0.0,0.013247064279857987,0.0,,,0,0,20,28
1,region_01,2025-10-25,,,,,,,,,,,,,,,0.007930785809692552,0.0,,,,,,,,,,,,,,,,,,,,,,,,,,,,,,,,,,,,,,,,,,,,,,,,,,,,,,,,,0.007930785809692552,0.0,,,,,,,,,,,,,,,,,,,,,,,,,,,,,,,,,,,,,,,,,,,,,,,,,0.0058848094195127,0.0,,,,,,,,,,,,,,,,,,,,,,,,,,,,,,,,,,,,,0.007563236117776833,0.0,,,,,,,,,,,,,,,,,0.009236620971932976,0.0,,,,,,,0.005448904509345667,0.0,,,0.013564164005219901,0.0,,,,,,,,,0.1616161614656448,0.0,0.005882565972084758,0.0,,,,,,,0.0070106550119817,0.0,,,,,,,,,,,,,,,,,,,,,,,,,,,,,,,,,,,,,,,,,,,,,,,,,,,0.003889123070985047,0.0,,,,,,,0.00827461928129194,0.0,0.6262626051902771,0.0,0.044241023366339456,0.0,0.010897809018691335,0.0,0.0052356021478772,0.0,0.07874069735407824,0.0,,,,,0.009236620971932976,0.0,0.01654923856258388,0.0,0.016549238562583883,0.0,0.023053212650120218,2.0,0,1,20,29
1,region_01,2025-11-01,,,,,,,,,,,,,,,0.008291276073769486,0.0,,,,,,,,,,,,,,,,,,,,,,,,,,,,,,,,,,,,,,,,,,,,,,,,,,,,,,,,,0.008291276073769486,0.0,,,,,,,,,,,,,,,,,,,,,,,,,,,,,,,,,,,,,,,,,,,,,,,,,0.005768710165284525,0.0,,,,,,,,,,,,,,,,,,,,,,,,,,,,,,,,,,,,,0.0070870765872919905,0.0,,,,,,,,,,,,,,,,,,,,,,,,,0.005666797817684681,0.0,,,0.01436432026481873,0.0,,,,,,,,,0.14571655138085282,0.0,0.006518072107185873,0.0,,,,,,,0.007219790085218815,0.0,,,,,,,,,,,,,,,,,,,,,,,,,,,,,,,,,,,,,,,,,,,,,,,,,,,0.004026268480811233,0.0,,,,,,,,,0.6320899277925491,0.0,0.053588930371915866,0.0,0.01692274361848826,0.0,0.00531645709027845,0.0,0.08439909480512137,0.0,,,,,0.012179805528527711,0.0,0.018511089170351585,0.0,0.01593413833761583,0.0,0.02140334993730192,0.0,0,0,19,30
1,region_01,2025-11-08,,,,,,,,,,,,,,,0.008651766337846421,0.0,,,,,,,,,,,,,,,,,,,,,,,,,,,,,,,,,,,,,,,,,,,,,,,,,,,,,,,,,0.008651766337846421,0.0,,,,,,,,,,,,,,,,,,,,,,,,,,,,,,,,,,,,,,,,,,,,,,,,,0.00565261091105635,0.0,,,,,,,,,,,,,,,,,,,,,,,,,,,,,,,,,,,,,0.006610917056807149,0.0,,,,,,,,,,,,,,,,,,,,,,,,,0.005884691126023694,0.0,,,0.015164476524417558,0.0,,,,,,,,,0.12981694129606083,0.0,0.007153578242286987,0.0,,,,,,,0.00742892515845593,0.0,,,,,,,,,,,,,,,,,,,,,,,,,,,,,,,,,,,,,,,,,,,,,,,,,,,0.00416341389063742,0.0,,,,,,,,,0.6379172503948212,0.0,0.06293683737749228,0.0,0.022947678218285188,0.0,0.0053973120326797,0.0,0.0900574922561645,0.0,,,,,0.015122990085122447,0.0,0.02047293977811929,0.0,0.015319038112647784,0.0,0.01975348722448362,0.0,0,0,19,31
1,region_01,2025-11-15,,,,,,,,,,,,,,,0.009012256601923355,0.0,,,,,,,,,,,,,,,,,,,,,,,,,,,,,,,,,,,,,,,,,,,,,,,,,,,,,,,,,0.009012256601923355,0.0,,,,,,,,,,,,,,,,,,,,,,,,,,,,,,,,,,,,,,,,,,,,,,,,,0.005536511656828174,0.0,,,,,,,,,,,,,,,,,,,,,,,,,,,,,,,,,,,,,0.006134757526322308,0.0,,,,,,,,,,,,,,,,,,,,,,,,,0.006102584434362707,0.0,,,0.015964632784016386,0.0,,,,,,,,,0.11391733121126886,0.0,0.007789084377388102,0.0,,,,,,,0.007638060231693045,0.0,,,,,,,,,,,,,,,,,,,,,,,,,,,,,,,,,,,,,,,,,,,,,,,,,,,0.004300559300463607,0.0,,,,,,,,,0.6437445729970932,0.0,0.0722847443830687,0.0,0.028972612818082114,0.0,0.00547816697508095,0.0,0.09571588970720762,0.0,,,,,0.018066174641717184,0.0,0.022434790385886996,0.0,0.014703937887679734,0.0,0.018103624511665323,0.0,0,0,19,32
1,region_01,2025-11-22,,,,,,,,,,,,,,,0.009372746866000288,0.0,,,,,,,,,,,,,,,,,,,,,,,,,,,,,,,,,,,,,,,,,,,,,,,,,,,0.0161290317773818,2.0,,,,,0.009372746866000288,0.0,,,,,,,,,,,,,,,,,,,,,,,,,,,,,,,,,,,,,,,,,,,,,,,,,0.0054204124026,0.0,,,,,,,,,,,,,,,,,,,,,,,,,,,,,,,,,,,,,0.005658597995837467,0.0,,,,,,,,,,,,,,,,,,,,,,,,,0.00632047774270172,0.0,,,0.016764789043615214,0.0,,,,,,,,,0.09801772112647687,0.0,0.008424590512489217,0.0,,,,,,,0.00784719530493016,0.0,,,,,,,,,,,,,,,,,,,,,,,,,,,,,,,,,,,,,,,,,,,,,,,,,,,0.004437704710289794,0.0,,,,,,,,,0.6495718955993652,0.0,0.0816326513886451,0.0,0.03499754741787904,0.0,0.0055590219174821995,0.0,0.10137428715825075,0.0,,,0.0054204124026,2.0,0.021009359198311917,0.0,0.0243966409936547,0.0,0.014088837662711684,0.0,0.016453761798847024,0.0,0,2,19,33
1,region_01,2025-11-29,,,,,,,,,,,,,,,0.009733237130077224,0.0,,,,,,,,,,,,,,,,,,,,,,,,,,,,,,,,,,,,,,,,,,,,,,,,,,,0.0197420339100062,0.0,,,,,0.009733237130077224,0.0,,,,,,,,,,,,,,,,,,,,,,,,,,,,,,,,,,,,,,,,,,,,,,,,,0.005906459875404787,0.0,,,,,,,,,,,,,,,,,,,,,,,,,,,,,,,,,,,,,0.006698928307741815,0.0,,,,,,,,,,,,,,,,,,,,,,,,,0.005654242914169978,0.0,,,,,,,,,,,,,0.11221505856762326,0.0,0.00906009664759033,0.0,,,,,,,0.008789622550830187,0.0,,,,,,,,,,,,,,,,,,,,,,,,,,,,,,,,,,,,,,,,,,,,,,,,,,,0.004574850120115981,0.0,,,,,,,,,0.6191185861825943,0.0,,,0.04186416361480945,0.0,0.005639876859883449,0.0,0.10622191894799465,0.0,,,0.008560537321803417,0.0,0.017973080975934815,0.0,0.022214675927534667,0.0,0.011813199834432398,0.0,0.014803899086028725,0.0,0,0,19,34
1,region_01,2025-12-06,,,,,,,,,,,,,,,0.010093727394154157,0.0,,,,,,,,,,,,,,,,,,,,,,,,,,,,,,,,,,,,,,,,,,,,,,,,,,,0.0233550360426306,0.0,,,,,0.010093727394154157,0.0,,,,,,,,,,,,,,,,,,,,,,,,,,,,,,,,,,,,,,,,,,,,,,,,,0.006392507348209574,0.0,,,,,,,,,,,,,,,,,,,,,,,,,,,,,,,,,,,,,0.007739258619646163,0.0,,,,,,,,,,,,,,,,,,,,,,,,,0.004988008085638235,0.0,,,,,,,,,,,,,0.12641239600876963,0.0,0.009695602782691446,0.0,,,,,,,0.009732049796730213,0.0,,,,,,,,,,,,,,,,,,,,,,,,,,,,,,,,,,,,,,,,,,,,,,,,,,,0.004711995529942167,0.0,,,,,,,,,0.5886652767658234,0.0,,,0.04873077981173985,0.0,0.005720731802284699,0.0,0.11106955073773855,0.0,,,0.011700662241006833,0.0,0.014936802753557708,0.0,0.02003271086141463,0.0,0.009537562006153112,0.0,0.013154036373210425,0.0,0,0,19,35
1,region_01,2025-12-13,,,,,,,,,,,,,,,0.010454217658231091,0.0,,,,,,,,,,,,,,,,,,,,,,,,,,,,,,,,,,,,,,,,,,,,,,,,,,,0.026968038175254998,0.0,,,,,0.010454217658231091,0.0,,,,,,,,,,,,,,,,,,,,,,,,,,,,,,,,,,,,,,,,,,,,,,,,,0.006878554821014363,0.0,,,,,,,,,,,,,,,,,,,,,,,,,,,,,,,,,,,,,0.008779588931550512,0.0,,,,,,,,,,,,,,,,,,,,,,,,,0.0043217732571064925,0.0,,,,,,,,,,,,,0.14060973344991604,0.0,0.01033110891779256,0.0,,,,,,,0.01067447704263024,0.0,,,,,,,,,,,,,,,,,,,,,,,,,,,,,,,,,,,,,,,,,,,,,,,,,,,0.0048491409397683535,0.0,,,,,,,,,0.5582119673490524,0.0,,,0.05559739600867025,0.0,0.00580158674468595,0.0,0.11591718252748247,0.0,,,0.01484078716021025,0.0,0.011900524531180604,0.0,0.017850745795294595,0.0,0.007261924177873826,0.0,0.011504173660392128,0.0,0,0,19,36
1,region_01,2025-12-20,,,,,,,,,,,,,,,0.010814707922308025,0.0,,,,,,,,,,,,,,,,,,,,,,,,,,,,,,,,,,,,,,,,,,,,,,,,,,,0.0305810403078794,0.0,,,,,0.010814707922308025,0.0,,,,,,,,,,,,,,,,,,,,,,,,,,,,,,,,,,,,,,,,,,,,,,,,,0.00736460229381915,0.0,,,,,,,,,,,,,,,,,,,,,,,,,,,,,,,,,,,,,0.00981991924345486,0.0,,,,,,,,,,,,,,,,,,,,,,,,,0.00365553842857475,0.0,,,,,,,,,,,,,0.1548070708910624,0.0,0.010966615052893675,0.0,,,,,,,0.011616904288530266,0.0,,,0.0031063391361385,2.0,0.0127280155817667,2.0,,,,,,,,,,,,,,,,,,,,,,,,,,,,,,,,,,,,,,,,,,,,,0.00498628634959454,0.0,,,,,,,,,0.5277586579322815,0.0,,,0.06246401220560066,0.0,0.0058824416870872,0.0,0.12076481431722637,0.0,0.00365553842857475,2.0,0.01798091207941367,0.0,0.0088642463088035,0.0,0.01566878072917456,0.0,0.00498628634959454,0.0,0.009854310947573828,0.0,0,3,19,37
1,region_01,2025-12-27,,,,,,,,,,,,,,,0.01117519818638496,0.0,,,,,,,,,,,,,,,,,,,,,,,,,,,,,,,,,,,,,,,,,,,,,,,,,,,0.035775659140199374,0.0,,,,,0.01117519818638496,0.0,,,,,,,,,,,,,,,,,,,,,,,,,,,,,,,,,,,,,,,,,,,,,,,,,0.007850649766623937,0.0,,,,,,,,,,,,,,,,,,,,,,,,,,,,,,,,,,,,,0.00888102281896857,0.0,,,,,,,,,,,,,,,,,,,,,,,,,0.0062512370835368335,0.0,,,,,,,,,,,,,0.1575807174667716,0.0,0.009038676313745414,0.0,,,,,,,0.011153823308025725,0.0,,,0.006984150444623026,0.0,0.012800871782625659,0.0,,,,,,,,,,,,,,,,,,,,,,,,,,,,,,,,,,,,,,,,,,,,,,,,,,,,,,,0.5056632235646248,0.0,,,0.07525207052628193,0.0,0.00596329662948845,0.0,0.12082718499004837,0.0,0.006698882265482044,0.0,0.022360584698617392,0.0,0.012121496605686788,0.0,0.014192730638508946,0.0,0.011876864964142388,0.0,0.008204448234755529,0.0,0,0,21,38
1,region_01,2026-01-03,,,,,,,,,,,,,,,0.011535688450461894,0.0,,,,,,,,,,,,,,,,,,,,,,,,,,,,,,,,,,,,,,,,,,,,,,,,,,,0.04097027797251935,0.0,,,,,0.011535688450461894,0.0,,,,,,,,,,,,,,,,,,,,,,,,,,,,,,,,,,,,,,,,,,,,,,,,,0.008336697239428726,0.0,,,,,,,,,,,,,,,,,,,,,,,,,,,,,,,,,,,,,0.007942126394482281,0.0,,,,,,,,,,,,,,,,,,,,,,,,,0.008846935738498917,0.0,,,,,,,,,,,,,0.16035436404248077,0.0,0.007110737574597154,0.0,,,,,,,0.010690742327521183,0.0,,,0.01086196175310755,0.0,0.012873727983484618,0.0,,,,,,,,,,,,,,,,,,,,,,,,,,,,,,,,,,,,,,,,,,,,,,,,,,,,,,,0.4835677891969681,0.0,,,0.08804012884696319,0.0,0.0060441515718897,0.0,0.12088955566287035,0.0,0.009742226102389336,0.0,0.026740257317821113,0.0,0.015378746902570075,0.0,0.01271668054784333,0.0,0.018767443578690236,0.0,0.006554585521937231,0.0,0,0,21,39
1,region_01,2026-01-10,,,,,,,,,,,,,,,0.011896178714538828,0.0,,,,,,,,,,,,,,,,,,,,,,,,,,,,,,,,,,,,,,,,,,,,,,,,,,,0.046164896804839324,0.0,,,,,0.011896178714538828,0.0,,,,,,,,,,,,,,,,,,,,,,,,,,,,,,,,,,,,,,,,,,,,,,,,,0.008822744712233512,0.0,,,,,,,,,,,,,,,,,,,,,,,,,,,,,,,,,,,,,0.0070032299699959895,0.0,,,,,,,,,,,,,,,,,,,,,,,,,0.011442634393461,0.0,,,,,,,,,,,,,0.16312801061818993,0.0,0.005182798835448895,0.0,,,,,,,0.010227661347016642,0.0,,,0.014739773061592076,0.0,0.012946584184343576,0.0,,,,,,,,,,,,,,,,,,,,,,,,,,,,,,,,,,,,,,,,,,,,,,,,,,,,,,,0.46147235482931137,0.0,,,0.10082818716764444,0.0,0.00612500651429095,0.0,0.12095192633569235,0.0,0.01278556993929663,0.0,0.031119929937024837,0.0,0.01863599719945336,0.0,0.011240630457177716,0.0,0.025658022193238084,0.0,0.004904722809118932,0.0,0,0,21,40
1,region_01,2026-01-17,,,,,,,,,,,,,,,0.012256668978615763,0.0,,,,,,,,,,,,,,,,,,,,,,,,,,,,,,,,,,,,,,,,,,,,,,,,,,,0.0513595156371593,0.0,,,,,0.012256668978615763,0.0,,,,,,,,,,,,,,,,,,,,,,,,,,,,,,,,,,,,,,,,,,,,,,,,,0.0093087921850383,0.0,,,,,,,,,,,,,,,,,,,,,,,,,,,,,,,,,,,,,0.0060643335455097,0.0,,,,,,,,,,,,,,,,,,,,,,,,,0.014038333048423083,0.0,,,,,,,,,,,,,0.16590165719389913,0.0,0.0032548600963006337,0.0,,,,,,,0.0097645803665121,0.0,,,0.0186175843700766,0.0,0.013019440385202535,0.0,,,,,,,,,,,,,,,,,,,,,,,,,,,,,,,,,,,,,,,,,,,,,,,,,,,,,,,0.43937692046165466,0.0,,,0.1136162454883257,0.0,0.0062058614566922,0.0,0.12101429700851435,0.0,0.015828913776203924,0.0,0.03549960255622856,0.0,0.02189324749633665,0.0,0.0097645803665121,0.0,0.03254860080778593,0.0,0.0032548600963006337,0.0,0,0,21,41
1,region_01,2026-01-24,,,,,,,,,,,,,,,0.012617159242692697,0.0,,,,,,,,,,,,,,,,,,,,,,,,,,,,,,,,,,,,,,,,,,,,,,,,,,,0.07300239522010082,0.0,,,,,0.012617159242692697,0.0,,,,,,,,,,,,,,,,,,,,,,,,,,,,,,,,,,,,,,,,,,,,,,,,,0.008447697793599187,0.0,,,,,,,,,,,,,,,,,,,,,,,,,,,,,,,,,,,,,0.006667205098589542,0.0,,,,,,,,,,,,,,,,,,,,,,,,,0.016634031703385167,0.0,,,,,,,,,,,,,0.13567788557459906,0.0,,,,,,,,,0.010994988299595776,0.0,,,0.015429291932377912,0.0,0.013838340140258235,0.0,,,,,,,,,,,,,,,,,,,,,,,,,,,,,,,,,,,,,,,,,,,,,,,,,,,,,,,0.39962851256132126,0.0,,,0.1335454043000936,0.0,,,0.1564815323799848,0.0,0.01692284758125115,0.0,0.03966699975232276,0.0,0.02163524797651912,0.0,0.009442390214341342,0.0,,,0.0066790549511400255,0.0,0,0,18,42
1,region_01,2026-01-31,,,,,,,,,,,,,,,0.01297764950676963,0.0,,,,,,,,,,,,,,,,,,,,,,,,,,,,,,,,,,,,,,,,,,,,,,,,,,,0.09464527480304236,0.0,,,,,0.01297764950676963,0.0,,,,,,,,,,,,,,,,,,,,,,,,,,,,,,,,,,,,,,,,,,,,,,,,,0.007586603402160075,0.0,,,,,,,,,,,,,,,,,,,,,,,,,,,,,,,,,,,,,0.007270076651669384,0.0,,,,,,,,,,,,,,,,,,,,,,,,,0.019229730358347248,0.0,,,,,,,,,,,,,0.10545411395529901,0.0,,,,,,,,,0.01222539623267945,0.0,,,0.012240999494679225,0.0,0.014657239895313933,0.0,,,,,,,,,,,,,,,,,,,,,,,,,,,,,,,,,,,,,,,,,,,,,,,,,,,,,,,0.35988010466098785,0.0,,,0.1534745631118615,0.0,,,0.19194876775145528,0.0,0.018016781386298378,0.0,0.04383439694841696,0.0,0.02137724845670159,0.0,0.009120200062170583,0.0,,,0.010103249805979417,0.0,0,0,18,43
1,region_01,2026-02-07,,,,,,,,,,,,,,,0.013338139770846564,0.0,,,,,,,,,,,,,,,,,,,,,,,,,,,,,,,,,,,,,,,,,,,,,,,,,,,0.11628815438598387,0.0,,,,,0.013338139770846564,0.0,,,,,,,,,,,,,,,,,,,,,,,,,,,,,,,,,,,,,,,,,,,,,,,,,0.0067255090107209625,0.0,,,,,,,,,,,,,,,,,,,,,,,,,,,,,,,,,,,,,0.007872948204749226,0.0,,,,,,,,,,,,,,,,,,,,,,,,,0.021825429013309333,0.0,,,,,,,,,,,,,0.07523034233599896,0.0,,,,,,,,,0.013455804165763124,0.0,,,0.009052707056980538,0.0,0.015476139650369633,0.0,,,,,,,,,,,,,,,,,,,,,,,,,,,,,,,,,,,,,,,,,,,,,,,,,,,,,,,0.32013169676065445,0.0,,,0.17340372192362938,0.0,,,0.22741600312292576,0.0,0.019110715191345606,0.0,0.04800179414451116,0.0,0.021119248936884064,0.0,0.008798009909999826,0.0,,,0.013527444660818809,0.0,0,0,18,44
1,region_01,2026-02-14,,,,,,,,,,,,,,,0.0136986300349235,0.0,,,,,,,,,,,,,,,,,,,,,,,,,,,,,,,,,,,,,,,,,,,,,,,,,,,0.1379310339689254,0.0,,,,,0.0136986300349235,0.0,,,,,,,,,,,,,,,,,,,,,,,,,,,,,,,,,,,,,,,,,,,,,,,,,0.00586441461928185,0.0,,,,,,,,,,,,,,,,,,,,,,,,,,,,,,,,,,,,,0.008475819757829068,0.0,,,,,,,,,,,,,,,,,,,,,,,,,0.024421127668271418,0.0,,,,,,,,,,,,,0.0450065707166989,0.0,,,,,,,,,0.0146862120988468,0.0,,,0.00586441461928185,0.0,0.016295039405425333,0.0,0.00586441461928185,2.0,,,,,,,,,,,,,,,,,,,,,,,,,,,,,,,,,,,,,,,,,,,,,,,,,,,,,0.28038328886032104,0.0,,,0.19333288073539728,0.0,,,0.2628832384943962,0.0,0.02020464899639283,0.0,0.05216919134060536,0.0,0.020861249417066532,0.0,0.008475819757829068,0.0,,,0.0169516395156582,0.0,0,1,18,45
1,region_01,2026-02-21,,,,,,,,,,,,,,,,,,,,,,,,,,,,,,,,,,,,,,,,,,,,,,,,,,,,,,,,,,,,,,,,,,,0.1304090600460767,0.0,,,,,,,,,,,,,,,,,,,,,,,,,,,,,,,,,,,,,,,,,,,,,,,,,,,,,,,0.0068492914433590625,0.0,,,,,,,,,,,,,,,,,,,,,,,,,,,,,,,,,,,,,,,,,,,,,,,,,,,,,,,,,,,,,,,0.0270168263232335,0.0,,,,,,,,,,,,,0.050482869613915626,0.0,,,,,,,,,0.015916620031930475,0.0,,,0.009300271922256763,0.0,0.019574220757931426,0.0,0.008748801250476348,0.0,,,,,,,,,,,,,,,,,,,,,,,,,,,,,,,,,,,,,,,,,,,,,,,,,,,,,0.29135364294052124,0.0,,,0.20020799525082106,0.0,,,0.24232174269855022,0.0,0.0176044672261923,0.0,0.05340385483577842,0.0,0.02912315865978594,0.0,,,,,0.02026746728612729,0.0,0,0,15,46
1,region_01,2026-02-28,,,,,,,,,,,,,,,,,,,,,,,,,,,,,,,,,,,,,,,,,,,,,,,,,,,,,,,,,,,,,,,,,,,0.12288708612322799,0.0,,,,,,,,,,,,,,,,,,,,,,,,,,,,,,,,,,,,,,,,,,,,,,,,,,,,,,,0.007834168267436275,0.0,,,,,,,,,,,,,,,,,,,,,,,,,,,,,,,,,,,,,,,,,,,,,,,,,,,,,,,,,,,,,,,0.02961252497819558,0.0,,,,,,,,,,,,,0.05595916851113235,0.0,,,,,,,,,0.017147027965014147,0.0,,,0.012736129225231674,0.0,0.022853402110437515,0.0,0.011633187881670849,0.0,,,,,,,,,,,,,,,,,,,,,,,,,,,,,,,,,,,,,,,,,,,,,,,,,,,,,0.30232399702072144,0.0,,,0.20708310976624486,0.0,,,0.2217602469027042,0.0,0.015004285455991766,0.0,0.05463851833095148,0.0,0.03738506790250535,0.0,,,,,0.023583295056596378,0.0,0,0,15,47
1,region_01,2026-03-07,,,,,,,,,,,,,,,,,,,,,,,,,,,,,,,,,,,,,,,,,,,,,,,,,,,,,,,,,,,,,,,,,,,0.1153651122003793,0.0,,,,,,,,,,,,,,,,,,,,,,,,,,,,,,,,,,,,,,,,,,,,,,,,,,,,,,,0.008819045091513489,0.0,,,,,,,,,,,,,,,,,,,,,,,,,,,,,,,,,,,,,,,,,,,,,,,,,,,,,,,,,,,,,,,0.032208223633157666,0.0,,,,,,,,,,,,,0.06143546740834908,0.0,,,,,,,,,0.018377435898097823,0.0,,,0.016171986528206585,0.0,0.026132583462943608,0.0,0.01451757451286535,0.0,,,,,,,,,,,,,,,,,,,,,,,,,,,,,,,,,,,,,,,,,,,,,,,,,,,,,0.31329435110092163,0.0,,,0.21395822428166866,0.0,,,0.2011987511068582,0.0,0.012404103685791232,0.0,0.05587318182612454,0.0,0.045646977145224754,0.0,,,,,0.026899122827065462,0.0,0,0,15,48
1,region_01,2026-03-14,,,,,,,,,,,,,,,,,,,,,,,,,,,,,,,,,,,,,,,,,,,,,,,,,,,,,,,,,,,,,,,,,,,0.1078431382775306,0.0,,,,,,,,,,,,,,,,,,,,,,,,,,,,,,,,,,,,,,,,,,,,,,,,,,,,,,,0.0098039219155907,0.0,,,,,,,,,,,,,,,,,,,,,,,,,,,,,,,,,,,,,,,,,,,,,,,,,,,,,,,,,,,,,,,0.03480392228811975,0.0,,,,,,,,,,,,,0.0669117663055658,0.0,,,,,,,,,0.0196078438311815,0.0,,,0.0196078438311815,0.0,0.0294117648154497,0.0,0.017401961144059848,0.0,,,,,,,,,,,,,,,,,,,,,,,,,,,,,,,,,,,,,,,,,,,,,,,,,,,,,0.3242647051811218,0.0,,,0.22083333879709244,0.0,,,0.1806372553110122,0.0,0.0098039219155907,0.0,0.0571078453212976,0.0,0.053908886387944166,0.0,,,,,0.03021495059753455,0.0,0,0,15,49
1,region_01,2026-03-21,,,,,,,,,,,,,,,,,,,,,,,,,,,,,,,,,,,,,,,,,,,,,,,,,,,,,,,,,,,,,,,,,,,,,,,,,,,,,,,,,,,,,,,,,,,,,,,,,,,,,,,,,,,,,,,,,,,,,,,,,,,,,,,,,,,,,,,,,,,,,,,,,,,,,,,,,,,,,,,,,,,,,,,,,,,,,,,,,,,,,,,,,,,,,,,,,,,,,,,,,,,,,,,,,,,,,,,,,,,0.02392103627789761,0.0,,,,,,,,,,,,,,,,,,,,,,,,,,,,,,,,,,,,,,,,,,,,,,,,,,,,,0.33015505224466324,0.0,,,0.21997282840311524,0.0,,,0.2006953321397304,0.0,,,,,0.06217079563066358,0.0,,,,,0.03353077836800364,0.0,0,0,6,50
1,region_01,2026-03-28,,,,,,,,,,,,,,,,,,,,,,,,,,,,,,,,,,,,,,,,,,,,,,,,,,,,,,,,,,,,,,,,,,,,,,,,,,,,,,,,,,,,,,,,,,,,,,,,,,,,,,,,,,,,,,,,,,,,,,,,,,,,,,,,,,,,,,,,,,,,,,,,,,,,,,,,,,,,,,,,,,,,,,,,,,,,,,,,,,,,,,,,,,,,,,,,,,,,,,,,,,,,,,,,,,,,,,,,,,,0.030440111411735374,0.0,,,,,,,,,,,,,,,,,,,,,,,,,,,,,,,,,,,,,,,,,,,,,,,,,,,,,0.33604539930820465,0.0,,,0.21911231800913805,0.0,,,0.2207534089684486,0.0,,,,,0.07043270487338299,0.0,,,,,0.03684660613847272,0.0,0,0,6,51
1,region_01,2026-04-04,,,,,,,,,,,,,,,,,,,,,,,,,,,,,,,,,,,,,,,,,,,,,,,,,,,,,,,,,,,,,,,,,,,,,,,,,,,,,,,,,,,,,,,,,,,,,,,,,,,,,,,,,,,,,,,,,,,,,,,,,,,,,,,,,,,,,,,,,,,,,,,,,,,,,,,,,,,,,,,,,,,,,,,,,,,,,,,,,,,,,,,,,,,,,,,,,,,,,,,,,,,,,,,,,,,,,,,,,,,0.03695918654557313,0.0,,,,,,,,,,,,,,,,,,,,,,,,,,,,,,,,,,,,,,,,,,,,,,,,,,,,,0.34193574637174606,0.0,,,0.2182518076151609,0.0,,,0.24081148579716682,0.0,,,,,0.07869461411610239,0.0,,,,,0.040162433908941815,0.0,0,0,6,52
1,region_01,2026-04-11,,,,,,,,,,,,,,,,,,,,,,,,,,,,,,,,,,,,,,,,,,,,,,,,,,,,,,,,,,,,,,,,,,,,,,,,,,,,,,,,,,,,,,,,,,,,,,,,,,,,,,,,,,,,,,,,,,,,,,,,,,,,,,,,,,,,,,,,,,,,,,,,,,,,,,,,,,,,,,,,,,,,,,,,,,,,,,,,,,,,,,,,,,,,,,,,,,,,,,,,,,,,,,,,,,,,,,,,,,,0.0434782616794109,0.0,,,,,,,,,,,,,,,,,,,,,,,,,,,,,,,,,,,,,,,,,,,,,,,,,,,,,0.3478260934352875,0.0,,,0.2173912972211837,0.0,,,0.260869562625885,0.0,,,,,0.0869565233588218,0.0,,,,,0.0434782616794109,0.0,0,0,6,53
