usa_or_hhsregion,region,Date,A.2.5_share,A.2.5_marker,AY.1_share,AY.1_marker,AY.2_share,AY.2_marker,AY.3_share,AY.3_marker,B.1_share,B.1_marker,B.1.1_share,B.1.1_marker,B.1.1.519_share,B.1.1.519_marker,B.1.1.529_share,B.1.1.529_marker,B.1.1.7_share,B.1.1.7_marker,B.1.2_share,B.1.2_marker,B.1.351_share,B.1.351_marker,B.1.427_share,B.1.427_marker,B.1.429_share,B.1.429_marker,B.1.525_share,B.1.525_marker,B.1.526_share,B.1.526_marker,B.1.526.1_share,B.1.526.1_marker,B.1.526.2_share,B.1.526.2_marker,B.1.596_share,B.1.596_marker,B.1.617_share,B.1.617_marker,B.1.617.1_share,B.1.617.1_marker,B.1.617.2_share,B.1.617.2_marker,B.1.617.3_share,B.1.617.3_marker,B.1.621_share,B.1.621_marker,B.1.621.1_share,B.1.621.1_marker,B.1.626_share,B.1.626_marker,B.1.628_share,B.1.628_marker,B.1.637_share,B.1.637_marker,BA.1.1_share,BA.1.1_marker,BA.2_share,BA.2_marker,BA.2.12.1_share,BA.2.12.1_marker,BA.2.75_share,BA.2.75_marker,BA.2.75.2_share,BA.2.75.2_marker,BA.2.86_share,BA.2.86_marker,BA.3.2_share,BA.3.2_marker,BA.4_share,BA.4_marker,BA.4.6_share,BA.4.6_marker,BA.5_share,BA.5_marker,BA.5.2.6_share,BA.5.2.6_marker,BF.11_share,BF.11_marker,BF.7_share,BF.7_marker,BN.1_share,BN.1_marker,BQ.1_share,BQ.1_marker,BQ.1.1_share,BQ.1.1_marker,CH.1.1_share,CH.1.1_marker,EG.5_share,EG.5_marker,EG.5.1.8_share,EG.5.1.8_marker,EG.6.1_share,EG.6.1_marker,EU.1.1_share,EU.1.1_marker,FD.1.1_share,FD.1.1_marker,FD.2_share,FD.2_marker,FE.1.1_share,FE.1.1_marker,FL.1.5.1_share,FL.1.5.1_marker,GE.1_share,GE.1_marker,GK.1.1_share,GK.1.1_marker,GK.2_share,GK.2_marker,HF.1_share,HF.1_marker,HK.3_share,HK.3_marker,HV.1_share,HV.1_marker,JD.1.1_share,JD.1.1_marker,JF.1_share,JF.1_marker,JG.3_share,JG.3_marker,JN.1_share,JN.1_marker,JN.1.11.1_share,JN.1.11.1_marker,JN.1.13_share,JN.1.13_marker,JN.1.13.1_share,JN.1.13.1_marker,JN.1.16_share,JN.1.16_marker,JN.1.16.1_share,JN.1.16.1_marker,JN.1.18_share,JN.1.18_marker,JN.1.18.6_share,JN.1.18.6_marker,JN.1.32_share,JN.1.32_marker,JN.1.4.3_share,JN.1.4.3_marker,JN.1.7_share,JN.1.7_marker,JN.1.8.1_share,JN.1.8.1_marker,KP.1.1_share,KP.1.1_marker,KP.1.1.3_share,KP.1.1.3_marker,KP.1.2_share,KP.1.2_marker,KP.2_share,KP.2_marker,KP.2.15_share,KP.2.15_marker,KP.2.3_share,KP.2.3_marker,KP.3_share,KP.3_marker,KP.3.1.1_share,KP.3.1.1_marker,KP.4.1_share,KP.4.1_marker,KQ.1_share,KQ.1_marker,KS.1_share,KS.1_marker,KV.2_share,KV.2_marker,KW.1.1_share,KW.1.1_marker,LB.1_share,LB.1_marker,LB.1.3.1_share,LB.1.3.1_marker,LF.3.1_share,LF.3.1_marker,LF.7_share,LF.7_marker,LF.7.2.1_share,LF.7.2.1_marker,LF.7.7.1_share,LF.7.7.1_marker,LF.7.7.2_share,LF.7.7.2_marker,LF.7.9_share,LF.7.9_marker,LP.1_share,LP.1_marker,LP.8.1_share,LP.8.1_marker,MC.1_share,MC.1_marker,MC.10.1_share,MC.10.1_marker,MC.19_share,MC.19_marker,MC.28.1_share,MC.28.1_marker,NB.1.8.1_share,NB.1.8.1_marker,NW.1_share,NW.1_marker,P.1_share,P.1_marker,P.2_share,P.2_marker,PA.1_share,PA.1_marker,PQ.17_share,PQ.17_marker,PQ.17.11_share,PQ.17.11_marker,PQ.2.1.6_share,PQ.2.1.6_marker,PQ.2.8.1_share,PQ.2.8.1_marker,RV.1_share,RV.1_marker,XBB_share,XBB_marker,XBB.1.16_share,XBB.1.16_marker,XBB.1.16.1_share,XBB.1.16.1_marker,XBB.1.16.11_share,XBB.1.16.11_marker,XBB.1.16.15_share,XBB.1.16.15_marker,XBB.1.16.17_share,XBB.1.16.17_marker,XBB.1.16.6_share,XBB.1.16.6_marker,XBB.1.42.2_share,XBB.1.42.2_marker,XBB.1.5_share,XBB.1.5_marker,XBB.1.5.1_share,XBB.1.5.1_marker,XBB.1.5.10_share,XBB.1.5.10_marker,XBB.1.5.59_share,XBB.1.5.59_marker,XBB.1.5.68_share,XBB.1.5.68_marker,XBB.1.5.70_share,XBB.1.5.70_marker,XBB.1.5.72_share,XBB.1.5.72_marker,XBB.1.9.1_share,XBB.1.9.1_marker,XBB.1.9.2_share,XBB.1.9.2_marker,XBB.2.3_share,XBB.2.3_marker,XBB.2.3.8_share,XBB.2.3.8_marker,XDP_share,XDP_marker,XDV.1_share,XDV.1_marker,XEC_share,XEC_marker,XEC.4_share,XEC.4_marker,XEK_share,XEK_marker,XEQ_share,XEQ_marker,XFC_share,XFC_marker,XFG_share,XFG_marker,XFG.1_share,XFG.1_marker,XFG.1.1_share,XFG.1.1_marker,XFG.10.4_share,XFG.10.4_marker,XFG.14.1_share,XFG.14.1_marker,XFG.2.5.1_share,XFG.2.5.1_marker,XFG.23.1.3_share,XFG.23.1.3_marker,XFG.6_share,XFG.6_marker,XFV_share,XFV_marker,XFY_share,XFY_marker,XFZ_share,XFZ_marker,n_marker_1,n_marker_2,n_marker_0,n_marker_1_wk
10,region_10,2021-01-30,0.0,,0.0,,0.0,,0.0,,0.08506742119789115,2.0,0.0320277698338031,2.0,0.014921492276092312,2.0,,,0.018114461718747966,1.0,0.4363739974796772,1.0,0.0,,0.062163949757814384,2.0,0.09229658693075175,1.0,0.0,,0.005333863373380101,2.0,0.0,,0.0,,0.059584632515907246,2.0,0.0,,0.0,,0.0,,0.0,,0.0,,0.0,,0.0,,0.0,,,,,,,,,,,,,,,,,,,,,,,,,,,,,,,,,,,,,,,,,,,,,,,,,,,,,,,,,,,,,,,,,,,,,,,,,,,,,,,,,,,,,,,,,,,,,,,,,,,,,,,,,,,,,,,,,,,,,,,,,,,,,,,,,,,,,,,,,,,,,,,,,,,,,,,,,,0.0073368945159017745,2.0,0.0,,,,,,,,,,,,,,,,,,,,,,,,,,,,,,,,,,,,,,,,,,,,,,,,,,,,,,,,,,,,,,,,,,,,,,,,,,,,,,,,,,,,,,,,3,7,0,0
10,region_10,2021-02-06,0.0,,0.0,,0.0,,0.0,,0.07194635444985963,0.0,0.02070954488590355,0.0,0.017175472496698256,0.0,,,0.012057141662808092,0.0,0.40345264226198196,0.0,0.002468207356287144,2.0,0.0821424732605616,0.0,0.14453861936926837,0.0,0.0,,0.005519902100786519,0.0,0.0,,0.0,,0.06521236104890699,0.0,0.0,,0.0,,0.0,,0.0,,0.0,,0.0,,0.0,,0.0,,,,,,,,,,,,,,,,,,,,,,,,,,,,,,,,,,,,,,,,,,,,,,,,,,,,,,,,,,,,,,,,,,,,,,,,,,,,,,,,,,,,,,,,,,,,,,,,,,,,,,,,,,,,,,,,,,,,,,,,,,,,,,,,,,,,,,,,,,,,,,,,,,,,,,,,,,0.004378497134894094,0.0,0.0,,,,,,,,,,,,,,,,,,,,,,,,,,,,,,,,,,,,,,,,,,,,,,,,,,,,,,,,,,,,,,,,,,,,,,,,,,,,,,,,,,,,,,,,0,1,10,1
10,region_10,2021-02-13,0.0,,0.0,,0.0,,0.0,,0.0588252877018281,0.0,0.009391319938004,0.0,0.0194294527173042,0.0,,,0.005999821606868217,0.0,0.3705312870442867,0.0,0.004936414712574288,0.0,0.10212099676330881,0.0,0.196780651807785,0.0,0.0,,0.0057059408281929375,0.0,0.0,,0.0,,0.07084008958190674,0.0,0.0,,0.0,,0.0,,0.0,,0.0,,0.0,,0.0,,0.0,,,,,,,,,,,,,,,,,,,,,,,,,,,,,,,,,,,,,,,,,,,,,,,,,,,,,,,,,,,,,,,,,,,,,,,,,,,,,,,,,,,,,,,,,,,,,,,,,,,,,,,,,,,,,,,,,,,,,,,,,,,,,,,,,,,,,,,,,,,,,,,,,,,,,,,,,,0.0014200997538864125,0.0,0.0,,,,,,,,,,,,,,,,,,,,,,,,,,,,,,,,,,,,,,,,,,,,,,,,,,,,,,,,,,,,,,,,,,,,,,,,,,,,,,,,,,,,,,,,0,0,11,2
10,region_10,2021-02-20,0.0025884127244353,2.0,0.0,,0.0,,0.0,,0.06744987224893906,0.0,0.004695659969002,0.0,0.02922762138769025,0.0,,,0.04293390468367194,0.0,0.3399091958999634,0.0,0.005015845578432471,0.0,0.11212400222818053,0.0,0.1953313089907169,0.0,0.0,,0.0028529704140964687,0.0,0.0,,0.0,,0.06716801412403578,0.0,0.0,,0.0,,0.0,,0.0,,0.0,,0.0,,0.0,,0.0,,,,,,,,,,,,,,,,,,,,,,,,,,,,,,,,,,,,,,,,,,,,,,,,,,,,,,,,,,,,,,,,,,,,,,,,,,,,,,,,,,,,,,,,,,,,,,,,,,,,,,,,,,,,,,,,,,,,,,,,,,,,,,,,,,,,,,,,,,,,,,,,,,,,,,,,,,0.0018232841975986502,0.0,0.0,,,,,,,,,,,,,,,,,,,,,,,,,,,,,,,,,,,,,,,,,,,,,,,,,,,,,,,,,,,,,,,,,,,,,,,,,,,,,,,,,,,,,,,,0,1,11,3
10,region_10,2021-02-27,0.0051768254488706,0.0,0.0,,0.0,,0.0,,0.07607445679605003,0.0,0.0,0.0,0.0390257900580763,0.0,,,0.07986798776047566,0.0,0.30928710475564003,0.0,0.005095276444290654,0.0,0.12212700769305225,0.0,0.1938819661736488,0.0,0.0,,0.0,0.0,0.0,,0.0,,0.06349593866616482,0.0,0.0,,0.0,,0.0,,0.0,,0.0,,0.0,,0.0,,0.0,,,,,,,,,,,,,,,,,,,,,,,,,,,,,,,,,,,,,,,,,,,,,,,,,,,,,,,,,,,,,,,,,,,,,,,,,,,,,,,,,,,,,,,,,,,,,,,,,,,,,,,,,,,,,,,,,,,,,,,,,,,,,,,,,,,,,,,,,,,,,,,,,,,,,,,,,,0.0022264686413108878,0.0,0.0,,,,,,,,,,,,,,,,,,,,,,,,,,,,,,,,,,,,,,,,,,,,,,,,,,,,,,,,,,,,,,,,,,,,,,,,,,,,,,,,,,,,,,,,0,0,12,4
10,region_10,2021-03-06,0.0,0.0,0.0,,0.0,,0.0,,,,,,,,,,0.029365698806941475,0.0,,,0.0,0.0,0.1719190329313278,0.0,0.2652592360973358,0.0,0.0,,0.006263138260692325,0.0,,,,,,,,,0.0,,0.0,,0.0,,0.0,,0.0,,0.0,,0.0,,,,,,,,,,,,,,,,,,,,,,,,,,,,,,,,,,,,,,,,,,,,,,,,,,,,,,,,,,,,,,,,,,,,,,,,,,,,,,,,,,,,,,,,,,,,,,,,,,,,,,,,,,,,,,,,,,,,,,,,,,,,,,,,,,,,,,,,,,,,,,,,,,,,,,,,,,0.0,0.0,,,,,,,,,,,,,,,,,,,,,,,,,,,,,,,,,,,,,,,,,,,,,,,,,,,,,,,,,,,,,,,,,,,,,,,,,,,,,,,,,,,,,,,,,0,0,7,5
10,region_10,2021-03-13,0.0,0.0,0.0,,0.0,,0.0,,,,,,,,,,0.1615973681211471,0.0,,,0.0,0.0,0.0951385572552681,0.0,0.2696801424026489,0.0,0.0,,0.00538697070442135,0.0,,,,,,,,,0.0,,0.0,,0.0,,0.0,,0.0,,0.0,,0.0,,,,,,,,,,,,,,,,,,,,,,,,,,,,,,,,,,,,,,,,,,,,,,,,,,,,,,,,,,,,,,,,,,,,,,,,,,,,,,,,,,,,,,,,,,,,,,,,,,,,,,,,,,,,,,,,,,,,,,,,,,,,,,,,,,,,,,,,,,,,,,,,,,,,,,,,,,0.0076671362854540005,0.0,,,,,,,,,,,,,,,,,,,,,,,,,,,,,,,,,,,,,,,,,,,,,,,,,,,,,,,,,,,,,,,,,,,,,,,,,,,,,,,,,,,,,,,,,0,0,7,6
10,region_10,2021-03-20,0.0,0.0,0.0,,0.0,,0.0,,,,,,,,,,0.245445366948843,0.0,,,0.0,0.0,0.037781473249197,0.0,0.2945789098739624,0.0,0.0,,0.0043581099598668,0.0,,,,,,,,,0.0,,0.0,,0.0,,0.0,,0.0,,0.0,,0.0,,,,,,,,,,,,,,,,,,,,,,,,,,,,,,,,,,,,,,,,,,,,,,,,,,,,,,,,,,,,,,,,,,,,,,,,,,,,,,,,,,,,,,,,,,,,,,,,,,,,,,,,,,,,,,,,,,,,,,,,,,,,,,,,,,,,,,,,,,,,,,,,,,,,,,,,,,0.00581846712157125,0.0,,,,,,,,,,,,,,,,,,,,,,,,,,,,,,,,,,,,,,,,,,,,,,,,,,,,,,,,,,,,,,,,,,,,,,,,,,,,,,,,,,,,,,,,,0,0,7,7
10,region_10,2021-03-27,0.0,0.0,0.0,,0.0,,0.0,,,,,,,,,,0.26493582129478455,0.0,,,0.01511063296347854,0.0,0.0441807992756366,0.0,0.2373176515102386,0.0,0.0,,0.0284482911229133,0.0,,,,,,,,,0.0,,0.0,,0.0,,0.0,,0.0,,0.0,,0.0,,,,,,,,,,,,,,,,,,,,,,,,,,,,,,,,,,,,,,,,,,,,,,,,,,,,,,,,,,,,,,,,,,,,,,,,,,,,,,,,,,,,,,,,,,,,,,,,,,,,,,,,,,,,,,,,,,,,,,,,,,,,,,,,,,,,,,,,,,,,,,,,,,,,,,,,,,0.03093650825321672,0.0,,,,,,,,,,,,,,,,,,,,,,,,,,,,,,,,,,,,,,,,,,,,,,,,,,,,,,,,,,,,,,,,,,,,,,,,,,,,,,,,,,,,,,,,,0,0,7,8
10,region_10,2021-04-03,0.0,0.0,0.0,,0.0,,0.0,,,,,,,,,,0.30121529698371885,0.0,,,0.010674353130161721,0.0,0.033972218632698,0.0,0.232105404138565,0.0,0.007511476287618225,2.0,0.05890495423227543,0.0,,,,,,,,,0.0,,0.0,,0.0,,0.0,,0.0,,0.0,,0.0,,,,,,,,,,,,,,,,,,,,,,,,,,,,,,,,,,,,,,,,,,,,,,,,,,,,,,,,,,,,,,,,,,,,,,,,,,,,,,,,,,,,,,,,,,,,,,,,,,,,,,,,,,,,,,,,,,,,,,,,,,,,,,,,,,,,,,,,,,,,,,,,,,,,,,,,,,0.02350809350609776,0.0,,,,,,,,,,,,,,,,,,,,,,,,,,,,,,,,,,,,,,,,,,,,,,,,,,,,,,,,,,,,,,,,,,,,,,,,,,,,,,,,,,,,,,,,,0,1,7,9
10,region_10,2021-04-10,0.0,0.0,0.0,,0.0,,0.0,,,,,,,,,,0.4317614436149597,0.0,,,0.0249531496316194,0.0,0.0370688922703266,0.0,0.1844929903745651,0.0,0.0,0.0,0.0594541778167088,0.0,,,,,,,,,0.0,,0.0,,0.0,,0.0,,0.0,,0.0,,0.006717476372917467,2.0,,,,,,,,,,,,,,,,,,,,,,,,,,,,,,,,,,,,,,,,,,,,,,,,,,,,,,,,,,,,,,,,,,,,,,,,,,,,,,,,,,,,,,,,,,,,,,,,,,,,,,,,,,,,,,,,,,,,,,,,,,,,,,,,,,,,,,,,,,,,,,,,,,,,,,,,,0.036146613955497696,0.0,,,,,,,,,,,,,,,,,,,,,,,,,,,,,,,,,,,,,,,,,,,,,,,,,,,,,,,,,,,,,,,,,,,,,,,,,,,,,,,,,,,,,,,,,0,1,8,10
10,region_10,2021-04-17,0.00587412482127545,0.0,0.0,,0.0,,0.0,,,,,,,,,,0.44478737115859984,0.0,,,0.013898813351988759,0.0,0.0414748638868331,0.0,0.1749963015317917,0.0,0.0059224878204986,0.0,0.026609381660819026,0.0,,,,,,,,,0.0,,0.0,,0.0,,0.0,,0.0,,0.0,,0.0,0.0,,,,,,,,,,,,,,,,,,,,,,,,,,,,,,,,,,,,,,,,,,,,,,,,,,,,,,,,,,,,,,,,,,,,,,,,,,,,,,,,,,,,,,,,,,,,,,,,,,,,,,,,,,,,,,,,,,,,,,,,,,,,,,,,,,,,,,,,,,,,,,,,,,,,,,,,,0.06549645811319348,0.0,,,,,,,,,,,,,,,,,,,,,,,,,,,,,,,,,,,,,,,,,,,,,,,,,,,,,,,,,,,,,,,,,,,,,,,,,,,,,,,,,,,,,,,,,0,0,9,11
10,region_10,2021-04-24,0.0,0.0,0.0,,0.0,,0.00132911943364885,2.0,,,,,,,,,0.4937356412410736,0.0,,,0.020312587730586473,0.0,0.039469838142395,0.0,0.1366801261901855,0.0,0.0053563514957204,0.0,0.04294238239526745,0.0,,,,,,,,,0.0,,0.009955887682735875,1.0,0.0,,0.0,,0.0,,0.0,,0.0017569838867833,0.0,,,,,,,,,,,,,,,,,,,,,,,,,,,,,,,,,,,,,,,,,,,,,,,,,,,,,,,,,,,,,,,,,,,,,,,,,,,,,,,,,,,,,,,,,,,,,,,,,,,,,,,,,,,,,,,,,,,,,,,,,,,,,,,,,,,,,,,,,,,,,,,,,,,,,,,,,0.07222966849803922,0.0,,,,,,,,,,,,,,,,,,,,,,,,,,,,,,,,,,,,,,,,,,,,,,,,,,,,,,,,,,,,,,,,,,,,,,,,,,,,,,,,,,,,,,,,,1,1,9,0
10,region_10,2021-05-01,0.0012922212481498,0.0,0.0,,0.0,,0.00129221752285955,0.0,,,,,,,,,0.5592342972755432,0.0,,,0.029758722335100102,0.0,0.0365583896636962,0.0,0.0852361097931861,0.0,0.0,0.0,0.055961214937269625,0.0,,,,,,,,,0.0013065506936981667,2.0,0.0077272954396903,0.0,0.0,,0.0,,0.001732019765768175,2.0,0.0,,0.0,0.0,,,,,,,,,,,,,,,,,,,,,,,,,,,,,,,,,,,,,,,,,,,,,,,,,,,,,,,,,,,,,,,,,,,,,,,,,,,,,,,,,,,,,,,,,,,,,,,,,,,,,,,,,,,,,,,,,,,,,,,,,,,,,,,,,,,,,,,,,,,,,,,,,,,,,,,,,0.10443468242883677,0.0,,,,,,,,,,,,,,,,,,,,,,,,,,,,,,,,,,,,,,,,,,,,,,,,,,,,,,,,,,,,,,,,,,,,,,,,,,,,,,,,,,,,,,,,,0,2,11,1
10,region_10,2021-05-08,0.0,0.0,0.00081784036592575,2.0,0.0,,0.0106354355812072,0.0,,,,,,,0.0,,0.6066092848777771,0.0,,,0.014658063650131175,0.0,0.0269754268229007,0.0,0.0607292465865612,0.0,0.000824452654342125,0.0,0.05710059683769935,0.0,,,,,,,,,0.0024797002940127335,0.0,0.0129523643602927,0.0,0.0,,0.0016489053086843,2.0,0.0,0.0,0.0,,0.0008250985022944333,0.0,,,0.0,,0.0,,0.0,,0.0,,0.0,,,,,,0.0,,0.0,,0.0,,0.0,,0.0,,0.0,,0.0,,0.0,,0.0,,0.0,,,,,,,,,,,,0.0,,,,,,,,,,,,,,,,,,,,,,,,,,,,,,,,,,,,,,,,,,,,,,,,,,,,,,,,,,,,,,,,,,,,,,,,,,,,,,,,,,,,,,,,,,,,,,,,,,,,,,,,,,0.0967877488583326,0.0,,,,,,,,,,,,,,,0.0,,0.0,,,,,,,,,,,,,,0.0,,0.0,,,,,,,,,,,,0.0,,0.0,,0.0,,,,,,,,,,,,,,,,,,,,,,,,,,,,,,,,,,,,,,,,0,2,13,2
10,region_10,2021-05-15,0.0,0.0,0.0,0.0,0.0,,0.0169096402823925,0.0,,,,,,,0.0,,0.601450788974762,0.0,,,0.0142213460057973,0.0,0.0236131008714437,0.0,0.0484842658042907,0.0,0.002018081024289075,0.0,0.0502913972983757,0.0,,,,,,,,,0.0,0.0,0.0192251287400722,0.0,0.0,,0.002018840226810375,0.0,0.0,0.0,0.0,,0.0021038496866822,0.0,0.0318872444331646,2.0,0.0,,0.0,,0.0,,0.0,,0.0,,,,,,0.0,,0.0,,0.0,,0.0,,0.0,,0.0,,0.0,,0.0,,0.0,,0.0,,,,,,,,,,,,0.0,,,,,,,,,,,,,,,,,,,,,,,,,,,,,,,,,,,,,,,,,,,,,,,,,,,,,,,,,,,,,,,,,,,,,,,,,,,,,,,,,,,,,,,,,,,,,,,,,,,,,,,,,,0.12464185431599614,0.0,,,,,,,,,,,,,,,0.0,,0.0,,,,,,,,,,,,,,0.0,,0.0,,,,,,,,,,,,0.0,,0.0,,0.0,,,,,,,,,,,,,,,,,,,,,,,,,,,,,,,,,,,,,,,,0,1,15,3
10,region_10,2021-05-22,0.0,0.0,0.0006343089626170334,0.0,0.0015559464968232365,2.0,0.0152233652770519,0.0,,,,,,,0.0,,0.5146765589714051,0.0,,,0.010769915234829643,0.0,0.0082841264083981,0.0,0.0297304932028055,0.0,0.0,0.0,0.0602938942611217,0.0,,,,,,,,,0.0,0.0,0.02249629832804198,0.0,0.0,,0.010215180809609536,0.0,0.0016820677556097,0.0,0.0,,0.01145805735141036,0.0,0.036879688501358,0.0,0.0,,0.0,,0.0,,0.0,,0.0,,,,,,0.0,,0.0,,0.0,,0.0,,0.0,,0.0,,0.0,,0.0,,0.0,,0.0,,,,,,,,,,,,0.0,,,,,,,,,,,,,,,,,,,,,,,,,,,,,,,,,,,,,,,,,,,,,,,,,,,,,,,,,,,,,,,,,,,,,,,,,,,,,,,,,,,,,,,,,,,,,,,,,,,,,,,,,,0.19334228150546548,0.0,,,,,,,,,,,,,,,0.0,,0.0,,,,,,,,,,,,,,0.0,,0.0,,,,,,,,,,,,0.0,,0.0,,0.0,,,,,,,,,,,,,,,,,,,,,,,,,,,,,,,,,,,,,,,,0,1,16,4
10,region_10,2021-05-29,0.0,0.0,0.0020130575479318335,0.0,0.002094748367268831,0.0,0.0158737208694219,0.0,,,,,,,0.0,,0.4993627339601517,0.0,,,0.01650389390332353,0.0,0.0174917466938495,0.0,0.0259400550276041,0.0,0.0,0.0,0.06400943609575427,0.0,,,,,,,,,0.0,0.0,0.041284396839530536,0.0,0.0,,0.004300160391721837,0.0,0.0,0.0,0.0,,0.00804064450785512,0.0,0.0332962274551391,0.0,0.0,,0.0,,0.0,,0.0,,0.0,,,,,,0.0,,0.0,,0.0,,0.0,,0.0,,0.0,,0.0,,0.0,,0.0,,0.0,,,,,,,,,,,,0.0,,,,,,,,,,,,,,,,,,,,,,,,,,,,,,,,,,,,,,,,,,,,,,,,,,,,,,,,,,,,,,,,,,,,,,,,,,,,,,,,,,,,,,,,,,,,,,,,,,,,,,,,,,0.2390969321131706,0.0,,,,,,,,,,,,,,,0.0,,0.0,,,,,,,,,,,,,,0.0,,0.0,,,,,,,,,,,,0.0,,0.0,,0.0,,,,,,,,,,,,,,,,,,,,,,,,,,,,,,,,,,,,,,,,0,0,17,5
10,region_10,2021-06-05,0.00069590751081705,0.0,0.0,0.0,0.0,0.0,0.054510723799467,0.0,,,,,,,0.0,,0.5028158038854599,0.0,,,0.006106925729129943,0.0,0.0,0.0,0.021340237930417,0.0,0.0,0.0,0.06983903236687178,0.0,,,,,,,,,0.0,0.0,0.0862975114335616,0.0,0.0,,0.0150753611233085,0.0,0.0,0.0,0.0,,0.00892739165574306,0.0,0.0630443003028631,0.0,0.0,,0.0,,0.0,,0.0,,0.0,,,,,,0.0,,0.0,,0.0,,0.0,,0.0,,0.0,,0.0,,0.0,,0.0,,0.0,,,,,,,,,,,,0.0,,,,,,,,,,,,,,,,,,,,,,,,,,,,,,,,,,,,,,,,,,,,,,,,,,,,,,,,,,,,,,,,,,,,,,,,,,,,,,,,,,,,,,,,,,,,,,,,,,,,,,,,,,0.22253856062889096,0.0,,,,,,,,,,,,,,,0.0,,0.0,,,,,,,,,,,,,,0.0,,0.0,,,,,,,,,,,,0.0,,0.0,,0.0,,,,,,,,,,,,,,,,,,,,,,,,,,,,,,,,,,,,,,,,0,0,17,6
10,region_10,2021-06-12,0.0,0.0,0.0,0.0,0.0,0.0,0.0630336925387382,0.0,,,,,,,0.0,,0.5354511274231805,0.0,,,0.004646062318767771,0.0,0.0029153544455766,0.0,0.0128932548686862,0.0,0.0,0.0,0.07515569155414896,0.0,,,,,,,,,0.0,0.0,0.10868360536793864,0.0,0.0,,0.0019634889467851626,0.0,0.0,0.0,0.0,,0.01297501660883422,0.0,0.0579883344471454,0.0,0.0,,0.0,,0.0,,0.0,,0.0,,,,,,0.0,,0.0,,0.0,,0.0,,0.0,,0.0,,0.0,,0.0,,0.0,,0.0,,,,,,,,,,,,0.0,,,,,,,,,,,,,,,,,,,,,,,,,,,,,,,,,,,,,,,,,,,,,,,,,,,,,,,,,,,,,,,,,,,,,,,,,,,,,,,,,,,,,,,,,,,,,,,,,,,,,,,,,,0.16484579443931577,0.0,,,,,,,,,,,,,,,0.0,,0.0,,,,,,,,,,,,,,0.0,,0.0,,,,,,,,,,,,0.0,,0.0,,0.0,,,,,,,,,,,,,,,,,,,,,,,,,,,,,,,,,,,,,,,,0,0,17,7
10,region_10,2021-06-19,0.0,0.0,0.0,0.0,0.004148531674096933,0.0,0.0765554532408714,0.0,,,,,,,0.0,,0.497768235206604,0.0,,,0.003981210091816472,0.0,0.0,0.0,0.0072222123853862,0.0,0.0,0.0,0.06070446347196893,0.0,,,,,,,,,0.0,0.0,0.18401093980888036,0.0,0.0,,0.0245726071298122,0.0,0.0,0.0,0.0,,0.00147542923223224,0.0,0.0698587037622928,0.0,0.0,,0.0,,0.0,,0.0,,0.0,,,,,,0.0,,0.0,,0.0,,0.0,,0.0,,0.0,,0.0,,0.0,,0.0,,0.0,,,,,,,,,,,,0.0,,,,,,,,,,,,,,,,,,,,,,,,,,,,,,,,,,,,,,,,,,,,,,,,,,,,,,,,,,,,,,,,,,,,,,,,,,,,,,,,,,,,,,,,,,,,,,,,,,,,,,,,,,0.1263733804225921,0.0,,,,,,,,,,,,,,,0.0,,0.0,,,,,,,,,,,,,,0.0,,0.0,,,,,,,,,,,,0.0,,0.0,,0.0,,,,,,,,,,,,,,,,,,,,,,,,,,,,,,,,,,,,,,,,0,0,17,8
10,region_10,2021-06-26,0.0,0.0,0.0,0.0,0.0,0.0,0.1646508574485778,0.0,,,,,,,0.0,,0.39029875993728635,0.0,,,0.0,0.0,0.0,0.0,0.0026135058142244,0.0,0.0,0.0,0.056879428215324795,0.0,,,,,,,,,0.0,0.0,0.28983574857314426,0.0,0.0,,0.025789009717603482,0.0,0.003959019784815525,0.0,0.0,,0.00409463006071738,0.0,0.0724483355879783,0.0,0.0,,0.0,,0.0,,0.0,,0.0,,,,,,0.0,,0.0,,0.0,,0.0,,0.0,,0.0,,0.0,,0.0,,0.0,,0.0,,,,,,,,,,,,0.0,,,,,,,,,,,,,,,,,,,,,,,,,,,,,,,,,,,,,,,,,,,,,,,,,,,,,,,,,,,,,,,,,,,,,,,,,,,,,,,,,,,,,,,,,,,,,,,,,,,,,,,,,,0.15702566690742967,0.0,,,,,,,,,,,,,,,0.0,,0.0,,,,,,,,,,,,,,0.0,,0.0,,,,,,,,,,,,0.0,,0.0,,0.0,,,,,,,,,,,,,,,,,,,,,,,,,,,,,,,,,,,,,,,,0,0,17,9
10,region_10,2021-07-03,0.0,0.0,0.005829333638151466,0.0,0.008664191449777377,0.0,0.1976628601551056,0.0,,,,,,,0.0,,0.26512328783671063,0.0,,,0.0042015708583805576,0.0,0.0,0.0,0.0,0.0,0.0,0.0,0.062461791560053756,0.0,,,,,,,,,0.0,0.0,0.5247087045464405,0.0,0.0,,0.026234849123284176,0.0,0.0,0.0,0.0,,0.00208895024843508,0.0,0.0489058084785938,0.0,0.0,,0.0,,0.0,,0.0,,0.0,,,,,,0.0,,0.0,,0.0,,0.0,,0.0,,0.0,,0.0,,0.0,,0.0,,0.0,,,,,,,,,,,,0.0,,,,,,,,,,,,,,,,,,,,,,,,,,,,,,,,,,,,,,,,,,,,,,,,,,,,,,,,,,,,,,,,,,,,,,,,,,,,,,,,,,,,,,,,,,,,,,,,,,,,,,,,,,0.10364686138927932,0.0,,,,,,,,,,,,,,,0.0,,0.0,,,,,,,,,,,,,,0.0,,0.0,,,,,,,,,,,,0.0,,0.0,,0.0,,,,,,,,,,,,,,,,,,,,,,,,,,,,,,,,,,,,,,,,0,0,17,10
10,region_10,2021-07-10,0.0,0.0,0.0006220643602621666,0.0,0.004983289100761864,0.0,0.1709163449704647,0.0,,,,,,,0.0,,0.15108114331960673,0.0,,,0.0,0.0,0.0,0.0,0.0,0.0,0.0,0.0,0.0227314038202166,0.0,,,,,,,,,0.0,0.0,0.7160506255404894,0.0,0.0,,0.04896319968005017,0.0,0.0,0.0,0.0,,0.005350112915039,0.0,0.0141059886664152,0.0,0.0,,0.0,,0.0,,0.0,,0.0,,,,,,0.0,,0.0,,0.0,,0.0,,0.0,,0.0,,0.0,,0.0,,0.0,,0.0,,,,,,,,,,,,0.0,,,,,,,,,,,,,,,,,,,,,,,,,,,,,,,,,,,,,,,,,,,,,,,,,,,,,,,,,,,,,,,,,,,,,,,,,,,,,,,,,,,,,,,,,,,,,,,,,,,,,,,,,,0.048668307562669065,0.0,,,,,,,,,,,,,,,0.0,,0.0,,,,,,,,,,,,,,0.0,,0.0,,,,,,,,,,,,0.0,,0.0,,0.0,,,,,,,,,,,,,,,,,,,,,,,,,,,,,,,,,,,,,,,,0,0,17,11
10,region_10,2021-07-17,0.0,0.0,0.0008369619657362667,0.0,0.008958029560744716,0.0,0.16938784904777998,0.0,,,,,,,0.0,,0.07637823093682522,0.0,,,0.0,0.0,0.0,0.0,0.0,0.0,0.0,0.0,0.002082925995637175,0.0,,,,,,,,,0.0,0.0,0.8206927818410537,0.0,0.0,,0.039506390069921765,0.0,0.00503153190948065,0.0,0.0,,0.00479479543864722,0.0,0.00361118454020465,0.0,0.0,,0.0,,0.0,,0.0,,0.0,,,,,,0.0,,0.0,,0.0,,0.0,,0.0,,0.0,,0.0,,0.0,,0.0,,0.0,,,,,,,,,,,,0.0,,,,,,,,,,,,,,,,,,,,,,,,,,,,,,,,,,,,,,,,,,,,,,,,,,,,,,,,,,,,,,,,,,,,,,,,,,,,,,,,,,,,,,,,,,,,,,,,,,,,,,,,,,0.022681892716458815,0.0,,,,,,,,,,,,,,,0.0,,0.0,,,,,,,,,,,,,,0.0,,0.0,,,,,,,,,,,,0.0,,0.0,,0.0,,,,,,,,,,,,,,,,,,,,,,,,,,,,,,,,,,,,,,,,0,0,17,12
10,region_10,2021-07-24,0.0025470461696386,0.0,0.0024998510634759,0.0,0.012277330271899667,0.0,0.2270726971328258,0.0,,,,,,,0.0,,0.03643449354502884,0.0,,,0.0,0.0,0.0,0.0,0.0,0.0,0.0,0.0,0.0036939599861701,0.0,,,,,,,,,0.0,0.0,0.9109355911265972,0.0,0.0,,0.016969894724232756,0.0,0.0,0.0,0.0,,0.0011142089264467,0.0,0.00444955658167595,0.0,0.0,,0.0,,0.0,,0.0,,0.0,,,,,,0.0,,0.0,,0.0,,0.0,,0.0,,0.0,,0.0,,0.0,,0.0,,0.0,,,,,,,,,,,,0.0,,,,,,,,,,,,,,,,,,,,,,,,,,,,,,,,,,,,,,,,,,,,,,,,,,,,,,,,,,,,,,,,,,,,,,,,,,,,,,,,,,,,,,,,,,,,,,,,,,,,,,,,,,0.014500383952898585,0.0,,,,,,,,,,,,,,,0.0,,0.0,,,,,,,,,,,,,,0.0,,0.0,,,,,,,,,,,,0.0,,0.0,,0.0,,,,,,,,,,,,,,,,,,,,,,,,,,,,,,,,,,,,,,,,0,0,17,13
10,region_10,2021-07-31,0.0,0.0,0.0016032939132016,0.0,0.009724386036396,0.0,0.0637711286544799,0.0,,,,,,,0.0,,0.017747383913956524,0.0,,,0.0,0.0,,,,,0.0,0.0,0.00017411849694325,0.0,,,,,,,,,0.0,0.0,0.9562650842722072,0.0,0.0,,0.00958103351294988,0.0,0.0008216021427263666,0.0,0.0,,0.00043974249274465,0.0,0.0003482369938865,0.0,0.0,,0.0,,0.0,,0.0,,0.0,,,,,,0.0,,0.0,,0.0,,0.0,,0.0,,0.0,,0.0,,0.0,,0.0,,0.0,,,,,,,,,,,,0.0,,,,,,,,,,,,,,,,,,,,,,,,,,,,,,,,,,,,,,,,,,,,,,,,,,,,,,,,,,,,,,,,,,,,,,,,,,,,,,,,,,,,,,,,,,,,,,,,,,,,,,,,,,0.00615120679140086,0.0,,,,,,,,,,,,,,,0.0,,0.0,,,,,,,,,,,,,,0.0,,0.0,,,,,,,,,,,,0.0,,0.0,,0.0,,,,,,,,,,,,,,,,,,,,,,,,,,,,,,,,,,,,,,,,0,0,15,14
10,region_10,2021-08-07,,,0.0018298692718546857,0.0,0.0022660713127281643,0.0,,,,,,,,,0.0,,0.009300430970532486,0.0,,,0.0,0.0,,,,,0.0,0.0,0.00047843890206417496,0.0,,,,,,,,,0.0,0.0,0.9743664362851311,0.0,0.0,,0.0060876528732478,0.0,0.0,0.0,,,0.0005884933246610001,0.0,0.00089464397751725,0.0,0.0,,0.0,,0.0,,0.0,,0.0,,,,,,0.0,,0.0,,0.0,,0.0,,0.0,,0.0,,0.0,,0.0,,0.0,,0.0,,,,,,,,,,,,0.0,,,,,,,,,,,,,,,,,,,,,,,,,,,,,,,,,,,,,,,,,,,,,,,,,,,,,,,,,,,,,,,,,,,,,,,,,,,,,,,,,,,,,,,,,,,,,,,,,,,,,,,,,,0.0035680579118585166,0.0,,,,,,,,,,,,,,,0.0,,0.0,,,,,,,,,,,,,,0.0,,0.0,,,,,,,,,,,,0.0,,0.0,,0.0,,,,,,,,,,,,,,,,,,,,,,,,,,,,,,,,,,,,,,,,0,0,13,15
10,region_10,2021-08-14,,,0.0007288460231695999,0.0,0.0024742729535015503,0.0,,,,,,,,,0.0,,0.0031665901187806858,0.0,,,0.0,0.0,,,,,0.0,0.0,0.0001436154998373,0.0,,,,,,,,,0.0,0.0,0.9883014002403656,0.0,0.0,,0.0029937727376818197,0.0,0.0010601371759548,0.0,,,0.00122792704496525,0.0,0.00043084649951195,0.0,0.0,,0.0,,0.0,,0.0,,0.0,,,,,,0.0,,0.0,,0.0,,0.0,,0.0,,0.0,,0.0,,0.0,,0.0,,0.0,,,,,,,,,,,,0.0,,,,,,,,,,,,,,,,,,,,,,,,,,,,,,,,,,,,,,,,,,,,,,,,,,,,,,,,,,,,,,,,,,,,,,,,,,,,,,,,,,,,,,,,,,,,,,,,,,,,,,,,,,0.0032429806888103,0.0,,,,,,,,,,,,,,,0.0,,0.0,,,,,,,,,,,,,,0.0,,0.0,,,,,,,,,,,,0.0,,0.0,,0.0,,,,,,,,,,,,,,,,,,,,,,,,,,,,,,,,,,,,,,,,0,0,13,16
10,region_10,2021-08-21,,,0.000792826991528225,0.0,0.0013912645032784002,0.0,,,,,,,,,0.0,,0.0028667697084268713,0.0,,,0.0,0.0,,,,,0.0,0.0,0.00027280852858283335,0.0,,,,,,,,,0.0,0.0,0.9910253806959225,0.0,0.0,,0.0029057485517113802,0.0,0.0,0.0,,,0.0005108089826535,0.0,0.0002420505043119,0.0,0.0,,0.0,,0.0,,0.0,,0.0,,,,,,0.0,,0.0,,0.0,,0.0,,0.0,,0.0,,0.0,,0.0,,0.0,,0.0,,,,,,,,,,,,0.0,,,,,,,,,,,,,,,,,,,,,,,,,,,,,,,,,,,,,,,,,,,,,,,,,,,,,,,,,,,,,,,,,,,,,,,,,,,,,,,,,,,,,,,,,,,,,,,,,,,,,,,,,,0.00060337641625658,0.0,,,,,,,,,,,,,,,0.0,,0.0,,,,,,,,,,,,,,0.0,,0.0,,,,,,,,,,,,0.0,,0.0,,0.0,,,,,,,,,,,,,,,,,,,,,,,,,,,,,,,,,,,,,,,,0,0,13,17
10,region_10,2021-08-28,,,0.00120598043819575,0.0,0.00044651163382995,0.0,,,,,,,,,0.0,,0.0011307357150750332,0.0,,,0.0,0.0,,,,,0.0,0.0,0.0,0.0,,,,,,,,,0.0,0.0,0.9934459764223832,0.0,0.0,,0.0011414877371862,0.0,,,,,0.0,0.0,0.0,0.0,0.0,,0.0,,0.0,,0.0,,0.0,,,,,,0.0,,0.0,,0.0,,0.0,,0.0,,0.0,,0.0,,0.0,,0.0,,0.0,,,,,,,,,,,,0.0,,,,,,,,,,,,,,,,,,,,,,,,,,,,,,,,,,,,,,,,,,,,,,,,,,,,,,,,,,,,,,,,,,,,,,,,,,,,,,,,,,,,,,,,,,,,,,,,,,,,,,,,,,0.001237196018337225,0.0,,,,,,,,,,,,,,,0.0,,0.0,,,,,,,,,,,,,,0.0,,0.0,,,,,,,,,,,,0.0,,0.0,,0.0,,,,,,,,,,,,,,,,,,,,,,,,,,,,,,,,,,,,,,,,0,0,12,18
10,region_10,2021-09-04,,,0.00043050063929206666,0.0,0.00067945924820375,0.0,,,,,,,,,0.0,,0.0002964464656542666,0.0,,,0.0,0.0,,,,,,,0.0,0.0,,,,,,,,,0.0,0.0,0.9976997359593709,0.0,,,0.0,0.0,,,,,0.0,0.0,0.0,0.0,0.0,,0.0,,0.0,,0.0,,0.0,,,,,,0.0,,0.0,,0.0,,0.0,,0.0,,0.0,,0.0,,0.0,,0.0,,0.0,,,,,,,,,,,,0.0,,,,,,,,,,,,,,,,,,,,,,,,,,,,,,,,,,,,,,,,,,,,,,,,,,,,,,,,,,,,,,,,,,,,,,,,,,,,,,,,,,,,,,,,,,,,,,,,,,,,,,,,,,0.0007756606404048,0.0,,,,,,,,,,,,,,,0.0,,0.0,,,,,,,,,,,,,,0.0,,0.0,,,,,,,,,,,,0.0,,0.0,,0.0,,,,,,,,,,,,,,,,,,,,,,,,,,,,,,,,,,,,,,,,0,0,11,19
10,region_10,2021-09-11,,,0.00105163303669538,0.0,0.0,0.0,,,,,,,,,0.0,,0.0,0.0,,,0.0,0.0,,,,,,,0.0,0.0,,,,,,,,,0.0,0.0,0.994313415092758,0.0,,,0.0021870653921117,0.0,,,,,0.0,0.0,0.0,0.0,0.0,,0.0,,0.0,,0.0,,0.0,,,,,,0.0,,0.0,,0.0,,0.0,,0.0,,0.0,,0.0,,0.0,,0.0,,0.0,,,,,,,,,,,,0.0,,,,,,,,,,,,,,,,,,,,,,,,,,,,,,,,,,,,,,,,,,,,,,,,,,,,,,,,,,,,,,,,,,,,,,,,,,,,,,,,,,,,,,,,,,,,,,,,,,,,,,,,,,0.0,0.0,,,,,,,,,,,,,,,0.0,,0.0,,,,,,,,,,,,,,0.0,,0.0,,,,,,,,,,,,0.0,,0.0,,0.0,,,,,,,,,,,,,,,,,,,,,,,,,,,,,,,,,,,,,,,,0,0,11,20
10,region_10,2021-09-18,,,0.0,0.0,0.0,0.0,,,,,,,,,0.0,,0.0,0.0,,,0.0,0.0,,,,,,,0.0,0.0,,,,,,,,,0.0,0.0,0.994502869171974,0.0,,,0.0004856020095758,0.0,,,,,0.0,0.0,0.0,0.0,0.0,,0.0,,0.0,,0.0,,0.0,,,,,,0.0,,0.0,,0.0,,0.0,,0.0,,0.0,,0.0,,0.0,,0.0,,0.0,,,,,,,,,,,,0.0,,,,,,,,,,,,,,,,,,,,,,,,,,,,,,,,,,,,,,,,,,,,,,,,,,,,,,,,,,,,,,,,,,,,,,,,,,,,,,,,,,,,,,,,,,,,,,,,,,,,,,,,,,0.0,0.0,,,,,,,,,,,,,,,0.0,,0.0,,,,,,,,,,,,,,0.0,,0.0,,,,,,,,,,,,0.0,,0.0,,0.0,,,,,,,,,,,,,,,,,,,,,,,,,,,,,,,,,,,,,,,,0,0,11,21
10,region_10,2021-09-25,,,0.0004967259851077,0.0,0.0,0.0,,,,,,,,,0.0,,0.0,0.0,,,,,,,,,,,,,,,,,,,,,,,0.9966570649828229,0.0,,,0.0,0.0,,,,,,,,,0.0,,0.0,,0.0,,0.0,,0.0,,,,,,0.0,,0.0,,0.0,,0.0,,0.0,,0.0,,0.0,,0.0,,0.0,,0.0,,,,,,,,,,,,0.0,,,,,,,,,,,,,,,,,,,,,,,,,,,,,,,,,,,,,,,,,,,,,,,,,,,,,,,,,,,,,,,,,,,,,,,,,,,,,,,,,,,,,,,,,,,,,,,,,,,,,,,,,,0.0,0.0,,,,,,,,,,,,,,,0.0,,0.0,,,,,,,,,,,,,,0.0,,0.0,,,,,,,,,,,,0.0,,0.0,,0.0,,,,,,,,,,,,,,,,,,,,,,,,,,,,,,,,,,,,,,,,0,0,6,22
10,region_10,2021-10-02,,,0.0012762043406837,0.0,0.0,0.0,,,,,,,,,0.0,,0.0,0.0,,,,,,,,,,,,,,,,,,,,,,,0.9959486633130948,0.0,,,,,,,,,,,,,0.0,,0.0,,0.0,,0.0,,0.0,,,,,,0.0,,0.0,,0.0,,0.0,,0.0,,0.0,,0.0,,0.0,,0.0,,0.0,,,,,,,,,,,,0.0,,,,,,,,,,,,,,,,,,,,,,,,,,,,,,,,,,,,,,,,,,,,,,,,,,,,,,,,,,,,,,,,,,,,,,,,,,,,,,,,,,,,,,,,,,,,,,,,,,,,,,,,,,,,,,,,,,,,,,,,,,0.0,,0.0,,,,,,,,,,,,,,0.0,,0.0,,,,,,,,,,,,0.0,,0.0,,0.0,,,,,,,,,,,,,,,,,,,,,,,,,,,,,,,,,,,,,,,,0,0,4,23
10,region_10,2021-10-09,,,0.004248216806445225,0.0,0.0,0.0,,,,,,,,,0.0,,0.0,0.0,,,,,,,,,,,,,,,,,,,,,,,0.9941790942418374,0.0,,,,,,,,,,,,,0.0,,0.0,,0.0,,0.0,,0.0,,,,,,0.0,,0.0,,0.0,,0.0,,0.0,,0.0,,0.0,,0.0,,0.0,,0.0,,,,,,,,,,,,0.0,,,,,,,,,,,,,,,,,,,,,,,,,,,,,,,,,,,,,,,,,,,,,,,,,,,,,,,,,,,,,,,,,,,,,,,,,,,,,,,,,,,,,,,,,,,,,,,,,,,,,,,,,,,,,,,,,,,,,,,,,,0.0,,0.0,,,,,,,,,,,,,,0.0,,0.0,,,,,,,,,,,,0.0,,0.0,,0.0,,,,,,,,,,,,,,,,,,,,,,,,,,,,,,,,,,,,,,,,0,0,4,24
10,region_10,2021-10-16,,,0.0010444989560969857,0.0,0.0,0.0,,,,,,,,,0.0,,0.0,0.0,,,,,,,,,,,,,,,,,,,,,,,0.9950839305246199,0.0,,,,,,,,,,,,,0.0,,0.0,,0.0,,0.0,,0.0,,,,,,0.0,,0.0,,0.0,,0.0,,0.0,,0.0,,0.0,,0.0,,0.0,,0.0,,,,,,,,,,,,0.0,,,,,,,,,,,,,,,,,,,,,,,,,,,,,,,,,,,,,,,,,,,,,,,,,,,,,,,,,,,,,,,,,,,,,,,,,,,,,,,,,,,,,,,,,,,,,,,,,,,,,,,,,,,,,,,,,,,,,,,,,,0.0,,0.0,,,,,,,,,,,,,,0.0,,0.0,,,,,,,,,,,,0.0,,0.0,,0.0,,,,,,,,,,,,,,,,,,,,,,,,,,,,,,,,,,,,,,,,0,0,4,25
10,region_10,2021-10-23,,,0.00206313887611025,0.0,0.0,0.0,,,,,,,,,0.0,,,,,,,,,,,,,,,,,,,,,,,,,,0.9954071741708568,0.0,,,,,,,,,,,,,0.0,,0.0,,0.0,,0.0,,0.0,,,,,,0.0,,0.0,,0.0,,0.0,,0.0,,0.0,,0.0,,0.0,,0.0,,0.0,,,,,,,,,,,,0.0,,,,,,,,,,,,,,,,,,,,,,,,,,,,,,,,,,,,,,,,,,,,,,,,,,,,,,,,,,,,,,,,,,,,,,,,,,,,,,,,,,,,,,,,,,,,,,,,,,,,,,,,,,,,,,,,,,,,,,,,,,0.0,,0.0,,,,,,,,,,,,,,0.0,,0.0,,,,,,,,,,,,0.0,,0.0,,0.0,,,,,,,,,,,,,,,,,,,,,,,,,,,,,,,,,,,,,,,,0,0,3,26
10,region_10,2021-10-30,,,0.00124785343650724,0.0,0.0,0.0,,,,,,,,,0.0,,,,,,,,,,,,,,,,,,,,,,,,,,0.9933092977902661,0.0,,,,,,,,,,,,,0.0,,0.0,,0.0,,0.0,,0.0,,,,,,0.0,,0.0,,0.0,,0.0,,0.0,,0.0,,0.0,,0.0,,0.0,,0.0,,,,,,,,,,,,0.0,,,,,,,,,,,,,,,,,,,,,,,,,,,,,,,,,,,,,,,,,,,,,,,,,,,,,,,,,,,,,,,,,,,,,,,,,,,,,,,,,,,,,,,,,,,,,,,,,,,,,,,,,,,,,,,,,,,,,,,,,,0.0,,0.0,,,,,,,,,,,,,,0.0,,0.0,,,,,,,,,,,,0.0,,0.0,,0.0,,,,,,,,,,,,,,,,,,,,,,,,,,,,,,,,,,,,,,,,0,0,3,27
10,region_10,2021-11-06,,,0.001311973130214,0.0,0.0,0.0,,,,,,,,,0.0,,,,,,,,,,,,,,,,,,,,,,,,,,0.9977059511170872,0.0,,,,,,,,,,,,,0.0,,0.0,,0.0,,0.0,,0.0,,,,,,0.0,,0.0,,0.0,,0.0,,0.0,,0.0,,0.0,,0.0,,0.0,,0.0,,,,,,,,,,,,0.0,,,,,,,,,,,,,,,,,,,,,,,,,,,,,,,,,,,,,,,,,,,,,,,,,,,,,,,,,,,,,,,,,,,,,,,,,,,,,,,,,,,,,,,,,,,,,,,,,,,,,,,,,,,,,,,,,,,,,,,,,,0.0,,0.0,,,,,,,,,,,,,,0.0,,0.0,,,,,,,,,,,,0.0,,0.0,,0.0,,,,,,,,,,,,,,,,,,,,,,,,,,,,,,,,,,,,,,,,0,0,3,28
10,region_10,2021-11-13,,,0.00035735286655835,0.0,0.0,0.0,,,,,,,,,0.0,,,,,,,,,,,,,,,,,,,,,,,,,,0.9918446206066707,0.0,,,,,,,,,,,,,0.0,,0.0,,0.0,,0.0,,0.0,,,,,,0.0,,0.0,,0.0,,0.0,,0.0,,0.0,,0.0,,0.0,,0.0,,0.0,,,,,,,,,,,,0.0,,,,,,,,,,,,,,,,,,,,,,,,,,,,,,,,,,,,,,,,,,,,,,,,,,,,,,,,,,,,,,,,,,,,,,,,,,,,,,,,,,,,,,,,,,,,,,,,,,,,,,,,,,,,,,,,,,,,,,,,,,0.0,,0.0,,,,,,,,,,,,,,0.0,,0.0,,,,,,,,,,,,0.0,,0.0,,0.0,,,,,,,,,,,,,,,,,,,,,,,,,,,,,,,,,,,,,,,,0,0,3,29
10,region_10,2021-11-20,,,0.0,0.0,0.0,0.0,,,,,,,,,0.0009337730672476072,1.0,,,,,,,,,,,,,,,,,,,,,,,,,0.9923315056612794,0.0,,,,,,,,,,,,,0.0010290637386359677,1.0,0.0,,0.0,,0.0,,0.0,,,,,,0.0,,0.0,,0.0,,0.0,,0.0,,0.0,,0.0,,0.0,,0.0,,0.0,,,,,,,,,,,,0.0,,,,,,,,,,,,,,,,,,,,,,,,,,,,,,,,,,,,,,,,,,,,,,,,,,,,,,,,,,,,,,,,,,,,,,,,,,,,,,,,,,,,,,,,,,,,,,,,,,,,,,,,,,,,,,,,,,,,,,,,,,0.0,,0.0,,,,,,,,,,,,,,0.0,,0.0,,,,,,,,,,,,0.0,,0.0,,0.0,,,,,,,,,,,,,,,,,,,,,,,,,,,,,,,,,,,,,,,,2,0,3,0
10,region_10,2021-11-27,,,0.0015642279759049,0.0,0.0,0.0,,,,,,,,,0.0,0.0,,,,,,,,,,,,,,,,,,,,,,,,,0.9972418473317073,0.0,,,,,,,,,,,,,0.0,0.0,0.0,,0.0,,0.0,,0.0,,,,,,0.0,,0.0,,0.0,,0.0,,0.0,,0.0,,0.0,,0.0,,0.0,,0.0,,,,,,,,,,,,0.0,,,,,,,,,,,,,,,,,,,,,,,,,,,,,,,,,,,,,,,,,,,,,,,,,,,,,,,,,,,,,,,,,,,,,,,,,,,,,,,,,,,,,,,,,,,,,,,,,,,,,,,,,,,,,,,,,,,,,,,,,,0.0,,0.0,,,,,,,,,,,,,,0.0,,0.0,,,,,,,,,,,,0.0,,0.0,,0.0,,,,,,,,,,,,,,,,,,,,,,,,,,,,,,,,,,,,,,,,0,0,5,1
10,region_10,2021-12-04,,,,,,,,,,,,,,,0.0,0.0,,,,,,,,,,,,,,,,,,,,,,,,,0.9991199990113576,0.0,,,,,,,,,,,,,0.0,0.0,0.0,,0.0,,0.0,,0.0,,,,,,0.0,,0.0,,0.0,,0.0,,0.0,,0.0,,0.0,,0.0,,0.0,,0.0,,,,,,,,,,,,0.0,,,,,,,,,,,,,,,,,,,,,,,,,,,,,,,,,,,,,,,,,,,,,,,,,,,,,,,,,,,,,,,,,,,,,,,,,,,,,,,,,,,,,,,,,,,,,,,,,,,,,,,,,,,,,,,,,,,,,,,,,,0.0,,0.0,,,,,,,,,,,,,,0.0,,0.0,,,,,,,,,,,,0.0,,0.0,,0.0,,,,,,,,,,,,,,,,,,,,,,,,,,,,,,,,,,,,,,,,0,0,3,2
10,region_10,2021-12-11,,,,,,,,,,,,,,,0.0712158300087485,0.0,,,,,,,,,,,,,,,,,,,,,,,,,0.9151428946307008,0.0,,,,,,,,,,,,,0.0281251234495464,0.0,0.0,,0.0,,0.0,,0.0,,,,,,0.0,,0.0,,0.0,,0.0,,0.0,,0.0,,0.0,,0.0,,0.0,,0.0,,,,,,,,,,,,0.0,,,,,,,,,,,,,,,,,,,,,,,,,,,,,,,,,,,,,,,,,,,,,,,,,,,,,,,,,,,,,,,,,,,,,,,,,,,,,,,,,,,,,,,,,,,,,,,,,,,,,,,,,,,,,,,,,,,,,,,,,,0.0,,0.0,,,,,,,,,,,,,,0.0,,0.0,,,,,,,,,,,,0.0,,0.0,,0.0,,,,,,,,,,,,,,,,,,,,,,,,,,,,,,,,,,,,,,,,0,0,3,3
10,region_10,2021-12-18,,,,,,,,,,,,,,,0.20199091951636705,0.0,,,,,,,,,,,,,,,,,,,,,,,,,0.6223307362624577,0.0,,,,,,,,,,,,,0.1593863736180698,0.0,0.0,,0.0,,0.0,,0.0,,,,,,0.0,,0.0,,0.0,,0.0,,0.0,,0.0,,0.0,,0.0,,0.0,,0.0,,,,,,,,,,,,0.0,,,,,,,,,,,,,,,,,,,,,,,,,,,,,,,,,,,,,,,,,,,,,,,,,,,,,,,,,,,,,,,,,,,,,,,,,,,,,,,,,,,,,,,,,,,,,,,,,,,,,,,,,,,,,,,,,,,,,,,,,,0.0,,0.0,,,,,,,,,,,,,,0.0,,0.0,,,,,,,,,,,,0.0,,0.0,,0.0,,,,,,,,,,,,,,,,,,,,,,,,,,,,,,,,,,,,,,,,0,0,3,4
10,region_10,2021-12-25,,,,,,,,,,,,,,,0.5347819008371409,0.0,,,,,,,,,,,,,,,,,,,,,,,,,0.26967372333825523,0.0,,,,,,,,,,,,,0.38100855903966085,0.0,0.0,,0.0,,0.0,,0.0,,,,,,0.0,,0.0,,0.0,,0.0,,0.0,,0.0,,0.0,,0.0,,0.0,,0.0,,,,,,,,,,,,0.0,,,,,,,,,,,,,,,,,,,,,,,,,,,,,,,,,,,,,,,,,,,,,,,,,,,,,,,,,,,,,,,,,,,,,,,,,,,,,,,,,,,,,,,,,,,,,,,,,,,,,,,,,,,,,,,,,,,,,,,,,,0.0,,0.0,,,,,,,,,,,,,,0.0,,0.0,,,,,,,,,,,,0.0,,0.0,,0.0,,,,,,,,,,,,,,,,,,,,,,,,,,,,,,,,,,,,,,,,0,0,3,5
10,region_10,2022-01-01,,,,,,,,,,,,,,,0.6311617892454652,0.0,,,,,,,,,,,,,,,,,,,,,,,,,0.09088079397802919,0.0,,,,,,,,,,,,,0.5513000225319582,0.0,0.0,,0.0,,0.0,,0.0,,,,,,0.0,,0.0,,0.0,,0.0,,0.0,,0.0,,0.0,,0.0,,0.0,,0.0,,,,,,,,,,,,0.0,,,,,,,,,,,,,,,,,,,,,,,,,,,,,,,,,,,,,,,,,,,,,,,,,,,,,,,,,,,,,,,,,,,,,,,,,,,,,,,,,,,,,,,,,,,,,,,,,,,,,,,,,,,,,,,,,,,,,,,,,,0.0,,0.0,,,,,,,,,,,,,,0.0,,0.0,,,,,,,,,,,,0.0,,0.0,,0.0,,,,,,,,,,,,,,,,,,,,,,,,,,,,,,,,,,,,,,,,0,0,3,6
10,region_10,2022-01-08,,,,,,,,,,,,,,,0.6362104975260221,0.0,,,,,,,,,,,,,,,,,,,,,,,,,0.04229144763314359,0.0,,,,,,,,,,,,,0.6509291284224566,0.0,0.00039846139067468506,1.0,0.0,,0.0,,0.0,,,,,,0.0,,0.0,,0.0,,0.0,,0.0,,0.0,,0.0,,0.0,,0.0,,0.0,,,,,,,,,,,,0.0,,,,,,,,,,,,,,,,,,,,,,,,,,,,,,,,,,,,,,,,,,,,,,,,,,,,,,,,,,,,,,,,,,,,,,,,,,,,,,,,,,,,,,,,,,,,,,,,,,,,,,,,,,,,,,,,,,,,,,,,,,0.0,,0.0,,,,,,,,,,,,,,0.0,,0.0,,,,,,,,,,,,0.0,,0.0,,0.0,,,,,,,,,,,,,,,,,,,,,,,,,,,,,,,,,,,,,,,,1,0,3,0
10,region_10,2022-01-15,,,,,,,,,,,,,,,0.6166003017283198,0.0,,,,,,,,,,,,,,,,,,,,,,,,,0.0191811042379087,0.0,,,,,,,,,,,,,0.705184923880028,0.0,0.005038047639765919,0.0,0.0,,0.0,,0.0,,,,,,0.0,,0.0,,0.0,,0.0,,0.0,,0.0,,0.0,,0.0,,0.0,,0.0,,,,,,,,,,,,0.0,,,,,,,,,,,,,,,,,,,,,,,,,,,,,,,,,,,,,,,,,,,,,,,,,,,,,,,,,,,,,,,,,,,,,,,,,,,,,,,,,,,,,,,,,,,,,,,,,,,,,,,,,,,,,,,,,,,,,,,,,,0.0,,0.0,,,,,,,,,,,,,,0.0,,0.0,,,,,,,,,,,,0.0,,0.0,,0.0,,,,,,,,,,,,,,,,,,,,,,,,,,,,,,,,,,,,,,,,0,0,4,1
10,region_10,2022-01-22,,,,,,,,,,,,,,,0.5977293835444883,0.0,,,,,,,,,,,,,,,,,,,,,,,,,0.01039541389962484,0.0,,,,,,,,,,,,,0.7484107876525206,0.0,0.005747019035381123,0.0,0.0,,0.0,,0.0,,,,,,0.0,,0.0,,0.0,,0.0,,0.0,,0.0,,0.0,,0.0,,0.0,,0.0,,,,,,,,,,,,0.0,,,,,,,,,,,,,,,,,,,,,,,,,,,,,,,,,,,,,,,,,,,,,,,,,,,,,,,,,,,,,,,,,,,,,,,,,,,,,,,,,,,,,,,,,,,,,,,,,,,,,,,,,,,,,,,,,,,,,,,,,,0.0,,0.0,,,,,,,,,,,,,,0.0,,0.0,,,,,,,,,,,,0.0,,0.0,,0.0,,,,,,,,,,,,,,,,,,,,,,,,,,,,,,,,,,,,,,,,0,0,4,2
10,region_10,2022-01-29,,,,,,,,,,,,,,,0.5633803545947997,0.0,,,,,,,,,,,,,,,,,,,,,,,,,0.011274521125062331,0.0,,,,,,,,,,,,,0.7856338674371893,0.0,0.010729756919317825,0.0,0.0,,0.0,,0.0,,,,,,0.0,,0.0,,0.0,,0.0,,0.0,,0.0,,0.0,,0.0,,0.0,,0.0,,,,,,,,,,,,0.0,,,,,,,,,,,,,,,,,,,,,,,,,,,,,,,,,,,,,,,,,,,,,,,,,,,,,,,,,,,,,,,,,,,,,,,,,,,,,,,,,,,,,,,,,,,,,,,,,,,,,,,,,,,,,,,,,,,,,,,,,,0.0,,0.0,,,,,,,,,,,,,,0.0,,0.0,,,,,,,,,,,,0.0,,0.0,,0.0,,,,,,,,,,,,,,,,,,,,,,,,,,,,,,,,,,,,,,,,0,0,4,3
10,region_10,2022-02-05,,,,,,,,,,,,,,,0.5536541191395372,0.0,,,,,,,,,,,,,,,,,,,,,,,,,0.003366876783729772,0.0,,,,,,,,,,,,,0.8079058383450364,0.0,0.013453973791911216,0.0,0.0,,0.0,,0.0,,,,,,0.0,,0.0,,0.0,,0.0,,0.0,,0.0,,0.0,,0.0,,0.0,,0.0,,,,,,,,,,,,0.0,,,,,,,,,,,,,,,,,,,,,,,,,,,,,,,,,,,,,,,,,,,,,,,,,,,,,,,,,,,,,,,,,,,,,,,,,,,,,,,,,,,,,,,,,,,,,,,,,,,,,,,,,,,,,,,,,,,,,,,,,,0.0,,0.0,,,,,,,,,,,,,,0.0,,0.0,,,,,,,,,,,,0.0,,0.0,,0.0,,,,,,,,,,,,,,,,,,,,,,,,,,,,,,,,,,,,,,,,0,0,4,4
10,region_10,2022-02-12,,,,,,,,,,,,,,,0.5221852154516783,0.0,,,,,,,,,,,,,,,,,,,,,,,,,0.0,0.0,,,,,,,,,,,,,0.8005890307887908,0.0,0.0378717705607414,0.0,0.0,,0.0,,0.0,,,,,,0.0,,0.0,,0.0,,0.0,,0.0,,0.0,,0.0,,0.0,,0.0,,0.0,,,,,,,,,,,,0.0,,,,,,,,,,,,,,,,,,,,,,,,,,,,,,,,,,,,,,,,,,,,,,,,,,,,,,,,,,,,,,,,,,,,,,,,,,,,,,,,,,,,,,,,,,,,,,,,,,,,,,,,,,,,,,,,,,,,,,,,,,0.0,,0.0,,,,,,,,,,,,,,0.0,,0.0,,,,,,,,,,,,0.0,,0.0,,0.0,,,,,,,,,,,,,,,,,,,,,,,,,,,,,,,,,,,,,,,,0,0,4,5
10,region_10,2022-02-19,,,,,,,,,,,,,,,0.5078125874842366,0.0,,,,,,,,,,,,,,,,,,,,,,,,,0.001998941331440829,0.0,,,,,,,,,,,,,0.7891820739297306,0.0,0.052737849487646156,0.0,0.0,,0.0,,0.0,,,,,,0.0,,0.0,,0.0,,0.0,,0.0,,0.0,,0.0,,0.0,,0.0,,0.0,,,,,,,,,,,,0.0,,,,,,,,,,,,,,,,,,,,,,,,,,,,,,,,,,,,,,,,,,,,,,,,,,,,,,,,,,,,,,,,,,,,,,,,,,,,,,,,,,,,,,,,,,,,,,,,,,,,,,,,,,,,,,,,,,,,,,,,,,0.0,,0.0,,,,,,,,,,,,,,0.0,,0.0,,,,,,,,,,,,0.0,,0.0,,0.0,,,,,,,,,,,,,,,,,,,,,,,,,,,,,,,,,,,,,,,,0,0,4,6
10,region_10,2022-02-26,,,,,,,,,,,,,,,0.4826428303953077,0.0,,,,,,,,,,,,,,,,,,,,,,,,,0.0014857617273666673,0.0,,,,,,,,,,,,,0.7738592823346456,0.0,0.07101483925663189,0.0,0.0,,0.0,,0.0,,,,,,0.0,,0.0,,0.0,,0.0,,0.0,,0.0,,0.0,,0.0,,0.0,,0.0,,,,,,,,,,,,0.0,,,,,,,,,,,,,,,,,,,,,,,,,,,,,,,,,,,,,,,,,,,,,,,,,,,,,,,,,,,,,,,,,,,,,,,,,,,,,,,,,,,,,,,,,,,,,,,,,,,,,,,,,,,,,,,,,,,,,,,,,,0.0,,0.0,,,,,,,,,,,,,,0.0,,0.0,,,,,,,,,,,,0.0,,0.0,,0.0,,,,,,,,,,,,,,,,,,,,,,,,,,,,,,,,,,,,,,,,0,0,4,7
10,region_10,2022-03-05,,,,,,,,,,,,,,,0.41676683103044826,0.0,,,,,,,,,,,,,,,,,,,,,,,,,0.0012717175043441527,0.0,,,,,,,,,,,,,0.7272501868360183,0.0,0.1666668071101109,0.0,0.0,,0.0,,0.0,,,,,,0.0,,0.0,,0.0,,0.0,,0.0,,0.0,,0.0,,0.0,,0.0,,0.0,,,,,,,,,,,,0.0,,,,,,,,,,,,,,,,,,,,,,,,,,,,,,,,,,,,,,,,,,,,,,,,,,,,,,,,,,,,,,,,,,,,,,,,,,,,,,,,,,,,,,,,,,,,,,,,,,,,,,,,,,,,,,,,,,,,,,,,,,0.0,,0.0,,,,,,,,,,,,,,0.0,,0.0,,,,,,,,,,,,0.0,,0.0,,0.0,,,,,,,,,,,,,,,,,,,,,,,,,,,,,,,,,,,,,,,,0,0,4,8
10,region_10,2022-03-12,,,,,,,,,,,,,,,0.36921613713947393,0.0,,,,,,,,,,,,,,,,,,,,,,,,,0.0,0.0,,,,,,,,,,,,,0.6464639761868645,0.0,0.25574217357877954,0.0,0.0,,0.0,,0.0,,,,,,0.0,,0.0,,0.0,,0.0,,0.0,,0.0,,0.0,,0.0,,0.0,,0.0,,,,,,,,,,,,0.0,,,,,,,,,,,,,,,,,,,,,,,,,,,,,,,,,,,,,,,,,,,,,,,,,,,,,,,,,,,,,,,,,,,,,,,,,,,,,,,,,,,,,,,,,,,,,,,,,,,,,,,,,,,,,,,,,,,,,,,,,,0.0,,0.0,,,,,,,,,,,,,,0.0,,0.0,,,,,,,,,,,,0.0,,0.0,,0.0,,,,,,,,,,,,,,,,,,,,,,,,,,,,,,,,,,,,,,,,0,0,4,9
10,region_10,2022-03-19,,,,,,,,,,,,,,,0.2913563206534961,0.0,,,,,,,,,,,,,,,,,,,,,,,,,0.0,0.0,,,,,,,,,,,,,0.5343996111084434,0.0,0.38753095834419643,0.0,0.006739823821200269,1.0,0.0,,0.0,,,,,,0.0,,0.0,,0.0,,0.0,,0.0,,0.0,,0.0,,0.0,,0.0,,0.0,,,,,,,,,,,,0.0,,,,,,,,,,,,,,,,,,,,,,,,,,,,,,,,,,,,,,,,,,,,,,,,,,,,,,,,,,,,,,,,,,,,,,,,,,,,,,,,,,,,,,,,,,,,,,,,,,,,,,,,,,,,,,,,,,,,,,,,,,0.0,,0.0,,,,,,,,,,,,,,0.0,,0.0,,,,,,,,,,,,0.0,,0.0,,0.0,,,,,,,,,,,,,,,,,,,,,,,,,,,,,,,,,,,,,,,,1,0,4,0
10,region_10,2022-03-26,,,,,,,,,,,,,,,0.31035703679789667,0.0,,,,,,,,,,,,,,,,,,,,,,,,,0.0,0.0,,,,,,,,,,,,,0.27372245928820443,0.0,0.690958020979898,0.0,0.00644119127952888,0.0,0.0,,0.0,,,,,,0.0,,0.0,,0.0,,0.0,,0.0,,0.0,,0.0,,0.0,,0.0,,0.0,,,,,,,,,,,,0.0,,,,,,,,,,,,,,,,,,,,,,,,,,,,,,,,,,,,,,,,,,,,,,,,,,,,,,,,,,,,,,,,,,,,,,,,,,,,,,,,,,,,,,,,,,,,,,,,,,,,,,,,,,,,,,,,,,,,,,,,,,0.0,,0.0,,,,,,,,,,,,,,0.0,,0.0,,,,,,,,,,,,0.0,,0.0,,0.0,,,,,,,,,,,,,,,,,,,,,,,,,,,,,,,,,,,,,,,,0,0,5,1
10,region_10,2022-04-02,,,,,,,,,,,,,,,0.11691279217068634,0.0,,,,,,,,,,,,,,,,,,,,,,,,,0.0,0.0,,,,,,,,,,,,,0.16891842598424237,0.0,0.7847370324390275,0.0,0.01897110756328126,0.0,0.0,,0.0,,,,,,0.0,,0.0,,0.0,,0.0,,0.0,,0.0,,0.0,,0.0,,0.0,,0.0,,,,,,,,,,,,0.0,,,,,,,,,,,,,,,,,,,,,,,,,,,,,,,,,,,,,,,,,,,,,,,,,,,,,,,,,,,,,,,,,,,,,,,,,,,,,,,,,,,,,,,,,,,,,,,,,,,,,,,,,,,,,,,,,,,,,,,,,,0.0,,0.0,,,,,,,,,,,,,,0.0,,0.0,,,,,,,,,,,,0.0,,0.0,,0.0,,,,,,,,,,,,,,,,,,,,,,,,,,,,,,,,,,,,,,,,0,0,5,2
10,region_10,2022-04-09,,,,,,,,,,,,,,,0.1142726034411917,0.0,,,,,,,,,,,,,,,,,,,,,,,,,0.0,0.0,,,,,,,,,,,,,0.11036681800204161,0.0,0.8395894906737588,0.0,0.038752844861962524,0.0,0.0,,0.0,,,,,,0.0,,0.0,,0.0,,0.0,,0.0,,0.0,,0.0,,0.0,,0.0,,0.0,,,,,,,,,,,,0.0,,,,,,,,,,,,,,,,,,,,,,,,,,,,,,,,,,,,,,,,,,,,,,,,,,,,,,,,,,,,,,,,,,,,,,,,,,,,,,,,,,,,,,,,,,,,,,,,,,,,,,,,,,,,,,,,,,,,,,,,,,0.0,,0.0,,,,,,,,,,,,,,0.0,,0.0,,,,,,,,,,,,0.0,,0.0,,0.0,,,,,,,,,,,,,,,,,,,,,,,,,,,,,,,,,,,,,,,,0,0,5,3
10,region_10,2022-04-16,,,,,,,,,,,,,,,0.05679015498608345,0.0,,,,,,,,,,,,,,,,,,,,,,,,,0.0012427586450939425,0.0,,,,,,,,,,,,,0.05517102000029644,0.0,0.8905844294799948,0.0,0.048524273766411635,0.0,0.0,,0.0,,,,,,0.0007732302171405734,2.0,0.0,,0.0,,0.0,,0.0,,0.0,,0.0,,0.0,,0.0,,0.0,,,,,,,,,,,,0.0,,,,,,,,,,,,,,,,,,,,,,,,,,,,,,,,,,,,,,,,,,,,,,,,,,,,,,,,,,,,,,,,,,,,,,,,,,,,,,,,,,,,,,,,,,,,,,,,,,,,,,,,,,,,,,,,,,,,,,,,,,0.0,,0.0,,,,,,,,,,,,,,0.0,,0.0,,,,,,,,,,,,0.0,,0.0,,0.0,,,,,,,,,,,,,,,,,,,,,,,,,,,,,,,,,,,,,,,,0,1,5,4
10,region_10,2022-04-23,,,,,,,,,,,,,,,0.030161816212865993,0.0,,,,,,,,,,,,,,,,,,,,,,,,,0.0,0.0,,,,,,,,,,,,,0.029382671777378057,0.0,0.8758513572124335,0.0,0.09000250310278853,0.0,0.0,,0.0,,,,,,0.0008402080643370367,0.0,0.0,,0.0,,0.0,,0.0,,0.0,,0.0,,0.0,,0.0,,0.0,,,,,,,,,,,,0.0,,,,,,,,,,,,,,,,,,,,,,,,,,,,,,,,,,,,,,,,,,,,,,,,,,,,,,,,,,,,,,,,,,,,,,,,,,,,,,,,,,,,,,,,,,,,,,,,,,,,,,,,,,,,,,,,,,,,,,,,,,0.0,,0.0,,,,,,,,,,,,,,0.0,,0.0,,,,,,,,,,,,0.0,,0.0,,0.0,,,,,,,,,,,,,,,,,,,,,,,,,,,,,,,,,,,,,,,,0,0,6,5
10,region_10,2022-04-30,,,,,,,,,,,,,,,0.01706652820575979,0.0,,,,,,,,,,,,,,,,,,,,,,,,,0.0,0.0,,,,,,,,,,,,,0.015455283827203103,0.0,0.8444507858332466,0.0,0.13708086311817166,0.0,0.0,,0.0,,,,,,0.0,0.0,0.0,,0.000516955829843149,1.0,0.0,,0.0,,0.0,,0.0,,0.0,,0.0,,0.0,,,,,,,,,,,,0.0,,,,,,,,,,,,,,,,,,,,,,,,,,,,,,,,,,,,,,,,,,,,,,,,,,,,,,,,,,,,,,,,,,,,,,,,,,,,,,,,,,,,,,,,,,,,,,,,,,,,,,,,,,,,,,,,,,,,,,,,,,0.0,,0.0,,,,,,,,,,,,,,0.0,,0.0,,,,,,,,,,,,0.0,,0.0,,0.0,,,,,,,,,,,,,,,,,,,,,,,,,,,,,,,,,,,,,,,,1,0,6,0
10,region_10,2022-05-07,,,,,,,,,,,,,,,0.010075018223788961,0.0,,,,,,,,,,,,,,,,,,,,,,,,,0.0,0.0,,,,,,,,,,,,,0.009159996795157548,0.0,0.7347706094080088,0.0,0.24754316240549085,0.0,0.0,,0.0,,,,,,0.0029997760525010794,0.0,0.0,,0.002496524996656337,0.0,0.0,,0.0,,0.0,,0.0,,0.0,,0.0,,0.0,,,,,,,,,,,,0.0,,,,,,,,,,,,,,,,,,,,,,,,,,,,,,,,,,,,,,,,,,,,,,,,,,,,,,,,,,,,,,,,,,,,,,,,,,,,,,,,,,,,,,,,,,,,,,,,,,,,,,,,,,,,,,,,,,,,,,,,,,0.0,,0.0,,,,,,,,,,,,,,0.0,,0.0,,,,,,,,,,,,0.0,,0.0,,0.0,,,,,,,,,,,,,,,,,,,,,,,,,,,,,,,,,,,,,,,,0,0,7,1
10,region_10,2022-05-14,,,,,,,,,,,,,,,0.006134740761755094,0.0,,,,,,,,,,,,,,,,,,,,,,,,,0.0,0.0,,,,,,,,,,,,,0.0047492119072771585,0.0,0.644536920785904,0.0,0.3243351686000824,0.0,0.0,,0.0,,,,,,0.010798321409645074,0.0,0.0,,0.014336496187994834,0.0,0.0,,0.0,,0.0,,0.0,,0.0,,0.0,,0.0,,,,,,,,,,,,0.0,,,,,,,,,,,,,,,,,,,,,,,,,,,,,,,,,,,,,,,,,,,,,,,,,,,,,,,,,,,,,,,,,,,,,,,,,,,,,,,,,,,,,,,,,,,,,,,,,,,,,,,,,,,,,,,,,,,,,,,,,,0.0,,0.0,,,,,,,,,,,,,,0.0,,0.0,,,,,,,,,,,,0.0,,0.0,,0.0,,,,,,,,,,,,,,,,,,,,,,,,,,,,,,,,,,,,,,,,0,0,7,2
10,region_10,2022-05-21,,,,,,,,,,,,,,,0.0004186224869044625,0.0,,,,,,,,,,,,,,,,,,,,,,,,,0.0,0.0,,,,,,,,,,,,,0.00040014908796253237,0.0,0.5429572539126619,0.0,0.4195535144907363,0.0,0.0,,0.0,,,,,,0.015403852516481999,0.0,0.0,,0.018911059662375714,0.0,0.0,,0.0,,0.0,,0.0,,0.0,,0.0,,0.0,,,,,,,,,,,,0.0,,,,,,,,,,,,,,,,,,,,,,,,,,,,,,,,,,,,,,,,,,,,,,,,,,,,,,,,,,,,,,,,,,,,,,,,,,,,,,,,,,,,,,,,,,,,,,,,,,,,,,,,,,,,,,,,,,,,,,,,,,0.0,,0.0,,,,,,,,,,,,,,0.0,,0.0,,,,,,,,,,,,0.0,,0.0,,0.0,,,,,,,,,,,,,,,,,,,,,,,,,,,,,,,,,,,,,,,,0,0,7,3
10,region_10,2022-05-28,,,,,,,,,,,,,,,0.0006198071731397384,0.0,,,,,,,,,,,,,,,,,,,,,,,,,0.0,0.0,,,,,,,,,,,,,0.0014540480829857117,0.0,0.42312562217315036,0.0,0.48245922724405926,0.0,0.0,,0.0,,,,,,0.037808992761246656,0.0,0.0007970004240277489,2.0,0.05310314412539199,0.0,0.0,,0.0,,0.0,,0.0,,0.0,,0.0,,0.0,,,,,,,,,,,,0.0,,,,,,,,,,,,,,,,,,,,,,,,,,,,,,,,,,,,,,,,,,,,,,,,,,,,,,,,,,,,,,,,,,,,,,,,,,,,,,,,,,,,,,,,,,,,,,,,,,,,,,,,,,,,,,,,,,,,,,,,,,0.0,,0.0,,,,,,,,,,,,,,0.0,,0.0,,,,,,,,,,,,0.0,,0.0,,0.0,,,,,,,,,,,,,,,,,,,,,,,,,,,,,,,,,,,,,,,,0,1,7,4
10,region_10,2022-06-04,,,,,,,,,,,,,,,0.0012709127040579445,0.0,,,,,,,,,,,,,,,,,,,,,,,,,0.0,0.0,,,,,,,,,,,,,0.0,0.0,0.3435158070097578,0.0,0.5122073902024163,0.0,0.0,,0.0,,,,,,0.04218506610587882,0.0,0.0011049516856806196,0.0,0.09479377418756481,0.0,0.0,,0.0,,0.0,,0.0,,0.0,,0.0,,0.0,,,,,,,,,,,,0.0,,,,,,,,,,,,,,,,,,,,,,,,,,,,,,,,,,,,,,,,,,,,,,,,,,,,,,,,,,,,,,,,,,,,,,,,,,,,,,,,,,,,,,,,,,,,,,,,,,,,,,,,,,,,,,,,,,,,,,,,,,0.0,,0.0,,,,,,,,,,,,,,0.0,,0.0,,,,,,,,,,,,0.0,,0.0,,0.0,,,,,,,,,,,,,,,,,,,,,,,,,,,,,,,,,,,,,,,,0,0,8,5
10,region_10,2022-06-11,,,,,,,,,,,,,,,0.0004535487598993091,0.0,,,,,,,,,,,,,,,,,,,,,,,,,0.0,0.0,,,,,,,,,,,,,0.0004574705586384735,0.0,0.254429267152496,0.0,0.4902614627195441,0.0,0.0,,0.0,,,,,,0.07439867589208811,0.0,0.0009267171163383999,0.0,0.17603867371445112,0.0,0.0,,0.0,,0.0,,0.0,,0.0,,0.0,,0.0,,,,,,,,,,,,0.0,,,,,,,,,,,,,,,,,,,,,,,,,,,,,,,,,,,,,,,,,,,,,,,,,,,,,,,,,,,,,,,,,,,,,,,,,,,,,,,,,,,,,,,,,,,,,,,,,,,,,,,,,,,,,,,,,,,,,,,,,,0.0,,0.0,,,,,,,,,,,,,,0.0,,0.0,,,,,,,,,,,,0.0,,0.0,,0.0,,,,,,,,,,,,,,,,,,,,,,,,,,,,,,,,,,,,,,,,0,0,8,6
10,region_10,2022-06-18,,,,,,,,,,,,,,,0.0,0.0,,,,,,,,,,,,,,,,,,,,,,,,,0.0,0.0,,,,,,,,,,,,,0.0,0.0,0.14453132281249215,0.0,0.44905038608445064,0.0,0.00043527446327698826,2.0,0.0,,,,,,0.10505571368743069,0.0,0.0008857849681544976,0.0,0.2963522930939992,0.0,0.0,,0.0,,0.0,,0.0,,0.0,,0.0,,0.0,,,,,,,,,,,,0.0,,,,,,,,,,,,,,,,,,,,,,,,,,,,,,,,,,,,,,,,,,,,,,,,,,,,,,,,,,,,,,,,,,,,,,,,,,,,,,,,,,,,,,,,,,,,,,,,,,,,,,,,,,,,,,,,,,,,,,,,,,0.0,,0.0,,,,,,,,,,,,,,0.0,,0.0,,,,,,,,,,,,0.0,,0.0,,0.0,,,,,,,,,,,,,,,,,,,,,,,,,,,,,,,,,,,,,,,,0,1,8,7
10,region_10,2022-06-25,,,,,,,,,,,,,,,0.0,0.0,,,,,,,,,,,,,,,,,,,,,,,,,0.0,0.0,,,,,,,,,,,,,0.0,0.0,0.08771273129901216,0.0,0.39953340624654016,0.0,0.0,0.0,0.0,,,,,,0.10656872946162553,0.0,0.006904594327618383,0.0,0.3983195431175686,0.0,0.0,,0.0,,0.0,,0.0,,0.0,,0.0,,0.0,,,,,,,,,,,,0.0,,,,,,,,,,,,,,,,,,,,,,,,,,,,,,,,,,,,,,,,,,,,,,,,,,,,,,,,,,,,,,,,,,,,,,,,,,,,,,,,,,,,,,,,,,,,,,,,,,,,,,,,,,,,,,,,,,,,,,,,,,0.0,,0.0,,,,,,,,,,,,,,0.0,,0.0,,,,,,,,,,,,0.0,,0.0,,0.0,,,,,,,,,,,,,,,,,,,,,,,,,,,,,,,,,,,,,,,,0,0,9,8
10,region_10,2022-07-02,,,,,,,,,,,,,,,0.0,0.0,,,,,,,,,,,,,,,,,,,,,,,,,0.0004896616886726791,0.0,,,,,,,,,,,,,0.0,0.0,0.05888730127896576,0.0,0.290271873985018,0.0,0.0,0.0,0.0,,,,,,0.12520663741798624,0.0,0.005313147131989595,0.0,0.521027074303738,0.0,0.000362858503649425,2.0,0.0,,0.0,,0.0,,0.0,,0.0,,0.0,,,,,,,,,,,,0.0,,,,,,,,,,,,,,,,,,,,,,,,,,,,,,,,,,,,,,,,,,,,,,,,,,,,,,,,,,,,,,,,,,,,,,,,,,,,,,,,,,,,,,,,,,,,,,,,,,,,,,,,,,,,,,,,,,,,,,,,,,0.0,,0.0,,,,,,,,,,,,,,0.0,,0.0,,,,,,,,,,,,0.0,,0.0,,0.0,,,,,,,,,,,,,,,,,,,,,,,,,,,,,,,,,,,,,,,,0,1,9,9
10,region_10,2022-07-09,,,,,,,,,,,,,,,0.0,0.0,,,,,,,,,,,,,,,,,,,,,,,,,0.0,0.0,,,,,,,,,,,,,0.0,0.0,0.030872318621088777,0.0,0.1706223445279257,0.0,0.0021334814373403293,0.0,0.0,,,,,,0.10464981375705625,0.0,0.009880008971000545,0.0,0.6813700880323138,0.0,0.0,0.0,0.0,,0.00035558024126867353,2.0,0.0,,0.0,,0.0,,0.0,,,,,,,,,,,,0.0,,,,,,,,,,,,,,,,,,,,,,,,,,,,,,,,,,,,,,,,,,,,,,,,,,,,,,,,,,,,,,,,,,,,,,,,,,,,,,,,,,,,,,,,,,,,,,,,,,,,,,,,,,,,,,,,,,,,,,,,,,0.0,,0.0,,,,,,,,,,,,,,0.0,,0.0,,,,,,,,,,,,0.0,,0.0,,0.0,,,,,,,,,,,,,,,,,,,,,,,,,,,,,,,,,,,,,,,,0,1,10,10
10,region_10,2022-07-16,,,,,,,,,,,,,,,0.0,0.0,,,,,,,,,,,,,,,,,,,,,,,,,0.0,0.0,,,,,,,,,,,,,0.0,0.0,0.021964279981329986,0.0,0.1036714813331278,0.0,0.00092747906455765,0.0,0.0,,,,,,0.10033260826021428,0.0,0.01804581642723995,0.0,0.7537991493940354,0.0,0.0,0.0,0.0,,0.0013912185882765501,0.0,0.0,,0.0,,0.0,,0.0,,,,,,,,,,,,0.0,,,,,,,,,,,,,,,,,,,,,,,,,,,,,,,,,,,,,,,,,,,,,,,,,,,,,,,,,,,,,,,,,,,,,,,,,,,,,,,,,,,,,,,,,,,,,,,,,,,,,,,,,,,,,,,,,,,,,,,,,,0.0,,0.0,,,,,,,,,,,,,,0.0,,0.0,,,,,,,,,,,,0.0,,0.0,,0.0,,,,,,,,,,,,,,,,,,,,,,,,,,,,,,,,,,,,,,,,0,0,11,11
10,region_10,2022-07-23,,,,,,,,,,,,,,,0.0,0.0,,,,,,,,,,,,,,,,,,,,,,,,,0.0,0.0,,,,,,,,,,,,,0.0,0.0,0.013375010198125427,0.0,0.065998194925487,0.0,0.0,0.0,0.0,,,,,,0.08111106604337687,0.0,0.013106848785860627,0.0,0.8249761217679733,0.0,0.0,0.0,0.000489382882369632,2.0,0.0014884777517769588,0.0,0.0,,0.0,,0.0,,0.0,,,,,,,,,,,,0.0,,,,,,,,,,,,,,,,,,,,,,,,,,,,,,,,,,,,,,,,,,,,,,,,,,,,,,,,,,,,,,,,,,,,,,,,,,,,,,,,,,,,,,,,,,,,,,,,,,,,,,,,,,,,,,,,,,,,,,,,,,0.0,,0.0,,,,,,,,,,,,,,0.0,,0.0,,,,,,,,,,,,0.0,,0.0,,0.0,,,,,,,,,,,,,,,,,,,,,,,,,,,,,,,,,,,,,,,,0,1,11,12
10,region_10,2022-07-30,,,,,,,,,,,,,,,0.0,0.0,,,,,,,,,,,,,,,,,,,,,,,,,0.0,0.0,,,,,,,,,,,,,0.0,0.0,0.008156486997200549,0.0,0.04326529065637208,0.0,0.0017314022304215763,0.0,0.0008181861485354033,2.0,,,,,0.08140959872587303,0.0,0.016694670543074535,0.0,0.84587889587557,0.0,0.0,0.0,0.0,0.0,0.002233025378218859,0.0,0.0,,0.0,,0.0,,0.0,,,,,,,,,,,,0.0,,,,,,,,,,,,,,,,,,,,,,,,,,,,,,,,,,,,,,,,,,,,,,,,,,,,,,,,,,,,,,,,,,,,,,,,,,,,,,,,,,,,,,,,,,,,,,,,,,,,,,,,,,,,,,,,,,,,,,,,,,0.0,,0.0,,,,,,,,,,,,,,0.0,,0.0,,,,,,,,,,,,0.0,,0.0,,0.0,,,,,,,,,,,,,,,,,,,,,,,,,,,,,,,,,,,,,,,,0,1,12,13
10,region_10,2022-08-06,,,,,,,,,,,,,,,0.0,0.0,,,,,,,,,,,,,,,,,,,,,,,,,0.0,0.0,,,,,,,,,,,,,0.0,0.0,0.003244482647828908,0.0,0.026931363686516437,0.0,0.0,0.0,0.0,0.0,,,,,0.06116260034409724,0.0,0.015952224264273708,0.0,0.8887967583205965,0.0,0.0034011172080811213,0.0,0.0,0.0,0.0014443389954976323,0.0,0.0,,0.0,,0.0,,0.0,,,,,,,,,,,,0.0,,,,,,,,,,,,,,,,,,,,,,,,,,,,,,,,,,,,,,,,,,,,,,,,,,,,,,,,,,,,,,,,,,,,,,,,,,,,,,,,,,,,,,,,,,,,,,,,,,,,,,,,,,,,,,,,,,,,,,,,,,0.0,,0.0,,,,,,,,,,,,,,0.0,,0.0,,,,,,,,,,,,0.0,,0.0,,0.0,,,,,,,,,,,,,,,,,,,,,,,,,,,,,,,,,,,,,,,,0,0,13,14
10,region_10,2022-08-13,,,,,,,,,,,,,,,0.0006560188930426471,0.0,,,,,,,,,,,,,,,,,,,,,,,,,0.0,0.0,,,,,,,,,,,,,0.0,0.0,0.005667826574709628,0.0,0.011976135443105789,0.0,0.0027779616511371618,0.0,0.0020043439076592034,0.0,,,,,0.04710552383746415,0.0,0.025050241500139188,0.0,0.8999412872574546,0.0,0.000666710186383775,0.0,0.0,0.0,0.003244601511944256,0.0,0.0,,0.0,,0.0,,0.0,,,,,,,,,,,,0.0,,,,,,,,,,,,,,,,,,,,,,,,,,,,,,,,,,,,,,,,,,,,,,,,,,,,,,,,,,,,,,,,,,,,,,,,,,,,,,,,,,,,,,,,,,,,,,,,,,,,,,,,,,,,,,,,,,,,,,,,,,0.0,,0.0,,,,,,,,,,,,,,0.0,,0.0,,,,,,,,,,,,0.0,,0.0,,0.0,,,,,,,,,,,,,,,,,,,,,,,,,,,,,,,,,,,,,,,,0,0,13,15
10,region_10,2022-08-20,,,,,,,,,,,,,,,0.0,0.0,,,,,,,,,,,,,,,,,,,,,,,,,0.0,0.0,,,,,,,,,,,,,0.0,0.0,0.0023436943335191913,0.0,0.0077852049975522435,0.0,0.004273895859060871,0.0,0.0008232828675924034,0.0,,,,,0.036070045403071765,0.0,0.042031439077673496,0.0,0.9022057126550114,0.0,0.0007646675881308467,0.0,0.0,0.0,0.0019390117308562705,0.0,0.0,,0.0018960677397747165,2.0,0.0,,0.0,,,,,,,,,,,,0.0,,,,,,,,,,,,,,,,,,,,,,,,,,,,,,,,,,,,,,,,,,,,,,,,,,,,,,,,,,,,,,,,,,,,,,,,,,,,,,,,,,,,,,,,,,,,,,,,,,,,,,,,,,,,,,,,,,,,,,,,,,0.0,,0.0,,,,,,,,,,,,,,0.0,,0.0,,,,,,,,,,,,0.0,,0.0,,0.0,,,,,,,,,,,,,,,,,,,,,,,,,,,,,,,,,,,,,,,,0,1,13,16
10,region_10,2022-08-27,,,,,,,,,,,,,,,0.0,0.0,,,,,,,,,,,,,,,,,,,,,,,,,0.0,0.0,,,,,,,,,,,,,0.0,0.0,0.005265617085730277,0.0,0.011733659378745926,0.0,0.0052455613006124995,0.0,0.00207469658926124,0.0,,,,,0.03954853840610555,0.0,0.04163820647141508,0.0,0.8804794953149908,0.0,0.0012759814789104222,0.0,0.0010334135359152561,0.0,0.010466356871320871,0.0,0.0,,0.0,0.0,0.0,,0.0,,,,,,,,,,,,0.0,,,,,,,,,,,,,,,,,,,,,,,,,,,,,,,,,,,,,,,,,,,,,,,,,,,,,,,,,,,,,,,,,,,,,,,,,,,,,,,,,,,,,,,,,,,,,,,,,,,,,,,,,,,,,,,,,,,,,,,,,,0.0,,0.0,,,,,,,,,,,,,,0.0,,0.0,,,,,,,,,,,,0.0,,0.0,,0.0,,,,,,,,,,,,,,,,,,,,,,,,,,,,,,,,,,,,,,,,0,0,14,17
10,region_10,2022-09-03,,,,,,,,,,,,,,,0.0,0.0,,,,,,,,,,,,,,,,,,,,,,,,,0.0009568540809788424,0.0,,,,,,,,,,,,,0.0,0.0,0.003914405507120173,0.0,0.007180984371877927,0.0,0.001215415678664309,0.0,0.0027412999110916834,0.0,,,,,0.018092767832179817,0.0,0.04317655251361425,0.0,0.9135979323676138,0.0,0.0021549077355302497,0.0,0.0,0.0,0.00829043685261042,0.0,0.0,,0.0,0.0,0.0,,0.0,,,,,,,,,,,,0.0,,,,,,,,,,,,,,,,,,,,,,,,,,,,,,,,,,,,,,,,,,,,,,,,,,,,,,,,,,,,,,,,,,,,,,,,,,,,,,,,,,,,,,,,,,,,,,,,,,,,,,,,,,,,,,,,,,,,,,,,,,0.0,,0.0,,,,,,,,,,,,,,0.0,,0.0,,,,,,,,,,,,0.0,,0.0,,0.0,,,,,,,,,,,,,,,,,,,,,,,,,,,,,,,,,,,,,,,,0,0,14,18
10,region_10,2022-09-10,,,,,,,,,,,,,,,0.0,0.0,,,,,,,,,,,,,,,,,,,,,,,,,0.0,0.0,,,,,,,,,,,,,0.0,0.0,0.004477812988625322,0.0,0.0,0.0,0.006222571711987207,0.0,0.0030391356830174335,0.0,,,,,0.03185626491904255,0.0,0.04368186331703324,0.0,0.8851666152477264,0.0,0.0008070927578955501,0.0,0.0017892840225248998,0.0,0.017423582987652845,0.0,0.0030803375769979232,2.0,0.004154519860943113,0.0,0.0,,0.0,,,,,,,,,,,,0.0,,,,,,,,,,,,,,,,,,,,,,,,,,,,,,,,,,,,,,,,,,,,,,,,,,,,,,,,,,,,,,,,,,,,,,,,,,,,,,,,,,,,,,,,,,,,,,,,,,,,,,,,,,,,,,,,,,,,,,,,,,0.0,,0.0,,,,,,,,,,,,,,0.0,,0.0,,,,,,,,,,,,0.0,,0.0,,0.0,,,,,,,,,,,,,,,,,,,,,,,,,,,,,,,,,,,,,,,,0,1,14,19
10,region_10,2022-09-17,,,,,,,,,,,,,,,0.0,0.0,,,,,,,,,,,,,,,,,,,,,,,,,0.0,0.0,,,,,,,,,,,,,0.0,0.0,0.003299601079385313,0.0,0.0010283346986397633,0.0,0.0049058521662147195,0.0,0.0,0.0,,,,,0.011157310567796183,0.0,0.059375461911962836,0.0,0.8909316261609396,0.0,0.004558630786570007,0.0,0.0,0.0,0.02482454683631654,0.0,0.0,0.0,0.00213380958884949,0.0,0.0,,0.0,,,,,,,,,,,,0.0,,,,,,,,,,,,,,,,,,,,,,,,,,,,,,,,,,,,,,,,,,,,,,,,,,,,,,,,,,,,,,,,,,,,,,,,,,,,,,,,,,,,,,,,,,,,,,,,,,,,,,,,,,,,,,,,,,,,,,,,,,0.0,,0.0,,,,,,,,,,,,,,0.0,,0.0,,,,,,,,,,,,0.0,,0.0,,0.0,,,,,,,,,,,,,,,,,,,,,,,,,,,,,,,,,,,,,,,,0,0,15,20
10,region_10,2022-09-24,,,,,,,,,,,,,,,0.0,0.0,,,,,,,,,,,,,,,,,,,,,,,,,0.0,0.0,,,,,,,,,,,,,0.0,0.0,0.0009744813316501233,0.0,0.0,0.0,0.0038979253266006168,0.0,0.004260936627785313,0.0,,,,,0.010067154932767107,0.0,0.045008856670132665,0.0,0.9117201237842955,0.0,0.003624558939398875,0.0,0.003739958852529488,0.0,0.010038181161507906,0.0,0.0,0.0,0.0038017801009118,0.0,0.002331688352084353,1.0,0.0,,,,,,,,,,,,0.0,,,,,,,,,,,,,,,,,,,,,,,,,,,,,,,,,,,,,,,,,,,,,,,,,,,,,,,,,,,,,,,,,,,,,,,,,,,,,,,,,,,,,,,,,,,,,,,,,,,,,,,,,,,,,,,,,,,,,,,,,,0.0,,0.0,,,,,,,,,,,,,,0.0,,0.0,,,,,,,,,,,,0.0,,0.0,,0.0,,,,,,,,,,,,,,,,,,,,,,,,,,,,,,,,,,,,,,,,1,0,15,0
10,region_10,2022-10-01,,,,,,,,,,,,,,,0.0,0.0,,,,,,,,,,,,,,,,,,,,,,,,,0.0,0.0,,,,,,,,,,,,,0.001510198167697648,0.0,0.007953863109237104,0.0,0.0038094545457640068,0.0,0.01641459727724046,0.0,0.001510198167697648,0.0,,,,,0.009845467348550883,0.0,0.06532088887912252,0.0,0.8417494211878095,0.0,0.007799272392211161,0.0,0.0,0.0,0.032531836794482294,0.0,0.0,0.0,0.007135376398419455,0.0,0.002217281248484659,0.0,0.0,,,,,,,,,,,,0.0,,,,,,,,,,,,,,,,,,,,,,,,,,,,,,,,,,,,,,,,,,,,,,,,,,,,,,,,,,,,,,,,,,,,,,,,,,,,,,,,,,,,,,,,,,,,,,,,,,,,,,,,,,,,,,,,,,,,,,,,,,0.0,,0.0,,,,,,,,,,,,,,0.0,,0.0,,,,,,,,,,,,0.0,,0.0,,0.0,,,,,,,,,,,,,,,,,,,,,,,,,,,,,,,,,,,,,,,,0,0,16,1
10,region_10,2022-10-08,,,,,,,,,,,,,,,0.0,0.0,,,,,,,,,,,,,,,,,,,,,,,,,0.0,0.0,,,,,,,,,,,,,0.0,0.0,0.0019019230219002928,0.0,0.0,0.0,0.01822690000491478,0.0,0.00376116150125325,0.0,,,,,0.0055820559916485105,0.0,0.0814324542880058,0.0,0.7897354747567858,0.0,0.0034056565200443895,0.0,0.000937685640528748,0.0,0.05803361747946053,0.0,0.0013827182175147666,0.0,0.022010640241205654,0.0,0.011040398917560016,0.0,0.0,,,,,,,,,,,,0.0,,,,,,,,,,,,,,,,,,,,,,,,,,,,,,,,,,,,,,,,,,,,,,,,,,,,,,,,,,,,,,,,,,,,,,,,,,,,,,,,,,,,,,,,,,,,,,,,,,,,,,,,,,,,,,,,,,,,,,,,,,0.0,,0.0,,,,,,,,,,,,,,0.0,,0.0,,,,,,,,,,,,0.0,,0.0,,0.0,,,,,,,,,,,,,,,,,,,,,,,,,,,,,,,,,,,,,,,,0,0,16,2
10,region_10,2022-10-15,,,,,,,,,,,,,,,0.0,0.0,,,,,,,,,,,,,,,,,,,,,,,,,0.0,0.0,,,,,,,,,,,,,0.003258243056566026,0.0,0.004940268445621996,0.0,0.0,0.0,0.009756385762658337,0.0,0.004152675021301763,0.0,,,,,0.004972567152300863,0.0,0.045685012609912756,0.0,0.8116634708863718,0.0,0.005349576197288612,0.0,0.004962703548371748,0.0,0.0504847506958025,0.0,0.002502588497009073,0.0,0.03357839613006661,0.0,0.019524555584346754,0.0,0.0,,,,,,,,,,,,0.0,,,,,,,,,,,,,,,,,,,,,,,,,,,,,,,,,,,,,,,,,,,,,,,,,,,,,,,,,,,,,,,,,,,,,,,,,,,,,,,,,,,,,,,,,,,,,,,,,,,,,,,,,,,,,,,,,,,,,,,,,,0.0,,0.0,,,,,,,,,,,,,,0.0,,0.0,,,,,,,,,,,,0.0,,0.0,,0.0,,,,,,,,,,,,,,,,,,,,,,,,,,,,,,,,,,,,,,,,0,0,16,3
10,region_10,2022-10-22,,,,,,,,,,,,,,,0.0,0.0,,,,,,,,,,,,,,,,,,,,,,,,,0.0,0.0,,,,,,,,,,,,,0.0013851456281441998,0.0,0.004155436888910216,0.0,0.0,0.0,0.00831087377782047,0.0,0.004155436888910216,0.0,,,,,0.00277029125628845,0.0,0.04898382946848864,0.0,0.7643562028041253,0.0,0.009096622323760576,0.0,0.006624893192201816,0.0,0.046493971254676525,0.0,0.024724269715639215,0.0,0.03136757617959605,0.0,0.0457359785214066,0.0,0.0,,,,,,,,,,,,0.0,,,,,,,,,,,,,,,,,,,,,,,,,,,,,,,,,,,,,,,,,,,,,,,,,,,,,,,,,,,,,,,,,,,,,,,,,,,,,,,,,,,,,,,,,,,,,,,,,,,,,,,,,,,,,,,,,,,,,,,,,,0.0013592387743604165,2.0,0.0,,,,,,,,,,,,,,0.0,,0.0,,,,,,,,,,,,0.0,,0.0,,0.0,,,,,,,,,,,,,,,,,,,,,,,,,,,,,,,,,,,,,,,,0,1,16,4
10,region_10,2022-10-29,,,,,,,,,,,,,,,0.0,0.0,,,,,,,,,,,,,,,,,,,,,,,,,0.0,0.0,,,,,,,,,,,,,0.0,0.0,0.006768834739923432,0.0,0.0,0.0,0.01070088699460024,0.0,0.0,0.0,,,,,0.008839981591639363,0.0,0.039402072805733865,0.0,0.692798318862915,0.0,0.012485519237816288,0.0,0.002283249124884556,0.0,0.04034504830837246,0.0,0.01806447312235828,0.0,0.08221088916063303,0.0,0.0645655021071434,0.0,0.0,,,,,,,,,,,,0.0,,,,,,,,,,,,,,,,,,,,,,,,,,,,,,,,,,,,,,,,,,,,,,,,,,,,,,,,,,,,,,,,,,,,,,,,,,,,,,,,,,,,,,,,,,,,,,,,,,,,,,,,,,,,,,,,,,,,,,,,,,0.00347036976017985,0.0,0.0,,,,,,,,,,,,,,0.0,,0.0,,,,,,,,,,,,0.0,,0.0,,0.0,,,,,,,,,,,,,,,,,,,,,,,,,,,,,,,,,,,,,,,,0,0,17,5
10,region_10,2022-11-05,,,,,,,,,,,,,,,0.0,0.0,,,,,,,,,,,,,,,,,,,,,,,,,0.0,0.0,,,,,,,,,,,,,0.0,0.0,0.01180583843961353,0.0,0.0,0.0,0.0048770548310130375,0.0,0.0055594712806244125,0.0,,,,,0.0011118942638858626,0.0,0.02832211125642057,0.0,0.5698180043179056,0.0,0.0257817775321503,0.0,0.0021178481256356,0.0,0.06578101256960313,0.0,0.012333510365957976,0.0,0.09911528974771494,0.0,0.16682460221151507,0.0,0.0010918663814663335,2.0,,,,,,,,,,,0.0,,,,,,,,,,,,,,,,,,,,,,,,,,,,,,,,,,,,,,,,,,,,,,,,,,,,,,,,,,,,,,,,,,,,,,,,,,,,,,,,,,,,,,,,,,,,,,,,,,,,,,,,,,,,,,,,,,,,,,,,,,0.009651275351643512,0.0,0.0,,,,,,,,,,,,,,0.0010928587228255316,1.0,0.0,,,,,,,,,,,,0.0,,0.0,,0.0,,,,,,,,,,,,,,,,,,,,,,,,,,,,,,,,,,,,,,,,1,1,17,0
10,region_10,2022-11-12,,,,,,,,,,,,,,,0.0,0.0,,,,,,,,,,,,,,,,,,,,,,,,,0.0,0.0,,,,,,,,,,,,,0.0,0.0,0.008212731564012518,0.0,0.0,0.0,0.004817970684203057,0.0,0.004636179959482421,0.0,,,,,0.0,0.0,0.03894401309282879,0.0,0.5479383028071859,0.0,0.01094234269112344,0.0,0.00982225099173572,0.0,0.08061678189298377,0.0,0.0219877116868029,0.0,0.11511104618725565,0.0,0.1386216924242351,0.0,0.0,0.0,,,,,,,,,,,0.0,,,,,,,,,,,,,,,,,,,,,,,,,,,,,,,,,,,,,,,,,,,,,,,,,,,,,,,,,,,,,,,,,,,,,,,,,,,,,,,,,,,,,,,,,,,,,,,,,,,,,,,,,,,,,,,,,,,,,,,,,,0.013187404640990705,0.0,0.0,,,,,,,,,,,,,,0.0,0.0,0.0,,,,,,,,,,,,0.0,,0.0,,0.0,,,,,,,,,,,,,,,,,,,,,,,,,,,,,,,,,,,,,,,,0,0,19,1
10,region_10,2022-11-19,,,,,,,,,,,,,,,0.0,0.0,,,,,,,,,,,,,,,,,,,,,,,,,0.0,0.0,,,,,,,,,,,,,0.0,0.0,0.00241681259252465,0.0,0.005337435138327105,0.0,0.004906315822154236,0.0,0.0011723932058719181,0.0,,,,,0.001961805947675241,0.0,0.0403313003480434,0.0,0.4291788538297017,0.0,0.009160353336483186,0.0,0.002960630703124764,0.0,0.05820369127799159,0.0,0.025227738798341906,0.0,0.18299062685533,0.0,0.1853654574264179,0.0,0.0011249518409991732,0.0,,,,,,,,,,,0.0,,,,,,,,,,,,,,,,,,,,,,,,,,,,,,,,,,,,,,,,,,,,,,,,,,,,,,,,,,,,,,,,,,,,,,,,,,,,,,,,,,,,,,,,,,,,,,,,,,,,,,,,,,,,,,,,,,,,,,,,,,0.03405799386514854,0.0,0.0,,,,,,,,,,,,,,0.0019523530377466736,0.0,0.0,,,,,,,,,,,,0.0,,0.0,,0.0,,,,,,,,,,,,,,,,,,,,,,,,,,,,,,,,,,,,,,,,0,0,19,2
10,region_10,2022-11-26,,,,,,,,,,,,,,,0.0,0.0,,,,,,,,,,,,,,,,,,,,,,,,,0.0,0.0,,,,,,,,,,,,,0.0,0.0,0.01609818198318987,0.0,0.0,0.0,0.005520721054857648,0.0,0.0062701756134628805,0.0,,,,,0.0,0.0,0.030737738031893926,0.0,0.3754956197170984,0.0,0.01732031530922363,0.0,0.005661583084258243,0.0,0.05854460366425056,0.0,0.04037435689852347,0.0,0.2108963500885736,0.0,0.2072168524776186,0.0,0.0016013660312940066,0.0,,,,,,,,,,,0.0,,,,,,,,,,,,,,,,,,,,,,,,,,,,,,,,,,,,,,,,,,,,,,,,,,,,,,,,,,,,,,,,,,,,,,,,,,,,,,,,,,,,,,,,,,,,,,,,,,,,,,,,,,,,,,,,,,,,,,,,,,0.022861807828857748,0.0,0.0,,,,,,,,,,,,,,0.0,0.0,0.0,,,,,,,,,,,,0.0,,0.0,,0.0,,,,,,,,,,,,,,,,,,,,,,,,,,,,,,,,,,,,,,,,0,0,19,3
10,region_10,2022-12-03,,,,,,,,,,,,,,,0.0,0.0,,,,,,,,,,,,,,,,,,,,,,,,,0.0,0.0,,,,,,,,,,,,,0.0,0.0,0.01499822810292239,0.0,0.0,0.0,0.00944014452397819,0.0,0.002729747397825065,0.0,,,,,0.001105900376569425,0.0,0.019239584082051276,0.0,0.31193290054798123,0.0,0.021564151719212478,0.0,0.01365252793766554,0.0,0.05011604118504017,0.0,0.05643950030207625,0.0,0.21209972861566037,0.0,0.27344958037137984,0.0,0.0010953781583035469,0.0,,,,,,,,,,,0.0,,,,,,,,,,,,,,,,,,,,,,,,,,,,,,,,,,,,,,,,,,,,,,,,,,,,,,,,,,,,,,,,,,,,,,,,,,,,,,,,,,,,,,,,,,,,,,,,,,,,,,,,,,,,,,,,,,,,,,,,,,0.00981352934613819,0.0,0.0,,,,,,,,,,,,,,0.003510049532020521,0.0,0.0,,,,,,,,,,,,0.0,,0.0,,0.0,,,,,,,,,,,,,,,,,,,,,,,,,,,,,,,,,,,,,,,,0,0,19,4
10,region_10,2022-12-10,,,,,,,,,,,,,,,0.0,0.0,,,,,,,,,,,,,,,,,,,,,,,,,0.0,0.0,,,,,,,,,,,,,0.0,0.0,0.008439582944112348,0.0,0.0,0.0,0.006126148136038468,0.0,0.001139257568865963,0.0,,,,,0.004045265003744669,0.0,0.009156242012977553,0.0,0.275933773894059,0.0,0.027563300277841683,0.0,0.005259725681849158,0.0,0.05074919387698167,0.0,0.031683794173755095,0.0,0.2532707123379958,0.0,0.3014762229041049,0.0,0.0054041601096589805,0.0,,,,,,,,,,,0.0,,,,,,,,,,,,,,,,,,,,,,,,,,,,,,,,,,,,,,,,,,,,,,,,,,,,,,,,,,,,,,,,,,,,,,,,,,,,,,,,,,,,,,,,,,,,,,,,,,,,,,,,,,,,,,,,,,,,,,,,,,0.012191504043968042,0.0,0.0,,,,,,,,,,,,,,0.002881993698936495,0.0,0.0,,,,,,,,,,,,0.0,,0.0,,0.0,,,,,,,,,,,,,,,,,,,,,,,,,,,,,,,,,,,,,,,,0,0,19,5
10,region_10,2022-12-17,,,,,,,,,,,,,,,0.0,0.0,,,,,,,,,,,,,,,,,,,,,,,,,0.0,0.0,,,,,,,,,,,,,0.0,0.0,0.011076619331207495,0.0,0.0,0.0,0.01716282451525325,0.0,0.002381588164199517,0.0,,,,,0.0,0.0,0.006934939366247872,0.0,0.21801697380012933,0.0,0.015696817839687474,0.0,0.005722212010166672,0.0,0.04798232908878056,0.0,0.03546663772846966,0.0,0.2073553386661741,0.0,0.3955841329362657,0.0,0.008310182206332634,0.0,,,,,,,,,,,0.0,,,,,,,,,,,,,,,,,,,,,,,,,,,,,,,,,,,,,,,,,,,,,,,,,,,,,,,,,,,,,,,,,,,,,,,,,,,,,,,,,,,,,,,,,,,,,,,,,,,,,,,,,,,,,,,,,,,,,,,,,,0.008177704216601904,0.0,0.0,,,,,,,,,,,,,,0.01740978140797875,0.0,0.0,,,,,,,,,,,,0.0,,0.0,,0.0,,,,,,,,,,,,,,,,,,,,,,,,,,,,,,,,,,,,,,,,0,0,19,6
10,region_10,2022-12-24,,,,,,,,,,,,,,,0.0,0.0,,,,,,,,,,,,,,,,,,,,,,,,,0.0,0.0,,,,,,,,,,,,,0.0,0.0,0.0036078069276888176,0.0,0.0,0.0,0.005843564703622224,0.0,0.002320658785345759,0.0,,,,,0.0,0.0,0.007886032683446082,0.0,0.2083580844542559,0.0,0.005148592514588506,0.0,0.0038614444133332057,0.0,0.06280208663905362,0.0,0.043670913204550695,0.0,0.16773176105583412,0.0,0.449376609395532,0.0,0.0012675332526365533,0.0,,,,,,,,,,,0.0,,,,,,,,,,,,,,,,,,,,,,,,,,,,,,,,,,,,,,,,,,,,,,,,,,,,,,,,,,,,,,,,,,,,,,,,,,,,,,,,,,,,,,,,,,,,,,,,,,,,,,,,,,,,,,,,,,,,,,,,,,0.014550331815638912,0.0,0.0,,,,,,,,,,,,,,0.018618959823951942,0.0,0.0,,,,,,,,,,,,0.0,,0.0,,0.0,,,,,,,,,,,,,,,,,,,,,,,,,,,,,,,,,,,,,,,,0,0,19,7
10,region_10,2022-12-31,,,,,,,,,,,,,,,0.0,0.0,,,,,,,,,,,,,,,,,,,,,,,,,0.0,0.0,,,,,,,,,,,,,0.0,0.0,0.010332125995773775,0.0,0.0,0.0,0.007976970198797007,0.0,0.004566861374769313,0.0,,,,,0.0,0.0,0.0049704892735462185,0.0,0.15850214287638661,0.0,0.006160188466310462,0.0,0.009392492938786693,0.0,0.044363712271054526,0.0,0.0272263567894697,0.0,0.24783853814005846,0.0,0.3956313153107961,0.0,0.009254893225928087,0.0,,,,,,,,,,,0.0,,,,,,,,,,,,,,,,,,,,,,,,,,,,,,,,,,,,,,,,,,,,,,,,,,,,,,,,,,,,,,,,,,,,,,,,,,,,,,,,,,,,,,,,,,,,,,,,,,,,,,,,,,,,,,,,,,,,,,,,,,0.030598676996305536,0.0,0.0,,,,,,,,,,,,,,0.03976151347160335,0.0,0.0,,,,,,,,,,,,0.0,,0.0,,0.0,,,,,,,,,,,,,,,,,,,,,,,,,,,,,,,,,,,,,,,,0,0,19,8
10,region_10,2023-01-07,,,,,,,,,,,,,,,0.0,0.0,,,,,,,,,,,,,,,,,,,,,,,,,0.0,0.0,,,,,,,,,,,,,0.0,0.0,0.00637092972174282,0.0,0.0,0.0,0.008709182900687012,0.0,0.0012741859381397132,0.0,,,,,0.0,0.0,0.0,0.0,0.11819266229867932,0.0,0.018423040087024327,0.0,0.0045658082778875664,0.0,0.0452079410354296,0.0,0.031308030878955624,0.0,0.24771357859883986,0.0,0.4316615377153669,0.0,0.009516829904168807,0.0,,,,,,,,,,,0.001233957445947425,2.0,,,,,,,,,,,,,,,,,,,,,,,,,,,,,,,,,,,,,,,,,,,,,,,,,,,,,,,,,,,,,,,,,,,,,,,,,,,,,,,,,,,,,,,,,,,,,,,,,,,,,,,,,,,,,,,,,,,,,,,,,0.015559494060774594,0.0,0.0,,,,,,,,,,,,,,0.0557668564220269,0.0,0.0,,,,,,,,,,,,0.0,,0.0,,0.0,,,,,,,,,,,,,,,,,,,,,,,,,,,,,,,,,,,,,,,,0,1,19,9
10,region_10,2023-01-14,,,,,,,,,,,,,,,0.0,0.0,,,,,,,,,,,,,,,,,,,,,,,,,0.0,0.0,,,,,,,,,,,,,0.0,0.0,0.019494902652998726,0.0,0.0,0.0,0.010839195705817156,0.0,0.0013162275676482,0.0,,,,,0.0,0.0,0.0013162275676482,0.0,0.12138822994061875,0.0,0.0038316478686672715,0.0,0.0,0.0,0.037535067647695486,0.0,0.02897603483870621,0.0,0.19693855196237559,0.0,0.41294371443135397,0.0,0.01052982054118595,0.0,,,,,,,,,,,0.0054049419704824,0.0,,,,,,,,,,,,,,,,,,,,,,,,,,,,,,,,,,,,,,,,,,,,,,,,,,,,,,,,,,,,,,,,,,,,,,,,,,,,,,,,,,,,,,,,,,,,,,,,,,,,,,,,,,,,,,,,,,,,,,,,,0.031402620886053306,0.0,0.0,,,,,,,,,,,,,,0.11055022105574601,0.0,0.0010639493896935834,2.0,,,,,,,,,,,0.0,,0.0,,0.0,,,,,,,,,,,,,,,,,,,,,,,,,,,,,,,,,,,,,,,,0,1,20,10
10,region_10,2023-01-21,,,,,,,,,,,,,,,0.0,0.0,,,,,,,,,,,,,,,,,,,,,,,,,0.0,0.0,,,,,,,,,,,,,0.0,0.0,0.003181394923908146,0.0,0.0,0.0,0.0,0.0,0.0030244226889827464,0.0,,,,,0.0,0.0,0.0031813949239081463,0.0,0.10676076435125788,0.0,0.0,0.0,0.0,0.0,0.012916785163374992,0.0,0.015476452903105623,0.0,0.1979897205646221,0.0,0.4501212743612436,0.0,0.009142554257638139,0.0,,,,,,,,,,,0.00303686741972335,0.0,,,,,,,,,,,,,,,,,,,,,,,,,,,,,,,,,,,,,,,,,,,,,,,,,,,,,,,,,,,,,,,,,,,,,,,,,,,,,,,,,,,,,,,,,,,,,,,,,,,,,,,,,,,,,,,,,,,,,,,,,0.028211416676640462,0.0,0.0,,,,,,,,,,,,,,0.1626322356363137,0.0,0.0025015355010205996,0.0,,,,,,,,,,,0.0,,0.0,,0.0,,,,,,,,,,,,,,,,,,,,,,,,,,,,,,,,,,,,,,,,0,0,21,11
10,region_10,2023-01-28,,,,,,,,,,,,,,,0.0,0.0,,,,,,,,,,,,,,,,,,,,,,,,,0.0,0.0,,,,,,,,,,,,,0.0,0.0,0.004695170714209441,0.0,0.0,0.0,0.01034871349111195,0.0,0.0,0.0,,,,,0.0,0.0,0.0059094135649501835,0.0,0.05756393509606516,0.0,0.00888405274599785,0.0,0.005611077416688159,0.0,0.001565056901502675,0.0,0.029624693095684024,0.0,0.1842417481044928,0.0,0.3993978127837181,0.0,0.004695170714209441,0.0,,,,,,,,,,,0.0028363800956867,0.0,,,,,,,,,,,,,,,,,,,,,,,,,,,,,,,,,,,,,,,,,,,,,,,,,,,,,,,,,,,,,,,,,,,,,,,,,,,,,,,,,,,,,,,,,,,,,,,,,,,,,,,,,,,,,,,,,,,,,,,,,0.028561029893656525,0.0,0.0,,,,,,,,,,,,,,0.25344126919905346,0.0,0.0014495847022367335,0.0,,,,,,,,,,,0.0027557526981191573,2.0,0.0,,0.0,,,,,,,,,,,,,,,,,,,,,,,,,,,,,,,,,,,,,,,,0,1,21,12
10,region_10,2023-02-04,,,,,,,,,,,,,,,0.0,0.0,,,,,,,,,,,,,,,,,,,,,,,,,0.0,0.0,,,,,,,,,,,,,0.0,0.0,0.005872304466637654,0.0,0.0,0.0,0.001275342063639609,0.0,0.0,0.0,,,,,0.0,0.0,0.006406357850540709,0.0,0.02934205345809455,0.0,0.0,0.0,0.0,0.0,0.0,0.0,0.008783767550167654,0.0,0.1681977049870924,0.0,0.3829262039878152,0.0,0.0077011596242134725,0.0,,,,,,,,,,,0.01128773414529855,0.0,,,,,,,,,,,,,,,,,,,,,,,,,,,,,,,,,,,,,,,,,,,,,,,,,,,,,,,,,,,,,,,,,,,,,,,,,,,,,,,,,,,,,,,,,,,,,,,,,,,,,,,,,,,,,,,,,,,,,,,,,0.03154936060309407,0.0,0.0,,,,,,,,,,,,,,0.34214882146228437,0.0,0.002211071484323014,0.0,,,,,,,,,,,0.0,0.0,0.0,,0.0,,,,,,,,,,,,,,,,,,,,,,,,,,,,,,,,,,,,,,,,0,0,22,13
10,region_10,2023-02-11,,,,,,,,,,,,,,,0.0,0.0,,,,,,,,,,,,,,,,,,,,,,,,,0.0,0.0,,,,,,,,,,,,,0.0,0.0,0.00187448954675342,0.0,0.0,0.0,0.00187448954675342,0.0,0.0,0.0,,,,,0.0,0.0,0.0,0.0,0.03399757333099836,0.0,0.0,0.0,0.0,0.0,0.0031786938197910395,0.0,0.0069276730529963405,0.0,0.11807909980416294,0.0,0.29735782742500305,0.0,0.02174545656889673,0.0,,,,,,,,,,,0.007914083776995474,0.0,,,,,,,,,,,,,,,,,,,,,,,,,,,,,,,,,,,,,,,,,,,,,,,,,,,,,,,,,,,,,,,,,,,,,,,,,,,,,,,,,,,,,,,,,,,,,,,,,,,,,,,,,,,,,,,,,,,,,,,,,0.02528874846175308,0.0,0.0,,,,,,,,,,,,,,0.46986763179302216,0.0,0.0016171105865699167,0.0,,,,,,,,,,,0.0,0.0,0.001668459997745175,2.0,0.0,,,,,,,,,,,,,,,,,,,,,,,,,,,,,,,,,,,,,,,,0,1,22,14
10,region_10,2023-02-18,,,,,,,,,,,,,,,0.0,0.0,,,,,,,,,,,,,,,,,,,,,,,,,0.0,0.0,,,,,,,,,,,,,0.0,0.0,0.0052716583013534,0.0,0.0,0.0,0.005146074729661099,0.0,0.0,0.0,,,,,0.0,0.0,0.0,0.0,0.0237283288604683,0.0,0.0,0.0,0.0,0.0,0.0,0.0,0.005239094193610822,0.0,0.09804181102663276,0.0,0.2198738273647096,0.0,0.010640682549112332,0.0,,,,,,,,,,,0.014429529197514026,0.0,,,,,,,,,,,,,,,,,,,,,,,,,,,,,,,,,,,,,,,,,,,,,,,,,,,,,,,,,,,,,,,,,,,,,,,,,,,,,,,,,,,,,,,,,,,,,,,,,,,,,,,,,,,,,,,,,,,,,,,,,0.03555140540831613,0.0,0.0,,,,,,,,,,,,,,0.5781607230504354,0.0,0.0,0.0,,,,,,,,,,,0.0,0.0,0.0018036911496892,0.0,0.0,,,,,,,,,,,,,,,,,,,,,,,,,,,,,,,,,,,,,,,,0,0,23,15
10,region_10,2023-02-25,,,,,,,,,,,,,,,0.0,0.0,,,,,,,,,,,,,,,,,,,,,,,,,0.0,0.0,,,,,,,,,,,,,0.0,0.0,0.0,0.0,0.0,0.0,0.001929045771248575,0.0,0.0073878768598660246,0.0,,,,,0.0,0.0,0.0,0.0,0.0229491181671619,0.0,0.0,0.0,0.0,0.0,0.0,0.0,0.009481075569055926,0.0,0.05313264392316335,0.0,0.1439701691269874,0.0,0.019953470677137326,0.0,,,,,,,,,,,0.019671927671879474,0.0,,,,,,,,,,,,,,,,,,,,,,,,,,,,,,,,,,,,,,,,,,,,,,,,,,,,,,,,,,,,,,,,,,,,,,,,,,,,,,,,,,,,,,,,,,,,,,,,,,,,,,,,,,,,,,,,,,,,,,,,,0.046988009242340874,0.0,0.0,,,,,,,,,,,,,,0.6770752668380737,0.0,0.0027562118484638124,0.0,,,,,,,,,,,0.006952253968587886,0.0,0.00179498989018605,0.0,0.0,,,,,,,,,,,,,,,,,,,,,,,,,,,,,,,,,,,,,,,,0,0,23,16
10,region_10,2023-03-04,,,,,,,,,,,,,,,0.0,0.0,,,,,,,,,,,,,,,,,,,,,,,,,0.0,0.0,,,,,,,,,,,,,0.0,0.0,0.0,0.0,0.0,0.0,0.0032738465150551573,0.0,0.0,0.0,,,,,0.0,0.0,0.0,0.0,0.006189449158097972,0.0,0.0,0.0,0.0,0.0,0.0014578013215213715,0.0,0.0032653762027620857,0.0,0.022810481222612457,0.0,0.13739291259220662,0.0,0.03190275946898114,0.0,,,,,,,,,,,0.0268877791240811,0.0,,,,,,,,,,,,,,,,,,,,,,,,,,,,,,,,,,,,,,,,,,,,,,,,,,,,,,,,,,,,,,,,,,,,,,,,,,,,,,,,,,,,,,,,,,,,,,,,,,,,,,,,,,,,,,,,,,,,,,,,,0.0462200604379177,0.0,0.005041458643972825,1.0,,,,,,,,,,,,,0.730312168598175,0.0,0.00444830942433325,0.0,,,,,,,,,,,0.010845449220921273,0.0,0.005041458643972825,0.0,0.0016657869564369,2.0,,,,,,,,,,,,,,,,,,,,,,,,,,,,,,,,,,,,,,,1,1,23,0
10,region_10,2023-03-11,,,,,,,,,,,,,,,0.0,0.0,,,,,,,,,,,,,,,,,,,,,,,,,0.0,0.0,,,,,,,,,,,,,0.0,0.0,0.0,0.0,0.0,0.0,0.005042742627362367,0.0,0.0,0.0,,,,,0.0,0.0,0.0,0.0,0.023463440438111566,0.0,0.0,0.0,0.0,0.0,0.005381791930024767,0.0,0.006334152965185483,0.0,0.018500668928027115,0.0,0.1058497366805871,0.0,0.015052573444942602,0.0,,,,,,,,,,,0.010049387579783724,0.0,,,,,,,,,,,,,,,,,,,,,,,,,,,,,,,,,,,,,,,,,,,,,,,,,,,,,,,,,,,,,,,,,,,,,,,,,,,,,,,,,,,,,,,,,,,,,,,,,,,,,,,,,,,,,,,,,,,,,,,,,0.00781881397900475,0.0,0.002009877527598225,0.0,,,,,,,,,,,,,0.7922005852063497,0.0,0.0029365584875146334,0.0,,,,,,,,,,,0.0020740579736108,0.0,0.010049387579783724,0.0,0.0,0.0,,,,,,,,,,,,,,,,,,,,,,,,,,,,,,,,,,,,,,,0,0,25,1
10,region_10,2023-03-18,,,,,,,,,,,,,,,0.0,0.0,,,,,,,,,,,,,,,,,,,,,,,,,0.0,0.0,,,,,,,,,,,,,0.0,0.0,0.0043148322962224,0.0,0.0,0.0,0.0,0.0,0.0,0.0,,,,,0.0,0.0,0.0,0.0,0.006320288684219059,0.0,0.0,0.0,0.0,0.0,0.0,0.0,0.0125238666310906,0.0,0.03217076621949668,0.0,0.05386126115918154,0.0,0.0386135838925838,0.0,,,,,,,,,,,0.014204942854121275,0.0,,,,,,,,,,,,,,,,,,,,,,,,,,,,,,,,,,,,,,,,,,,,,,,,,,,,,,,,,,,,,,,,,,,,,,,,,,,,,,,,,,,,,,,,,,,,,,,,,,,,,,,,,,,,,,,,,,,,,,,,,0.02604106366634364,0.0,0.002983769576530875,0.0,,,,,,,,,,,,,0.7701594114303589,0.0,0.006261933315545259,0.0,,,,,,,,,,,0.013653408922255,0.0,0.023870156612247173,0.0,0.0,0.0,,,,,,,,,,,,,,,,,,,,,,,,,,,,,,,,,,,,,,,0,0,25,2
10,region_10,2023-03-25,,,,,,,,,,,,,,,0.0,0.0,,,,,,,,,,,,,,,,,,,,,,,,,0.0,0.0,,,,,,,,,,,,,0.0,0.0,0.0,0.0,0.0,0.0,0.0,0.0,0.0,0.0,,,,,0.0,0.0,0.0,0.0,0.003343842341564525,0.0,0.0,0.0,0.0,0.0,0.0,0.0,0.005015763454139175,0.0,0.020928876940160948,0.0,0.0463074585422873,0.0,0.03312820848077533,0.0,,,,,,,,,,,0.0414864225313067,0.0,,,,,,,,,,,,,,,,,,,,,,,,,,,,,,,,,,,,,,,,,,,,,,,,,,,,,,,,,,,,,,,,,,,,,,,,,,,,,,,,,,,,,,,,,,,,,,,,,,,,,,,,,,,,,,,,,,,,,,,,,0.019769141217693624,0.0,0.0150472905952483,0.0,,,,,,,,,,,,,0.7683611810207367,0.0,0.021734975278377474,0.0,,,,,,,,,,,0.011207565898075651,0.0,0.010031526908278425,0.0,0.0078633353114128,0.0,,,,,,,,,,,,,,,,,,,,,,,,,,,,,,,,,,,,,,,0,0,25,3
10,region_10,2023-04-01,,,,,,,,,,,,,,,0.0,0.0,,,,,,,,,,,,,,,,,,,,,,,,,0.0,0.0,,,,,,,,,,,,,0.0,0.0,0.0,0.0,0.0,0.0,0.0,0.0,0.0,0.0,,,,,0.0,0.0,0.0,0.0,0.0,0.0,0.0,0.0,0.0,0.0,0.0,0.0,0.0,0.0,0.0017470148547241333,0.0,0.01921716394523777,0.0,0.040043424814939464,0.0,,,,,,,,,,,0.024827305848399765,0.0,,,,,,,,,,,,,,,,,,,,,,,,,,,,,,,,,,,,,,,,,,,,,,,,,,,,,,,,,,,,,,,,,,,,,,,,,,,,,,,,,,,,,,,,,,,,,,,,,,,,,,,,,,,,,,,,,,,,,,,,,0.0430324797828992,0.0,0.031922241051991734,0.0,,,,,,,,,,,,,0.7742015322049459,0.0,0.008735074351231234,0.0,,,,,,,,,,,0.04127080986897147,0.0,0.012229103905459166,0.0,0.0083215711638331,0.0,,,,,,,,,,,,,,,,,,,,,,,,,,,,,,,,,,,,,,,0,0,25,4
10,region_10,2023-04-08,,,,,,,,,,,,,,,0.0,0.0,,,,,,,,,,,,,,,,,,,,,,,,,0.0,0.0,,,,,,,,,,,,,0.0,0.0,0.0,0.0,0.0,0.0,0.0,0.0,0.0,0.0,,,,,0.0,0.0,0.0,0.0,0.0,0.0,0.0,0.0,0.0,0.0,0.0,0.0,0.0,0.0,0.0,0.0,0.00631602015346285,0.0,0.0209930352866649,0.0,,,,,,,,,,,0.0,0.0,,,,,,,,,,,,,,,,,,,,,,,,,,,,,,,,,,,,,,,,,,,,,,,,,,,,,,,,,,,,,,,,,,,,,,,,,,,,,,,,,,,,,,,,,,,,,,,,,,,,,,,,,,,,,,,,,,,,,,,,,0.0383691750466823,0.0,0.018915116786956752,0.0,,,,,,,,,,,,,0.788663387298584,0.0,0.0,0.0,,,,,,,,,,,0.06443940848112105,0.0,0.025912795215845053,0.0,0.0064158136956393,0.0,,,,,,,,,,,,,,,,,,,,,,,,,,,,,,,,,,,,,,,0,0,25,5
10,region_10,2023-04-15,,,,,,,,,,,,,,,0.0,0.0,,,,,,,,,,,,,,,,,,,,,,,,,0.0,0.0,,,,,,,,,,,,,0.0,0.0,0.002059221191501029,0.0,0.002059221191501029,0.0,0.0,0.0,0.0,0.0,0.0,,,,0.0,0.0,0.0,0.0,0.0,0.0,0.0,0.0,0.0,0.0,0.0,0.0,0.009370108795436906,0.0,0.0022061514900996813,0.0,0.009602061498232806,0.0,0.009652746553448072,0.0,0.0023464107914466185,1.0,0.0,,0.0,,0.002567263714109425,2.0,0.0,,0.028505999300824928,0.0,0.0,,0.0,,0.0,,0.0,,0.0,,0.0,,0.0,,0.0,,0.0,,0.0,,0.0,,0.0,,0.0,,0.0,,0.0,,0.0,,0.0,,0.0,,0.0,,0.0,,0.0,,0.0,,0.0,,0.0,,0.0,,0.0,,0.0,,0.0,,0.0,,0.0,,0.0,,0.0,,0.0,,0.0,,0.0,,0.0,,0.0,,0.0,,0.0,,0.0,,0.0,,0.0,,0.0,,0.0,,0.0,,0.0,,0.0,,0.0,,0.0,,0.0,,0.0,,,,,,,,0.0,,,,,,,,,,,,0.016426815617490848,0.0,0.025127749720757618,0.0,0.01719681703037128,2.0,0.0,,0.0,,0.0,,0.0,,0.0,,0.7504997145045887,0.0,0.01286937394602727,0.0,0.0,,0.0014331338151047266,2.0,0.004962910020437327,2.0,0.0,,0.0,,0.04310522169659007,0.0,0.03077508369460697,0.0,0.008903343823145688,0.0,0.0,,0.0,,0.0,,0.0,,0.0,,0.0,,0.0,,0.0,,0.0,,,,,,,,,,,,,,,,,,,,,,1,4,25,0
10,region_10,2023-04-22,,,,,,,,,,,,,,,0.0,0.0,,,,,,,,,,,,,,,,,,,,,,,,,0.0,0.0,,,,,,,,,,,,,0.0,0.0,0.0010296105957505145,0.0,0.0021137081792182498,0.0,0.0,0.0,0.0,0.0,0.0,,,,0.0,0.0,0.0,0.0,0.0008144152991007726,0.0,0.0,0.0,0.0,0.0,0.0,0.0,0.004685054397718453,0.0,0.0011030757450498406,0.0,0.008956546287024057,0.0,0.012877159745993695,0.0,0.003087550658276447,0.0,0.0,,0.0009771137216981905,2.0,0.0012836318570547125,0.0,0.0,,0.029740687692083996,0.0,0.0,,0.0,,0.0,,0.0,,0.0,,0.0,,0.0,,0.0,,0.0,,0.0,,0.0,,0.0,,0.0,,0.0,,0.0,,0.0,,0.0,,0.0,,0.0,,0.0,,0.0,,0.0,,0.0,,0.0,,0.0,,0.0,,0.0,,0.0,,0.0,,0.0,,0.0,,0.0,,0.0,,0.0,,0.0,,0.0,,0.0,,0.0,,0.0,,0.0,,0.0,,0.0,,0.0,,0.0,,0.0,,0.0,,0.0,,0.0,,0.0,,0.0,,0.0,,,,,,,,0.0,,,,,,,,,,,,0.018515814880774577,0.0,0.047694015369973156,0.0,0.019999251554340628,0.0,0.0013936087586140624,2.0,0.0,,0.0,,0.0,,0.0,,0.692386126728973,0.0,0.0222451235766613,0.0,0.0021607771269836285,2.0,0.011794990611573016,0.0,0.005584764352533916,0.0,0.0,,0.0,,0.05384303710367126,0.0,0.023077862587308942,0.0,0.028627288677065665,0.0,0.0,,0.0,,0.0,,0.0,,0.0,,0.0,,0.0,,0.0,,0.0,,,,,,,,,,,,,,,,,,,,,,0,3,30,1
10,region_10,2023-04-29,,,,,,,,,,,,,,,0.0,0.0,,,,,,,,,,,,,,,,,,,,,,,,,0.0,0.0,,,,,,,,,,,,,0.0,0.0,0.0,0.0,0.0021681951669354706,0.0,0.0,0.0,0.0,0.0,0.0,,,,0.0,0.0,0.0,0.0,0.001628830598201545,0.0,0.0,0.0,0.0,0.0,0.0,0.0,0.0,0.0,0.0,0.0,0.008311031075815307,0.0,0.016101572938539317,0.0,0.0038286905251062758,0.0,0.0,,0.001954227443396381,0.0,0.0,0.0,0.0,,0.030975376083343064,0.0,0.0,,0.0,,0.0,,0.0,,0.0,,0.0,,0.0,,0.0,,0.0,,0.0,,0.0,,0.0,,0.0,,0.0,,0.0,,0.0,,0.0,,0.0,,0.0,,0.0,,0.0,,0.0,,0.0,,0.0,,0.0,,0.0,,0.0,,0.0,,0.0,,0.0,,0.0,,0.0,,0.0,,0.0,,0.0,,0.0,,0.0,,0.0,,0.0,,0.0,,0.0,,0.0,,0.0,,0.0,,0.0,,0.0,,0.0,,0.0,,0.0,,0.0,,0.0,,,,,,,,0.0,,,,,,,,,,,,0.02060481414405831,0.0,0.0702602810191887,0.0,0.022801686078309975,0.0,0.0027872175172281247,0.0,0.0,,0.0,,0.0,,0.0,,0.6342725389533572,0.0,0.031620873207295334,0.0,0.004321554253967257,0.0,0.022156847408041306,0.0,0.006206618684630506,0.0,0.0,,0.0,,0.06458085251075246,0.0,0.015380641480010917,0.0,0.04835123353098564,0.0,0.0,,0.0,,0.0,,0.0,,0.0,,0.0,,0.0,,0.0,,0.0,,,,,,,,,,,,,,,,,,,,,,0,0,33,2
10,region_10,2023-05-06,,,,,,,,,,,,,,,0.0,0.0,,,,,,,,,,,,,,,,,,,,,,,,,0.0,0.0,,,,,,,,,,,,,0.0,0.0,0.0,0.0,0.0010840975834677353,0.0,0.003015732845150893,0.0,0.0,0.0,0.0,,,,0.0,0.0,0.0,0.0,0.006564471927660304,0.0,0.0,0.0,0.0,0.0,0.0,0.0,0.0012736814052639453,0.0,0.0036450283874247744,0.0,0.011108425492713611,0.0,0.013554433968723828,0.0,0.008768505736801201,0.0,0.0,,0.0009771137216981905,0.0,0.0,0.0,0.0,,0.015487688041671532,0.0,0.0,,0.0,,0.0,,0.0,,0.0,,0.0,,0.0,,0.0,,0.0,,0.0,,0.0,,0.0,,0.0,,0.0,,0.0,,0.0,,0.0,,0.0,,0.0,,0.0,,0.0,,0.0,,0.0,,0.0,,0.0,,0.0,,0.0,,0.0,,0.0,,0.0,,0.0,,0.0,,0.0,,0.0,,0.0,,0.0,,0.0,,0.0,,0.0,,0.0,,0.0,,0.0,,0.0,,0.0,,0.0,,0.0,,0.0,,0.0,,0.0,,0.0,,0.0,,,,,,,,0.0,,,,,,,,,,,,0.030929161305908837,0.0,0.10076223922842412,0.0,0.02387845243836907,0.0,0.0013936087586140624,0.0,0.0,,0.0,,0.0,,0.004285025123031191,2.0,0.5757761083746356,0.0,0.02636233696051505,0.0,0.004171650552735528,0.0,0.022438192383405962,0.0,0.0043102788295632175,0.0,0.002959195247967702,2.0,0.001722439287696007,2.0,0.07839138030610157,0.0,0.0160644816336886,0.0,0.05020420766321186,0.0,0.0,,0.0,,0.0,,0.0,,0.0,,0.0,,0.0,,0.0,,0.0,,,,,,,,,,,,,,,,,,,,,,0,3,33,3
10,region_10,2023-05-13,,,,,,,,,,,,,,,0.0,0.0,,,,,,,,,,,,,,,,,,,,,,,,,0.0,0.0,,,,,,,,,,,,,0.0,0.0,0.0,0.0,0.0,0.0,0.006031465690301786,0.0,0.0,0.0,0.0,,,,0.0,0.0,0.0,0.0,0.011500113257119063,0.0,0.0,0.0,0.0,0.0,0.0,0.0,0.0025473628105278905,0.0,0.007290056774849549,0.0,0.013905819909611913,0.0,0.011007294998908337,0.0,0.013708320948496127,0.0,0.0,,0.0,0.0,0.0,0.0,0.0,,0.0,0.0,0.0,,0.0,,0.0,,0.0,,0.0,,0.0,,0.0,,0.0,,0.0,,0.0,,0.0,,0.0,,0.0,,0.0,,0.0,,0.0,,0.0,,0.0,,0.0,,0.0,,0.0,,0.0,,0.0,,0.0,,0.0,,0.0,,0.0,,0.0,,0.0,,0.0,,0.0,,0.0,,0.0,,0.0,,0.0,,0.0,,0.0,,0.0,,0.0,,0.0,,0.0,,0.0,,0.0,,0.0,,0.0,,0.0,,0.0,,0.0,,0.0,,0.0,,0.0,,,,,,,,0.0,,,,,,,,,,,,0.04125350846775937,0.0,0.13126419743765952,0.0,0.024955218798428165,0.0,0.0,0.0,0.0,,0.0,,0.0,,0.008570050246062381,0.0,0.517279677795914,0.0,0.02110380071373476,0.0,0.0040217468515038,0.0,0.022719537358770615,0.0,0.00241393897449593,0.0,0.005918390495935404,0.0,0.003444878575392014,0.0,0.0922019081014507,0.0,0.01674832178736628,0.0,0.052057181795438084,0.0,0.0,,0.0,,0.0,,0.0,,0.0,,0.0,,0.0,,0.0,,0.0,,,,,,,,,,,,,,,,,,,,,,0,0,36,4
10,region_10,2023-05-20,,,,,,,,,,,,,,,0.0,0.0,,,,,,,,,,,,,,,,,,,,,,,,,0.0,0.0,,,,,,,,,,,,,0.0,0.0,0.0,0.0,0.0,0.0,0.003015732845150893,0.0,0.0,0.0,0.0,,,,0.0,0.0,0.0,0.0,0.012859860465710415,0.0,0.0,0.0,0.0,0.0,0.0,0.0,0.0012736814052639453,0.0,0.008715047985459046,0.0,0.016629484003607045,0.0,0.011949682442494317,0.0,0.012498997841212924,0.0,0.0,,0.0,0.0,0.009067508298903685,0.0,0.0,,0.0,0.0,0.0,,0.0,,0.0,,0.0,,0.0,,0.0,,0.0,,0.0,,0.0,,0.0,,0.0,,0.0,,0.0,,0.0,,0.0,,0.0,,0.0,,0.0,,0.0,,0.0,,0.0,,0.0,,0.0,,0.0,,0.0,,0.0,,0.0,,0.0,,0.0,,0.0,,0.0,,0.0,,0.0,,0.0,,0.0,,0.0,,0.0,,0.0,,0.0,,0.0,,0.0,,0.0,,0.0,,0.0,,0.0,,0.0,,0.0,,0.0,,0.0,,0.0,,0.0,,,,,,,,0.0,,,,,,,,,,,,0.07131806439498348,0.0,0.1315130523962205,0.0,0.027764544471677928,0.0,0.0,0.0,0.0,,0.0,,0.004525855069561856,2.0,0.010576466633442819,0.0,0.4787488515332722,0.0,0.018784033685567077,0.0,0.0020108734257519,0.0,0.015699800360346735,0.0,0.001206969487247965,0.0,0.002959195247967702,0.0,0.001722439287696007,0.0,0.10120477752168004,0.0,0.023448562665189555,0.0,0.05546316448360295,0.0,0.0,,0.0,,0.0,,0.0,,0.0,,0.0,,0.0,,0.0,,0.0,,,,,,,,,,,,,,,,,,,,,,0,1,36,5
10,region_10,2023-05-27,,,,,,,,,,,,,,,0.0,0.0,,,,,,,,,,,,,,,,,,,,,,,,,0.0,0.0,,,,,,,,,,,,,0.0,0.0,0.0,0.0,0.0,0.0,0.0,0.0,0.0,0.0,0.0,,,,0.0,0.0,0.0,0.0,0.014219607674301768,0.0,0.0,0.0,0.0,0.0,0.0,0.0,0.0,0.0,0.010140039196068543,0.0,0.019353148097602173,0.0,0.012892069886080297,0.0,0.011289674733929722,0.0,0.0,,0.0,0.0,0.01813501659780737,0.0,0.0,,0.0,0.0,0.0,,0.0,,0.0,,0.0,,0.0,,0.0,,0.0,,0.0,,0.0,,0.0,,0.0,,0.0,,0.0,,0.0,,0.0,,0.0,,0.0,,0.0,,0.0,,0.0,,0.0,,0.0,,0.0,,0.0,,0.0,,0.0,,0.0,,0.0,,0.0,,0.0,,0.0,,0.0,,0.0,,0.0,,0.0,,0.0,,0.0,,0.0,,0.0,,0.0,,0.0,,0.0,,0.0,,0.0,,0.0,,0.0,,0.0,,0.0,,0.0,,0.0,,0.0,,,,,,,,0.0,,,,,,,,,,,,0.10138262032220757,0.0,0.13176190735478147,0.0,0.030573870144927687,0.0,0.0,0.0,0.0,,0.0,,0.009051710139123712,0.0,0.012582883020823254,0.0,0.4402180252706303,0.0,0.016464266657399394,0.0,0.0,0.0,0.008680063361922853,0.0,0.0,0.0,0.0,0.0,0.0,0.0,0.11020764694190939,0.0,0.030148803543012827,0.0,0.05886914717176782,0.0,0.0,,0.0,,0.0,,0.0,,0.0,,0.0,,0.0,,0.0,,0.0,,,,,,,,,,,,,,,,,,,,,,0,0,37,6
10,region_10,2023-06-03,,,,,,,,,,,,,,,0.0,0.0,,,,,,,,,,,,,,,,,,,,,,,,,0.0,0.0,,,,,,,,,,,,,0.0,0.0,0.0,0.0,0.0,0.0,0.0,0.0,0.0,0.0,0.0,,,,0.0,0.0,0.0,0.0,0.010251812476557274,0.0,0.0,0.0,0.0,0.0,0.0,0.0,0.0,0.0,0.005070019598034272,0.0,0.015214447036728234,0.0,0.018318104760076514,0.0,0.028936022280843188,0.0,0.0,,0.005323036190626807,0.0,0.010223770280824744,0.0,0.004872712985767645,2.0,0.0,0.0,0.0,,0.0,,0.0,,0.0,,0.0,,0.006412966932273548,2.0,0.0,,0.0,,0.0,,0.0,,0.0,,0.0,,0.0,,0.0,,0.0,,0.0,,0.0,,0.0,,0.0,,0.0,,0.0,,0.0,,0.0,,0.0,,0.0,,0.0,,0.0,,0.0,,0.0,,0.0,,0.0,,0.0,,0.0,,0.0,,0.0,,0.0,,0.0,,0.0,,0.0,,0.0,,0.0,,0.0,,0.0,,0.0,,0.0,,0.0,,0.0,,0.0,,0.0,,0.0,,0.0,,,,,,,,0.0,,,,,,,,,,,,0.06708010549967483,0.0,0.13408438504526488,0.0,0.03825885917465332,0.0,0.0,0.0,0.0,,0.0,,0.004525855069561856,0.0,0.006291441510411627,0.0,0.43755559510815784,0.0,0.008232133328699697,0.0,0.00947261828125689,0.0,0.005076118152705919,0.0,0.0,0.0,0.0006609527590626135,0.0,0.0,0.0,0.09768170421608743,0.0,0.03111242399470901,0.0,0.08067755484714718,0.0,0.0,,0.0,,0.0,,0.0,,0.0,,0.0,,0.0,,0.0,,0.0,,,,,,,,,,,,,,,,,,,,,,0,2,37,7
10,region_10,2023-06-10,,,,,,,,,,,,,,,0.0,0.0,,,,,,,,,,,,,,,,,,,,,,,,,0.0,0.0,,,,,,,,,,,,,0.0,0.0,0.0,0.0,0.0,0.0,0.0,0.0,0.0,0.0,0.0,,,,0.0,0.0,0.0,0.0,0.0062840172788127795,0.0,0.0,0.0,0.0,0.0,0.0,0.0,0.0,0.0,0.0,0.0,0.011075745975854296,0.0,0.023744139634072733,0.0,0.04658236982775665,0.0,0.0,,0.010646072381253613,0.0,0.0023125239638421163,0.0,0.00974542597153529,0.0,0.0,0.0,0.0,,0.0,,0.0,,0.0,,0.0,,0.012825933864547097,0.0,0.0,,0.0,,0.0,,0.0,,0.0,,0.0,,0.0,,0.0,,0.0,,0.0,,0.0,,0.0,,0.0,,0.0,,0.0,,0.0,,0.0,,0.0,,0.0,,0.0,,0.0,,0.0,,0.0,,0.0,,0.0,,0.0,,0.0,,0.0,,0.0,,0.0,,0.0,,0.0,,0.0,,0.0,,0.0,,0.0,,0.0,,0.0,,0.0,,0.0,,0.0,,0.0,,0.0,,0.0,,0.0,,,,,,,,0.0,,,,,,,,,,,,0.0327775906771421,0.0,0.13640686273574826,0.0,0.04594384820437895,0.0,0.0,0.0,0.0,,0.0,,0.0,0.0,0.0,0.0,0.43489316494568536,0.0,0.0,0.0,0.01894523656251378,0.0,0.0014721729434889854,0.0,0.0,0.0,0.001321905518125227,0.0,0.0,0.0,0.08515576149026549,0.0,0.03207604444640519,0.0,0.10248596252252655,0.0,0.0,,0.0,,0.0,,0.0,,0.0,,0.0,,0.0,,0.0,,0.0,,,,,,,,,,,,,,,,,,,,,,0,0,39,8
10,region_10,2023-06-17,,,,,,,,,,,,,,,0.0,0.0,,,,,,,,,,,,,,,,,,,,,,,,,0.0,0.0,,,,,,,,,,,,,0.0,0.0,0.0,0.0,0.006187951862812017,0.0,0.0,0.0,0.0,0.0,0.0,,,,0.0,0.0,0.0,0.0,0.0031420086394063898,0.0,0.0,0.0,0.0,0.0,0.0,0.0,0.0,0.0,0.0,0.0,0.008203707163349911,0.0,0.03032559359446163,0.0,0.03648955984278486,0.0,0.0,,0.012939221211126955,0.0,0.0011562619819210581,0.0,0.009228535066657191,0.0,0.0010339514594714919,0.0,0.00492139927563114,2.0,0.0,,0.0,,0.0,,0.0,,0.006412966932273548,0.0,0.0,,0.0,,0.0,,0.0,,0.0,,0.0,,0.0,,0.0,,0.0,,0.0,,0.0,,0.0,,0.0,,0.0,,0.0,,0.0,,0.0,,0.0,,0.0,,0.0,,0.0,,0.0,,0.0,,0.0,,0.0,,0.0,,0.0,,0.0,,0.0,,0.0,,0.0,,0.0,,0.0,,0.0,,0.0,,0.0,,0.0,,0.0,,0.0,,0.0,,0.0,,0.0,,0.0,,0.0,,0.0,,,,,,,,0.0,,,,,,,,,,,,0.040734884608536914,0.0,0.13059568628668783,0.0,0.04063850783395997,0.0,0.0,0.0,0.0,,0.0,,0.006136571643874025,0.0,0.0,0.0,0.409365392482799,0.0,0.0010831454170069285,0.0,0.016290932624947737,0.0,0.0007360864717444927,0.0,0.0,0.0,0.0006609527590626135,0.0,0.0,0.0,0.1047262280460512,0.0,0.027343686926452504,0.0,0.12021696602664231,0.0,0.0,,0.0,,0.0,,0.0,,0.0,,0.0,,0.0,,0.0,,0.0,,,,,,,,,,,,,,,,,,,,,,0,1,39,9
10,region_10,2023-06-24,,,,,,,,,,,,,,,0.0,0.0,,,,,,,,,,,,,,,,,,,,,,,,,0.0,0.0,,,,,,,,,,,,,0.0,0.0,0.0,0.0,0.012375903725624034,0.0,0.0,0.0,0.0,0.0,0.0,,,,0.0,0.0,0.0,0.0,0.0,0.0,0.0,0.0,0.0,0.0,0.0,0.0,0.0,0.0,0.0,0.0,0.005331668350845524,0.0,0.03690704755485053,0.0,0.026396749857813068,0.0,0.0,,0.015232370041000297,0.0,0.0,0.0,0.008711644161779093,0.0,0.0020679029189429837,0.0,0.00984279855126228,0.0,0.0,,0.0,,0.0,,0.0,,0.0,0.0,0.0,,0.0,,0.0,,0.0,,0.0,,0.0,,0.0,,0.0,,0.0,,0.0,,0.0,,0.0,,0.0,,0.0,,0.0,,0.0,,0.0,,0.0,,0.0,,0.0,,0.0,,0.0,,0.0,,0.0,,0.0,,0.0,,0.0,,0.0,,0.0,,0.0,,0.0,,0.0,,0.0,,0.0,,0.0,,0.0,,0.0,,0.0,,0.0,,0.0,,0.0,,0.0,,0.0,,0.0,,0.0,,,,,,,,0.0,,,,,,,,,,,,0.04869217853993173,0.0,0.12478450983762737,0.0,0.03533316746354099,0.0,0.0,0.0,0.0,,0.0,,0.01227314328774805,0.0,0.0,0.0,0.38383762001991273,0.0,0.002166290834013857,0.0,0.013636628687381696,0.0,0.0,0.0,0.0,0.0,0.0,0.0,0.0,0.0,0.12429669460183691,0.0,0.02261132940649982,0.0,0.13794796953075808,0.0,0.0,,0.0,,0.0,,0.0,,0.0,,0.0,,0.0,,0.0,,0.0,,,,,,,,,,,,,,,,,,,,,,0,0,40,10
10,region_10,2023-07-01,,,,,,,,,,,,,,,0.0,0.0,,,,,,,,,,,,,,,,,,,,,,,,,0.0,0.0,,,,,,,,,,,,,0.0,0.0,0.0,0.0,0.006187951862812017,0.0,0.0,0.0,0.0,0.0,0.0,,,,0.0,0.0,0.0,0.0,0.0,0.0,0.0,0.0,0.0,0.0,0.0,0.0,0.0,0.0,0.004508459398865066,0.0,0.003312458249274595,0.0,0.018453523777425266,0.0,0.06297199723310765,0.0,0.0,,0.024004756822250735,0.0,0.0,0.0,0.0043558220808895464,0.0,0.005542410858336557,0.0,0.008088359967664282,0.0,0.0,,0.0,,0.0,,0.0,,0.01012323565988075,0.0,0.0,,0.0,,0.0,,0.0031669606920331425,2.0,0.0,,0.0,,0.0,,0.0,,0.0,,0.0,,0.0,,0.0,,0.0,,0.0,,0.0,,0.0,,0.0,,0.0,,0.0,,0.0,,0.0,,0.0,,0.0,,0.0,,0.0,,0.0,,0.0,,0.0,,0.0,,0.0,,0.0,,0.0,,0.0,,0.0,,0.0,,0.0,,0.0,,0.0,,0.0,,0.0,,0.0,,0.0,,0.0,,0.0,,0.0,,,,,,,,0.0,,,,,,,,,,,,0.05243684272947051,0.0,0.11690148236800209,0.0,0.05878788238598236,0.0,0.0032242866921781597,0.0,0.0,,0.0,,0.009578739466259626,0.0,0.010138879569762541,0.0,0.30199238328909384,0.0,0.00425010610904007,0.0,0.006818314343690848,0.0,0.004556908638083489,0.0,0.00487778951147835,0.0,0.0,0.0,0.0,0.0,0.12135494465586574,0.0,0.02080724671483036,0.0,0.1553637839685705,0.0,0.0,,0.0,,0.0,,0.0,,0.0,,0.0,,0.0,,0.0,,0.0,,,,,,,,,,,,,,,,,,,,,,0,1,40,11
10,region_10,2023-07-08,,,,,,,,,,,,,,,0.0,0.0,,,,,,,,,,,,,,,,,,,,,,,,,0.0,0.0,,,,,,,,,,,,,0.0,0.0,0.0,0.0,0.0,0.0,0.0,0.0,0.0,0.0,0.0,,,,0.0,0.0,0.0,0.0,0.0,0.0,0.0,0.0,0.0,0.0,0.0,0.0,0.0,0.0,0.009016918797730132,0.0,0.0012932481477036652,0.0,0.0,0.0,0.09954724460840221,0.0,0.0,,0.032777143603501174,0.0,0.0,0.0,0.0,0.0,0.009016918797730132,0.0,0.006333921384066285,0.0,0.0,,0.0,,0.0,,0.0,,0.0202464713197615,0.0,0.0,,0.0,,0.0,,0.006333921384066285,0.0,0.0,,0.0,,0.0,,0.0,,0.0,,0.0,,0.0,,0.0,,0.0,,0.0,,0.0,,0.0,,0.0,,0.0,,0.0,,0.0,,0.0,,0.0,,0.0,,0.0,,0.0,,0.0,,0.0,,0.0,,0.0,,0.0,,0.0,,0.0,,0.0,,0.0,,0.0,,0.0,,0.0,,0.0,,0.0,,0.0,,0.0,,0.0,,0.0,,0.0,,0.0,,,,,,,,0.0,,,,,,,,,,,,0.05618150691900929,0.0,0.1090184548983768,0.0,0.08224259730842373,0.0,0.006448573384356319,0.0,0.0,,0.0,,0.006884335644771203,0.0,0.020277759139525082,0.0,0.220147146558275,0.0,0.006333921384066285,0.0,0.0,0.0,0.009113817276166978,0.0,0.0097555790229567,0.0,0.0,0.0,0.0,0.0,0.11841319470989457,0.0,0.0190031640231609,0.0,0.17277959840638293,0.0,0.0,,0.0,,0.0,,0.0,,0.0,,0.0,,0.0,,0.0,,0.0,,,,,,,,,,,,,,,,,,,,,,0,0,41,12
10,region_10,2023-07-15,,,,,,,,,,,,,,,0.0,0.0,,,,,,,,,,,,,,,,,,,,,,,,,0.0,0.0,,,,,,,,,,,,,0.0,0.0,0.0,0.0,0.0,0.0,0.0,0.0,0.0,0.0,0.0,,,,0.0,0.0,0.0,0.0,0.0,0.0,0.0,0.0,0.0,0.0,0.0,0.0,0.0,0.0,0.012395929837786243,0.0,0.0006466240738518326,0.0,0.01363518587701641,0.0,0.11764144413173194,0.0,0.0,,0.02313289267476643,0.0,0.0,0.0,0.0,0.0,0.00641889070939952,0.0,0.01931615168383961,0.0,0.02146386095167446,2.0,0.001910431310534454,2.0,0.0,,0.0,,0.01012323565988075,0.0,0.0,,0.0,,0.0,,0.0031669606920331425,0.0,0.0,,0.0,,0.0,,0.0,,0.0,,0.0,,0.0,,0.0,,0.0,,0.0,,0.0,,0.0,,0.0,,0.0,,0.0,,0.0,,0.0,,0.0,,0.0,,0.0,,0.0,,0.0,,0.0,,0.0,,0.0,,0.0,,0.0,,0.0,,0.0,,0.0,,0.0,,0.0,,0.0,,0.0,,0.0,,0.0,,0.0,,0.0,,0.0,,0.0,,0.0,,,,,,,,0.0,,,,,,,,,,,,0.04309009582391891,0.0,0.14817997661678967,0.0,0.07811797919890115,0.0,0.020924503851953533,0.0,0.0,,0.0,,0.01142936502959492,0.0,0.010138879569762541,0.0,0.193138123060044,0.0,0.0031669606920331425,0.0,0.001910431310534454,0.0,0.004556908638083489,0.0,0.006394450076290227,0.0,0.0009903165737341366,0.0,0.004608856164850267,0.0,0.09615190311962238,0.0,0.010541963736613934,0.0,0.14301855457458817,0.0,0.005768375312711303,2.0,0.0,,0.0,,0.0,,0.0,,0.0,,0.0,,0.0,,0.0,,,,,,,,,,,,,,,,,,,,,,0,3,41,13
10,region_10,2023-07-22,,,,,,,,,,,,,,,0.0,0.0,,,,,,,,,,,,,,,,,,,,,,,,,0.0,0.0,,,,,,,,,,,,,0.0,0.0,0.0,0.0,0.0,0.0,0.0,0.0,0.0,0.0,0.0,,,,0.0,0.0,0.0,0.0,0.0,0.0,0.0,0.0,0.0,0.0,0.0,0.0,0.0,0.0,0.015774940877842356,0.0,0.0,0.0,0.02727037175403282,0.0,0.1357356436550617,0.0,0.0,,0.013488641746031685,0.0,0.0,0.0,0.0,0.0,0.003820862621068908,0.0,0.032298381983612935,0.0,0.04292772190334892,0.0,0.003820862621068908,0.0,0.0,,0.0,,0.0,0.0,0.0,,0.0,,0.0,,0.0,0.0,0.0,,0.0,,0.0,,0.0,,0.0,,0.0,,0.0,,0.0,,0.0,,0.0,,0.0,,0.0,,0.0,,0.0,,0.0,,0.0,,0.0,,0.0,,0.0,,0.0,,0.0,,0.0,,0.0,,0.0,,0.0,,0.0,,0.0,,0.0,,0.0,,0.0,,0.0,,0.0,,0.0,,0.0,,0.0,,0.0,,0.0,,0.0,,0.0,,0.0,,0.0,,,,,,,,0.0,,,,,,,,,,,,0.029998684728828526,0.0,0.1873414983352025,0.0,0.07399336108937855,0.0,0.03540043431955075,0.0,0.0,,0.0,,0.015974394414418638,0.0,0.0,0.0,0.166129099561813,0.0,0.0,0.0,0.003820862621068908,0.0,0.0,0.0,0.003033321129623755,0.0,0.001980633147468273,0.0,0.009217712329700534,0.0,0.0738906115293502,0.0,0.002080763450066971,0.0,0.11325751074279344,0.0,0.011536750625422606,0.0,0.0,,0.0,,0.0,,0.0,,0.0,,0.0,,0.0,,0.0,,,,,,,,,,,,,,,,,,,,,,0,0,44,14
10,region_10,2023-07-29,,,,,,,,,,,,,,,0.0,0.0,,,,,,,,,,,,,,,,,,,,,,,,,0.0,0.0,,,,,,,,,,,,,0.0,0.0,0.0,0.0,0.0038958720892588224,0.0,0.0,0.0,0.0,0.0,0.0,,,,0.0,0.0,0.0,0.0,0.0,0.0,0.0,0.0,0.0,0.0,0.0,0.0,0.0,0.0,0.007887470438921178,0.0,0.0,0.0,0.01363518587701641,0.0,0.13369105533558,0.0,0.0,,0.019118627505657605,0.0,0.0019520856068528808,0.0,0.0,0.0,0.001910431310534454,0.0,0.016149190991806468,0.0,0.03944350146533296,0.0,0.003661146009108004,0.0,0.0,,0.0,,0.004285723534930061,0.0,0.0,,0.0,,0.0,,0.0,0.0,0.0,,0.0,,0.0,,0.0,,0.0,,0.0,,0.0,,0.0,,0.0,,0.0,,0.0,,0.0,,0.0,,0.0,,0.0,,0.0,,0.0,,0.0,,0.0,,0.0,,0.0,,0.0,,0.0,,0.0,,0.0,,0.0,,0.0,,0.0,,0.0,,0.0,,0.0,,0.0,,0.0,,0.0,,0.0,,0.0,,0.0,,0.0,,0.0,,0.0,,0.0,,,,,,,,0.0,,,,,,,,,,,,0.03698799861735389,0.0,0.15892134214758025,0.0,0.04887387578058587,0.0,0.06500277934837026,0.0,0.0,,0.0,,0.013059984472562042,0.0,0.0019520856068528808,0.0,0.1728116010132974,0.0,0.0,0.0,0.0053504891148668755,0.0,0.0024932349457385435,0.0,0.004231711942083255,0.0,0.002318132138440081,0.0,0.015073786754696084,0.0,0.06561123659002013,0.0,0.004942857708730507,0.0,0.11454771040833109,0.0,0.03897618165517101,0.0,0.0,,0.0,,0.0,,0.0,,0.0,,0.0,,0.0,,0.0,,,,,,,,,,,,,,,,,,,,,,0,0,44,15
10,region_10,2023-08-05,,,,,,,,,,,,,,,0.0,0.0,,,,,,,,,,,,,,,,,,,,,,,,,0.0,0.0,,,,,,,,,,,,,0.0,0.0,0.0,0.0,0.007791744178517645,0.0,0.0,0.0,0.0,0.0,0.0,,,,0.0,0.0,0.0,0.0,0.0,0.0,0.0,0.0,0.0,0.0,0.0,0.0,0.0,0.0,0.0,0.0,0.0,0.0,0.0,0.0,0.1316464670160983,0.0,0.0,,0.024748613265283523,0.0,0.0039041712137057615,0.0,0.0,0.0,0.0,0.0,0.0,0.0,0.035959281027317,0.0,0.0035014293971471,0.0,0.0,,0.0,,0.008571447069860122,0.0,0.0,,0.0,,0.0,,0.0,0.0,0.0,,0.0,,0.0,,0.0,,0.0,,0.0,,0.0,,0.0,,0.0,,0.0,,0.0,,0.0,,0.0,,0.0,,0.0,,0.0,,0.0,,0.0,,0.0,,0.0,,0.0,,0.0,,0.0,,0.0,,0.0,,0.0,,0.0,,0.0,,0.0,,0.0,,0.0,,0.0,,0.0,,0.0,,0.0,,0.0,,0.0,,0.0,,0.0,,0.0,,0.0,,,,,,,,0.0,,,,,,,,,,,,0.04397731250587925,0.0,0.13050118595995797,0.0,0.023754390471793188,0.0,0.09460512437718976,0.0,0.0,,0.0,,0.010145574530705444,0.0,0.0039041712137057615,0.0,0.17949410246478184,0.0,0.0,0.0,0.006880115608664843,0.0,0.004986469891477087,0.0,0.005430102754542755,0.0,0.0026556311294118895,0.0,0.020929861179691634,0.0,0.05733186165069007,0.0,0.0078049519673940426,0.0,0.11583791007386873,0.0,0.06641561268491943,0.0,0.0,,0.0,,0.0,,0.0,,0.0,,0.0,,0.0,,0.0,,,,,,,,,,,,,,,,,,,,,,0,0,44,16
10,region_10,2023-08-12,,,,,,,,,,,,,,,0.0,0.0,,,,,,,,,,,,,,,,,,,,,,,,,0.0,0.0,,,,,,,,,,,,,0.0,0.0,0.0,0.0,0.0038958720892588224,0.0,0.0,0.0,0.0,0.0,0.0,,,,0.0,0.0,0.0,0.0,0.0,0.0,0.0,0.0,0.0,0.0,0.0,0.0,0.0,0.0,0.003563169410209268,0.0,0.0,0.0,0.009377712444604714,0.0,0.14660858754051379,0.0,0.0,,0.016082294982281593,0.0,0.007872054093494917,0.0,0.002580486202572002,0.0,0.0,0.0,0.0,0.0,0.037611595435958795,0.0,0.005313884108782818,0.0,0.0,,0.0013117220485582733,2.0,0.004285723534930061,0.0,0.0,,0.008121419536030789,1.0,0.0,,0.001308591886689599,0.0,0.0,,0.0,,0.0,,0.0,,0.0,,0.0,,0.0,,0.0,,0.0,,0.0,,0.0,,0.0,,0.0,,0.0,,0.0,,0.0,,0.0,,0.0,,0.0,,0.0,,0.0,,0.0,,0.0,,0.0,,0.0,,0.0,,0.0,,0.0,,0.0,,0.0,,0.0,,0.0,,0.0,,0.0,,0.0,,0.0,,0.0,,0.0,,0.0,,0.0,,0.0,,,,,,,,0.0,,,,,,,,,,,,0.04645446520827125,0.0,0.15987151143012718,0.0,0.03633332830847151,0.0,0.07656952650885022,0.0,0.00259287879388363,2.0,0.0,,0.018921693810240198,0.0,0.02705961992569129,0.0,0.13157324651841087,0.0,0.0,0.0,0.006054221597955842,0.0,0.004744608519309314,0.0,0.005241065722038092,0.0,0.005665461859617515,0.0,0.012716304163416587,0.0,0.048784934675663826,0.0,0.0062183581063674975,0.0,0.12247672854344616,0.0,0.03839081011949038,0.0,0.0,,0.0,,0.0,,0.0,,0.0,,0.0,,0.0,,0.0,,,,,,,,,,,,,,,,,,,,,,1,2,44,0
10,region_10,2023-08-19,,,,,,,,,,,,,,,0.0,0.0,,,,,,,,,,,,,,,,,,,,,,,,,0.0,0.0,,,,,,,,,,,,,0.0,0.0,0.0,0.0,0.0,0.0,0.0,0.0,0.0,0.0,0.0,,,,0.0,0.0,0.0,0.0,0.0,0.0,0.0,0.0,0.0,0.0,0.0,0.0,0.0,0.0,0.007126338820418536,0.0,0.0,0.0,0.018755424889209428,0.0,0.16157070806492926,0.0,0.0,,0.007415976699279661,0.0,0.011839936973284072,0.0,0.005160972405144004,0.0,0.0,0.0,0.0,0.0,0.03926390984460059,0.0,0.007126338820418537,0.0,0.0,,0.0026234440971165465,0.0,0.0,0.0,0.0,,0.016242839072061577,0.0,0.0,,0.002617183773379198,0.0,0.0,,0.0,,0.0,,0.0,,0.0,,0.0,,0.0,,0.0,,0.0,,0.0,,0.0,,0.0,,0.0,,0.0,,0.0,,0.0,,0.0,,0.0,,0.0,,0.0,,0.0,,0.0,,0.0,,0.0,,0.0,,0.0,,0.0,,0.0,,0.0,,0.0,,0.0,,0.0,,0.0,,0.0,,0.0,,0.0,,0.0,,0.0,,0.0,,0.0,,0.0,,,,,,,,0.0,,,,,,,,,,,,0.048931617910663236,0.0,0.1892418369002964,0.0,0.04891226614514983,0.0,0.05853392864051068,0.0,0.00518575758776726,0.0,0.0,,0.027697813089774953,0.0,0.050215068637676816,0.0,0.08365239057203992,0.0,0.0,0.0,0.005228327587246841,0.0,0.004502747147141542,0.0,0.00505202868953343,0.0,0.008675292589823141,0.0,0.004502747147141542,0.0,0.04023800770063758,0.0,0.0046317642453409524,0.0,0.12911554701302358,0.0,0.010366007554061337,0.0,0.0,,0.0,,0.0,,0.0,,0.0,,0.0,,0.0,,0.0,,,,,,,,,,,,,,,,,,,,,,0,0,47,1
10,region_10,2023-08-26,,,,,,,,,,,,,,,0.0,0.0,,,,,,,,,,,,,,,,,,,,,,,,,0.0,0.0,,,,,,,,,,,,,0.0,0.0,0.00311592696234582,0.0,0.0,0.0,0.0,0.0,0.0,0.0,0.004084175276547279,2.0,,,0.0,0.0,0.0,0.0,0.0,0.0,0.0,0.0,0.0,0.0,0.0,0.0,0.0,0.0,0.003563169410209268,0.0,0.0,0.0,0.009377712444604714,0.0,0.1666989235954296,0.0,0.0,,0.010493580103460385,0.0,0.005919968486642036,0.0,0.002580486202572002,0.0,0.0,0.0,0.0,0.0,0.04417294196978065,0.0,0.012611102167480907,0.0,0.011489454678005773,2.0,0.005776595083686165,0.0,0.010861798955334534,0.0,0.002186584334016159,2.0,0.025383840670476165,0.0,0.0,,0.006773571544770279,0.0,0.0,,0.0,,0.0,,0.0,,0.0,,0.0,,0.0,,0.0,,0.0,,0.0,,0.0,,0.0,,0.0,,0.0,,0.0,,0.0,,0.0,,0.0,,0.0,,0.0,,0.0,,0.0,,0.0,,0.0,,0.0,,0.0,,0.0,,0.0,,0.0,,0.0,,0.0,,0.0,,0.0,,0.0,,0.0,,0.0,,0.0,,0.0,,0.0,,0.0,,0.0,,,,,,,,0.0,,,,,,,,,,,,0.05278271626060203,0.0,0.15532260418010213,0.0,0.04698229462507808,0.0,0.03625874779803521,0.0,0.00926412141674918,0.0,0.0,,0.040327856013470324,0.0,0.05779784082340585,0.0,0.06444059885174463,0.0,0.0,0.0,0.005784050846058413,0.0,0.002251373573570771,0.0,0.005833951843669593,0.0,0.013485034131040019,0.0,0.016809685456516968,0.0,0.038749784026474866,0.0,0.016129733089263087,0.0,0.11244207418879157,0.0,0.005183003777030668,0.0,0.0,,0.0,,0.0,,0.0,,0.0,,0.0,,0.0,,0.0,,,,,,,,,,,,,,,,,,,,,,0,3,47,2
10,region_10,2023-09-02,,,,,,,,,,,,,,,0.0,0.0,,,,,,,,,,,,,,,,,,,,,,,,,0.0,0.0,,,,,,,,,,,,,0.0,0.0,0.00623185392469164,0.0,0.0,0.0,0.0,0.0,0.0,0.0,0.008168350553094558,0.0,,,0.0,0.0,0.0,0.0,0.0,0.0,0.0,0.0,0.0,0.0,0.0,0.0,0.0,0.0,0.0,0.0,0.0,0.0,0.0,0.0,0.1718271391259299,0.0,0.0,,0.013571183507641107,0.0,0.0,0.0,0.0,0.0,0.0,0.0,0.0,0.0,0.049081974094960706,0.0,0.01809586551454328,0.0,0.022978909356011545,0.0,0.008929746070255783,0.0,0.02172359791066907,0.0,0.004373168668032318,0.0,0.03452484226889076,0.0,0.0,,0.01092995931616136,0.0,0.0,,0.0,,0.0,,0.0,,0.0,,0.0,,0.0,,0.0,,0.0,,0.0,,0.0,,0.0,,0.0,,0.0,,0.0,,0.0,,0.0,,0.0,,0.0,,0.0,,0.0,,0.0,,0.0,,0.0,,0.0,,0.0,,0.0,,0.0,,0.0,,0.0,,0.0,,0.0,,0.0,,0.0,,0.0,,0.0,,0.0,,0.0,,0.0,,0.0,,0.0,,,,,,,,0.0,,,,,,,,,,,,0.056633814610540824,0.0,0.1214033714599079,0.0,0.045052323105006335,0.0,0.013983566955559735,0.0,0.013342485245731098,0.0,0.0,,0.052957898937165696,0.0,0.06538061300913488,0.0,0.04522880713144934,0.0,0.0,0.0,0.0063397741048699845,0.0,0.0,0.0,0.006615874997805756,0.0,0.0182947756722569,0.0,0.0291166237658924,0.0,0.03726156035231215,0.0,0.02762770193318522,0.0,0.09576860136455954,0.0,0.0,0.0,0.0,,0.0,,0.0,,0.0,,0.0,,0.0,,0.0,,0.0,,,,,,,,,,,,,,,,,,,,,,0,0,50,3
10,region_10,2023-09-09,,,,,,,,,,,,,,,0.0,0.0,,,,,,,,,,,,,,,,,,,,,,,,,0.0,0.0,,,,,,,,,,,,,0.0,0.0,0.00311592696234582,0.0,0.0,0.0,0.0,0.0,0.0,0.0,0.004967107552546592,0.0,,,0.0,0.0,0.0,0.0,0.0,0.0,0.0,0.0,0.0,0.0,0.0,0.0,0.0,0.0,0.0,0.0,0.0,0.0,0.0017658645519986534,0.0,0.22473834768410708,0.0,0.0,,0.016262625102447574,0.0,0.001124831759212091,0.0,0.0,0.0,0.0,0.0,0.0,0.0,0.0515784976958501,0.0,0.0101245194764083,0.0,0.012634026206796947,0.0,0.006176143717091257,0.0,0.013281835824761307,0.0,0.01620379950195038,0.0,0.046266327597319086,0.0,0.0009311772737419001,2.0,0.014841277640135469,0.0,0.0,,0.0,,0.0,,0.0,,0.0,,0.0,,0.0,,0.0,,0.0,,0.0,,0.0,,0.0,,0.0,,0.0,,0.0,,0.0,,0.0,,0.0,,0.0,,0.0,,0.0,,0.0,,0.0,,0.0,,0.0,,0.0,,0.0,,0.0,,0.0,,0.0,,0.0,,0.0,,0.0,,0.0,,0.0,,0.0,,0.0,,0.0,,0.0,,0.0,,0.0,,,,,,,,0.0,,,,,,,,,,,,0.06295693637803192,0.0,0.10092907507405283,0.0,0.045726668743597626,0.0,0.014182765828686153,0.0,0.013149606599002052,0.0,0.0,,0.0687463538805869,0.0,0.04324609283922292,0.0,0.04115959726923112,0.0,0.0,0.0,0.007399720577828806,0.0,0.001591709338956389,0.0,0.004452509027694052,0.0,0.013256668189371124,0.0,0.022232974628503904,0.0,0.03165070844033371,0.0,0.01702964095201226,0.0,0.0869577763188216,0.0,0.0,0.0,0.0,,0.0,,0.0,,0.0,,0.0,,0.0,,0.0,,0.0,,,,,,,,,,,,,,,,,,,,,,0,1,50,4
10,region_10,2023-09-16,,,,,,,,,,,,,,,0.0,0.0,,,,,,,,,,,,,,,,,,,,,,,,,0.0,0.0,,,,,,,,,,,,,0.0,0.0,0.0,0.0,0.0,0.0,0.0,0.0,0.0,0.0,0.0017658645519986267,0.0,,,0.0,0.0,0.0,0.0,0.0,0.0,0.0,0.0,0.0,0.0,0.0,0.0,0.0,0.0,0.0,0.0,0.0,0.0,0.003531729103997307,0.0,0.27764955624228427,0.0,0.0,,0.018954066697254045,0.0,0.002249663518424182,0.0,0.0,0.0,0.0,0.0,0.0,0.0,0.0540750212967395,0.0,0.002153173438273323,0.0,0.0022891430575823477,0.0,0.003422541363926732,0.0,0.004840073738853545,0.0,0.02803443033586844,0.0,0.058007812925747415,0.0,0.0018623545474838001,0.0,0.018752595964109577,0.0,0.0,,0.0,,0.0,,0.0,,0.0,,0.0,,0.0,,0.0,,0.0,,0.0,,0.0,,0.0,,0.0,,0.0,,0.0,,0.0,,0.0,,0.0,,0.0,,0.0,,0.0,,0.0,,0.0,,0.0,,0.0,,0.0,,0.0,,0.0,,0.0,,0.0,,0.0,,0.0,,0.0,,0.0,,0.0,,0.0,,0.0,,0.0,,0.0,,0.0,,0.0,,,,,,,,0.0,,,,,,,,,,,,0.06928005814552302,0.0,0.08045477868819774,0.0,0.04640101438218892,0.0,0.01438196470181257,0.0,0.012956727952273006,0.0,0.0,,0.08453480882400811,0.0,0.02111157266931096,0.0,0.037090387407012905,0.0,0.0,0.0,0.008459667050787626,0.0,0.003183418677912778,0.0,0.0022891430575823477,0.0,0.00821856070648535,0.0,0.015349325491115407,0.0,0.026039856528355266,0.0,0.0064315799708392985,0.0,0.07814695127308365,0.0,0.0,0.0,0.0,,0.0,,0.0,,0.0,,0.0,,0.0,,0.0,,0.0,,,,,,,,,,,,,,,,,,,,,,0,0,51,5
10,region_10,2023-09-23,,,,,,,,,,,,,,,0.0,0.0,,,,,,,,,,,,,,,,,,,,,,,,,0.0,0.0,,,,,,,,,,,,,0.0,0.0,0.0008486621469879999,0.0,0.0,0.0,0.0,0.0,0.0,0.0,0.002540166141953633,0.0,,,0.0,0.0,0.0,0.0,0.0,0.0,0.0,0.0,0.0,0.0,0.0,0.0,0.0,0.0,0.0,0.0,0.0,0.0,0.0027867805982212546,0.0,0.2511747821315644,0.0,0.0,,0.01576904365957766,0.0,0.001124831759212091,0.0,0.0,0.0,0.0,0.0,0.0010089656272021866,0.0,0.06500236668385732,0.0,0.011089997064203064,0.0,0.005271047706866835,0.0,0.002551657328481522,0.0,0.00921016447462656,0.0,0.016849761039715597,0.0,0.10192381182596792,0.0,0.0023258608242030703,0.0,0.02883386852530137,0.0,0.0007224928413051925,2.0,0.0,,0.0,,0.0,,0.0,,0.0,,0.0,,0.0,,0.0,,0.0,,0.0,,0.0,,0.0,,0.0,,0.0,,0.0,,0.0,,0.0,,0.0,,0.0,,0.0,,0.0,,0.0,,0.0,,0.0,,0.0,,0.0,,0.0,,0.0,,0.0,,0.0,,0.0,,0.0,,0.0,,0.0,,0.0,,0.0,,0.0,,0.0,,0.0,,0.0,,,,,,,,0.0,,,,,,,,,,,,0.051316472701728295,0.0,0.0703267113238683,0.0,0.038445428062181916,0.0,0.01676965140477684,0.0,0.02477586634223356,0.0,0.0,,0.09820410609442193,0.0,0.015561305457060559,0.0,0.034555861999395754,0.0,0.0,0.0,0.005070220171911969,0.0,0.0026271653607383705,0.0,0.0011445715287911739,0.0,0.0074487447511107936,0.0,0.01473328311180388,0.0,0.016166442008413343,0.0,0.012723105955164012,0.0,0.07049858923135105,0.0,0.003465432467935365,0.0,0.0,,0.0,,0.0,,0.0,,0.0,,0.0,,0.0,,0.0,,,,,,,,,,,,,,,,,,,,,,0,1,51,6
10,region_10,2023-09-30,,,,,,,,,,,,,,,0.0,0.0,,,,,,,,,,,,,,,,,,,,,,,,,0.0,0.0,,,,,,,,,,,,,0.0,0.0,0.0016973242939759998,0.0,0.0,0.0,0.0,0.0,0.0,0.0,0.0033144677319086394,0.0,,,0.0,0.0,0.0,0.0,0.0,0.0,0.0,0.0,0.0,0.0,0.0,0.0,0.0,0.0,0.0,0.0,0.0,0.0,0.0020418320924452025,0.0,0.22470000802084453,0.0,0.0,,0.012584020621901278,0.0,0.0,0.0,0.0,0.0,0.0,0.0,0.002017931254404373,0.0,0.07592971207097515,0.0,0.020026820690132802,0.0,0.008252952356151323,0.0,0.0016807732930363118,0.0,0.013580255210399574,0.0,0.005665091743562751,0.0,0.14583981072618843,0.0,0.00278936710092234,0.0,0.03891514108649317,0.0,0.001444985682610385,0.0,0.0,,0.0,,0.0,,0.0,,0.0,,0.0,,0.0,,0.0,,0.0,,0.0,,0.0,,0.0,,0.0,,0.0,,0.0,,0.0,,0.0,,0.0,,0.0,,0.0,,0.0,,0.0,,0.0,,0.0,,0.0,,0.0,,0.0,,0.0,,0.0,,0.0,,0.0,,0.0,,0.0,,0.0,,0.0,,0.0,,0.0,,0.0,,0.0,,0.0,,,,,,,,0.0,,,,,,,,,,,,0.033352887257933575,0.0,0.06019864395953884,0.0,0.030489841742174915,0.0,0.019157338107741107,0.0,0.03659500473219411,0.0,0.0,,0.11187340336483574,0.0,0.010011038244810158,0.0,0.03202133659177861,0.0,0.0,0.0,0.0016807732930363118,0.0,0.0020709120435639626,0.0,0.0,0.0,0.006678928795736238,0.0,0.014117240732492353,0.0,0.006293027488471415,0.0,0.019014631939488727,0.0,0.06285022718961845,0.0,0.00693086493587073,0.0,0.0,,0.0,,0.0,,0.0,,0.0,,0.0,,0.0,,0.0,,,,,,,,,,,,,,,,,,,,,,0,0,52,7
10,region_10,2023-10-07,,,,,,,,,,,,,,,0.0,0.0,,,,,,,,,,,,,,,,,,,,,,,,,0.0,0.0,,,,,,,,,,,,,0.0,0.0,0.0021273628032455498,0.0,0.0,0.0,0.0,0.0,0.0,0.0,0.0039317401086275015,0.0,,,0.0,0.0,0.0,0.0,0.0,0.0,0.0,0.0,0.0,0.0,0.0,0.0,0.0,0.0,0.0,0.0,0.0,0.0,0.0010209160462226012,0.0,0.21810533651300307,0.0,0.0,,0.011774595236407743,0.0,0.0022812418395741795,0.0,0.0014349676452443869,0.0,0.0,0.0,0.0010089656272021866,0.0,0.06070522077542499,0.0,0.012765655981723259,0.0,0.008014627963877913,0.0,0.0008403866465181559,0.0,0.027049198480589003,0.0,0.01254620662001333,0.0,0.15483653048674262,0.0,0.00139468355046117,0.0,0.04220659299088371,0.0,0.0021456766471822887,0.0,0.0,,0.0,,0.0,,0.0,,0.0,,0.0,,0.0,,0.0,,0.0,,0.0,,0.0,,0.0,,0.0,,0.0,,0.0,,0.0,,0.0,,0.0,,0.0,,0.0,,0.0,,0.0,,0.0,,0.0,,0.0,,0.0,,0.0,,0.0,,0.0,,0.0,,0.0,,0.0,,0.0,,0.0,,0.0,,0.0,,0.0,,0.0,,0.0,,0.0,,,,,,,,0.0,,,,,,,,,,,,0.026617476461632573,0.0,0.056518912207075285,0.0,0.028045164177282887,0.0,0.026920789817671917,0.0,0.024804893210067465,0.0,0.0,,0.09953809972823585,0.0,0.022385250683151888,0.0,0.03513722772617911,0.0,0.0,0.0,0.0022753542917625428,0.0,0.0024704236670263684,0.0,0.0,0.0,0.005620706237442298,0.0,0.008435051208158559,0.0,0.012345308240437017,0.0,0.012601882223955658,0.0,0.07156404731372329,0.0,0.003465432467935365,0.0,0.0,,0.0,,0.0,,0.0,,0.0,,0.0,,0.0,,0.0,,,,,,,,,,,,,,,,,,,,,,0,0,52,8
10,region_10,2023-10-14,,,,,,,,,,,,,,,0.0,0.0,,,,,,,,,,,,,,,,,,,,,,,,,0.0,0.0,,,,,,,,,,,,,0.0,0.0,0.0025574013125151,0.0,0.0,0.0,0.0,0.0,0.0,0.0,0.004549012485346364,0.0,,,0.0,0.0,0.0,0.0,0.0,0.0,0.0,0.0,0.0,0.0,0.0,0.0,0.0,0.0,0.0,0.0,0.0,0.0,0.0,0.0,0.2115106650051616,0.0,0.0,,0.010965169850914206,0.0,0.004562483679148359,0.0,0.0028699352904887738,0.0,0.0,0.0,0.0,0.0,0.04548072947987484,0.0,0.0055044912733137165,0.0,0.0077763035716045025,0.0,0.0,0.0,0.040518141750778426,0.0,0.019427321496463906,0.0,0.16383325024729678,0.0,0.0,0.0,0.04549804489527426,0.0,0.0028463676117541927,0.0,0.0,,0.0,,0.0,,0.0,,0.0,,0.0,,0.0,,0.0,,0.0,,0.0,,0.0,,0.0,,0.0,,0.0,,0.0,,0.0,,0.0,,0.0,,0.0,,0.0,,0.0,,0.0,,0.0,,0.0,,0.0,,0.0,,0.0,,0.0,,0.0,,0.0,,0.0,,0.0,,0.0,,0.0,,0.0,,0.0,,0.0,,0.0,,0.0,,0.0,,,,,,,,0.0,,,,,,,,,,,,0.019882065665331575,0.0,0.05283918045461173,0.0,0.025600486612390862,0.0,0.03468424152760273,0.0,0.013014781687940822,0.0,0.0,,0.08720279609163598,0.0,0.03475946312149362,0.0,0.03825311886057962,0.0,0.0,0.0,0.0028699352904887738,0.0,0.0028699352904887738,0.0,0.0,0.0,0.004562483679148359,0.0,0.002752861683824766,0.0,0.018397588992402618,0.0,0.0061891325084225905,0.0,0.08027786743782812,0.0,0.0,0.0,0.0,,0.0,,0.0,,0.0,,0.0,,0.0,,0.0,,0.0,,,,,,,,,,,,,,,,,,,,,,0,0,52,9
10,region_10,2023-10-21,,,,,,,,,,,,,,,0.0,0.0,,,,,,,,,,,,,,,,,,,,,,,,,0.0,0.0,,,,,,,,,,,,,0.0,0.0,0.00127870065625755,0.0,0.0,0.0,0.0,0.0,0.0,0.0,0.002274506242673182,0.0,,,0.0,0.0,0.0,0.0,0.017978031933307624,0.0,0.0,0.0,0.0,0.0,0.0,0.0,0.0,0.0,0.0,0.0,0.0,0.0,0.0030965461032237697,0.0,0.20786155461313136,0.0,0.006984441087728243,2.0,0.013502384928075612,0.0,0.0022812418395741795,0.0,0.0014349676452443869,0.0,0.0,0.0,0.0,0.0,0.04873626709360794,0.0,0.005330254463478878,0.0,0.018515785265839354,0.0,0.0,0.0,0.027321343725540653,0.0,0.03821447973640395,0.0,0.1665610021735248,0.0,0.002783454136877501,0.0,0.03882779751479206,0.0,0.009268236573694634,0.0,0.0,,0.0,,0.0,,0.0,,0.0,,0.0,,0.0,,0.0,,0.0,,0.0,,0.0,,0.0,,0.0,,0.0,,0.0,,0.0,,0.0,,0.0,,0.0,,0.0,,0.0,,0.0,,0.0,,0.0,,0.0,,0.0,,0.0,,0.0,,0.0,,0.0,,0.0,,0.0,,0.0,,0.0,,0.0,,0.0,,0.0,,0.0,,0.0,,0.0,,,,,,,,0.0,,,,,,,,,,,,0.022373361712317262,0.0,0.046779785964001924,0.0,0.0178569775371099,0.0,0.03209830335861675,0.0,0.006507390843970411,0.0,0.0,,0.08957836221206959,0.0,0.01737973156074681,0.0,0.022775308312858972,0.0,0.0,0.0,0.0014349676452443869,0.0,0.0014349676452443869,0.0,0.0,0.0,0.030192759472381325,0.0,0.0044729769451361525,0.0,0.0189434826605532,0.0,0.0061911123574350645,0.0,0.054672422184977684,0.0,0.0,0.0,0.0,,0.0,,0.0,,0.0,,0.0,,0.0,,0.0,,0.0,,,,,,,,,,,,,,,,,,,,,,0,1,52,10
10,region_10,2023-10-28,,,,,,,,,,,,,,,0.0,0.0,,,,,,,,,,,,,,,,,,,,,,,,,0.0,0.0,,,,,,,,,,,,,0.0,0.0,0.0,0.0,0.0,0.0,0.0,0.0,0.0,0.0,0.0,0.0,,,0.0,0.0,0.0,0.0,0.03595606386661525,0.0,0.0,0.0,0.0,0.0,0.0,0.0,0.0,0.0,0.0,0.0,0.0,0.0,0.0061930922064475395,0.0,0.2042124442211011,0.0,0.013968882175456486,0.0,0.01603960000523702,0.0,0.0,0.0,0.0,0.0,0.0,0.0,0.0,0.0,0.051991804707341036,0.0,0.00515601765364404,0.0,0.029255266960074206,0.0,0.0,0.0,0.014124545700302884,0.0,0.057001637976343986,0.0,0.1692887540997528,0.0,0.005566908273755002,0.0,0.03215755013430986,0.0,0.015690105535635077,0.0,0.0,,0.0,,0.0,,0.0,,0.0,,0.0,,0.0,,0.0,,0.0,,0.0,,0.0,,0.0,,0.0,,0.0,,0.0,,0.0,,0.0,,0.0,,0.0,,0.0,,0.0,,0.0,,0.0,,0.0,,0.0,,0.0,,0.0,,0.0,,0.0,,0.0,,0.0,,0.0,,0.0,,0.0,,0.0,,0.0,,0.0,,0.0,,0.0,,0.0,,,,,,,,0.0,,,,,,,,,,,,0.024864657759302952,0.0,0.04072039147339211,0.0,0.010113468461828938,0.0,0.02951236518963077,0.0,0.0,0.0,0.0,,0.09195392833250321,0.0,0.0,0.0,0.0072974977651383294,0.0,0.0,0.0,0.0,0.0,0.0,0.0,0.0,0.0,0.055823035265614294,0.0,0.0061930922064475395,0.0,0.019489376328703786,0.0,0.0061930922064475395,0.0,0.02906697693212725,0.0,0.0,0.0,0.0,,0.0,,0.0,,0.0,,0.0,,0.0,,0.0,,0.0,,,,,,,,,,,,,,,,,,,,,,0,0,53,11
10,region_10,2023-11-04,,,,,,,,,,,,,,,0.0,0.0,,,,,,,,,,,,,,,,,,,,,,,,,0.0,0.0,,,,,,,,,,,,,0.0,0.0,0.0,0.0,0.0,0.0,0.0,0.0,0.0,0.0,0.0,0.0,,,0.0,0.0,0.0,0.0,0.017978031933307624,0.0,0.0,0.0,0.0,0.0,0.0,0.0,0.0,0.0,0.0,0.0,0.0,0.0,0.021828364136176205,0.0,0.17108552639440788,0.0,0.013703139258850833,0.0,0.00801980000261851,0.0,0.0,0.0,0.0,0.0,0.0,0.0,0.0,0.0,0.0847088381452363,0.0,0.00257800882682202,0.0,0.014627633480037103,0.0,0.0,0.0,0.011579432543524355,0.0,0.054634862161277595,0.0,0.16860420840458618,0.0,0.020348882344577546,0.0,0.04561764141457329,0.0,0.011440573568262745,0.0,0.007476527763244025,1.0,0.0,,0.0,,0.0,,0.0,,0.0,,0.0,,0.0,,0.0,,0.0,,0.0,,0.0,,0.0,,0.0,,0.0,,0.0,,0.0,,0.0,,0.0,,0.0,,0.0,,0.0,,0.0,,0.0,,0.0,,0.0,,0.0,,0.0,,0.0,,0.0,,0.0,,0.0,,0.0,,0.0,,0.0,,0.0,,0.0,,0.0,,0.0,,0.0,,,,,,,,0.0,,,,,,,,,,,,0.0199088566428955,0.0,0.027044755840902768,0.0,0.005056734230914469,0.0,0.03582106748382656,0.0,0.02234955600995036,0.0,0.0,,0.09097213697520135,0.0,0.0,0.0,0.0036487488825691647,0.0,0.0,0.0,0.0,0.0,0.0,0.0,0.0,0.0,0.030833250858037252,0.0,0.0030965461032237697,0.0,0.04661135140310192,0.0,0.0030965461032237697,0.0,0.045406094708569,0.0,0.0,0.0,0.0,,0.0,,0.0,,0.0,,0.0,,0.0,,0.0,,0.0,,,,,,,,,,,,,,,,,,,,,,1,0,53,0
10,region_10,2023-11-11,,,,,,,,,,,,,,,0.0,0.0,,,,,,,,,,,,,,,,,,,,,,,,,0.0,0.0,,,,,,,,,,,,,0.0,0.0,0.0,0.0,0.0,0.0,0.0,0.0,0.0,0.0,0.0,0.0,,,0.0,0.0,0.0,0.0,0.0,0.0,0.0,0.0,0.0,0.0,0.0,0.0,0.0,0.0,0.0,0.0,0.0,0.0,0.037463636065904866,0.0,0.1379586085677147,0.0,0.01343739634224518,0.0,0.0,0.0,0.0,0.0,0.0,0.0,0.0,0.0,0.0,0.0,0.11742587158313159,0.0,0.0,0.0,0.0,0.0,0.0,0.0,0.009034319386745827,0.0,0.05226808634621121,0.0,0.16791966270941952,0.0,0.035130856415400084,0.0,0.059077732694836724,0.0,0.007191041600890414,0.0,0.01495305552648805,0.0,0.0,,0.0,,0.0,,0.0,,0.0,,0.0,,0.0,,0.0,,0.0,,0.0,,0.0,,0.0,,0.0,,0.0,,0.0,,0.0,,0.0,,0.0,,0.0,,0.0,,0.0,,0.0,,0.0,,0.0,,0.0,,0.0,,0.0,,0.0,,0.0,,0.0,,0.0,,0.0,,0.0,,0.0,,0.0,,0.0,,0.0,,0.0,,0.0,,,,,,,,0.0,,,,,,,,,,,,0.01495305552648805,0.0,0.013369120208413425,0.0,0.0,0.0,0.042129769778022345,0.0,0.04469911201990072,0.0,0.0,,0.08999034561789948,0.0,0.0,0.0,0.0,0.0,0.0,0.0,0.0,0.0,0.0,0.0,0.0,0.0,0.00584346645046021,0.0,0.0,0.0,0.07373332647750007,0.0,0.0,0.0,0.061745212485010754,0.0,0.0,0.0,0.0,,0.0,,0.0,,0.0,,0.0,,0.0,,0.0,,0.0,,,,,,,,,,,,,,,,,,,,,,0,0,54,1
10,region_10,2023-11-18,,,,,,,,,,,,,,,0.0,0.0,,,,,,,,,,,,,,,,,,,,,,,,,0.0,0.0,,,,,,,,,,,,,0.0,0.0,0.0,0.0,0.0,0.0,0.0,0.0,0.0,0.0,0.0035058811455118116,0.0,,,0.0,0.0,0.0,0.0,0.0,0.0,0.0,0.0,0.0,0.0,0.0,0.0,0.0,0.0,0.0,0.0,0.0,0.0,0.025805651019207895,0.0,0.112701091915369,0.0,0.00671869817112259,0.0,0.0,0.0,0.0,0.0,0.0,0.0,0.0,0.0,0.0,0.0,0.06985086540076638,0.0,0.0,0.0,0.0044133019109721975,0.0,0.0,0.0,0.008930461604345111,0.0,0.04112375230545656,0.0,0.2758202985502206,0.0,0.03869373577002144,0.0,0.060783325831811744,0.0,0.011685822372479938,0.0,0.03910407375018944,0.0,0.0,,0.0,,0.0,,0.0,,0.0,,0.0,,0.0,,0.0,,0.0,,0.0,,0.0,,0.0,,0.0,,0.0,,0.0,,0.0,,0.0,,0.0,,0.0,,0.0,,0.0,,0.0,,0.0,,0.0,,0.0,,0.0,,0.0,,0.0,,0.0,,0.0,,0.0,,0.0,,0.0,,0.0,,0.0,,0.0,,0.0,,0.0,,0.0,,,,,,,,0.0,,,,,,,,,,,,0.02091084860671211,0.0,0.01976294216385189,0.0,0.0,0.0,0.0511828210109319,0.0,0.027744498880385566,0.0,0.0,,0.05250510608908739,0.0,0.005038636406728352,0.0,0.0,0.0,0.0,0.0,0.0,0.0,0.0,0.0,0.0,0.0,0.002921733225230105,0.0,0.0,0.0,0.0555854750773272,0.0,0.0,0.0,0.04048478511872529,0.0,0.0,0.0,0.0,,0.0,,0.0,,0.0,,0.0,,0.0,,0.0,,0.0,,,,,,,,,,,,,,,,,,,,,,0,0,54,2
10,region_10,2023-11-25,,,,,,,,,,,,,,,0.0,0.0,,,,,,,,,,,,,,,,,,,,,,,,,0.0,0.0,,,,,,,,,,,,,0.0,0.0,0.0,0.0,0.0,0.0,0.0,0.0,0.0,0.0,0.007011762291023623,0.0,,,0.0,0.0,0.0,0.0,0.0,0.0,0.0,0.0,0.0,0.0,0.0,0.0,0.0,0.0,0.0,0.0,0.0,0.0,0.014147665972510924,0.0,0.08744357526302333,0.0,0.0,0.0,0.0,0.0,0.0,0.0,0.0,0.0,0.0,0.0,0.0,0.0,0.022275859218401178,0.0,0.0,0.0,0.008826603821944395,0.0,0.0,0.0,0.008826603821944395,0.0,0.02997941826470191,0.0,0.3837209343910217,0.0,0.04225661512464279,0.0,0.06248891896878676,0.0,0.016180603144069463,0.0,0.06325509197389083,0.0,0.0,,0.0,,0.0,,0.0,,0.0,,0.0,,0.0,,0.0,,0.0,,0.0,,0.0,,0.0,,0.0,,0.0,,0.0,,0.0,,0.0,,0.0,,0.0,,0.0,,0.0,,0.0,,0.0,,0.0,,0.0,,0.0,,0.0,,0.0,,0.0,,0.0,,0.0,,0.0,,0.0,,0.0,,0.0,,0.0,,0.0,,0.0,,0.0,,,,,,,,0.0,,,,,,,,,,,,0.02686864168693617,0.0,0.02615676411929035,0.0,0.0,0.0,0.06023587224384145,0.0,0.010789885740870411,0.0,0.0,,0.015019866560275305,0.0,0.010077272813456705,0.0,0.0,0.0,0.0,0.0,0.0,0.0,0.0,0.0,0.0,0.0,0.0,0.0,0.0,0.0,0.037437623677154336,0.0,0.0,0.0,0.019224357752439827,0.0,0.0,0.0,0.0,,0.0,,0.0,,0.0,,0.0,,0.0,,0.0,,0.0,,,,,,,,,,,,,,,,,,,,,,0,0,54,3
10,region_10,2023-12-02,,,,,,,,,,,,,,,0.0,0.0,,,,,,,,,,,,,,,,,,,,,,,,,0.0,0.0,,,,,,,,,,,,,0.0,0.0,0.006750091352794103,0.0,0.0,0.0,0.0,0.0,0.0,0.0,0.02287797755327819,0.0,,,0.0,0.0,0.0,0.0,0.0,0.0,0.0,0.0,0.0,0.0,0.0,0.0,0.0,0.0,0.0,0.0,0.0,0.0,0.01415096353045088,0.0,0.09264226826397992,0.0,0.00330992616516977,0.0,0.0,0.0,0.0,0.0,0.0,0.0,0.0,0.0,0.0,0.0,0.03100548945510298,0.0,0.004172119467208758,0.0,0.008595745834387103,0.0,0.0,0.0,0.017450073735457552,0.0,0.029744782258364272,0.0,0.3742947142039026,0.0,0.029414589404417477,0.0,0.03905026708002476,0.0,0.02518756222796801,0.0,0.1018822253534889,0.0,0.0,,0.0,,0.0,,0.0,,0.0,,0.0,,0.0,,0.0,,0.0,,0.0,,0.0,,0.0,,0.0,,0.0,,0.0,,0.0,,0.0,,0.0,,0.0,,0.0,,0.0,,0.0,,0.0,,0.0,,0.0,,0.0,,0.0,,0.0,,0.0,,0.0,,0.0,,0.0,,0.0,,0.0,,0.0,,0.0,,0.0,,0.0,,0.0,,,,,,,,0.0,,,,,,,,,,,,0.019748059520917384,0.0,0.019027986561271765,0.0,0.0,0.0,0.03840421796401681,0.0,0.017574906611265803,0.0,0.011462079981962817,2.0,0.01731991685575621,0.0,0.005038636406728352,0.0,0.0,0.0,0.0,0.0,0.0,0.0,0.0,0.0,0.0,0.0,0.0,0.0,0.0017543723632115677,0.0,0.03700511766140133,0.0,0.0,0.0,0.013079042983519093,0.0,0.0,0.0,0.0,,0.0,,0.0,,0.0,,0.0,,0.0,,0.0,,0.0,,,,,,,,,,,,,,,,,,,,,,0,1,54,4
10,region_10,2023-12-09,,,,,,,,,,,,,,,0.0,0.0,,,,,,,,,,,,,,,,,,,,,,,,,0.0,0.0,,,,,,,,,,,,,0.0,0.0,0.013500182705588205,0.0,0.0,0.0,0.0,0.0,0.0,0.0,0.03874419281553276,0.0,,,0.0,0.0,0.0,0.0,0.0,0.0,0.0,0.0,0.0,0.0,0.0,0.0,0.0,0.0,0.0,0.0,0.0,0.0,0.014154261088390834,0.0,0.09784096126493651,0.0,0.00661985233033954,0.0,0.0,0.0,0.0,0.0,0.0,0.0,0.0,0.0,0.0,0.0,0.039735119691804786,0.0,0.008344238934417516,0.0,0.008364887846829813,0.0,0.0,0.0,0.026073543648970708,0.0,0.029510146252026637,0.0,0.36486849401678356,0.0,0.016572563684192163,0.0,0.015611615191262754,0.0,0.03419452131186656,0.0,0.14050935873308695,0.0,0.0,,0.0,,0.0,,0.0,,0.0,,0.0,,0.0,,0.0,,0.0,,0.0,,0.0,,0.0,,0.0,,0.0,,0.0,,0.0,,0.0,,0.0,,0.0,,0.0,,0.0,,0.0,,0.0,,0.0,,0.0,,0.0,,0.0,,0.0,,0.0,,0.0,,0.0,,0.0,,0.0,,0.0,,0.0,,0.0,,0.0,,0.0,,0.0,,,,,,,,0.0,,,,,,,,,,,,0.0126274773548986,0.0,0.01189920900325318,0.0,0.0,0.0,0.016572563684192163,0.0,0.024359927481661197,0.0,0.022924159963925633,0.0,0.019619967151237115,0.0,0.0,0.0,0.0,0.0,0.0,0.0,0.0,0.0,0.0,0.0,0.0,0.0,0.0,0.0,0.0035087447264231355,0.0,0.03657261164564831,0.0,0.0,0.0,0.006933728214598361,0.0,0.0,0.0,0.0,,0.0,,0.0,,0.0,,0.0,,0.0,,0.0,,0.0,,,,,,,,,,,,,,,,,,,,,,0,0,55,5
10,region_10,2023-12-16,,,,,,,,,,,,,,,0.0,0.0,,,,,,,,,,,,,,,,,,,,,,,,,0.0,0.0,,,,,,,,,,,,,0.0,0.0,0.006750091352794103,0.0,0.0,0.0,0.0,0.0,0.0,0.0,0.07217772131001474,0.0,,,0.0,0.0,0.0,0.0,0.0,0.0,0.0,0.0,0.0,0.0,0.0,0.0,0.0,0.0,0.0,0.0,0.0,0.0,0.007077130544195417,0.0,0.06418215699631658,0.0,0.00330992616516977,0.0,0.0,0.0,0.0,0.0,0.0,0.0,0.0,0.0,0.0,0.0,0.036736098270476414,0.0,0.004172119467208758,0.0,0.004182443923414906,0.0,0.0,0.0,0.0279615019735579,0.0,0.04006142697494425,0.0,0.28656064452869545,0.0,0.03369852742015311,0.0,0.007805807595631377,0.0,0.0357776369586862,0.0,0.24887338073408613,0.0,0.0,,0.0,,0.0,,0.0,,0.0,,0.0,,0.0,,0.0,,0.0,,0.0,,0.0,,0.0,,0.0,,0.0,,0.0,,0.0,,0.0,,0.0,,0.0,,0.0,,0.0,,0.0,,0.0,,0.0,,0.0,,0.0,,0.0,,0.0,,0.0,,0.0,,0.0,,0.0,,0.0,,0.0,,0.0,,0.0,,0.0,,0.0,,0.0,,,,,,,,0.0,,,,,,,,,,,,0.018413241688363412,0.0,0.00594960450162659,0.0,0.0,0.0,0.01403395786364138,0.0,0.01772439677754899,0.0,0.020179139139751567,0.0,0.024010676572001243,0.0,0.0,0.0,0.0031022968003526076,0.0,0.0,0.0,0.0,0.0,0.0,0.0,0.0,0.0,0.009000924806035027,0.0,0.0017543723632115677,0.0,0.030027455515142056,0.0,0.0,0.0,0.006207089056509235,0.0,0.0,0.0,0.0,,0.0,,0.0,,0.0,,0.0,,0.0,,0.0,,0.0,,,,,,,,,,,,,,,,,,,,,,0,0,55,6
10,region_10,2023-12-23,,,,,,,,,,,,,,,0.0,0.0,,,,,,,,,,,,,,,,,,,,,,,,,0.0,0.0,,,,,,,,,,,,,0.0,0.0,0.0,0.0,0.0,0.0,0.0,0.0,0.0,0.0,0.1056112498044967,0.0,,,0.0,0.0,0.0,0.0,0.0,0.0,0.0,0.0,0.0,0.0,0.0,0.0,0.0,0.0,0.0,0.0,0.0,0.0,0.0,0.0,0.030523352727696653,0.0,0.0,0.0,0.0,0.0,0.0,0.0,0.0,0.0,0.0,0.0,0.0,0.0,0.033737076849148034,0.0,0.0,0.0,0.0,0.0,0.0,0.0,0.029849460298145097,0.0,0.05061270769786186,0.0,0.2082527950406074,0.0,0.050824491156114066,0.0,0.0,0.0,0.03736075260550585,0.0,0.3572374027350853,0.0,0.0,,0.0,,0.0,,0.0,,0.0,,0.0,,0.0,,0.0,,0.0,,0.0,,0.0,,0.0,,0.0,,0.0,,0.0,,0.0,,0.0,,0.0,,0.0,,0.0,,0.0,,0.0,,0.0,,0.0,,0.0,,0.0,,0.0,,0.0,,0.0,,0.0,,0.0,,0.0,,0.0,,0.0,,0.0,,0.0,,0.0,,0.0,,0.0,,,,,,,,0.0,,,,,,,,,,,,0.024199006021828222,0.0,0.0,0.0,0.0,0.0,0.011495352043090596,0.0,0.011088866073436782,0.0,0.0174341183155775,0.0,0.02840138599276537,0.0,0.0,0.0,0.006204593600705215,0.0,0.0,0.0,0.0,0.0,0.0,0.0,0.0,0.0,0.018001849612070055,0.0,0.0,0.0,0.0234822993846358,0.0,0.0,0.0,0.005480449898420108,0.0,0.0,0.0,0.0,,0.0,,0.0,,0.0,,0.0,,0.0,,0.0,,0.0,,,,,,,,,,,,,,,,,,,,,,0,0,55,7
10,region_10,2023-12-30,,,,,,,,,,,,,,,0.0,0.0,,,,,,,,,,,,,,,,,,,,,,,,,0.0,0.0,,,,,,,,,,,,,0.0,0.0,0.0,0.0,0.0,0.0,0.0,0.0,0.0,0.0,0.06082723166845319,0.0,,,0.0,0.0,0.0,0.0,0.0,0.0,0.0,0.0,0.0,0.0,0.0,0.0,0.0,0.0,0.0,0.0,0.0,0.0,0.0,0.0,0.030248426774924984,0.0,0.0,0.0,0.0,0.0,0.0,0.0,0.0,0.0,0.0,0.0,0.0,0.0,0.01859880065205978,0.0,0.0,0.0,0.0009988026984501376,0.0,0.0,0.0,0.01857871414853015,0.0,0.028563299276722635,0.0,0.17806481176780325,0.0,0.03251211739924113,0.0,0.0029896673254875415,0.0,0.03923081238432461,0.0,0.4950559943180366,0.0,0.0,,0.0,,0.0,,0.0,,0.0,,0.0007649521576240375,2.0,0.0,,0.0015380559566740934,2.0,0.0,,0.02047680430114267,2.0,0.001245306051957085,2.0,0.0,,0.0,,0.0,,0.0,,0.0,,0.0,,0.0,,0.0,,0.0,,0.0,,0.0,,0.0,,0.0,,0.0,,0.0,,0.0,,0.0,,0.0,,0.0,,0.0,,0.0,,0.0,,0.0,,0.0,,0.0,,0.0,,0.0,,0.0,,,,,,,,0.0,,,,,,,,,,,,0.01778827841283872,0.0,0.0020042136764257057,0.0,0.0,0.0,0.007703888776268785,0.0,0.009228994788087337,0.0,0.00871705915778875,0.0,0.017494632186652623,0.0,0.0,0.0,0.0031022968003526076,0.0,0.0,0.0,0.0,0.0,0.0,0.0,0.0,0.0,0.010893541652245639,0.0,0.0,0.0,0.016721523160257473,0.0,0.0,0.0,0.006498156648720693,0.0,0.0,0.0,0.0,,0.0,,0.0,,0.0,,0.0,,0.0,,0.0,,0.0,,,,,,,,,,,,,,,,,,,,,,0,4,55,8
10,region_10,2024-01-06,,,,,,,,,,,,,,,0.0,0.0,,,,,,,,,,,,,,,,,,,,,,,,,0.0,0.0,,,,,,,,,,,,,0.0,0.0,0.0,0.0,0.0,0.0,0.0,0.0,0.0,0.0,0.01604321353240968,0.0,,,0.0,0.0,0.0,0.0,0.0,0.0,0.0,0.0,0.0,0.0,0.0,0.0,0.0,0.0,0.0,0.0,0.0,0.0,0.0,0.0,0.029973500822153314,0.0,0.0,0.0,0.0,0.0,0.0,0.0,0.0,0.0,0.0,0.0,0.0,0.0,0.003460524454971525,0.0,0.0,0.0,0.001997605396900275,0.0,0.0,0.0,0.007307967998915201,0.0,0.006513890855583411,0.0,0.14787682849499909,0.0,0.014199743642368205,0.0,0.005979334650975083,0.0,0.04110087216314337,0.0,0.6328745859009879,0.0,0.0,,0.0,,0.0,,0.0,,0.0,,0.001529904315248075,0.0,0.0,,0.003076111913348187,0.0,0.0,,0.04095360860228534,0.0,0.00249061210391417,0.0,0.0,,0.0,,0.0,,0.0,,0.0,,0.0,,0.0,,0.0,,0.0,,0.0,,0.0,,0.0,,0.0,,0.0,,0.0,,0.0,,0.0,,0.0,,0.0,,0.0,,0.0,,0.0,,0.0,,0.0,,0.0,,0.0,,0.0,,0.0,,,,,,,,0.0,,,,,,,,,,,,0.011377550803849218,0.0,0.0040084273528514115,0.0,0.0,0.0,0.003912425509446975,0.0,0.007369123502737892,0.0,0.0,0.0,0.006587878380539875,0.0,0.0,0.0,0.0,0.0,0.0,0.0,0.0,0.0,0.0,0.0,0.0,0.0,0.0037852336924212217,0.0,0.0,0.0,0.009960746935879145,0.0,0.0,0.0,0.007515863399021278,0.0,0.0,0.0,0.0,,0.0,,0.0,,0.0,,0.0,,0.0,,0.0,,0.0,,,,,,,,,,,,,,,,,,,,,,0,0,59,9
10,region_10,2024-01-13,,,,,,,,,,,,,,,0.0,0.0,,,,,,,,,,,,,,,,,,,,,,,,,0.0,0.0,,,,,,,,,,,,,0.0,0.0,0.0,0.0,0.0,0.0,0.0,0.0,0.0,0.0,0.022642445506247097,0.0,,,0.0,0.0,0.0,0.0,0.0,0.0,0.0,0.0,0.0,0.0,0.0,0.0,0.0,0.0,0.0,0.0,0.0,0.0,0.0,0.0,0.018849006129635658,0.0,0.0,0.0,0.0,0.0,0.0,0.0,0.0,0.0,0.0,0.0,0.0,0.0,0.004372539917300745,0.0,0.0,0.0,0.0009988026984501376,0.0,0.0,0.0,0.0036539839994576004,0.0,0.008199236045743007,0.0,0.10804893761568246,0.0,0.013165139331896222,0.0,0.0029896673254875415,0.0,0.029555261421889495,0.0,0.7051067931311471,0.0,0.0,,0.0,,0.0,,0.0,,0.0,,0.0025602368987165,0.0,0.0,,0.006652726799560039,0.0,0.0,,0.03154828917856013,0.0,0.01594554489323243,0.0,0.0,,0.0,,0.0,,0.0,,0.0,,0.0,,0.0,,0.0,,0.0,,0.0,,0.0,,0.0,,0.0,,0.0,,0.0,,0.0,,0.0,,0.0,,0.0,,0.0,,0.0,,0.0,,0.0,,0.0,,0.0,,0.0,,0.0,,0.0,,,,,,,,0.0,,,,,,,,,,,,0.009608231090371344,0.0,0.0020042136764257057,0.0,0.0,0.0,0.0035583981492053472,0.0,0.003684561751368946,0.0,0.0,0.0,0.004896124584751797,0.0,0.0,0.0,0.0,0.0,0.0,0.0,0.0,0.0,0.0,0.0,0.0,0.0,0.0018926168462106109,0.0,0.0,0.0,0.004980373467939572,0.0,0.00160218539448186,0.0,0.005360117093992499,0.0,0.0,0.0,0.0,,0.0,,0.0,,0.0,,0.0,,0.0,,0.0,,0.0,,,,,,,,,,,,,,,,,,,,,,0,0,59,10
10,region_10,2024-01-20,,,,,,,,,,,,,,,0.0,0.0,,,,,,,,,,,,,,,,,,,,,,,,,0.0,0.0,,,,,,,,,,,,,0.0,0.0,0.0,0.0,0.0,0.0,0.0,0.0,0.0,0.0,0.02924167748008451,0.0,,,0.0,0.0,0.0,0.0,0.0,0.0,0.0,0.0,0.0,0.0,0.0,0.0,0.0,0.0,0.0,0.0,0.0,0.0,0.0,0.0,0.007724511437118003,0.0,0.0,0.0,0.0,0.0,0.0,0.0,0.0,0.0,0.0,0.0,0.0,0.0,0.005284555379629964,0.0,0.0,0.0,0.0,0.0,0.0,0.0,0.0,0.0,0.009884581235902603,0.0,0.06822104673636582,0.0,0.01213053502142424,0.0,0.0,0.0,0.018009650680635616,0.0,0.7773390003613063,0.0,0.0,,0.0,,0.0,,0.0,,0.0,,0.003590569482184925,0.0,0.0,,0.01022934168577189,0.0,0.0,,0.022142969754834922,0.0,0.029400477682550694,0.0,0.0,,0.0,,0.0,,0.0,,0.0,,0.0,,0.0,,0.0,,0.0,,0.0,,0.0,,0.0,,0.0,,0.0,,0.0,,0.0,,0.0,,0.0,,0.0,,0.0,,0.0,,0.0,,0.0,,0.0,,0.0,,0.0,,0.0,,0.0,,,,,,,,0.0,,,,,,,,,,,,0.007838911376893472,0.0,0.0,0.0,0.0,0.0,0.0032043707889637197,0.0,0.0,0.0,0.0,0.0,0.00320437078896372,0.0,0.0,0.0,0.0,0.0,0.0,0.0,0.0,0.0,0.0,0.0,0.0,0.0,0.0,0.0,0.0,0.0,0.0,0.0,0.00320437078896372,0.0,0.00320437078896372,0.0,0.0,0.0,0.0,,0.0,,0.0,,0.0,,0.0,,0.0,,0.0,,0.0,,,,,,,,,,,,,,,,,,,,,,0,0,59,11
10,region_10,2024-01-27,,,,,,,,,,,,,,,0.0,0.0,,,,,,,,,,,,,,,,,,,,,,,,,0.0,0.0,,,,,,,,,,,,,0.0,0.0,0.0,0.0,0.0,0.0,0.0,0.0,0.0,0.0,0.016928033076496672,0.0,,,0.0,0.0,0.0,0.0,0.0,0.0,0.0,0.0,0.0,0.0,0.0,0.0,0.0,0.0,0.0,0.0,0.0,0.0,0.0,0.0,0.01475048956105152,0.0,0.0,0.0,0.0,0.0,0.0,0.0,0.0,0.0,0.0,0.0,0.0,0.0,0.002642277689814982,0.0,0.004024185829193253,0.0,0.001697035324896719,0.0,0.0,0.0,0.0,0.0,0.011230772866734382,0.0,0.0517930808007117,0.0,0.01726726468871616,0.0,0.0,0.0,0.009004825340317808,0.0,0.8071410723343617,0.0,0.00119155830470843,2.0,0.00258030313998458,2.0,0.0022815670430039103,2.0,0.0,,0.0,,0.003414896142203329,0.0,0.0,,0.008202673385052758,0.0,0.0,,0.025887789701422005,0.0,0.023329363530501676,0.0,0.0,,0.0,,0.0,,0.0,,0.0,,0.0,,0.0,,0.0,,0.0,,0.0,,0.0,,0.0,,0.0,,0.0,,0.0,,0.0,,0.0,,0.0,,0.0,,0.0,,0.0,,0.0,,0.0,,0.0,,0.0,,0.0,,0.0,,0.0,,,,,,,,0.0,,,,,,,,,,,,0.003919455688446736,0.0,0.0,0.0,0.0,0.0,0.0016021853944818598,0.0,0.0,0.0,0.0,0.0,0.00160218539448186,0.0,0.0,0.0,0.0,0.0,0.0,0.0,0.0,0.0,0.0,0.0,0.0,0.0,0.0,0.0,0.0,0.0,0.005207953625358618,0.0,0.00160218539448186,0.0,0.00160218539448186,0.0,0.0,0.0,0.002236889467375059,2.0,0.0,,0.0,,0.0,,0.0,,0.0,,0.0,,0.0,,,,,,,,,,,,,,,,,,,,,,0,4,59,12
10,region_10,2024-02-03,,,,,,,,,,,,,,,0.0,0.0,,,,,,,,,,,,,,,,,,,,,,,,,0.0,0.0,,,,,,,,,,,,,0.0,0.0,0.0,0.0,0.0,0.0,0.0,0.0,0.0,0.0,0.004614388672908835,0.0,,,0.0,0.0,0.0,0.0,0.0,0.0,0.0,0.0,0.0,0.0,0.0,0.0,0.0,0.0,0.0,0.0,0.0,0.0,0.0,0.0,0.021776467684985035,0.0,0.0,0.0,0.0,0.0,0.0,0.0,0.0,0.0,0.0,0.0,0.0,0.0,0.0,0.0,0.008048371658386505,0.0,0.003394070649793438,0.0,0.0,0.0,0.0,0.0,0.01257696449756616,0.0,0.03536511486505756,0.0,0.02240399435600808,0.0,0.0,0.0,0.0,0.0,0.836943144307417,0.0,0.00238311660941686,0.0,0.00516060627996916,0.0,0.004563134086007821,0.0,0.0,,0.0,,0.0032392228022217334,0.0,0.0,,0.006176005084333624,0.0,0.0,,0.02963260964800909,0.0,0.017258249378452658,0.0,0.0,,0.0,,0.0,,0.0,,0.0,,0.0,,0.0,,0.0,,0.0,,0.0,,0.0,,0.0,,0.0,,0.0,,0.0,,0.0,,0.0,,0.0,,0.0,,0.0,,0.0,,0.0,,0.0,,0.0,,0.0,,0.0,,0.0,,0.0,,,,,,,,0.0,,,,,,,,,,,,0.0,0.0,0.0,0.0,0.0,0.0,0.0,0.0,0.0,0.0,0.0,0.0,0.0,0.0,0.0,0.0,0.0,0.0,0.0,0.0,0.0,0.0,0.0,0.0,0.0,0.0,0.0,0.0,0.0,0.0,0.010415907250717235,0.0,0.0,0.0,0.0,0.0,0.0,0.0,0.004473778934750118,0.0,0.0,,0.0,,0.0,,0.0,,0.0,,0.0,,0.0,,,,,,,,,,,,,,,,,,,,,,0,0,63,13
10,region_10,2024-02-10,,,,,,,,,,,,,,,0.0,0.0,,,,,,,,,,,,,,,,,,,,,,,,,0.0,0.0,,,,,,,,,,,,,0.0,0.0,0.0,0.0,0.0,0.0,0.0,0.0,0.0,0.0,0.007103681058308263,0.0,,,0.0,0.0,0.0,0.0,0.0,0.0,0.0,0.0,0.0,0.0,0.0,0.0,0.0,0.0,0.0,0.0,0.0,0.0,0.0,0.0,0.014744517124572495,0.0,0.0,0.0,0.0,0.0,0.0,0.0,0.0,0.0,0.0,0.0,0.0,0.0,0.0,0.0,0.004024185829193253,0.0,0.001697035324896719,0.0,0.0,0.0,0.0,0.0,0.009100468503311218,0.0,0.025326982522366686,0.0,0.01120199717800404,0.0,0.0038162369252831355,0.0,0.00250254544080233,0.0,0.8253952807443027,0.0,0.00119155830470843,0.0,0.004477939009666393,0.0,0.004134052405909895,0.0,0.003987989914152863,2.0,0.0,,0.00815231794717181,0.0,0.0,,0.009337431019438113,0.0,0.0,,0.04747234461829061,0.0,0.024066979050015366,0.0,0.0,,0.0,,0.0,,0.0,,0.0,,0.0,,0.0,,0.0,,0.0,,0.0014436157594900376,2.0,0.0,,0.007872442498670066,2.0,0.0,,0.0,,0.0,,0.0,,0.0,,0.0,,0.0,,0.0,,0.0,,0.0,,0.0,,0.0,,0.0,,0.0,,0.0,,0.0,,,,,,,,0.0,,,,,,,,,,,,0.0,0.0,0.0,0.0,0.0,0.0,0.0,0.0,0.0,0.0,0.0,0.0,0.0,0.0,0.0,0.0,0.0,0.0,0.0,0.0,0.0,0.0,0.0,0.0,0.0,0.0,0.0,0.0,0.0,0.0,0.005207953625358618,0.0,0.0,0.0,0.0,0.0,0.0,0.0,0.004884213670655769,0.0,0.0,,0.0,,0.0,,0.0,,0.0,,0.0,,0.0,,,,,,,,,,,,,,,,,,,,,,0,3,63,14
10,region_10,2024-02-17,,,,,,,,,,,,,,,0.0,0.0,,,,,,,,,,,,,,,,,,,,,,,,,0.0,0.0,,,,,,,,,,,,,0.0,0.0,0.0,0.0,0.0,0.0,0.0,0.0,0.0,0.0,0.009592973443707692,0.0,,,0.0,0.0,0.0,0.0,0.0,0.0,0.0,0.0,0.0,0.0,0.0,0.0,0.0,0.0,0.0,0.0,0.0,0.0,0.0,0.0,0.0077125665641599546,0.0,0.0,0.0,0.0,0.0,0.0,0.0,0.0,0.0,0.0,0.0,0.0,0.0,0.0,0.0,0.0,0.0,0.0,0.0,0.0,0.0,0.0,0.0,0.005623972509056275,0.0,0.01528885017967581,0.0,0.0,0.0,0.007632473850566271,0.0,0.00500509088160466,0.0,0.8138474171811884,0.0,0.0,0.0,0.0037952717393636252,0.0,0.0037049707258119697,0.0,0.007975979828305725,0.0,0.0,,0.013065413092121888,0.0,0.0,,0.012498856954542602,0.0,0.0,,0.06531207958857214,0.0,0.030875708721578073,0.0,0.0,,0.0,,0.0,,0.0,,0.0,,0.0,,0.0,,0.0,,0.0,,0.002887231518980075,0.0,0.0,,0.01574488499734013,0.0,0.0,,0.0,,0.0,,0.0,,0.0,,0.0,,0.0,,0.0,,0.0,,0.0,,0.0,,0.0,,0.0,,0.0,,0.0,,0.0,,,,,,,,0.0,,,,,,,,,,,,0.0,0.0,0.0,0.0,0.0,0.0,0.0,0.0,0.0,0.0,0.0,0.0,0.0,0.0,0.0,0.0,0.0,0.0,0.0,0.0,0.0,0.0,0.0,0.0,0.0,0.0,0.0,0.0,0.0,0.0,0.0,0.0,0.0,0.0,0.0,0.0,0.0,0.0,0.005294648406561419,0.0,0.0,,0.0,,0.0,,0.0,,0.0,,0.0,,0.0,,,,,,,,,,,,,,,,,,,,,,0,0,66,15
10,region_10,2024-02-24,,,,,,,,,,,,,,,0.0,0.0,,,,,,,,,,,,,,,,,,,,,,,,,0.0,0.0,,,,,,,,,,,,,0.0,0.0,0.00437541194260119,0.0,0.0,0.0,0.0,0.0,0.0,0.0,0.00894927458086216,0.0,,,0.0,0.0,0.0,0.0,0.0,0.0,0.0,0.0,0.0,0.0,0.0,0.0,0.0,0.0,0.0,0.0,0.0,0.0,0.0,0.0,0.0038562832820799773,0.0,0.0,0.0,0.0,0.0,0.0,0.0,0.0,0.0,0.0,0.0,0.0,0.0,0.0,0.0,0.0,0.0,0.0,0.0,0.0,0.0,0.0,0.0,0.0028119862545281375,0.0,0.014173968444634746,0.0,0.0,0.0,0.0038162369252831355,0.0,0.00250254544080233,0.0,0.8356265735484866,0.0,0.0,0.0,0.005963277537375646,0.0,0.00509382278594946,0.0,0.003987989914152863,0.0,0.0,,0.006532706546060944,0.0,0.0,,0.009101535118783647,0.0,0.0031551865838645265,2.0,0.07022356217106179,0.0,0.025020735224031546,0.0,0.0,,0.0,,0.0,,0.0,,0.0,,0.0,,0.0,,0.0,,0.0,,0.0014436157594900376,0.0,0.0,,0.007872442498670066,0.0,0.0,,0.0,,0.0,,0.0,,0.0,,0.0,,0.0,,0.0,,0.0,,0.0,,0.0,,0.0,,0.0,,0.0,,0.0,,0.0,,,,,,,,0.0,,,,,,,,,,,,0.0,0.0,0.0,0.0,0.0,0.0,0.0,0.0,0.0,0.0,0.0,0.0,0.0,0.0,0.0,0.0,0.0,0.0,0.0,0.0,0.0,0.0,0.0,0.0,0.0,0.0,0.0,0.0,0.0,0.0,0.0,0.0,0.0,0.0,0.0,0.0,0.0,0.0,0.006796274759662507,0.0,0.0,,0.0,,0.0,,0.0,,0.0,,0.0,,0.0,,,,,,,,,,,,,,,,,,,,,,0,1,66,16
10,region_10,2024-03-02,,,,,,,,,,,,,,,0.0,0.0,,,,,,,,,,,,,,,,,,,,,,,,,0.0,0.0,,,,,,,,,,,,,0.0,0.0,0.00875082388520238,0.0,0.0,0.0,0.0,0.0,0.0,0.0,0.00830557571801663,0.0,,,0.0,0.0,0.0,0.0,0.0,0.0,0.0,0.0,0.0,0.0,0.0,0.0,0.0,0.0,0.0,0.0,0.0,0.0,0.0,0.0,0.0,0.0,0.0,0.0,0.0,0.0,0.0,0.0,0.0,0.0,0.0,0.0,0.0,0.0,0.0,0.0,0.0,0.0,0.0,0.0,0.0,0.0,0.0,0.0,0.0,0.0,0.013059086709593682,0.0,0.0,0.0,0.0,0.0,0.0,0.0,0.8574057299157848,0.0,0.0,0.0,0.008131283335387667,0.0,0.0064826748460869495,0.0,0.0,0.0,0.0,,0.0,0.0,0.0,,0.00570421328302469,0.0,0.006310373167729053,0.0,0.07513504475355144,0.0,0.019165761726485018,0.0,0.0,,0.0,,0.0,,0.0,,0.0,,0.0,,0.0,,0.0,,0.0,,0.0,0.0,0.0,,0.0,0.0,0.0,,0.0,,0.0,,0.0,,0.0,,0.0,,0.0,,0.0,,0.0,,0.0,,0.0,,0.0,,0.0,,0.0,,0.0,,0.0,,,,,,,,0.0,,,,,,,,,,,,0.0,0.0,0.0,0.0,0.0,0.0,0.0,0.0,0.0,0.0,0.0,0.0,0.0,0.0,0.0,0.0,0.0,0.0,0.0,0.0,0.0,0.0,0.0,0.0,0.0,0.0,0.0,0.0,0.0,0.0,0.0,0.0,0.0,0.0,0.0,0.0,0.0,0.0,0.008297901112763595,0.0,0.0,,0.0,,0.0,,0.0,,0.0,,0.0,,0.0,,,,,,,,,,,,,,,,,,,,,,0,0,67,17
10,region_10,2024-03-09,,,,,,,,,,,,,,,0.0,0.0,,,,,,,,,,,,,,,,,,,,,,,,,0.0,0.0,,,,,,,,,,,,,0.0,0.0,0.00437541194260119,0.0,0.0,0.0,0.0,0.0,0.0,0.0,0.011111961487802587,0.0,,,0.0,0.0,0.0,0.0,0.0,0.0,0.0,0.0,0.0,0.0,0.0,0.0,0.0,0.0,0.0,0.0,0.0,0.0,0.0,0.0,0.0,0.0,0.0,0.0,0.0,0.0,0.0,0.0,0.0,0.0,0.0,0.0,0.0,0.0,0.0,0.0,0.0,0.0,0.0,0.0,0.0,0.0,0.0,0.0,0.0,0.0,0.006529543354796841,0.0,0.0,0.0,0.0,0.0,0.0,0.0,0.8394757250080938,0.0,0.0048706775996833745,0.0,0.004065641667693833,0.0,0.01018578191922805,0.0,0.011876006610691534,0.0,0.0070225446640203165,2.0,0.006688059385245017,0.0,0.0,,0.019645763968583155,0.0,0.0031551865838645265,0.0,0.07949845865368839,0.0,0.014830774327062698,0.0,0.004915129975415738,2.0,0.0,,0.0,,0.0,,0.0,,0.0,,0.0,,0.0,,0.0,,0.02099157385528086,0.0,0.008119035900259983,2.0,0.0,0.0,0.0,,0.0,,0.0,,0.0,,0.0,,0.0,,0.0,,0.0,,0.0,,0.0,,0.0,,0.0,,0.0,,0.0,,0.0,,0.0,,,,,,,,0.0,,,,,,,,,,,,0.0,0.0,0.0,0.0,0.0,0.0,0.0,0.0,0.0,0.0,0.0,0.0,0.0,0.0,0.0,0.0,0.0,0.0,0.0,0.0,0.0,0.0,0.0,0.0,0.0,0.0,0.0,0.0,0.0,0.0,0.0,0.0,0.0,0.0,0.0,0.0,0.0,0.0,0.004148950556381798,0.0,0.0,,0.0,,0.0,,0.0,,0.0,,0.0,,0.0,,,,,,,,,,,,,,,,,,,,,,0,3,67,18
10,region_10,2024-03-16,,,,,,,,,,,,,,,0.0,0.0,,,,,,,,,,,,,,,,,,,,,,,,,0.0,0.0,,,,,,,,,,,,,0.0,0.0,0.0,0.0,0.0,0.0,0.0,0.0,0.0,0.0,0.013918347257588544,0.0,,,0.0,0.0,0.0,0.0,0.0,0.0,0.0,0.0,0.0,0.0,0.0,0.0,0.0,0.0,0.0,0.0,0.0,0.0,0.0,0.0,0.0,0.0,0.0,0.0,0.0,0.0,0.0,0.0,0.0,0.0,0.0,0.0,0.0,0.0,0.0,0.0,0.0,0.0,0.0,0.0,0.0,0.0,0.0,0.0,0.0,0.0,0.0,0.0,0.0,0.0,0.0,0.0,0.0,0.0,0.8215457201004028,0.0,0.009741355199366749,0.0,0.0,0.0,0.01388888899236915,0.0,0.023752013221383067,0.0,0.014045089328040633,0.0,0.013376118770490034,0.0,0.0,,0.03358731465414162,0.0,0.0,0.0,0.08386187255382534,0.0,0.01049578692764038,0.0,0.009830259950831475,0.0,0.0,,0.0,,0.0,,0.0,,0.0,,0.0,,0.0,,0.0,,0.04198314771056172,0.0,0.016238071800519966,0.0,0.0,0.0,0.0,,0.0,,0.0,,0.0,,0.0,,0.0,,0.0,,0.0,,0.0,,0.0,,0.0,,0.0,,0.0,,0.0,,0.0,,0.0,,,,,,,,0.0,,,,,,,,,,,,0.0,0.0,0.0,0.0,0.0,0.0,0.0,0.0,0.0,0.0,0.0,0.0,0.0,0.0,0.0,0.0,0.0,0.0,0.0,0.0,0.0,0.0,0.0,0.0,0.0,0.0,0.0,0.0,0.0,0.0,0.0,0.0,0.0,0.0,0.0,0.0,0.0,0.0,0.0,0.0,0.0,,0.0,,0.0,,0.0,,0.0,,0.0,,0.0,,,,,,,,,,,,,,,,,,,,,,0,0,70,19
10,region_10,2024-03-23,,,,,,,,,,,,,,,0.0,0.0,,,,,,,,,,,,,,,,,,,,,,,,,0.0,0.0,,,,,,,,,,,,,0.0,0.0,0.0,0.0,0.0,0.0,0.0,0.0,0.0,0.0,0.02006794198948354,0.0,,,0.0,0.0,0.0,0.0,0.0,0.0,0.0,0.0,0.0,0.0,0.0,0.0,0.0,0.0,0.0,0.0,0.0,0.0,0.0,0.0,0.0,0.0,0.0,0.0,0.0,0.0,0.0,0.0,0.0,0.0,0.0,0.0,0.0,0.0,0.0,0.0,0.0,0.0,0.0,0.0,0.0,0.0,0.0,0.0,0.0,0.0,0.0,0.0,0.0,0.0,0.0,0.0,0.0,0.0,0.7585989534854889,0.0,0.012429931084625374,0.0,0.0,0.0,0.02674943010788408,0.0,0.022685138136148423,0.0,0.0070225446640203165,0.0,0.03314838400627999,0.0,0.0,,0.01679365732707081,0.0,0.006110750604420884,0.0,0.12797481939196584,0.0,0.012857765999312157,0.0,0.004915129975415738,0.0,0.0,,0.0,,0.006078691532214467,1.0,0.0,,0.0,,0.009468569087662844,1.0,0.0,,0.0,,0.027102324459701743,0.0,0.023950583955627776,0.0,0.007208770047873241,0.0,0.0,,0.007498958536113283,2.0,0.0,,0.0,,0.0,,0.0,,0.0,,0.0,,0.0,,0.0,,0.0,,0.0,,0.0,,0.0,,0.0,,0.0,,,,,,,,0.0,,,,,,,,,,,,0.0,0.0,0.0,0.0,0.0,0.0,0.0,0.0,0.0,0.0,0.0,0.0,0.0,0.0,0.0,0.0,0.0,0.0,0.0,0.0,0.0,0.0,0.0,0.0,0.0,0.0,0.0,0.0,0.0,0.0,0.0,0.0,0.0,0.0,0.0,0.0,0.0,0.0,0.0,0.0,0.0,,0.0,,0.0,,0.0,,0.0,,0.0,,0.0,,,,,,,,,,,,,,,,,,,,,,2,1,70,0
10,region_10,2024-03-30,,,,,,,,,,,,,,,0.0,0.0,,,,,,,,,,,,,,,,,,,,,,,,,0.0,0.0,,,,,,,,,,,,,0.0,0.0,0.0,0.0,0.0,0.0,0.0,0.0,0.0,0.0,0.026217536721378533,0.0,,,0.0,0.0,0.0,0.0,0.0,0.0,0.0,0.0,0.0,0.0,0.0,0.0,0.0,0.0,0.0,0.0,0.0,0.0,0.0,0.0,0.0,0.0,0.0,0.0,0.0,0.0,0.0,0.0,0.0,0.0,0.0,0.0,0.0,0.0,0.0,0.0,0.0,0.0,0.0,0.0,0.0,0.0,0.0,0.0,0.0,0.0,0.0,0.0,0.0,0.0,0.0,0.0,0.0,0.0,0.695652186870575,0.0,0.015118506969884,0.0,0.0,0.0,0.039609971223399015,0.0,0.02161826305091378,0.0,0.0,0.0,0.052920649242069955,0.0,0.0,,0.0,0.0,0.012221501208841768,0.0,0.17208776623010633,0.0,0.015219745070983934,0.0,0.0,0.0,0.0,,0.0,,0.012157383064428933,0.0,0.0,,0.0,,0.018937138175325687,0.0,0.0,,0.0,,0.012221501208841768,0.0,0.03166309611073558,0.0,0.014417540095746481,0.0,0.0,,0.014997917072226566,0.0,0.0,,0.0,,0.0,,0.0,,0.0,,0.0,,0.0,,0.0,,0.0,,0.0,,0.0,,0.0,,0.0,,0.0,,,,,,,,0.0,,,,,,,,,,,,0.0,0.0,0.0,0.0,0.0,0.0,0.0,0.0,0.0,0.0,0.0,0.0,0.0,0.0,0.0,0.0,0.0,0.0,0.0,0.0,0.0,0.0,0.0,0.0,0.0,0.0,0.0,0.0,0.0,0.0,0.0,0.0,0.0,0.0,0.0,0.0,0.0,0.0,0.0,0.0,0.0,,0.0,,0.0,,0.0,,0.0,,0.0,,0.0,,,,,,,,,,,,,,,,,,,,,,0,0,73,1
10,region_10,2024-04-06,,,,,,,,,,,,,,,0.0,0.0,,,,,,,,,,,,,,,,,,,,,,,,,0.0,0.0,,,,,,,,,,,,,0.0,0.0,0.0,0.0,0.0,0.0,0.0,0.0,0.0,0.0,0.013108768360689266,0.0,,,0.0,0.0,0.0,0.0,0.0,0.0,0.0,0.0,0.0,0.0,0.0,0.0,0.0,0.0,0.0,0.0,0.0,0.0,0.0,0.0,0.0,0.0,0.0,0.0,0.0,0.0,0.0,0.0,0.0,0.0,0.0,0.0,0.0,0.0,0.0,0.0,0.0,0.0,0.0,0.0,0.0,0.0,0.0,0.0,0.0,0.0,0.0,0.0,0.0,0.0,0.0,0.0,0.0,0.0,0.5496134027838707,0.0,0.007559253484942,0.0,0.0,0.0,0.03448912554886189,0.0,0.06918575596064327,0.0,0.0,0.0,0.026460324621034977,0.0,0.0,,0.0,0.0,0.006110750604420884,0.0,0.21926673576235772,0.0,0.007609872535491967,0.0,0.0,0.0,0.0,,0.0,,0.06040722649130553,0.0,0.0,,0.0,,0.025328540841915735,0.0,0.0,,0.0317199435085058,2.0,0.006110750604420884,0.0,0.03649186196603941,0.0,0.007208770047873241,0.0,0.0,,0.007498958536113283,0.0,0.0,,0.0,,0.0,,0.0,,0.0,,0.0,,0.0,,0.0,,0.0,,0.0,,0.0,,0.0,,0.0,,0.0,,,,,,,,0.0,,,,,,,,,,,,0.0,0.0,0.0,0.0,0.0,0.0,0.0,0.0,0.0,0.0,0.0,0.0,0.0,0.0,0.0,0.0,0.0,0.0,0.0,0.0,0.0,0.0,0.0,0.0,0.0,0.0,0.0,0.0,0.0,0.0,0.0,0.0,0.0,0.0,0.0,0.0,0.0,0.0,0.0,0.0,0.027993464143946743,2.0,0.0,,0.0,,0.0,,0.0,,0.0,,0.0,,,,,,,,,,,,,,,,,,,,,,0,2,73,2
10,region_10,2024-04-13,,,,,,,,,,,,,,,0.0,0.0,,,,,,,,,,,,,,,,,,,,,,,,,0.0,0.0,,,,,,,,,,,,,0.0,0.0,0.0,0.0,0.0,0.0,0.0,0.0,0.0,0.0,0.0,0.0,,,0.0,0.0,0.0,0.0,0.0,0.0,0.0,0.0,0.0,0.0,0.0,0.0,0.0,0.0,0.0,0.0,0.0,0.0,0.0,0.0,0.0,0.0,0.0,0.0,0.0,0.0,0.0,0.0,0.0,0.0,0.0,0.0,0.0,0.0,0.0,0.0,0.0,0.0,0.0,0.0,0.0,0.0,0.0,0.0,0.0,0.0,0.0,0.0,0.0,0.0,0.0,0.0,0.0,0.0,0.40357461869716643,0.0,0.0,0.0,0.0,0.0,0.02936827987432476,0.0,0.11675324887037278,0.0,0.0,0.0,0.0,0.0,0.0,,0.0,0.0,0.0,0.0,0.2664457052946091,0.0,0.0,0.0,0.0,0.0,0.0,,0.0,,0.10865706991818212,0.0,0.0,,0.0,,0.03171994350850579,0.0,0.0,,0.0634398870170116,0.0,0.0,0.0,0.041320627821343235,0.0,0.0,0.0,0.0,,0.0,0.0,0.0,,0.0,,0.0,,0.0,,0.0,,0.0,,0.0,,0.0,,0.0,,0.0,,0.0,,0.0,,0.0,,0.0,,,,,,,,0.0,,,,,,,,,,,,0.0,0.0,0.0,0.0,0.0,0.0,0.0,0.0,0.0,0.0,0.0,0.0,0.0,0.0,0.0,0.0,0.0,0.0,0.0,0.0,0.0,0.0,0.0,0.0,0.0,0.0,0.0,0.0,0.0,0.0,0.0,0.0,0.0,0.0,0.0,0.0,0.0,0.0,0.0,0.0,0.055986928287893485,0.0,0.0,,0.0,,0.0,,0.0,,0.0,,0.0,,,,,,,,,,,,,,,,,,,,,,0,0,75,3
10,region_10,2024-04-20,,,,,,,,,,,,,,,0.0,0.0,,,,,,,,,,,,,,,,,,,,,,,,,0.0,0.0,,,,,,,,,,,,,0.0,0.0,0.0,0.0,0.0,0.0,0.0,0.0,0.0,0.0,0.0,0.0,,,0.0,0.0,0.0,0.0,0.0,0.0,0.0,0.0,0.0,0.0,0.0,0.0,0.0,0.0,0.0,0.0,0.0,0.0,0.0,0.0,0.0,0.0,0.0,0.0,0.0,0.0,0.0,0.0,0.0,0.0,0.0,0.0,0.0,0.0,0.0,0.0,0.0,0.0,0.0,0.0,0.0,0.0,0.0,0.0,0.0,0.0,0.0,0.0,0.0,0.0,0.0,0.0,0.0,0.0,0.3366625249385834,0.0,0.042232480166213844,0.0,0.0,0.0,0.01468413993716238,0.0,0.05837662443518639,0.0,0.0,0.0,0.01316087171435354,0.0,0.0,,0.0,0.0,0.0,0.0,0.19200166994705797,0.0,0.07429369373453987,0.0,0.06273743054933018,0.0,0.0,,0.0,,0.09793736340685019,0.0,0.0,,0.0,,0.06576632615178821,0.0,0.0,,0.0317199435085058,0.0,0.025554541084501465,0.0,0.020660313910671618,0.0,0.0,0.0,0.0,,0.0263217434287071,0.0,0.0,,0.0,,0.0,,0.0,,0.0,,0.0,,0.0,,0.0,,0.0,,0.0,,0.0,,0.0,,0.0,,0.0,,,,,,,,0.0,,,,,,,,,,,,0.0,0.0,0.0,0.0,0.0,0.0,0.0,0.0,0.0,0.0,0.0,0.0,0.0,0.0,0.0,0.0,0.0,0.0,0.0,0.0,0.0,0.0,0.0,0.0,0.0,0.0,0.0,0.0,0.0,0.0,0.0,0.0,0.0,0.0,0.0,0.0,0.0,0.0,0.0,0.0,0.027993464143946743,0.0,0.0,,0.0,,0.0,,0.0,,0.0,,0.0,,,,,,,,,,,,,,,,,,,,,,0,0,75,4
10,region_10,2024-04-27,,,,,,,,,,,,,,,0.0,0.0,,,,,,,,,,,,,,,,,,,,,,,,,0.0,0.0,,,,,,,,,,,,,0.0,0.0,0.0,0.0,0.0,0.0,0.0,0.0,0.0,0.0,0.0,0.0,,,0.0,0.0,0.0,0.0,0.0,0.0,0.0,0.0,0.0,0.0,0.0,0.0,0.0,0.0,0.0,0.0,0.0,0.0,0.0,0.0,0.0,0.0,0.0,0.0,0.0,0.0,0.0,0.0,0.0,0.0,0.0,0.0,0.0,0.0,0.0,0.0,0.0,0.0,0.0,0.0,0.0,0.0,0.0,0.0,0.0,0.0,0.0,0.0,0.0,0.0,0.0,0.0,0.0,0.0,0.2697504311800003,0.0,0.08446496033242769,0.0,0.0,0.0,0.0,0.0,0.0,0.0,0.0,0.0,0.02632174342870708,0.0,0.0,,0.0,0.0,0.0,0.0,0.11755763459950684,0.0,0.14858738746907973,0.0,0.12547486109866035,0.0,0.0,,0.0,,0.08721765689551828,0.0,0.0,,0.0,,0.09981270879507063,0.0,0.0,,0.0,0.0,0.05110908216900293,0.0,0.0,0.0,0.0,0.0,0.0,,0.0526434868574142,0.0,0.0,,0.0,,0.0,,0.0,,0.0,,0.0,,0.0,,0.0,,0.0,,0.0,,0.0,,0.0,,0.0,,0.0,,,,,,,,0.0,,,,,,,,,,,,0.0,0.0,0.0,0.0,0.0,0.0,0.0,0.0,0.0,0.0,0.0,0.0,0.0,0.0,0.0,0.0,0.0,0.0,0.0,0.0,0.0,0.0,0.0,0.0,0.0,0.0,0.0,0.0,0.0,0.0,0.0,0.0,0.0,0.0,0.0,0.0,0.0,0.0,0.0,0.0,0.0,0.0,0.0,,0.0,,0.0,,0.0,,0.0,,0.0,,,,,,,,,,,,,,,,,,,,,,0,0,75,5
10,region_10,2024-05-04,,,,,,,,,,,,,,,0.0,0.0,,,,,,,,,,,,,,,,,,,,,,,,,0.0,0.0,,,,,,,,,,,,,0.0,0.0,0.0,0.0,0.0,0.0,0.0,0.0,0.0,0.0,0.0,0.0,,,0.0,0.0,0.0,0.0,0.0,0.0,0.0,0.0,0.0,0.0,0.0,0.0,0.0,0.0,0.0,0.0,0.0,0.0,0.0,0.0,0.0,0.0,0.0,0.0,0.0,0.0,0.0,0.0,0.0,0.0,0.0,0.0,0.0,0.0,0.0,0.0,0.0,0.0,0.0,0.0,0.0,0.0,0.0,0.0,0.0,0.0,0.0,0.0,0.0,0.0,0.0,0.0,0.0,0.0,0.3758613115974835,0.0,0.042232480166213844,0.0,0.0,0.0,0.017487374134361723,0.0,0.022554678997645756,0.0,0.0,0.0,0.020652454408506524,0.0,0.0,,0.0,0.0,0.0,0.0,0.11193538503721354,0.0,0.08178527642869285,0.0,0.07772059593763614,0.0,0.0,,0.0,,0.05859199383606511,0.0,0.0,,0.0,,0.13791847974061963,0.0,0.0,,0.007491582694152984,0.0,0.04053770647280743,0.0,0.022554678997645756,0.0,0.0,0.0,0.0,,0.0263217434287071,0.0,0.0,,0.0,,0.0,,0.0,,0.0,,0.0,,0.0,,0.0,,0.0,,0.0,,0.0,,0.0,,0.0,,0.0,,,,,,,,0.0,,,,,,,,,,,,0.0,0.0,0.0,0.0,0.0,0.0,0.0,0.0,0.0,0.0,0.0,0.0,0.0,0.0,0.0,0.0,0.0,0.0,0.0,0.0,0.0,0.0,0.0,0.0,0.0,0.0,0.0,0.0,0.0,0.0,0.0,0.0,0.0,0.0,0.0,0.0,0.0,0.0,0.0,0.0,0.01404040437191723,0.0,0.0,,0.0,,0.0,,0.0,,0.0,,0.0,,,,,,,,,,,,,,,,,,,,,,0,0,75,6
10,region_10,2024-05-11,,,,,,,,,,,,,,,0.0,0.0,,,,,,,,,,,,,,,,,,,,,,,,,0.0,0.0,,,,,,,,,,,,,0.0,0.0,0.0,0.0,0.0,0.0,0.0,0.0,0.0,0.0,0.0,0.0,,,0.0,0.0,0.0,0.0,0.0,0.0,0.0,0.0,0.0,0.0,0.0,0.0,0.0,0.0,0.0,0.0,0.0,0.0,0.0,0.0,0.0,0.0,0.0,0.0,0.0,0.0,0.0,0.0,0.0,0.0,0.0,0.0,0.0,0.0,0.0,0.0,0.0,0.0,0.0,0.0,0.0,0.0,0.0,0.0,0.0,0.0,0.0,0.0,0.0,0.0,0.0,0.0,0.0,0.0,0.4819721920149667,0.0,0.0,0.0,0.0,0.0,0.034974748268723446,0.0,0.04510935799529151,0.0,0.0,0.0,0.014983165388305969,0.0,0.0,,0.0,0.0,0.0,0.0,0.10631313547492025,0.0,0.014983165388305969,0.0,0.029966330776611937,0.0,0.0,,0.0,,0.029966330776611937,0.0,0.0,,0.0,,0.17602425068616864,0.0,0.0,,0.014983165388305969,0.0,0.029966330776611937,0.0,0.04510935799529151,0.0,0.0,0.0,0.0,,0.0,0.0,0.0,,0.0,,0.0,,0.0,,0.0,,0.0,,0.0,,0.0,,0.0,,0.0,,0.0,,0.0,,0.0,,0.0,,,,,,,,0.0,,,,,,,,,,,,0.0,0.0,0.0,0.0,0.0,0.0,0.0,0.0,0.0,0.0,0.0,0.0,0.0,0.0,0.0,0.0,0.0,0.0,0.0,0.0,0.0,0.0,0.0,0.0,0.0,0.0,0.0,0.0,0.0,0.0,0.0,0.0,0.0,0.0,0.0,0.0,0.0,0.0,0.0,0.0,0.02808080874383446,0.0,0.0,,0.0,,0.0,,0.0,,0.0,,0.0,,,,,,,,,,,,,,,,,,,,,,0,0,75,7
10,region_10,2024-05-18,,,,,,,,,,,,,,,0.0,0.0,,,,,,,,,,,,,,,,,,,,,,,,,0.0,0.0,,,,,,,,,,,,,0.0,0.0,0.0,0.0,0.0,0.0,0.0,0.0,0.0,0.0,0.0,0.0,,,0.0,0.0,0.0,0.0,0.0,0.0,0.0,0.0,0.0,0.0,0.0,0.0,0.0,0.0,0.0,0.0,0.0,0.0,0.0,0.0,0.0,0.0,0.0,0.0,0.0,0.0,0.0,0.0,0.0,0.0,0.0,0.0,0.0,0.0,0.0,0.0,0.0,0.0,0.0,0.0,0.0,0.0,0.0,0.0,0.0,0.0,0.0,0.0,0.0,0.0,0.0,0.0,0.0,0.0,0.38358754281486784,0.0,0.0,0.0,0.0,0.0,0.017487374134361723,0.0,0.022554678997645756,0.0,0.0,0.0,0.007491582694152984,0.0,0.0,,0.0,0.0,0.0,0.0,0.05315656773746012,0.0,0.007491582694152984,0.0,0.014983165388305969,0.0,0.0,,0.0,,0.16007012290259198,0.0,0.0,,0.021893116179853664,2.0,0.19229956343770024,0.0,0.009999999776482575,1.0,0.023134698780874395,0.0,0.042497658481200504,0.0,0.03616579016670582,0.0,0.0,0.0,0.04378623235970734,2.0,0.0,0.0,0.0,,0.0,,0.0,,0.0,,0.0,,0.0,,0.0,,0.0,,0.0,,0.0,,0.0,,0.0,,0.0,,0.0,,,,,,,,0.0,,,,,,,,,,,,0.0,0.0,0.0,0.0,0.0,0.0,0.0,0.0,0.0,0.0,0.0,0.0,0.0,0.0,0.0,0.0,0.0,0.0,0.0,0.0,0.0,0.0,0.0,0.0,0.0,0.0,0.0,0.0,0.0,0.0,0.0,0.0,0.0,0.0,0.0,0.0,0.0,0.0,0.0,0.0,0.01404040437191723,0.0,0.0,,0.0,,0.0,,0.0,,0.0,,0.0,,,,,,,,,,,,,,,,,,,,,,1,2,75,0
10,region_10,2024-05-25,,,,,,,,,,,,,,,0.0,0.0,,,,,,,,,,,,,,,,,,,,,,,,,0.0,0.0,,,,,,,,,,,,,0.0,0.0,0.0,0.0,0.0,0.0,0.0,0.0,0.0,0.0,0.0,0.0,,,0.0,0.0,0.0,0.0,0.0,0.0,0.0,0.0,0.0,0.0,0.0,0.0,0.0,0.0,0.0,0.0,0.0,0.0,0.0,0.0,0.0,0.0,0.0,0.0,0.0,0.0,0.0,0.0,0.0,0.0,0.0,0.0,0.0,0.0,0.0,0.0,0.0,0.0,0.0,0.0,0.0,0.0,0.0,0.0,0.0,0.0,0.0,0.0,0.0,0.0,0.0,0.0,0.0,0.0,0.28520289361476897,0.0,0.0,0.0,0.0,0.0,0.0,0.0,0.0,0.0,0.0,0.0,0.0,0.0,0.0,,0.0,0.0,0.0,0.0,0.0,0.0,0.0,0.0,0.0,0.0,0.0,,0.0,,0.29017391502857204,0.0,0.0,,0.04378623235970733,0.0,0.20857487618923184,0.0,0.01999999955296515,0.0,0.03128623217344283,0.0,0.055028986185789074,0.0,0.027222222338120133,0.0,0.0,0.0,0.08757246471941468,0.0,0.0,0.0,0.0,,0.0,,0.0,,0.0,,0.0,,0.0,,0.0,,0.0,,0.0,,0.0,,0.0,,0.0,,0.0,,0.0,,,,,,,,0.0,,,,,,,,,,,,0.0,0.0,0.0,0.0,0.0,0.0,0.0,0.0,0.0,0.0,0.0,0.0,0.0,0.0,0.0,0.0,0.0,0.0,0.0,0.0,0.0,0.0,0.0,0.0,0.0,0.0,0.0,0.0,0.0,0.0,0.0,0.0,0.0,0.0,0.0,0.0,0.0,0.0,0.0,0.0,0.0,0.0,0.0,,0.0,,0.0,,0.0,,0.0,,0.0,,,,,,,,,,,,,,,,,,,,,,0,0,78,1
10,region_10,2024-06-01,,,,,,,,,,,,,,,0.025903120947380842,0.0,,,,,,,,,,,,,,,,,,,,,,,,,0.0,0.0,,,,,,,,,,,,,0.0,0.0,0.0,0.0,0.0,0.0,0.0,0.0,0.0,0.0,0.0,0.0,,,0.0,0.0,0.0,0.0,0.0,0.0,0.0,0.0,0.0,0.0,0.0,0.0,0.0,0.0,0.0,0.0,0.0,0.0,0.0,0.0,0.0,0.0,0.0,0.0,0.0,0.0,0.0,0.0,0.0,0.0,0.0,0.0,0.0,0.0,0.0,0.0,0.0,0.0,0.0,0.0,0.0,0.0,0.0,0.0,0.0,0.0,0.0,0.0,0.0,0.0,0.0,0.0,0.0,0.0,0.26994773832460245,0.0,0.02476076595485209,0.0,0.0,0.0,0.0,0.0,0.0,0.0,0.03090312114606299,0.0,0.03513957497974235,0.0,0.0,,0.0,0.0,0.0,0.0,0.025903120947380842,0.0,0.0,0.0,0.017569787489871164,0.0,0.0,,0.0,,0.18871935556332267,0.0,0.0,,0.04297686116769906,0.0,0.1576208143184582,0.0,0.009999999776482575,0.0,0.05911602452397344,0.0,0.05341761404027538,0.0,0.013611111169060067,0.0,0.0,0.0,0.04378623235970734,0.0,0.027095719426870328,0.0,0.0,,0.017083745077252372,2.0,0.0,,0.0,,0.0,,0.0,,0.0,,0.0,,0.0,,0.0,,0.0,,0.0,,0.0,,0.0,,,,,,,,0.0,,,,,,,,,,,,0.0,0.0,0.0,0.0,0.0,0.0,0.0,0.0,0.0,0.0,0.0,0.0,0.0,0.0,0.0,0.0,0.0,0.0,0.0,0.0,0.0,0.0,0.0,0.0,0.0,0.0,0.0,0.0,0.0,0.0,0.0,0.0,0.0,0.0,0.0,0.0,0.0,0.0,0.0,0.0,0.0,0.0,0.0,,0.0,,0.0,,0.0,,0.0,,0.0,,,,,,,,,,,,,,,,,,,,,,0,1,78,2
10,region_10,2024-06-08,,,,,,,,,,,,,,,0.051806241894761684,0.0,,,,,,,,,,,,,,,,,,,,,,,,,0.0,0.0,,,,,,,,,,,,,0.0,0.0,0.0,0.0,0.0,0.0,0.0,0.0,0.0,0.0,0.0,0.0,,,0.0,0.0,0.0,0.0,0.0,0.0,0.0,0.0,0.0,0.0,0.0,0.0,0.0,0.0,0.0,0.0,0.0,0.0,0.0,0.0,0.0,0.0,0.0,0.0,0.0,0.0,0.0,0.0,0.0,0.0,0.0,0.0,0.0,0.0,0.0,0.0,0.0,0.0,0.0,0.0,0.0,0.0,0.0,0.0,0.0,0.0,0.0,0.0,0.0,0.0,0.0,0.0,0.0,0.0,0.2546925830344359,0.0,0.04952153190970418,0.0,0.0,0.0,0.0,0.0,0.0,0.0,0.06180624229212598,0.0,0.0702791499594847,0.0,0.0,,0.0,0.0,0.0,0.0,0.051806241894761684,0.0,0.0,0.0,0.03513957497974233,0.0,0.0,,0.0,,0.08726479609807329,0.0,0.0,,0.042167489975690794,0.0,0.10666675244768459,0.0,0.0,0.0,0.08694581687450405,0.0,0.051806241894761684,0.0,0.0,0.0,0.0,0.0,0.0,0.0,0.054191438853740656,0.0,0.0,,0.034167490154504744,0.0,0.0,,0.0,,0.0,,0.0,,0.0,,0.0,,0.0,,0.0,,0.0,,0.0,,0.0,,0.0,,,,,,,,0.0,,,,,,,,,,,,0.0,0.0,0.0,0.0,0.0,0.0,0.0,0.0,0.0,0.0,0.0,0.0,0.0,0.0,0.0,0.0,0.0,0.0,0.0,0.0,0.0,0.0,0.0,0.0,0.0,0.0,0.0,0.0,0.0,0.0,0.0,0.0,0.0,0.0,0.0,0.0,0.0,0.0,0.0,0.0,0.0,0.0,0.0,,0.0,,0.0,,0.0,,0.0,,0.0,,,,,,,,,,,,,,,,,,,,,,0,0,79,3
10,region_10,2024-06-15,,,,,,,,,,,,,,,0.0332091771997511,0.0,,,,,,,,,,,,,,,,,,,,,,,,,0.0,0.0,,,,,,,,,,,,,0.0,0.0,0.0,0.0,0.0,0.0,0.0,0.0,0.0,0.0,0.0,0.0,,,0.0,0.0,0.0,0.0,0.0,0.0,0.0,0.0,0.0,0.0,0.0,0.0,0.0,0.0,0.0,0.0,0.0,0.0,0.0,0.0,0.0,0.0,0.0,0.0,0.0,0.0,0.0,0.0,0.0,0.0,0.0,0.0,0.0,0.0,0.0,0.0,0.0,0.0,0.0,0.0,0.0,0.0,0.0,0.0,0.0,0.0,0.0,0.0,0.0,0.0,0.0,0.0,0.0,0.0,0.179007679844896,0.0,0.02476076595485209,0.0,0.0,0.0,0.0,0.0,0.0,0.0,0.04823844183591147,0.0,0.046612297960867445,0.0,0.0,,0.0,0.0,0.006767267547547801,0.0,0.06346067941437161,0.0,0.0,0.0,0.024875843742241423,0.0,0.011472722981125094,2.0,0.014357875101268276,2.0,0.07451917239952652,0.0,0.0,,0.07168735004961488,0.0,0.22267872827748456,0.0,0.0,0.0,0.043472908437252024,0.0,0.0332091771997511,0.0,0.0,0.0,0.0,0.0,0.007306056252370258,0.0,0.0661260009432832,0.0,0.0,,0.017083745077252372,0.0,0.0,,0.0,,0.0,,0.0,,0.0,,0.0,,0.0,,0.0,,0.0,,0.0,,0.0,,0.0,,,,,,,,0.0,,,,,,,,,,,,0.0,0.0,0.0,0.0,0.0,0.0,0.0,0.0,0.0,0.0,0.0,0.0,0.0,0.0,0.0,0.0,0.0,0.0,0.0,0.0,0.0,0.0,0.0,0.0,0.0,0.0,0.0,0.0,0.0,0.0,0.0,0.0,0.0,0.0,0.0,0.0,0.0,0.0,0.0,0.0,0.019969255353013658,0.0,0.0,,0.0,,0.0,,0.0,,0.0,,0.0,,,,,,,,,,,,,,,,,,,,,,0,2,79,4
10,region_10,2024-06-22,,,,,,,,,,,,,,,0.014612112504740517,0.0,,,,,,,,,,,,,,,,,,,,,,,,,0.0,0.0,,,,,,,,,,,,,0.0,0.0,0.0,0.0,0.0,0.0,0.0,0.0,0.0,0.0,0.0,0.0,,,0.0,0.0,0.0,0.0,0.0,0.0,0.0,0.0,0.0,0.0,0.0,0.0,0.0,0.0,0.0,0.0,0.0,0.0,0.0,0.0,0.0,0.0,0.0,0.0,0.0,0.0,0.0,0.0,0.0,0.0,0.0,0.0,0.0,0.0,0.0,0.0,0.0,0.0,0.0,0.0,0.0,0.0,0.0,0.0,0.0,0.0,0.0,0.0,0.0,0.0,0.0,0.0,0.0,0.0,0.10332277665535607,0.0,0.0,0.0,0.0,0.0,0.0,0.0,0.0,0.0,0.034670641379696956,0.0,0.022945445962250188,0.0,0.0,,0.0,0.0,0.013534535095095602,0.0,0.07511511693398155,0.0,0.0,0.0,0.014612112504740517,0.0,0.022945445962250188,0.0,0.02871575020253655,0.0,0.061773548700979744,0.0,0.0,,0.10120721012353898,0.0,0.3386907041072845,0.0,0.0,0.0,0.0,0.0,0.014612112504740517,0.0,0.0,0.0,0.0,0.0,0.014612112504740517,0.0,0.07806056303282576,0.0,0.0,,0.0,0.0,0.0,,0.0,,0.0,,0.0,,0.0,,0.0,,0.0,,0.0,,0.0,,0.0,,0.0,,0.0,,,,,,,,0.0,,,,,,,,,,,,0.0,0.0,0.0,0.0,0.0,0.0,0.0,0.0,0.0,0.0,0.0,0.0,0.0,0.0,0.0,0.0,0.0,0.0,0.0,0.0,0.0,0.0,0.0,0.0,0.0,0.0,0.0,0.0,0.0,0.0,0.0,0.0,0.0,0.0,0.0,0.0,0.0,0.0,0.0,0.0,0.039938510706027316,0.0,0.0,,0.0,,0.0,,0.0,,0.0,,0.0,,,,,,,,,,,,,,,,,,,,,,0,0,81,5
10,region_10,2024-06-29,,,,,,,,,,,,,,,0.020177802459026346,0.0,,,,,,,,,,,,,,,,,,,,,,,,,0.0,0.0,,,,,,,,,,,,,0.0,0.0,0.0,0.0,0.0,0.0,0.0,0.0,0.0,0.0,0.0,0.0,,,0.0,0.0,0.0,0.0,0.0,0.0,0.0,0.0,0.0,0.0,0.0,0.0,0.0,0.0,0.0,0.0,0.0,0.0,0.0,0.0,0.0,0.0,0.0,0.0,0.0,0.0,0.0,0.0,0.0,0.0,0.0,0.0,0.0,0.0,0.0,0.0,0.0,0.0,0.0,0.0,0.0,0.0,0.0,0.0,0.0,0.0,0.0,0.0,0.0,0.0,0.0,0.0,0.0,0.0,0.09559577641387779,0.0,0.01697051115334032,0.0,0.0,0.0,0.0,0.0,0.0,0.0,0.017335320689848478,0.0,0.019880183273926343,0.0,0.011495771817862975,2.0,0.0,0.0,0.006767267547547801,0.0,0.03755755846699078,0.0,0.0,0.0,0.04717410371328389,0.0,0.011472722981125094,0.0,0.014357875101268276,0.0,0.08437105090845194,0.0,0.011209947057068334,2.0,0.14211899265646935,0.0,0.3608582086861133,0.0,0.00840746029280125,0.0,0.0,0.0,0.007306056252370258,0.0,0.0,0.0,0.0,0.0,0.020177802459026346,0.0,0.04932767848173775,0.0,0.0,,0.0,0.0,0.0,,0.0,,0.0,,0.0,,0.0,,0.0,,0.0,,0.0,,0.0,,0.0,,0.0,,0.0,,,,,,,,0.0,,,,,,,,,,,,0.0,0.0,0.0,0.0,0.0,0.0,0.0,0.0,0.0,0.0,0.0,0.0,0.0,0.0,0.0,0.0,0.0,0.0,0.0,0.0,0.0,0.0,0.0,0.0,0.0,0.0,0.0,0.0,0.0,0.0,0.0,0.0,0.0,0.0,0.0,0.0,0.0,0.0,0.0,0.0,0.019969255353013658,0.0,0.0,,0.0,,0.0,,0.0,,0.0,,0.0,,,,,,,,,,,,,,,,,,,,,,0,2,81,6
10,region_10,2024-07-06,,,,,,,,,,,,,,,0.025743492413312176,0.0,,,,,,,,,,,,,,,,,,,,,,,,,0.0,0.0,,,,,,,,,,,,,0.0,0.0,0.0,0.0,0.0,0.0,0.0,0.0,0.0,0.0,0.0,0.0,,,0.0,0.0,0.0,0.0,0.0,0.0,0.0,0.0,0.0,0.0,0.0,0.0,0.0,0.0,0.0,0.0,0.0,0.0,0.0,0.0,0.0,0.0,0.0,0.0,0.0,0.0,0.0,0.0,0.0,0.0,0.0,0.0,0.0,0.0,0.0,0.0,0.0,0.0,0.0,0.0,0.0,0.0,0.0,0.0,0.0,0.0,0.0,0.0,0.0,0.0,0.0,0.0,0.0,0.0,0.0878687761723995,0.0,0.03394102230668064,0.0,0.0,0.0,0.0,0.0,0.0,0.0,0.0,0.0,0.0168149205856025,0.0,0.02299154363572595,0.0,0.0,0.0,0.0,0.0,0.0,0.0,0.0,0.0,0.07973609492182727,0.0,0.0,0.0,0.0,0.0,0.10696855311592414,0.0,0.022419894114136668,0.0,0.18303077518939972,0.0,0.3830257132649421,0.0,0.0168149205856025,0.0,0.0,0.0,0.0,0.0,0.0,0.0,0.0,0.0,0.025743492413312176,0.0,0.02059479393064974,0.0,0.0,,0.0,0.0,0.0,,0.0,,0.0,,0.0,,0.0,,0.0,,0.0,,0.0,,0.0,,0.0,,0.0,,0.0,,,,,,,,0.0,,,,,,,,,,,,0.0,0.0,0.0,0.0,0.0,0.0,0.0,0.0,0.0,0.0,0.0,0.0,0.0,0.0,0.0,0.0,0.0,0.0,0.0,0.0,0.0,0.0,0.0,0.0,0.0,0.0,0.0,0.0,0.0,0.0,0.0,0.0,0.0,0.0,0.0,0.0,0.0,0.0,0.0,0.0,0.0,0.0,0.0,,0.0,,0.0,,0.0,,0.0,,0.0,,,,,,,,,,,,,,,,,,,,,,0,0,83,7
10,region_10,2024-07-13,,,,,,,,,,,,,,,0.012871746206656088,0.0,,,,,,,,,,,,,,,,,,,,,,,,,0.0,0.0,,,,,,,,,,,,,0.0,0.0,0.0,0.0,0.0,0.0,0.0,0.0,0.0,0.0,0.0,0.0,,,0.0,0.0,0.0,0.0,0.0,0.0,0.0,0.0,0.0,0.0,0.0,0.0,0.0,0.0,0.0,0.0,0.0,0.0,0.0,0.0,0.0,0.0,0.0,0.0,0.0,0.0,0.0,0.0,0.0,0.0,0.0,0.0,0.0,0.0,0.0,0.0,0.0,0.0,0.0,0.0,0.0,0.0,0.0,0.0,0.0,0.0,0.0,0.0,0.0,0.0,0.0,0.0,0.0,0.0,0.07721552501122153,0.0,0.023410815838724345,0.0,0.0,0.0,0.0,0.0,0.0,0.0,0.007807343410184734,0.0,0.01686541565383471,0.0,0.011495771817862975,0.0,0.00416666688397525,0.0,0.0,0.0,0.016548787864545958,0.0,0.0,0.0,0.06562926558156804,0.0,0.0,0.0,0.0,0.0,0.12285527183363829,0.0,0.011209947057068334,0.0,0.17419229000806807,0.0,0.3323435671627521,0.0,0.0518157591577619,0.0,0.0,0.0,0.0,0.0,0.0,0.0,0.0,0.0,0.012871746206656088,0.0,0.035671262815594636,0.0,0.0,,0.0,0.0,0.0,,0.0,,0.0,,0.0,,0.0,,0.01691591072206694,2.0,0.0,,0.0,,0.0,,0.0,,0.0,,0.0,,,,,,,,0.0,,,,,,,,,,,,0.0,0.0,0.0,0.0,0.0,0.0,0.0,0.0,0.0,0.0,0.0,0.0,0.0,0.0,0.0,0.0,0.00765667327990133,0.0,0.0,0.0,0.0,0.0,0.0,0.0,0.0,0.0,0.0,0.0,0.0,0.0,0.0,0.0,0.0,0.0,0.0,0.0,0.0,0.0,0.0,0.0,0.0,0.0,0.0,,0.0,,0.0,,0.0,,0.0,,0.0,,,,,,,,,,,,,,,,,,,,,,0,1,83,8
10,region_10,2024-07-20,,,,,,,,,,,,,,,0.0,0.0,,,,,,,,,,,,,,,,,,,,,,,,,0.0,0.0,,,,,,,,,,,,,0.0,0.0,0.0,0.0,0.0,0.0,0.0,0.0,0.0,0.0,0.0,0.0,,,0.0,0.0,0.0,0.0,0.0,0.0,0.0,0.0,0.0,0.0,0.0,0.0,0.0,0.0,0.0,0.0,0.0,0.0,0.0,0.0,0.0,0.0,0.0,0.0,0.0,0.0,0.0,0.0,0.0,0.0,0.0,0.0,0.0,0.0,0.0,0.0,0.0,0.0,0.0,0.0,0.0,0.0,0.0,0.0,0.0,0.0,0.0,0.0,0.0,0.0,0.0,0.0,0.0,0.0,0.06656227385004358,0.0,0.01288060937076805,0.0,0.0,0.0,0.0,0.0,0.0,0.0,0.015614686820369468,0.0,0.016915910722066923,0.0,0.0,0.0,0.0083333337679505,0.0,0.0,0.0,0.033097575729091916,0.0,0.0,0.0,0.051522436241308804,0.0,0.0,0.0,0.0,0.0,0.13874199055135245,0.0,0.0,0.0,0.16535380482673642,0.0,0.2816614210605621,0.0,0.0868165977299213,0.0,0.0,0.0,0.0,0.0,0.0,0.0,0.0,0.0,0.0,0.0,0.05074773170053953,0.0,0.0,,0.0,0.0,0.0,,0.0,,0.0,,0.0,,0.0,,0.03383182144413388,0.0,0.0,,0.0,,0.0,,0.0,,0.0,,0.0,,,,,,,,0.0,,,,,,,,,,,,0.0,0.0,0.0,0.0,0.0,0.0,0.0,0.0,0.0,0.0,0.0,0.0,0.0,0.0,0.0,0.0,0.01531334655980266,0.0,0.0,0.0,0.0,0.0,0.0,0.0,0.0,0.0,0.0,0.0,0.0,0.0,0.0,0.0,0.0,0.0,0.0,0.0,0.0,0.0,0.0,0.0,0.0,0.0,0.0,,0.0,,0.0,,0.0,,0.0,,0.0,,,,,,,,,,,,,,,,,,,,,,0,0,84,9
10,region_10,2024-07-27,,,,,,,,,,,,,,,0.0,0.0,,,,,,,,,,,,,,,,,,,,,,,,,0.0,0.0,,,,,,,,,,,,,0.0,0.0,0.0,0.0,0.0,0.0,0.0,0.0,0.0,0.0,0.0,0.0,,,0.0,0.0,0.0,0.0,0.0,0.0,0.0,0.0,0.0,0.0,0.0,0.0,0.0,0.0,0.0,0.0,0.0,0.0,0.0,0.0,0.0,0.0,0.0,0.0,0.0,0.0,0.0,0.0,0.0,0.0,0.0,0.0,0.0,0.0,0.0,0.0,0.0,0.0,0.0,0.0,0.0,0.0,0.0,0.0,0.0,0.0,0.0,0.0,0.0,0.0,0.0,0.0,0.0,0.0,0.05530817975245767,0.0,0.006440304685384025,0.0,0.0,0.0,0.0,0.0,0.0,0.0,0.034698314088031666,0.0,0.01586406093667301,0.0,0.0,0.0,0.00416666688397525,0.0,0.0,0.0,0.016548787864545958,0.0,0.0,0.0,0.03316732369629395,0.0,0.019657674910766715,0.0,0.0,0.0,0.09008362565544384,0.0,0.0,0.0,0.15494453410307563,0.0,0.2783741628130277,0.0,0.1782805370610384,0.0,0.0,0.0,0.0,0.0,0.0,0.0,0.0,0.0,0.0,0.0,0.06544355440530034,0.0,0.0,,0.0,0.0,0.0,,0.0,,0.0,,0.0,,0.0,,0.01691591072206694,0.0,0.0,,0.006481864230914227,2.0,0.0,,0.0,,0.0,,0.0,,,,,,,,0.0,,,,,,,,,,,,0.0,0.0,0.0,0.0,0.0,0.0,0.0,0.0,0.0,0.0,0.0,0.0,0.0,0.0,0.0,0.0,0.00765667327990133,0.0,0.0,0.0,0.0,0.0,0.0,0.0,0.0,0.0,0.0,0.0,0.0,0.0,0.0,0.0,0.0,0.0,0.0,0.0,0.0,0.0,0.0,0.0,0.0,0.0,0.0068672816985501425,1.0,0.0,,0.0,,0.0,,0.0,,0.0,,,,,,,,,,,,,,,,,,,,,,1,1,84,0
10,region_10,2024-08-03,,,,,,,,,,,,,,,0.0,0.0,,,,,,,,,,,,,,,,,,,,,,,,,0.0,0.0,,,,,,,,,,,,,0.0,0.0,0.0,0.0,0.0,0.0,0.0,0.0,0.0,0.0,0.0,0.0,,,0.0,0.0,0.0,0.0,0.0,0.0,0.0,0.0,0.0,0.0,0.0,0.0,0.0,0.0,0.0,0.0,0.0,0.0,0.0,0.0,0.0,0.0,0.0,0.0,0.0,0.0,0.0,0.0,0.0,0.0,0.0,0.0,0.0,0.0,0.0,0.0,0.0,0.0,0.0,0.0,0.0,0.0,0.0,0.0,0.0,0.0,0.0,0.0,0.0,0.0,0.0,0.0,0.0,0.0,0.04405408565487176,0.0,0.0,0.0,0.0,0.0,0.0,0.0,0.0,0.0,0.05378194135569386,0.0,0.014812211151279099,0.0,0.0,0.0,0.0,0.0,0.0,0.0,0.0,0.0,0.0,0.0,0.014812211151279099,0.0,0.03931534982153343,0.0,0.0,0.0,0.04142526075953524,0.0,0.0,0.0,0.14453526337941483,0.0,0.2750869045654933,0.0,0.26974447639215554,0.0,0.0,0.0,0.0,0.0,0.0,0.0,0.0,0.0,0.0,0.0,0.08013937711006114,0.0,0.0,,0.0,0.0,0.0,,0.0,,0.0,,0.0,,0.0,,0.0,0.0,0.0,,0.012963728461828455,0.0,0.0,,0.0,,0.0,,0.0,,,,,,,,0.0,,,,,,,,,,,,0.0,0.0,0.0,0.0,0.0,0.0,0.0,0.0,0.0,0.0,0.0,0.0,0.0,0.0,0.0,0.0,0.0,0.0,0.0,0.0,0.0,0.0,0.0,0.0,0.0,0.0,0.0,0.0,0.0,0.0,0.0,0.0,0.0,0.0,0.0,0.0,0.0,0.0,0.0,0.0,0.0,0.0,0.013734563397100285,0.0,0.0,,0.0,,0.0,,0.0,,0.0,,,,,,,,,,,,,,,,,,,,,,0,0,86,1
10,region_10,2024-08-10,,,,,,,,,,,,,,,0.0,0.0,,,,,,,,,,,,,,,,,,,,,,,,,0.0,0.0,,,,,,,,,,,,,0.0,0.0,0.0,0.0,0.0,0.0,0.0,0.0,0.0,0.0,0.0,0.0,,,0.0,0.0,0.0,0.0,0.0,0.0,0.0,0.0,0.0,0.0,0.0,0.0,0.0,0.0,0.0,0.0,0.0,0.0,0.0,0.0,0.0,0.0,0.0,0.0,0.0,0.0,0.0,0.0,0.0,0.0,0.0,0.0,0.0,0.0,0.0,0.0,0.0,0.0,0.0,0.0,0.0,0.0,0.0,0.0,0.0,0.0,0.0,0.0,0.0,0.0,0.0,0.0,0.0,0.0,0.02999694209346277,0.0,0.00721691849175838,0.0,0.0,0.0,0.0,0.0,0.0,0.0,0.04283076920990074,0.0,0.0074061055756395495,0.0,0.0,0.0,0.0,0.0,0.0,0.0,0.015055096196010689,0.0,0.0,0.0,0.014933653673644878,0.0,0.029155217170981386,0.0,0.0,0.0,0.05093749894184012,0.0,0.0,0.0,0.15364968578020727,0.0,0.23168889883284766,0.0,0.2856312979127512,0.0,0.0,0.0,0.0,0.0,0.0,0.0,0.0,0.0,0.0,0.0,0.11060853471003824,0.0,0.0,,0.0,0.0,0.0,,0.0,,0.0,,0.0,,0.0,,0.0032211281475610773,0.0,0.0,,0.006481864230914227,0.0,0.0,,0.0,,0.0,,0.0,,,,,,,,0.0,,,,,,,,,,,,0.0,0.0,0.0,0.0,0.0,0.0,0.0,0.0,0.0,0.0,0.0,0.0,0.0,0.0,0.0,0.0,0.0,0.0,0.0,0.0,0.0,0.0,0.0,0.0,0.0,0.0,0.0,0.0,0.0,0.0,0.0,0.0,0.0,0.0,0.0,0.0,0.0,0.0,0.0,0.0,0.0,0.0,0.0068672816985501425,0.0,0.0,,0.0,,0.0,,0.0,,0.0,,,,,,,,,,,,,,,,,,,,,,0,0,86,2
10,region_10,2024-08-17,,,,,,,,,,,,,,,0.0,0.0,,,,,,,,,,,,,,,,,,,,,,,,,0.0,0.0,,,,,,,,,,,,,0.0,0.0,0.0,0.0,0.0,0.0,0.0,0.0,0.0,0.0,0.0,0.0,,,0.0,0.0,0.0,0.0,0.0,0.0,0.0,0.0,0.0,0.0,0.0,0.0,0.0,0.0,0.0,0.0,0.0,0.0,0.0,0.0,0.0,0.0,0.0,0.0,0.0,0.0,0.0,0.0,0.0,0.0,0.0,0.0,0.0,0.0,0.0,0.0,0.0,0.0,0.0,0.0,0.0,0.0,0.0,0.0,0.0,0.0,0.0,0.0,0.0,0.0,0.0,0.0,0.0,0.0,0.01593979853205378,0.0,0.01443383698351676,0.0,0.0,0.0,0.0,0.0,0.0,0.0,0.03187959706410761,0.0,0.0,0.0,0.0,0.0,0.0,0.0,0.0,0.0,0.030110192392021378,0.0,0.0,0.0,0.015055096196010656,0.0,0.01899508452042934,0.0,0.0,0.0,0.06044973712414499,0.0,0.0,0.0,0.1627641081809997,0.0,0.18829089310020206,0.0,0.30151811943334694,0.0,0.0,0.0,0.0,0.0,0.0,0.0,0.0,0.0,0.0,0.0,0.14107769231001535,0.0,0.0,,0.0,0.0,0.0,,0.0,,0.0,,0.0,,0.0,,0.0064422562951221545,0.0,0.0,,0.0,0.0,0.0,,0.0,,0.0,,0.0,,,,,,,,0.0,,,,,,,,,,,,0.0,0.0,0.0,0.0,0.0,0.0,0.0,0.0,0.0,0.0,0.0,0.0,0.0,0.0,0.0,0.0,0.0,0.0,0.0,0.0,0.0,0.0,0.0,0.0,0.0,0.0,0.0,0.0,0.0,0.0,0.0,0.0,0.0,0.0,0.0,0.0,0.0,0.0,0.0,0.0,0.0,0.0,0.0,0.0,0.0,,0.0,,0.0,,0.0,,0.0,,,,,,,,,,,,,,,,,,,,,,0,0,86,3
10,region_10,2024-08-24,,,,,,,,,,,,,,,0.0,0.0,,,,,,,,,,,,,,,,,,,,,,,,,0.0,0.0,,,,,,,,,,,,,0.0,0.0,0.0,0.0,0.0,0.0,0.0,0.0,0.0,0.0,0.0,0.0,,,0.0,0.0,0.0,0.0,0.0,0.0,0.0,0.0,0.0,0.0,0.0,0.0,0.0,0.0,0.0,0.0,0.0,0.0,0.0,0.0,0.0,0.0,0.0,0.0,0.0,0.0,0.0,0.0,0.0,0.0,0.0,0.0,0.0,0.0,0.0,0.0,0.0,0.0,0.0,0.0,0.0,0.0,0.0,0.0,0.0,0.0,0.0,0.0,0.0,0.0,0.0,0.0,0.0,0.0,0.020402332857300132,0.0,0.011941190381338285,0.0,0.0,0.0,0.0,0.0,0.0,0.0,0.054750312053549396,0.0,0.010692650991442931,0.0,0.008174849889026215,0.0,0.0,0.0,0.0,0.0,0.015055096196010689,0.0,0.004289113192094678,0.0,0.007527548098005328,0.0,0.00949754226021467,0.0,0.0,0.0,0.05966218700632448,0.0,0.0,0.0,0.10870621886692544,0.0,0.14382345300461896,0.0,0.3450631608857828,0.0,0.0,0.0,0.0,0.0,0.0,0.0,0.0,0.0,0.0,0.0,0.1673121466709856,0.0,0.0,,0.0,0.0,0.0,,0.0,,0.0,,0.0,,0.0,,0.011798935708908411,0.0,0.0,,0.0,0.0,0.0,,0.0,,0.0,,0.0,,,,,,,,0.0,,,,,,,,,,,,0.0,0.0,0.0,0.0,0.0,0.0,0.0,0.0,0.0,0.0,0.0,0.0,0.0,0.0,0.0,0.0,0.0,0.0,0.0,0.0,0.0,0.0,0.0,0.0,0.0,0.0,0.0,0.0,0.0,0.0,0.0,0.0,0.0,0.0,0.0,0.0,0.0,0.0,0.0,0.0,0.0,0.0,0.00814298466828306,0.0,0.0,,0.0,,0.0,,0.0,,0.0,,,,,,,,,,,,,,,,,,,,,,0,0,86,4
10,region_10,2024-08-31,,,,,,,,,,,,,,,0.0,0.0,,,,,,,,,,,,,,,,,,,,,,,,,0.0,0.0,,,,,,,,,,,,,0.0,0.0,0.0,0.0,0.0,0.0,0.0,0.0,0.0,0.0,0.0,0.0,,,0.0,0.0,0.0,0.0,0.0,0.0,0.0,0.0,0.0,0.0,0.0,0.0,0.0,0.0,0.0,0.0,0.0,0.0,0.0,0.0,0.0,0.0,0.0,0.0,0.0,0.0,0.0,0.0,0.0,0.0,0.0,0.0,0.0,0.0,0.0,0.0,0.0,0.0,0.0,0.0,0.0,0.0,0.0,0.0,0.0,0.0,0.0,0.0,0.0,0.0,0.0,0.0,0.0,0.0,0.024864867182546484,0.0,0.00944854377915981,0.0,0.0,0.0,0.0,0.0,0.0,0.0,0.07762102704299119,0.0,0.021385301982885862,0.0,0.01634969977805243,0.0,0.0,0.0,0.0,0.0,0.0,0.0,0.008578226384189355,0.0,0.0,0.0,0.0,0.0,0.0,0.0,0.05887463688850397,0.0,0.0,0.0,0.05464832955285118,0.0,0.09935601290903588,0.0,0.3886082023382187,0.0,0.0,0.0,0.0,0.0,0.0,0.0,0.0,0.0,0.0,0.0,0.19354660103195587,0.0,0.0,,0.0,0.0,0.0,,0.0,,0.0,,0.0,,0.0,,0.01715561512269467,0.0,0.0,,0.0,0.0,0.0,,0.0,,0.0,,0.0,,,,,,,,0.0,,,,,,,,,,,,0.0,0.0,0.0,0.0,0.0,0.0,0.0,0.0,0.0,0.0,0.0,0.0,0.0,0.0,0.0,0.0,0.0,0.0,0.0,0.0,0.0,0.0,0.0,0.0,0.0,0.0,0.0,0.0,0.0,0.0,0.0,0.0,0.0,0.0,0.0,0.0,0.0,0.0,0.0,0.0,0.0,0.0,0.01628596933656612,0.0,0.0,,0.0,,0.0,,0.0,,0.0,,,,,,,,,,,,,,,,,,,,,,0,0,86,5
10,region_10,2024-09-07,,,,,,,,,,,,,,,0.0,0.0,,,,,,,,,,,,,,,,,,,,,,,,,0.0,0.0,,,,,,,,,,,,,0.0,0.0,0.0,0.0,0.0,0.0,0.0,0.0,0.0,0.0,0.0,0.0,,,0.0,0.0,0.0,0.0,0.0,0.0,0.0,0.0,0.0,0.0,0.0,0.0,0.0,0.0,0.0,0.0,0.0,0.0,0.0,0.0,0.0,0.0,0.0,0.0,0.0,0.0,0.0,0.0,0.0,0.0,0.0,0.0,0.0,0.0,0.0,0.0,0.0,0.0,0.0,0.0,0.0,0.0,0.0,0.0,0.0,0.0,0.0,0.0,0.0,0.0,0.0,0.0,0.0,0.0,0.021006184432394097,0.0,0.004724271889579905,0.0,0.0,0.0,0.0,0.0,0.0,0.0,0.038810513521495595,0.0,0.010692650991442931,0.0,0.008174849889026215,0.0,0.0,0.0,0.0,0.0,0.0,0.0,0.004289113192094678,0.0,0.009855802170932267,0.0,0.0,0.0,0.0,0.0,0.03801106928537284,0.0,0.0,0.0,0.06253562891823154,0.0,0.11771369936238774,0.0,0.42632805343185154,0.0,0.0,0.0,0.0,0.0,0.009855802170932267,0.0,0.0,0.0,0.0,0.0,0.1500487277382298,0.0,0.0,,0.015762726776301843,0.0,0.0,,0.0,,0.0,,0.0,,0.0,,0.008577807561347335,0.0,0.0,,0.02125328561911979,0.0,0.0,,0.0,,0.0,,0.0,,,,,,,,0.0,,,,,,,,,,,,0.0,0.0,0.0,0.0,0.0,0.0,0.0,0.0,0.0,0.0,0.0,0.0,0.0,0.0,0.0,0.0,0.008573750841120853,0.0,0.0,0.0,0.0,0.0,0.0,0.0,0.0,0.0,0.0,0.0,0.0,0.0,0.0,0.0,0.0,0.0,0.0,0.0,0.0,0.0,0.0,0.0,0.0,0.0,0.033727283319948495,0.0,0.0,,0.0,,0.0,,0.0,,0.0,,,,,,,,,,,,,,,,,,,,,,0,0,86,6
10,region_10,2024-09-14,,,,,,,,,,,,,,,0.0,0.0,,,,,,,,,,,,,,,,,,,,,,,,,0.0,0.0,,,,,,,,,,,,,0.0,0.0,0.0,0.0,0.0,0.0,0.0,0.0,0.0,0.0,0.0,0.0,,,0.0,0.0,0.0,0.0,0.0,0.0,0.0,0.0,0.0,0.0,0.0,0.0,0.0,0.0,0.0,0.0,0.0,0.0,0.0,0.0,0.0,0.0,0.0,0.0,0.0,0.0,0.0,0.0,0.0,0.0,0.0,0.0,0.0,0.0,0.0,0.0,0.0,0.0,0.0,0.0,0.0,0.0,0.0,0.0,0.0,0.0,0.0,0.0,0.0,0.0,0.0,0.0,0.0,0.0,0.017147501682241707,0.0,0.0,0.0,0.0,0.0,0.0,0.0,0.0,0.0,0.0,0.0,0.0,0.0,0.0,0.0,0.0,0.0,0.0,0.0,0.0,0.0,0.0,0.0,0.019711604341864534,0.0,0.0,0.0,0.0,0.0,0.017147501682241707,0.0,0.0,0.0,0.07042292828361191,0.0,0.1360713858157396,0.0,0.46404790452548433,0.0,0.0,0.0,0.0,0.0,0.019711604341864534,0.0,0.0,0.0,0.0,0.0,0.10655085444450375,0.0,0.0,,0.03152545355260369,0.0,0.0,,0.0,,0.0,,0.0,,0.0,,0.0,0.0,0.0,,0.04250657123823958,0.0,0.0,,0.0,,0.0,,0.0,,,,,,,,0.0,,,,,,,,,,,,0.0,0.0,0.0,0.0,0.0,0.0,0.0,0.0,0.0,0.0,0.0,0.0,0.0,0.0,0.0,0.0,0.017147501682241707,0.0,0.0,0.0,0.0,0.0,0.0,0.0,0.0,0.0,0.0,0.0,0.0,0.0,0.0,0.0,0.0,0.0,0.0,0.0,0.0,0.0,0.0,0.0,0.0,0.0,0.051168597303330864,0.0,0.0,,0.0,,0.0,,0.0,,0.0,,,,,,,,,,,,,,,,,,,,,,0,0,86,7
10,region_10,2024-09-21,,,,,,,,,,,,,,,0.0,0.0,,,,,,,,,,,,,,,,,,,,,,,,,0.0,0.0,,,,,,,,,,,,,0.0,0.0,0.0,0.0,0.0,0.0,0.0,0.0,0.0,0.0,0.0,0.0,,,0.0,0.0,0.0,0.0,0.0,0.0,0.0,0.0,0.0,0.0,0.0,0.0,0.0,0.0,0.0,0.0,0.0,0.0,0.0,0.0,0.0,0.0,0.0,0.0,0.0,0.0,0.0,0.0,0.0,0.0,0.0,0.0,0.0,0.0,0.0,0.0,0.0,0.0,0.0,0.0,0.0,0.0,0.0,0.0,0.0,0.0,0.0,0.0,0.0,0.0,0.0,0.0,0.0,0.0,0.02504696622490879,0.0,0.0,0.0,0.0,0.0,0.0,0.0,0.0,0.0,0.01207471253084283,0.0,0.0,0.0,0.0,0.0,0.0,0.0,0.0,0.0,0.0,0.0,0.0,0.0,0.009855802170932267,0.0,0.0,0.0,0.0,0.0,0.032723175902806524,0.0,0.0,0.0,0.11328055392063796,0.0,0.11353572338287315,0.0,0.47854193832193104,0.0,0.0,0.0,0.0,0.0,0.009855802170932267,0.0,0.0,0.0,0.0,0.0,0.07838368173688647,0.0,0.008236607691893959,2.0,0.015762726776301843,0.0,0.0,,0.0,,0.0,,0.0,,0.0,,0.0,0.0,0.0,,0.02125328561911979,0.0,0.01012298818677662,2.0,0.0,,0.0,,0.0,,,,,,,,0.0,,,,,,,,,,,,0.0,0.0,0.0,0.0,0.0,0.0,0.0,0.0,0.0,0.0,0.0,0.0,0.0,0.0,0.0,0.0,0.008573750841120853,0.0,0.0,0.0,0.0,0.0,0.0,0.0,0.0,0.0,0.0,0.0,0.0,0.0,0.0,0.0,0.0,0.0,0.0,0.0,0.0,0.0,0.0,0.0,0.0,0.0,0.06988239082108648,0.0,0.0,,0.0,,0.0,,0.0,,0.0,,,,,,,,,,,,,,,,,,,,,,0,2,86,8
10,region_10,2024-09-28,,,,,,,,,,,,,,,0.0,0.0,,,,,,,,,,,,,,,,,,,,,,,,,0.0,0.0,,,,,,,,,,,,,0.0,0.0,0.0,0.0,0.0,0.0,0.0,0.0,0.0,0.0,0.0,0.0,,,0.0,0.0,0.0,0.0,0.0,0.0,0.0,0.0,0.0,0.0,0.0,0.0,0.0,0.0,0.0,0.0,0.0,0.0,0.0,0.0,0.0,0.0,0.0,0.0,0.0,0.0,0.0,0.0,0.0,0.0,0.0,0.0,0.0,0.0,0.0,0.0,0.0,0.0,0.0,0.0,0.0,0.0,0.0,0.0,0.0,0.0,0.0,0.0,0.0,0.0,0.0,0.0,0.0,0.0,0.03294643076757587,0.0,0.0,0.0,0.0,0.0,0.0,0.0,0.0,0.0,0.02414942506168566,0.0,0.0,0.0,0.0,0.0,0.0,0.0,0.0,0.0,0.0,0.0,0.0,0.0,0.0,0.0,0.0,0.0,0.0,0.0,0.04829885012337134,0.0,0.0,0.0,0.15613817955766401,0.0,0.0910000609500067,0.0,0.4930359721183777,0.0,0.0,0.0,0.0,0.0,0.0,0.0,0.0,0.0,0.0,0.0,0.050216509029269184,0.0,0.016473215383787917,0.0,0.0,0.0,0.0,,0.0,,0.0,,0.0,,0.0,,0.0,0.0,0.0,,0.0,0.0,0.02024597637355324,0.0,0.0,,0.0,,0.0,,,,,,,,0.0,,,,,,,,,,,,0.0,0.0,0.0,0.0,0.0,0.0,0.0,0.0,0.0,0.0,0.0,0.0,0.0,0.0,0.0,0.0,0.0,0.0,0.0,0.0,0.0,0.0,0.0,0.0,0.0,0.0,0.0,0.0,0.0,0.0,0.0,0.0,0.0,0.0,0.0,0.0,0.0,0.0,0.0,0.0,0.0,0.0,0.0885961843388421,0.0,0.0,,0.0,,0.0,,0.0,,0.0,,,,,,,,,,,,,,,,,,,,,,0,0,88,9
10,region_10,2024-10-05,,,,,,,,,,,,,,,0.0,0.0,,,,,,,,,,,,,,,,,,,,,,,,,0.0,0.0,,,,,,,,,,,,,0.0,0.0,0.0,0.0,0.0,0.0,0.0,0.0,0.0,0.0,0.0,0.0,,,0.0,0.0,0.0,0.0,0.0,0.0,0.0,0.0,0.0,0.0,0.0,0.0,0.0,0.0,0.0,0.0,0.0,0.0,0.0,0.0,0.0,0.0,0.0,0.0,0.0,0.0,0.0,0.0,0.0,0.0,0.0,0.0,0.0,0.0,0.0,0.0,0.0,0.0,0.0,0.0,0.0,0.0,0.0,0.0,0.0,0.0,0.0,0.0,0.0,0.0,0.0,0.0,0.0,0.0,0.02841924790603416,0.0,0.00955682601779698,0.0,0.0,0.0,0.0,0.0,0.0,0.0,0.01207471253084283,0.0,0.0,0.0,0.0,0.0,0.0,0.0,0.0,0.0,0.0,0.0,0.0,0.0,0.0,0.0,0.0,0.0,0.0,0.0,0.02414942506168567,0.0,0.0,0.0,0.0919611550468419,0.0,0.08928289014313898,0.0,0.5614047944545746,0.0,0.0,0.0,0.0,0.0,0.0,0.0,0.0,0.0,0.0,0.0,0.06094635231420395,0.0,0.022128672959903846,0.0,0.0,0.0,0.0,,0.0,,0.0,,0.0,,0.0,,0.0,0.0,0.0,,0.011946032522246224,0.0,0.019298072252422544,0.0,0.0,,0.0,,0.0,,,,,,,,0.0,,,,,,,,,,,,0.0,0.0,0.0,0.0,0.0,0.0,0.0,0.0,0.0,0.0,0.0,0.0,0.0,0.0,0.0,0.0,0.0,0.0,0.0,0.0,0.0,0.0,0.0,0.0,0.0,0.0,0.0,0.0,0.0,0.0,0.0,0.0,0.0,0.0,0.0,0.0,0.0,0.0,0.0,0.0,0.0,0.0,0.06985317150663051,0.0,0.0,,0.027525252662599073,2.0,0.0,,0.0,,0.0,,,,,,,,,,,,,,,,,,,,,,0,1,88,10
10,region_10,2024-10-12,,,,,,,,,,,,,,,0.0,0.0,,,,,,,,,,,,,,,,,,,,,,,,,0.0,0.0,,,,,,,,,,,,,0.0,0.0,0.0,0.0,0.0,0.0,0.0,0.0,0.0,0.0,0.0,0.0,,,0.0,0.0,0.0,0.0,0.0,0.0,0.0,0.0,0.0,0.0,0.0,0.0,0.0,0.0,0.0,0.0,0.0,0.0,0.0,0.0,0.0,0.0,0.0,0.0,0.0,0.0,0.0,0.0,0.0,0.0,0.0,0.0,0.0,0.0,0.0,0.0,0.0,0.0,0.0,0.0,0.0,0.0,0.0,0.0,0.0,0.0,0.0,0.0,0.0,0.0,0.0,0.0,0.0,0.0,0.02389206504449245,0.0,0.01911365203559396,0.0,0.0,0.0,0.0,0.0,0.0,0.0,0.0,0.0,0.0,0.0,0.0,0.0,0.0,0.0,0.0,0.0,0.0,0.0,0.0,0.0,0.0,0.0,0.0,0.0,0.0,0.0,0.0,0.0,0.0,0.0,0.027784130536019774,0.0,0.08756571933627126,0.0,0.6297736167907715,0.0,0.0,0.0,0.0,0.0,0.0,0.0,0.0,0.0,0.0,0.0,0.07167619559913871,0.0,0.027784130536019774,0.0,0.0,0.0,0.0,,0.0,,0.0,,0.0,,0.0,,0.0,0.0,0.0,,0.02389206504449245,0.0,0.01835016813129185,0.0,0.0,,0.0,,0.0,,,,,,,,0.0,,,,,,,,,,,,0.0,0.0,0.0,0.0,0.0,0.0,0.0,0.0,0.0,0.0,0.0,0.0,0.0,0.0,0.0,0.0,0.0,0.0,0.0,0.0,0.0,0.0,0.0,0.0,0.0,0.0,0.0,0.0,0.0,0.0,0.0,0.0,0.0,0.0,0.0,0.0,0.0,0.0,0.0,0.0,0.0,0.0,0.0511101586744189,0.0,0.0,,0.055050505325198146,0.0,0.0,,0.0,,0.0,,,,,,,,,,,,,,,,,,,,,,0,0,89,11
10,region_10,2024-10-19,,,,,,,,,,,,,,,0.0,0.0,,,,,,,,,,,,,,,,,,,,,,,,,0.0,0.0,,,,,,,,,,,,,0.0,0.0,0.0,0.0,0.0,0.0,0.0,0.0,0.0,0.0,0.0,0.0,,,0.0,0.0,0.0,0.0,0.0,0.0,0.0,0.0,0.0,0.0,0.0,0.0,0.0,0.0,0.0,0.0,0.0,0.0,0.0,0.0,0.0,0.0,0.0,0.0,0.0,0.0,0.0,0.0,0.0,0.0,0.0,0.0,0.0,0.0,0.0,0.0,0.0,0.0,0.0,0.0,0.0,0.0,0.0,0.0,0.0,0.0,0.0,0.0,0.0,0.0,0.0,0.0,0.0,0.0,0.011946032522246224,0.0,0.00955682601779698,0.0,0.0,0.0,0.0,0.0,0.0,0.0,0.0,0.0,0.0,0.0,0.0,0.0,0.0,0.0,0.0,0.0,0.0,0.0,0.0,0.0,0.0,0.0,0.0,0.0,0.0,0.0,0.0,0.0,0.0,0.0,0.013892065268009887,0.0,0.052711431495845305,0.0,0.4595627337694168,0.0,0.0,0.0,0.0,0.0,0.0,0.0,0.0,0.0,0.0,0.0,0.07221375949059922,0.0,0.1093506193719804,0.0,0.0,0.0,0.0,,0.0,,0.0,,0.0,,0.0,,0.0,0.0,0.0,,0.10740458662621674,0.0,0.009175084065645924,0.0,0.0,,0.0,,0.0,,,,,,,,0.0,,,,,,,,,,,,0.0,0.0,0.0,0.0,0.0,0.0,0.0,0.0,0.0,0.0,0.0,0.0,0.0,0.0,0.0,0.0,0.0,0.0,0.0,0.0,0.0,0.0,0.0,0.0,0.0,0.0,0.0,0.0,0.0,0.0,0.0,0.0,0.0,0.0,0.0,0.0,0.0,0.0,0.0,0.0,0.0,0.0,0.1338553442619741,0.0,0.018187831155955774,2.0,0.08208874519914387,0.0,0.0,,0.0,,0.0,,,,,,,,,,,,,,,,,,,,,,0,1,89,12
10,region_10,2024-10-26,,,,,,,,,,,,,,,0.0,0.0,,,,,,,,,,,,,,,,,,,,,,,,,0.0,0.0,,,,,,,,,,,,,0.0,0.0,0.0,0.0,0.0,0.0,0.0,0.0,0.0,0.0,0.0,0.0,,,0.0,0.0,0.0,0.0,0.0,0.0,0.0,0.0,0.0,0.0,0.0,0.0,0.0,0.0,0.0,0.0,0.0,0.0,0.0,0.0,0.0,0.0,0.0,0.0,0.0,0.0,0.0,0.0,0.0,0.0,0.0,0.0,0.0,0.0,0.0,0.0,0.0,0.0,0.0,0.0,0.0,0.0,0.0,0.0,0.0,0.0,0.0,0.0,0.0,0.0,0.0,0.0,0.0,0.0,0.0,0.0,0.0,0.0,0.0,0.0,0.0,0.0,0.0,0.0,0.0,0.0,0.0,0.0,0.0,0.0,0.0,0.0,0.0,0.0,0.0,0.0,0.0,0.0,0.0,0.0,0.0,0.0,0.0,0.0,0.0,0.0,0.0,0.0,0.0,0.0,0.01785714365541935,0.0,0.28935185074806213,0.0,0.0,0.0,0.0,0.0,0.0,0.0,0.0,0.0,0.0,0.0,0.07275132338205974,0.0,0.19091710820794103,0.0,0.0,0.0,0.0,,0.0,,0.0,,0.0,,0.0,,0.0,0.0,0.0,,0.19091710820794103,0.0,0.0,0.0,0.0,,0.0,,0.0,,,,,,,,0.0,,,,,,,,,,,,0.0,0.0,0.0,0.0,0.0,0.0,0.0,0.0,0.0,0.0,0.0,0.0,0.0,0.0,0.0,0.0,0.0,0.0,0.0,0.0,0.0,0.0,0.0,0.0,0.0,0.0,0.0,0.0,0.0,0.0,0.0,0.0,0.0,0.0,0.0,0.0,0.0,0.0,0.0,0.0,0.0,0.0,0.21660052984952927,0.0,0.03637566231191155,0.0,0.1091269850730896,0.0,0.0,,0.0,,0.0,,,,,,,,,,,,,,,,,,,,,,0,0,90,13
10,region_10,2024-11-02,,,,,,,,,,,,,,,0.0,0.0,,,,,,,,,,,,,,,,,,,,,,,,,0.0,0.0,,,,,,,,,,,,,0.0,0.0,0.0,0.0,0.0,0.0,0.0,0.0,0.0,0.0,0.0,0.0,,,0.0,0.0,0.0,0.0,0.0,0.0,0.0,0.0,0.0,0.0,0.0,0.0,0.0,0.0,0.0,0.0,0.0,0.0,0.0,0.0,0.0,0.0,0.0,0.0,0.0,0.0,0.0,0.0,0.0,0.0,0.0,0.0,0.0,0.0,0.0,0.0,0.0,0.0,0.0,0.0,0.0,0.0,0.0,0.0,0.0,0.0,0.0,0.0,0.0,0.0,0.0,0.0,0.0,0.0,0.0,0.0,0.0,0.0,0.0,0.0,0.0,0.0,0.0,0.0,0.023225957527756688,0.0,0.0,0.0,0.0,0.0,0.0,0.0,0.0,0.0,0.0,0.0,0.0,0.0,0.0,0.0,0.0,0.0,0.0,0.0,0.0,0.0,0.0,0.0,0.0,0.0,0.008928571827709675,0.0,0.38257724344730376,0.0,0.0,0.0,0.0,0.0,0.0,0.0,0.0,0.0,0.0,0.0,0.03637566169102987,0.0,0.12173162810504434,0.0,0.0,0.0,0.0,,0.0,,0.0,,0.0,,0.0,,0.0,0.0,0.0,,0.18133803643286228,0.0,0.0,0.0,0.0,,0.0,,0.0,,,,,,,,0.0,,,,,,,,,,,,0.0,0.0,0.0,0.0,0.0,0.0,0.0,0.0,0.0,0.0,0.0,0.0,0.0,0.0,0.0,0.0,0.0,0.0,0.0,0.0,0.0,0.0,0.0,0.0,0.0,0.0,0.0,0.0,0.0,0.0,0.0,0.0,0.0,0.0,0.0,0.0,0.0,0.0,0.0,0.0,0.0,0.0,0.2396656356751919,0.0,0.018187831155955774,0.0,0.0545634925365448,0.0,0.0,,0.0,,0.0,,,,,,,,,,,,,,,,,,,,,,0,0,90,14
10,region_10,2024-11-09,,,,,,,,,,,,,,,0.0,0.0,,,,,,,,,,,,,,,,,,,,,,,,,0.0,0.0,,,,,,,,,,,,,0.0,0.0,0.0,0.0,0.0,0.0,0.0,0.0,0.0,0.0,0.0,0.0,,,0.0,0.0,0.0,0.0,0.0,0.0,0.0,0.0,0.0,0.0,0.0,0.0,0.0,0.0,0.0,0.0,0.0,0.0,0.0,0.0,0.0,0.0,0.0,0.0,0.0,0.0,0.0,0.0,0.0,0.0,0.0,0.0,0.0,0.0,0.0,0.0,0.0,0.0,0.0,0.0,0.0,0.0,0.0,0.0,0.0,0.0,0.0,0.0,0.0,0.0,0.0,0.0,0.0,0.0,0.0,0.0,0.0,0.0,0.0,0.0,0.0,0.0,0.0,0.0,0.046451915055513375,0.0,0.0,0.0,0.0,0.0,0.0,0.0,0.0,0.0,0.0,0.0,0.0,0.0,0.0,0.0,0.0,0.0,0.0,0.0,0.0,0.0,0.0,0.0,0.0,0.0,0.0,0.0,0.4758026361465454,0.0,0.0,0.0,0.0,0.0,0.0,0.0,0.0,0.0,0.0,0.0,0.0,0.0,0.052546148002147665,0.0,0.0,0.0,0.0,,0.0,,0.0,,0.0,,0.0,,0.0,0.0,0.0,,0.1717589646577835,0.0,0.0,0.0,0.0,,0.0,,0.0,,,,,,,,0.0,,,,,,,,,,,,0.0,0.0,0.0,0.0,0.0,0.0,0.0,0.0,0.0,0.0,0.0,0.0,0.0,0.0,0.0,0.0,0.0,0.0,0.0,0.0,0.0,0.0,0.0,0.0,0.0,0.0,0.0,0.0,0.0,0.0,0.0,0.0,0.0,0.0,0.0,0.0,0.0,0.0,0.0,0.0,0.0,0.0,0.2627307415008545,0.0,0.0,0.0,0.0,0.0,0.0,,0.0,,0.0,,,,,,,,,,,,,,,,,,,,,,0,0,90,15
10,region_10,2024-11-16,,,,,,,,,,,,,,,0.0,0.0,,,,,,,,,,,,,,,,,,,,,,,,,0.0,0.0,,,,,,,,,,,,,0.0,0.0,0.0,0.0,0.0,0.0,0.0,0.0,0.0,0.0,0.0,0.0,,,0.0,0.0,0.0,0.0,0.0,0.0,0.0,0.0,0.0,0.0,0.0,0.0,0.0,0.0,0.0,0.0,0.0,0.0,0.0,0.0,0.0,0.0,0.0,0.0,0.0,0.0,0.0,0.0,0.0,0.0,0.0,0.0,0.0,0.0,0.0,0.0,0.0,0.0,0.0,0.0,0.0,0.0,0.0,0.0,0.0,0.0,0.0,0.0,0.0,0.0,0.0,0.0,0.0,0.0,0.0,0.0,0.0,0.0,0.0,0.0,0.0,0.0,0.0,0.0,0.023225957527756688,0.0,0.0,0.0,0.0,0.0,0.0,0.0,0.0,0.0,0.0,0.0,0.0,0.0,0.0,0.0,0.0,0.0,0.0,0.0,0.0,0.0,0.017195767412583034,0.0,0.0,0.0,0.0,0.0,0.37431005127727984,0.0,0.0,0.0,0.0,0.0,0.0,0.0,0.0,0.0,0.0,0.0,0.0,0.0,0.046982399560511104,0.0,0.0,0.0,0.0,,0.0,,0.0,,0.0,,0.0,,0.0,0.0,0.08296131156384945,1.0,0.08587948232889175,0.0,0.0552248681584994,0.0,0.0,,0.0,,0.0,,,,,,,,0.0,,,,,,,,,,,,0.0,0.0,0.0,0.0,0.0,0.0,0.0,0.0,0.0,0.0,0.0,0.0,0.0,0.0,0.0,0.0,0.0,0.0,0.0,0.0,0.0,0.0,0.0,0.0,0.0,0.0,0.0,0.0,0.0,0.0,0.0,0.0,0.0,0.0,0.0,0.0,0.0,0.0,0.0,0.0,0.0,0.0,0.2019010864198208,0.0,0.03459821455180645,0.0,0.09672619123011827,0.0,0.0,,0.0,,0.0,,,,,,,,,,,,,,,,,,,,,,1,0,90,0
10,region_10,2024-11-23,,,,,,,,,,,,,,,0.0,0.0,,,,,,,,,,,,,,,,,,,,,,,,,0.0,0.0,,,,,,,,,,,,,0.0,0.0,0.0,0.0,0.0,0.0,0.0,0.0,0.0,0.0,0.0,0.0,,,0.0,0.0,0.0,0.0,0.0,0.0,0.0,0.0,0.0,0.0,0.0,0.0,0.0,0.0,0.0,0.0,0.0,0.0,0.0,0.0,0.0,0.0,0.0,0.0,0.0,0.0,0.0,0.0,0.0,0.0,0.0,0.0,0.0,0.0,0.0,0.0,0.0,0.0,0.0,0.0,0.0,0.0,0.0,0.0,0.0,0.0,0.0,0.0,0.0,0.0,0.0,0.0,0.0,0.0,0.0,0.0,0.0,0.0,0.0,0.0,0.0,0.0,0.0,0.0,0.0,0.0,0.0,0.0,0.0,0.0,0.0,0.0,0.0,0.0,0.0,0.0,0.0,0.0,0.0,0.0,0.0,0.0,0.0,0.0,0.0,0.0,0.03439153482516607,0.0,0.0,0.0,0.0,0.0,0.2728174664080143,0.0,0.0,0.0,0.0,0.0,0.0,0.0,0.0,0.0,0.0,0.0,0.0,0.0,0.04141865111887455,0.0,0.0,0.0,0.0,,0.0,,0.0,,0.0,,0.0,,0.0,0.0,0.1659226231276989,0.0,0.0,0.0,0.1104497363169988,0.0,0.0,,0.0,,0.0,,,,,,,,0.0,,,,,,,,,,,,0.0,0.0,0.0,0.0,0.0,0.0,0.0,0.0,0.0,0.0,0.0,0.0,0.0,0.0,0.0,0.0,0.0,0.0,0.0,0.0,0.0,0.0,0.0,0.0,0.0,0.0,0.0,0.0,0.0,0.0,0.0,0.0,0.0,0.0,0.0,0.0,0.0,0.0,0.0,0.0,0.0,0.0,0.14107143133878708,0.0,0.0691964291036129,0.0,0.19345238246023655,0.0,0.0,,0.0,,0.0,,,,,,,,,,,,,,,,,,,,,,0,0,91,1
10,region_10,2024-11-30,,,,,,,,,,,,,,,0.0,0.0,,,,,,,,,,,,,,,,,,,,,,,,,0.0,0.0,,,,,,,,,,,,,0.0,0.0,0.0,0.0,0.0,0.0,0.0,0.0,0.0,0.0,0.0,0.0,,,0.0,0.0,0.0,0.0,0.0,0.0,0.0,0.0,0.0,0.0,0.0,0.0,0.0,0.0,0.0,0.0,0.0,0.0,0.0,0.0,0.0,0.0,0.0,0.0,0.0,0.0,0.0,0.0,0.0,0.0,0.0,0.0,0.0,0.0,0.0,0.0,0.0,0.0,0.0,0.0,0.0,0.0,0.0,0.0,0.0,0.0,0.0,0.0,0.0,0.0,0.0,0.0,0.0,0.0,0.0,0.0,0.0,0.0,0.0,0.0,0.0,0.0,0.0,0.0,0.0,0.0,0.0,0.0,0.0,0.0,0.0,0.0,0.0,0.0,0.0,0.0,0.0,0.0,0.0,0.0,0.0,0.0,0.0,0.0,0.0,0.0,0.017195767412583034,0.0,0.11515151585141818,0.0,0.0,0.0,0.3470147966096798,0.0,0.0,0.0,0.0,0.0,0.0,0.0,0.0,0.0,0.0,0.0,0.0,0.0,0.05252750807752211,0.0,0.0,0.0,0.0,,0.0,,0.0,,0.0,,0.0,,0.0,0.0,0.08296131156384945,0.0,0.0,0.0,0.0552248681584994,0.0,0.0,,0.0,,0.0,,,,,,,,0.0,,,,,,,,,,,,0.0,0.0,0.0,0.0,0.0,0.0,0.0,0.0,0.0,0.0,0.0,0.0,0.0,0.0,0.0,0.0,0.0,0.0,0.0,0.0,0.0,0.0,0.0,0.0,0.0,0.0,0.0,0.0,0.0,0.0,0.0,0.0,0.0,0.0,0.0,0.0,0.0,0.0,0.0,0.0,0.022727273404598226,0.0,0.19780844574173292,0.0,0.03459821455180645,0.0,0.09672619123011827,0.0,0.0,,0.0,,0.0,,,,,,,,,,,,,,,,,,,,,,0,0,91,2
10,region_10,2024-12-07,,,,,,,,,,,,,,,0.0,0.0,,,,,,,,,,,,,,,,,,,,,,,,,0.0,0.0,,,,,,,,,,,,,0.0,0.0,0.0,0.0,0.0,0.0,0.0,0.0,0.0,0.0,0.0,0.0,,,0.0,0.0,0.0,0.0,0.0,0.0,0.0,0.0,0.0,0.0,0.0,0.0,0.0,0.0,0.0,0.0,0.0,0.0,0.0,0.0,0.0,0.0,0.0,0.0,0.0,0.0,0.0,0.0,0.0,0.0,0.0,0.0,0.0,0.0,0.0,0.0,0.0,0.0,0.0,0.0,0.0,0.0,0.0,0.0,0.0,0.0,0.0,0.0,0.0,0.0,0.0,0.0,0.0,0.0,0.0,0.0,0.0,0.0,0.0,0.0,0.0,0.0,0.0,0.0,0.0,0.0,0.0,0.0,0.0,0.0,0.0,0.0,0.0,0.0,0.0,0.0,0.0,0.0,0.0,0.0,0.0,0.0,0.0,0.0,0.0,0.0,0.0,0.0,0.23030303170283636,0.0,0.0,0.0,0.4212121268113454,0.0,0.0,0.0,0.0,0.0,0.0,0.0,0.0,0.0,0.0,0.0,0.0,0.0,0.06363636503616966,0.0,0.0,0.0,0.0,,0.0,,0.0,,0.0,,0.0,,0.0,0.0,0.0,0.0,0.0,0.0,0.0,0.0,0.0,,0.0,,0.0,,,,,,,,0.0,,,,,,,,,,,,0.0,0.0,0.0,0.0,0.0,0.0,0.0,0.0,0.0,0.0,0.0,0.0,0.0,0.0,0.0,0.0,0.0,0.0,0.0,0.0,0.0,0.0,0.0,0.0,0.0,0.0,0.0,0.0,0.0,0.0,0.0,0.0,0.0,0.0,0.0,0.0,0.0,0.0,0.0,0.0,0.04545454680919645,0.0,0.25454546014467877,0.0,0.0,0.0,0.0,0.0,0.0,,0.0,,0.0,,,,,,,,,,,,,,,,,,,,,,0,0,91,3
10,region_10,2024-12-14,,,,,,,,,,,,,,,0.0,0.0,,,,,,,,,,,,,,,,,,,,,,,,,0.0,0.0,,,,,,,,,,,,,0.0,0.0,0.0,0.0,0.0,0.0,0.0,0.0,0.0,0.0,0.0,0.0,,,0.0,0.0,0.0,0.0,0.0,0.0,0.0,0.0,0.0,0.0,0.0,0.0,0.0,0.0,0.0,0.0,0.0,0.0,0.0,0.0,0.0,0.0,0.0,0.0,0.0,0.0,0.0,0.0,0.0,0.0,0.0,0.0,0.0,0.0,0.0,0.0,0.0,0.0,0.0,0.0,0.0,0.0,0.0,0.0,0.0,0.0,0.0,0.0,0.0,0.0,0.0,0.0,0.0,0.0,0.0,0.0,0.0,0.0,0.0,0.0,0.0,0.0,0.0,0.0,0.0,0.0,0.0,0.0,0.0,0.0,0.0,0.0,0.0,0.0,0.0,0.0,0.0,0.0,0.0,0.0,0.0,0.0,0.0,0.0,0.0,0.0,0.0,0.0,0.11515151585141818,0.0,0.008928571827709675,0.0,0.39485619962215424,0.0,0.0,0.0,0.0,0.0,0.0,0.0,0.0,0.0,0.0,0.0,0.0,0.0,0.06691670541961986,0.0,0.0,0.0,0.0,,0.0,,0.0,,0.0,,0.0,,0.0,0.0,0.0,0.0,0.0,0.0,0.09065408011277516,0.0,0.0,,0.0,,0.0,,,,,,,,0.0,,,,,,,,,,,,0.0,0.0,0.0,0.0,0.0,0.0,0.0,0.0,0.0,0.0,0.0,0.0,0.0,0.0,0.0,0.0,0.0,0.0,0.0,0.0,0.0,0.0,0.0,0.0,0.0,0.0,0.0,0.0,0.0,0.0,0.0,0.0,0.0,0.0,0.0,0.0,0.0,0.0,0.0,0.0,0.022727273404598226,0.0,0.23626287778218588,0.0,0.0,0.0,0.07895457247893015,0.0,0.0,,0.0,,0.0,,,,,,,,,,,,,,,,,,,,,,0,0,91,4
10,region_10,2024-12-21,,,,,,,,,,,,,,,0.0,0.0,,,,,,,,,,,,,,,,,,,,,,,,,0.0,0.0,,,,,,,,,,,,,0.0,0.0,0.0,0.0,0.0,0.0,0.0,0.0,0.0,0.0,0.0,0.0,,,0.0,0.0,0.0,0.0,0.0,0.0,0.0,0.0,0.0,0.0,0.0,0.0,0.0,0.0,0.0,0.0,0.0,0.0,0.0,0.0,0.0,0.0,0.0,0.0,0.0,0.0,0.0,0.0,0.0,0.0,0.0,0.0,0.0,0.0,0.0,0.0,0.0,0.0,0.0,0.0,0.0,0.0,0.0,0.0,0.0,0.0,0.0,0.0,0.0,0.0,0.0,0.0,0.0,0.0,0.0,0.0,0.0,0.0,0.0,0.0,0.0,0.0,0.0,0.0,0.0,0.0,0.0,0.0,0.0,0.0,0.0,0.0,0.0,0.0,0.0,0.0,0.0,0.0,0.0,0.0,0.0,0.0,0.0,0.0,0.0,0.0,0.0,0.0,0.0,0.0,0.01785714365541935,0.0,0.36850027243296307,0.0,0.0,0.0,0.0,0.0,0.0,0.0,0.0,0.0,0.0,0.0,0.0,0.0,0.07019704580307007,0.0,0.0,0.0,0.0,,0.0,,0.0,,0.0,,0.0,,0.0,0.0,0.0,0.0,0.0,0.0,0.18130816022555032,0.0,0.0,,0.0,,0.0,,,,,,,,0.0,,,,,,,,,,,,0.0,0.0,0.0,0.0,0.0,0.0,0.0,0.0,0.0,0.0,0.0,0.0,0.0,0.0,0.0,0.0,0.0,0.0,0.0,0.0,0.0,0.0,0.0,0.0,0.0,0.0,0.0,0.0,0.0,0.0,0.0,0.0,0.0,0.0,0.0,0.0,0.0,0.0,0.0,0.0,0.0,0.0,0.217980295419693,0.0,0.0,0.0,0.1579091449578603,0.0,0.0,,0.0,,0.0,,,,,,,,,,,,,,,,,,,,,,0,0,91,5
10,region_10,2024-12-28,,,,,,,,,,,,,,,0.0,0.0,,,,,,,,,,,,,,,,,,,,,,,,,0.0,0.0,,,,,,,,,,,,,0.0,0.0,0.0,0.0,0.0,0.0,0.0,0.0,0.0,0.0,0.0,0.0,,,0.0,0.0,0.0,0.0,0.0,0.0,0.0,0.0,0.0,0.0,0.0,0.0,0.0,0.0,0.0,0.0,0.0,0.0,0.0,0.0,0.0,0.0,0.0,0.0,0.0,0.0,0.0,0.0,0.0,0.0,0.0,0.0,0.0,0.0,0.0,0.0,0.0,0.0,0.0,0.0,0.0,0.0,0.0,0.0,0.0,0.0,0.0,0.0,0.0,0.0,0.0,0.0,0.0,0.0,0.0,0.0,0.0,0.0,0.0,0.0,0.0,0.0,0.021842532791197286,0.0,0.0,0.0,0.0,0.0,0.02380952425301075,0.0,0.0,0.0,0.0,0.0,0.0,0.0,0.0,0.0,0.0,0.0,0.0,0.0,0.0,0.0,0.0,0.0,0.0,0.0,0.0,0.0,0.008928571827709675,0.0,0.2818006413678328,0.0,0.0,0.0,0.0,0.0,0.0,0.0,0.0,0.0,0.0,0.0,0.016634199302643524,0.0,0.11083445511758327,0.0,0.0,0.0,0.0,,0.0,,0.0,,0.0,,0.0,,0.0,0.0,0.021842532791197286,0.0,0.013611111169060067,0.0,0.13442211784422398,0.0,0.0,,0.0,,0.0,,,,,,,,0.0,,,,,,,,,,,,0.0,0.0,0.0,0.0,0.0,0.0,0.0,0.0,0.0,0.0,0.0,0.0,0.0,0.0,0.0,0.0,0.0,0.0,0.0,0.0,0.0,0.0,0.0,0.0,0.0,0.0,0.0,0.0,0.0,0.0,0.0,0.0,0.0,0.0,0.0,0.0,0.0,0.0,0.0,0.0,0.0,0.0,0.2559354938566685,0.0,0.0,0.0,0.10079710527012743,0.0,0.043685065582394586,2.0,0.0,,0.0,,,,,,,,,,,,,,,,,,,,,,0,1,91,6
10,region_10,2025-01-04,,,,,,,,,,,,,,,0.0,0.0,,,,,,,,,,,,,,,,,,,,,,,,,0.0,0.0,,,,,,,,,,,,,0.0,0.0,0.0,0.0,0.0,0.0,0.0,0.0,0.0,0.0,0.0,0.0,,,0.0,0.0,0.0,0.0,0.0,0.0,0.0,0.0,0.0,0.0,0.0,0.0,0.0,0.0,0.0,0.0,0.0,0.0,0.0,0.0,0.0,0.0,0.0,0.0,0.0,0.0,0.0,0.0,0.0,0.0,0.0,0.0,0.0,0.0,0.0,0.0,0.0,0.0,0.0,0.0,0.0,0.0,0.0,0.0,0.0,0.0,0.0,0.0,0.0,0.0,0.0,0.0,0.0,0.0,0.0,0.0,0.0,0.0,0.0,0.0,0.0,0.0,0.04368506558239457,0.0,0.0,0.0,0.0,0.0,0.0476190485060215,0.0,0.0,0.0,0.0,0.0,0.0,0.0,0.0,0.0,0.0,0.0,0.0,0.0,0.0,0.0,0.0,0.0,0.0,0.0,0.0,0.0,0.0,0.0,0.19510101030270255,0.0,0.0,0.0,0.0,0.0,0.0,0.0,0.0,0.0,0.0,0.0,0.03326839860528705,0.0,0.15147186443209648,0.0,0.0,0.0,0.0,,0.0,,0.0,,0.0,,0.0,,0.0,0.0,0.04368506558239457,0.0,0.027222222338120133,0.0,0.0875360754628976,0.0,0.0,,0.0,,0.0,,,,,,,,0.0,,,,,,,,,,,,0.0,0.0,0.0,0.0,0.0,0.0,0.0,0.0,0.0,0.0,0.0,0.0,0.0,0.0,0.0,0.0,0.0,0.0,0.0,0.0,0.0,0.0,0.0,0.0,0.0,0.0,0.0,0.0,0.0,0.0,0.0,0.0,0.0,0.0,0.0,0.0,0.0,0.0,0.0,0.0,0.0,0.0,0.29389069229364395,0.0,0.0,0.0,0.04368506558239457,0.0,0.08737013116478917,0.0,0.0,,0.0,,,,,,,,,,,,,,,,,,,,,,0,0,92,7
10,region_10,2025-01-11,,,,,,,,,,,,,,,0.0,0.0,,,,,,,,,,,,,,,,,,,,,,,,,0.0,0.0,,,,,,,,,,,,,0.0,0.0,0.0,0.0,0.0,0.0,0.0,0.0,0.0,0.0,0.0,0.0,,,0.0,0.0,0.0,0.0,0.0,0.0,0.0,0.0,0.0,0.0,0.0,0.0,0.0,0.0,0.0,0.0,0.0,0.0,0.0,0.0,0.0,0.0,0.0,0.0,0.0,0.0,0.0,0.0,0.0,0.0,0.0,0.0,0.0,0.0,0.0,0.0,0.0,0.0,0.0,0.0,0.0,0.0,0.0,0.0,0.0,0.0,0.0,0.0,0.0,0.0,0.0,0.0,0.0,0.0,0.014437322039157138,0.0,0.0,0.0,0.0,0.0,0.0,0.0,0.060402599784235136,0.0,0.0,0.0,0.0,0.0,0.02380952425301075,0.0,0.0,0.0,0.0,0.0,0.0,0.0,0.0,0.0,0.0,0.0,0.0,0.0,0.0,0.0,0.0092592593282461,0.0,0.0,0.0,0.0,0.0,0.06323124468326567,0.0,0.1985500318308671,0.0,0.0,0.0,0.0,0.0,0.0,0.0,0.0,0.0,0.0,0.0,0.016634199302643524,0.0,0.07573593221604824,0.0,0.0,0.0,0.026861009321042458,2.0,0.019249762718876184,2.0,0.0,,0.0,,0.0,,0.0,0.0,0.09720863047987222,0.0,0.013611111169060067,0.0,0.06087345095972218,0.0,0.0,,0.0,,0.0,,,,,,,,0.0,,,,,,,,,,,,0.0,0.0,0.0,0.0,0.0,0.0,0.0,0.0,0.0,0.0,0.0,0.0,0.0,0.0,0.0,0.0,0.0,0.0,0.0,0.0,0.0,0.0,0.0,0.0,0.0,0.0,0.0,0.0,0.0,0.0,0.0,0.0,0.0,0.0,0.0,0.0,0.0,0.0,0.0,0.0,0.0,0.0,0.27688124775886536,0.0,0.0,0.0,0.021842532791197286,0.0,0.08224513257543244,0.0,0.0,,0.0,,,,,,,,,,,,,,,,,,,,,,0,2,92,8
10,region_10,2025-01-18,,,,,,,,,,,,,,,0.0,0.0,,,,,,,,,,,,,,,,,,,,,,,,,0.0,0.0,,,,,,,,,,,,,0.0,0.0,0.0,0.0,0.0,0.0,0.0,0.0,0.0,0.0,0.0,0.0,,,0.0,0.0,0.0,0.0,0.0,0.0,0.0,0.0,0.0,0.0,0.0,0.0,0.0,0.0,0.0,0.0,0.0,0.0,0.0,0.0,0.0,0.0,0.0,0.0,0.0,0.0,0.0,0.0,0.0,0.0,0.0,0.0,0.0,0.0,0.0,0.0,0.0,0.0,0.0,0.0,0.0,0.0,0.0,0.0,0.0,0.0,0.0,0.0,0.0,0.0,0.0,0.0,0.0,0.0,0.028874644078314277,0.0,0.0,0.0,0.0,0.0,0.0,0.0,0.0771201339860757,0.0,0.0,0.0,0.0,0.0,0.0,0.0,0.0,0.0,0.0,0.0,0.0,0.0,0.0,0.0,0.0,0.0,0.0,0.0,0.0,0.0,0.0185185186564922,0.0,0.0,0.0,0.0,0.0,0.12646248936653134,0.0,0.20199905335903168,0.0,0.0,0.0,0.0,0.0,0.0,0.0,0.0,0.0,0.0,0.0,0.0,0.0,0.0,0.0,0.0,0.0,0.053722018642084916,0.0,0.03849952543775237,0.0,0.0,,0.0,,0.0,,0.0,0.0,0.15073219537734986,0.0,0.0,0.0,0.03421082645654676,0.0,0.0,,0.0,,0.0,,,,,,,,0.0,,,,,,,,,,,,0.0,0.0,0.0,0.0,0.0,0.0,0.0,0.0,0.0,0.0,0.0,0.0,0.0,0.0,0.0,0.0,0.0,0.0,0.0,0.0,0.0,0.0,0.0,0.0,0.0,0.0,0.0,0.0,0.0,0.0,0.0,0.0,0.0,0.0,0.0,0.0,0.0,0.0,0.0,0.0,0.0,0.0,0.25987180322408676,0.0,0.0,0.0,0.0,0.0,0.0771201339860757,0.0,0.0,,0.0,,,,,,,,,,,,,,,,,,,,,,0,0,94,9
10,region_10,2025-01-25,,,,,,,,,,,,,,,0.0,0.0,,,,,,,,,,,,,,,,,,,,,,,,,0.0,0.0,,,,,,,,,,,,,0.0,0.0,0.0,0.0,0.0,0.0,0.0,0.0,0.0,0.0,0.0,0.0,,,0.0,0.0,0.0,0.0,0.0,0.0,0.0,0.0,0.0,0.0,0.0,0.0,0.0,0.0,0.0,0.0,0.0,0.0,0.0,0.0,0.0,0.0,0.0,0.0,0.0,0.0,0.0,0.0,0.0,0.0,0.0,0.0,0.0,0.0,0.0,0.0,0.0,0.0,0.0,0.0,0.0,0.0,0.0,0.0,0.0,0.0,0.0,0.0,0.0,0.0,0.0,0.0,0.0,0.0,0.014437322039157138,0.0,0.0,0.0,0.0,0.0,0.0,0.0,0.03856006699303785,0.0,0.0,0.0,0.0,0.0,0.0,0.0,0.0,0.0,0.0,0.0,0.0,0.0,0.0,0.0,0.0,0.0,0.0,0.0,0.0,0.0,0.0092592593282461,0.0,0.0,0.0,0.021130952984094613,0.0,0.06323124468326567,0.0,0.161416195333004,0.0,0.0,0.0,0.0,0.0,0.0,0.0,0.0,0.0,0.0,0.0,0.0,0.0,0.0,0.0,0.0,0.0,0.03876577144754784,0.0,0.019249762718876184,0.0,0.024404762312769876,2.0,0.0,,0.0,,0.0,0.0,0.14203276596963404,0.0,0.0,0.0,0.047462556604295957,0.0,0.0,,0.0,,0.0,,,,,,,,0.0,,,,,,,,,,,,0.0,0.0,0.0,0.0,0.0,0.0,0.0,0.0,0.0,0.0,0.0,0.0,0.0,0.0,0.0,0.0,0.0,0.0,0.0,0.0,0.0,0.0,0.0,0.0,0.0,0.0,0.0,0.0,0.0,0.0,0.0,0.0,0.0,0.0,0.0,0.0,0.0,0.0,0.0,0.0,0.0,0.0,0.29005495086312294,0.0,0.0,0.0,0.1388095248490572,0.0,0.03856006699303785,0.0,0.0,,0.0,,,,,,,,,,,,,,,,,,,,,,0,1,94,10
10,region_10,2025-02-01,,,,,,,,,,,,,,,0.0,0.0,,,,,,,,,,,,,,,,,,,,,,,,,0.0,0.0,,,,,,,,,,,,,0.0,0.0,0.0,0.0,0.0,0.0,0.0,0.0,0.0,0.0,0.0,0.0,,,0.0,0.0,0.0,0.0,0.0,0.0,0.0,0.0,0.0,0.0,0.0,0.0,0.0,0.0,0.0,0.0,0.0,0.0,0.0,0.0,0.0,0.0,0.0,0.0,0.0,0.0,0.0,0.0,0.0,0.0,0.0,0.0,0.0,0.0,0.0,0.0,0.0,0.0,0.0,0.0,0.0,0.0,0.0,0.0,0.0,0.0,0.0,0.0,0.0,0.0,0.0,0.0,0.0,0.0,0.0,0.0,0.0,0.0,0.0,0.0,0.0,0.0,0.0,0.0,0.0,0.0,0.0,0.0,0.0,0.0,0.0,0.0,0.0,0.0,0.0,0.0,0.0,0.0,0.0,0.0,0.0,0.0,0.0,0.0,0.0,0.0,0.0,0.0,0.042261905968189226,0.0,0.0,0.0,0.12083333730697629,0.0,0.0,0.0,0.0,0.0,0.0,0.0,0.0,0.0,0.0,0.0,0.0,0.0,0.0,0.0,0.0,0.0,0.02380952425301075,0.0,0.0,0.0,0.04880952462553975,0.0,0.0,,0.0,,0.0,0.0,0.13333333656191826,0.0,0.0,0.0,0.060714286752045155,0.0,0.0,,0.0,,0.0,,,,,,,,0.0,,,,,,,,,,,,0.0,0.0,0.0,0.0,0.0,0.0,0.0,0.0,0.0,0.0,0.0,0.0,0.0,0.0,0.0,0.0,0.0,0.0,0.0,0.0,0.0,0.0,0.0,0.0,0.0,0.0,0.0,0.0,0.0,0.0,0.0,0.0,0.0,0.0,0.0,0.0,0.0,0.0,0.0,0.0,0.0,0.0,0.3202380985021591,0.0,0.0,0.0,0.2776190496981144,0.0,0.0,0.0,0.0,,0.0,,,,,,,,,,,,,,,,,,,,,,0,0,95,11
10,region_10,2025-02-08,,,,,,,,,,,,,,,0.0,0.0,,,,,,,,,,,,,,,,,,,,,,,,,0.0,0.0,,,,,,,,,,,,,0.0,0.0,0.0,0.0,0.0,0.0,0.0,0.0,0.0,0.0,0.0,0.0,,,0.0,0.0,0.0,0.0,0.0,0.0,0.0,0.0,0.0,0.0,0.0,0.0,0.0,0.0,0.0,0.0,0.0,0.0,0.0,0.0,0.0,0.0,0.0,0.0,0.0,0.0,0.0,0.0,0.0,0.0,0.0,0.0,0.0,0.0,0.0,0.0,0.0,0.0,0.0,0.0,0.0,0.0,0.0,0.0,0.0,0.0,0.0,0.0,0.0,0.0,0.0,0.0,0.0,0.0,0.03902313159778712,0.0,0.0,0.0,0.0,0.0,0.0,0.0,0.02361847343854605,0.0,0.0,0.0,0.0,0.0,0.0,0.0,0.0,0.0,0.0,0.0,0.0,0.0,0.0,0.0,0.0,0.0,0.0,0.0,0.0,0.0,0.0,0.0,0.0,0.0,0.021130952984094613,0.0,0.0,0.0,0.13622499536722896,0.0,0.0,0.0,0.0,0.0,0.0,0.0,0.0,0.0,0.0,0.0,0.0,0.0,0.013007710454985487,0.0,0.0,0.0,0.011904762126505375,0.0,0.0,0.0,0.024404762312769876,0.0,0.0,,0.0,,0.0,0.0,0.103492337744683,0.0,0.011314309667795876,0.0,0.04336485383100806,0.0,0.0,,0.0,,0.0,,,,,,,,0.0,,,,,,,,,,,,0.0,0.0,0.0,0.0,0.0,0.0,0.0,0.0,0.0,0.0,0.0,0.0,0.0,0.0,0.0,0.0,0.0,0.0,0.0,0.0,0.0,0.0,0.0,0.0,0.0,0.0,0.0,0.0,0.0,0.0,0.0,0.0,0.0,0.0,0.0,0.0,0.0,0.0,0.0,0.0,0.0,0.0,0.4129256084561348,0.0,0.024408979807049012,0.0,0.1388095248490572,0.0,0.0,0.0,0.0,,0.0,,,,,,,,,,,,,,,,,,,,,,0,0,95,12
10,region_10,2025-02-15,,,,,,,,,,,,,,,0.0,0.0,,,,,,,,,,,,,,,,,,,,,,,,,0.0,0.0,,,,,,,,,,,,,0.0,0.0,0.0,0.0,0.0,0.0,0.0,0.0,0.0,0.0,0.0,0.0,,,0.0,0.0,0.0,0.0,0.0,0.0,0.0,0.0,0.0,0.0,0.0,0.0,0.0,0.0,0.0,0.0,0.0,0.0,0.0,0.0,0.0,0.0,0.0,0.0,0.0,0.0,0.0,0.0,0.0,0.0,0.0,0.0,0.0,0.0,0.0,0.0,0.0,0.0,0.0,0.0,0.0,0.0,0.0,0.0,0.0,0.0,0.0,0.0,0.0,0.0,0.0,0.0,0.0,0.0,0.07804626319557424,0.0,0.0,0.0,0.0,0.0,0.0,0.0,0.0472369468770921,0.0,0.0,0.0,0.0,0.0,0.0,0.0,0.0,0.0,0.0,0.0,0.0,0.0,0.0,0.0,0.0,0.0,0.0,0.0,0.0,0.0,0.0,0.0,0.0,0.0,0.0,0.0,0.0,0.0,0.15161665342748162,0.0,0.0,0.0,0.0,0.0,0.0,0.0,0.0,0.0,0.0,0.0,0.0,0.0,0.026015420909970974,0.0,0.0,0.0,0.0,0.0,0.0,0.0,0.0,0.0,0.0,,0.0,,0.0,0.0,0.07365133892744775,0.0,0.02262861933559175,0.0,0.026015420909970974,0.0,0.0,,0.0,,0.0,,,,,,,,0.0,,,,,,,,,,,,0.0,0.0,0.0,0.0,0.0,0.0,0.0,0.0,0.0,0.0,0.0,0.0,0.0,0.0,0.0,0.0,0.0,0.0,0.0,0.0,0.0,0.0,0.0,0.0,0.0,0.0,0.0,0.0,0.0,0.0,0.0,0.0,0.0,0.0,0.0,0.0,0.0,0.0,0.0,0.0,0.0,0.0,0.5056131184101105,0.0,0.048817959614098023,0.0,0.0,0.0,0.0,0.0,0.0,,0.0,,,,,,,,,,,,,,,,,,,,,,0,0,95,13
10,region_10,2025-02-22,,,,,,,,,,,,,,,0.0,0.0,,,,,,,,,,,,,,,,,,,,,,,,,0.0,0.0,,,,,,,,,,,,,0.0,0.0,0.0,0.0,0.0,0.0,0.0,0.0,0.0,0.0,0.0,0.0,,,0.0,0.0,0.0,0.0,0.0,0.0,0.0,0.0,0.0,0.0,0.0,0.0,0.0,0.0,0.0,0.0,0.0,0.0,0.0,0.0,0.0,0.0,0.0,0.0,0.0,0.0,0.0,0.0,0.0,0.0,0.0,0.0,0.0,0.0,0.0,0.0,0.0,0.0,0.0,0.0,0.0,0.0,0.0,0.0,0.0,0.0,0.0,0.0,0.0,0.0,0.0,0.0,0.0,0.0,0.03902313159778712,0.0,0.0,0.0,0.0,0.0,0.0,0.0,0.02361847343854605,0.0,0.0,0.0,0.0,0.0,0.0,0.0,0.0,0.0,0.0,0.0,0.0,0.0,0.0,0.0,0.0,0.0,0.0,0.0,0.0,0.0,0.0,0.0,0.0,0.0,0.0,0.0,0.0,0.0,0.2411929471418261,0.0,0.0,0.0,0.0,0.0,0.0,0.0,0.0,0.0,0.0,0.0,0.0,0.0,0.03223848040215669,0.0,0.0,0.0,0.0,0.0,0.0,0.0,0.0,0.0,0.0,,0.0,,0.0,0.0,0.18874875223264098,0.0,0.011314309667795876,0.0,0.013007710454985487,0.0,0.029487180213133485,2.0,0.0,,0.0,,,,,,,,0.0,,,,,,,,,,,,0.0,0.0,0.0,0.0,0.0,0.0,0.0,0.0,0.0,0.0,0.0,0.0,0.0,0.0,0.0,0.0,0.0,0.0,0.0,0.0,0.0,0.0,0.0,0.0,0.0,0.0,0.0,0.0,0.0,0.0,0.0,0.0,0.0,0.0,0.0,0.0,0.0,0.0,0.0,0.0,0.0,0.0,0.38549887016415596,0.0,0.024408979807049012,0.0,0.0,0.0,0.0,0.0,0.0,,0.0,,,,,,,,,,,,,,,,,,,,,,0,1,95,14
10,region_10,2025-03-01,,,,,,,,,,,,,,,0.0,0.0,,,,,,,,,,,,,,,,,,,,,,,,,0.0,0.0,,,,,,,,,,,,,0.0,0.0,0.0,0.0,0.0,0.0,0.0,0.0,0.0,0.0,0.0,0.0,,,0.0,0.0,0.0,0.0,0.0,0.0,0.0,0.0,0.0,0.0,0.0,0.0,0.0,0.0,0.0,0.0,0.0,0.0,0.0,0.0,0.0,0.0,0.0,0.0,0.0,0.0,0.0,0.0,0.0,0.0,0.0,0.0,0.0,0.0,0.0,0.0,0.0,0.0,0.0,0.0,0.0,0.0,0.0,0.0,0.0,0.0,0.0,0.0,0.0,0.0,0.0,0.0,0.0,0.0,0.0,0.0,0.0,0.0,0.0,0.0,0.0,0.0,0.0,0.0,0.0,0.0,0.0,0.0,0.0,0.0,0.0,0.0,0.0,0.0,0.0,0.0,0.0,0.0,0.0,0.0,0.0,0.0,0.0,0.0,0.0,0.0,0.0,0.0,0.0,0.0,0.0,0.0,0.3307692408561706,0.0,0.0,0.0,0.0,0.0,0.0,0.0,0.0,0.0,0.0,0.0,0.0,0.0,0.0384615398943424,0.0,0.0,0.0,0.0,0.0,0.0,0.0,0.0,0.0,0.0,,0.0,,0.0,0.0,0.30384616553783417,0.0,0.0,0.0,0.0,0.0,0.05897436042626697,0.0,0.0,,0.0,,,,,,,,0.0,,,,,,,,,,,,0.0,0.0,0.0,0.0,0.0,0.0,0.0,0.0,0.0,0.0,0.0,0.0,0.0,0.0,0.0,0.0,0.0,0.0,0.0,0.0,0.0,0.0,0.0,0.0,0.0,0.0,0.0,0.0,0.0,0.0,0.0,0.0,0.0,0.0,0.0,0.0,0.0,0.0,0.0,0.0,0.0,0.0,0.2653846219182014,0.0,0.0,0.0,0.0,0.0,0.0,0.0,0.0,,0.0,,,,,,,,,,,,,,,,,,,,,,0,0,96,15
10,region_10,2025-03-08,,,,,,,,,,,,,,,0.0,0.0,,,,,,,,,,,,,,,,,,,,,,,,,0.0,0.0,,,,,,,,,,,,,0.0,0.0,0.0,0.0,0.0,0.0,0.0,0.0,0.0,0.0,0.0,0.0,,,0.0,0.0,0.0,0.0,0.0,0.0,0.0,0.0,0.0,0.0,0.0,0.0,0.0,0.0,0.0,0.0,0.0,0.0,0.0,0.0,0.0,0.0,0.0,0.0,0.0,0.0,0.0,0.0,0.0,0.0,0.0,0.0,0.0,0.0,0.0,0.0,0.0,0.0,0.0,0.0,0.0,0.0,0.0,0.0,0.0,0.0,0.0,0.0,0.0,0.0,0.0,0.0,0.0,0.0,0.0,0.0,0.0,0.0,0.0,0.0,0.0,0.0,0.0,0.0,0.0,0.0,0.0,0.0,0.0,0.0,0.0,0.0,0.0,0.0,0.0,0.0,0.0,0.0,0.0,0.0,0.0,0.0,0.0,0.0,0.0,0.0,0.0,0.0,0.0,0.0,0.0,0.0,0.18324176408350465,0.0,0.0,0.0,0.0,0.0,0.0,0.0,0.0,0.0,0.0,0.0,0.0,0.0,0.0192307699471712,0.0,0.0,0.0,0.01785714365541935,0.0,0.0,0.0,0.0357142873108387,0.0,0.0,,0.0,,0.0,0.0,0.3662087991833687,0.0,0.0357142873108387,0.0,0.0,0.0,0.029487180213133485,0.0,0.0,,0.0,,,,,,,,0.0,,,,,,,,,,,,0.0,0.0,0.0,0.0,0.0,0.0,0.0,0.0,0.0,0.0,0.0,0.0,0.0,0.0,0.0,0.0,0.0,0.0,0.0,0.0,0.0,0.0,0.0,0.0,0.0,0.0,0.0,0.0,0.0,0.0,0.0,0.0,0.0,0.0,0.0,0.0,0.0,0.0,0.0,0.0,0.0,0.0,0.3112637437880039,0.0,0.01785714365541935,0.0,0.0,0.0,0.0,0.0,0.0,,0.0,,,,,,,,,,,,,,,,,,,,,,0,0,96,16
10,region_10,2025-03-15,,,,,,,,,,,,,,,0.0,0.0,,,,,,,,,,,,,,,,,,,,,,,,,0.0,0.0,,,,,,,,,,,,,0.0,0.0,0.0,0.0,0.0,0.0,0.0,0.0,0.0,0.0,0.0,0.0,,,0.0,0.0,0.0,0.0,0.0,0.0,0.0,0.0,0.0,0.0,0.0,0.0,0.0,0.0,0.0,0.0,0.0,0.0,0.0,0.0,0.0,0.0,0.0,0.0,0.0,0.0,0.0,0.0,0.0,0.0,0.0,0.0,0.0,0.0,0.0,0.0,0.0,0.0,0.0,0.0,0.0,0.0,0.0,0.0,0.0,0.0,0.0,0.0,0.0,0.0,0.0,0.0,0.0,0.0,0.0,0.0,0.0,0.0,0.0,0.0,0.0,0.0,0.0,0.0,0.0,0.0,0.0,0.0,0.0,0.0,0.0,0.0,0.0,0.0,0.0,0.0,0.0,0.0,0.0,0.0,0.0,0.0,0.0,0.0,0.0,0.0,0.0,0.0,0.0,0.0,0.0,0.0,0.0357142873108387,0.0,0.0,0.0,0.0,0.0,0.0,0.0,0.0,0.0,0.0,0.0,0.0,0.0,0.0,0.0,0.0,0.0,0.0357142873108387,0.0,0.0,0.0,0.0714285746216774,0.0,0.0,,0.0,,0.0,0.0,0.4285714328289032,0.0,0.0714285746216774,0.0,0.0,0.0,0.0,0.0,0.0,,0.0,,,,,,,,0.0,,,,,,,,,,,,0.0,0.0,0.0,0.0,0.0,0.0,0.0,0.0,0.0,0.0,0.0,0.0,0.0,0.0,0.0,0.0,0.0,0.0,0.0,0.0,0.0,0.0,0.0,0.0,0.0,0.0,0.0,0.0,0.0,0.0,0.0,0.0,0.0,0.0,0.0,0.0,0.0,0.0,0.0,0.0,0.0,0.0,0.3571428656578064,0.0,0.0357142873108387,0.0,0.0,0.0,0.0,0.0,0.0,,0.0,,,,,,,,,,,,,,,,,,,,,,0,0,96,17
10,region_10,2025-03-22,,,,,,,,,,,,,,,0.0,0.0,,,,,,,,,,,,,,,,,,,,,,,,,0.0,0.0,,,,,,,,,,,,,0.0,0.0,0.0,0.0,0.0,0.0,0.0,0.0,0.0,0.0,0.0,0.0,,,0.0,0.0,0.0,0.0,0.0,0.0,0.0,0.0,0.0,0.0,0.0,0.0,0.0,0.0,0.0,0.0,0.0,0.0,0.0,0.0,0.0,0.0,0.0,0.0,0.0,0.0,0.0,0.0,0.0,0.0,0.0,0.0,0.0,0.0,0.0,0.0,0.0,0.0,0.0,0.0,0.0,0.0,0.0,0.0,0.0,0.0,0.0,0.0,0.0,0.0,0.0,0.0,0.0,0.0,0.0,0.0,0.0,0.0,0.0,0.0,0.0,0.0,0.0,0.0,0.0,0.0,0.0,0.0,0.0,0.0,0.0,0.0,0.0,0.0,0.0,0.0,0.0,0.0,0.0,0.0,0.0,0.0,0.0,0.0,0.0,0.0,0.0,0.0,0.0,0.0,0.09974747647841771,0.0,0.01785714365541935,0.0,0.0,0.0,0.0,0.0,0.0,0.0,0.0,0.0,0.0,0.0,0.0,0.0,0.0,0.0,0.0,0.0,0.01785714365541935,0.0,0.0,0.0,0.0357142873108387,0.0,0.0,,0.0,,0.0,0.0,0.5716089556614559,0.0,0.0357142873108387,0.0,0.0,0.0,0.0,0.0,0.0,,0.0,,,,,,,,0.0,,,,,,,,,,,,0.0,0.0,0.0,0.0,0.0,0.0,0.0,0.0,0.0,0.0,0.0,0.0,0.0,0.0,0.0,0.0,0.0,0.0,0.0,0.0,0.0,0.0,0.0,0.0,0.0,0.0,0.0,0.0,0.0,0.0,0.0,0.0,0.0,0.0,0.0,0.0,0.0,0.0,0.0,0.0,0.0,0.0,0.22150072703758875,0.0,0.01785714365541935,0.0,0.0,0.0,0.0,0.0,0.0,,0.0,,,,,,,,,,,,,,,,,,,,,,0,0,96,18
10,region_10,2025-03-29,,,,,,,,,,,,,,,0.0,0.0,,,,,,,,,,,,,,,,,,,,,,,,,0.0,0.0,,,,,,,,,,,,,0.0,0.0,0.0,0.0,0.0,0.0,0.0,0.0,0.0,0.0,0.0,0.0,,,0.0,0.0,0.0,0.0,0.0,0.0,0.0,0.0,0.0,0.0,0.0,0.0,0.0,0.0,0.0,0.0,0.0,0.0,0.0,0.0,0.0,0.0,0.0,0.0,0.0,0.0,0.0,0.0,0.0,0.0,0.0,0.0,0.0,0.0,0.0,0.0,0.0,0.0,0.0,0.0,0.0,0.0,0.0,0.0,0.0,0.0,0.0,0.0,0.0,0.0,0.0,0.0,0.0,0.0,0.0,0.0,0.0,0.0,0.0,0.0,0.0,0.0,0.0,0.0,0.0,0.0,0.0,0.0,0.0,0.0,0.0,0.0,0.0,0.0,0.0,0.0,0.0,0.0,0.0,0.0,0.0,0.0,0.0,0.0,0.0,0.0,0.0,0.0,0.0,0.0,0.19949495295683542,0.0,0.0,0.0,0.0,0.0,0.0,0.0,0.0,0.0,0.0,0.0,0.0,0.0,0.0,0.0,0.0,0.0,0.0,0.0,0.0,0.0,0.0,0.0,0.0,0.0,0.0,,0.0,,0.0,0.0,0.7146464784940084,0.0,0.0,0.0,0.0,0.0,0.0,0.0,0.0,,0.0,,,,,,,,0.0,,,,,,,,,,,,0.0,0.0,0.0,0.0,0.0,0.0,0.0,0.0,0.0,0.0,0.0,0.0,0.0,0.0,0.0,0.0,0.0,0.0,0.0,0.0,0.0,0.0,0.0,0.0,0.0,0.0,0.0,0.0,0.0,0.0,0.0,0.0,0.0,0.0,0.0,0.0,0.0,0.0,0.0,0.0,0.0,0.0,0.0858585884173711,0.0,0.0,0.0,0.0,0.0,0.0,0.0,0.0,,0.0,,,,,,,,,,,,,,,,,,,,,,0,0,96,19
10,region_10,2025-04-05,,,,,,,,,,,,,,,0.0,0.0,,,,,,,,,,,,,,,,,,,,,,,,,0.0,0.0,,,,,,,,,,,,,0.0,0.0,0.0,0.0,0.0,0.0,0.0,0.0,0.0,0.0,0.0,0.0,,,0.0,0.0,0.0,0.0,0.0,0.0,0.0,0.0,0.0,0.0,0.0,0.0,0.0,0.0,0.0,0.0,0.0,0.0,0.0,0.0,0.0,0.0,0.0,0.0,0.0,0.0,0.0,0.0,0.0,0.0,0.0,0.0,0.0,0.0,0.0,0.0,0.0,0.0,0.0,0.0,0.0,0.0,0.0,0.0,0.0,0.0,0.0,0.0,0.0,0.0,0.0,0.0,0.0,0.0,0.0,0.0,0.0,0.0,0.0,0.0,0.0,0.0,0.0,0.0,0.0,0.0,0.0,0.0,0.0,0.0,0.0,0.0,0.0,0.0,0.0,0.0,0.0,0.0,0.0,0.0,0.0,0.0,0.0,0.0,0.0,0.0,0.0,0.0,0.0,0.0,0.09974747647841771,0.0,0.0,0.0,0.0,0.0,0.0,0.0,0.0,0.0,0.0,0.0,0.0,0.0,0.0,0.0,0.023015874127546933,0.0,0.0,0.0,0.0,0.0,0.0,0.0,0.0,0.0,0.0,,0.0,,0.0,0.0,0.6168470519284408,0.0,0.0,0.0,0.0,0.0,0.0,0.0,0.0,,0.0345238111913204,1.0,,,,,,,0.0,,,,,,,,,,,,0.0,0.0,0.0,0.0,0.0,0.0,0.0,0.0,0.0,0.0,0.0,0.0,0.0,0.0,0.0,0.0,0.0,0.0,0.0,0.0,0.0,0.0,0.0,0.0,0.0,0.0,0.0,0.0,0.0,0.0,0.0,0.0,0.0,0.0,0.0,0.0,0.0,0.0,0.0,0.0,0.0,0.0,0.1726912014807264,0.0,0.0,0.0,0.0,0.0,0.0,0.0,0.058928573504090295,2.0,0.0,,,,,,,,,,,,,,,,,,,,,,1,1,96,0
10,region_10,2025-04-12,,,,,,,,,,,,,,,0.0,0.0,,,,,,,,,,,,,,,,,,,,,,,,,0.0,0.0,,,,,,,,,,,,,0.0,0.0,0.0,0.0,0.0,0.0,0.0,0.0,0.0,0.0,0.0,0.0,,,0.0,0.0,0.0,0.0,0.0,0.0,0.0,0.0,0.0,0.0,0.0,0.0,0.0,0.0,0.0,0.0,0.0,0.0,0.0,0.0,0.0,0.0,0.0,0.0,0.0,0.0,0.0,0.0,0.0,0.0,0.0,0.0,0.0,0.0,0.0,0.0,0.0,0.0,0.0,0.0,0.0,0.0,0.0,0.0,0.0,0.0,0.0,0.0,0.0,0.0,0.0,0.0,0.0,0.0,0.0,0.0,0.0,0.0,0.0,0.0,0.0,0.0,0.0,0.0,0.0,0.0,0.0,0.0,0.0,0.0,0.0,0.0,0.0,0.0,0.0,0.0,0.0,0.0,0.0,0.0,0.0,0.0,0.0,0.0,0.0,0.0,0.0,0.0,0.0,0.0,0.0,0.0,0.0,0.0,0.0,0.0,0.0,0.0,0.0,0.0,0.0,0.0,0.0,0.0,0.0,0.0,0.04603174825509387,0.0,0.0,0.0,0.0,0.0,0.0,0.0,0.0,0.0,0.0,,0.0,,0.0,0.0,0.5190476253628731,0.0,0.0,0.0,0.0,0.0,0.0,0.0,0.0,,0.0690476223826408,0.0,,,,,,,0.0,,,,,,,,,,,,0.0,0.0,0.0,0.0,0.0,0.0,0.0,0.0,0.0,0.0,0.0,0.0,0.0,0.0,0.0,0.0,0.0,0.0,0.0,0.0,0.0,0.0,0.0,0.0,0.0,0.0,0.0,0.0,0.0,0.0,0.0,0.0,0.0,0.0,0.0,0.0,0.0,0.0,0.0,0.0,0.0,0.0,0.2595238145440817,0.0,0.0,0.0,0.0,0.0,0.0,0.0,0.11785714700818059,0.0,0.0,,,,,,,,,,,,,,,,,,,,,,0,0,98,1
10,region_10,2025-04-19,,,,,,,,,,,,,,,0.0,0.0,,,,,,,,,,,,,,,,,,,,,,,,,0.0,0.0,,,,,,,,,,,,,0.0,0.0,0.0,0.0,0.0,0.0,0.0,0.0,0.0,0.0,0.0,0.0,,,0.0,0.0,0.0,0.0,0.0,0.0,0.0,0.0,0.0,0.0,0.0,0.0,0.0,0.0,0.0,0.0,0.0,0.0,0.0,0.0,0.0,0.0,0.0,0.0,0.0,0.0,0.0,0.0,0.0,0.0,0.0,0.0,0.0,0.0,0.0,0.0,0.0,0.0,0.0,0.0,0.0,0.0,0.0,0.0,0.0,0.0,0.0,0.0,0.0,0.0,0.0,0.0,0.0,0.0,0.0,0.0,0.0,0.0,0.0,0.0,0.0,0.0,0.0,0.0,0.0,0.0,0.0,0.0,0.0,0.0,0.0,0.0,0.0,0.0,0.0,0.0,0.0,0.0,0.0,0.0,0.0,0.0,0.0,0.0,0.0,0.0,0.0,0.0,0.0,0.0,0.0,0.0,0.0,0.0,0.0,0.0,0.0,0.0,0.0,0.0,0.0,0.0,0.0,0.0,0.0,0.0,0.042246644074718134,0.0,0.0,0.0,0.0,0.0,0.0,0.0,0.0,0.0,0.0,,0.0,,0.0,0.0,0.45183150842785835,0.0,0.0,0.0,0.0,0.0,0.0,0.0,0.0,,0.0345238111913204,0.0,,,,,,,0.0,,,,,,,,,,,,0.0,0.0,0.0,0.0,0.0,0.0,0.0,0.0,0.0,0.0,0.0,0.0,0.0,0.0,0.0,0.0,0.0,0.0,0.0,0.0,0.0,0.0,0.0,0.0,0.0,0.0,0.0,0.0,0.0,0.0,0.0,0.0,0.0,0.0,0.0,0.0,0.0,0.0,0.0,0.0,0.0,0.0,0.14899267721921206,0.0,0.0,0.0,0.0,0.0,0.0,0.0,0.058928573504090295,0.0,0.0,,,,,,,,,,,,,,,,,,,,,,0,0,98,2
10,region_10,2025-04-26,,,,,,,,,,,,,,,0.0,0.0,,,,,,,,,,,,,,,,,,,,,,,,,0.0,0.0,,,,,,,,,,,,,0.0,0.0,0.0,0.0,0.0,0.0,0.0,0.0,0.0,0.0,0.0,0.0,,,0.0,0.0,0.0,0.0,0.0,0.0,0.0,0.0,0.0,0.0,0.0,0.0,0.0,0.0,0.0,0.0,0.0,0.0,0.0,0.0,0.0,0.0,0.0,0.0,0.0,0.0,0.0,0.0,0.0,0.0,0.0,0.0,0.0,0.0,0.0,0.0,0.0,0.0,0.0,0.0,0.0,0.0,0.0,0.0,0.0,0.0,0.0,0.0,0.0,0.0,0.0,0.0,0.0,0.0,0.0,0.0,0.0,0.0,0.0,0.0,0.0,0.0,0.0,0.0,0.0,0.0,0.0,0.0,0.0,0.0,0.0,0.0,0.0,0.0,0.0,0.0,0.0,0.0,0.0,0.0,0.0,0.0,0.0,0.0,0.0,0.0,0.0,0.0,0.0,0.0,0.0,0.0,0.0,0.0,0.0,0.0,0.0,0.0,0.0,0.0,0.0,0.0,0.0,0.0,0.0,0.0,0.0384615398943424,0.0,0.0,0.0,0.0,0.0,0.0,0.0,0.0,0.0,0.0,,0.0,,0.0,0.0,0.38461539149284363,0.0,0.0,0.0,0.0,0.0,0.0,0.0,0.0,,0.0,0.0,,,,,,,0.0,,,,,,,,,,,,0.0,0.0,0.0,0.0,0.0,0.0,0.0,0.0,0.0,0.0,0.0,0.0,0.0,0.0,0.0,0.0,0.0,0.0,0.0,0.0,0.0,0.0,0.0,0.0,0.0,0.0,0.0,0.0,0.0,0.0,0.0,0.0,0.0,0.0,0.0,0.0,0.0,0.0,0.0,0.0,0.0,0.0,0.0384615398943424,0.0,0.0,0.0,0.0,0.0,0.0,0.0,0.0,0.0,0.0,,,,,,,,,,,,,,,,,,,,,,0,0,98,3
10,region_10,2025-05-03,,,,,,,,,,,,,,,0.0,0.0,,,,,,,,,,,,,,,,,,,,,,,,,0.0,0.0,,,,,,,,,,,,,0.0,0.0,0.0,0.0,0.0,0.0,0.0,0.0,0.0,0.0,0.0,0.0,,,0.0,0.0,0.0,0.0,0.0,0.0,0.0,0.0,0.0,0.0,0.0,0.0,0.0,0.0,0.0,0.0,0.0,0.0,0.0,0.0,0.0,0.0,0.0,0.0,0.0,0.0,0.0,0.0,0.0,0.0,0.0,0.0,0.0,0.0,0.0,0.0,0.0,0.0,0.0,0.0,0.0,0.0,0.0,0.0,0.0,0.0,0.0,0.0,0.0,0.0,0.0,0.0,0.0,0.0,0.0,0.0,0.0,0.0,0.0,0.0,0.0,0.0,0.0,0.0,0.0,0.0,0.0,0.0,0.0,0.0,0.0,0.0,0.0,0.0,0.0,0.0,0.0,0.0,0.0,0.0,0.0,0.0,0.0,0.0,0.0,0.0,0.0,0.0,0.0,0.0,0.024404762312769876,0.0,0.0,0.0,0.0,0.0,0.0,0.0,0.0,0.0,0.0,0.0,0.0,0.0,0.0,0.0,0.0192307699471712,0.0,0.0,0.0,0.0,0.0,0.0,0.0,0.0,0.0,0.0,,0.0,,0.0,0.0,0.58278389275074,0.0,0.0,0.0,0.0,0.0,0.0,0.0,0.0,,0.011904762126505375,0.0,,,,,,,0.0,,,,,,,,,,,,0.0,0.0,0.0,0.0,0.0,0.0,0.0,0.0,0.0,0.0,0.0,0.0,0.0,0.0,0.0,0.0,0.0,0.0,0.0,0.0,0.0,0.0,0.0,0.0,0.0,0.0,0.0,0.0,0.0,0.0,0.0,0.0,0.0,0.0,0.0,0.0,0.0,0.0,0.0,0.0,0.0,0.0,0.0192307699471712,0.0,0.0,0.0,0.024404762312769876,0.0,0.024404762312769876,0.0,0.0,0.0,0.0,,,,,,,,,,,,,,,,,,,,,,0,0,98,4
10,region_10,2025-05-10,,,,,,,,,,,,,,,0.0,0.0,,,,,,,,,,,,,,,,,,,,,,,,,0.0,0.0,,,,,,,,,,,,,0.0,0.0,0.0,0.0,0.0,0.0,0.0,0.0,0.0,0.0,0.0,0.0,,,0.0,0.0,0.0,0.0,0.0,0.0,0.0,0.0,0.0,0.0,0.0,0.0,0.0,0.0,0.0,0.0,0.0,0.0,0.0,0.0,0.0,0.0,0.0,0.0,0.0,0.0,0.0,0.0,0.0,0.0,0.0,0.0,0.0,0.0,0.0,0.0,0.0,0.0,0.0,0.0,0.0,0.0,0.0,0.0,0.0,0.0,0.0,0.0,0.0,0.0,0.0,0.0,0.0,0.0,0.0,0.0,0.0,0.0,0.0,0.0,0.0,0.0,0.0,0.0,0.0,0.0,0.0,0.0,0.0,0.0,0.0,0.0,0.0,0.0,0.0,0.0,0.0,0.0,0.0,0.0,0.0,0.0,0.0,0.0,0.0,0.0,0.0,0.0,0.0,0.0,0.04880952462553975,0.0,0.0,0.0,0.0,0.0,0.0,0.0,0.0,0.0,0.0,0.0,0.0,0.0,0.0,0.0,0.0,0.0,0.0,0.0,0.0,0.0,0.0,0.0,0.0,0.0,0.0,,0.0,,0.0,0.0,0.7809523940086365,0.0,0.0,0.0,0.0,0.0,0.0,0.0,0.0,,0.02380952425301075,0.0,,,,,,,0.0,,,,,,,,,,,,0.0,0.0,0.0,0.0,0.0,0.0,0.0,0.0,0.0,0.0,0.0,0.0,0.0,0.0,0.0,0.0,0.0,0.0,0.0,0.0,0.0,0.0,0.0,0.0,0.0,0.0,0.0,0.0,0.0,0.0,0.0,0.0,0.0,0.0,0.0,0.0,0.0,0.0,0.0,0.0,0.0,0.0,0.0,0.0,0.0,0.0,0.04880952462553975,0.0,0.04880952462553975,0.0,0.0,0.0,0.0,,,,,,,,,,,,,,,,,,,,,,0,0,98,5
10,region_10,2025-05-17,,,,,,,,,,,,,,,0.0,0.0,,,,,,,,,,,,,,,,,,,,,,,,,0.0,0.0,,,,,,,,,,,,,0.0,0.0,0.0,0.0,0.0,0.0,0.0,0.0,0.0,0.0,0.0,0.0,,,0.0,0.0,0.0,0.0,0.0,0.0,0.0,0.0,0.0,0.0,0.0,0.0,0.0,0.0,0.0,0.0,0.0,0.0,0.0,0.0,0.0,0.0,0.0,0.0,0.0,0.0,0.0,0.0,0.0,0.0,0.0,0.0,0.0,0.0,0.0,0.0,0.0,0.0,0.0,0.0,0.0,0.0,0.0,0.0,0.0,0.0,0.0,0.0,0.0,0.0,0.0,0.0,0.0,0.0,0.0,0.0,0.0,0.0,0.0,0.0,0.0,0.0,0.0,0.0,0.0,0.0,0.0,0.0,0.0,0.0,0.0,0.0,0.0,0.0,0.0,0.0,0.0,0.0,0.0,0.0,0.0,0.0,0.0,0.0,0.0,0.0,0.0,0.0,0.0,0.0,0.024404762312769876,0.0,0.0,0.0,0.0,0.0,0.0,0.0,0.0,0.0,0.0,0.0,0.0,0.0,0.0,0.0,0.0,0.0,0.0,0.0,0.0,0.0,0.0,0.0,0.0,0.0,0.0,,0.0,,0.0,0.0,0.39047619700431824,0.0,0.0,0.0,0.0,0.0,0.0,0.0,0.0,,0.011904762126505375,0.0,,,,,,,0.0,,,,,,,,,,,,0.0,0.0,0.0,0.0,0.0,0.0,0.0,0.0,0.0,0.0,0.0,0.0,0.0,0.0,0.0,0.0,0.0,0.0,0.0,0.0,0.0,0.0,0.0,0.0,0.0,0.0,0.0,0.0,0.0,0.0,0.0,0.0,0.0,0.0,0.0,0.0,0.0,0.0,0.0,0.0,0.0,0.0,0.0,0.0,0.0,0.0,0.024404762312769876,0.0,0.024404762312769876,0.0,0.0,0.0,0.0,,,,,,,,,,,,,,,,,,,,,,0,0,98,6
10,region_10,2025-05-24,,,,,,,,,,,,,,,0.0,0.0,,,,,,,,,,,,,,,,,,,,,,,,,0.0,0.0,,,,,,,,,,,,,0.0,0.0,0.0,0.0,0.0,0.0,0.0,0.0,0.0,0.0,0.0,0.0,,,0.0,0.0,0.0,0.0,0.0,0.0,0.0,0.0,0.0,0.0,0.0,0.0,0.0,0.0,0.0,0.0,0.0,0.0,0.0,0.0,0.0,0.0,0.0,0.0,0.0,0.0,0.0,0.0,0.0,0.0,0.0,0.0,0.0,0.0,0.0,0.0,0.0,0.0,0.0,0.0,0.0,0.0,0.0,0.0,0.0,0.0,0.0,0.0,0.0,0.0,0.0,0.0,0.0,0.0,0.0,0.0,0.0,0.0,0.0,0.0,0.0,0.0,0.0,0.0,0.0,0.0,0.0,0.0,0.0,0.0,0.0,0.0,0.0,0.0,0.0,0.0,0.0,0.0,0.0,0.0,0.0,0.0,0.0,0.0,0.0,0.0,0.0,0.0,0.0,0.0,0.0,0.0,0.0,0.0,0.0,0.0,0.0,0.0,0.0,0.0,0.0,0.0,0.0,0.0,0.0,0.0,0.0,0.0,0.0,0.0,0.0,0.0,0.0,0.0,0.0,0.0,0.0,,0.0,,0.0,0.0,0.0,0.0,0.0,0.0,0.0,0.0,0.0,0.0,0.0,,0.0,0.0,,,,,,,0.0,,,,,,,,,,,,0.0,0.0,0.0,0.0,0.0,0.0,0.0,0.0,0.0,0.0,0.0,0.0,0.0,0.0,0.0,0.0,0.0,0.0,0.0,0.0,0.0,0.0,0.0,0.0,0.0,0.0,0.0,0.0,0.0,0.0,0.0,0.0,0.0,0.0,0.0,0.0,0.0,0.0,0.0,0.0,0.0,0.0,0.0,0.0,0.0,0.0,0.0,0.0,0.0,0.0,0.0,0.0,0.0,,,,,,,,,,,,,,,,,,,,,,0,0,98,7
10,region_10,2025-05-31,,,,,,,,,,,,,,,,,,,,,,,,,,,,,,,,,,,,,,,,,,,,,,,,,,,,,,,,,,,,,,,,,,,,,,,,,,,,,,,,,,,,,,,,,,,,,,,,,,,,,,,,,,,,,,,,,,,,,,,,,,,0.0009433962404727899,0.0,,,,,,,0.00107282527411977,0.0,0.0006675567211849285,0.0,,,,,,,,,,,,,,,0.001099041085690256,0.0,,,,,,,,,0.02083333395421505,0.0,0.00980392191559075,0.0,,,,,,,,,,,,,0.010767131422956766,0.0,,,0.00980392191559075,0.0,,,0.013283682055771337,0.0,0.0014763995818793739,2.0,0.01623062044382095,2.0,,,0.3361498564481735,0.0,,,,,,,,,0.06351143121719358,0.0,,,,,,,0.020926267529527334,2.0,,,,,,,,,,,,,,,,,,,,,,,,,,,0.0016865079601605733,0.0,,,,,,,,,,,,,,,,,,,,,,,0.00027372679259213777,0.0,0.010767131422956766,0.0,,,,,,,0.0057885721325874285,0.0,0.03698403108865021,1.0,,,,,,,,,,,,,,,,,,,,,1,3,15,0
10,region_10,2025-06-07,,,,,,,,,,,,,,,,,,,,,,,,,,,,,,,,,,,,,,,,,,,,,,,,,,,,,,,,,,,,,,,,,,,,,,,,,,,,,,,,,,,,,,,,,,,,,,,,,,,,,,,,,,,,,,,,,,,,,,,,,,,0.0018867924809455798,0.0,,,,,,,0.00214565054823954,0.0,0.001335113442369857,0.0,,,,,,,,,,,,,,,0.002198082171380512,0.0,,,,,,,,,0.0416666679084301,0.0,0.0196078438311815,0.0,,,,,,,,,,,,,0.021534262845913532,0.0,,,0.0196078438311815,0.0,,,0.026567364111542674,0.0,0.0029527991637587478,0.0,0.0324612408876419,0.0,,,0.672299712896347,0.0,,,,,,,,,0.12702286243438715,0.0,,,,,,,0.04185253505905467,0.0,,,,,,,,,,,,,,,,,,,,,,,,,,,0.0033730159203211466,0.0,,,,,,,,,,,,,,,,,,,,,,,0.0005474535851842755,0.0,0.021534262845913532,0.0,,,,,,,0.011577144265174857,0.0,0.07396806217730043,0.0,,,,,,,,,,,,,,,,,,,,,0,0,19,1
10,region_10,2025-06-14,,,,,,,,,,,,,,,,,,,,,,,,,,,,,,,,,,,,,,,,,,,,,,,,,,,,,,,,,,,,,,,,,,,,,,,,,,,,,,,,,,,,,,,,,,,,,,,,,,,,,,,,,,,,,,,,,,,,,,,,,,,0.0028301887214183695,0.0,,,,,,,0.00321847582235931,0.0,0.002002670163554786,0.0,,,,,,,,,,,,,,,0.0032971232570707678,0.0,,,,,,,,,0.03993285913020372,0.0,0.022518382873386124,0.0,,,,,,,,,,,,,,,,,0.018823530059307786,0.0,,,,,0.004429198745638121,0.0,0.032191656529903405,0.0,,,0.5903833294287324,0.0,,,,,,,,,0.14656715840101237,0.0,,,,,,,,,,,,,,,,,,,,,,,,,,,,,,,,,,,0.00505952388048172,0.0,,,,,,,,,,,,,,,,,,,,,,,0.0008211803777764134,0.0,0.02021628134728716,0.0,,,,,,,0.017365716397762285,0.0,0.12820275546982882,0.0,,,,,,,,,,,,,,,,,,,,,0,0,16,2
10,region_10,2025-06-21,,,,,,,,,,,,,,,,,,,,,,,,,,,,,,,,,,,,,,,,,,,,,,,,,,,,,,,,,,,,,,,,,,,,,,,,,,,,,,,,,,,,,,,,,,,,,,,,,,,,,,,,,,,,,,,,,,,,,,,,,,,0.0037735849618911596,0.0,,,,,,,0.00429130109647908,0.0,0.002670226884739714,0.0,,,,,,,,,,,,,,,0.004396164342761024,0.0,,,,,,,,,0.038199050351977334,0.0,0.02542892191559075,0.0,,,,,,,,,,,,,,,,,0.018039216287434073,0.0,,,,,0.0059055983275174955,0.0,0.0319220721721649,0.0,,,0.5084669459611177,0.0,,,,,,,,,0.1661114543676376,0.0,,,,,,,,,,,,,,,,,,,,,,,,,,,,,,,,,,,0.006746031840642293,0.0,,,,,,,,,,,,,,,,,,,,,,,0.001094907170368551,0.0,0.018898299848660788,0.0,,,,,,,0.023154288530349714,0.0,0.18243744876235723,0.0,,,,,,,,,,,,,,,,,,,,,0,0,16,3
10,region_10,2025-06-28,,,,,,,,,,,,,,,,,,,,,,,,,,,,,,,,,,,,,,,,,,,,,,,,,,,,,,,,,,,,,,,,,,,,,,,,,,,,,,,,,,,,,,,,,,,,,,,,,,,,,,,,,,,,,,,,,,,,,,,,,,,0.00471698120236395,0.0,,,,,,,0.00536412637059885,0.0,0.0033377836059246425,0.0,,,,,,,,,,,,,,,0.005495205428451279,0.0,,,,,,,,,0.03646524157375095,0.0,0.028339460957795375,0.0,,,,,,,,,,,,,,,,,0.01725490251556036,0.0,,,,,0.00738199790939687,0.0,0.03165248781442641,0.0,,,0.4265505624935031,0.0,,,,,,,,,0.18565575033426285,0.0,,,,,,,,,,,,,,,,,,,,,,,,,,,,,,,,,,,0.008432539800802866,0.0,,,,,,,,,,,,,,,,,,,,,,,0.0013686339629606888,0.0,0.01758031835003442,0.0,,,,,,,0.028942860662937143,0.0,0.23667214205488563,0.0,,,,,,,,,,,,,,,,,,,,,0,0,16,4
10,region_10,2025-07-05,,,,,,,,,,,,,,,,,,,,,,,,,,,,,,,,,,,,,,,,,,,,,,,,,,,,,,,,,,,,,,,,,,,,,,,,,,,,,,,,,,,,,,,,,,,,,,,,,,,,,,,,,,,,,,,,,,,,,,,,,,,0.005660377442836739,0.0,,,,,,,0.00643695164471862,0.0,0.004005340327109572,0.0,,,,,,,,,,,,,,,0.0065942465141415356,0.0,,,,,,,,,0.03473143279552457,0.0,0.03125,0.0,,,,,,,,,,,,,,,,,0.01647058874368665,0.0,,,,,0.008858397491276242,0.0,0.03138290345668791,0.0,,,0.34463417902588844,0.0,,,,,,,,,0.20520004630088806,0.0,0.1666666716337204,2.0,,,,,,,0.03286637924611565,2.0,,,,,,,,,,,,,,,,,,,,,,,,,0.01011904776096344,0.0,,,,,,,,,,,,,,,,,,,,,,,0.0016423607555528267,0.0,0.016262336851408047,0.0,,,,,,,0.03473143279552457,0.0,0.290906835347414,0.0,,,,,,,0.04849137924611565,2.0,,,,,,,,,,,,,0,3,16,5
10,region_10,2025-07-12,,,,,,,,,,,,,,,,,,,,,,,,,,,,,,,,,,,,,,,,,,,,,,,,,,,,,,,,,,,,,,,,,,,,,,,,,,,,,,,,,,,,,,,,,,,,,,,,,,,,,,,,,,,,,,,,,,,,,,,,,,,0.006603773683309529,0.0,,,,,,,0.00750977691883839,0.0,0.0046728970482945,0.0,,,,,,,,,,,,,,,0.007693287599831792,0.0,,,,,,,,,0.042534190788865056,0.0,,,,,,,,,,,,,,,,,,,0.015686274971812936,0.0,,,,,0.010334797073155617,0.0,0.03111331909894941,0.0,,,0.28045645598322155,0.0,,,,,,,,,0.2502669851694788,0.0,0.13723696898669002,0.0,,,,,,,0.027192085205266836,0.0,,,,,,,,,,,,,,,,,,,,,,,,,0.011805555721124013,0.0,,,,,,,,,,,,,,,,,,,,,,,0.0019160875481449644,0.0,0.014944355352781675,0.0,,,,,,,0.03700278988108036,0.0,0.30308578815311193,0.0,,,,,,,0.04494218010222536,0.0,,,,,,,,,,,,,0,0,18,6
10,region_10,2025-07-19,,,,,,,,,,,,,,,,,,,,,,,,,,,,,,,,,,,,,,,,,,,,,,,,,,,,,,,,,,,,,,,,,,,,,,,,,,,,,,,,,,,,,,,,,,,,,,,,,,,,,,,,,,,,,,,,,,,,,,,,,,,0.007547169923782319,0.0,,,,,,,0.00858260219295816,0.0,0.005340453769479428,0.0,,,,,,,,,,,,,,,0.008792328685522047,0.0,,,,,,,,,0.05033694878220554,0.0,,,,,,,,,,,,,,,,,,,0.014901961199939225,0.0,,,,,0.011811196655034991,0.0,0.030843734741210917,0.0,,,0.2162787329405546,0.0,,,,,,,,,0.2953339240380696,0.0,0.10780726633965967,0.0,,,,,,,0.021517791164418026,0.0,,,,,,,,,,,,,,,,,,,,,,,,,0.013492063681284586,0.0,,,,,,,,,,,,,,,,,,,,,,,0.002189814340737102,0.0,0.013626373854155303,0.0,,,,,,,0.039274146966636156,0.0,0.31526474095880985,0.0,,,,,,,0.04139298095833506,0.0,,,,,,,,,,,,,0,0,18,7
10,region_10,2025-07-26,,,,,,,,,,,,,,,,,,,,,,,,,,,,,,,,,,,,,,,,,,,,,,,,,,,,,,,,,,,,,,,,,,,,,,,,,,,,,,,,,,,,,,,,,,,,,,,,,,,,,,,,,,,,,,,,,,,,,,,,,,,0.00849056616425511,0.0,,,,,,,0.00965542746707793,0.0,0.006008010490664357,0.0,,,,,,,,,,,,,,,0.009891369771212303,0.0,,,,,,,,,0.05813970677554603,0.0,,,,,,,,,,,,,,,,,,,0.014117647428065512,0.0,,,,,0.013287596236914365,0.0,0.03057415038347242,0.0,,,0.1521010098978877,0.0,,,,,,,,,0.3404008629066604,0.0,0.0783775636926293,0.0,,,,,,,0.015843497123569215,0.0,,,,,,,,,,,,,,,,,,,,,,,,,0.01517857164144516,0.0,,,,,,,,,,,,,,,,,,,,,,,0.00246354113332924,0.0,0.012308392355528932,0.0,,,,,,,0.04154550405219195,0.0,0.32744369376450777,0.0,,,,,,,0.03784378181444477,0.0,,,,,,,,,,,,,0,0,18,8
10,region_10,2025-08-02,,,,,,,,,,,,,,,,,,,,,,,,,,,,,,,,,,,,,,,,,,,,,,,,,,,,,,,,,,,,,,,,,,,,,,,,,,,,,,,,,,,,,,,,,,,,,,,,,,,,,,,,,,,,,,,,,,,,,,,,,,,0.0094339624047279,0.0,,,,,,,0.0107282527411977,0.0,0.006675567211849285,0.0,,,,,,,,,,,,,,,0.01099041085690256,0.0,,,,,,,,,0.06594246476888652,0.0,,,,,,,,,,,,,,,,,,,0.0133333336561918,0.0,,,,,0.01476399581879374,0.0,0.03030456602573392,0.0,,,0.08792328685522074,0.0,,,,,,,,,0.38546780177525114,0.0,0.04894786104559894,0.0,,,,,,,0.0101692030827204,0.0,,,,,,,,,,,,,,,,,,,,,,,,,0.016865079601605732,0.0,,,,,,,,,,,,,,,,,,,,,,,0.0027372679259213776,0.0,0.01099041085690256,0.0,,,,,,,0.04381686113774774,0.0,0.3396226465702057,0.0,,,,,,,0.03429458267055448,0.0,,,,,,,,,0.01040468015708025,2.0,,,0,1,18,9
10,region_10,2025-08-09,,,,,,,,,,,,,,,,,,,,,,,,,,,,,,,,,,,,,,,,,,,,,,,,,,,,,,,,,,,,,,,,,,,,,,,,,,,,,,,,,,,,,,,,,,,,,,,,,,,,,,,,,,,,,,,,,,,,,,,,,,,0.008688375004567175,0.0,,,,,,,0.009772306152929816,0.0,0.007343123933034214,0.0,,,,,,,,,,,,,,,,,,,,,,,,,,,,,,,,,,,,,,,,,,,,,0.01229283025022593,0.0,,,,,,,0.026702085789293013,0.0,,,0.09561970112845297,0.0,,,,,,,,,0.3202648450221334,0.0,0.044197295326739494,0.0,,,,,,,0.013554343953728638,0.0,,,,,,,,,,,,,,,,,,,,,,,,,0.018551587561766305,0.0,,,,,,,,,,,,,,,,,,,,,,,0.0030109947185135155,0.0,0.011426599044352725,0.0,,,,,,,0.0403490453958511,0.0,0.39803723245859146,0.0,,,,,,,0.030745383526664182,0.0,,,,,,,,,0.009501323365839157,0.0,,,0,0,16,10
10,region_10,2025-08-16,,,,,,,,,,,,,,,,,,,,,,,,,,,,,,,,,,,,,,,,,,,,,,,,,,,,,,,,,,,,,,,,,,,,,,,,,,,,,,,,,,,,,,,,,,,,,,,,,,,,,,,,,,,,,,,,,,,,,,,,,,,0.00794278760440645,0.0,,,,,,,0.008816359564661933,0.0,0.008010680654219143,0.0,,,,,,,,,,,,,,,,,,,,,,,,,,,,,,,,,,,,,,,,,,,,,0.011252326844260061,0.0,,,,,,,0.02309960555285211,0.0,,,0.1033161154016852,0.0,,,,,,,,,0.2550618882690157,0.0,0.03944672960788006,0.0,,,,,,,0.016939484824736874,0.0,,,,,,,,,,,,,,,,,,,,,,,,,0.02023809552192688,0.0,,,,,,,,,,,,,,,,,,,,,,,0.0032847215111056535,0.0,0.011862787231802889,0.0,,,,,,,0.03688122965395446,0.0,0.45645181834697723,0.0,,,,,,,0.027196184382773887,0.0,,,,,,,,,0.008597966574598062,0.0,,,0,0,16,11
10,region_10,2025-08-23,,,,,,,,,,,,,,,,,,,,,,,,,,,,,,,,,,,,,,,,,,,,,,,,,,,,,,,,,,,,,,,,,,,,,,,,,,,,,,,,,,,,,,,,,,,,,,,,,,,,,,,,,,,,,,,,,,,,,,,,,,,0.0071972002042457245,0.0,,,,,,,0.00786041297639405,0.0,0.00867823737540407,0.0,,,,,,,,,,,,,,,,,,,,,,,,,,,,,,,,,,,,,,,,,,,,,0.010211823438294191,0.0,,,,,,,0.019497125316411207,0.0,,,0.11101252967491743,0.0,,,,,,,,,0.189858931515898,0.0,0.03469616388902062,0.0,,,,,,,0.020324625695745113,0.0,,,,,,,,,,,,,,,,,,,,,,,,,0.021924603482087454,0.0,,,,,,,,,,,,,,,,,,,,,,,0.003558448303697791,0.0,0.012298975419253054,0.0,,,,,,,0.03341341391205782,0.0,0.514866404235363,0.0,,,,,,,0.023646985238883596,0.0,,,,,,,,,0.0076946097833569685,0.0,,,0,0,16,12
10,region_10,2025-08-30,,,,,,,,,,,,,,,,,,,,,,,,,,,,,,,,,,,,,,,,,,,,,,,,,,,,,,,,,,,,,,,,,,,,,,,,,,,,,,,,,,,,,,,,,,,,,,,,,,,,,,,,,,,,,,,,,,,,,,,,,,,0.006451612804085,0.0,,,,,,,0.006904466388126167,0.0,0.009345794096589,0.0,,,,,,,,,,,,,,,,,,,,,,,,,,,,,,,,,,,,,,,,,,,,,0.00917132003232832,0.0,,,,,,,0.0158946450799703,0.0,,,0.11870894394814965,0.0,,,,,,,,,0.12465597476278026,0.0,0.02994559817016118,0.0,,,,,,,0.02370976656675335,0.0,,,,,,,,,,,,,,,,,,,,,,,,,0.023611111442248027,0.0,,,,,,,,,,,,,,,,,,,,,,,0.003832175096289929,0.0,0.01273516360670322,0.0,,,,,,,0.02994559817016118,0.0,0.5732809901237488,0.0,,,,,,,0.0200977860949933,0.0,,,,,,,,,0.006791252992115875,0.0,,,0,0,16,13
10,region_10,2025-09-06,,,,,,,,,,,,,,,,,,,,,,,,,,,,,,,,,,,,,,,,,,,,,,,,,,,,,,,,,,,,,,,,,,,,,,,,,,,,,,,,,,,,,,,,,,,,,,,,,,,,,,,,,,,,,,,,,,,,,,,,,,,0.007375966718730808,0.0,,,,,,,,,,,,,,,,,,,,,,,,,,,,,,,,,,,,,,,,,,,,,,,,,,,,,,,0.010533953326133345,0.0,,,,,,,0.013139471570805895,0.0,,,0.09634263456488645,0.0,,,,,,,,,0.11231279064502028,0.0,0.034221020899712976,0.0,,,,,,,0.022554918774403587,0.0,,,,,,,,,,,,,,,,,,,,,,,,,0.0252976194024086,0.0,,,,,,,,,,,,,,,,,,,,,,,0.004105901888882066,0.0,,,,,,,,,0.029556450030455927,0.0,0.6093573793768883,0.0,,,,,,,0.01848322482934837,0.0,,,,,,,,,0.011185878606435494,0.0,,,0,0,13,14
10,region_10,2025-09-13,,,,,,,,,,,,,,,,,,,,,,,,,,,,,,,,,,,,,,,,,,,,,,,,,,,,,,,,,,,,,,,,,,,,,,,,,,,,,,,,,,,,,,,,,,,,,,,,,,,,,,,,,,,,,,,,,,,,,,,,,,,0.008300320633376617,0.0,,,,,,,,,,,,,,,,,,,,,,,,,,,,,,,,,,,,,,,,,,,,,,,,,,,,,,,0.011896586619938369,0.0,,,,,,,0.010384298061641492,0.0,,,0.07397632518162327,0.0,,,,,,,,,0.09996960652726031,0.0,0.03849644362926477,0.0,,,,,,,0.021400070982053824,0.0,,,,,,,,,,,,,,,,,,,,,,,,,0.026984127362569173,0.0,,,,,,,,,,,,,,,,,,,,,,,0.004379628681474204,0.0,,,,,,,,,0.029167301890750674,0.0,0.6454337686300278,0.0,,,,,,,0.01686866356370344,0.0,,,,,,,,,0.015580504220755112,0.0,,,0,0,13,15
10,region_10,2025-09-20,,,,,,,,,,,,,,,,,,,,,,,,,,,,,,,,,,,,,,,,,,,,,,,,,,,,,,,,,,,,,,,,,,,,,,,,,,,,,,,,,,,,,,,,,,,,,,,,,,,,,,,,,,,,,,,,,,,,,,,,,,,0.009224674548022425,0.0,,,,,,,,,,,,,,,,,,,,,,,,,,,,,,,,,,,,,,,,,,,,,,,,,,,,,,,0.013259219913743394,0.0,,,,,,,0.0076291245524770885,0.0,,,0.051610015798360075,0.0,,,,,,,,,0.08762642240950033,0.0,0.042771866358816565,0.0,,,,,,,0.02024522318970406,0.0,,,,,,,,,,,,,,,,,,,,,,,,,0.028670635322729746,0.0,,,,,,,,,,,,,,,,,,,,,,,0.004653355474066342,0.0,,,,,,,,,0.02877815375104542,0.0,0.6815101578831673,0.0,,,,,,,0.015254102298058512,0.0,,,,,,,,,0.019975129835074733,0.0,,,0,0,13,16
10,region_10,2025-09-27,,,,,,,,,,,,,,,,,,,,,,,,,,,,,,,,,,,,,,,,,,,,,,,,,,,,,,,,,,,,,,,,,,,,,,,,,,,,,,,,,,,,,,,,,,,,,,,,,,,,,,,,,,,,,,,,,,,,,,,,,,,0.010149028462668233,0.0,,,,,,,,,,,,,,,,,,,,,,,,,,,,,,,,,,,,,,,,,,,,,,,,,,,,,,,0.014621853207548418,0.0,,,,,,,0.004873951043312684,0.0,,,0.02924370641509688,0.0,,,,,,,,,0.07528323829174036,0.0,0.04704728908836836,0.0,,,,,,,0.0190903753973543,0.0,,,,,0.0046297288499772,2.0,,,,,,,,,,,,,,,,,,,0.03035714328289032,0.0,,,,,,,,,,,,,,,,,,,,,,,0.00492708226665848,0.0,,,,,,,,,0.028389005611340168,0.0,0.7175865471363068,0.0,,,,,,,0.013639541032413582,0.0,,,,,0.00974790208662545,2.0,0.004873951043312684,2.0,0.024369755449394348,0.0,0.00974790208662545,2.0,0,4,13,17
10,region_10,2025-10-04,,,,,,,,,,,,,,,,,,,,,,,,,,,,,,,,,,,,,,,,,,,,,,,,,,,,,,,,,,,,,,,,,,,,,,,,,,,,,,,,,,,,,,,,,,,,,,,,,,,,,,,,,,,,,,,,,,,,,,,,,,,0.01107338237731404,0.0,,,,,,,,,,,,,,,,,,,,,,,,,,,,,,,,,,,,,,,,,,,,,,,,,,,,,,,0.015198114048689563,0.0,,,,,,,0.009026440151501388,0.0,,,0.02461826824583109,0.0,,,,,,,,,0.08609146829694504,0.0,0.04374891510233278,0.0,,,,,,,0.016962103196419717,0.0,,,,,0.010389204699701267,0.0,,,,,,,,,,,,,,,,,,,0.03204365124305089,0.0,,,,,,,,,,,,,,,,,,,,,,,,,,,,,,,,,0.027527713806678813,0.0,0.707008995115757,0.0,,,,,,,0.026342586381360836,0.0,,,,,0.00999641499947752,0.0,0.007071955123036627,0.0,0.02568846889771518,0.0,0.011539743579406663,0.0,0,0,16,18
10,region_10,2025-10-11,,,,,,,,,,,,,,,,,,,,,,,,,,,,,,,,,,,,,,,,,,,,,,,,,,,,,,,,,,,,,,,,,,,,,,,,,,,,,,,,,,,,,,,,,,,,,,,,,,,,,,,,,,,,,,,,,,,,,,,,,,,0.01199773629195985,0.0,,,,,,,,,,,,,,,,,,,,,,,,,,,,,,,,,,,,,,,,,,,,,,,,,,,,,,,0.01577437488983071,0.0,,,,,,,0.013178929259690091,0.0,,,0.019992830076565302,0.0,,,,,,,,,0.09689969830214973,0.0,0.0404505411162972,0.0,,,,,,,0.014833830995485133,0.0,,,,,0.016148680549425334,0.0,,,,,,,,,,,,,,,,,,,0.033730159203211464,0.0,,,,,,,,,,,,,,,,,,,,,,,,,,,,,,,,,0.02666642200201746,0.0,0.6964314430952072,0.0,,,,,,,0.03904563173030809,0.0,,,,,0.010244927912329588,0.0,0.00926995920276057,0.0,0.027007182346036013,0.0,0.013331585072187875,0.0,0,0,16,19
10,region_10,2025-10-18,,,,,,,,,,,,,,,,,,,,,,,,,,,,,,,,,,,,,,,,,,,,,,,,,,,,,,,,,,,,,,,,,,,,,,,,,,,,,,,,,,,,,,,,,,,,,,,,,,,,,,,,,,,,,,,,,,,,,,,,,,,0.012922090206605659,0.0,,,,,,,,,,,,,,,,,,,,,,,,,,,,,,,,,,,,,,,,,,,,,,,,,,,,,,,0.016350635730971855,0.0,,,,,,,0.017331418367878798,0.0,,,0.015367391907299513,0.0,,,,,,,,,0.10770792830735441,0.0,0.03715216713026162,0.0,,,,,,,0.012705558794550549,0.0,,,,,0.0219081563991494,0.0,,,,,,,,,,,,,,,,,,,0.03541666716337204,0.0,,,,,,,,,,,,,,,,,,,,,,,,,,,,,,,,,0.025805130197356106,0.0,0.6858538910746574,0.0,,,,,,,0.051748677079255345,0.0,,,,,0.010493440825181655,0.0,0.011467963282484513,0.0,0.028325895794356848,0.0,0.015123426564969088,0.0,0,0,16,20
10,region_10,2025-10-25,,,,,,,,,,,,,,,,,,,,,,,,,,,,,,,,,,,,,,,,,,,,,,,,,,,,,,,,,,,,,,,,,,,,,,,,,,,,,,,,,,,,,,,,,,,,,,,,,,,,,,,,,,,,,,,,,,,,,,,,,,,0.013846444121251467,0.0,,,,,,,,,,,,,,,,,,,,,,,,,,,,,,,,,,,,,,,,,,,,,,,,,,,,,,,0.016926896572113,0.0,,,,,,,0.0214839074760675,0.0,,,0.010741953738033725,0.0,,,,,,,,,0.1185161583125591,0.0,0.03385379314422604,0.0,,,,,,,0.010577286593615967,0.0,0.0102040814235806,2.0,,,0.027667632248873465,0.0,,,,,,,,,,,,,,,,,,,0.03710317512353261,0.0,,,,,,,,,,,,,,,,,,,,,,,,,,,,,,,,,0.024943838392694755,0.0,0.6752763390541077,0.0,0.0585206001996994,2.0,0.031731860091288866,1.0,,,0.0644517224282026,0.0,,,,,0.010741953738033725,0.0,0.013665967362208455,0.0,0.02964460924267768,0.0,0.0169152680577503,0.0,1,2,16,0
10,region_10,2025-11-01,,,,,,,,,,,,,,,,,,,,,,,,,,,,,,,,,,,,,,,,,,,,,,,,,,,,,,,,,,,,,,,,,,,,,,,,,,,,,,,,,,,,,,,,,,,,,,,,,,,,,,,,,,,,,,,,,,,,,,,,,,,0.014770798035897275,0.0,,,,,,,,,,,,,,,,,,,,,,,,,,,,,,,,,,,,,,,,,,,,,,,,,,,,,,,0.044943179562687834,0.0,,,,,,,,,,,0.01307905969830846,0.0,,,,,,,,,0.12951417881995436,0.0,,,,,,,,,0.013088799663819331,0.0,,,,,0.03342710809859753,0.0,,,,,,,,,,,,,,,,,,,0.03878968308369318,0.0,,,,,,,,,,,,,,,,,,,,,,,,,,,,,,,,,0.0240825465880334,0.0,0.6120755434036255,0.0,0.05639045033603905,0.0,0.03772400156594811,0.0,,,0.08656340697780249,0.0,,,,,0.013352081981591006,0.0,0.015863971441932398,0.0,,,0.018707109550531512,0.0,0,0,15,1
10,region_10,2025-11-08,,,,,,,,,,,,,,,,,,,,,,,,,,,,,,,,,,,,,,,,,,,,,,,,,,,,,,,,,,,,,,,,,,,,,,,,,,,,,,,,,,,,,,,,,,,,,,,,,,,,,,,,,,,,,,,,,,,,,,,,,,,0.015695151950543083,0.0,,,,,,,,,,,,,,,,,,,,,,,,,,,,,,,,,,,,,,,,,,,,,,,,,,,,,,,0.07295946255326266,0.0,,,,,,,,,,,0.015416165658583197,0.0,,,,,,,,,0.14051219932734962,0.0,,,,,,,,,0.015600312734022697,0.0,,,,,0.0391865839483216,0.0,,,,,,,,,,,,,,,,,,,0.04047619104385376,0.0,,,,,,,,,,,,,,,,,,,,,,,,,,,,,,,,,0.023221254783372045,0.0,0.5488747477531433,0.0,0.0542603004723787,0.0,0.04371614304060735,0.0,,,0.10867509152740236,0.0,,,,,0.015962210225148286,0.0,0.018061975521656344,0.0,,,0.020498951043312723,0.0,0,0,15,2
10,region_10,2025-11-15,,,,,,,,,,,,,,,,,,,,,,,,,,,,,,,,,,,,,,,,,,,,,,,,,,,,,,,,,,,,,,,,,,,,,,,,,,,,,,,,,,,,,,,,,,,,,,,,,,,,,,,,,,,,,,,,,,,,,,,,,,,0.016619505865188892,0.0,,,,,,,,,,,,,,,,,,,,,,,,,,,,,,,,,,,,,,,,,,,,,,,,,,,,,,,0.10097574554383751,0.0,,,,,,,,,,,0.01775327161885793,0.0,,,,,,,,,0.15151021983474489,0.0,,,,,,,,,0.018111825804226062,0.0,,,,,0.04494605979804567,0.0,,,,,,,,,,,,,,,,,,,0.042162699004014335,0.0,,,,,,,,,,,,,,,,,,,,,,,,,,,,,,,,,0.022359962978710693,0.0,0.4856739521026612,0.0,0.05213015060871835,0.0,0.049708284515266585,0.0,,,0.13078677607700223,0.0,,,,,0.018572338468705568,0.0,0.020259979601380287,0.0,,,0.022290792536093937,0.0,0,0,15,3
10,region_10,2025-11-22,,,,,,,,,,,,,,,,,,,,,,,,,,,,,,,,,,,,,,,,,,,,,,,,,,,,,,,,,,,,,,,,,,,,,,,,,,,,,,,,,,,,,,,,,,,,,,,,,,,,,,,,,,,,,,,,,,,,,,,,,,,0.0175438597798347,0.0,,,,,,,,,,,,,,,,,,,,,,,,,,,,,,,,,,,,,,,,,,,,,,,,,,,,,,,0.12899202853441233,0.0,,,,,,,,,,,0.02009037757913267,0.0,,,,,,,,,0.16250824034214015,0.0,,,,,,,,,0.020623338874429426,0.0,,,,,0.05070553564776973,0.0,,,,,,,,,,,,,,,,,,,0.04384920696417491,0.0,,,,,,,,,,,,,,,,,,,,,,,,,,,,,,,,,0.021498671174049338,0.0,0.422473156452179,0.0,0.050000000745058,0.0,0.05570042598992583,0.0,,,0.15289846062660212,0.0,,,,,0.02118246671226285,0.0,0.02245798368110423,0.0,,,0.02408263402887515,0.0,0,0,15,4
10,region_10,2025-11-29,,,,,,,,,,,,,,,,,,,,,,,,,,,,,,,,,,,,,,,,,,,,,,,,,,,,,,,,,,,,,,,,,,,,,,,,,,,,,,,,,,,,,,,,,,,,,,,,,,,,,,,,,,,,,,,,,,,,,,,,,,,0.018922305898740836,0.0,,,,,,,,,,,,,,,,,,,,,,,,,,,,,,,,,,,,,,,,,,,,,,,,,,,,,,,0.10939283110201355,0.0,,,,,,,,,,,,,,,,,,,,,0.1419704663256804,0.0,,,,,,,,,0.023798666108632426,0.0,,,,,0.0564650114974938,0.0,,,,,,,,,,,,,,,,,,,0.04553571492433548,0.0,,,,,,,,,,,,,,,,,,,,,,,,,,,,,,,,,,,0.448086266592145,0.0,,,0.11072373242738344,0.0,,,0.15348833054304117,0.0,,,,,0.02379259495582013,0.0,0.024655987760828172,0.0,,,0.02587447552165636,0.0,0,0,12,5
10,region_10,2025-12-06,,,,,,,,,,,,,,,,,,,,,,,,,,,,,,,,,,,,,,,,,,,,,,,,,,,,,,,,,,,,,,,,,,,,,,,,,,,,,,,,,,,,,,,,,,,,,,,,,,,,,,,,,,,,,,,,,,,,,,,,,,,0.020300752017646972,0.0,,,,,,,,,,,,,,,,,,,,,,,,,,,,,,,,,,,,,,,,,,,,,,,,,,,,,,,0.08979363366961476,0.0,,,,,,,,,,,,,,,,,,,,,0.1214326923092206,0.0,,,,,,,,,0.02697399334283542,0.0,,,,,0.06222448734721786,0.0,,,,,,,,,,,,,,,,,,,0.047222222884496054,0.0,,,,,,,,,,,,,,,,,,,,,,,,,,,,,,,,,,,0.473699376732111,0.0,,,0.16574703886484105,0.0,,,0.15407820045948026,0.0,,,,,0.026402723199377413,0.0,0.026853991840552115,0.0,,,0.027666317014437572,0.0,0,0,12,6
10,region_10,2025-12-13,,,,,,,,,,,,,,,,,,,,,,,,,,,,,,,,,,,,,,,,,,,,,,,,,,,,,,,,,,,,,,,,,,,,,,,,,,,,,,,,,,,,,,,,,,,,,,,,,,,,,,,,,,,,,,,,,,,,,,,,,,,0.021679198136553113,0.0,,,,,,,,,,,,,,,,,,,,,,,,,,,,,,,,,,,,,,,,,,,,,,,,,,,,,,,0.07019443623721598,0.0,,,,,,,,,,,,,,,,,,,,,0.10089491829276084,0.0,,,,,,,,,0.03014932057703842,0.0,,,,,0.06798396319694193,0.0,,,,,,,,,,,,,,,,,,,0.04890873084465663,0.0,,,,,,,,,,,,,,,,,,,,,,,,,,,,,,,,,,,0.49931248687207697,0.0,,,0.22077034530229867,0.0,,,0.15466807037591934,0.0,,,,,0.029012851442934695,0.0,0.029051995920276057,0.0,,,0.029458158507218786,0.0,0,0,12,7
10,region_10,2025-12-20,,,,,,,,,,,,,,,,,,,,,,,,,,,,,,,,,,,,,,,,,,,,,,,,,,,,,,,,,,,,,,,,,,,,,,,,,,,,,,,,,,,,,,,,,,,,,,,,,,,,,,,,,,,,,,,,,,,,,,,,,,,0.02305764425545925,0.0,,,,,,,,,,,,,,,,,,,,,,,,,,,,,,,,,,,,,,,,,,,,,,,,,,,,,,,0.0505952388048172,0.0,,,,,,,,,,,,,,,,,,,,,0.08035714427630107,0.0,,,,,,,,,0.03332464781124142,0.0,,,,,0.073743439046666,0.0,,,,,,,,,,,,,,,,,,,0.0505952388048172,0.0,,,,,,,,,,,,,,,,,,,,,,,,,,,,,,,,,,,0.524925597012043,0.0,,,0.2757936517397563,0.0,,,0.1552579402923584,0.0,,,,,0.03162297968649198,0.0,0.03125,0.0,,,0.03125,0.0,0,0,12,8
10,region_10,2025-12-27,,,,,,,,,,,,,,,,,,,,,,,,,,,,,,,,,,,,,,,,,,,,,,,,,,,,,,,,,,,,,,,,,,,,,,,,,,,,,,,,,,,,,,,,,,,,,,,,,,,,,,,,,,,,,,,,,,,,,,,,,,,0.024436090374365387,0.0,,,,,,,,,,,,,,,,,,,,,,,,,,,,,,,,,,,,,,,,,,,,,,,,,,,,,,,0.05084325466305017,0.0,,,,,,,,,,,,,,,,,,,,,0.07078373137240608,0.0,,,,,,,,,0.036499975045444416,0.0,,,,,0.07950291489639007,0.0,,,,,,,,,,,,,,,,,,,,,,,,,,,,,,,,,,,,,,,,,,,,,,,,,,,,,,,0.47286086591581505,0.0,,,0.3028769865632057,0.0,,,0.1398561540991068,0.0,,,,,0.03423310793004926,0.0,0.032961309654638164,0.0,,,0.033133223652839654,0.0,0,0,11,9
10,region_10,2026-01-03,,,,,,,,,,,,,,,,,,,,,,,,,,,,,,,,,,,,,,,,,,,,,,,,,,,,,,,,,,,,,,,,,,,,,,,,,,,,,,,,,,,,,,,,,,,,,,,,,,,,,,,,,,,,,,,,,,,,,,,,,,,0.025814536493271527,0.0,,,,,,,,,,,,,,,,,,,,,,,,,,,,,,,,,,,,,,,,,,,,,,,,,,,,,,,0.051091270521283136,0.0,,,,,,,,,,,,,,,,,,,,,0.061210318468511084,0.0,,,,,,,,,0.03967530227964742,0.0,,,,,0.08526239074611412,0.0,,,,,,,,,,,,,,,,,,,,,,,,,,,,,,,,,,,,,,,,,,,,,,,,,,,,,,,0.4207961348195871,0.0,,,0.3299603213866552,0.0,,,0.12445436790585518,0.0,,,,,0.03684323617360654,0.0,0.03467261930927633,0.0,,,0.035016447305679314,0.0,0,0,11,10
10,region_10,2026-01-10,,,,,,,,,,,,,,,,,,,,,,,,,,,,,,,,,,,,,,,,,,,,,,,,,,,,,,,,,,,,,,,,,,,,,,,,,,,,,,,,,,,,,,,,,,,,,,,,,,,,,,,,,,,,,,,,,,,,,,,,,,,0.027192982612177664,0.0,,,,,,,,,,,,,,,,,,,,,,,,,,,,,,,,,,,,,,,,,,,,,,,,,,,,,,,0.0513392863795161,0.0,,,,,,,,,,,,,,,,,,,,,0.05163690556461609,0.0,,,,,,,,,0.042850629513850415,0.0,,,,,0.09102186659583819,0.0,,,,,,,,,,,,,,,,,,,,,,,,,,,,,,,,,,,,,,,,,,,,,,,,,,,,,,,0.3687314037233591,0.0,,,0.35704365621010464,0.0,,,0.10905258171260356,0.0,,,,,0.03945336441716382,0.0,0.036383928963914486,0.0,,,0.03689967095851897,0.0,0,0,11,11
10,region_10,2026-01-17,,,,,,,,,,,,,,,,,,,,,,,,,,,,,,,,,,,,,,,,,,,,,,,,,,,,,,,,,,,,,,,,,,,,,,,,,,,,,,,,,,,,,,,,,,,,,,,,,,,,,,,,,,,,,,,,,,,,,,,,,,,0.0285714287310838,0.0,,,,,,,,,,,,,,,,,,,,,,,,,,,,,,,,,,,,,,,,,,,,,,,,,,,,,,,0.051587302237749065,0.0,,,,,,,,,,,,,,,,,,,,,0.0420634926607211,0.0,,,,,,,,,0.04602595674805342,0.0,,,,,0.09678134244556226,0.0,,,,,,,,,,,,,,,,,,,,,,,,,,,,,,,,,,,,,,,,,,,,,,,,,,,,,,,0.31666667262713116,0.0,,,0.3841269910335541,0.0,,,0.09365079551935195,0.0,0.0285714287310838,2.0,0.03809523861855265,2.0,0.0420634926607211,0.0,0.03809523861855265,0.0,,,0.03878289461135863,0.0,0,2,11,12
10,region_10,2026-01-24,,,,,,,,,,,,,,,,,,,,,,,,,,,,,,,,,,,,,,,,,,,,,,,,,,,,,,,,,,,,,,,,,,,,,,,,,,,,,,,,,,,,,,,,,,,,,,,,,,,,,,,,,,,,,,,,,,,,,,,,,,,,,,,,,,,,,,,,,,,,,,,,,,,,,,,,,,,,,,,,,,,,,,,,,,,,,,,,,,,,,,,,,,,,,,,,,,,,,,,,,0.04447525103266037,0.0,,,,,,,,,0.049201283982256414,0.0,,,,,0.10254081829528633,0.0,,,,,,,,,,,,,,,,,,,,,,,,,,,,,,,,,,,,,,,,,,,,,,,,,,,,,,,0.2925438644985358,0.0,,,0.40256892889738083,0.0,,,0.13007362248996893,0.0,,,,,0.04573412790584064,0.0,,,,,0.04066611826419828,0.0,0,0,8,13
10,region_10,2026-01-31,,,,,,,,,,,,,,,,,,,,,,,,,,,,,,,,,,,,,,,,,,,,,,,,,,,,,,,,,,,,,,,,,,,,,,,,,,,,,,,,,,,,,,,,,,,,,,,,,,,,,,,,,,,,,,,,,,,,,,,,,,,,,,,,,,,,,,,,,,,,,,,,,,,,,,,,,,,,,,,,,,,,,,,,,,,,,,,,,,,,,,,,,,,,,,,,,,,,,,,,,0.04688700940459964,0.0,,,,,,,,,0.05237661121645941,0.0,,,,,0.1083002941450104,0.0,,,,,,,,,,,,,,,,,,,,,,,,,,,,,,,,,,,,,,,,,,,,,,,,,,,,,,,0.2684210563699404,0.0,,,0.4210108667612076,0.0,,,0.1664964494605859,0.0,,,,,0.04940476315096017,0.0,,,,,0.042549341917037936,0.0,0,0,8,14
10,region_10,2026-02-07,,,,,,,,,,,,,,,,,,,,,,,,,,,,,,,,,,,,,,,,,,,,,,,,,,,,,,,,,,,,,,,,,,,,,,,,,,,,,,,,,,,,,,,,,,,,,,,,,,,,,,,,,,,,,,,,,,,,,,,,,,,,,,,,,,,,,,,,,,,,,,,,,,,,,,,,,,,,,,,,,,,,,,,,,,,,,,,,,,,,,,,,,,,,,,,,,,,,,,,,,0.0492987677765389,0.0,,,,,,,,,0.05555193845066241,0.0,,,,,0.11405976999473447,0.0,,,,,,,,,,,,,,,,,,,,,,,,,,,,,,,,,,,,,,,,,,,,,,,,,,,,,,,0.24429824824134505,0.0,,,0.43945280462503433,0.0,,,0.2029192764312029,0.0,,,,,0.05307539839607971,0.0,,,,,0.0444325655698776,0.0,0,0,8,15
10,region_10,2026-02-14,,,,,,,,,,,,,,,,,,,,,,,,,,,,,,,,,,,,,,,,,,,,,,,,,,,,,,,,,,,,,,,,,,,,,,,,,,,,,,,,,,,,,,,,,,,,,,,,,,,,,,,,,,,,,,,,,,,,,,,,,,,,,,,,,,,,,,,,,,,,,,,,,,,,,,,,,,,,,,,,,,,,,,,,,,,,,,,,,,,,,,,,,,,,,,,,,,,,,,,,,0.051710526148478174,0.0,,,,,,,,,0.05872726568486541,0.0,,,,,0.11981924584445852,0.0,,,,,,,,,,,,,,,,,,,,,,,,,,,,,,,,,,,,,,,,,,,,,,,,,,,,,,,0.2201754401127497,0.0,,,0.4578947424888611,0.0,,,0.23934210340181986,0.0,,,,,0.05674603364119925,0.0,,,,,0.04631578922271725,0.0,0,0,8,16
10,region_10,2026-02-21,,,,,,,,,,,,,,,,,,,,,,,,,,,,,,,,,,,,,,,,,,,,,,,,,,,,,,,,,,,,,,,,,,,,,,,,,,,,,,,,,,,,,,,,,,,,,,,,,,,,,,,,,,,,,,,,,,,,,,,,,,,,,,,,,,,,,,,,,,,,,,,,,,,,,,,,,,,,,,,,,,,,,,,,,,,,,,,,,,,,,,,,,,,,,,,,,,,,,,,,,,,,,,,,,,,0.061902592919068404,0.0,,,,,0.1255787216941826,0.0,,,,,,,,,,,,,,,,,,,,,,,,,,,,,,,,,,,,,,,,,,,,,,,,,,,,,,,0.21870300918817517,0.0,,,0.4505639150738716,0.0,,,0.19736372120678425,0.0,,,,,0.06041666888631879,0.0,,,,,,,0,0,6,17
10,region_10,2026-02-28,,,,,,,,,,,,,,,,,,,,,,,,,,,,,,,,,,,,,,,,,,,,,,,,,,,,,,,,,,,,,,,,,,,,,,,,,,,,,,,,,,,,,,,,,,,,,,,,,,,,,,,,,,,,,,,,,,,,,,,,,,,,,,,,,,,,,,,,,,,,,,,,,,,,,,,,,,,,,,,,,,,,,,,,,,,,,,,,,,,,,,,,,,,,,,,,,,,,,,,,,,,,,,,,,,,0.0650779201532714,0.0,,,,,0.13133819754390666,0.0,,,,,,,,,,,,,,,,,,,,,,,,,,,,,,,,,,,,,,,,,,,,,,,,,,,,,,,0.21723057826360065,0.0,,,0.44323308765888214,0.0,,,0.1553853390117486,0.0,,,,,0.06408730413143832,0.0,,,,,,,0,0,6,18
10,region_10,2026-03-07,,,,,,,,,,,,,,,,,,,,,,,,,,,,,,,,,,,,,,,,,,,,,,,,,,,,,,,,,,,,,,,,,,,,,,,,,,,,,,,,,,,,,,,,,,,,,,,,,,,,,,,,,,,,,,,,,,,,,,,,,,,,,,,,,,,,,,,,,,,,,,,,,,,,,,,,,,,,,,,,,,,,,,,,,,,,,,,,,,,,,,,,,,,,,,,,,,,,,,,,,,,,,,,,,,,0.0682532473874744,0.0,,,,,0.13709767339363071,0.0,,,,,,,,,,,,,,,,,,,,,,,,,,,,,,,,,,,,,,,,,,,,,,,,,,,,,,,0.21575814733902612,0.0,,,0.43590226024389267,0.0,,,0.113406956816713,0.0,,,,,0.06775793937655786,0.0,,,,,,,0,0,6,19
10,region_10,2026-03-14,,,,,,,,,,,,,,,,,,,,,,,,,,,,,,,,,,,,,,,,,,,,,,,,,,,,,,,,,,,,,,,,,,,,,,,,,,,,,,,,,,,,,,,,,,,,,,,,,,,,,,,,,,,,,,,,,,,,,,,,,,,,,,,,,,,,,,,,,,,,,,,,,,,,,,,,,,,,,,,,,,,,,,,,,,,,,,,,,,,,,,,,,,,,,,,,,,,,,,,,,,,,,,,,,,,0.0714285746216774,0.0,,,,,0.1428571492433548,0.0,,,,,,,,,,,,,,,,,,,,,,,,,,,,,,,,,,,,,,,,,,,,,,,,,,,,,,,0.2142857164144516,0.0,,,0.4285714328289032,0.0,,,0.0714285746216774,0.0,,,,,0.0714285746216774,0.0,,,,,,,0,0,6,20
