usa_or_hhsregion,region,Date,A.2.5_share,A.2.5_marker,AY.1_share,AY.1_marker,AY.2_share,AY.2_marker,AY.3_share,AY.3_marker,B.1_share,B.1_marker,B.1.1_share,B.1.1_marker,B.1.1.519_share,B.1.1.519_marker,B.1.1.529_share,B.1.1.529_marker,B.1.1.7_share,B.1.1.7_marker,B.1.2_share,B.1.2_marker,B.1.351_share,B.1.351_marker,B.1.427_share,B.1.427_marker,B.1.429_share,B.1.429_marker,B.1.525_share,B.1.525_marker,B.1.526_share,B.1.526_marker,B.1.526.1_share,B.1.526.1_marker,B.1.526.2_share,B.1.526.2_marker,B.1.596_share,B.1.596_marker,B.1.617_share,B.1.617_marker,B.1.617.1_share,B.1.617.1_marker,B.1.617.2_share,B.1.617.2_marker,B.1.617.3_share,B.1.617.3_marker,B.1.621_share,B.1.621_marker,B.1.621.1_share,B.1.621.1_marker,B.1.626_share,B.1.626_marker,B.1.628_share,B.1.628_marker,B.1.637_share,B.1.637_marker,BA.1.1_share,BA.1.1_marker,BA.2_share,BA.2_marker,BA.2.12.1_share,BA.2.12.1_marker,BA.2.75_share,BA.2.75_marker,BA.2.75.2_share,BA.2.75.2_marker,BA.2.86_share,BA.2.86_marker,BA.3.2_share,BA.3.2_marker,BA.4_share,BA.4_marker,BA.4.6_share,BA.4.6_marker,BA.5_share,BA.5_marker,BA.5.2.6_share,BA.5.2.6_marker,BF.11_share,BF.11_marker,BF.7_share,BF.7_marker,BN.1_share,BN.1_marker,BQ.1_share,BQ.1_marker,BQ.1.1_share,BQ.1.1_marker,CH.1.1_share,CH.1.1_marker,EG.5_share,EG.5_marker,EG.5.1.8_share,EG.5.1.8_marker,EG.6.1_share,EG.6.1_marker,EU.1.1_share,EU.1.1_marker,FD.1.1_share,FD.1.1_marker,FD.2_share,FD.2_marker,FE.1.1_share,FE.1.1_marker,FL.1.5.1_share,FL.1.5.1_marker,GE.1_share,GE.1_marker,GK.1.1_share,GK.1.1_marker,GK.2_share,GK.2_marker,HF.1_share,HF.1_marker,HK.3_share,HK.3_marker,HV.1_share,HV.1_marker,JD.1.1_share,JD.1.1_marker,JF.1_share,JF.1_marker,JG.3_share,JG.3_marker,JN.1_share,JN.1_marker,JN.1.11.1_share,JN.1.11.1_marker,JN.1.13_share,JN.1.13_marker,JN.1.13.1_share,JN.1.13.1_marker,JN.1.16_share,JN.1.16_marker,JN.1.16.1_share,JN.1.16.1_marker,JN.1.18_share,JN.1.18_marker,JN.1.18.6_share,JN.1.18.6_marker,JN.1.32_share,JN.1.32_marker,JN.1.4.3_share,JN.1.4.3_marker,JN.1.7_share,JN.1.7_marker,JN.1.8.1_share,JN.1.8.1_marker,KP.1.1_share,KP.1.1_marker,KP.1.1.3_share,KP.1.1.3_marker,KP.1.2_share,KP.1.2_marker,KP.2_share,KP.2_marker,KP.2.15_share,KP.2.15_marker,KP.2.3_share,KP.2.3_marker,KP.3_share,KP.3_marker,KP.3.1.1_share,KP.3.1.1_marker,KP.4.1_share,KP.4.1_marker,KQ.1_share,KQ.1_marker,KS.1_share,KS.1_marker,KV.2_share,KV.2_marker,KW.1.1_share,KW.1.1_marker,LB.1_share,LB.1_marker,LB.1.3.1_share,LB.1.3.1_marker,LF.3.1_share,LF.3.1_marker,LF.7_share,LF.7_marker,LF.7.2.1_share,LF.7.2.1_marker,LF.7.7.1_share,LF.7.7.1_marker,LF.7.7.2_share,LF.7.7.2_marker,LF.7.9_share,LF.7.9_marker,LP.1_share,LP.1_marker,LP.8.1_share,LP.8.1_marker,MC.1_share,MC.1_marker,MC.10.1_share,MC.10.1_marker,MC.19_share,MC.19_marker,MC.28.1_share,MC.28.1_marker,NB.1.8.1_share,NB.1.8.1_marker,NW.1_share,NW.1_marker,P.1_share,P.1_marker,P.2_share,P.2_marker,PA.1_share,PA.1_marker,PQ.17_share,PQ.17_marker,PQ.17.11_share,PQ.17.11_marker,PQ.2.1.6_share,PQ.2.1.6_marker,PQ.2.8.1_share,PQ.2.8.1_marker,RV.1_share,RV.1_marker,XBB_share,XBB_marker,XBB.1.16_share,XBB.1.16_marker,XBB.1.16.1_share,XBB.1.16.1_marker,XBB.1.16.11_share,XBB.1.16.11_marker,XBB.1.16.15_share,XBB.1.16.15_marker,XBB.1.16.17_share,XBB.1.16.17_marker,XBB.1.16.6_share,XBB.1.16.6_marker,XBB.1.42.2_share,XBB.1.42.2_marker,XBB.1.5_share,XBB.1.5_marker,XBB.1.5.1_share,XBB.1.5.1_marker,XBB.1.5.10_share,XBB.1.5.10_marker,XBB.1.5.59_share,XBB.1.5.59_marker,XBB.1.5.68_share,XBB.1.5.68_marker,XBB.1.5.70_share,XBB.1.5.70_marker,XBB.1.5.72_share,XBB.1.5.72_marker,XBB.1.9.1_share,XBB.1.9.1_marker,XBB.1.9.2_share,XBB.1.9.2_marker,XBB.2.3_share,XBB.2.3_marker,XBB.2.3.8_share,XBB.2.3.8_marker,XDP_share,XDP_marker,XDV.1_share,XDV.1_marker,XEC_share,XEC_marker,XEC.4_share,XEC.4_marker,XEK_share,XEK_marker,XEQ_share,XEQ_marker,XFC_share,XFC_marker,XFG_share,XFG_marker,XFG.1_share,XFG.1_marker,XFG.1.1_share,XFG.1.1_marker,XFG.10.4_share,XFG.10.4_marker,XFG.14.1_share,XFG.14.1_marker,XFG.2.5.1_share,XFG.2.5.1_marker,XFG.23.1.3_share,XFG.23.1.3_marker,XFG.6_share,XFG.6_marker,XFV_share,XFV_marker,XFY_share,XFY_marker,XFZ_share,XFZ_marker,n_marker_1,n_marker_2,n_marker_0,n_marker_1_wk
3,region_03,2021-01-30,0.0,,0.0,,0.0,,0.0,,0.053624355420470185,2.0,0.0249975267797708,2.0,0.003956800688885945,2.0,,,0.00941092409193512,1.0,0.40356775745749474,1.0,0.0,,0.0103171203019363,2.0,0.01970864847923314,2.0,0.00014871288294667498,2.0,0.0086042452603578,2.0,0.00556507497094565,2.0,0.00023102569199783332,2.0,0.09381988458335393,2.0,0.0,,0.0,,0.0,,0.0,,0.0,,0.0,,0.0,,0.0,,,,,,,,,,,,,,,,,,,,,,,,,,,,,,,,,,,,,,,,,,,,,,,,,,,,,,,,,,,,,,,,,,,,,,,,,,,,,,,,,,,,,,,,,,,,,,,,,,,,,,,,,,,,,,,,,,,,,,,,,,,,,,,,,,,,,,,,,,,,,,,,,,,,,,,,,,0.0,,0.013423575460910738,2.0,,,,,,,,,,,,,,,,,,,,,,,,,,,,,,,,,,,,,,,,,,,,,,,,,,,,,,,,,,,,,,,,,,,,,,,,,,,,,,,,,,,,,,,2,11,0,0
3,region_03,2021-02-06,0.00039296818431465,2.0,0.0,,0.0,,0.0,,0.045302272308617775,0.0,0.02113395556807515,0.0,0.00918722036294635,0.0,,,0.014917306276038251,0.0,0.411832008510828,0.0,0.0029715613345615336,2.0,0.013821407138103831,0.0,0.026255655024821516,0.0,0.0017321477607765375,0.0,0.013437325949780587,0.0,0.006175343762151833,0.0,0.0014896989208257418,0.0,0.08605584409087891,0.0,0.0,,0.0,,0.000100871970062125,1.0,0.0,,0.0,,0.0,,0.0,,0.0,,,,,,,,,,,,,,,,,,,,,,,,,,,,,,,,,,,,,,,,,,,,,,,,,,,,,,,,,,,,,,,,,,,,,,,,,,,,,,,,,,,,,,,,,,,,,,,,,,,,,,,,,,,,,,,,,,,,,,,,,,,,,,,,,,,,,,,,,,,,,,,,,,,,,,,,,,0.0,,0.01270113262451352,0.0,,,,,,,,,,,,,,,,,,,,,,,,,,,,,,,,,,,,,,,,,,,,,,,,,,,,,,,,,,,,,,,,,,,,,,,,,,,,,,,,,,,,,,,1,2,13,0
3,region_03,2021-02-13,0.0007859363686293,0.0,0.0,,0.0,,0.0,,0.036980189196765365,0.0,0.0172703843563795,0.0,0.014417640037006756,0.0,,,0.020423688460141382,0.0,0.4200962595641613,0.0,0.005943122669123067,0.0,0.017325693974271365,0.0,0.03280266157040989,0.0,0.0033155826386064,0.0,0.018270406639203374,0.0,0.006785612553358016,0.0,0.0027483721496536504,0.0,0.07829180359840388,0.0,0.0,,0.0,,0.00020174394012425,0.0,0.0,,0.0,,0.0,,0.0,,0.0,,,,,,,,,,,,,,,,,,,,,,,,,,,,,,,,,,,,,,,,,,,,,,,,,,,,,,,,,,,,,,,,,,,,,,,,,,,,,,,,,,,,,,,,,,,,,,,,,,,,,,,,,,,,,,,,,,,,,,,,,,,,,,,,,,,,,,,,,,,,,,,,,,,,,,,,,,0.0,,0.0119786897881163,0.0,,,,,,,,,,,,,,,,,,,,,,,,,,,,,,,,,,,,,,,,,,,,,,,,,,,,,,,,,,,,,,,,,,,,,,,,,,,,,,,,,,,,,,,0,0,16,1
3,region_03,2021-02-20,0.0014072617050260002,0.0,0.0,,0.0,,0.0,,0.040062266867607776,0.0,0.024709169752895797,0.0,0.014535145161466423,0.0,,,0.05947207092928386,0.0,0.3657804559916258,0.0,0.011890625678158007,0.0,0.02284904681922242,0.0,0.03473967794949805,0.0,0.00356433552224185,0.0,0.03211694889857118,0.0,0.012025538055847027,0.0,0.00486281519988545,0.0,0.06692850589752192,0.0,0.0,,0.0,,0.000100871970062125,0.0,0.0,,0.0,,0.0,,0.0,,0.0,,,,,,,,,,,,,,,,,,,,,,,,,,,,,,,,,,,,,,,,,,,,,,,,,,,,,,,,,,,,,,,,,,,,,,,,,,,,,,,,,,,,,,,,,,,,,,,,,,,,,,,,,,,,,,,,,,,,,,,,,,,,,,,,,,,,,,,,,,,,,,,,,,,,,,,,,,0.0,,0.009713307825020567,0.0,,,,,,,,,,,,,,,,,,,,,,,,,,,,,,,,,,,,,,,,,,,,,,,,,,,,,,,,,,,,,,,,,,,,,,,,,,,,,,,,,,,,,,,0,0,16,2
3,region_03,2021-02-27,0.0020285870414227,0.0,0.0,,0.0,,0.0,,0.04314434453845019,0.0,0.0321479551494121,0.0,0.01465265028592609,0.0,,,0.09852045339842634,0.0,0.31146465241909027,0.0,0.01783812868719295,0.0,0.028372399664173476,0.0,0.03667669432858622,0.0,0.0038130884058773,0.0,0.045963491157939,0.0,0.017265463558336035,0.0,0.00697725825011725,0.0,0.05556520819663997,0.0,0.0,,0.0,,0.0,0.0,0.0,,0.0,,0.0,,0.0,,0.0,,,,,,,,,,,,,,,,,,,,,,,,,,,,,,,,,,,,,,,,,,,,,,,,,,,,,,,,,,,,,,,,,,,,,,,,,,,,,,,,,,,,,,,,,,,,,,,,,,,,,,,,,,,,,,,,,,,,,,,,,,,,,,,,,,,,,,,,,,,,,,,,,,,,,,,,,,0.0,,0.007447925861924833,0.0,,,,,,,,,,,,,,,,,,,,,,,,,,,,,,,,,,,,,,,,,,,,,,,,,,,,,,,,,,,,,,,,,,,,,,,,,,,,,,,,,,,,,,,0,0,16,3
3,region_03,2021-03-06,0.0,0.0,0.0,,0.0,,0.0,,,,,,,,,,0.1887719333171844,0.0,,,0.0116618364118039,0.0,0.034642931073904,0.0,0.0404999256134033,0.0,0.00952516403049225,0.0,0.0811827722936868,0.0,,,,,,,,,0.0,,0.00066587212495505,0.0,0.0,,0.0,,0.0,,0.0,,0.0,,,,,,,,,,,,,,,,,,,,,,,,,,,,,,,,,,,,,,,,,,,,,,,,,,,,,,,,,,,,,,,,,,,,,,,,,,,,,,,,,,,,,,,,,,,,,,,,,,,,,,,,,,,,,,,,,,,,,,,,,,,,,,,,,,,,,,,,,,,,,,,,,,,,,,,,,,0.0,,,,,,,,,,,,,,,,,,,,,,,,,,,,,,,,,,,,,,,,,,,,,,,,,,,,,,,,,,,,,,,,,,,,,,,,,,,,,,,,,,,,,,,,,,0,0,8,4
3,region_03,2021-03-13,0.0,0.0,0.0,,0.0,,0.0,,,,,,,,,,0.23991231918334957,0.0,,,0.01832968555390832,0.0,0.0126380585134029,0.0,0.0334093011915683,0.0,0.018504651263356174,0.0,0.1364093348383903,0.0,,,,,,,,,0.0,,0.0006777635717298666,0.0,0.0,,0.0,,0.0,,0.0,,0.0,,,,,,,,,,,,,,,,,,,,,,,,,,,,,,,,,,,,,,,,,,,,,,,,,,,,,,,,,,,,,,,,,,,,,,,,,,,,,,,,,,,,,,,,,,,,,,,,,,,,,,,,,,,,,,,,,,,,,,,,,,,,,,,,,,,,,,,,,,,,,,,,,,,,,,,,,,0.0,,,,,,,,,,,,,,,,,,,,,,,,,,,,,,,,,,,,,,,,,,,,,,,,,,,,,,,,,,,,,,,,,,,,,,,,,,,,,,,,,,,,,,,,,,0,0,8,5
3,region_03,2021-03-20,0.000823156122351,0.0,0.0,,0.0,,0.0,,,,,,,,,,0.3565821290016174,0.0,,,0.014803626202046841,0.0,0.0189995691180229,0.0,0.0292928274720907,0.0,0.01791526796296235,0.0,0.15037239901721475,0.0,,,,,,,,,0.0,,0.0004508856218308,0.0,0.0,,0.0007043258985504,2.0,0.0,,0.0,,0.0,,,,,,,,,,,,,,,,,,,,,,,,,,,,,,,,,,,,,,,,,,,,,,,,,,,,,,,,,,,,,,,,,,,,,,,,,,,,,,,,,,,,,,,,,,,,,,,,,,,,,,,,,,,,,,,,,,,,,,,,,,,,,,,,,,,,,,,,,,,,,,,,,,,,,,,,,,0.0013189036166295,2.0,,,,,,,,,,,,,,,,,,,,,,,,,,,,,,,,,,,,,,,,,,,,,,,,,,,,,,,,,,,,,,,,,,,,,,,,,,,,,,,,,,,,,,,,,0,2,8,6
3,region_03,2021-03-27,0.0007239453843794501,0.0,0.0,,0.0,,0.0,,,,,,,,,,0.5052350044250489,0.0,,,0.01782618463039392,0.0,0.0072208433412015,0.0,0.0253398399800062,0.0,0.016091808211058323,0.0,0.16306122764945025,0.0,,,,,,,,,0.00038435090876493336,2.0,0.0003720042586792,0.0,0.0,,0.0,0.0,0.0,,0.0,,0.0003837472177110333,2.0,,,,,,,,,,,,,,,,,,,,,,,,,,,,,,,,,,,,,,,,,,,,,,,,,,,,,,,,,,,,,,,,,,,,,,,,,,,,,,,,,,,,,,,,,,,,,,,,,,,,,,,,,,,,,,,,,,,,,,,,,,,,,,,,,,,,,,,,,,,,,,,,,,,,,,,,,0.0070990200154483,0.0,,,,,,,,,,,,,,,,,,,,,,,,,,,,,,,,,,,,,,,,,,,,,,,,,,,,,,,,,,,,,,,,,,,,,,,,,,,,,,,,,,,,,,,,,0,2,10,7
3,region_03,2021-04-03,0.0,0.0,0.0,,0.0,,0.0,,,,,,,,,,0.5670197129249572,0.0,,,0.01162593644112346,0.0,0.0080292401835322,0.0,0.0203874744474887,0.0,0.01424830197356635,0.0,0.16254187747836107,0.0,,,,,,,,,0.0,0.0,0.0008868550998158399,0.0,0.0,,0.00104573736898596,0.0,0.0,,0.0,,0.0,0.0,,,,,,,,,,,,,,,,,,,,,,,,,,,,,,,,,,,,,,,,,,,,,,,,,,,,,,,,,,,,,,,,,,,,,,,,,,,,,,,,,,,,,,,,,,,,,,,,,,,,,,,,,,,,,,,,,,,,,,,,,,,,,,,,,,,,,,,,,,,,,,,,,,,,,,,,,0.013475552201270998,0.0,,,,,,,,,,,,,,,,,,,,,,,,,,,,,,,,,,,,,,,,,,,,,,,,,,,,,,,,,,,,,,,,,,,,,,,,,,,,,,,,,,,,,,,,,0,0,12,8
3,region_03,2021-04-10,0.00030758700449945,0.0,0.0,,0.0,,0.0,,,,,,,,,,0.6454211235046386,0.0,,,0.015997174754738757,0.0,0.0038588137831538,0.0,0.013696470297873,0.0,0.0147322376724332,0.0,0.15788608603179452,0.0,,,,,,,,,0.0005973518127575,0.0,0.0014322922099381,0.0,0.0,,0.00095196294132616,0.0,0.00031429287628265,2.0,0.0,,0.0002136395099417,0.0,,,,,,,,,,,,,,,,,,,,,,,,,,,,,,,,,,,,,,,,,,,,,,,,,,,,,,,,,,,,,,,,,,,,,,,,,,,,,,,,,,,,,,,,,,,,,,,,,,,,,,,,,,,,,,,,,,,,,,,,,,,,,,,,,,,,,,,,,,,,,,,,,,,,,,,,,0.01905736066400998,0.0,,,,,,,,,,,,,,,,,,,,,,,,,,,,,,,,,,,,,,,,,,,,,,,,,,,,,,,,,,,,,,,,,,,,,,,,,,,,,,,,,,,,,,,,,0,1,12,9
3,region_03,2021-04-17,0.00188709492795165,0.0,0.0,,0.0,,0.0,,,,,,,,,,0.6395099520683288,0.0,,,0.01133354883641,0.0,0.0034599821083247,0.0,0.0076753571629524,0.0,0.007667201571166475,0.0,0.16723998263478274,0.0,,,,,,,,,0.0016056834332023335,0.0,0.0053616432473063,0.0,0.0,,0.00143199677113436,0.0,0.00032287029898717503,0.0,0.0,,0.00016491889740180002,0.0,,,,,,,,,,,,,,,,,,,,,,,,,,,,,,,,,,,,,,,,,,,,,,,,,,,,,,,,,,,,,,,,,,,,,,,,,,,,,,,,,,,,,,,,,,,,,,,,,,,,,,,,,,,,,,,,,,,,,,,,,,,,,,,,,,,,,,,,,,,,,,,,,,,,,,,,,0.01661294065415856,0.0,,,,,,,,,,,,,,,,,,,,,,,,,,,,,,,,,,,,,,,,,,,,,,,,,,,,,,,,,,,,,,,,,,,,,,,,,,,,,,,,,,,,,,,,,0,0,13,10
3,region_03,2021-04-24,0.0,0.0,0.0,,0.0,,0.0,,,,,,,,,,0.6489291071891785,0.0,,,0.008227656036615339,0.0,0.0004191533953417,0.0,0.0054823025129735,0.0,0.008652074960991674,0.0,0.17045972868800163,0.0,,,,,,,,,0.0022647222504019334,0.0,0.00922201499342912,0.0,0.0,,0.00440778722986572,0.0,0.0,0.0,0.0,,0.0009695501260768999,0.0,,,,,,,,,,,,,,,,,,,,,,,,,,,,,,,,,,,,,,,,,,,,,,,,,,,,,,,,,,,,,,,,,,,,,,,,,,,,,,,,,,,,,,,,,,,,,,,,,,,,,,,,,,,,,,,,,,,,,,,,,,,,,,,,,,,,,,,,,,,,,,,,,,,,,,,,,0.02175200097262854,0.0,,,,,,,,,,,,,,,,,,,,,,,,,,,,,,,,,,,,,,,,,,,,,,,,,,,,,,,,,,,,,,,,,,,,,,,,,,,,,,,,,,,,,,,,,0,0,13,11
3,region_03,2021-05-01,0.0003637172048911,0.0,0.0,,0.0,,0.0,,,,,,,,,,0.7126508593559265,0.0,,,0.00868173874914642,0.0,0.0007274895324371,0.0,0.0018187238601967,0.0,0.0074497406603768,0.0,0.15490932948887345,0.0,,,,,,,,,0.0009581122819023001,0.0,0.00832390971481798,0.0,0.0,,0.0059414160437881395,0.0,0.000747073499951475,0.0,0.0,,0.00025499198818576665,0.0,,,,,,,,,,,,,,,,,,,,,,,,,,,,,,,,,,,,,,,,,,,,,,,,,,,,,,,,,,,,,,,,,,,,,,,,,,,,,,,,,,,,,,,,,,,,,,,,,,,,,,,,,,,,,,,,,,,,,,,,,,,,,,,,,,,,,,,,,,,,,,,,,,,,,,,,,0.01863368973135944,0.0,,,,,,,,,,,,,,,,,,,,,,,,,,,,,,,,,,,,,,,,,,,,,,,,,,,,,,,,,,,,,,,,,,,,,,,,,,,,,,,,,,,,,,,,,0,0,13,12
3,region_03,2021-05-08,0.0009072085958905,0.0,0.0,,0.0,,0.0,,,,,,,,0.0,,0.6924002255712237,0.0,,,0.00848787166178222,0.0,0.0014140328858047,0.0,0.0015206900425255,0.0,0.009609411004930676,0.0,0.16877252236008639,0.0,,,,,,,,,0.0010598043057446,0.0,0.00734597500413652,0.0,0.0,,0.0043841026257723,0.0,0.0010480433993506249,0.0,0.0,,0.0027425181275854,0.0,,,0.0,,0.0,,0.0,,0.0,,0.0,,,,,,0.0,,0.0,,0.0,,0.0,,0.0,,0.0,,0.0,,0.0,,0.0,,0.0,,,,,,,,,,,,0.0,,,,,,,,,,,,,,,,,,,,,,,,,,,,,,,,,,,,,,,,,,,,,,,,,,,,,,,,,,,,,,,,,,,,,,,,,,,,,,,,,,,,,,,,,,,,,,,,,,,,,,,,,,0.028324724733829444,0.0,,,,,,,,,,,,,,,0.0,,0.0,,,,,,,,,,,,,,0.0,,0.0,,,,,,,,,,,,0.0,,0.0,,0.0,,,,,,,,,,,,,,,,,,,,,,,,,,,,,,,,,,,,,,,,0,0,13,13
3,region_03,2021-05-15,0.0,0.0,0.0,,0.0,,0.0,,,,,,,,0.0,,0.7271236300468444,0.0,,,0.0053869855057979855,0.0,0.0,0.0,0.0,0.0,0.0005203369801165,0.0,0.13343143463134763,0.0,,,,,,,,,0.00074680533725762,0.0,0.01154369767755265,0.0,0.0,,0.009634262882173025,0.0,0.0,0.0,0.00072721790638745,2.0,0.00347745739854868,0.0,0.0661532469093799,2.0,0.0,,0.0,,0.0,,0.0,,0.0,,,,,,0.0,,0.0,,0.0,,0.0,,0.0,,0.0,,0.0,,0.0,,0.0,,0.0,,,,,,,,,,,,0.0,,,,,,,,,,,,,,,,,,,,,,,,,,,,,,,,,,,,,,,,,,,,,,,,,,,,,,,,,,,,,,,,,,,,,,,,,,,,,,,,,,,,,,,,,,,,,,,,,,,,,,,,,,0.02681941888295109,0.0,,,,,,,,,,,,,,,0.0,,0.0,,,,,,,,,,,,,,0.0,,0.0,,,,,,,,,,,,0.0,,0.0,,0.0,,,,,,,,,,,,,,,,,,,,,,,,,,,,,,,,,,,,,,,,0,2,13,14
3,region_03,2021-05-22,0.00142034230520945,0.0,0.0,,0.0,,0.0,,,,,,,,0.0,,0.7298351526260376,0.0,,,0.0038806855279419567,0.0,0.0,0.0,0.0012417122488841,0.0,0.00603585946373635,0.0,0.10654903079072629,0.0,,,,,,,,,0.0,0.0,0.021382822794304448,0.0,0.0,,0.007152075937483413,0.0,0.001794582203729025,0.0,0.0,0.0,0.0037208659574388798,0.0,0.04496439360082145,0.0,0.0,,0.0,,0.0,,0.0,,0.0,,,,,,0.0,,0.0,,0.0,,0.0,,0.0,,0.0,,0.0,,0.0,,0.0,,0.0,,,,,,,,,,,,0.0,,,,,,,,,,,,,,,,,,,,,,,,,,,,,,,,,,,,,,,,,,,,,,,,,,,,,,,,,,,,,,,,,,,,,,,,,,,,,,,,,,,,,,,,,,,,,,,,,,,,,,,,,,0.048136807512491886,0.0,,,,,,,,,,,,,,,0.0,,0.0,,,,,,,,,,,,,,0.0,,0.0,,,,,,,,,,,,0.0,,0.0,,0.0,,,,,,,,,,,,,,,,,,,,,,,,,,,,,,,,,,,,,,,,0,0,15,15
3,region_03,2021-05-29,0.00169538409681985,0.0,0.0,,0.0,,0.0033907681936398,2.0,,,,,,,0.0,,0.705403745174408,0.0,,,0.003034276255805543,0.0,0.0,0.0,0.0028157634660601,0.0,0.003412107063923,0.0,0.12119247267643606,0.0,,,,,,,,,0.0,0.0,0.025560594789805904,0.0,0.0,,0.014296762295998588,0.0,0.005870226537808725,0.0,0.0,0.0,0.0025328279472886803,0.0,0.0675649642944336,0.0,0.0,,0.0,,0.0,,0.0,,0.0,,,,,,0.0,,0.0,,0.0,,0.0,,0.0,,0.0,,0.0,,0.0,,0.0,,0.0,,,,,,,,,,,,0.0,,,,,,,,,,,,,,,,,,,,,,,,,,,,,,,,,,,,,,,,,,,,,,,,,,,,,,,,,,,,,,,,,,,,,,,,,,,,,,,,,,,,,,,,,,,,,,,,,,,,,,,,,,0.025521386725207113,0.0,,,,,,,,,,,,,,,0.0,,0.0,,,,,,,,,,,,,,0.0,,0.0,,,,,,,,,,,,0.0,,0.0,,0.0,,,,,,,,,,,,,,,,,,,,,,,,,,,,,,,,,,,,,,,,0,1,15,16
3,region_03,2021-06-05,0.0,0.0,0.0,,0.0,,0.0,0.0,,,,,,,0.0,,0.6415098369121551,0.0,,,0.0036424905993043713,0.0,0.0,0.0,0.0,0.0,0.007513756630942175,0.0,0.1231497153639793,0.0,,,,,,,,,0.0,0.0,0.05119291096079075,0.0,0.0,,0.0209808896761387,0.0,0.010382920037955,0.0,0.0,0.0,0.00810666568577284,0.0,0.0471902713179588,0.0,0.0,,0.0,,0.0,,0.0,,0.0,,,,,,0.0,,0.0,,0.0,,0.0,,0.0,,0.0,,0.0,,0.0,,0.0,,0.0,,,,,,,,,,,,0.0,,,,,,,,,,,,,,,,,,,,,,,,,,,,,,,,,,,,,,,,,,,,,,,,,,,,,,,,,,,,,,,,,,,,,,,,,,,,,,,,,,,,,,,,,,,,,,,,,,,,,,,,,,0.060183866880834075,0.0,,,,,,,,,,,,,,,0.0,,0.0,,,,,,,,,,,,,,0.0,,0.0,,,,,,,,,,,,0.0,,0.0,,0.0,,,,,,,,,,,,,,,,,,,,,,,,,,,,,,,,,,,,,,,,0,0,16,17
3,region_03,2021-06-12,0.0,0.0,0.0,,0.0,,0.010438736993819451,0.0,,,,,,,0.0,,0.608828890323639,0.0,,,0.0,0.0,0.0,0.0,0.0,0.0,0.008148863678798024,0.0,0.11483137930432952,0.0,,,,,,,,,0.0,0.0,0.08372545614838596,0.0,0.0,,0.04824734230836225,0.0,0.009706768672913275,0.0,0.0,0.0,0.01171461194753642,0.0,0.053655058145523,0.0,0.0,,0.0,,0.0,,0.0,,0.0,,,,,,0.0,,0.0,,0.0,,0.0,,0.0,,0.0,,0.0,,0.0,,0.0,,0.0,,,,,,,,,,,,0.0,,,,,,,,,,,,,,,,,,,,,,,,,,,,,,,,,,,,,,,,,,,,,,,,,,,,,,,,,,,,,,,,,,,,,,,,,,,,,,,,,,,,,,,,,,,,,,,,,,,,,,,,,,0.05882093186179791,0.0,,,,,,,,,,,,,,,0.0,,0.0,,,,,,,,,,,,,,0.0,,0.0,,,,,,,,,,,,0.0,,0.0,,0.0,,,,,,,,,,,,,,,,,,,,,,,,,,,,,,,,,,,,,,,,0,0,16,18
3,region_03,2021-06-19,0.013415351975709151,0.0,0.0,,0.004959723475621969,2.0,0.03483826294541355,0.0,,,,,,,0.0,,0.5559139788150788,0.0,,,0.0015377000173819428,0.0,0.0,0.0,0.0,0.0,0.0,0.0,0.09269100427627558,0.0,,,,,,,,,0.0,0.0,0.1659581161696802,0.0,0.0,,0.030975810019299325,0.0,0.0015438084374181501,0.0,0.0,0.0,0.00411719484254712,0.0,0.015182801987975801,0.0,0.0,,0.0,,0.0,,0.0,,0.0,,,,,,0.0,,0.0,,0.0,,0.0,,0.0,,0.0,,0.0,,0.0,,0.0,,0.0,,,,,,,,,,,,0.0,,,,,,,,,,,,,,,,,,,,,,,,,,,,,,,,,,,,,,,,,,,,,,,,,,,,,,,,,,,,,,,,,,,,,,,,,,,,,,,,,,,,,,,,,,,,,,,,,,,,,,,,,,0.07279712458451586,0.0,,,,,,,,,,,,,,,0.0,,0.0,,,,,,,,,,,,,,0.0,,0.0,,,,,,,,,,,,0.0,,0.0,,0.0,,,,,,,,,,,,,,,,,,,,,,,,,,,,,,,,,,,,,,,,0,1,16,19
3,region_03,2021-06-26,0.0,0.0,0.0,,0.0,0.0,0.05484229326248165,0.0,,,,,,,0.0,,0.40466925501823425,0.0,,,0.0,0.0,0.0,0.0,0.0,0.0,0.0,0.0,0.1291538402438163,0.0,,,,,,,,,0.0,0.0,0.2713939274350802,0.0,0.0,,0.05499956756830211,0.0,0.011884271400049301,0.0,0.0,0.0,0.00661467052996154,0.0,0.05097878538072105,0.0,0.0,,0.0,,0.0,,0.0,,0.0,,,,,,0.0,,0.0,,0.0,,0.0,,0.0,,0.0,,0.0,,0.0,,0.0,,0.0,,,,,,,,,,,,0.0,,,,,,,,,,,,,,,,,,,,,,,,,,,,,,,,,,,,,,,,,,,,,,,,,,,,,,,,,,,,,,,,,,,,,,,,,,,,,,,,,,,,,,,,,,,,,,,,,,,,,,,,,,0.05601460020989175,0.0,,,,,,,,,,,,,,,0.0,,0.0,,,,,,,,,,,,,,0.0,,0.0,,,,,,,,,,,,0.0,,0.0,,0.0,,,,,,,,,,,,,,,,,,,,,,,,,,,,,,,,,,,,,,,,0,0,17,20
3,region_03,2021-07-03,0.005023003788664901,0.0,0.0,,0.006127700799455187,0.0,0.07180710881948466,0.0,,,,,,,0.0,,0.2111647024750709,0.0,,,0.0,0.0,0.0,0.0,0.0,0.0,0.00413947447668755,0.0,0.0544606670737266,0.0,,,,,,,,,0.0,0.0,0.5999194471673532,0.0,0.0,,0.0294644392561167,0.0,0.0,0.0,0.0,0.0,0.013190171681344481,0.0,0.0215478120371699,0.0,0.0,,0.0,,0.0,,0.0,,0.0,,,,,,0.0,,0.0,,0.0,,0.0,,0.0,,0.0,,0.0,,0.0,,0.0,,0.0,,,,,,,,,,,,0.0,,,,,,,,,,,,,,,,,,,,,,,,,,,,,,,,,,,,,,,,,,,,,,,,,,,,,,,,,,,,,,,,,,,,,,,,,,,,,,,,,,,,,,,,,,,,,,,,,,,,,,,,,,0.07502788553635276,0.0,,,,,,,,,,,,,,,0.0,,0.0,,,,,,,,,,,,,,0.0,,0.0,,,,,,,,,,,,0.0,,0.0,,0.0,,,,,,,,,,,,,,,,,,,,,,,,,,,,,,,,,,,,,,,,0,0,17,21
3,region_03,2021-07-10,0.0025871145771816,0.0,0.0,,0.011378487863112194,0.0,0.07983123883605,0.0,,,,,,,0.0,,0.14957510530948634,0.0,,,0.0,0.0,0.0,0.0,0.0,0.0,0.0,0.0,0.006663267035037233,0.0,,,,,,,,,0.0,0.0,0.6959679533134807,0.0,0.0,,0.01883917883969839,0.0,0.00319454394048075,0.0,0.0,0.0,0.017338831163942782,0.0,0.01123720873147245,0.0,0.0,,0.0,,0.0,,0.0,,0.0,,,,,,0.0,,0.0,,0.0,,0.0,,0.0,,0.0,,0.0,,0.0,,0.0,,0.0,,,,,,,,,,,,0.0,,,,,,,,,,,,,,,,,,,,,,,,,,,,,,,,,,,,,,,,,,,,,,,,,,,,,,,,,,,,,,,,,,,,,,,,,,,,,,,,,,,,,,,,,,,,,,,,,,,,,,,,,,0.05493437824770803,0.0,,,,,,,,,,,,,,,0.0,,0.0,,,,,,,,,,,,,,0.0,,0.0,,,,,,,,,,,,0.0,,0.0,,0.0,,,,,,,,,,,,,,,,,,,,,,,,,,,,,,,,,,,,,,,,0,0,17,22
3,region_03,2021-07-17,0.00063940288964655,0.0,0.0,,0.005275710151181512,0.0,0.12273417785763735,0.0,,,,,,,0.0,,0.05543233401009008,0.0,,,0.0,0.0,0.0,0.0,0.0,0.0,0.0,0.0,0.012207354186102684,0.0,,,,,,,,,0.0,0.0,0.845694783736359,0.0,0.0,,0.009277221921365663,0.0,0.0044648092007264,0.0,0.0,0.0,0.005514224665239401,0.0,0.00811729370616375,0.0,0.0,,0.0,,0.0,,0.0,,0.0,,,,,,0.0,,0.0,,0.0,,0.0,,0.0,,0.0,,0.0,,0.0,,0.0,,0.0,,,,,,,,,,,,0.0,,,,,,,,,,,,,,,,,,,,,,,,,,,,,,,,,,,,,,,,,,,,,,,,,,,,,,,,,,,,,,,,,,,,,,,,,,,,,,,,,,,,,,,,,,,,,,,,,,,,,,,,,,0.04152900632470843,0.0,,,,,,,,,,,,,,,0.0,,0.0,,,,,,,,,,,,,,0.0,,0.0,,,,,,,,,,,,0.0,,0.0,,0.0,,,,,,,,,,,,,,,,,,,,,,,,,,,,,,,,,,,,,,,,0,0,17,23
3,region_03,2021-07-24,0.0,0.0,0.0025101047358475,2.0,0.0024208016984629812,0.0,0.0852761156857013,0.0,,,,,,,0.0,,0.02760073151439424,0.0,,,0.0,0.0,0.0,0.0,0.0,0.0,0.0,0.0,0.003362687032980167,0.0,,,,,,,,,0.0,0.0,0.9275357408085089,0.0,0.0,,0.012613610054055799,0.0,0.0047562749823555,0.0,0.0,0.0,0.00358990696258836,0.0,0.00541030708700415,0.0,0.0,,0.0,,0.0,,0.0,,0.0,,,,,,0.0,,0.0,,0.0,,0.0,,0.0,,0.0,,0.0,,0.0,,0.0,,0.0,,,,,,,,,,,,0.0,,,,,,,,,,,,,,,,,,,,,,,,,,,,,,,,,,,,,,,,,,,,,,,,,,,,,,,,,,,,,,,,,,,,,,,,,,,,,,,,,,,,,,,,,,,,,,,,,,,,,,,,,,0.011153466999530766,0.0,,,,,,,,,,,,,,,0.0,,0.0,,,,,,,,,,,,,,0.0,,0.0,,,,,,,,,,,,0.0,,0.0,,0.0,,,,,,,,,,,,,,,,,,,,,,,,,,,,,,,,,,,,,,,,0,1,17,24
3,region_03,2021-07-31,0.0,0.0,0.0011007679762163132,0.0,0.0014819933780623668,0.0,0.0964700803160667,0.0,,,,,,,0.0,,0.006470430538886077,0.0,,,0.0,0.0,,,,,0.0,0.0,0.00086702940752726,0.0,,,,,,,,,0.0,0.0,0.9743070595321202,0.0,0.0,,0.0069464230909943,0.0,0.0018498324401055334,0.0,0.0,0.0,0.00041258401082203334,0.0,0.0020910014864057,0.0,0.0,,0.0,,0.0,,0.0,,0.0,,,,,,0.0,,0.0,,0.0,,0.0,,0.0,,0.0,,0.0,,0.0,,0.0,,0.0,,,,,,,,,,,,0.0,,,,,,,,,,,,,,,,,,,,,,,,,,,,,,,,,,,,,,,,,,,,,,,,,,,,,,,,,,,,,,,,,,,,,,,,,,,,,,,,,,,,,,,,,,,,,,,,,,,,,,,,,,0.004817767201789757,0.0,,,,,,,,,,,,,,,0.0,,0.0,,,,,,,,,,,,,,0.0,,0.0,,,,,,,,,,,,0.0,,0.0,,0.0,,,,,,,,,,,,,,,,,,,,,,,,,,,,,,,,,,,,,,,,0,0,16,25
3,region_03,2021-08-07,,,0.0005697053295859072,0.0,0.0019499713089316643,0.0,,,,,,,,,0.0,,0.00402263060095715,0.0,,,0.0,0.0,,,,,0.0,0.0,0.00235097677796145,0.0,,,,,,,,,0.0,0.0,0.9822536931318395,0.0,0.0,,0.0016401495086028667,0.0,0.0,0.0,,,0.00025779833473883333,0.0,0.0,0.0,0.0,,0.0,,0.0,,0.0,,0.0,,,,,,0.0,,0.0,,0.0,,0.0,,0.0,,0.0,,0.0,,0.0,,0.0,,0.0,,,,,,,,,,,,0.0,,,,,,,,,,,,,,,,,,,,,,,,,,,,,,,,,,,,,,,,,,,,,,,,,,,,,,,,,,,,,,,,,,,,,,,,,,,,,,,,,,,,,,,,,,,,,,,,,,,,,,,,,,0.00244620681041845,0.0,,,,,,,,,,,,,,,0.0,,0.0,,,,,,,,,,,,,,0.0,,0.0,,,,,,,,,,,,0.0,,0.0,,0.0,,,,,,,,,,,,,,,,,,,,,,,,,,,,,,,,,,,,,,,,0,0,13,26
3,region_03,2021-08-14,,,0.0018354476017590309,0.0,0.0016379387323887462,0.0,,,,,,,,,0.0,,0.002206600287796086,0.0,,,0.0,0.0,,,,,0.0,0.0,0.0,0.0,,,,,,,,,0.0,0.0,0.9903084017881533,0.0,0.0,,0.00274884740356348,0.0,0.0008328203111886,0.0,,,0.0,0.0,0.0,0.0,0.0,,0.0,,0.0,,0.0,,0.0,,,,,,0.0,,0.0,,0.0,,0.0,,0.0,,0.0,,0.0,,0.0,,0.0,,0.0,,,,,,,,,,,,0.0,,,,,,,,,,,,,,,,,,,,,,,,,,,,,,,,,,,,,,,,,,,,,,,,,,,,,,,,,,,,,,,,,,,,,,,,,,,,,,,,,,,,,,,,,,,,,,,,,,,,,,,,,,0.00305590308271342,0.0,,,,,,,,,,,,,,,0.0,,0.0,,,,,,,,,,,,,,0.0,,0.0,,,,,,,,,,,,0.0,,0.0,,0.0,,,,,,,,,,,,,,,,,,,,,,,,,,,,,,,,,,,,,,,,0,0,13,27
3,region_03,2021-08-21,,,0.0005054374207527077,0.0,0.0,0.0,,,,,,,,,0.0,,0.0027551943037126283,0.0,,,0.0,0.0,,,,,0.0,0.0,0.0,0.0,,,,,,,,,0.0,0.0,0.9934994055003654,0.0,0.0,,0.0009272707160561999,0.0,0.0,0.0,,,0.0,0.0,0.0,0.0,0.0,,0.0,,0.0,,0.0,,0.0,,,,,,0.0,,0.0,,0.0,,0.0,,0.0,,0.0,,0.0,,0.0,,0.0,,0.0,,,,,,,,,,,,0.0,,,,,,,,,,,,,,,,,,,,,,,,,,,,,,,,,,,,,,,,,,,,,,,,,,,,,,,,,,,,,,,,,,,,,,,,,,,,,,,,,,,,,,,,,,,,,,,,,,,,,,,,,,0.0,0.0,,,,,,,,,,,,,,,0.0,,0.0,,,,,,,,,,,,,,0.0,,0.0,,,,,,,,,,,,0.0,,0.0,,0.0,,,,,,,,,,,,,,,,,,,,,,,,,,,,,,,,,,,,,,,,0,0,13,28
3,region_03,2021-08-28,,,0.0008165882609318417,0.0,0.000396962694746075,0.0,,,,,,,,,0.0,,0.0012607646252338833,0.0,,,0.0,0.0,,,,,0.0,0.0,0.0,0.0,,,,,,,,,0.0,0.0,0.9919094443321228,0.0,0.0,,0.000326585257425875,0.0,,,,,0.0,0.0,0.0,0.0,0.0,,0.0,,0.0,,0.0,,0.0,,,,,,0.0,,0.0,,0.0,,0.0,,0.0,,0.0,,0.0,,0.0,,0.0,,0.0,,,,,,,,,,,,0.0,,,,,,,,,,,,,,,,,,,,,,,,,,,,,,,,,,,,,,,,,,,,,,,,,,,,,,,,,,,,,,,,,,,,,,,,,,,,,,,,,,,,,,,,,,,,,,,,,,,,,,,,,,0.0017008223512675002,0.0,,,,,,,,,,,,,,,0.0,,0.0,,,,,,,,,,,,,,0.0,,0.0,,,,,,,,,,,,0.0,,0.0,,0.0,,,,,,,,,,,,,,,,,,,,,,,,,,,,,,,,,,,,,,,,0,0,12,29
3,region_03,2021-09-04,,,9.91889952274e-05,0.0,0.0002435532733215375,0.0,,,,,,,,,0.0,,0.000100444685813225,0.0,,,0.0,0.0,,,,,,,0.0,0.0,,,,,,,,,0.0,0.0,0.9957970164038918,0.0,,,0.00019646200235,0.0,,,,,0.0,0.0,0.0,0.0,0.0,,0.0,,0.0,,0.0,,0.0,,,,,,0.0,,0.0,,0.0,,0.0,,0.0,,0.0,,0.0,,0.0,,0.0,,0.0,,,,,,,,,,,,0.0,,,,,,,,,,,,,,,,,,,,,,,,,,,,,,,,,,,,,,,,,,,,,,,,,,,,,,,,,,,,,,,,,,,,,,,,,,,,,,,,,,,,,,,,,,,,,,,,,,,,,,,,,,0.0005754816617506,0.0,,,,,,,,,,,,,,,0.0,,0.0,,,,,,,,,,,,,,0.0,,0.0,,,,,,,,,,,,0.0,,0.0,,0.0,,,,,,,,,,,,,,,,,,,,,,,,,,,,,,,,,,,,,,,,0,0,11,30
3,region_03,2021-09-11,,,0.001653469823808791,0.0,0.0010090052753432455,0.0,,,,,,,,,0.0,,0.0003379962930921,0.0,,,0.0,0.0,,,,,,,0.0,0.0,,,,,,,,,0.0,0.0,0.9960697962813181,0.0,,,0.0006550853334676999,0.0,,,,,0.0,0.0,0.0,0.0,0.0,,0.0,,0.0,,0.0,,0.0,,,,,,0.0,,0.0,,0.0,,0.0,,0.0,,0.0,,0.0,,0.0,,0.0,,0.0,,,,,,,,,,,,0.0,,,,,,,,,,,,,,,,,,,,,,,,,,,,,,,,,,,,,,,,,,,,,,,,,,,,,,,,,,,,,,,,,,,,,,,,,,,,,,,,,,,,,,,,,,,,,,,,,,,,,,,,,,0.00013397650036495,0.0,,,,,,,,,,,,,,,0.0,,0.0,,,,,,,,,,,,,,0.0,,0.0,,,,,,,,,,,,0.0,,0.0,,0.0,,,,,,,,,,,,,,,,,,,,,,,,,,,,,,,,,,,,,,,,0,0,11,31
3,region_03,2021-09-18,,,0.00046976122151435554,0.0,0.00112897781655187,0.0,,,,,,,,,0.0,,0.0,0.0,,,0.0,0.0,,,,,,,0.0,0.0,,,,,,,,,0.0,0.0,0.9962358283690917,0.0,,,0.0,0.0,,,,,0.0,0.0,0.0,0.0,0.0,,0.0,,0.0,,0.0,,0.0,,,,,,0.0,,0.0,,0.0,,0.0,,0.0,,0.0,,0.0,,0.0,,0.0,,0.0,,,,,,,,,,,,0.0,,,,,,,,,,,,,,,,,,,,,,,,,,,,,,,,,,,,,,,,,,,,,,,,,,,,,,,,,,,,,,,,,,,,,,,,,,,,,,,,,,,,,,,,,,,,,,,,,,,,,,,,,,0.0005192324751988,0.0,,,,,,,,,,,,,,,0.0,,0.0,,,,,,,,,,,,,,0.0,,0.0,,,,,,,,,,,,0.0,,0.0,,0.0,,,,,,,,,,,,,,,,,,,,,,,,,,,,,,,,,,,,,,,,0,0,11,32
3,region_03,2021-09-25,,,0.0,0.0,0.0,0.0,,,,,,,,,0.0,,0.0,0.0,,,,,,,,,,,,,,,,,,,,,,,0.9930770751796191,0.0,,,0.0,0.0,,,,,,,,,0.0,,0.0,,0.0,,0.0,,0.0,,,,,,0.0,,0.0,,0.0,,0.0,,0.0,,0.0,,0.0,,0.0,,0.0,,0.0,,,,,,,,,,,,0.0,,,,,,,,,,,,,,,,,,,,,,,,,,,,,,,,,,,,,,,,,,,,,,,,,,,,,,,,,,,,,,,,,,,,,,,,,,,,,,,,,,,,,,,,,,,,,,,,,,,,,,,,,,0.0,0.0,,,,,,,,,,,,,,,0.0,,0.0,,,,,,,,,,,,,,0.0,,0.0,,,,,,,,,,,,0.0,,0.0,,0.0,,,,,,,,,,,,,,,,,,,,,,,,,,,,,,,,,,,,,,,,0,0,6,33
3,region_03,2021-10-02,,,0.0006048310315236,0.0,0.0,0.0,,,,,,,,,0.0,,0.0,0.0,,,,,,,,,,,,,,,,,,,,,,,0.9939002257127029,0.0,,,,,,,,,,,,,0.0,,0.0,,0.0,,0.0,,0.0,,,,,,0.0,,0.0,,0.0,,0.0,,0.0,,0.0,,0.0,,0.0,,0.0,,0.0,,,,,,,,,,,,0.0,,,,,,,,,,,,,,,,,,,,,,,,,,,,,,,,,,,,,,,,,,,,,,,,,,,,,,,,,,,,,,,,,,,,,,,,,,,,,,,,,,,,,,,,,,,,,,,,,,,,,,,,,,,,,,,,,,,,,,,,,,0.0,,0.0,,,,,,,,,,,,,,0.0,,0.0,,,,,,,,,,,,0.0,,0.0,,0.0,,,,,,,,,,,,,,,,,,,,,,,,,,,,,,,,,,,,,,,,0,0,4,34
3,region_03,2021-10-09,,,0.0,0.0,0.000245952805926175,0.0,,,,,,,,,0.0,,0.0,0.0,,,,,,,,,,,,,,,,,,,,,,,0.9923627252380053,0.0,,,,,,,,,,,,,0.0,,0.0003036562431884791,1.0,0.0,,0.0,,0.0,,,,,,0.0,,0.0,,0.0,,0.0,,0.0,,0.0,,0.0,,0.0,,0.0,,0.0,,,,,,,,,,,,0.0,,,,,,,,,,,,,,,,,,,,,,,,,,,,,,,,,,,,,,,,,,,,,,,,,,,,,,,,,,,,,,,,,,,,,,,,,,,,,,,,,,,,,,,,,,,,,,,,,,,,,,,,,,,,,,,,,,,,,,,,,,0.0,,0.0,,,,,,,,,,,,,,0.0,,0.0,,,,,,,,,,,,0.0,,0.0,,0.0,,,,,,,,,,,,,,,,,,,,,,,,,,,,,,,,,,,,,,,,1,0,4,0
3,region_03,2021-10-16,,,0.0,0.0,0.0012560772676286287,0.0,,,,,,,,,0.0,,0.0,0.0,,,,,,,,,,,,,,,,,,,,,,,0.9914516355540302,0.0,,,,,,,,,,,,,0.0,,0.0,0.0,0.0,,0.0,,0.0,,,,,,0.0,,0.0,,0.0,,0.0,,0.0,,0.0,,0.0,,0.0,,0.0,,0.0,,,,,,,,,,,,0.0,,,,,,,,,,,,,,,,,,,,,,,,,,,,,,,,,,,,,,,,,,,,,,,,,,,,,,,,,,,,,,,,,,,,,,,,,,,,,,,,,,,,,,,,,,,,,,,,,,,,,,,,,,,,,,,,,,,,,,,,,,0.0,,0.0,,,,,,,,,,,,,,0.0,,0.0,,,,,,,,,,,,0.0,,0.0,,0.0,,,,,,,,,,,,,,,,,,,,,,,,,,,,,,,,,,,,,,,,0,0,5,1
3,region_03,2021-10-23,,,0.0,0.0,0.0,0.0,,,,,,,,,0.0,,,,,,,,,,,,,,,,,,,,,,,,,,0.9905925904001508,0.0,,,,,,,,,,,,,0.0,,0.0,0.0,0.0,,0.0,,0.0,,,,,,0.0,,0.0,,0.0,,0.0,,0.0,,0.0,,0.0,,0.0,,0.0,,0.0,,,,,,,,,,,,0.0,,,,,,,,,,,,,,,,,,,,,,,,,,,,,,,,,,,,,,,,,,,,,,,,,,,,,,,,,,,,,,,,,,,,,,,,,,,,,,,,,,,,,,,,,,,,,,,,,,,,,,,,,,,,,,,,,,,,,,,,,,0.0,,0.0,,,,,,,,,,,,,,0.0,,0.0,,,,,,,,,,,,0.0,,0.0,,0.0,,,,,,,,,,,,,,,,,,,,,,,,,,,,,,,,,,,,,,,,0,0,4,2
3,region_03,2021-10-30,,,0.0002935511176474,0.0,0.0,0.0,,,,,,,,,0.0,,,,,,,,,,,,,,,,,,,,,,,,,,0.9935250416607924,0.0,,,,,,,,,,,,,0.0,,0.00030340951455464995,0.0,0.0,,0.0,,0.0,,,,,,0.0,,0.0,,0.0,,0.0,,0.0,,0.0,,0.0,,0.0,,0.0,,0.0,,,,,,,,,,,,0.0,,,,,,,,,,,,,,,,,,,,,,,,,,,,,,,,,,,,,,,,,,,,,,,,,,,,,,,,,,,,,,,,,,,,,,,,,,,,,,,,,,,,,,,,,,,,,,,,,,,,,,,,,,,,,,,,,,,,,,,,,,0.0,,0.0,,,,,,,,,,,,,,0.0,,0.0,,,,,,,,,,,,0.0,,0.0,,0.0,,,,,,,,,,,,,,,,,,,,,,,,,,,,,,,,,,,,,,,,0,0,4,3
3,region_03,2021-11-06,,,0.000260844259173575,0.0,0.0,0.0,,,,,,,,,0.0,,,,,,,,,,,,,,,,,,,,,,,,,,0.98567162964442,0.0,,,,,,,,,,,,,0.0,,0.000703078388512363,0.0,0.0,,0.0,,0.0,,,,,,0.0,,0.0,,0.0,,0.0,,0.0,,0.0,,0.0,,0.0,,0.0,,0.0,,,,,,,,,,,,0.0,,,,,,,,,,,,,,,,,,,,,,,,,,,,,,,,,,,,,,,,,,,,,,,,,,,,,,,,,,,,,,,,,,,,,,,,,,,,,,,,,,,,,,,,,,,,,,,,,,,,,,,,,,,,,,,,,,,,,,,,,,0.0,,0.0,,,,,,,,,,,,,,0.0,,0.0,,,,,,,,,,,,0.0,,0.0,,0.0,,,,,,,,,,,,,,,,,,,,,,,,,,,,,,,,,,,,,,,,0,0,4,4
3,region_03,2021-11-13,,,0.00018898445705415,0.0,0.0,0.0,,,,,,,,,0.0,,,,,,,,,,,,,,,,,,,,,,,,,,0.9895212082192302,0.0,,,,,,,,,,,,,0.0,,0.0002504527322842387,0.0,0.0,,0.0,,0.0,,,,,,0.0,,0.0,,0.0,,0.0,,0.0,,0.0,,0.0,,0.0,,0.0,,0.0,,,,,,,,,,,,0.0,,,,,,,,,,,,,,,,,,,,,,,,,,,,,,,,,,,,,,,,,,,,,,,,,,,,,,,,,,,,,,,,,,,,,,,,,,,,,,,,,,,,,,,,,,,,,,,,,,,,,,,,,,,,,,,,,,,,,,,,,,0.0,,0.0,,,,,,,,,,,,,,0.0,,0.0,,,,,,,,,,,,0.0,,0.0,,0.0,,,,,,,,,,,,,,,,,,,,,,,,,,,,,,,,,,,,,,,,0,0,4,5
3,region_03,2021-11-20,,,0.0,0.0,0.0,0.0,,,,,,,,,0.0,,,,,,,,,,,,,,,,,,,,,,,,,,0.982269866598977,0.0,,,,,,,,,,,,,0.0,,0.0,0.0,0.0,,0.0,,0.0,,,,,,0.0,,0.0,,0.0,,0.0,,0.0,,0.0,,0.0,,0.0,,0.0,,0.0,,,,,,,,,,,,0.0,,,,,,,,,,,,,,,,,,,,,,,,,,,,,,,,,,,,,,,,,,,,,,,,,,,,,,,,,,,,,,,,,,,,,,,,,,,,,,,,,,,,,,,,,,,,,,,,,,,,,,,,,,,,,,,,,,,,,,,,,,0.0,,0.0,,,,,,,,,,,,,,0.0,,0.0,,,,,,,,,,,,0.0,,0.0,,0.0,,,,,,,,,,,,,,,,,,,,,,,,,,,,,,,,,,,,,,,,0,0,4,6
3,region_03,2021-11-27,,,0.0,0.0,0.0,0.0,,,,,,,,,0.0010368912265482412,1.0,,,,,,,,,,,,,,,,,,,,,,,,,0.9890128357309691,0.0,,,,,,,,,,,,,0.0,,0.0,0.0,0.0,,0.0,,0.0,,,,,,0.0,,0.0,,0.0,,0.0,,0.0,,0.0,,0.0,,0.0,,0.0,,0.0,,,,,,,,,,,,0.0,,,,,,,,,,,,,,,,,,,,,,,,,,,,,,,,,,,,,,,,,,,,,,,,,,,,,,,,,,,,,,,,,,,,,,,,,,,,,,,,,,,,,,,,,,,,,,,,,,,,,,,,,,,,,,,,,,,,,,,,,,0.0,,0.0,,,,,,,,,,,,,,0.0,,0.0,,,,,,,,,,,,0.0,,0.0,,0.0,,,,,,,,,,,,,,,,,,,,,,,,,,,,,,,,,,,,,,,,1,0,4,0
3,region_03,2021-12-04,,,,,,,,,,,,,,,0.006572559314210747,0.0,,,,,,,,,,,,,,,,,,,,,,,,,0.990095424301484,0.0,,,,,,,,,,,,,0.00027759797076744704,1.0,0.0,0.0,0.0,,0.0,,0.0,,,,,,0.0,,0.0,,0.0,,0.0,,0.0,,0.0,,0.0,,0.0,,0.0,,0.0,,,,,,,,,,,,0.0,,,,,,,,,,,,,,,,,,,,,,,,,,,,,,,,,,,,,,,,,,,,,,,,,,,,,,,,,,,,,,,,,,,,,,,,,,,,,,,,,,,,,,,,,,,,,,,,,,,,,,,,,,,,,,,,,,,,,,,,,,0.0,,0.0,,,,,,,,,,,,,,0.0,,0.0,,,,,,,,,,,,0.0,,0.0,,0.0,,,,,,,,,,,,,,,,,,,,,,,,,,,,,,,,,,,,,,,,1,0,3,0
3,region_03,2021-12-11,,,,,,,,,,,,,,,0.029169064513604355,0.0,,,,,,,,,,,,,,,,,,,,,,,,,0.9644545937927675,0.0,,,,,,,,,,,,,0.008589294218622541,0.0,0.0008374560169282546,0.0,0.0,,0.0,,0.0,,,,,,0.0,,0.0,,0.0,,0.0,,0.0,,0.0,,0.0,,0.0,,0.0,,0.0,,,,,,,,,,,,0.0,,,,,,,,,,,,,,,,,,,,,,,,,,,,,,,,,,,,,,,,,,,,,,,,,,,,,,,,,,,,,,,,,,,,,,,,,,,,,,,,,,,,,,,,,,,,,,,,,,,,,,,,,,,,,,,,,,,,,,,,,,0.0,,0.0,,,,,,,,,,,,,,0.0,,0.0,,,,,,,,,,,,0.0,,0.0,,0.0,,,,,,,,,,,,,,,,,,,,,,,,,,,,,,,,,,,,,,,,0,0,4,1
3,region_03,2021-12-18,,,,,,,,,,,,,,,0.2298140600323677,0.0,,,,,,,,,,,,,,,,,,,,,,,,,0.7182878400598254,0.0,,,,,,,,,,,,,0.09716379532919206,0.0,0.0011865543413229454,0.0,0.0,,0.0,,0.0,,,,,,0.0,,0.0,,0.0,,0.0,,0.0,,0.0,,0.0,,0.0,,0.0,,0.0,,,,,,,,,,,,0.0,,,,,,,,,,,,,,,,,,,,,,,,,,,,,,,,,,,,,,,,,,,,,,,,,,,,,,,,,,,,,,,,,,,,,,,,,,,,,,,,,,,,,,,,,,,,,,,,,,,,,,,,,,,,,,,,,,,,,,,,,,0.0,,0.0,,,,,,,,,,,,,,0.0,,0.0,,,,,,,,,,,,0.0,,0.0,,0.0,,,,,,,,,,,,,,,,,,,,,,,,,,,,,,,,,,,,,,,,0,0,4,2
3,region_03,2021-12-25,,,,,,,,,,,,,,,0.49656994791998377,0.0,,,,,,,,,,,,,,,,,,,,,,,,,0.354910038087679,0.0,,,,,,,,,,,,,0.28051003112512474,0.0,0.008214404975826038,0.0,0.0,,0.0,,0.0,,,,,,0.0,,0.0,,0.0,,0.0,,0.0,,0.0,,0.0,,0.0,,0.0,,0.0,,,,,,,,,,,,0.0,,,,,,,,,,,,,,,,,,,,,,,,,,,,,,,,,,,,,,,,,,,,,,,,,,,,,,,,,,,,,,,,,,,,,,,,,,,,,,,,,,,,,,,,,,,,,,,,,,,,,,,,,,,,,,,,,,,,,,,,,,0.0,,0.0,,,,,,,,,,,,,,0.0,,0.0,,,,,,,,,,,,0.0,,0.0,,0.0,,,,,,,,,,,,,,,,,,,,,,,,,,,,,,,,,,,,,,,,0,0,4,3
3,region_03,2022-01-01,,,,,,,,,,,,,,,0.632912711623837,0.0,,,,,,,,,,,,,,,,,,,,,,,,,0.12306312449714714,0.0,,,,,,,,,,,,,0.457103909815059,0.0,0.012785901315510228,0.0,0.0,,0.0,,0.0,,,,,,0.0,,0.0,,0.0,,0.0,,0.0,,0.0,,0.0,,0.0,,0.0,,0.0,,,,,,,,,,,,0.0,,,,,,,,,,,,,,,,,,,,,,,,,,,,,,,,,,,,,,,,,,,,,,,,,,,,,,,,,,,,,,,,,,,,,,,,,,,,,,,,,,,,,,,,,,,,,,,,,,,,,,,,,,,,,,,,,,,,,,,,,,0.0,,0.0,,,,,,,,,,,,,,0.0,,0.0,,,,,,,,,,,,0.0,,0.0,,0.0,,,,,,,,,,,,,,,,,,,,,,,,,,,,,,,,,,,,,,,,0,0,4,4
3,region_03,2022-01-08,,,,,,,,,,,,,,,0.6538554308089343,0.0,,,,,,,,,,,,,,,,,,,,,,,,,0.05354537503488024,0.0,,,,,,,,,,,,,0.5545757027233348,0.0,0.0038296534982910826,0.0,0.0,,0.0,,0.0,,,,,,0.0,,0.0,,3.710279228327308e-05,1.0,3.86249361057037e-05,2.0,0.0,,0.0,,0.0,,0.0,,0.0,,0.0,,,,,,,,,,,,0.0,,,,,,,,,,,,,,,,,,,,,,,,,,,,,,,,,,,,,,,,,,,,,,,,,,,,,,,,,,,,,,,,,,,,,,,,,,,,,,,,,,,,,,,,,,,,,,,,,,,,,,,,,,,,,,,,,,,,,,,,,,0.0,,0.0,,,,,,,,,,,,,,0.0,,0.0,,,,,,,,,,,,0.0,,0.0,,0.0,,,,,,,,,,,,,,,,,,,,,,,,,,,,,,,,,,,,,,,,1,1,4,0
3,region_03,2022-01-15,,,,,,,,,,,,,,,0.6455411466199961,0.0,,,,,,,,,,,,,,,,,,,,,,,,,0.02771582868673014,0.0,,,,,,,,,,,,,0.633551827248405,0.0,0.015922993214593957,0.0,0.0,,0.0,,0.0,,,,,,0.0,,0.0,,0.0,0.0,0.0,0.0,0.0,,0.0,,0.0,,0.0,,0.0,,0.0,,,,,,,,,,,,0.0,,,,,,,,,,,,,,,,,,,,,,,,,,,,,,,,,,,,,,,,,,,,,,,,,,,,,,,,,,,,,,,,,,,,,,,,,,,,,,,,,,,,,,,,,,,,,,,,,,,,,,,,,,,,,,,,,,,,,,,,,,0.0,,0.0,,,,,,,,,,,,,,0.0,,0.0,,,,,,,,,,,,0.0,,0.0,,0.0,,,,,,,,,,,,,,,,,,,,,,,,,,,,,,,,,,,,,,,,0,0,6,1
3,region_03,2022-01-22,,,,,,,,,,,,,,,0.6185369568340706,0.0,,,,,,,,,,,,,,,,,,,,,,,,,0.008938302285969212,0.0,,,,,,,,,,,,,0.7085864631568685,0.0,0.01584072466939683,0.0,0.0,,0.0,,0.0,,,,,,0.0,,0.0,,0.0,0.0,0.0,0.0,0.0,,0.0,,0.0,,0.0,,0.0,,0.0,,,,,,,,,,,,0.0,,,,,,,,,,,,,,,,,,,,,,,,,,,,,,,,,,,,,,,,,,,,,,,,,,,,,,,,,,,,,,,,,,,,,,,,,,,,,,,,,,,,,,,,,,,,,,,,,,,,,,,,,,,,,,,,,,,,,,,,,,0.0,,0.0,,,,,,,,,,,,,,0.0,,0.0,,,,,,,,,,,,0.0,,0.0,,0.0,,,,,,,,,,,,,,,,,,,,,,,,,,,,,,,,,,,,,,,,0,0,6,2
3,region_03,2022-01-29,,,,,,,,,,,,,,,0.5984908489080576,0.0,,,,,,,,,,,,,,,,,,,,,,,,,0.006673493393001996,0.0,,,,,,,,,,,,,0.7269340227631962,0.0,0.013865836910330281,0.0,0.0,,0.0,,0.0,,,,,,0.0,,0.0,,0.0,0.0,0.0,0.0,0.0,,0.0,,0.0,,0.0,,0.0,,0.0,,,,,,,,,,,,0.0,,,,,,,,,,,,,,,,,,,,,,,,,,,,,,,,,,,,,,,,,,,,,,,,,,,,,,,,,,,,,,,,,,,,,,,,,,,,,,,,,,,,,,,,,,,,,,,,,,,,,,,,,,,,,,,,,,,,,,,,,,0.0,,0.0,,,,,,,,,,,,,,0.0003643070880430616,1.0,0.0,,,,,,,,,,,,0.0,,0.0,,0.0,,,,,,,,,,,,,,,,,,,,,,,,,,,,,,,,,,,,,,,,1,0,6,0
3,region_03,2022-02-05,,,,,,,,,,,,,,,0.5796713754534721,0.0,,,,,,,,,,,,,,,,,,,,,,,,,0.0024993120096041374,0.0,,,,,,,,,,,,,0.7646721338524538,0.0,0.011526639721104976,0.0,0.0,,0.0,,0.0,,,,,,0.0,,0.0,,0.0,0.0,0.0,0.0,0.0,,0.0,,0.0,,0.0,,0.0,,0.0,,,,,,,,,,,,0.0,,,,,,,,,,,,,,,,,,,,,,,,,,,,,,,,,,,,,,,,,,,,,,,,,,,,,,,,,,,,,,,,,,,,,,,,,,,,,,,,,,,,,,,,,,,,,,,,,,,,,,,,,,,,,,,,,,,,,,,,,,0.0,,0.0,,,,,,,,,,,,,,0.0,0.0,0.0,,,,,,,,,,,,0.0,,0.0,,0.0,,,,,,,,,,,,,,,,,,,,,,,,,,,,,,,,,,,,,,,,0,0,7,1
3,region_03,2022-02-12,,,,,,,,,,,,,,,0.5426243046919504,0.0,,,,,,,,,,,,,,,,,,,,,,,,,0.00022637484295967545,0.0,,,,,,,,,,,,,0.808516568997327,0.0,0.02077133193730357,0.0,0.0,,0.0,,0.0,,,,,,0.0,,0.0,,0.0,0.0,0.0,0.0,0.0,,0.0,,0.0,,0.0,,0.0,,0.0,,,,,,,,,,,,0.0,,,,,,,,,,,,,,,,,,,,,,,,,,,,,,,,,,,,,,,,,,,,,,,,,,,,,,,,,,,,,,,,,,,,,,,,,,,,,,,,,,,,,,,,,,,,,,,,,,,,,,,,,,,,,,,,,,,,,,,,,,0.0,,0.0,,,,,,,,,,,,,,0.0,0.0,0.0,,,,,,,,,,,,0.0,,0.0,,0.0,,,,,,,,,,,,,,,,,,,,,,,,,,,,,,,,,,,,,,,,0,0,7,2
3,region_03,2022-02-19,,,,,,,,,,,,,,,0.5168718049122442,0.0,,,,,,,,,,,,,,,,,,,,,,,,,0.0012232350775100225,0.0,,,,,,,,,,,,,0.8272081438232871,0.0,0.027945118896182453,0.0,0.0,,0.0,,0.0,,,,,,0.0,,0.0,,0.0,0.0,0.0,0.0,0.0,,0.0,,0.0,,0.0,,0.0,,0.0,,,,,,,,,,,,0.0,,,,,,,,,,,,,,,,,,,,,,,,,,,,,,,,,,,,,,,,,,,,,,,,,,,,,,,,,,,,,,,,,,,,,,,,,,,,,,,,,,,,,,,,,,,,,,,,,,,,,,,,,,,,,,,,,,,,,,,,,,0.0,,0.0,,,,,,,,,,,,,,0.00023121767444533002,0.0,0.0,,,,,,,,,,,,0.0,,0.0,,0.0,,,,,,,,,,,,,,,,,,,,,,,,,,,,,,,,,,,,,,,,0,0,7,3
3,region_03,2022-02-26,,,,,,,,,,,,,,,0.4889570303627702,0.0,,,,,,,,,,,,,,,,,,,,,,,,,0.0008730985220429606,0.0,,,,,,,,,,,,,0.799170979682137,0.0,0.06361230010869069,0.0,0.0,,0.0,,0.0,,,,,,0.0,,0.0,,0.0,0.0,0.0,0.0,0.0,,0.0,,0.0,,0.0,,0.0,,0.0,,,,,,,,,,,,0.0,,,,,,,,,,,,,,,,,,,,,,,,,,,,,,,,,,,,,,,,,,,,,,,,,,,,,,,,,,,,,,,,,,,,,,,,,,,,,,,,,,,,,,,,,,,,,,,,,,,,,,,,,,,,,,,,,,,,,,,,,,0.0,,0.0,,,,,,,,,,,,,,0.00048290383225925004,0.0,0.0,,,,,,,,,,,,0.0,,0.0,,0.0,,,,,,,,,,,,,,,,,,,,,,,,,,,,,,,,,,,,,,,,0,0,7,4
3,region_03,2022-03-05,,,,,,,,,,,,,,,0.44880507911245027,0.0,,,,,,,,,,,,,,,,,,,,,,,,,0.0,0.0,,,,,,,,,,,,,0.7646180286126978,0.0,0.11645254505177334,0.0,0.0005662537195558096,1.0,0.0,,0.0,,,,,,0.0,,0.0,,0.0,0.0,0.0,0.0,0.0,,0.0,,0.0,,0.0,,0.0,,0.0,,,,,,,,,,,,0.0,,,,,,,,,,,,,,,,,,,,,,,,,,,,,,,,,,,,,,,,,,,,,,,,,,,,,,,,,,,,,,,,,,,,,,,,,,,,,,,,,,,,,,,,,,,,,,,,,,,,,,,,,,,,,,,,,,,,,,,,,,0.0,,0.0,,,,,,,,,,,,,,0.0,0.0,0.0,,,,,,,,,,,,0.0,,0.0,,0.0,,,,,,,,,,,,,,,,,,,,,,,,,,,,,,,,,,,,,,,,1,0,7,0
3,region_03,2022-03-12,,,,,,,,,,,,,,,0.3654149306022515,0.0,,,,,,,,,,,,,,,,,,,,,,,,,0.0008738697751571789,0.0,,,,,,,,,,,,,0.6728606522083282,0.0,0.24224094970751614,0.0,0.003745007569835073,0.0,0.0,,0.0,,,,,,0.0,,0.0,,0.0,0.0,0.0,0.0,0.0,,0.0,,0.0,,0.0,,0.0,,0.0,,,,,,,,,,,,0.0,,,,,,,,,,,,,,,,,,,,,,,,,,,,,,,,,,,,,,,,,,,,,,,,,,,,,,,,,,,,,,,,,,,,,,,,,,,,,,,,,,,,,,,,,,,,,,,,,,,,,,,,,,,,,,,,,,,,,,,,,,0.0,,0.0,,,,,,,,,,,,,,0.0,0.0,0.0,,,,,,,,,,,,0.0,,0.0,,0.0,,,,,,,,,,,,,,,,,,,,,,,,,,,,,,,,,,,,,,,,0,0,8,1
3,region_03,2022-03-19,,,,,,,,,,,,,,,0.26901618828033574,0.0,,,,,,,,,,,,,,,,,,,,,,,,,0.0,0.0,,,,,,,,,,,,,0.5013574317974203,0.0,0.42672814428806305,0.0,0.007896385014256681,0.0,0.0,,0.0,,,,,,0.0,,0.0,,0.0,0.0,0.0,0.0,0.0,,0.0,,0.0,,0.0,,0.0,,0.0,,,,,,,,,,,,0.0,,,,,,,,,,,,,,,,,,,,,,,,,,,,,,,,,,,,,,,,,,,,,,,,,,,,,,,,,,,,,,,,,,,,,,,,,,,,,,,,,,,,,,,,,,,,,,,,,,,,,,,,,,,,,,,,,,,,,,,,,,0.0,,0.0,,,,,,,,,,,,,,0.0,0.0,0.0,,,,,,,,,,,,0.0,,0.0,,0.0,,,,,,,,,,,,,,,,,,,,,,,,,,,,,,,,,,,,,,,,0,0,8,2
3,region_03,2022-03-26,,,,,,,,,,,,,,,0.17403053191670198,0.0,,,,,,,,,,,,,,,,,,,,,,,,,0.0,0.0,,,,,,,,,,,,,0.31696422573398136,0.0,0.5885019877500701,0.0,0.03943350017070764,0.0,0.0,,0.0,,,,,,0.0,,0.0,,0.0,0.0,0.0,0.0,0.0,,0.0,,0.0,,0.0,,0.0,,0.0,,,,,,,,,,,,0.0,,,,,,,,,,,,,,,,,,,,,,,,,,,,,,,,,,,,,,,,,,,,,,,,,,,,,,,,,,,,,,,,,,,,,,,,,,,,,,,,,,,,,,,,,,,,,,,,,,,,,,,,,,,,,,,,,,,,,,,,,,0.0,,0.0,,,,,,,,,,,,,,0.0,0.0,0.0,,,,,,,,,,,,0.0,,0.0,,0.0,,,,,,,,,,,,,,,,,,,,,,,,,,,,,,,,,,,,,,,,0,0,8,3
3,region_03,2022-04-02,,,,,,,,,,,,,,,0.08949419801189959,0.0,,,,,,,,,,,,,,,,,,,,,,,,,0.002053094035099124,0.0,,,,,,,,,,,,,0.18844374006285383,0.0,0.714315014226096,0.0,0.07946553453803058,0.0,0.0,,0.0,,,,,,0.0,,0.0,,0.0,0.0,0.0,0.0,0.0,,0.0,,0.0,,0.0,,0.0,,0.0,,,,,,,,,,,,0.0,,,,,,,,,,,,,,,,,,,,,,,,,,,,,,,,,,,,,,,,,,,,,,,,,,,,,,,,,,,,,,,,,,,,,,,,,,,,,,,,,,,,,,,,,,,,,,,,,,,,,,,,,,,,,,,,,,,,,,,,,,0.0,,0.0,,,,,,,,,,,,,,0.0,0.0,0.0,,,,,,,,,,,,0.0,,0.0,,0.0,,,,,,,,,,,,,,,,,,,,,,,,,,,,,,,,,,,,,,,,0,0,8,4
3,region_03,2022-04-09,,,,,,,,,,,,,,,0.04261735540435266,0.0,,,,,,,,,,,,,,,,,,,,,,,,,0.00060377109679388,0.0,,,,,,,,,,,,,0.08736359262291118,0.0,0.7500852259722623,0.0,0.15195224068381566,0.0,0.0,,0.0,,,,,,0.00023915987860938776,2.0,0.0,,0.0,0.0,0.0,0.0,0.0,,0.0,,0.0,,0.0,,0.0,,0.0,,,,,,,,,,,,0.0,,,,,,,,,,,,,,,,,,,,,,,,,,,,,,,,,,,,,,,,,,,,,,,,,,,,,,,,,,,,,,,,,,,,,,,,,,,,,,,,,,,,,,,,,,,,,,,,,,,,,,,,,,,,,,,,,,,,,,,,,,0.0,,0.0,,,,,,,,,,,,,,0.0,0.0,0.0,,,,,,,,,,,,0.0,,0.0,,0.0,,,,,,,,,,,,,,,,,,,,,,,,,,,,,,,,,,,,,,,,0,1,8,5
3,region_03,2022-04-16,,,,,,,,,,,,,,,0.04345750063657756,0.0,,,,,,,,,,,,,,,,,,,,,,,,,0.0,0.0,,,,,,,,,,,,,0.03940649944193218,0.0,0.7139778920897731,0.0,0.24135667885895126,0.0,0.0,,0.0,,,,,,0.0024901921908389653,0.0,0.0,,0.0,0.0,0.0,0.0,0.0,,0.0,,0.0,,0.0,,0.0,,0.0,,,,,,,,,,,,0.0,,,,,,,,,,,,,,,,,,,,,,,,,,,,,,,,,,,,,,,,,,,,,,,,,,,,,,,,,,,,,,,,,,,,,,,,,,,,,,,,,,,,,,,,,,,,,,,,,,,,,,,,,,,,,,,,,,,,,,,,,,0.0,,0.0,,,,,,,,,,,,,,0.0,0.0,0.0,,,,,,,,,,,,0.0,,0.0,,0.0,,,,,,,,,,,,,,,,,,,,,,,,,,,,,,,,,,,,,,,,0,0,9,6
3,region_03,2022-04-23,,,,,,,,,,,,,,,0.029341459862495676,0.0,,,,,,,,,,,,,,,,,,,,,,,,,0.0005032715864285698,0.0,,,,,,,,,,,,,0.02613669206552641,0.0,0.6568770341153415,0.0,0.31132326962856144,0.0,0.0,,0.0,,,,,,0.0013119996102450328,0.0,0.0,,0.0,0.0,0.0,0.0,0.0,,0.0,,0.0,,0.0,,0.0,,0.0,,,,,,,,,,,,0.0,,,,,,,,,,,,,,,,,,,,,,,,,,,,,,,,,,,,,,,,,,,,,,,,,,,,,,,,,,,,,,,,,,,,,,,,,,,,,,,,,,,,,,,,,,,,,,,,,,,,,,,,,,,,,,,,,,,,,,,,,,0.0,,0.0,,,,,,,,,,,,,,0.0,0.0,0.0,,,,,,,,,,,,0.0,,0.0,,0.0,,,,,,,,,,,,,,,,,,,,,,,,,,,,,,,,,,,,,,,,0,0,9,7
3,region_03,2022-04-30,,,,,,,,,,,,,,,0.004466445186363414,0.0,,,,,,,,,,,,,,,,,,,,,,,,,0.0,0.0,,,,,,,,,,,,,0.009517486919374969,0.0,0.600838864550871,0.0,0.382375693665101,0.0,0.0,,0.0,,,,,,0.0027000106947153977,0.0,0.0,,0.0008937484532480123,0.0,0.0,0.0,0.0,,0.0,,0.0,,0.0,,0.0,,0.0,,,,,,,,,,,,0.0,,,,,,,,,,,,,,,,,,,,,,,,,,,,,,,,,,,,,,,,,,,,,,,,,,,,,,,,,,,,,,,,,,,,,,,,,,,,,,,,,,,,,,,,,,,,,,,,,,,,,,,,,,,,,,,,,,,,,,,,,,0.0,,0.0,,,,,,,,,,,,,,0.0,0.0,0.0,,,,,,,,,,,,0.0,,0.0,,0.0,,,,,,,,,,,,,,,,,,,,,,,,,,,,,,,,,,,,,,,,0,0,9,8
3,region_03,2022-05-07,,,,,,,,,,,,,,,0.005449371545442471,0.0,,,,,,,,,,,,,,,,,,,,,,,,,0.0,0.0,,,,,,,,,,,,,0.004600404912386694,0.0,0.4834858366087371,0.0,0.5029502686332253,0.0,0.0,,0.0,,,,,,0.0069815480834518875,0.0,0.0,,0.0007267335966723123,0.0,0.0,0.0,0.0,,0.0,,0.0,,0.0,,0.0,,0.0,,,,,,,,,,,,0.0,,,,,,,,,,,,,,,,,,,,,,,,,,,,,,,,,,,,,,,,,,,,,,,,,,,,,,,,,,,,,,,,,,,,,,,,,,,,,,,,,,,,,,,,,,,,,,,,,,,,,,,,,,,,,,,,,,,,,,,,,,0.0,,0.0,,,,,,,,,,,,,,0.0,0.0,0.0,,,,,,,,,,,,0.0,,0.0,,0.0,,,,,,,,,,,,,,,,,,,,,,,,,,,,,,,,,,,,,,,,0,0,9,9
3,region_03,2022-05-14,,,,,,,,,,,,,,,0.0121258832514286,0.0,,,,,,,,,,,,,,,,,,,,,,,,,0.0,0.0,,,,,,,,,,,,,0.0028432837742216003,0.0,0.42014466285705565,0.0,0.5636814254522323,0.0,0.0,,0.0,,,,,,0.009543941508294318,0.0,0.0005550498182589585,2.0,0.0017275741936790489,0.0,0.0,0.0,0.0,,0.0,,0.0,,0.0,,0.0,,0.0,,,,,,,,,,,,0.0,,,,,,,,,,,,,,,,,,,,,,,,,,,,,,,,,,,,,,,,,,,,,,,,,,,,,,,,,,,,,,,,,,,,,,,,,,,,,,,,,,,,,,,,,,,,,,,,,,,,,,,,,,,,,,,,,,,,,,,,,,0.0,,0.0,,,,,,,,,,,,,,0.0,0.0,0.0,,,,,,,,,,,,0.0,,0.0,,0.0,,,,,,,,,,,,,,,,,,,,,,,,,,,,,,,,,,,,,,,,0,1,9,10
3,region_03,2022-05-21,,,,,,,,,,,,,,,0.0011746753797134205,0.0,,,,,,,,,,,,,,,,,,,,,,,,,0.000286350844009751,0.0,,,,,,,,,,,,,0.0021330833825391853,0.0,0.3225266708403217,0.0,0.6395013829072317,0.0,0.0,,0.0,,,,,,0.01886145975820867,0.0,0.001029092666590756,0.0,0.013828226954353052,0.0,0.0,0.0,0.0,,0.0,,0.0,,0.0,,0.0,,0.0,,,,,,,,,,,,0.0,,,,,,,,,,,,,,,,,,,,,,,,,,,,,,,,,,,,,,,,,,,,,,,,,,,,,,,,,,,,,,,,,,,,,,,,,,,,,,,,,,,,,,,,,,,,,,,,,,,,,,,,,,,,,,,,,,,,,,,,,,0.0,,0.0,,,,,,,,,,,,,,0.0,0.0,0.0,,,,,,,,,,,,0.0,,0.0,,0.0,,,,,,,,,,,,,,,,,,,,,,,,,,,,,,,,,,,,,,,,0,0,10,11
3,region_03,2022-05-28,,,,,,,,,,,,,,,0.0004318770485329263,0.0,,,,,,,,,,,,,,,,,,,,,,,,,0.0,0.0,,,,,,,,,,,,,0.0007522655445534058,0.0,0.26110545297463733,0.0,0.6804477907717228,0.0,0.0,,0.0,,,,,,0.03409258144286766,0.0,0.0012564446611000048,0.0,0.02145072548313339,0.0,0.0,0.0,0.0,,0.0,,0.0,,0.0,,0.0,,0.0,,,,,,,,,,,,0.0,,,,,,,,,,,,,,,,,,,,,,,,,,,,,,,,,,,,,,,,,,,,,,,,,,,,,,,,,,,,,,,,,,,,,,,,,,,,,,,,,,,,,,,,,,,,,,,,,,,,,,,,,,,,,,,,,,,,,,,,,,0.0,,0.0,,,,,,,,,,,,,,0.0,0.0,0.0,,,,,,,,,,,,0.0,,0.0,,0.0,,,,,,,,,,,,,,,,,,,,,,,,,,,,,,,,,,,,,,,,0,0,10,12
3,region_03,2022-06-04,,,,,,,,,,,,,,,0.0,0.0,,,,,,,,,,,,,,,,,,,,,,,,,0.00021796829726852224,0.0,,,,,,,,,,,,,0.0,0.0,0.19677772896086912,0.0,0.6859011713494646,0.0,0.0,,0.0,,,,,,0.049975082595297586,0.0,0.0046857917090741075,0.0,0.06258530661146687,0.0,0.0,0.0,0.0,,0.0,,0.0,,0.0,,0.0,,0.0,,,,,,,,,,,,0.0,,,,,,,,,,,,,,,,,,,,,,,,,,,,,,,,,,,,,,,,,,,,,,,,,,,,,,,,,,,,,,,,,,,,,,,,,,,,,,,,,,,,,,,,,,,,,,,,,,,,,,,,,,,,,,,,,,,,,,,,,,0.0,,0.0,,,,,,,,,,,,,,0.0,0.0,0.0,,,,,,,,,,,,0.0,,0.0,,0.0,,,,,,,,,,,,,,,,,,,,,,,,,,,,,,,,,,,,,,,,0,0,10,13
3,region_03,2022-06-11,,,,,,,,,,,,,,,0.0004473130617182846,0.0,,,,,,,,,,,,,,,,,,,,,,,,,0.0,0.0,,,,,,,,,,,,,0.0,0.0,0.14082796418148535,0.0,0.6446123745130456,0.0,0.0,,0.0,,,,,,0.07812852477249888,0.0,0.009007555387187246,0.0,0.12360299411027324,0.0,0.0,0.0,0.0,,0.0,,0.0,,0.0,,0.0,,0.0,,,,,,,,,,,,0.0,,,,,,,,,,,,,,,,,,,,,,,,,,,,,,,,,,,,,,,,,,,,,,,,,,,,,,,,,,,,,,,,,,,,,,,,,,,,,,,,,,,,,,,,,,,,,,,,,,,,,,,,,,,,,,,,,,,,,,,,,,0.0,,0.0,,,,,,,,,,,,,,0.0,0.0,0.0,,,,,,,,,,,,0.0,,0.0,,0.0,,,,,,,,,,,,,,,,,,,,,,,,,,,,,,,,,,,,,,,,0,0,10,14
3,region_03,2022-06-18,,,,,,,,,,,,,,,0.00015846968575667907,0.0,,,,,,,,,,,,,,,,,,,,,,,,,0.0,0.0,,,,,,,,,,,,,0.0006048400716869411,0.0,0.10112843527035276,0.0,0.5315354214774237,0.0,0.0,,0.0,,,,,,0.11924568597565993,0.0,0.011064427927499815,0.0,0.2362237867306579,0.0,0.0008601885243218643,0.0,0.0,,0.0,,0.0,,0.0,,0.0,,0.0,,,,,,,,,,,,0.0,,,,,,,,,,,,,,,,,,,,,,,,,,,,,,,,,,,,,,,,,,,,,,,,,,,,,,,,,,,,,,,,,,,,,,,,,,,,,,,,,,,,,,,,,,,,,,,,,,,,,,,,,,,,,,,,,,,,,,,,,,0.0,,0.0,,,,,,,,,,,,,,0.0,0.0,0.0,,,,,,,,,,,,0.0,,0.0,,0.0,,,,,,,,,,,,,,,,,,,,,,,,,,,,,,,,,,,,,,,,0,0,10,15
3,region_03,2022-06-25,,,,,,,,,,,,,,,0.0001484772128605625,0.0,,,,,,,,,,,,,,,,,,,,,,,,,0.00016226416229006977,0.0,,,,,,,,,,,,,0.00016413526892015,0.0,0.07789439995857798,0.0,0.3784659294919534,0.0,0.0,,0.0,,,,,,0.13986341960050838,0.0,0.01997657033910107,0.0,0.38361913575367496,0.0,0.0004945097254156214,0.0,0.0,,0.0,,0.0,,0.0,,0.0,,0.0,,,,,,,,,,,,0.0,,,,,,,,,,,,,,,,,,,,,,,,,,,,,,,,,,,,,,,,,,,,,,,,,,,,,,,,,,,,,,,,,,,,,,,,,,,,,,,,,,,,,,,,,,,,,,,,,,,,,,,,,,,,,,,,,,,,,,,,,,0.0,,0.0,,,,,,,,,,,,,,0.0,0.0,0.0,,,,,,,,,,,,0.0,,0.0,,0.0,,,,,,,,,,,,,,,,,,,,,,,,,,,,,,,,,,,,,,,,0,0,10,16
3,region_03,2022-07-02,,,,,,,,,,,,,,,0.0003764162382901047,0.0,,,,,,,,,,,,,,,,,,,,,,,,,0.00021086125204977855,0.0,,,,,,,,,,,,,0.0,0.0,0.04419111313168389,0.0,0.2792923734631649,0.0,0.0005473355173735441,2.0,0.0,,,,,,0.12547756003779031,0.0,0.0208967740957935,0.0,0.5177143313163934,0.0,0.00018370307225262856,0.0,0.0,,0.0,,0.0,,0.0,,0.0,,0.0,,,,,,,,,,,,0.0,,,,,,,,,,,,,,,,,,,,,,,,,,,,,,,,,,,,,,,,,,,,,,,,,,,,,,,,,,,,,,,,,,,,,,,,,,,,,,,,,,,,,,,,,,,,,,,,,,,,,,,,,,,,,,,,,,,,,,,,,,0.0,,0.0,,,,,,,,,,,,,,0.0,0.0,0.0,,,,,,,,,,,,0.0,,0.0,,0.0,,,,,,,,,,,,,,,,,,,,,,,,,,,,,,,,,,,,,,,,0,1,10,17
3,region_03,2022-07-09,,,,,,,,,,,,,,,0.0,0.0,,,,,,,,,,,,,,,,,,,,,,,,,0.0,0.0,,,,,,,,,,,,,0.0,0.0,0.03477113977784198,0.0,0.16401543077968414,0.0,0.0012206964003031178,0.0,0.0,,,,,,0.13389891918216432,0.0,0.03656279259338606,0.0,0.628726357505435,0.0,0.0,0.0,0.000944745659362468,2.0,0.0001428820259580912,2.0,0.0,,0.0,,0.0,,0.0,,,,,,,,,,,,0.0,,,,,,,,,,,,,,,,,,,,,,,,,,,,,,,,,,,,,,,,,,,,,,,,,,,,,,,,,,,,,,,,,,,,,,,,,,,,,,,,,,,,,,,,,,,,,,,,,,,,,,,,,,,,,,,,,,,,,,,,,,0.0,,0.0,,,,,,,,,,,,,,0.0,0.0,0.0,,,,,,,,,,,,0.0,,0.0,,0.0,,,,,,,,,,,,,,,,,,,,,,,,,,,,,,,,,,,,,,,,0,2,11,18
3,region_03,2022-07-16,,,,,,,,,,,,,,,0.0007600213155253472,0.0,,,,,,,,,,,,,,,,,,,,,,,,,0.0,0.0,,,,,,,,,,,,,0.0,0.0,0.020906257056971824,0.0,0.09741669657026845,0.0,0.0007393454982186412,0.0,0.0,,,,,,0.10848699964401194,0.0,0.04745593912354326,0.0,0.7220504545583958,0.0,0.00048679303810260713,0.0,0.00039388317964034804,0.0,0.0009229830243651647,0.0,0.0,,0.0,,0.0,,0.0,,,,,,,,,,,,0.0,,,,,,,,,,,,,,,,,,,,,,,,,,,,,,,,,,,,,,,,,,,,,,,,,,,,,,,,,,,,,,,,,,,,,,,,,,,,,,,,,,,,,,,,,,,,,,,,,,,,,,,,,,,,,,,,,,,,,,,,,,0.0,,0.0,,,,,,,,,,,,,,0.0,0.0,0.0,,,,,,,,,,,,0.0,,0.0,,0.0,,,,,,,,,,,,,,,,,,,,,,,,,,,,,,,,,,,,,,,,0,0,13,19
3,region_03,2022-07-23,,,,,,,,,,,,,,,0.0,0.0,,,,,,,,,,,,,,,,,,,,,,,,,0.0,0.0,,,,,,,,,,,,,0.0,0.0,0.012449036259204096,0.0,0.0634556955657899,0.0,0.0,0.0,0.0,,,,,,0.10481107532978054,0.0,0.048572604078799445,0.0,0.7664885714650154,0.0,0.001869750795386943,0.0,0.000407202240312412,0.0,0.0015043578631079766,0.0,0.0,,0.0,,0.0,,0.0,,,,,,,,,,,,0.0,,,,,,,,,,,,,,,,,,,,,,,,,,,,,,,,,,,,,,,,,,,,,,,,,,,,,,,,,,,,,,,,,,,,,,,,,,,,,,,,,,,,,,,,,,,,,,,,,,,,,,,,,,,,,,,,,,,,,,,,,,0.0,,0.0,,,,,,,,,,,,,,0.0,0.0,0.0,,,,,,,,,,,,0.0,,0.0,,0.0,,,,,,,,,,,,,,,,,,,,,,,,,,,,,,,,,,,,,,,,0,0,13,20
3,region_03,2022-07-30,,,,,,,,,,,,,,,0.0,0.0,,,,,,,,,,,,,,,,,,,,,,,,,0.0,0.0,,,,,,,,,,,,,0.0,0.0,0.014148635814260443,0.0,0.03753831252259639,0.0,0.0009564386821104882,0.0,0.0,,,,,,0.07798722621641657,0.0,0.057077859185243864,0.0,0.8066200394379465,0.0,0.0021322003033543784,0.0,0.0,0.0,0.0036252195166204264,0.0,0.0,,0.00047528008096069335,1.0,0.0,,0.0,,,,,,,,,,,,0.0,,,,,,,,,,,,,,,,,,,,,,,,,,,,,,,,,,,,,,,,,,,,,,,,,,,,,,,,,,,,,,,,,,,,,,,,,,,,,,,,,,,,,,,,,,,,,,,,,,,,,,,,,,,,,,,,,,,,,,,,,,0.0,,0.0,,,,,,,,,,,,,,0.0,0.0,0.0,,,,,,,,,,,,0.0,,0.0,,0.0,,,,,,,,,,,,,,,,,,,,,,,,,,,,,,,,,,,,,,,,1,0,13,0
3,region_03,2022-08-06,,,,,,,,,,,,,,,0.0,0.0,,,,,,,,,,,,,,,,,,,,,,,,,0.0,0.0,,,,,,,,,,,,,0.0,0.0,0.006138005797323292,0.0,0.021360271585148683,0.0,0.0018683767411857325,0.0,0.0,,,,,,0.06993930444524091,0.0,0.07422702256086706,0.0,0.8195341277766872,0.0,0.0009042309268676572,0.0,0.0019216719968244,0.0,0.004658471697064838,0.0,0.0,,0.0,0.0,0.0,,0.0,,,,,,,,,,,,0.0,,,,,,,,,,,,,,,,,,,,,,,,,,,,,,,,,,,,,,,,,,,,,,,,,,,,,,,,,,,,,,,,,,,,,,,,,,,,,,,,,,,,,,,,,,,,,,,,,,,,,,,,,,,,,,,,,,,,,,,,,,0.0,,0.0,,,,,,,,,,,,,,0.0,0.0,0.0,,,,,,,,,,,,0.0,,0.0,,0.0,,,,,,,,,,,,,,,,,,,,,,,,,,,,,,,,,,,,,,,,0,0,14,1
3,region_03,2022-08-13,,,,,,,,,,,,,,,0.0006149377812915556,0.0,,,,,,,,,,,,,,,,,,,,,,,,,0.0,0.0,,,,,,,,,,,,,0.0,0.0,0.002849025955785836,0.0,0.015003044416920956,0.0,0.001864107839270065,0.0,0.00010702255531208999,2.0,,,,,0.056344899555875155,0.0,0.0794152768535746,0.0,0.8349331782923805,0.0,0.0013061391987970428,0.0,0.000619753645732944,0.0,0.007483050405212138,0.0,0.0,,0.0,0.0,0.0,,0.0,,,,,,,,,,,,0.0,,,,,,,,,,,,,,,,,,,,,,,,,,,,,,,,,,,,,,,,,,,,,,,,,,,,,,,,,,,,,,,,,,,,,,,,,,,,,,,,,,,,,,,,,,,,,,,,,,,,,,,,,,,,,,,,,,,,,,,,,,0.0,,0.0,,,,,,,,,,,,,,0.0,0.0,0.0,,,,,,,,,,,,0.0,,0.0,,0.0,,,,,,,,,,,,,,,,,,,,,,,,,,,,,,,,,,,,,,,,0,1,14,2
3,region_03,2022-08-20,,,,,,,,,,,,,,,0.0,0.0,,,,,,,,,,,,,,,,,,,,,,,,,0.0,0.0,,,,,,,,,,,,,0.0,0.0,0.0027207713906785827,0.0,0.007163641295794881,0.0,0.002014823480481782,0.0,0.0009886571089736632,0.0,,,,,0.04370473176240917,0.0,0.10266645870038436,0.0,0.8281975370996139,0.0,0.0015768800720771536,0.0,0.003311770986765572,0.0,0.007736719816046554,0.0,0.0,,0.0,0.0,0.0,,0.0,,,,,,,,,,,,0.0,,,,,,,,,,,,,,,,,,,,,,,,,,,,,,,,,,,,,,,,,,,,,,,,,,,,,,,,,,,,,,,,,,,,,,,,,,,,,,,,,,,,,,,,,,,,,,,,,,,,,,,,,,,,,,,,,,,,,,,,,,0.0,,0.0,,,,,,,,,,,,,,0.0,0.0,0.0,,,,,,,,,,,,0.0,,0.0,,0.0,,,,,,,,,,,,,,,,,,,,,,,,,,,,,,,,,,,,,,,,0,0,15,3
3,region_03,2022-08-27,,,,,,,,,,,,,,,0.0,0.0,,,,,,,,,,,,,,,,,,,,,,,,,0.0,0.0,,,,,,,,,,,,,0.0,0.0,0.000772164489128847,0.0,0.004228476140483724,0.0,0.0024923302288002384,0.0,0.0014455041692902166,0.0,,,,,0.039041503058636844,0.0,0.10835143463576535,0.0,0.8308989493285909,0.0,0.001371403958598507,0.0,0.0036370816640555357,0.0,0.00818711182763495,0.0,0.0,,0.0,0.0,0.0,,0.0,,,,,,,,,,,,0.0,,,,,,,,,,,,,,,,,,,,,,,,,,,,,,,,,,,,,,,,,,,,,,,,,,,,,,,,,,,,,,,,,,,,,,,,,,,,,,,,,,,,,,,,,,,,,,,,,,,,,,,,,,,,,,,,,,,,,,,,,,0.0,,0.0,,,,,,,,,,,,,,0.0,0.0,0.0,,,,,,,,,,,,0.0,,0.0,,0.0,,,,,,,,,,,,,,,,,,,,,,,,,,,,,,,,,,,,,,,,0,0,15,4
3,region_03,2022-09-03,,,,,,,,,,,,,,,0.0,0.0,,,,,,,,,,,,,,,,,,,,,,,,,0.0,0.0,,,,,,,,,,,,,0.0,0.0,0.004891546541881333,0.0,0.003656784728677385,0.0,0.0023865041633446458,0.0,0.0025399179585898434,0.0,,,,,0.038398850370537106,0.0,0.10582654403917713,0.0,0.8249797441742637,0.0,0.001940697240310532,0.0,0.004406755743548228,0.0,0.010012556460093322,0.0,0.0,,0.0014462319163915567,0.0,0.0004644479330939033,1.0,0.0,,,,,,,,,,,,0.0,,,,,,,,,,,,,,,,,,,,,,,,,,,,,,,,,,,,,,,,,,,,,,,,,,,,,,,,,,,,,,,,,,,,,,,,,,,,,,,,,,,,,,,,,,,,,,,,,,,,,,,,,,,,,,,,,,,,,,,,,,0.0,,0.0,,,,,,,,,,,,,,0.0,0.0,0.0,,,,,,,,,,,,0.0,,0.0,,0.0,,,,,,,,,,,,,,,,,,,,,,,,,,,,,,,,,,,,,,,,1,0,15,0
3,region_03,2022-09-10,,,,,,,,,,,,,,,0.00019228711885039998,0.0,,,,,,,,,,,,,,,,,,,,,,,,,0.0,0.0,,,,,,,,,,,,,0.00019694780057757,0.0,0.000497876407280225,0.0,0.0018269215324834844,0.0,0.004649498907383475,0.0,0.0028170080234606533,0.0,,,,,0.02610455948160956,0.0,0.11648301221430298,0.0,0.8212070278823376,0.0,0.0059931861236691,0.0,0.002001290139742144,0.0,0.014839306822977918,0.0,0.0009963787765277499,2.0,0.0025793084253866935,0.0,0.0018400217639281734,0.0,0.0,,,,,,,,,,,,0.0,,,,,,,,,,,,,,,,,,,,,,,,,,,,,,,,,,,,,,,,,,,,,,,,,,,,,,,,,,,,,,,,,,,,,,,,,,,,,,,,,,,,,,,,,,,,,,,,,,,,,,,,,,,,,,,,,,,,,,,,,,0.0,,0.0,,,,,,,,,,,,,,0.0,0.0,0.0,,,,,,,,,,,,0.0,,0.0,,0.0,,,,,,,,,,,,,,,,,,,,,,,,,,,,,,,,,,,,,,,,0,1,16,1
3,region_03,2022-09-17,,,,,,,,,,,,,,,0.0,0.0,,,,,,,,,,,,,,,,,,,,,,,,,0.0,0.0,,,,,,,,,,,,,0.0,0.0,0.001137937047338484,0.0,0.0,0.0,0.00736962010463074,0.0,0.004748117504641356,0.0,,,,,0.028072333684371318,0.0,0.13763752381006875,0.0,0.7879791105947187,0.0,0.0024776447389740002,0.0,0.004766782410442776,0.0,0.0169400765250126,0.0,0.0,0.0,0.006605709359670627,0.0,0.00389467172014213,0.0,0.0,,,,,,,,,,,,0.0,,,,,,,,,,,,,,,,,,,,,,,,,,,,,,,,,,,,,,,,,,,,,,,,,,,,,,,,,,,,,,,,,,,,,,,,,,,,,,,,,,,,,,,,,,,,,,,,,,,,,,,,,,,,,,,,,,,,,,,,,,0.0,,0.0,,,,,,,,,,,,,,0.0,0.0,0.0,,,,,,,,,,,,0.0,,0.0,,0.0,,,,,,,,,,,,,,,,,,,,,,,,,,,,,,,,,,,,,,,,0,0,17,2
3,region_03,2022-09-24,,,,,,,,,,,,,,,0.0,0.0,,,,,,,,,,,,,,,,,,,,,,,,,0.0,0.0,,,,,,,,,,,,,0.0,0.0,0.00056329572301664,0.0,0.00056329572301664,0.0,0.006441097995587421,0.0,0.0032701388156661936,0.0,,,,,0.017003775636355033,0.0,0.14619028121232983,0.0,0.77142453789711,0.0,0.002278015250340057,0.0,0.005553709361702156,0.0,0.02890659434099988,0.0,0.0,0.0,0.009923335040608999,0.0,0.007518642160686657,0.0,0.0,,,,,,,,,,,,0.0,,,,,,,,,,,,,,,,,,,,,,,,,,,,,,,,,,,,,,,,,,,,,,,,,,,,,,,,,,,,,,,,,,,,,,,,,,,,,,,,,,,,,,,,,,,,,,,,,,,,,,,,,,,,,,,,,,,,,,,,,,0.0,,0.0,,,,,,,,,,,,,,0.0,0.0,0.0,,,,,,,,,,,,0.0,,0.0,,0.0,,,,,,,,,,,,,,,,,,,,,,,,,,,,,,,,,,,,,,,,0,0,17,3
3,region_03,2022-10-01,,,,,,,,,,,,,,,0.0006670853351884655,0.0,,,,,,,,,,,,,,,,,,,,,,,,,0.0,0.0,,,,,,,,,,,,,0.0,0.0,0.001046260456546507,0.0,0.0,0.0,0.008714702811890369,0.0,0.006935105482437438,0.0,,,,,0.01299441294295002,0.0,0.13132413194097317,0.0,0.7564445223127093,0.0,0.007237461628392301,0.0,0.00728464068844908,0.0,0.03653992892339308,0.0,0.0026892842366717847,0.0,0.01526413466139081,0.0,0.0138675249663406,0.0,0.0,,,,,,,,,,,,0.0,,,,,,,,,,,,,,,,,,,,,,,,,,,,,,,,,,,,,,,,,,,,,,,,,,,,,,,,,,,,,,,,,,,,,,,,,,,,,,,,,,,,,,,,,,,,,,,,,,,,,,,,,,,,,,,,,,,,,,,,,,0.001414781652177475,2.0,0.0,,,,,,,,,,,,,,0.0,0.0,0.0,,,,,,,,,,,,0.0,,0.0,,0.0,,,,,,,,,,,,,,,,,,,,,,,,,,,,,,,,,,,,,,,,0,1,17,4
3,region_03,2022-10-08,,,,,,,,,,,,,,,0.0,0.0,,,,,,,,,,,,,,,,,,,,,,,,,0.0,0.0,,,,,,,,,,,,,0.0,0.0,0.0033414047128254324,0.0,0.0,0.0,0.010723297717049673,0.0,0.0022080527269280966,0.0,,,,,0.013638566869000534,0.0,0.13294783394251547,0.0,0.7349462685761629,0.0,0.01558851574858027,0.0,0.012378651803980234,0.0,0.034335127632532755,0.0,0.0,0.0,0.027639435271599403,0.0,0.02375078946352,0.0,0.0,,,,,,,,,,,,0.0,,,,,,,,,,,,,,,,,,,,,,,,,,,,,,,,,,,,,,,,,,,,,,,,,,,,,,,,,,,,,,,,,,,,,,,,,,,,,,,,,,,,,,,,,,,,,,,,,,,,,,,,,,,,,,,,,,,,,,,,,,0.0009695631679673391,0.0,0.0,,,,,,,,,,,,,,0.0,0.0,0.0,,,,,,,,,,,,0.0,,0.0,,0.0,,,,,,,,,,,,,,,,,,,,,,,,,,,,,,,,,,,,,,,,0,0,18,5
3,region_03,2022-10-15,,,,,,,,,,,,,,,0.0,0.0,,,,,,,,,,,,,,,,,,,,,,,,,0.0,0.0,,,,,,,,,,,,,0.0,0.0,0.0016221832828940703,0.0,0.0,0.0,0.0242474116384983,0.0,0.008556052766464326,0.0,,,,,0.01830252742877708,0.0,0.09416000324266924,0.0,0.6886769820142675,0.0,0.015929984860122176,0.0,0.013602156347284665,0.0,0.05623400445889541,0.0,0.008316766354255324,0.0,0.038062482244438554,0.0,0.04396825932242247,0.0,0.0,,,,,,,,,,,,0.0,,,,,,,,,,,,,,,,,,,,,,,,,,,,,,,,,,,,,,,,,,,,,,,,,,,,,,,,,,,,,,,,,,,,,,,,,,,,,,,,,,,,,,,,,,,,,,,,,,,,,,,,,,,,,,,,,,,,,,,,,,0.003948327687491301,0.0,0.0,,,,,,,,,,,,,,0.0,0.0,0.0,,,,,,,,,,,,0.0,,0.0,,0.0,,,,,,,,,,,,,,,,,,,,,,,,,,,,,,,,,,,,,,,,0,0,18,6
3,region_03,2022-10-22,,,,,,,,,,,,,,,0.0,0.0,,,,,,,,,,,,,,,,,,,,,,,,,0.0,0.0,,,,,,,,,,,,,0.0,0.0,0.004286607584127965,0.0,0.0,0.0,0.007683007261500858,0.0,0.000523374505484277,0.0,,,,,0.007712243644234023,0.0,0.11545406654477117,0.0,0.6381510679538434,0.0,0.014978178561879989,0.0,0.0173086135461926,0.0,0.07145200153956041,0.0,0.0063454140729915075,0.0,0.04901336735257732,0.0,0.05939062842382829,0.0,0.0,,,,,,,,,,,,0.0,,,,,,,,,,,,,,,,,,,,,,,,,,,,,,,,,,,,,,,,,,,,,,,,,,,,,,,,,,,,,,,,,,,,,,,,,,,,,,,,,,,,,,,,,,,,,,,,,,,,,,,,,,,,,,,,,,,,,,,,,,0.004694136693918404,0.0,0.0,,,,,,,,,,,,,,0.0,0.0,0.0,,,,,,,,,,,,0.0,,0.0,,0.0,,,,,,,,,,,,,,,,,,,,,,,,,,,,,,,,,,,,,,,,0,0,18,7
3,region_03,2022-10-29,,,,,,,,,,,,,,,0.0,0.0,,,,,,,,,,,,,,,,,,,,,,,,,0.0,0.0,,,,,,,,,,,,,0.0,0.0,0.008544110991060689,0.0,0.0,0.0,0.009302035644650411,0.0,0.005263557424768762,0.0,,,,,0.010160366035997827,0.0,0.09755308240652079,0.0,0.5260608959197998,0.0,0.01045641079545016,0.0,0.017848079214277425,0.0,0.08095789492130276,0.0,0.01731848078114643,0.0,0.12700370550155637,0.0,0.09474403113126752,0.0,0.0,,,,,,,,,,,,0.0,,,,,,,,,,,,,,,,,,,,,,,,,,,,,,,,,,,,,,,,,,,,,,,,,,,,,,,,,,,,,,,,,,,,,,,,,,,,,,,,,,,,,,,,,,,,,,,,,,,,,,,,,,,,,,,,,,,,,,,,,,0.004926932616702542,0.0,0.0,,,,,,,,,,,,,,0.00033915961764493635,0.0,0.0,,,,,,,,,,,,0.0,,0.0,,0.0,,,,,,,,,,,,,,,,,,,,,,,,,,,,,,,,,,,,,,,,0,0,18,8
3,region_03,2022-11-05,,,,,,,,,,,,,,,0.0,0.0,,,,,,,,,,,,,,,,,,,,,,,,,0.0,0.0,,,,,,,,,,,,,0.0005159475840628,0.0,0.0034157845948356628,0.0,0.0,0.0,0.006443842818650045,0.0,0.0019399459609606125,0.0,,,,,0.006754012535447604,0.0,0.08042454036573564,0.0,0.4884423774977525,0.0,0.0202745286126931,0.0,0.017772967771937414,0.0,0.06843701253334677,0.0,0.02507934439927333,0.0,0.14927978937824563,0.0,0.11833727111419039,0.0,0.00027932022154946665,2.0,,,,,,,,,,,0.0,,,,,,,,,,,,,,,,,,,,,,,,,,,,,,,,,,,,,,,,,,,,,,,,,,,,,,,,,,,,,,,,,,,,,,,,,,,,,,,,,,,,,,,,,,,,,,,,,,,,,,,,,,,,,,,,,,,,,,,,,,0.0114507554098963,0.0,0.0,,,,,,,,,,,,,,0.000282133532700221,0.0,0.0,,,,,,,,,,,,0.0,,0.0,,0.0,,,,,,,,,,,,,,,,,,,,,,,,,,,,,,,,,,,,,,,,0,1,18,9
3,region_03,2022-11-12,,,,,,,,,,,,,,,0.0,0.0,,,,,,,,,,,,,,,,,,,,,,,,,0.0,0.0,,,,,,,,,,,,,0.0,0.0,0.0029145945167249475,0.0,0.0,0.0,0.01593714563742922,0.0,0.0016623412552491566,0.0,,,,,0.010094374620720043,0.0,0.06076071978263227,0.0,0.3961507561414138,0.0,0.004312129974689113,0.0,0.014021363838211313,0.0,0.0879329413823459,0.0,0.02197787947952744,0.0,0.18311170197051502,0.0,0.18857044694216352,0.0,0.0,0.0,,,,,,,,,,,0.0,,,,,,,,,,,,,,,,,,,,,,,,,,,,,,,,,,,,,,,,,,,,,,,,,,,,,,,,,,,,,,,,,,,,,,,,,,,,,,,,,,,,,,,,,,,,,,,,,,,,,,,,,,,,,,,,,,,,,,,,,,0.012659858142876056,0.0,0.0,,,,,,,,,,,,,,0.0,0.0,0.0,,,,,,,,,,,,0.0,,0.0,,0.0,,,,,,,,,,,,,,,,,,,,,,,,,,,,,,,,,,,,,,,,0,0,19,10
3,region_03,2022-11-19,,,,,,,,,,,,,,,0.0,0.0,,,,,,,,,,,,,,,,,,,,,,,,,0.0,0.0,,,,,,,,,,,,,0.0004919697932477285,0.0,0.007376690225844982,0.0,0.0,0.0,0.005436338695951436,0.0,0.0015603436680975851,0.0,,,,,0.001635459764987509,0.0,0.04348283531990914,0.0,0.337511504238302,0.0,0.02313996572047465,0.0,0.006174751176414118,0.0,0.06421711041846055,0.0,0.032951352186501,0.0,0.24849810451269147,0.0,0.21628357740965753,0.0,0.003271487758805307,0.0,,,,,,,,,,,0.0,,,,,,,,,,,,,,,,,,,,,,,,,,,,,,,,,,,,,,,,,,,,,,,,,,,,,,,,,,,,,,,,,,,,,,,,,,,,,,,,,,,,,,,,,,,,,,,,,,,,,,,,,,,,,,,,,,,,,,,,,,0.02291381710462944,0.0,0.0,,,,,,,,,,,,,,0.006091324391921842,0.0,0.0,,,,,,,,,,,,0.0,,0.0,,0.0,,,,,,,,,,,,,,,,,,,,,,,,,,,,,,,,,,,,,,,,0,0,19,11
3,region_03,2022-11-26,,,,,,,,,,,,,,,0.0,0.0,,,,,,,,,,,,,,,,,,,,,,,,,0.0,0.0,,,,,,,,,,,,,0.0,0.0,0.007128450243423338,0.0,0.0,0.0,0.01493642833970838,0.0,0.004274692730091105,0.0,,,,,0.0023328136386615286,0.0,0.025498208279410933,0.0,0.23590960460049762,0.0,0.021621593052432605,0.0,0.01683113156330012,0.0,0.07917923054524827,0.0,0.022876530353512035,0.0,0.2818149966853006,0.0,0.23791020682879851,0.0,0.0074782517428199,0.0,,,,,,,,,,,0.0,,,,,,,,,,,,,,,,,,,,,,,,,,,,,,,,,,,,,,,,,,,,,,,,,,,,,,,,,,,,,,,,,,,,,,,,,,,,,,,,,,,,,,,,,,,,,,,,,,,,,,,,,,,,,,,,,,,,,,,,,,0.03183459091399392,0.0,0.0,,,,,,,,,,,,,,0.010625712450985795,0.0,0.0,,,,,,,,,,,,0.0,,0.0,,0.0,,,,,,,,,,,,,,,,,,,,,,,,,,,,,,,,,,,,,,,,0,0,19,12
3,region_03,2022-12-03,,,,,,,,,,,,,,,0.0,0.0,,,,,,,,,,,,,,,,,,,,,,,,,0.0,0.0,,,,,,,,,,,,,0.0,0.0,0.001435056538321025,0.0,0.00029885363121708947,0.0,0.0116282347589731,0.0,0.001283140573650545,0.0,,,,,0.0010842436561634412,0.0,0.021519653592258645,0.0,0.1967888064682483,0.0,0.015540306456386998,0.0,0.00591629561968142,0.0,0.04881898220628496,0.0,0.046702845580875826,0.0,0.2558174572885036,0.0,0.3191878110170364,0.0,0.007710966343680973,0.0,,,,,,,,,,,0.0,,,,,,,,,,,,,,,,,,,,,,,,,,,,,,,,,,,,,,,,,,,,,,,,,,,,,,,,,,,,,,,,,,,,,,,,,,,,,,,,,,,,,,,,,,,,,,,,,,,,,,,,,,,,,,,,,,,,,,,,,,0.0631581108189291,0.0,0.0,,,,,,,,,,,,,,0.018101736799710295,0.0,0.0,,,,,,,,,,,,0.0,,0.0,,0.0,,,,,,,,,,,,,,,,,,,,,,,,,,,,,,,,,,,,,,,,0,0,19,13
3,region_03,2022-12-10,,,,,,,,,,,,,,,0.0005152407684363,0.0,,,,,,,,,,,,,,,,,,,,,,,,,0.0,0.0,,,,,,,,,,,,,0.0,0.0,0.0017387030989323262,0.0,0.0,0.0,0.018130430020391927,0.0,0.0034670887000270052,0.0,,,,,0.0009347770124134158,0.0,0.009039392890898758,0.0,0.16836509500679211,0.0,0.015511065868562716,0.0,0.006374148100516469,0.0,0.0414739584452227,0.0,0.02180904355880457,0.0,0.2779911077684826,0.0,0.3369228479109312,0.0,0.0144298681989312,0.0,,,,,,,,,,,0.0,,,,,,,,,,,,,,,,,,,,,,,,,,,,,,,,,,,,,,,,,,,,,,,,,,,,,,,,,,,,,,,,,,,,,,,,,,,,,,,,,,,,,,,,,,,,,,,,,,,,,,,,,,,,,,,,,,,,,,,,,,0.05622162748324239,0.0,0.0,,,,,,,,,,,,,,0.042454822381076014,0.0,0.0,,,,,,,,,,,,0.0,,0.0,,0.0,,,,,,,,,,,,,,,,,,,,,,,,,,,,,,,,,,,,,,,,0,0,19,14
3,region_03,2022-12-17,,,,,,,,,,,,,,,0.0,0.0,,,,,,,,,,,,,,,,,,,,,,,,,0.0,0.0,,,,,,,,,,,,,0.0,0.0,0.0018583217008401054,0.0,0.0,0.0,0.0212824884802103,0.0,0.0,0.0,,,,,0.00035497306412753885,0.0,0.018485636317304134,0.0,0.15853612456056804,0.0,0.019694401067681555,0.0,0.010365820567433983,0.0,0.04497444094158705,0.0,0.026989952971537865,0.0,0.22533424115843237,0.0,0.31912731296486324,0.0,0.017321064695715847,0.0,,,,,,,,,,,0.0,,,,,,,,,,,,,,,,,,,,,,,,,,,,,,,,,,,,,,,,,,,,,,,,,,,,,,,,,,,,,,,,,,,,,,,,,,,,,,,,,,,,,,,,,,,,,,,,,,,,,,,,,,,,,,,,,,,,,,,,,,0.058339183115296844,0.0,0.0,,,,,,,,,,,,,,0.09262449956602517,0.0,0.0005662615876644334,2.0,,,,,,,,,,,0.0,,0.0,,0.0,,,,,,,,,,,,,,,,,,,,,,,,,,,,,,,,,,,,,,,,0,1,19,15
3,region_03,2022-12-24,,,,,,,,,,,,,,,0.0,0.0,,,,,,,,,,,,,,,,,,,,,,,,,0.0,0.0,,,,,,,,,,,,,0.0008745323633774601,0.0,0.0036970909876638943,0.0,0.0,0.0,0.008225105757660677,0.0,0.0017936352078857295,0.0,,,,,0.003620235715061388,0.0,0.008012446574866718,0.0,0.13840952515602106,0.0,0.00479946289594993,0.0,0.002815624219639288,0.0,0.029023156556136423,0.0,0.024603902636205405,0.0,0.23011830536758193,0.0,0.32173081180628604,0.0,0.0126607506225506,0.0,,,,,,,,,,,0.0,,,,,,,,,,,,,,,,,,,,,,,,,,,,,,,,,,,,,,,,,,,,,,,,,,,,,,,,,,,,,,,,,,,,,,,,,,,,,,,,,,,,,,,,,,,,,,,,,,,,,,,,,,,,,,,,,,,,,,,,,,0.05628335388267737,0.0,0.0,,,,,,,,,,,,,,0.15352326982161577,0.0,0.00014786975225428888,0.0,,,,,,,,,,,0.0,,0.0,,0.0009368198807351,2.0,,,,,,,,,,,,,,,,,,,,,,,,,,,,,,,,,,,,,,,0,1,20,16
3,region_03,2022-12-31,,,,,,,,,,,,,,,0.0,0.0,,,,,,,,,,,,,,,,,,,,,,,,,0.0,0.0,,,,,,,,,,,,,0.0,0.0,0.0007123859122656937,0.0,0.0,0.0,0.007271162088727532,0.0,0.0001169098186437125,0.0,,,,,9.651711633728461e-05,0.0,0.0037316352245397376,0.0,0.08826191630214447,0.0,0.011905403400305607,0.0,0.0008615026910167933,0.0,0.024407373624853745,0.0,0.025129001587629287,0.0,0.20422626566141838,0.0,0.35438003577291965,0.0,0.010166974339101936,0.0,,,,,,,,,,,0.0,,,,,,,,,,,,,,,,,,,,,,,,,,,,,,,,,,,,,,,,,,,,,,,,,,,,,,,,,,,,,,,,,,,,,,,,,,,,,,,,,,,,,,,,,,,,,,,,,,,,,,,,,,,,,,,,,,,,,,,,,,0.0596157419495284,0.0,0.0,,,,,,,,,,,,,,0.20883625186979765,0.0,0.0009136946173384332,0.0,,,,,,,,,,,0.0,,0.0,,0.0009813910583034,0.0,,,,,,,,,,,,,,,,,,,,,,,,,,,,,,,,,,,,,,,0,0,21,17
3,region_03,2023-01-07,,,,,,,,,,,,,,,0.0,0.0,,,,,,,,,,,,,,,,,,,,,,,,,0.0,0.0,,,,,,,,,,,,,0.0,0.0,0.00132866520822664,0.0,0.0,0.0,0.008263443379352446,0.0,0.0007951447468560934,0.0,,,,,0.0,0.0,0.0019742109191913933,0.0,0.07249763756990428,0.0,0.005662436007211553,0.0,0.0017141456288905933,0.0,0.011640053907675358,0.0,0.011897493650515813,0.0,0.1827138155698776,0.0,0.2683302362759908,0.0,0.02214611680912115,0.0,,,,,,,,,,,0.0,,,,,,,,,,,,,,,,,,,,,,,,,,,,,,,,,,,,,,,,,,,,,,,,,,,,,,,,,,,,,,,,,,,,,,,,,,,,,,,,,,,,,,,,,,,,,,,,,,,,,,,,,,,,,,,,,,,,,,,,,,0.06366160089770949,0.0,0.0,,,,,,,,,,,,,,0.34136719902356466,0.0,0.002071402604795122,0.0,,,,,,,,,,,0.0,,0.0,,0.0,0.0,,,,,,,,,,,,,,,,,,,,,,,,,,,,,,,,,,,,,,,0,0,21,18
3,region_03,2023-01-14,,,,,,,,,,,,,,,0.0006407310512648286,0.0,,,,,,,,,,,,,,,,,,,,,,,,,0.0,0.0,,,,,,,,,,,,,0.0,0.0,0.001528348262321957,0.0,0.0,0.0,0.0032667535456961283,0.0,0.0006153475793931833,0.0,,,,,0.0,0.0,0.0020164742350710927,0.0,0.05705857622836311,0.0,0.008479770539062308,0.0,0.0035636155267378573,0.0,0.0192944137379527,0.0,0.02084618567356037,0.0,0.10669430771044318,0.0,0.2214231980698449,0.0,0.017662109663853214,0.0,,,,,,,,,,,0.000786046424764175,2.0,,,,,,,,,,,,,,,,,,,,,,,,,,,,,,,,,,,,,,,,,,,,,,,,,,,,,,,,,,,,,,,,,,,,,,,,,,,,,,,,,,,,,,,,,,,,,,,,,,,,,,,,,,,,,,,,,,,,,,,,,0.05600233721945964,0.0,0.0,,,,,,,,,,,,,,0.4756653202431543,0.0,0.002726041556646367,0.0,,,,,,,,,,,0.0,,0.0,,0.0003000080760102,0.0,,,,,,,,,,,,,,,,,,,,,,,,,,,,,,,,,,,,,,,0,1,21,19
3,region_03,2023-01-21,,,,,,,,,,,,,,,0.0,0.0,,,,,,,,,,,,,,,,,,,,,,,,,0.0,0.0,,,,,,,,,,,,,0.0,0.0,0.0021804656851319767,0.0,0.0,0.0,0.0015927510819612155,0.0,0.0021674191901603075,0.0,,,,,0.0,0.0,0.004267013237739931,0.0,0.03691148442717696,0.0,0.0032783870836003,0.0,0.0008882302949627909,0.0,0.008842765268954318,0.0,0.007440213400583961,0.0,0.08391216053412506,0.0,0.20293499300113088,0.0,0.01650838711513917,0.0,,,,,,,,,,,0.0,0.0,,,,,,,,,,,,,,,,,,,,,,,,,,,,,,,,,,,,,,,,,,,,,,,,,,,,,,,,,,,,,,,,,,,,,,,,,,,,,,,,,,,,,,,,,,,,,,,,,,,,,,,,,,,,,,,,,,,,,,,,,0.04397313697979997,0.0,0.0,,,,,,,,,,,,,,0.578105458846459,0.0,0.005453561794840578,0.0,,,,,,,,,,,0.0019570776826834573,2.0,0.0007128735160222,2.0,0.0,0.0,,,,,,,,,,,,,,,,,,,,,,,,,,,,,,,,,,,,,,,0,2,22,20
3,region_03,2023-01-28,,,,,,,,,,,,,,,0.0,0.0,,,,,,,,,,,,,,,,,,,,,,,,,0.0,0.0,,,,,,,,,,,,,0.0,0.0,0.000752870638583125,0.0,0.0,0.0,0.001320525897123475,0.0,0.0012518715326829083,0.0,,,,,0.0,0.0,0.0028596187767106415,0.0,0.022380704836298965,0.0,0.005177234454701284,0.0,0.0004941632262973917,0.0,0.0033735534913527,0.0,0.0020381739789929834,0.0,0.056160036474466275,0.0,0.16811429709196088,0.0,0.0095917740836739,0.0,,,,,,,,,,,0.0,0.0,,,,,,,,,,,,,,,,,,,,,,,,,,,,,,,,,,,,,,,,,,,,,,,,,,,,,,,,,,,,,,,,,,,,,,,,,,,,,,,,,,,,,,,,,,,,,,,,,,,,,,,,,,,,,,,,,,,,,,,,,0.0331490444950759,0.0,0.0,,,,,,,,,,,,,,0.6782432993253072,0.0,0.01255462949888569,0.0,,,,,,,,,,,0.0018566396985468573,0.0,0.0,0.0,0.0006170091219246,0.0,,,,,,,,,,,,,,,,,,,,,,,,,,,,,,,,,,,,,,,0,0,24,21
3,region_03,2023-02-04,,,,,,,,,,,,,,,0.0,0.0,,,,,,,,,,,,,,,,,,,,,,,,,0.0,0.0,,,,,,,,,,,,,0.0,0.0,0.0015902625600573875,0.0,0.0,0.0,0.0011588801703923456,0.0,0.0006375453584560857,0.0,,,,,0.0,0.0,0.0003585366595705273,0.0,0.015430149706927162,0.0,0.0007291232680224,0.0,0.0,0.0,0.0033168970734219093,0.0,0.0022447113032367638,0.0,0.05301293290474192,0.0,0.10246636447581374,0.0,0.008771660399030509,0.0,,,,,,,,,,,0.0007432034617522,0.0,,,,,,,,,,,,,,,,,,,,,,,,,,,,,,,,,,,,,,,,,,,,,,,,,,,,,,,,,,,,,,,,,,,,,,,,,,,,,,,,,,,,,,,,,,,,,,,,,,,,,,,,,,,,,,,,,,,,,,,,,0.02404081550511442,0.0,0.0,,,,,,,,,,,,,,0.7745755098082803,0.0,0.010678505524992879,0.0,,,,,,,,,,,0.0007455040135287142,0.0,0.001486406923504475,0.0,0.0,0.0,,,,,,,,,,,,,,,,,,,,,,,,,,,,,,,,,,,,,,,0,0,24,22
3,region_03,2023-02-11,,,,,,,,,,,,,,,0.00070764133124606,0.0,,,,,,,,,,,,,,,,,,,,,,,,,0.0,0.0,,,,,,,,,,,,,0.0,0.0,0.0005518147123178571,0.0,0.0,0.0,0.00192168232752007,0.0,0.0,0.0,,,,,0.0,0.0,0.0,0.0,0.00618791766464704,0.0,0.00063682210166001,0.0,0.0037119556684046305,0.0,0.00511111421510571,0.0,0.00471930275671179,0.0,0.026016982272267293,0.0,0.0828765898942947,0.0,0.0095974314026534,0.0,,,,,,,,,,,0.0020068489830008997,0.0,,,,,,,,,,,,,,,,,,,,,,,,,,,,,,,,,,,,,,,,,,,,,,,,,,,,,,,,,,,,,,,,,,,,,,,,,,,,,,,,,,,,,,,,,,,,,,,,,,,,,,,,,,,,,,,,,,,,,,,,,0.02350999731570478,0.0,0.0,,,,,,,,,,,,,,0.8210133135318756,0.0,0.011835985920495411,0.0,,,,,,,,,,,0.0,0.0,0.0007540899678132749,0.0,0.0,0.0,,,,,,,,,,,,,,,,,,,,,,,,,,,,,,,,,,,,,,,0,0,24,23
3,region_03,2023-02-18,,,,,,,,,,,,,,,0.0,0.0,,,,,,,,,,,,,,,,,,,,,,,,,0.0,0.0,,,,,,,,,,,,,0.0003980491375032778,0.0,0.0011755412609393667,0.0,0.0,0.0,0.0007814396101618556,0.0,0.0011827130801975335,0.0,,,,,0.0,0.0,0.0,0.0,0.015583571977913312,0.0,0.0,0.0,0.0,0.0,0.0011827130801975335,0.0,0.0,0.0,0.023488489910960145,0.0,0.05530215137534666,0.0,0.006183636736952544,0.0,,,,,,,,,,,0.00103352355654345,0.0,,,,,,,,,,,,,,,,,,,,,,,,,,,,,,,,,,,,,,,,,,,,,,,,,,,,,,,,,,,,,,,,,,,,,,,,,,,,,,,,,,,,,,,,,,,,,,,,,,,,,,,,,,,,,,,,,,,,,,,,,0.019163365372353067,0.0,0.0,,,,,,,,,,,,,,0.847451196776496,0.0,0.0213146095629781,0.0,,,,,,,,,,,0.0,0.0,0.0,0.0,0.0010100515792146,0.0,,,,,,,,,,,,,,,,,,,,,,,,,,,,,,,,,,,,,,,0,0,24,24
3,region_03,2023-02-25,,,,,,,,,,,,,,,0.0,0.0,,,,,,,,,,,,,,,,,,,,,,,,,0.0,0.0,,,,,,,,,,,,,0.0,0.0,0.00139166999142612,0.0,0.0,0.0,0.0019750775245483626,0.0,0.0007462747162207666,0.0,,,,,0.0,0.0,0.0,0.0,0.007735482300631638,0.0,0.0,0.0,0.0,0.0,0.0,0.0,0.0013437072193482375,0.0,0.017111886292695964,0.0,0.06002039695158597,0.0,0.004314132151193862,0.0,,,,,,,,,,,0.003892435750458325,0.0,,,,,,,,,,,,,,,,,,,,,,,,,,,,,,,,,,,,,,,,,,,,,,,,,,,,,,,,,,,,,,,,,,,,,,,,,,,,,,,,,,,,,,,,,,,,,,,,,,,,,,,,,,,,,,,,,,,,,,,,,0.024712126702070167,0.0,0.0,,,,,,,,,,,,,,0.8660721108317375,0.0,0.016646170988678877,0.0,,,,,,,,,,,0.004270430255149028,0.0,0.0,0.0,0.0012228739215061,0.0,,,,,,,,,,,,,,,,,,,,,,,,,,,,,,,,,,,,,,,0,0,24,25
3,region_03,2023-03-04,,,,,,,,,,,,,,,0.0,0.0,,,,,,,,,,,,,,,,,,,,,,,,,0.0,0.0,,,,,,,,,,,,,0.0,0.0,0.0016233065564717284,0.0,0.0,0.0,0.00077972904546185,0.0,0.0,0.0,,,,,0.0,0.0,0.0,0.0,0.0009505995299799572,0.0,0.0,0.0,0.0,0.0,0.0,0.0,0.0023842032200523285,0.0,0.02301178659711563,0.0,0.0416408584763606,0.0,0.010102151493941,0.0,,,,,,,,,,,0.002906660491134925,0.0,,,,,,,,,,,,,,,,,,,,,,,,,,,,,,,,,,,,,,,,,,,,,,,,,,,,,,,,,,,,,,,,,,,,,,,,,,,,,,,,,,,,,,,,,,,,,,,,,,,,,,,,,,,,,,,,,,,,,,,,,0.011290223204663786,0.0,0.0,,,,,,,,,,,,,,0.869486255305154,0.0,0.02779134269803755,0.0,,,,,,,,,,,0.0045318491756915855,0.0,0.00225047496496695,0.0,0.0,0.0,,,,,,,,,,,,,,,,,,,,,,,,,,,,,,,,,,,,,,,0,0,24,26
3,region_03,2023-03-11,,,,,,,,,,,,,,,0.0,0.0,,,,,,,,,,,,,,,,,,,,,,,,,0.0,0.0,,,,,,,,,,,,,0.0,0.0,0.0,0.0,0.0,0.0,0.0,0.0,0.0,0.0,,,,,0.0,0.0,0.0,0.0,0.004436980234459,0.0,0.0,0.0,0.0,0.0,0.0,0.0,0.00226454902440305,0.0,0.005881358714153316,0.0,0.03035161271691318,0.0,0.0006606782553716834,0.0,,,,,,,,,,,0.0,0.0,,,,,,,,,,,,,,,,,,,,,,,,,,,,,,,,,,,,,,,,,,,,,,,,,,,,,,,,,,,,,,,,,,,,,,,,,,,,,,,,,,,,,,,,,,,,,,,,,,,,,,,,,,,,,,,,,,,,,,,,,0.0229664798825979,0.0,0.002688628854229975,1.0,,,,,,,,,,,,,0.8932302594184875,0.0,0.0183168438573678,0.0,,,,,,,,,,,0.018544946797192065,0.0,0.007731566322036049,0.0,0.0,0.0,,,,,,,,,,,,,,,,,,,,,,,,,,,,,,,,,,,,,,,1,0,24,0
3,region_03,2023-03-18,,,,,,,,,,,,,,,0.0,0.0,,,,,,,,,,,,,,,,,,,,,,,,,0.0,0.0,,,,,,,,,,,,,0.0,0.0,0.0014093609061092,0.0,0.0,0.0,0.0,0.0,0.0,0.0,,,,,0.0,0.0,0.0,0.0,0.000538055013748775,0.0,0.0,0.0,0.0,0.0,0.0,0.0,0.0,0.0,0.02339051738381384,0.0,0.01950394175946708,0.0,0.00566643774509426,0.0,,,,,,,,,,,0.000538055013748775,0.0,,,,,,,,,,,,,,,,,,,,,,,,,,,,,,,,,,,,,,,,,,,,,,,,,,,,,,,,,,,,,,,,,,,,,,,,,,,,,,,,,,,,,,,,,,,,,,,,,,,,,,,,,,,,,,,,,,,,,,,,,0.03711823327466843,0.0,0.0170402461662888,0.0,,,,,,,,,,,,,0.8662120580673218,0.0,0.0036702695768326002,0.0,,,,,,,,,,,0.01631978843361134,0.0,0.014100292930379451,0.0,0.0087090926244854,0.0,,,,,,,,,,,,,,,,,,,,,,,,,,,,,,,,,,,,,,,0,0,25,1
3,region_03,2023-03-25,,,,,,,,,,,,,,,0.0,0.0,,,,,,,,,,,,,,,,,,,,,,,,,0.0,0.0,,,,,,,,,,,,,0.0,0.0,0.0,0.0,0.0,0.0,0.0,0.0,0.0,0.0,,,,,0.0,0.0,0.0,0.0,0.0014943490580965665,0.0,0.0,0.0,0.0,0.0,0.0,0.0,0.0,0.0,0.00313992949668315,0.0,0.04107868578284975,0.0,0.00947067257948215,0.0,,,,,,,,,,,0.00243408087408165,0.0,,,,,,,,,,,,,,,,,,,,,,,,,,,,,,,,,,,,,,,,,,,,,,,,,,,,,,,,,,,,,,,,,,,,,,,,,,,,,,,,,,,,,,,,,,,,,,,,,,,,,,,,,,,,,,,,,,,,,,,,,0.026835059747099824,0.0,0.00592811661772425,0.0,,,,,,,,,,,,,0.839256078004837,0.0,0.023539609275758197,0.0,,,,,,,,,,,0.03451723419129843,0.0,0.012033816892653676,0.0,0.0017799912020564,0.0,,,,,,,,,,,,,,,,,,,,,,,,,,,,,,,,,,,,,,,0,0,25,2
3,region_03,2023-04-01,,,,,,,,,,,,,,,0.0,0.0,,,,,,,,,,,,,,,,,,,,,,,,,0.0,0.0,,,,,,,,,,,,,0.0,0.0,0.0,0.0,0.0,0.0,0.0,0.0,0.0,0.0,,,,,0.0,0.0,0.0,0.0,0.0023541809835781334,0.0,0.0,0.0,0.0,0.0,0.0,0.0,0.0,0.0,0.0,0.0,0.019210112591584467,0.0,0.011714300761620134,0.0,,,,,,,,,,,0.004783816946049467,0.0,,,,,,,,,,,,,,,,,,,,,,,,,,,,,,,,,,,,,,,,,,,,,,,,,,,,,,,,,,,,,,,,,,,,,,,,,,,,,,,,,,,,,,,,,,,,,,,,,,,,,,,,,,,,,,,,,,,,,,,,,0.022751202185948633,0.0,0.023138328144947668,0.0,,,,,,,,,,,,,0.8370681206385294,0.0,0.0072917146608233,0.0,,,,,,,,,,,0.0495864761372407,0.0,0.019747983664274167,0.0,0.0070612672716379,0.0,,,,,,,,,,,,,,,,,,,,,,,,,,,,,,,,,,,,,,,0,0,25,3
3,region_03,2023-04-08,,,,,,,,,,,,,,,0.0,0.0,,,,,,,,,,,,,,,,,,,,,,,,,0.0,0.0,,,,,,,,,,,,,0.0,0.0,0.0,0.0,0.0,0.0,0.0,0.0,0.0,0.0,,,,,0.0,0.0,0.0,0.0,0.0,0.0,0.0,0.0,0.0,0.0,0.0,0.0,0.0,0.0,0.00442248559556895,0.0,0.0289354939013719,0.0,0.011823982466012201,0.0,,,,,,,,,,,0.0,0.0,,,,,,,,,,,,,,,,,,,,,,,,,,,,,,,,,,,,,,,,,,,,,,,,,,,,,,,,,,,,,,,,,,,,,,,,,,,,,,,,,,,,,,,,,,,,,,,,,,,,,,,,,,,,,,,,,,,,,,,,,0.0138384173624217,0.0,0.0590635426342487,0.0,,,,,,,,,,,,,0.7765377163887024,0.0,0.00966525357216595,0.0,,,,,,,,,,,0.05508491396903985,0.0,0.02460066042840475,0.0,0.0084071196615695,0.0,,,,,,,,,,,,,,,,,,,,,,,,,,,,,,,,,,,,,,,0,0,25,4
3,region_03,2023-04-15,,,,,,,,,,,,,,,0.0,0.0,,,,,,,,,,,,,,,,,,,,,,,,,0.0,0.0,,,,,,,,,,,,,0.0,0.0,0.0017399360849098145,0.0,0.0,0.0,0.0,0.0,0.0,0.0,0.0,,,,0.0,0.0,0.0,0.0,0.0014789996181868255,0.0,0.0,0.0,0.0,0.0,0.0,0.0,0.0,0.0,0.005221520432017018,0.0,0.017598970640789333,0.0,0.005569456119767593,0.0,0.001506787882295994,1.0,0.0,,0.0,,0.003522086028869281,2.0,0.0,,0.0,0.0,0.0013801256226052827,2.0,0.0,,0.0,,0.0,,0.0,,0.0,,0.0,,0.0,,0.0,,0.0,,0.0,,0.0,,0.0,,0.0,,0.0,,0.0,,0.0,,0.0,,0.0,,0.0,,0.0,,0.0,,0.0,,0.0,,0.0,,0.0,,0.0,,0.0,,0.0,,0.0,,0.0,,0.0,,0.0,,0.0,,0.0,,0.0,,0.0,,0.0,,0.0,,0.0,,0.0,,0.0,,0.0,,0.0,,0.0,,0.0,,0.0,,0.0,,0.0,,0.0,,0.0,,,,,,,,0.0,,,,,,,,,,,,0.021665513409035497,0.0,0.03998683304949235,0.0,0.005403949465188667,2.0,0.0,,0.0,,0.0,,0.0,,0.0,,0.7716484232382341,0.0,0.015191930803385597,0.0,0.0072557846839837944,2.0,0.0013015184793438174,2.0,0.0015038856072350885,2.0,0.0,,0.00395933346357191,2.0,0.05194334861907088,0.0,0.029056191444396952,0.0,0.007024867019870016,0.0,0.0,,0.0,,0.0,,0.0,,0.0,,0.0,,0.0,,0.0,,0.0,,,,,,,,,,,,,,,,,,,,,,1,7,25,0
3,region_03,2023-04-22,,,,,,,,,,,,,,,0.0,0.0,,,,,,,,,,,,,,,,,,,,,,,,,0.0,0.0,,,,,,,,,,,,,0.0,0.0,0.0008699680424549073,0.0,0.0,0.0,0.0,0.0,0.0,0.0,0.0,,,,0.0,0.0,0.0,0.0,0.0007394998090934127,0.0,0.0,0.0,0.0,0.0,0.0,0.0,0.0,0.0,0.0038336438344797274,0.0,0.012733517604117998,0.0,0.01342002558114272,0.0,0.000753393941147997,0.0,0.0,,0.0,,0.008324478699180888,0.0,0.0,,0.002992353902232841,0.0,0.0006900628113026414,0.0,0.0,,0.0,,0.0,,0.0,,0.0,,0.0,,0.0,,0.0,,0.0,,0.0,,0.0,,0.0,,0.0,,0.0,,0.0,,0.0,,0.0,,0.0,,0.0,,0.0,,0.0,,0.0,,0.0,,0.0,,0.0,,0.0,,0.0,,0.0,,0.0,,0.0,,0.0,,0.0,,0.0,,0.0,,0.0,,0.0,,0.0,,0.0,,0.0,,0.0,,0.0,,0.0,,0.0,,0.0,,0.0,,0.0,,0.0,,0.0,,0.0,,0.0,,,,,,,,0.0,,,,,,,,,,,,0.018766408362154798,0.0,0.04335038575158772,0.0,0.011926638462615184,0.0,0.0,,0.0,,0.0,,0.0,,0.0,,0.7301663197451569,0.0,0.02069449607002824,0.0,0.009733430544828139,0.0,0.0015625033765008338,0.0,0.00590133787885017,0.0,0.0,,0.001979666731785955,0.0,0.06022054976360359,0.0,0.02787031440271268,0.0,0.018948989485266694,0.0,0.0028668685439736043,2.0,0.0,,0.0,,0.0,,0.0,,0.0,,0.0,,0.0,,0.0,,,,,,,,,,,,,,,,,,,,,,0,1,33,1
3,region_03,2023-04-29,,,,,,,,,,,,,,,0.0,0.0,,,,,,,,,,,,,,,,,,,,,,,,,0.0,0.0,,,,,,,,,,,,,0.0,0.0,0.0,0.0,0.0,0.0,0.0,0.0,0.0,0.0,0.0,,,,0.0,0.0,0.0,0.0,0.0,0.0,0.0,0.0,0.0,0.0,0.0,0.0,0.0,0.0,0.0024457672369424368,0.0,0.007868064567446662,0.0,0.021270595042517843,0.0,0.0,0.0,0.0,,0.0,,0.013126871369492496,0.0,0.0,,0.005984707804465682,0.0,0.0,0.0,0.0,,0.0,,0.0,,0.0,,0.0,,0.0,,0.0,,0.0,,0.0,,0.0,,0.0,,0.0,,0.0,,0.0,,0.0,,0.0,,0.0,,0.0,,0.0,,0.0,,0.0,,0.0,,0.0,,0.0,,0.0,,0.0,,0.0,,0.0,,0.0,,0.0,,0.0,,0.0,,0.0,,0.0,,0.0,,0.0,,0.0,,0.0,,0.0,,0.0,,0.0,,0.0,,0.0,,0.0,,0.0,,0.0,,0.0,,0.0,,0.0,,0.0,,,,,,,,0.0,,,,,,,,,,,,0.015867303315274098,0.0,0.046713938453683095,0.0,0.0184493274600417,0.0,0.0,,0.0,,0.0,,0.0,,0.0,,0.6886842162520798,0.0,0.02619706133667088,0.0,0.012211076405672481,0.0,0.00182348827365785,0.0,0.010298790150465252,0.0,0.0,,0.0,0.0,0.0684977509081363,0.0,0.026684437361028407,0.0,0.030873111950663376,0.0,0.005733737087947209,0.0,0.0,,0.0,,0.0,,0.0,,0.0,,0.0,,0.0,,0.0,,,,,,,,,,,,,,,,,,,,,,0,0,34,2
3,region_03,2023-05-06,,,,,,,,,,,,,,,0.0,0.0,,,,,,,,,,,,,,,,,,,,,,,,,0.0,0.0,,,,,,,,,,,,,0.0,0.0,0.0,0.0,0.0,0.0,0.0,0.0,0.0,0.0,0.0,,,,0.0,0.0,0.0,0.0,0.0006341773649800368,0.0,0.0,0.0,0.0,0.0,0.0,0.0,0.002283816478425998,0.0,0.0012228836184712184,0.0,0.017416457259008297,0.0,0.012848799698823361,0.0,0.0,0.0,0.0,,0.0,,0.010331793222576328,0.0,0.0,,0.002992353902232841,0.0,0.0016139525709709325,0.0,0.0,,0.0,,0.0,,0.0,,0.0,,0.0,,0.0,,0.0,,0.0,,0.0,,0.0,,0.0,,0.0,,0.0,,0.0,,0.0,,0.0,,0.0,,0.0,,0.0,,0.0,,0.0,,0.0,,0.0,,0.0,,0.0,,0.0,,0.0,,0.0,,0.0,,0.0,,0.0,,0.0,,0.0,,0.0,,0.0,,0.0,,0.0,,0.0,,0.0,,0.0,,0.0,,0.0,,0.0,,0.0,,0.0,,0.0,,0.0,,0.0,,0.0,,,,,,,,0.0,,,,,,,,,,,,0.03490358824609982,0.0,0.04941454177018144,0.0,0.020459658725305578,0.0,0.0,,0.0,,0.0,,0.0016137887746570196,2.0,0.0,,0.6297860152024977,0.0,0.023245663025601566,0.0,0.019424547344656998,0.0,0.0025144265793427966,0.0,0.006713661342823397,0.0,0.0006934451072689958,2.0,0.0065485477540641775,0.0,0.08713388741719266,0.0,0.032852663058373616,0.0,0.02711922058184101,0.0,0.006944501173107815,0.0,0.0,,0.0,,0.0,,0.0,,0.0,,0.0,,0.0,,0.0,,,,,,,,,,,,,,,,,,,,,,0,2,34,3
3,region_03,2023-05-13,,,,,,,,,,,,,,,0.0,0.0,,,,,,,,,,,,,,,,,,,,,,,,,0.0,0.0,,,,,,,,,,,,,0.0,0.0,0.0,0.0,0.0,0.0,0.0,0.0,0.0,0.0,0.0,,,,0.0,0.0,0.0,0.0,0.0012683547299600737,0.0,0.0,0.0,0.0,0.0,0.0,0.0,0.004567632956851996,0.0,0.0,0.0,0.026964849950569934,0.0,0.004427004355128881,0.0,0.0,0.0,0.0,,0.0,,0.007536715075660159,0.0,0.0,,0.0,0.0,0.003227905141941865,0.0,0.0,,0.0,,0.0,,0.0,,0.0,,0.0,,0.0,,0.0,,0.0,,0.0,,0.0,,0.0,,0.0,,0.0,,0.0,,0.0,,0.0,,0.0,,0.0,,0.0,,0.0,,0.0,,0.0,,0.0,,0.0,,0.0,,0.0,,0.0,,0.0,,0.0,,0.0,,0.0,,0.0,,0.0,,0.0,,0.0,,0.0,,0.0,,0.0,,0.0,,0.0,,0.0,,0.0,,0.0,,0.0,,0.0,,0.0,,0.0,,0.0,,0.0,,,,,,,,0.0,,,,,,,,,,,,0.05393987317692554,0.0,0.052115145086679776,0.0,0.02246998999056946,0.0,0.0,,0.0,,0.0,,0.0032275775493140393,0.0,0.0,,0.5708878141529156,0.0,0.020294264714532252,0.0,0.026638018283641512,0.0,0.003205364885027743,0.0,0.003128532535181544,0.0,0.0013868902145379915,0.0,0.013097095508128355,0.0,0.10577002392624904,0.0,0.039020888755718824,0.0,0.02336532921301864,0.0,0.00815526525826842,0.0,0.0,,0.0,,0.0,,0.0,,0.0,,0.0,,0.0,,0.0,,,,,,,,,,,,,,,,,,,,,,0,0,36,4
3,region_03,2023-05-20,,,,,,,,,,,,,,,0.0,0.0,,,,,,,,,,,,,,,,,,,,,,,,,0.0,0.0,,,,,,,,,,,,,0.0,0.0,0.0,0.0,0.0,0.0,0.0,0.0,0.0,0.0,0.0,,,,0.0,0.0,0.0,0.0,0.004512582713986744,0.0,0.0,0.0,0.0,0.0,0.0031209961654474834,0.0,0.002283816478425998,0.0,0.0,0.0,0.02403004224654093,0.0,0.0084157215540482,0.0,0.0030780625620893147,0.0,0.0,,0.0036039746337337146,2.0,0.006951707880943962,0.0,0.0,,0.0,0.0,0.006701672550451961,0.0,0.0031569748689249198,2.0,0.0,,0.0,,0.0,,0.003220682896466691,2.0,0.0,,0.0,,0.0,,0.0,,0.0,,0.0,,0.0,,0.0,,0.0,,0.0,,0.0,,0.0,,0.0,,0.0,,0.0,,0.0,,0.0,,0.0,,0.0,,0.0,,0.0,,0.0,,0.0,,0.0,,0.0,,0.0,,0.0,,0.0,,0.0,,0.0,,0.0,,0.0,,0.0,,0.0,,0.0,,0.0,,0.0,,0.0,,0.0,,0.0,,0.0,,0.0,,0.0,,0.0,,0.0,,,,,,,,0.0,,,,,,,,,,,,0.040722285864701654,0.0,0.07849541260945961,0.0,0.040249953529674434,0.0,0.0,,0.0,,0.0,,0.0016137887746570196,0.0,0.0,,0.4933295323921053,0.0,0.020740668076132365,0.0,0.02112151869232741,0.0,0.005290376969759172,0.0,0.008626021955233872,0.0,0.0006934451072689958,0.0,0.0065485477540641775,0.0,0.09771099433719199,0.0,0.049208122465568424,0.0,0.05658989307986408,0.0,0.00407763262913421,0.0,0.0,,0.0,,0.0,,0.0,,0.0,,0.0,,0.0,,0.0,,,,,,,,,,,,,,,,,,,,,,0,3,36,5
3,region_03,2023-05-27,,,,,,,,,,,,,,,0.0,0.0,,,,,,,,,,,,,,,,,,,,,,,,,0.0,0.0,,,,,,,,,,,,,0.0,0.0,0.0,0.0,0.0,0.0,0.0,0.0,0.0,0.0,0.0,,,,0.0,0.0,0.0,0.0,0.007756810698013415,0.0,0.0,0.0,0.0,0.0,0.006241992330894967,0.0,0.0,0.0,0.0,0.0,0.02109523454251193,0.0,0.012404438752967522,0.0,0.006156125124178629,0.0,0.0,,0.007207949267467429,0.0,0.006366700686227766,0.0,0.0,,0.0,0.0,0.010175439958962055,0.0,0.0063139497378498395,0.0,0.0,,0.0,,0.0,,0.006441365792933382,0.0,0.0,,0.0,,0.0,,0.0,,0.0,,0.0,,0.0,,0.0,,0.0,,0.0,,0.0,,0.0,,0.0,,0.0,,0.0,,0.0,,0.0,,0.0,,0.0,,0.0,,0.0,,0.0,,0.0,,0.0,,0.0,,0.0,,0.0,,0.0,,0.0,,0.0,,0.0,,0.0,,0.0,,0.0,,0.0,,0.0,,0.0,,0.0,,0.0,,0.0,,0.0,,0.0,,0.0,,0.0,,0.0,,,,,,,,0.0,,,,,,,,,,,,0.027504698552477773,0.0,0.10487568013223943,0.0,0.05802991706877942,0.0,0.0,,0.0,,0.0,,0.0,0.0,0.0,,0.415771250631295,0.0,0.021187071437732477,0.0,0.015605019101013307,0.0,0.007375389054490602,0.0,0.0141235113752862,0.0,0.0,0.0,0.0,0.0,0.08965196474813493,0.0,0.05939535617541803,0.0,0.08981445694670953,0.0,0.0,0.0,0.0,,0.0,,0.0,,0.0,,0.0,,0.0,,0.0,,0.0,,,,,,,,,,,,,,,,,,,,,,0,0,39,6
3,region_03,2023-06-03,,,,,,,,,,,,,,,0.0,0.0,,,,,,,,,,,,,,,,,,,,,,,,,0.0,0.0,,,,,,,,,,,,,0.0,0.0,0.0,0.0,0.0,0.0,0.0,0.0,0.0,0.0,0.0,,,,0.0,0.0,0.0,0.0,0.00497670488270152,0.0,0.0,0.0,0.0,0.0,0.0031209961654474834,0.0,0.0,0.0,0.0,0.0,0.010547617271255964,0.0,0.006202219376483761,0.0,0.018318407255790932,0.0,0.0,,0.007917994575109279,0.0,0.008692066643462885,0.0,0.0036719076354832427,2.0,0.0,0.0,0.012938206417691105,0.0,0.0031569748689249198,0.0,0.0,,0.0,,0.0,,0.003220682896466691,0.0,0.0,,0.0,,0.0,,0.0,,0.0,,0.0,,0.0,,0.0,,0.0,,0.0,,0.0,,0.0,,0.0,,0.0,,0.0,,0.0,,0.0,,0.0,,0.0,,0.0,,0.0,,0.0,,0.0,,0.0,,0.0,,0.0,,0.0,,0.0,,0.0,,0.0,,0.0,,0.0,,0.0,,0.0,,0.0,,0.0,,0.0,,0.0,,0.0,,0.0,,0.0,,0.0,,0.0,,0.0,,0.0,,,,,,,,0.0,,,,,,,,,,,,0.04156587693628149,0.0,0.10581002154051804,0.0,0.09692246889622477,0.0,0.0,,0.0,,0.0,,0.004450442091397475,0.0,0.0,,0.3463585902662838,0.0,0.010593535718866239,0.0,0.017501346929719393,0.0,0.005336814722064464,0.0,0.011584210530349012,0.0,0.0,0.0,0.004744870830327248,0.0,0.08706043141881395,0.0,0.06492593236124282,0.0,0.11096814711933577,0.0,0.0,0.0,0.0,,0.0,,0.0,,0.0,,0.0,,0.0,,0.0,,0.0,,,,,,,,,,,,,,,,,,,,,,0,1,39,7
3,region_03,2023-06-10,,,,,,,,,,,,,,,0.0,0.0,,,,,,,,,,,,,,,,,,,,,,,,,0.0,0.0,,,,,,,,,,,,,0.0,0.0,0.0,0.0,0.0,0.0,0.0,0.0,0.0,0.0,0.0,,,,0.0,0.0,0.0,0.0,0.0021965990673896256,0.0,0.0,0.0,0.0,0.0,0.0,0.0,0.0,0.0,0.0,0.0,0.0,0.0,0.0,0.0,0.030480689387403236,0.0,0.0,,0.008628039882751128,0.0,0.011017432600698004,0.0,0.007343815270966485,0.0,0.0,0.0,0.015700972876420152,0.0,0.0,0.0,0.0,,0.0,,0.0,,0.0,0.0,0.0,,0.0,,0.0,,0.0,,0.0,,0.0,,0.0,,0.0,,0.0,,0.0,,0.0,,0.0,,0.0,,0.0,,0.0,,0.0,,0.0,,0.0,,0.0,,0.0,,0.0,,0.0,,0.0,,0.0,,0.0,,0.0,,0.0,,0.0,,0.0,,0.0,,0.0,,0.0,,0.0,,0.0,,0.0,,0.0,,0.0,,0.0,,0.0,,0.0,,0.0,,0.0,,0.0,,0.0,,0.0,,,,,,,,0.0,,,,,,,,,,,,0.05562705532008521,0.0,0.10674436294879665,0.0,0.1358150207236701,0.0,0.0,,0.0,,0.0,,0.00890088418279495,0.0,0.0,,0.2769459299012726,0.0,0.0,0.0,0.019397674758425482,0.0,0.0032982403896383273,0.0,0.009044909685411823,0.0,0.0,0.0,0.009489741660654496,0.0,0.08446889808949297,0.0,0.0704565085470676,0.0,0.132121837291962,0.0,0.0,0.0,0.0,,0.0,,0.0,,0.0,,0.0,,0.0,,0.0,,0.0,,,,,,,,,,,,,,,,,,,,,,0,0,40,8
3,region_03,2023-06-17,,,,,,,,,,,,,,,0.0,0.0,,,,,,,,,,,,,,,,,,,,,,,,,0.0,0.0,,,,,,,,,,,,,0.0,0.0,0.0,0.0,0.0,0.0,0.0,0.0,0.0,0.0,0.0,,,,0.0,0.0,0.0,0.0,0.0010982995336948128,0.0,0.0,0.0,0.0,0.0,0.0,0.0,0.0,0.0,0.0,0.0,0.004210257236845767,0.0,0.007653457848355149,0.0,0.05492522092016344,0.0,0.0,,0.013698187933186945,0.0,0.00971897353719477,0.0,0.007341879148346631,0.0,0.0,0.0,0.016365677711973822,0.0,0.0035950741350498504,0.0,0.007339943025726796,2.0,0.0,,0.0,,0.003783800602994008,0.0,0.0,,0.0,,0.0,,0.0,,0.0,,0.0,,0.0,,0.0,,0.0,,0.0,,0.0,,0.0,,0.0,,0.0,,0.0,,0.0,,0.0,,0.0,,0.0,,0.0,,0.0,,0.0,,0.0,,0.0,,0.0,,0.0,,0.0,,0.0,,0.0,,0.0,,0.0,,0.0,,0.0,,0.0,,0.0,,0.0,,0.0,,0.0,,0.0,,0.0,,0.0,,0.0,,0.0,,0.0,,0.0,,,,,,,,0.0,,,,,,,,,,,,0.06553506595539108,0.0,0.11840250593347423,0.0,0.09525057785139945,0.0,0.0,,0.0,,0.0,,0.015390678186736511,0.0,0.0037057805964921145,2.0,0.25054044071657977,0.0,0.0035950741350498495,0.0,0.02412883018910442,0.0,0.0016491201948191636,0.0,0.008732712079551678,0.0,0.007339943025726796,0.0,0.010913024796172927,0.0,0.08146986025659472,0.0,0.0597665529698133,0.0,0.11894574034839672,0.0,0.0,0.0,0.0,,0.0,,0.0,,0.0,,0.0,,0.0,,0.0,,0.0,,,,,,,,,,,,,,,,,,,,,,0,2,40,9
3,region_03,2023-06-24,,,,,,,,,,,,,,,0.0,0.0,,,,,,,,,,,,,,,,,,,,,,,,,0.0,0.0,,,,,,,,,,,,,0.0,0.0,0.0,0.0,0.0,0.0,0.0,0.0,0.0,0.0,0.0,,,,0.0,0.0,0.0,0.0,0.0,0.0,0.0,0.0,0.0,0.0,0.0,0.0,0.0,0.0,0.0,0.0,0.008420514473691534,0.0,0.015306915696710298,0.0,0.07936975245292366,0.0,0.0,,0.01876833598362276,0.0,0.008420514473691534,0.0,0.007339943025726777,0.0,0.0,0.0,0.017030382547527496,0.0,0.007190148270099701,0.0,0.014679886051453593,0.0,0.0,,0.0,,0.007567601205988016,0.0,0.0,,0.0,,0.0,,0.0,,0.0,,0.0,,0.0,,0.0,,0.0,,0.0,,0.0,,0.0,,0.0,,0.0,,0.0,,0.0,,0.0,,0.0,,0.0,,0.0,,0.0,,0.0,,0.0,,0.0,,0.0,,0.0,,0.0,,0.0,,0.0,,0.0,,0.0,,0.0,,0.0,,0.0,,0.0,,0.0,,0.0,,0.0,,0.0,,0.0,,0.0,,0.0,,0.0,,0.0,,0.0,,,,,,,,0.0,,,,,,,,,,,,0.07544307659069693,0.0,0.13006064891815183,0.0,0.054686134979128796,0.0,0.0,,0.0,,0.0,,0.021880472190678072,0.0,0.007411561192984229,0.0,0.224134951531887,0.0,0.007190148270099699,0.0,0.028859985619783358,0.0,0.0,0.0,0.008420514473691534,0.0,0.014679886051453593,0.0,0.012336307931691359,0.0,0.07847082242369648,0.0,0.049076597392559,0.0,0.10576964340483146,0.0,0.0,0.0,0.0,,0.0,,0.0,,0.0,,0.0,,0.0,,0.0,,0.0,,,,,,,,,,,,,,,,,,,,,,0,0,42,10
3,region_03,2023-07-01,,,,,,,,,,,,,,,0.0,0.0,,,,,,,,,,,,,,,,,,,,,,,,,0.0,0.0,,,,,,,,,,,,,0.0,0.0,0.0,0.0,0.0,0.0,0.0,0.0,0.0,0.0,0.0,,,,0.0,0.0,0.0,0.0,0.0,0.0,0.0,0.0,0.0,0.0,0.0,0.0,0.0,0.0,0.0,0.0,0.004210257236845767,0.0,0.018414930282920853,0.0,0.10295179511746787,0.0,0.0,,0.013306510309727498,0.0,0.008052551752355433,0.0,0.010356148416273404,0.0,0.0,0.0,0.014287670085738762,0.0,0.00846481789853799,0.0,0.02020310218601172,0.0,0.0,,0.0,,0.003783800602994008,0.0,0.0,,0.004430558443307217,1.0,0.0,,0.0,,0.0,,0.0,,0.0,,0.0,,0.0,,0.0,,0.0,,0.0,,0.0,,0.0,,0.0,,0.0,,0.0,,0.0,,0.0,,0.0,,0.0,,0.0,,0.0,,0.0,,0.0,,0.0,,0.0,,0.0,,0.0,,0.0,,0.0,,0.0,,0.0,,0.0,,0.0,,0.0,,0.0,,0.0,,0.0,,0.0,,0.0,,0.0,,0.0,,0.0,,0.0,,,,,,,,0.0,,,,,,,,,,,,0.06431370485751398,0.0,0.13888033622254925,0.0,0.07132996456887646,0.0,0.008432976280649476,2.0,0.0,,0.0,,0.029161793843900018,0.0,0.0037057805964921145,0.0,0.21362659122566785,0.0,0.0035950741350498495,0.0,0.036368899146208916,0.0,0.000928008697846197,0.0,0.005138265934691964,0.0,0.011302510892467829,0.0,0.019480659542985366,0.0,0.06422058428276553,0.0,0.03920000492005927,0.0,0.08826777291306778,0.0,0.0,0.0,0.0,,0.0,,0.0,,0.0,,0.0,,0.0,,0.0,,0.0,,,,,,,,,,,,,,,,,,,,,,1,1,42,0
3,region_03,2023-07-08,,,,,,,,,,,,,,,0.0,0.0,,,,,,,,,,,,,,,,,,,,,,,,,0.0,0.0,,,,,,,,,,,,,0.0,0.0,0.0,0.0,0.0,0.0,0.0,0.0,0.0,0.0,0.0,,,,0.0,0.0,0.0,0.0,0.0,0.0,0.0,0.0,0.0,0.0,0.0,0.0,0.0,0.0,0.0,0.0,0.0,0.0,0.021522944869131408,0.0,0.12653383778201208,0.0,0.0,,0.007844684635832233,0.0,0.00768458903101933,0.0,0.01337235380682003,0.0,0.0,0.0,0.011544957623950027,0.0,0.009739487526976278,0.0,0.025726318320569846,0.0,0.0,,0.0,,0.0,0.0,0.0,,0.008861116886614433,0.0,0.0,,0.0,,0.0,,0.0,,0.0,,0.0,,0.0,,0.0,,0.0,,0.0,,0.0,,0.0,,0.0,,0.0,,0.0,,0.0,,0.0,,0.0,,0.0,,0.0,,0.0,,0.0,,0.0,,0.0,,0.0,,0.0,,0.0,,0.0,,0.0,,0.0,,0.0,,0.0,,0.0,,0.0,,0.0,,0.0,,0.0,,0.0,,0.0,,0.0,,0.0,,0.0,,0.0,,,,,,,,0.0,,,,,,,,,,,,0.05318433312433102,0.0,0.14770002352694667,0.0,0.08797379415862411,0.0,0.016865952561298952,0.0,0.0,,0.0,,0.03644311549712197,0.0,0.0,0.0,0.20311823091944867,0.0,0.0,0.0,0.04387781267263447,0.0,0.001856017395692394,0.0,0.001856017395692394,0.0,0.007925135733482065,0.0,0.02662501115427937,0.0,0.04997034614183459,0.0,0.02932341244755954,0.0,0.07076590242130411,0.0,0.0,0.0,0.0,,0.0,,0.0,,0.0,,0.0,,0.0,,0.0,,0.0,,,,,,,,,,,,,,,,,,,,,,0,0,44,1
3,region_03,2023-07-15,,,,,,,,,,,,,,,0.0032603463963217197,0.0,,,,,,,,,,,,,,,,,,,,,,,,,0.0,0.0,,,,,,,,,,,,,0.0,0.0,0.0,0.0,0.0,0.0,0.0,0.0,0.0,0.0,0.0,,,,0.0,0.0,0.0,0.0,0.0,0.0,0.0,0.0,0.0,0.0,0.0,0.0,0.0,0.0,0.0,0.0,0.0,0.0,0.016745995768174787,0.0,0.12403789348459973,0.0,0.0,,0.014950966651667789,0.0,0.006324264212231477,0.0,0.013140896696616696,0.0,0.0,0.0,0.010820839278970883,0.0,0.03200916908000318,0.0,0.018560699070803776,0.0,0.0,,0.0,,0.008153281940354215,0.0,0.0,,0.006965336005916727,0.0,0.0,,0.0,,0.0,,0.0,,0.0,,0.0,,0.0,,0.0,,0.0,,0.0,,0.0,,0.0,,0.0,,0.0,,0.0,,0.0,,0.0,,0.0,,0.0,,0.0,,0.0,,0.0,,0.0,,0.0,,0.0,,0.0,,0.0,,0.0,,0.0,,0.0,,0.0,,0.0,,0.0,,0.0,,0.0,,0.0,,0.0,,0.0,,0.0,,0.0,,0.0,,0.0,,0.0,,,,,,,,0.0,,,,,,,,,,,,0.05756929929235147,0.0,0.14739330982168514,0.0,0.0760362881809615,0.0,0.010999367031520955,0.0,0.0033735683912204154,2.0,0.0,,0.035243777157485334,0.0,0.0020101901857142524,0.0,0.17665546748559083,0.0,0.002566390750871479,0.0,0.0391093774755694,0.0,0.00868598624398067,0.0,0.005457317332268272,0.0,0.003962567866741032,0.0,0.030528036993532237,0.0,0.044088850820240624,0.0,0.03065394819357751,0.0,0.06566213982157582,0.0,0.006967944231756167,0.0,0.0,,0.0,,0.0,,0.0,,0.0,,0.0,,0.0,,0.0,,,,,,,,,,,,,,,,,,,,,,0,1,44,2
3,region_03,2023-07-22,,,,,,,,,,,,,,,0.006520692792643439,0.0,,,,,,,,,,,,,,,,,,,,,,,,,0.0,0.0,,,,,,,,,,,,,0.0,0.0,0.0,0.0,0.0,0.0,0.0,0.0,0.0,0.0,0.0,,,,0.0,0.0,0.0,0.0,0.0,0.0,0.0,0.0,0.0,0.0,0.0,0.0,0.0,0.0,0.0,0.0,0.0,0.0,0.011969046667218167,0.0,0.12154194918718739,0.0,0.0,,0.022057248667503346,0.0,0.004963939393443625,0.0,0.012909439586413362,0.0,0.0,0.0,0.010096720933991742,0.0,0.05427885063303008,0.0,0.011395079821037707,0.0,0.0,,0.0,,0.01630656388070843,0.0,0.0,,0.005069555125219021,0.0,0.0,,0.0,,0.0,,0.0,,0.0,,0.0,,0.0,,0.0,,0.0,,0.0,,0.0,,0.0,,0.0,,0.0,,0.0,,0.0,,0.0,,0.0,,0.0,,0.0,,0.0,,0.0,,0.0,,0.0,,0.0,,0.0,,0.0,,0.0,,0.0,,0.0,,0.0,,0.0,,0.0,,0.0,,0.0,,0.0,,0.0,,0.0,,0.0,,0.0,,0.0,,0.0,,0.0,,,,,,,,0.0,,,,,,,,,,,,0.06195426546037192,0.0,0.14708659611642358,0.0,0.0640987822032989,0.0,0.005132781501742958,0.0,0.006747136782440831,0.0,0.0,,0.03404443881784871,0.0,0.004020380371428505,0.0,0.150192704051733,0.0,0.005132781501742958,0.0,0.03434094227850432,0.0,0.015515955092268946,0.0,0.009058617268844148,0.0,0.0,0.0,0.0344310628327851,0.0,0.03820735549864665,0.0,0.03198448393959547,0.0,0.06055837722184753,0.0,0.013935888463512335,0.0,0.0,,0.0,,0.0,,0.0,,0.0,,0.0,,0.0,,0.0,,,,,,,,,,,,,,,,,,,,,,0,0,45,3
3,region_03,2023-07-29,,,,,,,,,,,,,,,0.004893584805313646,0.0,,,,,,,,,,,,,,,,,,,,,,,,,0.0,0.0,,,,,,,,,,,,,0.0,0.0,0.0,0.0,0.0,0.0,0.0,0.0,0.0,0.0,0.0,,,,0.0,0.0,0.0,0.0,0.00036786948058236486,0.0,0.0,0.0,0.0,0.0,0.0,0.0,0.0,0.0,0.001226581501814098,0.0,0.0,0.0,0.010586548888897276,0.0,0.12275004283861907,0.0,0.0,,0.017093639440193778,0.0,0.004287337732337389,0.0,0.013327678415762441,0.0,0.0,0.0,0.005048360466995871,0.0,0.06706532868496973,0.0,0.012600578231066556,0.0,0.002263637166999425,2.0,0.0022249874581272157,2.0,0.011145830511425881,0.0,0.0,,0.0127930901969406,0.0,0.0,,0.0,,0.0,,0.0,,0.0,,0.0,,0.0,,0.0,,0.0,,0.0,,0.0,,0.0,,0.0,,0.0,,0.0,,0.0,,0.0,,0.0,,0.0,,0.0,,0.0,,0.0,,0.0,,0.0,,0.0,,0.0,,0.0,,0.0,,0.0,,0.0,,0.0,,0.0,,0.0,,0.0,,0.0,,0.0,,0.0,,0.0,,0.0,,0.0,,0.0,,0.0,,0.0,,,,,,,,0.0,,,,,,,,,,,,0.07906347792595621,0.0,0.13327277247655261,0.0,0.07109117317706976,0.0,0.012812635445988322,0.0,0.006648633851566202,0.0,0.0,,0.05262381838891056,0.0,0.00431120295345065,0.0,0.12119574000702256,0.0,0.00899097382941184,0.0,0.022567711849795963,0.0,0.007757977546134473,0.0,0.013947960105930995,0.0,0.0046661540846082514,0.0,0.022443587805478,0.0,0.044381554665354345,0.0,0.028579391894535053,0.0,0.06038539335115127,0.0,0.009268956999492565,0.0,0.0,,0.0,,0.0,,0.0,,0.0,,0.0,,0.0,,0.0,,,,,,,,,,,,,,,,,,,,,,0,2,45,4
3,region_03,2023-08-05,,,,,,,,,,,,,,,0.003266476817983853,0.0,,,,,,,,,,,,,,,,,,,,,,,,,0.0,0.0,,,,,,,,,,,,,0.0,0.0,0.0,0.0,0.0,0.0,0.0,0.0,0.0,0.0,0.0,,,,0.0,0.0,0.0,0.0,0.0007357389611647297,0.0,0.0,0.0,0.0,0.0,0.0,0.0,0.0,0.0,0.002453163003628196,0.0,0.0,0.0,0.009204051110576384,0.0,0.12395813649005075,0.0,0.0,,0.012130030212884207,0.0,0.003610736071231153,0.0,0.01374591724511152,0.0,0.0,0.0,0.0,0.0,0.07985180673690938,0.0,0.013806076641095403,0.0,0.00452727433399885,0.0,0.0044499749162544315,0.0,0.0059850971421433335,0.0,0.0,,0.02051662526866218,0.0,0.0,,0.0,,0.0,,0.0,,0.0,,0.0,,0.0,,0.0,,0.0,,0.0,,0.0,,0.0,,0.0,,0.0,,0.0,,0.0,,0.0,,0.0,,0.0,,0.0,,0.0,,0.0,,0.0,,0.0,,0.0,,0.0,,0.0,,0.0,,0.0,,0.0,,0.0,,0.0,,0.0,,0.0,,0.0,,0.0,,0.0,,0.0,,0.0,,0.0,,0.0,,0.0,,0.0,,,,,,,,0.0,,,,,,,,,,,,0.0961726903915405,0.0,0.11945894883668165,0.0,0.07808356415084063,0.0,0.020492489390233685,0.0,0.006550130920691574,0.0,0.0,,0.07120319795997242,0.0,0.0046020255354727955,0.0,0.09219877596231213,0.0,0.012849166157080722,0.0,0.010794481421087604,0.0,0.0,0.0,0.018837302943017845,0.0,0.009332308169216503,0.0,0.0104561127781709,0.0,0.05055575383206204,0.0,0.025174299849474637,0.0,0.06021240948045502,0.0,0.0046020255354727955,0.0,0.0,,0.0,,0.0,,0.0,,0.0,,0.0,,0.0,,0.0,,,,,,,,,,,,,,,,,,,,,,0,0,47,5
3,region_03,2023-08-12,,,,,,,,,,,,,,,0.0016332384089919264,0.0,,,,,,,,,,,,,,,,,,,,,,,,,0.0,0.0,,,,,,,,,,,,,0.0,0.0,0.0,0.0,0.0,0.0,0.0,0.0,0.0,0.0,0.0,,,,0.0,0.0,0.0,0.0,0.00036786948058236486,0.0,0.0,0.0,0.0,0.0,0.0,0.0,0.0,0.0,0.001226581501814098,0.0,0.0,0.0,0.008216723185967324,0.0,0.14810216658086162,0.0,0.0,,0.017041883605836423,0.0,0.00323556887112324,0.0,0.01096036118885134,0.0,0.0,0.0,0.0020944070758717936,0.0,0.08462400431043922,0.0,0.010848022876763936,0.0,0.005613977827703195,0.0,0.006823114929203308,0.0,0.008885133313015053,0.0,0.0019725651063984273,2.0,0.020142463535573505,0.0,0.0,,0.0,,0.0,,0.0,,0.0,,0.0,,0.0,,0.0,,0.0,,0.0,,0.0,,0.0,,0.0,,0.0,,0.0,,0.0,,0.0,,0.0,,0.0,,0.0,,0.0,,0.0,,0.0,,0.0,,0.0,,0.0,,0.0,,0.0,,0.0,,0.0,,0.0,,0.0,,0.0,,0.0,,0.0,,0.0,,0.0,,0.0,,0.0,,0.0,,0.0,,0.0,,0.0,,,,,,,,0.0,,,,,,,,,,,,0.07656934573922465,0.0,0.12291999074572713,0.0,0.07404143067040612,0.0,0.017343813098560385,0.0,0.0055588714778422805,0.0,0.0020161322532466484,2.0,0.08049199997406935,0.0,0.0033911780763725393,0.0,0.07273436226484867,0.0,0.006424583078540361,0.0,0.009107074364511443,0.0,0.00078380438499151,0.0,0.01834754630618282,0.0,0.00854593897445138,0.0,0.017576163674073178,0.0,0.04608589546898232,0.0,0.019529102505404357,0.0,0.07730872869994711,0.0,0.004583741127811389,0.0,0.0,,0.0,,0.0,,0.0,,0.0,,0.0,,0.0,,0.0,,,,,,,,,,,,,,,,,,,,,,0,2,47,6
3,region_03,2023-08-19,,,,,,,,,,,,,,,0.0,0.0,,,,,,,,,,,,,,,,,,,,,,,,,0.0,0.0,,,,,,,,,,,,,0.0,0.0,0.0,0.0,0.0,0.0,0.0,0.0,0.0,0.0,0.0,,,,0.0,0.0,0.0,0.0,0.0,0.0,0.0,0.0,0.0,0.0,0.0,0.0,0.0,0.0,0.0,0.0,0.0,0.0,0.007229395261358263,0.0,0.17224619667167246,0.0,0.0,,0.021953736998788637,0.0,0.0028604016710153265,0.0,0.008174805132591159,0.0,0.0,0.0,0.004188814151743587,0.0,0.08939620188396906,0.0,0.00788996911243247,0.0,0.00670068132140754,0.0,0.009196254942152185,0.0,0.011785169483886773,0.0,0.003945130212796855,0.0,0.01976830180248483,0.0,0.0,,0.0,,0.0,,0.0,,0.0,,0.0,,0.0,,0.0,,0.0,,0.0,,0.0,,0.0,,0.0,,0.0,,0.0,,0.0,,0.0,,0.0,,0.0,,0.0,,0.0,,0.0,,0.0,,0.0,,0.0,,0.0,,0.0,,0.0,,0.0,,0.0,,0.0,,0.0,,0.0,,0.0,,0.0,,0.0,,0.0,,0.0,,0.0,,0.0,,0.0,,0.0,,0.0,,,,,,,,0.0,,,,,,,,,,,,0.0569660010869088,0.0,0.1263810326547726,0.0,0.06999929718997162,0.0,0.014195136806887084,0.0,0.004567612034992987,0.0,0.004032264506493297,0.0,0.08978080198816628,0.0,0.0021803306172722826,0.0,0.05326994856738521,0.0,0.0,0.0,0.007419667307935283,0.0,0.00156760876998302,0.0,0.017857789669347795,0.0,0.0077595697796862565,0.0,0.024696214569975453,0.0,0.0416160371059026,0.0,0.013883905161334077,0.0,0.0944050479194392,0.0,0.004565456720149983,0.0,0.0,,0.0,,0.0,,0.0,,0.0,,0.0,,0.0,,0.0,,,,,,,,,,,,,,,,,,,,,,0,0,49,7
3,region_03,2023-08-26,,,,,,,,,,,,,,,0.0,0.0,,,,,,,,,,,,,,,,,,,,,,,,,0.00011719471011825667,0.0,,,,,,,,,,,,,0.0,0.0,0.00299219861626623,0.0,0.0,0.0,0.0,0.0,0.0,0.0,0.003605504117042893,2.0,,,0.0,0.0,0.0,0.0,0.0,0.0,0.0,0.0,0.0,0.0,0.0,0.0,0.0,0.0,0.0,0.0,0.0,0.0,0.006392754520658481,0.0,0.19917864293075987,0.0,0.0,,0.01726205277972026,0.0,0.003010540309076373,0.0,0.005144685321343469,0.0,0.0,0.0,0.003809081090977897,0.0,0.10619219184677667,0.0,0.014404944394341649,0.0,0.007844176593194245,0.0,0.009459768763432847,0.0,0.007334353508324205,0.0,0.0034278770714687283,0.0,0.03909047450796649,0.0,0.0012844596667924537,2.0,0.0030320953533407905,2.0,0.0,,0.0,,0.0,,0.0,,0.0,,0.0,,0.0,,0.0,,0.0,,0.0,,0.0,,0.0,,0.0,,0.0,,0.0,,0.0,,0.0,,0.0,,0.0,,0.0,,0.0,,0.0,,0.0,,0.0,,0.0,,0.0,,0.0,,0.0,,0.0,,0.0,,0.0,,0.0,,0.0,,0.0,,0.0,,0.0,,0.0,,0.0,,0.0,,0.0,,0.0,,,,,,,,0.0,,,,,,,,,,,,0.05046221661574883,0.0,0.09882427254772701,0.0,0.055600228025645404,0.0,0.01974548618736614,0.0,0.009170250330741161,0.0,0.0030594484659989696,0.0,0.0828063959660737,0.0,0.0032831625529262977,0.0,0.04579086353651419,0.0,0.0,0.0,0.006156551743664057,0.0,0.001796674740035055,0.0,0.012146183438059163,0.0,0.012649618289860786,0.0,0.020388922442182638,0.0,0.03550445190670649,0.0,0.01254765490015991,0.0,0.09319091753467265,0.0,0.0038490408687325436,0.0,0.0,,0.0,,0.0,,0.0,,0.0,,0.0,,0.0,,0.0,,,,,,,,,,,,,,,,,,,,,,0,3,49,8
3,region_03,2023-09-02,,,,,,,,,,,,,,,0.0,0.0,,,,,,,,,,,,,,,,,,,,,,,,,0.00023438942023651333,0.0,,,,,,,,,,,,,0.0,0.0,0.00598439723253246,0.0,0.0,0.0,0.0,0.0,0.0,0.0,0.007211008234085786,0.0,,,0.0,0.0,0.0,0.0,0.0,0.0,0.0,0.0,0.0,0.0,0.0,0.0,0.0,0.0,0.0,0.0,0.0,0.0,0.0055561137799587,0.0,0.22611108918984726,0.0,0.0,,0.012570368560651884,0.0,0.00316067894713742,0.0,0.002114565510095778,0.0,0.0,0.0,0.003429348030212207,0.0,0.12298818180958426,0.0,0.02091991967625083,0.0,0.008987671864980949,0.0,0.009723282584713508,0.0,0.0028835375327616376,0.0,0.002910623930140602,0.0,0.05841264721344814,0.0,0.0025689193335849073,0.0,0.006064190706681581,0.0,0.0,,0.0,,0.0,,0.0,,0.0,,0.0,,0.0,,0.0,,0.0,,0.0,,0.0,,0.0,,0.0,,0.0,,0.0,,0.0,,0.0,,0.0,,0.0,,0.0,,0.0,,0.0,,0.0,,0.0,,0.0,,0.0,,0.0,,0.0,,0.0,,0.0,,0.0,,0.0,,0.0,,0.0,,0.0,,0.0,,0.0,,0.0,,0.0,,0.0,,0.0,,,,,,,,0.0,,,,,,,,,,,,0.04395843214458885,0.0,0.07126751244068141,0.0,0.04120115886131918,0.0,0.025295835567845194,0.0,0.013772888626489333,0.0,0.002086632425504642,0.0,0.07583198994398112,0.0,0.004385994488580313,0.0,0.038311778505643164,0.0,0.0,0.0,0.0048934361793928315,0.0,0.00202574071008709,0.0,0.006434577206770531,0.0,0.017539666800035318,0.0,0.016081630314389823,0.0,0.029392866707510373,0.0,0.011211404638985744,0.0,0.09197678714990612,0.0,0.003132625017315104,0.0,0.0,,0.0,,0.0,,0.0,,0.0,,0.0,,0.0,,0.0,,,,,,,,,,,,,,,,,,,,,,0,0,52,9
3,region_03,2023-09-09,,,,,,,,,,,,,,,0.0,0.0,,,,,,,,,,,,,,,,,,,,,,,,,0.00011719471011825667,0.0,,,,,,,,,,,,,0.0,0.0,0.00405398778384548,0.0,0.0,0.0,0.0,0.0,0.0,0.0,0.005403327008868271,0.0,,,0.0,0.0,0.0,0.0,0.0,0.0,0.0,0.0,0.0,0.0,0.0,0.0,0.0,0.0,0.0,0.0,0.00012758316899467612,0.0,0.006203085954084641,0.0,0.2409582643797903,0.0,0.0007011110735076592,2.0,0.008818165722274817,0.0,0.00158033947356871,0.0,0.001057282755047889,0.0,0.0,0.0,0.002438368146117224,0.0,0.12625168709818158,0.0,0.021078933091910383,0.0,0.011789198488589668,0.0,0.012352786596506933,0.0,0.005585871111940201,0.0,0.00491307796487072,0.0,0.07983899116516109,0.0,0.002599731919222594,0.0,0.0072606540107655534,0.0,0.0004485376543015938,2.0,0.0,,0.0,,0.0,,0.0,,0.0,,0.0,,0.0,,0.0,,0.0,,0.0,,0.0,,0.0,,0.0,,0.0,,0.0,,0.0,,0.0,,0.0,,0.0,,0.0,,0.0,,0.0,,0.0,,0.0,,0.0,,0.0,,0.0,,0.0,,0.0,,0.0,,0.0,,0.0,,0.0,,0.0,,0.0,,0.0,,0.0,,0.0,,0.0,,0.0,,,,,,,,0.0,,,,,,,,,,,,0.038000917003031716,0.0,0.06520260149951682,0.0,0.038180905145903374,0.0,0.026371987826294317,0.0,0.01847654691605702,0.0,0.001043316212752321,0.0,0.08332289243963627,0.0,0.0033528264800104964,0.0,0.03762121465847343,0.0,0.0,0.0,0.002808156744456416,0.0,0.0013648438336200247,0.0,0.004412130432407973,0.0,0.01762440606123866,0.0,0.012614301542723222,0.0,0.02337743777722589,0.0,0.009332069835385657,0.0,0.07369423476471139,0.0,0.0022702594658105405,0.0,0.0,,0.0,,0.0,,0.0,,0.0,,0.0,,0.0,,0.0,,,,,,,,,,,,,,,,,,,,,,0,2,52,10
3,region_03,2023-09-16,,,,,,,,,,,,,,,0.0,0.0,,,,,,,,,,,,,,,,,,,,,,,,,0.0,0.0,,,,,,,,,,,,,0.0,0.0,0.0021235783351585,0.0,0.0,0.0,0.0,0.0,0.0,0.0,0.0035956457836507564,0.0,,,0.0,0.0,0.0,0.0,0.0,0.0,0.0,0.0,0.0,0.0,0.0,0.0,0.0,0.0,0.0,0.0,0.00025516633798935225,0.0,0.006850058128210582,0.0,0.25580543956973334,0.0,0.0014022221470153184,0.0,0.00506596288389775,0.0,0.0,0.0,0.0,0.0,0.0,0.0,0.001447388262022241,0.0,0.1295151923867789,0.0,0.02123794650756994,0.0,0.014590725112198387,0.0,0.014982290608300359,0.0,0.008288204691118765,0.0,0.006915531999600839,0.0,0.10126533511687405,0.0,0.002630544504860281,0.0,0.008457117314849525,0.0,0.0008970753086031876,0.0,0.0,,0.0,,0.0,,0.0,,0.0,,0.0,,0.0,,0.0,,0.0,,0.0,,0.0,,0.0,,0.0,,0.0,,0.0,,0.0,,0.0,,0.0,,0.0,,0.0,,0.0,,0.0,,0.0,,0.0,,0.0,,0.0,,0.0,,0.0,,0.0,,0.0,,0.0,,0.0,,0.0,,0.0,,0.0,,0.0,,0.0,,0.0,,0.0,,0.0,,,,,,,,0.0,,,,,,,,,,,,0.03204340186147458,0.0,0.059137690558352204,0.0,0.03516065143048758,0.0,0.027448140084743444,0.0,0.023180205205624704,0.0,0.0,0.0,0.09081379493529142,0.0,0.0023196584714406795,0.0,0.0369306508113037,0.0,0.0,0.0,0.00072287730952,0.0,0.0007039469571529591,0.0,0.002389683658045416,0.0,0.017709145322442,0.0,0.009146972771056623,0.0,0.017362008846941404,0.0,0.00745273503178557,0.0,0.05541168237951665,0.0,0.0014078939143059772,0.0,0.0,,0.0,,0.0,,0.0,,0.0,,0.0,,0.0,,0.0,,,,,,,,,,,,,,,,,,,,,,0,0,54,11
3,region_03,2023-09-23,,,,,,,,,,,,,,,0.0,0.0,,,,,,,,,,,,,,,,,,,,,,,,,0.0,0.0,,,,,,,,,,,,,0.0,0.0,0.0017255701629134332,0.0,0.0,0.0,0.0,0.0,0.0,0.0,0.0025657874037988207,0.0,,,0.0,0.0,0.0,0.0,0.0,0.0,0.0,0.0,0.0,0.0,0.0,0.0,0.0,0.0,0.0,0.0,0.00012758316899467612,0.0,0.007323106367389047,0.0,0.22595229113265775,0.0,0.0008561682058681591,0.0,0.006875465155911858,0.0,0.0,0.0,0.00038222248055482444,0.0,0.0,0.0,0.0007236941310111205,0.0,0.135071021451538,0.0,0.015370027661423811,0.0,0.012533239746342188,0.0,0.014595954467288426,0.0,0.012872241881191602,0.0,0.008161237707630296,0.0,0.14284399877761114,0.0,0.011543420913983976,0.0,0.011520309401319054,0.0,0.0004485376543015938,0.0,0.0,,0.0,,0.0,,0.0,,0.0,,0.0,,0.0,,0.0,,0.0,,0.0,,0.0,,0.0,,0.0,,0.0,,0.0,,0.0,,0.0,,0.0,,0.0,,0.0,,0.0,,0.0,,0.0,,0.0,,0.0,,0.0,,0.0,,0.0,,0.0,,0.0,,0.0,,0.0,,0.0,,0.0,,0.0,,0.0,,0.0,,0.0,,0.0,,0.0,,,,,,,,0.0,,,,,,,,,,,,0.028125245803771112,0.0,0.04400368130433095,0.0,0.025674893358332423,0.0,0.024529003126676642,0.0,0.01720830529778561,0.0,0.0,0.0,0.09208675948450097,0.0,0.001968113783290111,0.0,0.026062040704297462,0.0,0.00043896150212577496,0.0,0.001879423836014851,0.0,0.00035197347857647955,0.0,0.004045831082434488,0.0,0.015683259955758914,0.0,0.010453426092567688,0.0,0.023792818026742955,0.0,0.009168587605460023,0.0,0.05576628638832039,0.0,0.006955259901064796,0.0,0.0,,0.0,,0.0,,0.0,,0.0,,0.0,,0.0,,0.0,,,,,,,,,,,,,,,,,,,,,,0,0,54,12
3,region_03,2023-09-30,,,,,,,,,,,,,,,0.0,0.0,,,,,,,,,,,,,,,,,,,,,,,,,0.0,0.0,,,,,,,,,,,,,0.0,0.0,0.0013275619906683665,0.0,0.0,0.0,0.0,0.0,0.0,0.0,0.0015359290239468854,0.0,,,0.0,0.0,0.0,0.0,0.0,0.0,0.0,0.0,0.0,0.0,0.0,0.0,0.0,0.0,0.0,0.0,0.0,0.0,0.007796154606567512,0.0,0.19609914269558215,0.0,0.000310114264721,0.0,0.008684967427925966,0.0,0.0,0.0,0.0007644449611096489,0.0,0.0,0.0,0.0,0.0,0.14062685051629706,0.0,0.00950210881527768,0.0,0.010475754380485987,0.0,0.014209618326276494,0.0,0.017456279071264437,0.0,0.009406943415659752,0.0,0.18442266243834823,0.0,0.02045629732310767,0.0,0.014583501487788583,0.0,0.0,0.0,0.0,,0.0,,0.0,,0.0,,0.0,,0.0,,0.0,,0.0,,0.0,,0.0,,0.0,,0.0,,0.0,,0.0,,0.0,,0.0,,0.0,,0.0,,0.0,,0.0,,0.0,,0.0,,0.0,,0.0,,0.0,,0.0,,0.0,,0.0,,0.0,,0.0,,0.0,,0.0,,0.0,,0.0,,0.0,,0.0,,0.0,,0.0,,0.0,,0.0,,,,,,,,0.0,,,,,,,,,,,,0.024207089746067643,0.0,0.028869672050309693,0.0,0.016189135286177273,0.0,0.021609866168609836,0.0,0.011236405389946517,0.0,0.0,0.0,0.09335972403371053,0.0,0.0016165690951395419,0.0,0.01519343059729122,0.0,0.0008779230042515499,0.0,0.003035970362509702,0.0,0.0,0.0,0.0057019785068235605,0.0,0.013657374589075831,0.0,0.011759879414078751,0.0,0.030223627206544503,0.0,0.010884440179134477,0.0,0.05612089039712413,0.0,0.012502625887823613,0.0,0.0,,0.0,,0.0,,0.0,,0.0,,0.0,,0.0,,0.0,,,,,,,,,,,,,,,,,,,,,,0,0,54,13
3,region_03,2023-10-07,,,,,,,,,,,,,,,0.0,0.0,,,,,,,,,,,,,,,,,,,,,,,,,0.0,0.0,,,,,,,,,,,,,0.0,0.0,0.001579119074035299,0.0,0.0,0.0,0.0,0.0,0.0,0.0,0.004807076945037693,0.0,,,0.0,0.0,0.0,0.0,0.0,0.0,0.0,0.0,0.0,0.0,0.0,0.0,0.0,0.0,0.0,0.0,0.0,0.0,0.007134019538367182,0.0,0.21390041359519768,0.0,0.002112142189473204,0.0,0.01187351609039779,0.0,0.0,0.0,0.00038222248055482444,0.0,0.0,0.0,0.00015319688134780239,0.0,0.14343541608927385,0.0,0.01367722783319229,0.0,0.013312455287599187,0.0,0.016193648567423176,0.0,0.011777697492144322,0.0,0.018785155416184682,0.0,0.18687077658302492,0.0,0.016706003164428995,0.0,0.019712308981498,0.0,0.004249500792200951,0.0,0.001222509131184759,1.0,0.0,,0.0,,0.0,,0.0,,0.0,,0.0,,0.0,,0.0,,0.0,,0.0,,0.0,,0.0,,0.0,,0.0,,0.0,,0.0,,0.0,,0.0,,0.0,,0.0,,0.0,,0.0,,0.0,,0.0,,0.0,,0.0,,0.0,,0.0,,0.0,,0.0,,0.0,,0.0,,0.0,,0.0,,0.0,,0.0,,0.0,,0.0,,0.0,,,,,,,,0.0,,,,,,,,,,,,0.017431219150559726,0.0,0.02577798343977187,0.0,0.011865177428492139,0.0,0.02578310735971308,0.0,0.008068714108821349,0.0,0.0007101883335659834,0.0,0.0837751276572446,0.0,0.0033212738111743616,0.0,0.01708976034184584,0.0,0.00043896150212577496,0.0,0.001517985181254851,0.0,0.0013826687271440393,0.0,0.0030536046651227435,0.0,0.012528007924309156,0.0,0.007400556800120894,0.0,0.02251416851284498,0.0,0.012330421316978844,0.0,0.04257240764197481,0.0,0.008684246220697052,0.0,0.0,,0.0,,0.0,,0.0,,0.0,,0.0,,0.0,,0.0,,,,,,,,,,,,,,,,,,,,,,1,0,54,0
3,region_03,2023-10-14,,,,,,,,,,,,,,,0.0,0.0,,,,,,,,,,,,,,,,,,,,,,,,,0.0,0.0,,,,,,,,,,,,,0.0,0.0,0.0018306761574022317,0.0,0.0,0.0,0.0,0.0,0.0,0.0,0.0080782248661285,0.0,,,0.0,0.0,0.0,0.0,0.0,0.0,0.0,0.0,0.0,0.0,0.0,0.0,0.0,0.0,0.0,0.0,0.0,0.0,0.006471884470166851,0.0,0.23170168449481324,0.0,0.0039141701142254084,0.0,0.015062064752869616,0.0,0.0,0.0,0.0,0.0,0.0,0.0,0.00030639376269560477,0.0,0.14624398166225067,0.0,0.0178523468511069,0.0,0.016149156194712386,0.0,0.018177678808569856,0.0,0.006099115913024207,0.0,0.02816336741670961,0.0,0.1893188907277016,0.0,0.012955709005750321,0.0,0.02484111647520741,0.0,0.008499001584401903,0.0,0.002445018262369518,0.0,0.0,,0.0,,0.0,,0.0,,0.0,,0.0,,0.0,,0.0,,0.0,,0.0,,0.0,,0.0,,0.0,,0.0,,0.0,,0.0,,0.0,,0.0,,0.0,,0.0,,0.0,,0.0,,0.0,,0.0,,0.0,,0.0,,0.0,,0.0,,0.0,,0.0,,0.0,,0.0,,0.0,,0.0,,0.0,,0.0,,0.0,,0.0,,0.0,,,,,,,,0.0,,,,,,,,,,,,0.010655348555051807,0.0,0.02268629482923405,0.0,0.007541219570807002,0.0,0.029956348550816324,0.0,0.004901022827696181,0.0,0.0014203766671319667,0.0,0.07419053128077865,0.0,0.005025978527209181,0.0,0.018986090086400457,0.0,0.0,0.0,0.0,0.0,0.0027653374542880786,0.0,0.0004052308234219262,0.0,0.01139864125954248,0.0,0.003041234186163036,0.0,0.014804709819145454,0.0,0.013776402454823209,0.0,0.029023924886825488,0.0,0.004865866553570491,0.0,0.0,,0.0,,0.0,,0.0,,0.0,,0.0,,0.0,,0.0,,,,,,,,,,,,,,,,,,,,,,0,0,55,1
3,region_03,2023-10-21,,,,,,,,,,,,,,,0.0,0.0,,,,,,,,,,,,,,,,,,,,,,,,,0.0,0.0,,,,,,,,,,,,,0.0,0.0,0.00221916187154238,0.0,0.0,0.0,0.0,0.0,0.0,0.0,0.009636467322707128,0.0,,,0.0,0.0,0.0,0.0,0.0005977323744445793,0.0,0.0,0.0,0.0,0.0,0.0,0.0,0.0,0.0,0.0,0.0,0.0,0.0,0.0032359422350834257,0.0,0.22090124087483898,0.0,0.005502859351078099,0.0,0.00858594819068924,0.0,0.0,0.0,0.0,0.0,0.0,0.0,0.00015319688134780239,0.0,0.1228266638269892,0.0,0.010524186807356513,0.0,0.018182978074582253,0.0,0.011690843293852147,0.0,0.0130802827007564,0.0,0.03487860340420606,0.0,0.2301534983642079,0.0,0.03858743306628356,0.0,0.019366148294627822,0.0,0.010274469102846365,0.0,0.003515444489312309,0.0,0.0,,0.0,,0.0,,0.0,,0.0,,0.0,,0.0,,0.0,,0.0,,0.0,,0.0,,0.0,,0.0,,0.0,,0.0,,0.0,,0.0,,0.0,,0.0,,0.0,,0.0,,0.0,,0.0,,0.0,,0.0,,0.0,,0.0,,0.0,,0.0,,0.0,,0.0,,0.0,,0.0,,0.0,,0.0,,0.0,,0.0,,0.0,,0.0,,,,,,,,0.0,,,,,,,,,,,,0.013913945580073278,0.0,0.018412412009991098,0.0,0.0055988534205213035,0.0,0.03505281056466743,0.0,0.005216888036323571,0.0,0.0030159519831118612,0.0,0.06112900179855166,0.0,0.0025129892636045906,0.0,0.01391206532943898,0.0,0.0,0.0,0.0,0.0,0.0013826687271440393,0.0,0.0002026154117109631,0.0,0.015650460566312856,0.0,0.003064333507027178,0.0,0.013496274538849225,0.0,0.007883520728749427,0.0,0.02524573289985038,0.0,0.004367195524904785,0.0,0.0,,0.0,,0.0,,0.0,,0.0,,0.0,,0.0,,0.0,,,,,,,,,,,,,,,,,,,,,,0,0,55,2
3,region_03,2023-10-28,,,,,,,,,,,,,,,0.0,0.0,,,,,,,,,,,,,,,,,,,,,,,,,0.0,0.0,,,,,,,,,,,,,0.0,0.0,0.0026076475856825275,0.0,0.0,0.0,0.0,0.0,0.0,0.0,0.011194709779285755,0.0,,,0.0,0.0,0.0,0.0,0.0011954647488891586,0.0,0.0,0.0,0.0,0.0,0.0,0.0,0.0,0.0,0.0,0.0,0.0,0.0,0.0,0.0,0.21010079725486472,0.0,0.007091548587930789,0.0,0.0021098316285088634,0.0,0.0,0.0,0.0,0.0,0.0,0.0,0.0,0.0,0.09940934599172774,0.0,0.003196026763606127,0.0,0.02021679995445212,0.0,0.005204007779134437,0.0,0.020061449488488592,0.0,0.04159383939170251,0.0,0.2709881060007142,0.0,0.06421915712681679,0.0,0.013891180114048229,0.0,0.012049936621290827,0.0,0.0045858707162551,0.0,0.0,,0.0,,0.0,,0.0,,0.0,,0.0,,0.0,,0.0,,0.0,,0.0,,0.0,,0.0,,0.0,,0.0,,0.0,,0.0,,0.0,,0.0,,0.0,,0.0,,0.0,,0.0,,0.0,,0.0,,0.0,,0.0,,0.0,,0.0,,0.0,,0.0,,0.0,,0.0,,0.0,,0.0,,0.0,,0.0,,0.0,,0.0,,0.0,,,,,,,,0.0,,,,,,,,,,,,0.017172542605094748,0.0,0.014138529190748149,0.0,0.0036564872702356047,0.0,0.040149272578518524,0.0,0.005532753244950961,0.0,0.0046115272990917555,0.0,0.04806747231632467,0.0,0.0,0.0,0.008838040572477503,0.0,0.0,0.0,0.0,0.0,0.0,0.0,0.0,0.0,0.01990227987308323,0.0,0.0030874328278913195,0.0,0.012187839258552997,0.0,0.0019906390026756438,0.0,0.021467540912875276,0.0,0.00386852449623908,0.0,0.0,,0.0,,0.0,,0.0,,0.0,,0.0,,0.0,,0.0,,,,,,,,,,,,,,,,,,,,,,0,0,55,3
3,region_03,2023-11-04,,,,,,,,,,,,,,,0.0,0.0,,,,,,,,,,,,,,,,,,,,,,,,,0.0,0.0,,,,,,,,,,,,,0.0,0.0,0.002813095247256526,0.0,0.0,0.0,0.0,0.0,0.0,0.0,0.009299245714238315,0.0,,,0.0,0.0,0.0,0.0,0.0005977323744445793,0.0,0.0,0.0,0.0,0.0,0.0,0.0,0.0,0.0,0.0,0.0,0.0,0.0,0.0006092586529120813,0.0,0.181414767013999,0.0,0.004720390422000064,0.0,0.0042458317469004315,0.0,0.0,0.0,0.0,0.0,0.0,0.0,0.0,0.0,0.08496309709167331,0.0,0.0052365903017144635,0.0,0.01744190649294131,0.0,0.005278605818691643,0.0,0.01716638459630942,0.0,0.050996249456757174,0.0,0.29598912150576345,0.0,0.05981874391859901,0.0,0.018621085851067035,0.0,0.016728135350546406,0.0,0.01414265073253768,0.0,0.0,,0.0,,0.0,,0.0,,0.0,,0.0,,0.0,,0.0,,0.0,,0.0,,0.0,,0.0,,0.0,,0.0,,0.0,,0.0,,0.0,,0.0,,0.0,,0.0,,0.0,,0.0,,0.0,,0.0,,0.0,,0.0,,0.0,,0.0,,0.0,,0.0,,0.0,,0.0,,0.0,,0.0,,0.0,,0.0,,0.0,,0.0,,0.0,,,,,,,,0.0,,,,,,,,,,,,0.02640943733021249,0.0,0.01186129041456203,0.0,0.0018282436351178023,0.0,0.03585170859305463,0.0,0.00856891065415717,0.0,0.0028762772325487108,0.0,0.04778705099597569,0.0,0.0015407210012199136,0.0,0.006363947287261463,0.0,0.0,0.0,0.0,0.0,0.0011638528201728799,0.0,0.00035092629259449377,0.0,0.013522700379920576,0.0,0.0015437164139456597,0.0,0.019218982339882035,0.0,0.0020245586042482366,0.0,0.02024144520418128,0.0,0.004329239052618096,0.0,0.0,,0.0,,0.0,,0.0,,0.0,,0.0,,0.0,,0.0,,,,,,,,,,,,,,,,,,,,,,0,0,55,4
3,region_03,2023-11-11,,,,,,,,,,,,,,,0.0,0.0,,,,,,,,,,,,,,,,,,,,,,,,,0.0,0.0,,,,,,,,,,,,,0.0,0.0,0.0030185429088305247,0.0,0.0,0.0,0.0,0.0,0.0,0.0,0.007403781649190877,0.0,,,0.0,0.0,0.0,0.0,0.0,0.0,0.0,0.0,0.0,0.0,0.0,0.0,0.0,0.0,0.0,0.0,0.0,0.0,0.0012185173058241626,0.0,0.15272873677313326,0.0,0.0023492322560693395,0.0,0.006381831865292,0.0,0.0,0.0,0.0,0.0,0.0,0.0,0.0,0.0,0.07051684819161888,0.0,0.0072771538398228005,0.0,0.014667013031430498,0.0,0.0053532038582488495,0.0,0.014271319704130241,0.0,0.06039865952181184,0.0,0.3209901370108127,0.0,0.05541833071038123,0.0,0.023350991588085842,0.0,0.021406334079801987,0.0,0.023699430748820256,0.0,0.0,,0.0,,0.0,,0.0,,0.0,,0.0,,0.0,,0.0,,0.0,,0.0,,0.0,,0.0,,0.0,,0.0,,0.0,,0.0,,0.0,,0.0,,0.0,,0.0,,0.0,,0.0,,0.0,,0.0,,0.0,,0.0,,0.0,,0.0,,0.0,,0.0,,0.0,,0.0,,0.0,,0.0,,0.0,,0.0,,0.0,,0.0,,0.0,,,,,,,,0.0,,,,,,,,,,,,0.03564633205533023,0.0,0.009584051638375913,0.0,0.0,0.0,0.03155414460759073,0.0,0.01160506806336338,0.0,0.0011410271660056658,0.0,0.0475066296756267,0.0,0.003081442002439827,0.0,0.0038898540020454223,0.0,0.0,0.0,0.0,0.0,0.0023277056403457597,0.0,0.0007018525851889875,0.0,0.0071431208867579225,0.0,0.0,0.0,0.026250125421211072,0.0,0.0020584782058208294,0.0,0.019015349495487284,0.0,0.004789953608997113,0.0,0.0,,0.0,,0.0,,0.0,,0.0,,0.0,,0.0,,0.0,,,,,,,,,,,,,,,,,,,,,,0,0,55,5
3,region_03,2023-11-18,,,,,,,,,,,,,,,0.0,0.0,,,,,,,,,,,,,,,,,,,,,,,,,0.0,0.0,,,,,,,,,,,,,0.0,0.0,0.0022848727181553376,0.0,0.0,0.0,0.0,0.0,0.0,0.0,0.013045694517682085,0.0,,,0.0,0.0,0.0,0.0,0.0,0.0,0.0,0.0,0.0,0.0,0.0,0.0,0.0,0.0,0.0,0.0,0.0,0.0,0.0006092586529120813,0.0,0.14568840119605642,0.0,0.007660585507676938,0.0,0.004694805993513418,0.0,0.0,0.0,0.0,0.0,0.0,0.0,0.0013299981693330974,0.0,0.07003034143589242,0.0,0.006860106524515795,0.0,0.010489328503787757,0.0,0.009944707801481906,0.0,0.01302363244900236,0.0,0.05033716175946504,0.0,0.33292599376768633,0.0,0.05624001277968856,0.0,0.017250376188745434,0.0,0.037728366463516724,0.0,0.04334166896744411,0.0,0.0,,0.0,,0.0,,0.0,,0.0,,0.0,,0.0,,0.0,,0.0,,0.0,,0.0006707327770224184,2.0,0.0,,0.0,,0.0,,0.0,,0.0,,0.0,,0.0,,0.0,,0.0,,0.0,,0.0,,0.0,,0.0,,0.0,,0.0,,0.0,,0.0,,0.0,,0.0,,0.0,,0.0,,0.0,,0.0,,0.0,,0.0,,0.0,,0.0,,0.0,,,,,,,,0.0,,,,,,,,,,,,0.021776478760278713,0.0,0.008120809382167948,0.0,0.002194198332010528,0.0,0.02249239292763332,0.0,0.009920765956839831,0.0,0.0005705135830028329,0.0,0.04187116126872986,0.0,0.0015407210012199136,0.0,0.008561260667733972,0.0,0.0,0.0,0.00015218779840205383,0.0,0.0011638528201728799,0.0,0.00035092629259449377,0.0,0.00792454472468349,0.0,0.0,0.0,0.025646874734248246,0.0,0.0017332660749734621,0.0,0.017231933677043617,0.0,0.0036810959226642307,0.0,0.0,,0.0,,0.0,,0.0,,0.0,,0.0,,0.0,,0.0,,,,,,,,,,,,,,,,,,,,,,0,1,55,6
3,region_03,2023-11-25,,,,,,,,,,,,,,,0.0,0.0,,,,,,,,,,,,,,,,,,,,,,,,,0.0,0.0,,,,,,,,,,,,,0.0,0.0,0.00155120252748015,0.0,0.0,0.0,0.0,0.0,0.0,0.0,0.018687607386173293,0.0,,,0.0,0.0,0.0,0.0,0.0,0.0,0.0,0.0,0.0,0.0,0.0,0.0,0.0,0.0,0.0,0.0,0.0,0.0,0.0,0.0,0.1386480656189796,0.0,0.012971938759284535,0.0,0.003007780121734836,0.0,0.0,0.0,0.0,0.0,0.0,0.0,0.002659996338666195,0.0,0.06954383468016595,0.0,0.00644305920920879,0.0,0.006311643976145015,0.0,0.01453621174471496,0.0,0.011775945193874477,0.0,0.04027566399711824,0.0,0.34486185052456,0.0,0.0570616948489959,0.0,0.011149760789405029,0.0,0.05405039884723145,0.0,0.06298390718606796,0.0,0.0,,0.0,,0.0,,0.0,,0.0,,0.0,,0.0,,0.0,,0.0,,0.0,,0.0013414655540448367,0.0,0.0,,0.0,,0.0,,0.0,,0.0,,0.0,,0.0,,0.0,,0.0,,0.0,,0.0,,0.0,,0.0,,0.0,,0.0,,0.0,,0.0,,0.0,,0.0,,0.0,,0.0,,0.0,,0.0,,0.0,,0.0,,0.0,,0.0,,0.0,,,,,,,,0.0,,,,,,,,,,,,0.007906625465227198,0.0,0.006657567125959984,0.0,0.004388396664021056,0.0,0.013430641247675915,0.0,0.008236463850316282,0.0,0.0,0.0,0.03623569286183303,0.0,0.0,0.0,0.01323266733342252,0.0,0.0,0.0,0.00030437559680410766,0.0,0.0,0.0,0.0,0.0,0.00870596856260906,0.0,0.0,0.0,0.025043624047285423,0.0,0.0014080539441260948,0.0,0.015448517858599948,0.0,0.0025722382363313487,0.0,0.0,,0.0,,0.0,,0.0,,0.0,,0.0,,0.0,,0.0,,,,,,,,,,,,,,,,,,,,,,0,0,56,7
3,region_03,2023-12-02,,,,,,,,,,,,,,,0.0,0.0,,,,,,,,,,,,,,,,,,,,,,,,,0.0,0.0,,,,,,,,,,,,,0.0,0.0,0.0011859501275466276,0.0,0.0,0.0,0.0,0.0,0.0,0.0,0.0324699029517479,0.0,,,0.0,0.0,0.0,0.0,0.0,0.0,0.0,0.0,0.0,0.0,0.0,0.0,0.0,0.0,0.0,0.0,0.0,0.0,0.0,0.0,0.12498164751822083,0.0,0.011168887691670296,0.0,0.002363893179675039,0.0,0.0,0.0,0.0,0.0,0.0,0.0,0.0013299981693330974,0.0,0.054085249915799424,0.0,0.006275176045847074,0.0,0.010855883842537713,0.0,0.00887771019095917,0.0,0.008690984437195595,0.0,0.04706895065980275,0.0,0.3136873200093364,0.0,0.062215213278567924,0.0,0.013962410764288552,0.0,0.04701571376659927,0.0,0.12563199932999936,0.0,0.0,,0.0,,0.0,,0.0,,0.0,,0.0005224875623003912,2.0,0.0,,0.0,,0.0,,0.0013707515358089672,2.0,0.002060224428714667,0.0,0.0,,0.0,,0.0,,0.0,,0.0,,0.0,,0.0,,0.0,,0.0,,0.0,,0.0,,0.0,,0.0,,0.0,,0.0,,0.0,,0.0,,0.0,,0.0,,0.0,,0.0,,0.0,,0.0,,0.0,,0.0,,0.0,,0.0,,0.0,,,,,,,,0.0,,,,,,,,,,,,0.009652416151351222,0.0,0.005909539250372234,0.0,0.0024941422501583176,0.0,0.012002439935428924,0.0,0.007994084892035305,0.0,0.0011104257622112665,0.0,0.028927269563274904,0.0,0.0,0.0,0.0099752019728218,0.0,0.0,0.0,0.00015218779840205383,0.0,0.0,0.0,0.0,0.0,0.010394052142030971,0.0,0.0,0.0,0.018358350540706073,0.0,0.0007040269720630474,0.0,0.010174015092766475,0.0,0.0016826631223985692,0.0,0.0,,0.0,,0.0,,0.0,,0.0,,0.0,,0.0,,0.0,,,,,,,,,,,,,,,,,,,,,,0,2,56,8
3,region_03,2023-12-09,,,,,,,,,,,,,,,0.0,0.0,,,,,,,,,,,,,,,,,,,,,,,,,0.0,0.0,,,,,,,,,,,,,0.0,0.0,0.000820697727613105,0.0,0.0,0.0,0.0,0.0,0.0,0.0,0.0462521985173225,0.0,,,0.0,0.0,0.0,0.0,0.0,0.0,0.0,0.0,0.0,0.0,0.0,0.0,0.0,0.0,0.0,0.0,0.0,0.0,0.0,0.0,0.11131522941746205,0.0,0.00936583662405606,0.0,0.001720006237615242,0.0,0.0,0.0,0.0,0.0,0.0,0.0,0.0,0.0,0.03862666515143289,0.0,0.006107292882485358,0.0,0.01540012370893041,0.0,0.0032192086372033815,0.0,0.005606023680516711,0.0,0.05386223732248727,0.0,0.2825127894941129,0.0,0.06736873170813995,0.0,0.016775060739172076,0.0,0.039981028685967084,0.0,0.1882800914739307,0.0,0.0,,0.0,,0.0,,0.0,,0.0,,0.0010449751246007825,0.0,0.0,,0.0,,0.0,,0.0027415030716179344,0.0,0.002778983303384497,0.0,0.0,,0.0,,0.0,,0.0,,0.0,,0.0,,0.0,,0.0,,0.0,,0.0,,0.0,,0.0,,0.0,,0.0,,0.0,,0.0,,0.0,,0.0,,0.0,,0.0,,0.0,,0.0,,0.0,,0.0,,0.0,,0.0,,0.0,,0.0,,,,,,,,0.0,,,,,,,,,,,,0.011398206837475246,0.0,0.005161511374784484,0.0,0.000599887836295579,0.0,0.010574238623181933,0.0,0.007751705933754328,0.0,0.002220851524422533,0.0,0.021618846264716777,0.0,0.0,0.0,0.006717736612221079,0.0,0.0,0.0,0.0,0.0,0.0,0.0,0.0,0.0,0.01208213572145288,0.0,0.0,0.0,0.01167307703412672,0.0,0.0,0.0,0.004899512326933002,0.0,0.0007930880084657894,0.0,0.0,,0.0,,0.0,,0.0,,0.0,,0.0,,0.0,,0.0,,,,,,,,,,,,,,,,,,,,,,0,0,58,9
3,region_03,2023-12-16,,,,,,,,,,,,,,,0.0,0.0,,,,,,,,,,,,,,,,,,,,,,,,,0.0,0.0,,,,,,,,,,,,,0.0,0.0,0.0010076280829584348,0.0,0.0,0.0,0.0,0.0,0.0,0.0,0.04130670599438044,0.0,,,0.0,0.0,0.0,0.0,0.0,0.0,0.0,0.0,0.0,0.0,0.0,0.0,0.0,0.0,0.0,0.0,0.0,0.0,0.0012855790083522865,0.0,0.09814868966226128,0.0,0.005704998921263114,0.0,0.000860003118807621,0.0,0.0,0.0,0.0,0.0,0.0,0.0,0.0,0.0,0.03781267024464621,0.0,0.004220247489874098,0.0,0.009011487677315095,0.0,0.002001529320462315,0.0,0.00443454765334487,0.0,0.05219232450884524,0.0,0.24346313517471802,0.0,0.06359222118516222,0.0,0.012500931838378894,0.0,0.034925762446479706,0.0,0.2887452290967043,0.0,0.0,,0.0,,0.0,,0.0001991454565930607,2.0,0.0,,0.0011166719118858603,0.0,0.0,,0.0003467632796736609,2.0,0.0,,0.004267921807222966,0.0,0.004448852354835203,0.0,0.0,,0.0,,0.0,,0.0,,0.0,,0.0,,0.0,,0.0,,0.0,,0.0,,0.0,,0.0,,0.0,,0.0007042484219363166,1.0,0.0,,0.0,,0.0,,0.0,,0.0,,0.0,,0.0,,0.0,,0.0,,0.0,,0.0,,0.0,,0.0,,0.0,,,,,,,,0.0,,,,,,,,,,,,0.011973977917050137,0.0,0.003282831157123147,0.0,0.0002999439181477895,0.0,0.013200110880037117,0.0,0.006066735753733853,0.0,0.0015843278282166415,0.0,0.016750401623181387,0.0,0.0,0.0,0.0035998838345556645,0.0,0.0,0.0,0.0,0.0,0.0,0.0,0.0,0.0,0.008289680653284781,0.0,0.0,0.0,0.007609439450236595,0.0,0.000473902066005375,0.0,0.006740046592043719,0.0,0.0003965440042328947,0.0,0.0,,0.0,,0.0,,0.0,,0.0,,0.0,,0.0,,0.0,,,,,,,,,,,,,,,,,,,,,,1,2,58,0
3,region_03,2023-12-23,,,,,,,,,,,,,,,0.0,0.0,,,,,,,,,,,,,,,,,,,,,,,,,0.0,0.0,,,,,,,,,,,,,0.0,0.0,0.0011945584383037649,0.0,0.0,0.0,0.0,0.0,0.0,0.0,0.036361213471438385,0.0,,,0.0,0.0,0.0,0.0,0.0,0.0,0.0,0.0,0.0,0.0,0.0,0.0,0.0,0.0,0.0,0.0,0.0,0.0,0.002571158016704573,0.0,0.08498214990706052,0.0,0.002044161218470168,0.0,0.0,0.0,0.0,0.0,0.0,0.0,0.0,0.0,0.0,0.0,0.036998675337859534,0.0,0.002333202097262838,0.0,0.002622851645699778,0.0,0.0007838500037212476,0.0,0.0032630716261730294,0.0,0.05052241169520321,0.0,0.20441348085532313,0.0,0.05981571066218449,0.0,0.008226802937585714,0.0,0.029870496206992326,0.0,0.38921036671947784,0.0,0.0,,0.0,,0.0,,0.0003982909131861214,0.0,0.0,,0.0011883686991709381,0.0,0.0,,0.0006935265593473218,0.0,0.0,,0.005794340542827997,0.0,0.00611872140628591,0.0,0.0,,0.0,,0.0,,0.0,,0.0,,0.0,,0.0,,0.0,,0.0,,0.0,,0.0,,0.0,,0.0,,0.0014084968438726332,0.0,0.0,,0.0,,0.0,,0.0,,0.0,,0.0,,0.0,,0.0,,0.0,,0.0,,0.0,,0.0,,0.0,,0.0,,,,,,,,0.0,,,,,,,,,,,,0.012549748996625027,0.0,0.0014041509394618092,0.0,0.0,0.0,0.0158259831368923,0.0,0.004381765573713378,0.0,0.00094780413201075,0.0,0.011881956981645993,0.0,0.0,0.0,0.00048203105689025,0.0,0.0,0.0,0.0,0.0,0.0,0.0,0.0,0.0,0.004497225585116681,0.0,0.0,0.0,0.0035458018663464706,0.0,0.00094780413201075,0.0,0.008580580857154435,0.0,0.0,0.0,0.0,,0.0,,0.0,,0.0,,0.0,,0.0,,0.0,,0.0,,,,,,,,,,,,,,,,,,,,,,0,0,61,1
3,region_03,2023-12-30,,,,,,,,,,,,,,,0.0,0.0,,,,,,,,,,,,,,,,,,,,,,,,,0.0,0.0,,,,,,,,,,,,,0.0,0.0,0.0014449414527663552,0.0,0.0,0.0,0.0,0.0,0.0,0.0,0.02936281299283256,0.0,,,0.0,0.0,0.0,0.0,0.0,0.0,0.0,0.0,0.0,0.0,0.0,0.0,0.0,0.0,0.0,0.0,0.0,0.0,0.0012855790083522865,0.0,0.057698210364775716,0.0,0.0019324154609830604,0.0,0.0,0.0,0.0,0.0,0.0,0.0,0.0,0.0,0.0,0.0,0.020450964151504634,0.0,0.0032342879738596663,0.0,0.0027487350015288044,0.0,0.0003919250018606238,0.0,0.002680705271975176,0.0,0.032011904097131755,0.0,0.16397466748818618,0.0,0.0456232216122473,0.0,0.007349170286623666,0.0,0.03228326272373236,0.0,0.5077910796702803,0.0,0.0,,0.0007854613187887015,2.0,0.0017122632591053584,2.0,0.0001991454565930607,0.0,0.0,,0.003959162632407413,0.0,0.0,,0.0003467632796736609,0.0,0.00045697900242410924,2.0,0.008711265594077559,0.0,0.009671343172279447,0.0,0.0,,0.0,,0.0,,0.0,,0.0,,0.0,,0.0,,0.00010461087169292726,1.0,0.0,,0.00026712869002947,2.0,0.0,,0.00026445069774384106,2.0,0.0,,0.0007042484219363166,0.0,0.0,,0.0,,0.0,,0.0,,0.0,,0.0,,0.0,,0.0,,0.0,,0.0,,0.0,,0.0,,0.0,,0.0,,,,,,,,0.0,,,,,,,,,,,,0.012871693902825134,0.0,0.002243866793419692,0.0,0.0,0.0,0.008839974485454115,0.0,0.003330319779220567,0.0,0.000473902066005375,0.0,0.013131793247268167,0.0,0.0,0.0,0.000241015528445125,0.0,0.0,0.0,0.0,0.0,0.0,0.0,0.0,0.0,0.003865811706019952,0.0,0.0,0.0,0.0046984069370985815,0.0,0.0010857983523035112,0.0,0.005793513189606154,0.0,0.0,0.0,0.00045777703780911075,2.0,0.0,,0.0,,0.0,,0.0,,0.0,,0.0,,0.0,,,,,,,,,,,,,,,,,,,,,,1,6,61,0
3,region_03,2024-01-06,,,,,,,,,,,,,,,0.0,0.0,,,,,,,,,,,,,,,,,,,,,,,,,0.0,0.0,,,,,,,,,,,,,0.0,0.0,0.0016953244672289456,0.0,0.0,0.0,0.0,0.0,0.0,0.0,0.022364412514226734,0.0,,,0.0,0.0,0.0,0.0,0.0,0.0,0.0,0.0,0.0,0.0,0.0,0.0,0.0,0.0,0.0,0.0,0.0,0.0,0.0,0.0,0.03041427082249092,0.0,0.001820669703495953,0.0,0.0,0.0,0.0,0.0,0.0,0.0,0.0,0.0,0.0,0.0,0.003903252965149736,0.0,0.004135373850456495,0.0,0.0028746183573578306,0.0,0.0,0.0,0.0020983389177773224,0.0,0.013501396499060304,0.0,0.1235358541210492,0.0,0.03143073256231012,0.0,0.006471537635661619,0.0,0.034696029240472395,0.0,0.6263717926210828,0.0,0.0,,0.001570922637577403,0.0,0.0034245265182107167,0.0,0.0,0.0,0.0,,0.006729956565643888,0.0,0.0,,0.0,0.0,0.0009139580048482185,0.0,0.01162819064532712,0.0,0.013223964938272983,0.0,0.0,,0.0,,0.0,,0.0,,0.0,,0.0,,0.0,,0.00020922174338585452,0.0,0.0,,0.00053425738005894,0.0,0.0,,0.0005289013954876821,0.0,0.0,,0.0,0.0,0.0,,0.0,,0.0,,0.0,,0.0,,0.0,,0.0,,0.0,,0.0,,0.0,,0.0,,0.0,,0.0,,0.0,,,,,,,,0.0,,,,,,,,,,,,0.01319363880902524,0.0,0.003083582647377575,0.0,0.0,0.0,0.0018539658340159307,0.0,0.0022788739847277558,0.0,0.0,0.0,0.014381629512890343,0.0,0.0,0.0,0.0,0.0,0.0,0.0,0.0,0.0,0.0,0.0,0.0,0.0,0.003234397826923222,0.0,0.0,0.0,0.0058510120078506915,0.0,0.0012237925725962723,0.0,0.003006445522057872,0.0,0.0,0.0,0.0009155540756182215,0.0,0.0,,0.0,,0.0,,0.0,,0.0,,0.0,,0.0,,,,,,,,,,,,,,,,,,,,,,0,0,68,1
3,region_03,2024-01-13,,,,,,,,,,,,,,,0.00022254434547251716,0.0,,,,,,,,,,,,,,,,,,,,,,,,,0.0,0.0,,,,,,,,,,,,,0.0,0.0,0.0008476622336144728,0.0,0.0,0.0,0.0,0.0,0.0,0.0,0.023595833299415402,0.0,,,0.0,0.0,0.0,0.0,0.0005565840750932485,0.0,0.0,0.0,0.0,0.0,0.0,0.0,0.0,0.0,0.0,0.0,0.0,0.0,0.0,0.0,0.02081790244472874,0.0,0.0009103348517479765,0.0,0.0,0.0,0.0,0.0,0.0,0.0,0.0,0.0,0.0,0.0,0.004207677930216479,0.0,0.0040042731297453265,0.0,0.002168916044978468,0.0,0.0,0.0,0.001649260597344124,0.0,0.011786499614437325,0.0,0.08944246022119404,0.0,0.025074031734691207,0.0,0.005333555641118394,0.0,0.02185229433271733,0.0,0.6950412896180911,0.0,0.0,,0.001144761828233111,0.0,0.002541902218945275,0.0,0.0008743546674057839,0.0,0.0,,0.007972520666525599,0.0,0.0,,0.0007157396716398107,0.0,0.0006360731893908389,0.0,0.014603456932430422,0.0,0.017534519374991404,0.0,0.0,,0.0,,0.0,,0.0,,0.0,,0.0,,0.0,,0.00010461087169292726,0.0,0.0,,0.00026712869002947,0.0,0.0,,0.0029922458904495515,0.0,0.0,,0.00021019764940514565,0.0,0.0,,0.0,,0.0,,0.0,,0.0,,0.0,,0.0,,0.0,,0.0,,0.0,,0.0,,0.0,,0.0,,0.0,,,,,,,,0.0,,,,,,,,,,,,0.01174317167273585,0.0,0.0022733981899883404,0.0,0.0,0.0,0.0009269829170079654,0.0,0.0027074936686345623,0.0,0.0,0.0,0.008654028489044294,0.0,0.0,0.0,0.0,0.0,0.0,0.0,0.0,0.0,0.0,0.0,0.0,0.0,0.001617198913461611,0.0,0.0,0.0,0.005164163637100601,0.0,0.0013082781280177977,0.0,0.002234829627328489,0.0,0.0,0.0,0.00045777703780911075,0.0,0.0,,0.0,,0.0,,0.0,,0.0,,0.0,,0.0,,,,,,,,,,,,,,,,,,,,,,0,0,68,2
3,region_03,2024-01-20,,,,,,,,,,,,,,,0.0004450886909450343,0.0,,,,,,,,,,,,,,,,,,,,,,,,,0.0,0.0,,,,,,,,,,,,,0.0,0.0,0.0,0.0,0.0,0.0,0.0,0.0,0.0,0.0,0.02482725408460407,0.0,,,0.0,0.0,0.0,0.0,0.001113168150186497,0.0,0.0,0.0,0.0,0.0,0.0,0.0,0.0,0.0,0.0,0.0,0.0,0.0,0.0,0.0,0.011221534066966557,0.0,0.0,0.0,0.0,0.0,0.0,0.0,0.0,0.0,0.0,0.0,0.0,0.0,0.004512102895283222,0.0,0.0038731724090341575,0.0,0.0014632137325991056,0.0,0.0,0.0,0.0012001822769109258,0.0,0.010071602729814345,0.0,0.055349066321338874,0.0,0.018717330907072293,0.0,0.004195573646575169,0.0,0.009008559424962266,0.0,0.7637107866150993,0.0,0.0,,0.000718601018888819,0.0,0.0016592779196798334,0.0,0.0017487093348115678,0.0,0.0,,0.009215084767407308,0.0,0.0,,0.0014314793432796213,0.0,0.00035818837393345924,0.0,0.017578723219533722,0.0,0.021845073811709824,0.0,0.0,,0.0,,0.0,,0.0,,0.0,,0.0,,0.0,,0.0,0.0,0.0,,0.0,0.0,0.0,,0.005455590385411421,0.0,0.0,,0.0004203952988102913,0.0,0.0,,0.0,,0.0,,0.0,,0.0,,0.0,,0.0,,0.0,,0.0,,0.0,,0.0,,0.0,,0.0,,0.0,,,,,,,,0.0,,,,,,,,,,,,0.01029270453644646,0.0,0.0014632137325991056,0.0,0.0,0.0,0.0,0.0,0.0031361133525413688,0.0,0.0,0.0,0.002926427465198246,0.0,0.0,0.0,0.0,0.0,0.0,0.0,0.0,0.0,0.0,0.0,0.0,0.0,0.0,0.0,0.0,0.0,0.004477315266350511,0.0,0.001392763683439323,0.0,0.0014632137325991056,0.0,0.0,0.0,0.0,0.0,0.0,,0.0,,0.0,,0.0,,0.0,,0.0,,0.0,,,,,,,,,,,,,,,,,,,,,,0,0,68,3
3,region_03,2024-01-27,,,,,,,,,,,,,,,0.00022254434547251716,0.0,,,,,,,,,,,,,,,,,,,,,,,,,0.0,0.0,,,,,,,,,,,,,0.0,0.0,0.0006366946070235618,0.0,0.0,0.0,0.0,0.0,0.0,0.0,0.020507676388770914,0.0,,,0.0,0.0,0.0,0.0,0.0005565840750932485,0.0,0.0,0.0,0.0,0.0,0.0,0.0,0.0,0.0,0.0,0.0,0.0,0.0,0.0,0.0,0.0062474616405068404,0.0,0.0,0.0,0.0,0.0,0.0,0.0,0.0,0.0,0.0,0.0,0.0,0.0,0.0033069158350547403,0.0,0.004676017739630002,0.0,0.0007316068662995528,0.0,0.0,0.0,0.0012817546046346292,0.0,0.006870412478857317,0.0,0.038820758940918056,0.0,0.014401580768191213,0.0,0.0022896989827345137,0.0,0.005831819944897568,0.0,0.783944208106073,0.0,0.0,,0.0014941453446226116,0.0,0.005625231284648129,0.0,0.0008743546674057839,0.0,0.0,,0.013938449165674209,0.0,0.0,,0.004746747481736434,0.0,0.00017909418696672962,0.0,0.03429266850774483,0.0,0.03292710847669724,0.0,0.0,,0.0,,0.0,,0.0,,0.0,,0.0,,0.0,,0.0,0.0,0.0,,0.00041842769812013833,0.0,0.0,,0.0027277951927057106,0.0,0.0,,0.00021019764940514565,0.0,0.0,,0.0,,0.0,,0.0,,0.0,,0.0,,0.0,,0.0,,0.0,,0.0,,0.00017316048351029092,2.0,0.0,,0.0,,0.0,,,,,,,,0.0,,,,,,,,,,,,0.00561763641985516,0.0,0.0007316068662995528,0.0,0.0,0.0,0.0,0.0,0.0015680566762706844,0.0,0.0,0.0,0.001463213732599123,0.0,0.0,0.0,0.0,0.0,0.0,0.0,0.0,0.0,0.0,0.0,0.0,0.0,0.0,0.0,0.0,0.0,0.0038424611073026053,0.0,0.0006963818417196615,0.0,0.0007316068662995528,0.0,0.0,0.0,0.0015579786725408572,0.0,0.0,,0.0,,0.0,,0.0,,0.0,,0.0,,0.0,,,,,,,,,,,,,,,,,,,,,,0,1,68,4
3,region_03,2024-02-03,,,,,,,,,,,,,,,0.0,0.0,,,,,,,,,,,,,,,,,,,,,,,,,0.0,0.0,,,,,,,,,,,,,0.0,0.0,0.0012733892140471235,0.0,0.0,0.0,0.0,0.0,0.0,0.0,0.01618809869293776,0.0,,,0.0,0.0,0.0,0.0,0.0,0.0,0.0,0.0,0.0,0.0,0.0,0.0,0.0,0.0,0.0,0.0,0.0,0.0,0.0,0.0,0.0012733892140471235,0.0,0.0,0.0,0.0,0.0,0.0,0.0,0.0,0.0,0.0,0.0,0.0,0.0,0.002101728774826259,0.0,0.0054788630702258465,0.0,0.0,0.0,0.0,0.0,0.0013633269323583325,0.0,0.0036692222279002882,0.0,0.022292451560497233,0.0,0.010085830629310132,0.0,0.0003838243188938588,0.0,0.0026550804648328707,0.0,0.8041776295970468,0.0,0.0,,0.002269689670356404,0.0,0.009591184649616426,0.0,0.0,0.0,0.0,,0.01866181356394111,0.0,0.0,,0.008062015620193246,0.0,0.0,0.0,0.05100661379595593,0.0,0.04400914314168466,0.0,0.0,,0.0,,0.0,,0.0,,0.0,,0.0,,0.0,,0.0,0.0,0.0,,0.0008368553962402767,0.0,0.0,,0.0,0.0,0.0,,0.0,0.0,0.0,,0.0,,0.0,,0.0,,0.0,,0.0,,0.0,,0.0,,0.0,,0.0,,0.00034632096702058183,0.0,0.0,,0.0,,0.0,,,,,,,,0.0,,,,,,,,,,,,0.0009425683032638589,0.0,0.0,0.0,0.0,0.0,0.0,0.0,0.0,0.0,0.0,0.0,0.0,0.0,0.0,0.0,0.0,0.0,0.0,0.0,0.0,0.0,0.0,0.0,0.0,0.0,0.0,0.0,0.0,0.0,0.0032076069482547,0.0,0.0,0.0,0.0,0.0,0.0,0.0,0.0031159573450817144,0.0,0.0,,0.0,,0.0,,0.0,,0.0,,0.0,,0.0,,,,,,,,,,,,,,,,,,,,,,0,0,69,5
3,region_03,2024-02-10,,,,,,,,,,,,,,,0.0,0.0,,,,,,,,,,,,,,,,,,,,,,,,,0.0,0.0,,,,,,,,,,,,,0.0,0.0,0.0006366946070235618,0.0,0.0,0.0,0.0,0.0,0.0,0.0,0.013844579590630542,0.0,,,0.0,0.0,0.0,0.0,0.0,0.0,0.0,0.0,0.0,0.0,0.0,0.0,0.0,0.0,0.0,0.0,0.0,0.0,0.0,0.0,0.001394457451782489,0.0,0.0,0.0,0.0,0.0,0.0,0.0,0.0,0.0,0.0,0.0,0.0,0.0,0.0010508643874131294,0.0,0.006340678782308507,0.0,0.0,0.0,0.0,0.0,0.0013287437469830753,0.0,0.0018346111139501441,0.0,0.016658772189508734,0.0,0.0065277977962770115,0.0,0.0001919121594469294,0.0,0.002519164718529773,0.0,0.7802308501672405,0.0,0.0017093877502095932,2.0,0.012940662785695127,0.0,0.01893241295280551,0.0,0.002596361111969692,0.0,0.0004238373252779161,2.0,0.017116348135887655,0.0,0.0,,0.005720099010172109,0.0,0.0,0.0,0.06592959817498918,0.0,0.04677164649107937,0.0,0.0,,0.0,,0.0,,0.00028394235414451664,2.0,0.0,,0.0,,0.0,,0.0,0.0,0.0,,0.001980877639531725,0.0,0.0,,0.0018433952853748588,0.0,0.0,,0.0,0.0,0.0,,0.0,,0.0,,0.0,,0.0,,0.0,,0.0,,0.0,,0.0,,0.0,,0.00017316048351029092,0.0,0.0,,0.0,,0.0,,,,,,,,0.0,,,,,,,,,,,,0.0018751334166620687,0.0,0.0012300875969230855,0.0,0.0,0.0,0.0007577628447589272,0.0,0.0,0.0,0.0,0.0,0.0006470802808039091,0.0,0.0,0.0,0.0,0.0,0.0,0.0,0.0,0.0,0.0,0.0,0.0,0.0,0.0,0.0,0.0,0.0,0.0017991425186916644,0.0,0.0,0.0,0.0009544209151499438,0.0,0.0,0.0,0.007388941066372827,0.0,0.0,,0.0,,0.0,,0.0,,0.0,,0.0,,0.0,,,,,,,,,,,,,,,,,,,,,,0,3,69,6
3,region_03,2024-02-17,,,,,,,,,,,,,,,0.0,0.0,,,,,,,,,,,,,,,,,,,,,,,,,0.0,0.0,,,,,,,,,,,,,0.0,0.0,0.0,0.0,0.0,0.0,0.0,0.0,0.0,0.0,0.011501060488323323,0.0,,,0.0,0.0,0.0,0.0,0.0,0.0,0.0,0.0,0.0,0.0,0.0,0.0,0.0,0.0,0.0,0.0,0.0,0.0,0.0,0.0,0.0015155256895178545,0.0,0.0,0.0,0.0,0.0,0.0,0.0,0.0,0.0,0.0,0.0,0.0,0.0,0.0,0.0,0.007202494494391166,0.0,0.0,0.0,0.0,0.0,0.0012941605616078181,0.0,0.0,0.0,0.011025092818520234,0.0,0.002969764963243891,0.0,0.0,0.0,0.0023832489722266756,0.0,0.7562840707374342,0.0,0.0034187755004191863,0.0,0.02361163590103385,0.0,0.028273641255994596,0.0,0.005192722223939384,0.0,0.0008476746505558322,0.0,0.0155708827078342,0.0,0.0,,0.0033781824001509714,0.0,0.0,0.0,0.08085258255402243,0.0,0.04953414984047409,0.0,0.0,,0.0,,0.0,,0.0005678847082890333,0.0,0.0,,0.0,,0.0,,0.0,0.0,0.0,,0.0031248998828231735,0.0,0.0,,0.0036867905707497176,0.0,0.0,,0.0,0.0,0.0,,0.0,,0.0,,0.0,,0.0,,0.0,,0.0,,0.0,,0.0,,0.0,,0.0,0.0,0.0,,0.0,,0.0,,,,,,,,0.0,,,,,,,,,,,,0.0028076985300602786,0.0,0.002460175193846171,0.0,0.0,0.0,0.0015155256895178545,0.0,0.0,0.0,0.0,0.0,0.0012941605616078181,0.0,0.0,0.0,0.0,0.0,0.0,0.0,0.0,0.0,0.0,0.0,0.0,0.0,0.0,0.0,0.0,0.0,0.00039067808912862857,0.0,0.0,0.0,0.0019088418302998875,0.0,0.0,0.0,0.01166192478766394,0.0,0.0,,0.0,,0.0,,0.0,,0.0,,0.0,,0.0,,,,,,,,,,,,,,,,,,,,,,0,0,72,7
3,region_03,2024-02-24,,,,,,,,,,,,,,,0.0,0.0,,,,,,,,,,,,,,,,,,,,,,,,,0.0,0.0,,,,,,,,,,,,,0.0,0.0,0.0,0.0,0.0,0.0,0.0,0.0,0.0,0.0,0.006493909110542376,0.0,,,0.0,0.0,0.0,0.0,0.0,0.0,0.0,0.0,0.0,0.0,0.0,0.0,0.0,0.0,0.0,0.0,0.0,0.0,0.0,0.0,0.00229242533069649,0.0,0.0,0.0,0.0,0.0,0.0,0.0,0.0,0.0,0.0,0.0,0.0,0.0,0.0,0.0,0.006668772878390722,0.0,0.0,0.0,0.0,0.0,0.0006470802808039091,0.0,0.0,0.0,0.005512546409260117,0.0,0.0014848824816219455,0.0,0.0,0.0,0.0011916244861133378,0.0,0.7326024787387613,0.0,0.004156371729914045,0.0,0.014127110291155941,0.0,0.03793253218755121,0.0,0.006255806679086285,0.0,0.000999068247827856,0.0,0.01658323798619672,0.0,0.0,,0.005254668965270427,0.0,0.0,0.0,0.0846816758314768,0.0,0.06453541077085227,0.0,0.0,,0.0,,0.0,,0.004356083807457828,0.0,0.0,,0.0,,0.0,,0.0,0.0,0.0,,0.01137355742976064,0.0,0.0004987142165191273,2.0,0.004489758625693037,0.0,0.0,,0.00015071940288178333,0.0,0.0,,0.0,,0.0,,0.0,,0.0,,0.0,,0.0,,0.0,,0.0,,0.0,,0.0,0.0,0.0,,0.0,,0.0,,,,,,,,0.0,,,,,,,,,,,,0.0014038492650301393,0.0,0.0012300875969230855,0.0,0.0,0.0,0.0007577628447589272,0.0,0.0,0.0,0.0,0.0,0.0006470802808039091,0.0,0.0,0.0,0.0007568589644506266,0.0,0.0,0.0,0.0,0.0,0.0,0.0,0.0,0.0,0.0,0.0,0.0,0.0,0.0003686295983372803,0.0,0.0,0.0,0.0009544209151499438,0.0,0.0,0.0,0.00918880712872898,0.0,0.0,,0.0,,0.0,,0.0,,0.0,,0.0,,0.0,,,,,,,,,,,,,,,,,,,,,,0,1,72,8
3,region_03,2024-03-02,,,,,,,,,,,,,,,0.0,0.0,,,,,,,,,,,,,,,,,,,,,,,,,0.0,0.0,,,,,,,,,,,,,0.0,0.0,0.0,0.0,0.0,0.0,0.0,0.0,0.0,0.0,0.0014867577327614286,0.0,,,0.0,0.0,0.0,0.0,0.0,0.0,0.0,0.0,0.0,0.0,0.0,0.0,0.0,0.0,0.0,0.0,0.0,0.0,0.0,0.0,0.003069324971875125,0.0,0.0,0.0,0.0,0.0,0.0,0.0,0.0,0.0,0.0,0.0,0.0,0.0,0.0,0.0,0.006135051262390278,0.0,0.0,0.0,0.0,0.0,0.0,0.0,0.0,0.0,0.0,0.0,0.0,0.0,0.0,0.0,0.0,0.0,0.7089208867400885,0.0,0.004893967959408903,0.0,0.004642584681278034,0.0,0.04759142311910782,0.0,0.007318891134233186,0.0,0.00115046184509988,0.0,0.017595593264559235,0.0,0.0,,0.007131155530389882,0.0,0.0,0.0,0.08851076910893117,0.0,0.07953667170123045,0.0,0.0,,0.0,,0.0,,0.008144282906626624,0.0,0.0,,0.0,,0.0,,0.0,0.0,0.0,,0.019622214976698103,0.0,0.0009974284330382546,0.0,0.005292726680636357,0.0,0.0,,0.00030143880576356666,0.0,0.0,,0.0,,0.0,,0.0,,0.0,,0.0,,0.0,,0.0,,0.0,,0.0,,0.0,0.0,0.0,,0.0,,0.0,,,,,,,,0.0,,,,,,,,,,,,0.0,0.0,0.0,0.0,0.0,0.0,0.0,0.0,0.0,0.0,0.0,0.0,0.0,0.0,0.0,0.0,0.0015137179289012532,0.0,0.0,0.0,0.0,0.0,0.0,0.0,0.0,0.0,0.0,0.0,0.0,0.0,0.0003465811075459321,0.0,0.0,0.0,0.0,0.0,0.0,0.0,0.006715689469794021,0.0,0.0,,0.0,,0.0,,0.0,,0.0,,0.0,,0.0,,,,,,,,,,,,,,,,,,,,,,0,0,73,9
3,region_03,2024-03-09,,,,,,,,,,,,,,,0.0,0.0,,,,,,,,,,,,,,,,,,,,,,,,,0.0,0.0,,,,,,,,,,,,,0.0,0.0,0.0,0.0,0.0,0.0,0.0,0.0,0.0,0.0,0.0067800193417345755,0.0,,,0.0,0.0,0.0,0.0,0.002993720087913716,0.0,0.0,0.0,0.0,0.0,0.0,0.0,0.0,0.0,0.0,0.0,0.0,0.0,0.0,0.0,0.0015346624859375625,0.0,0.0,0.0,0.0,0.0,0.0,0.0,0.0,0.0,0.0,0.0,0.0,0.0,0.0,0.0,0.003067525631195139,0.0,0.0,0.0,0.0,0.0,0.0,0.0,0.0,0.0,0.002993720087913716,0.0,0.0,0.0,0.0,0.0,0.003319151248903021,0.0,0.6506775744079101,0.0,0.0024469839797044515,0.0,0.016346199132385615,0.0,0.05075116151322916,0.0,0.006027098149887319,0.0,0.003999974611880474,0.0,0.031018632262731074,0.0,0.0,,0.006783381736438143,0.0,0.0,0.0,0.1091851286590099,0.0,0.07378743393556736,0.0,0.0,,0.0,,0.0,,0.007165652210824151,0.0,0.0,,0.0,,0.0,,0.0,0.0,0.0,,0.028521452331915446,0.0,0.0004987142165191273,0.0,0.0037836687351088644,0.0,0.0,,0.00015071940288178333,0.0,0.0,,0.0,,0.0,,0.0,,0.0,,0.0,,0.0,,0.0,,0.0,,0.0,,0.0,0.0,0.0,,0.0,,0.0,,,,,,,,0.0,,,,,,,,,,,,0.0,0.0,0.0,0.0,0.0,0.0,0.0,0.0,0.0,0.0,0.0,0.0,0.0,0.0,0.0,0.0,0.0007568589644506266,0.0,0.0,0.0,0.0,0.0,0.0,0.0,0.0,0.0,0.0,0.0,0.0,0.0,0.00017329055377296606,0.0,0.0,0.0,0.0,0.0,0.0,0.0,0.015321060857136814,0.0,0.0,,0.0,,0.0,,0.0,,0.0,,0.0,,0.0,,,,,,,,,,,,,,,,,,,,,,0,0,73,10
3,region_03,2024-03-16,,,,,,,,,,,,,,,0.0,0.0,,,,,,,,,,,,,,,,,,,,,,,,,0.0,0.0,,,,,,,,,,,,,0.0,0.0,0.0,0.0,0.0,0.0,0.0,0.0,0.0,0.0,0.012073280950707721,0.0,,,0.0,0.0,0.0,0.0,0.005987440175827432,0.0,0.0,0.0,0.0,0.0,0.0,0.0,0.0,0.0,0.0,0.0,0.0,0.0,0.0,0.0,0.0,0.0,0.0,0.0,0.0,0.0,0.0,0.0,0.0,0.0,0.0,0.0,0.0,0.0,0.0,0.0,0.0,0.0,0.0,0.0,0.0,0.0,0.0,0.0,0.0,0.0,0.005987440175827432,0.0,0.0,0.0,0.0,0.0,0.006638302497806042,0.0,0.5924342620757318,0.0,0.0,0.0,0.0280498135834932,0.0,0.0539108999073505,0.0,0.004735305165541452,0.0,0.006849487378661068,0.0,0.04444167126090291,0.0,0.0,,0.0064356079424864035,0.0,0.0,0.0,0.1298594882090886,0.0,0.06803819616990425,0.0,0.0,,0.0,,0.0,,0.00618702151502168,0.0,0.0,,0.0,,0.0,,0.0,0.0,0.0,,0.03742068968713279,0.0,0.0,0.0,0.0022746107895813715,0.0,0.0,,0.0,0.0,0.0,,0.0,,0.0,,0.0,,0.0,,0.0,,0.0,,0.0,,0.0,,0.0,,0.0,0.0,0.0,,0.0,,0.0,,,,,,,,0.0,,,,,,,,,,,,0.0,0.0,0.0,0.0,0.0,0.0,0.0,0.0,0.0,0.0,0.0,0.0,0.0,0.0,0.0,0.0,0.0,0.0,0.0,0.0,0.0,0.0,0.0,0.0,0.0,0.0,0.0,0.0,0.0,0.0,0.0,0.0,0.0,0.0,0.0,0.0,0.0,0.0,0.023926432244479608,0.0,0.0,,0.0,,0.0,,0.0,,0.0,,0.0,,0.0,,,,,,,,,,,,,,,,,,,,,,0,0,73,11
3,region_03,2024-03-23,,,,,,,,,,,,,,,0.0,0.0,,,,,,,,,,,,,,,,,,,,,,,,,0.0,0.0,,,,,,,,,,,,,0.0,0.0,0.0,0.0,0.0,0.0,0.0,0.0,0.0,0.0,0.006959968791755013,0.0,,,0.0,0.0,0.0,0.0,0.002993720087913716,0.0,0.0,0.0,0.0,0.0,0.0009233283164011518,0.0,0.0,0.0,0.0,0.0,0.0,0.0,0.0,0.0,0.0,0.0,0.0,0.0,0.0,0.0,0.0,0.0,0.0,0.0,0.0,0.0,0.0,0.0,0.0,0.0,0.0010135508976721233,0.0,0.0,0.0,0.0,0.0,0.0,0.0,0.0,0.0,0.002993720087913716,0.0,0.0,0.0,0.0,0.0,0.003319151248903021,0.0,0.5130514845870058,0.0,0.004503968229982978,0.0,0.0140249067917466,0.0,0.058146066466967225,0.0,0.0072172397696312444,0.0,0.007211740068825185,0.0,0.04274831576953808,0.0,0.0,,0.011278538083258436,0.0,0.0008500505419861723,0.0,0.15292942272055715,0.0,0.06074676187265482,0.0,0.02418821870038905,2.0,0.0,,0.0,,0.007369396532885684,0.0,0.0,,0.0,,0.006771000334992979,1.0,0.0,0.0,0.007587114186026132,2.0,0.04359670759489134,0.0,0.0029012664842108667,0.0,0.005457964936448654,0.0,0.0,,0.0041602763381820874,0.0,0.0,,0.0,,0.0,,0.0,,0.0,,0.0,,0.0,,0.0,,0.0,,0.0,,0.0,0.0,0.0,,0.0,,0.0,,,,,,,,0.0,,,,,,,,,,,,0.0035232541809693207,0.0,0.0,0.0,0.0,0.0,0.0,0.0,0.0,0.0,0.0,0.0,0.0,0.0,0.0,0.0,0.0,0.0,0.0,0.0,0.0,0.0,0.0,0.0,0.0,0.0,0.0,0.0,0.0,0.0,0.0,0.0,0.0,0.0,0.0,0.0,0.0,0.0,0.02790848707913283,0.0,0.0,,0.0,,0.0,,0.0,,0.0,,0.0,,0.0,,,,,,,,,,,,,,,,,,,,,,1,2,73,0
3,region_03,2024-03-30,,,,,,,,,,,,,,,0.0,0.0,,,,,,,,,,,,,,,,,,,,,,,,,0.0,0.0,,,,,,,,,,,,,0.0,0.0,0.0,0.0,0.0,0.0,0.0,0.0,0.0,0.0,0.0018466566328023035,0.0,,,0.0,0.0,0.0,0.0,0.0,0.0,0.0,0.0,0.0,0.0,0.0018466566328023035,0.0,0.0,0.0,0.0,0.0,0.0,0.0,0.0,0.0,0.0,0.0,0.0,0.0,0.0,0.0,0.0,0.0,0.0,0.0,0.0,0.0,0.0,0.0,0.0,0.0,0.0020271017953442465,0.0,0.0,0.0,0.0,0.0,0.0,0.0,0.0,0.0,0.0,0.0,0.0,0.0,0.0,0.0,0.0,0.0,0.4336687070982797,0.0,0.009007936459965955,0.0,0.0,0.0,0.062381233026583945,0.0,0.009699174373721036,0.0,0.007573992758989301,0.0,0.04105496027817324,0.0,0.0,,0.01612146822403047,0.0,0.0017001010839723446,0.0,0.17599935723202567,0.0,0.053455327575405394,0.0,0.0483764374007781,0.0,0.0,,0.0,,0.008551771550749687,0.0,0.0,,0.0,,0.013542000669985958,0.0,0.0,0.0,0.015174228372052264,0.0,0.04977272550264989,0.0,0.005802532968421733,0.0,0.008641319083315935,0.0,0.0,,0.008320552676364175,0.0,0.0,,0.0,,0.0,,0.0,,0.0,,0.0,,0.0,,0.0,,0.0,,0.0,,0.0,0.0,0.0,,0.0,,0.0,,,,,,,,0.0,,,,,,,,,,,,0.007046508361938641,0.0,0.0,0.0,0.0,0.0,0.0,0.0,0.0,0.0,0.0,0.0,0.0,0.0,0.0,0.0,0.0,0.0,0.0,0.0,0.0,0.0,0.0,0.0,0.0,0.0,0.0,0.0,0.0,0.0,0.0,0.0,0.0,0.0,0.0,0.0,0.0,0.0,0.031890541913786055,0.0,0.0,,0.0,,0.0,,0.0,,0.0,,0.0,,0.0,,,,,,,,,,,,,,,,,,,,,,0,0,76,1
3,region_03,2024-04-06,,,,,,,,,,,,,,,0.0,0.0,,,,,,,,,,,,,,,,,,,,,,,,,0.0,0.0,,,,,,,,,,,,,0.0,0.0,0.0,0.0,0.0,0.0,0.0,0.0,0.0,0.0,0.0009233283164011518,0.0,,,0.0,0.0,0.0,0.0,0.0,0.0,0.0,0.0,0.0,0.0,0.0009233283164011518,0.0,0.0,0.0,0.0,0.0,0.0,0.0,0.0,0.0,0.0,0.0,0.0,0.0,0.0,0.0,0.0,0.0,0.0,0.0,0.0,0.0,0.0,0.0,0.0,0.0,0.0010135508976721233,0.0,0.0,0.0,0.0,0.0,0.0,0.0,0.0,0.0,0.0013176707695398621,0.0,0.0,0.0,0.0,0.0,0.0,0.0,0.42803705619473764,0.0,0.020273151319746913,0.0,0.0,0.0,0.06596830662382741,0.0,0.01192788473549883,0.0,0.005760753188847656,0.0,0.04757557703481832,0.0,0.0,,0.014121918764430981,0.0,0.004518642956908334,0.0,0.1456686152796733,0.0,0.057942773489517,0.0,0.028012858757791973,0.0,0.0,,0.0,,0.022304226366813708,0.0,0.0,,0.0,,0.01422476662056782,0.0,0.0,0.0,0.007587114186026132,0.0,0.0702357800698828,0.0,0.013307917752258785,0.0,0.004320659541657968,0.0,0.0,,0.014502756263094871,0.0,0.0,,0.0,,0.0,,0.0,,0.0,,0.0,,0.0,,0.0,,0.0,,0.0,,0.0,0.0,0.0,,0.0,,0.0,,,,,,,,0.0,,,,,,,,,,,,0.0035232541809693207,0.0,0.0,0.0,0.0,0.0,0.0,0.0,0.0,0.0,0.0,0.0,0.0,0.0,0.0,0.0,0.0,0.0,0.0,0.0,0.0,0.0,0.0,0.0,0.0,0.0,0.0,0.0,0.0,0.0,0.0,0.0,0.0,0.0,0.0,0.0,0.0,0.0,0.019437802897300523,0.0,0.0,,0.0,,0.0,,0.0,,0.0,,0.0,,0.0,,,,,,,,,,,,,,,,,,,,,,0,0,76,2
3,region_03,2024-04-13,,,,,,,,,,,,,,,0.0,0.0,,,,,,,,,,,,,,,,,,,,,,,,,0.0,0.0,,,,,,,,,,,,,0.0,0.0,0.0,0.0,0.0,0.0,0.0,0.0,0.0,0.0,0.0,0.0,,,0.0,0.0,0.0,0.0,0.0,0.0,0.0,0.0,0.0,0.0,0.0,0.0,0.0,0.0,0.0,0.0,0.0,0.0,0.0,0.0,0.0,0.0,0.0,0.0,0.0,0.0,0.0,0.0,0.0,0.0,0.0,0.0,0.0,0.0,0.0,0.0,0.0,0.0,0.0,0.0,0.0,0.0,0.0,0.0,0.0,0.0,0.0026353415390797242,0.0,0.0,0.0,0.0,0.0,0.0,0.0,0.4224054052911956,0.0,0.03153836617952787,0.0,0.0,0.0,0.06955538022107087,0.0,0.014156595097276624,0.0,0.003947513618706011,0.0,0.0540961937914634,0.0,0.0,,0.012122369304831489,0.0,0.007337184829844323,0.0,0.11533787332732097,0.0,0.0624302194036286,0.0,0.0076492801148058485,0.0,0.0,,0.0,,0.03605668118287773,0.0,0.0,,0.0,,0.014907532571149682,0.0,0.0,0.0,0.0,0.0,0.09069883463711571,0.0,0.020813302536095837,0.0,0.0,0.0,0.0,,0.020684959849825567,0.0,0.0,,0.0,,0.0,,0.0,,0.0,,0.0,,0.0,,0.0,,0.0,,0.0,,0.0,0.0,0.0,,0.0,,0.0,,,,,,,,0.0,,,,,,,,,,,,0.0,0.0,0.0,0.0,0.0,0.0,0.0,0.0,0.0,0.0,0.0,0.0,0.0,0.0,0.0,0.0,0.0,0.0,0.0,0.0,0.0,0.0,0.0,0.0,0.0,0.0,0.0,0.0,0.0,0.0,0.0,0.0,0.0,0.0,0.0,0.0,0.0,0.0,0.006985063880814986,0.0,0.0,,0.0,,0.0,,0.0,,0.0,,0.0,,0.0,,,,,,,,,,,,,,,,,,,,,,0,0,76,3
3,region_03,2024-04-20,,,,,,,,,,,,,,,0.0,0.0,,,,,,,,,,,,,,,,,,,,,,,,,0.0,0.0,,,,,,,,,,,,,0.0,0.0,0.0,0.0,0.0,0.0,0.0,0.0,0.0,0.0,0.0,0.0,,,0.0,0.0,0.0,0.0,0.0,0.0,0.0,0.0,0.0,0.0,0.0,0.0,0.0,0.0,0.0,0.0,0.0,0.0,0.0,0.0,0.0,0.0,0.0,0.0,0.0,0.0,0.0,0.0,0.0,0.0,0.0,0.0,0.0,0.0,0.0,0.0,0.0,0.0,0.0,0.0,0.0,0.0,0.0,0.0,0.0,0.0,0.005365296897530229,0.0,0.0,0.0,0.0,0.0,0.0,0.0,0.35303784581436504,0.0,0.02941653629985124,0.0,0.0,0.0,0.06202157339301377,0.0,0.007078297548638312,0.0,0.024795169297638964,0.0,0.03312083454481482,0.0,0.0,,0.011739180489842335,0.0,0.0036685924149221613,0.0,0.12885776650289008,0.0,0.05680376421568424,0.0,0.031647920933107025,0.0,0.0,,0.0,,0.09943737025404797,0.0,0.0,,0.002499718413067333,2.0,0.02254599076695736,0.0,0.0,0.0,0.0,0.0,0.07574740883531825,0.0,0.010406651268047918,0.0,0.00520996542647479,0.0,0.005243908414351063,2.0,0.02153137719465622,0.0,0.0,,0.0,,0.0,,0.0,,0.0,,0.0,,0.0,,0.0,,0.0,,0.0,,0.0,0.0,0.0,,0.0,,0.0,,,,,,,,0.0,,,,,,,,,,,,0.0,0.0,0.0,0.0,0.0,0.0,0.0,0.0,0.0,0.0,0.0,0.0,0.0,0.0,0.0,0.0,0.0,0.0,0.0,0.0,0.0,0.0,0.0,0.0,0.0,0.0,0.0,0.0,0.0,0.0,0.0,0.0,0.0,0.0,0.0,0.0,0.0,0.0,0.003492531940407493,0.0,0.0,,0.0,,0.0,,0.0,,0.0,,0.0,,0.0,,,,,,,,,,,,,,,,,,,,,,0,2,76,4
3,region_03,2024-04-27,,,,,,,,,,,,,,,0.0,0.0,,,,,,,,,,,,,,,,,,,,,,,,,0.0,0.0,,,,,,,,,,,,,0.0,0.0,0.0,0.0,0.0,0.0,0.0,0.0,0.0,0.0,0.0,0.0,,,0.0,0.0,0.0,0.0,0.0,0.0,0.0,0.0,0.0,0.0,0.0,0.0,0.0,0.0,0.0,0.0,0.0,0.0,0.0,0.0,0.0,0.0,0.0,0.0,0.0,0.0,0.0,0.0,0.0,0.0,0.0,0.0,0.0,0.0,0.0,0.0,0.0,0.0,0.0,0.0,0.0,0.0,0.0,0.0,0.0,0.0,0.008095252255980736,0.0,0.0,0.0,0.0,0.0,0.0,0.0,0.28367028633753455,0.0,0.027294706420174612,0.0,0.0,0.0,0.05448776656495668,0.0,0.0,0.0,0.04564282497657192,0.0,0.01214547529816624,0.0,0.0,,0.011355991674853183,0.0,0.0,0.0,0.14237765967845917,0.0,0.051177309027739884,0.0,0.0556465617514082,0.0,0.0,,0.0,,0.1628180593252182,0.0,0.0,,0.004999436826134666,0.0,0.030184448962765037,0.0,0.0,0.0,0.0,0.0,0.060795983033520795,0.0,0.0,0.0,0.01041993085294958,0.0,0.010487816828702127,0.0,0.022377794539486875,0.0,0.0,,0.0,,0.0,,0.0,,0.0,,0.0,,0.0,,0.0,,0.0,,0.0,,0.0,0.0,0.0,,0.0,,0.0,,,,,,,,0.0,,,,,,,,,,,,0.0,0.0,0.0,0.0,0.0,0.0,0.0,0.0,0.0,0.0,0.0,0.0,0.0,0.0,0.0,0.0,0.0,0.0,0.0,0.0,0.0,0.0,0.0,0.0,0.0,0.0,0.0,0.0,0.0,0.0,0.0,0.0,0.0,0.0,0.0,0.0,0.0,0.0,0.0,0.0,0.0,,0.0,,0.0,,0.0,,0.0,,0.0,,0.0,,,,,,,,,,,,,,,,,,,,,,0,0,78,5
3,region_03,2024-05-04,,,,,,,,,,,,,,,0.0,0.0,,,,,,,,,,,,,,,,,,,,,,,,,0.0,0.0,,,,,,,,,,,,,0.0,0.0,0.0,0.0,0.0,0.0,0.0,0.0,0.0,0.0,0.0,0.0,,,0.0,0.0,0.0,0.0,0.0,0.0,0.0,0.0,0.0,0.0,0.0,0.0,0.0,0.0,0.0,0.0,0.0,0.0,0.0,0.0,0.0,0.0,0.0,0.0,0.0,0.0,0.0,0.0,0.0,0.0,0.0,0.0,0.0,0.0,0.0,0.0,0.0,0.0,0.0,0.0,0.0,0.0,0.0,0.0,0.0,0.0,0.004047626127990368,0.0,0.0,0.0,0.0,0.0,0.0,0.0,0.28649497404694557,0.0,0.02744251808949874,0.0,0.0,0.0,0.045421272070299806,0.0,0.011044764615319367,0.0,0.03529293434792957,0.0,0.015966503582894757,0.0,0.0,,0.01131473580109217,0.0,0.007198209167216635,0.0,0.11539126725660429,0.0,0.042414301641719,0.0,0.05875255676755116,0.0,0.005932476778980317,2.0,0.010795275321773537,2.0,0.15107792367537815,0.0,0.0,,0.00843219519204765,0.0,0.034111977291229334,0.0,0.0,0.0,0.006037261728197308,0.0,0.04718037777969599,0.0,0.009464620716041962,0.0,0.00520996542647479,0.0,0.005243908414351063,0.0,0.04586706910696291,0.0,0.0,,0.0,,0.0,,0.0,,0.0,,0.0,,0.0,,0.0,,0.0,,0.0,,0.0,0.0,0.0,,0.0,,0.0,,,,,,,,0.0,,,,,,,,,,,,0.0,0.0,0.0,0.0,0.0,0.0,0.0,0.0,0.0,0.0,0.0,0.0,0.0,0.0,0.0,0.0,0.0,0.0,0.0,0.0,0.0,0.0,0.0,0.0,0.0,0.0,0.0,0.0,0.0,0.0,0.0,0.0,0.0,0.0,0.0,0.0,0.0,0.0,0.0,0.0,0.0,,0.0,,0.0,,0.0,,0.0,,0.0,,0.0,,,,,,,,,,,,,,,,,,,,,,0,2,78,6
3,region_03,2024-05-11,,,,,,,,,,,,,,,0.0,0.0,,,,,,,,,,,,,,,,,,,,,,,,,0.0,0.0,,,,,,,,,,,,,0.0,0.0,0.0,0.0,0.0,0.0,0.0,0.0,0.0,0.0,0.0,0.0,,,0.0,0.0,0.0,0.0,0.0,0.0,0.0,0.0,0.0,0.0,0.0,0.0,0.0,0.0,0.0,0.0,0.0,0.0,0.0,0.0,0.0,0.0,0.0,0.0,0.0,0.0,0.0,0.0,0.0,0.0,0.0,0.0,0.0,0.0,0.0,0.0,0.0,0.0,0.0,0.0,0.0,0.0,0.0,0.0,0.0,0.0,0.0,0.0,0.0,0.0,0.0,0.0,0.0,0.0,0.28931966175635654,0.0,0.02759032975882287,0.0,0.0,0.0,0.03635477757564293,0.0,0.022089529230638734,0.0,0.024943043719287218,0.0,0.019787531867623276,0.0,0.0,,0.011273479927331156,0.0,0.01439641833443327,0.0,0.08840487483474939,0.0,0.033651294255698114,0.0,0.061858551783694114,0.0,0.011864953557960634,0.0,0.021590550643547073,0.0,0.1393377880255381,0.0,0.0,,0.011864953557960634,0.0,0.03803950561969363,0.0,0.0,0.0,0.012074523456394617,0.0,0.03356477252587119,0.0,0.018929241432083924,0.0,0.0,0.0,0.0,0.0,0.06935634367443894,0.0,0.0,,0.0,,0.0,,0.0,,0.0,,0.0,,0.0,,0.0,,0.0,,0.0,,0.0,0.0,0.0,,0.0,,0.0,,,,,,,,0.0,,,,,,,,,,,,0.0,0.0,0.0,0.0,0.0,0.0,0.0,0.0,0.0,0.0,0.0,0.0,0.0,0.0,0.0,0.0,0.0,0.0,0.0,0.0,0.0,0.0,0.0,0.0,0.0,0.0,0.0,0.0,0.0,0.0,0.0,0.0,0.0,0.0,0.0,0.0,0.0,0.0,0.0,0.0,0.0,,0.0,,0.0,,0.0,,0.0,,0.0,,0.0,,,,,,,,,,,,,,,,,,,,,,0,0,80,7
3,region_03,2024-05-18,,,,,,,,,,,,,,,0.0,0.0,,,,,,,,,,,,,,,,,,,,,,,,,0.0,0.0,,,,,,,,,,,,,0.0,0.0,0.0,0.0,0.0,0.0,0.0,0.0,0.0,0.0,0.0,0.0,,,0.0,0.0,0.0,0.0,0.0,0.0,0.0,0.0,0.0,0.0,0.0,0.0,0.0,0.0,0.0,0.0,0.0,0.0,0.0,0.0,0.0,0.0,0.0,0.0,0.0,0.0,0.0,0.0,0.0,0.0,0.0,0.0,0.0,0.0,0.0,0.0,0.0,0.0,0.0,0.0,0.0,0.0,0.0,0.0,0.0,0.0,0.0,0.0,0.0,0.0,0.0,0.0,0.0,0.0,0.2258197655777136,0.0,0.019362924530958843,0.0,0.0,0.0,0.030192431524804504,0.0,0.017558018553224572,0.0,0.0482739234619118,0.0,0.016528072311327958,0.0,0.0,,0.005636739963665578,0.0,0.007198209167216635,0.0,0.10895378515124318,0.0,0.04298325291200618,0.0,0.0669566722761871,0.0,0.005932476778980317,0.0,0.010795275321773537,0.0,0.1385658632715543,0.0,0.0020221192760138747,2.0,0.04189444777633369,0.0,0.07790382027074137,0.0,0.0,0.0,0.012575723947957109,0.0,0.024997281106294976,0.0,0.01493224969152545,0.0,0.0,0.0,0.0,0.0,0.08078884313737392,0.0,0.0,,0.006135565325772985,2.0,0.0,,0.0,,0.0,,0.0,,0.0,,0.0,,0.0,,0.0,,0.0,0.0,0.0,,0.0,,0.0,,,,,,,,0.0,,,,,,,,,,,,0.0,0.0,0.0,0.0,0.0,0.0,0.0,0.0,0.0,0.0,0.0,0.0,0.0,0.0,0.0,0.0,0.0,0.0,0.0,0.0,0.0,0.0,0.0,0.0,0.0,0.0,0.0,0.0,0.0,0.0,0.0,0.0,0.0,0.0,0.0,0.0,0.0,0.0,0.0,0.0,0.0,,0.0,,0.0,,0.0,,0.0,,0.0,,0.0,,,,,,,,,,,,,,,,,,,,,,0,2,80,8
3,region_03,2024-05-25,,,,,,,,,,,,,,,0.0,0.0,,,,,,,,,,,,,,,,,,,,,,,,,0.0,0.0,,,,,,,,,,,,,0.0,0.0,0.0,0.0,0.0,0.0,0.0,0.0,0.0,0.0,0.0,0.0,,,0.0,0.0,0.0,0.0,0.0,0.0,0.0,0.0,0.0,0.0,0.0,0.0,0.0,0.0,0.0,0.0,0.0,0.0,0.0,0.0,0.0,0.0,0.0,0.0,0.0,0.0,0.0,0.0,0.0,0.0,0.0,0.0,0.0,0.0,0.0,0.0,0.0,0.0,0.0,0.0,0.0,0.0,0.0,0.0,0.0,0.0,0.0,0.0,0.0,0.0,0.0,0.0,0.0,0.0,0.1623198693990707,0.0,0.011135519303094818,0.0,0.0,0.0,0.02403008547396608,0.0,0.013026507875810408,0.0,0.07160480320453638,0.0,0.01326861275503264,0.0,0.0,,0.0,0.0,0.0,0.0,0.12950269546773696,0.0,0.05231521156831425,0.0,0.07205479276868008,0.0,0.0,0.0,0.0,0.0,0.13779393851757046,0.0,0.004044238552027749,0.0,0.07192394199470675,0.0,0.11776813492178911,0.0,0.0,0.0,0.013076924439519603,0.0,0.016429789686718762,0.0,0.010935257950966974,0.0,0.0,0.0,0.0,0.0,0.0922213426003089,0.0,0.0,,0.01227113065154597,0.0,0.0,,0.0,,0.0,,0.0,,0.0,,0.0,,0.0,,0.0,,0.0,0.0,0.0,,0.0,,0.0,,,,,,,,0.0,,,,,,,,,,,,0.0,0.0,0.0,0.0,0.0,0.0,0.0,0.0,0.0,0.0,0.0,0.0,0.0,0.0,0.0,0.0,0.0,0.0,0.0,0.0,0.0,0.0,0.0,0.0,0.0,0.0,0.0,0.0,0.0,0.0,0.0,0.0,0.0,0.0,0.0,0.0,0.0,0.0,0.0,0.0,0.0,,0.0,,0.0,,0.0,,0.0,,0.0,,0.0,,,,,,,,,,,,,,,,,,,,,,0,0,82,9
3,region_03,2024-06-01,,,,,,,,,,,,,,,0.0,0.0,,,,,,,,,,,,,,,,,,,,,,,,,0.0,0.0,,,,,,,,,,,,,0.0,0.0,0.0,0.0,0.0,0.0,0.0,0.0,0.0,0.0,0.0,0.0,,,0.0,0.0,0.0,0.0,0.0,0.0,0.0,0.0,0.0,0.0,0.0,0.0,0.0,0.0,0.0,0.0,0.0,0.0,0.0,0.0,0.0,0.0,0.0,0.0,0.0,0.0,0.0,0.0,0.0,0.0,0.0,0.0,0.0,0.0,0.0,0.0,0.0,0.0,0.0,0.0,0.0,0.0,0.0,0.0,0.0,0.0,0.0,0.0,0.0,0.0,0.0,0.0,0.0,0.0,0.148026345744729,0.0,0.016678719710415315,0.0,0.0,0.0,0.01201504273698304,0.0,0.013485634460543742,0.0,0.05062653675675387,0.0,0.021496007359371693,0.0,0.004441641235294231,2.0,0.0,0.0,0.0,0.0,0.07124405462501773,0.0,0.026157605784157125,0.0,0.07333145784930536,0.0,0.004571648916074364,0.0,0.006833875285727618,0.0,0.14286977484822272,0.0,0.003009051743323268,0.0,0.0710274113151125,0.0,0.14941444620490069,0.0,0.009159570759428378,0.0,0.0107535355025902,0.0,0.016739353400726686,0.0,0.024848424707624002,0.0,0.0,0.0,0.0009719643785501583,0.0,0.1213108698909099,0.0,0.0,,0.006135565325772985,0.0,0.0,,0.0,,0.0,,0.0,,0.0,,0.010997128362456933,2.0,0.0,,0.0,,0.0,0.0,0.0,,0.0,,0.0,,,,,,,,0.0,,,,,,,,,,,,0.0,0.0,0.0,0.0,0.0,0.0,0.0,0.0,0.0,0.0,0.0,0.0,0.0,0.0,0.0,0.0,0.0,0.0,0.0,0.0,0.0,0.0,0.0,0.0,0.0,0.0,0.0,0.0,0.0,0.0,0.0,0.0,0.0,0.0,0.0,0.0,0.0,0.0,0.004203307270807637,0.0,0.00515239993110297,2.0,0.0,,0.0,,0.0,,0.0,,0.0,,0.0,,,,,,,,,,,,,,,,,,,,,,0,3,82,10
3,region_03,2024-06-08,,,,,,,,,,,,,,,0.0,0.0,,,,,,,,,,,,,,,,,,,,,,,,,0.0,0.0,,,,,,,,,,,,,0.0,0.0,0.0,0.0,0.0,0.0,0.0,0.0,0.0,0.0,0.0,0.0,,,0.0,0.0,0.0,0.0,0.0,0.0,0.0,0.0,0.0,0.0,0.0,0.0,0.0,0.0,0.0,0.0,0.0,0.0,0.0,0.0,0.0,0.0,0.0,0.0,0.0,0.0,0.0,0.0,0.0,0.0,0.0,0.0,0.0,0.0,0.0,0.0,0.0,0.0,0.0,0.0,0.0,0.0,0.0,0.0,0.0,0.0,0.0,0.0,0.0,0.0,0.0,0.0,0.0,0.0,0.1337328220903873,0.0,0.022221920117735813,0.0,0.0,0.0,0.0,0.0,0.013944761045277077,0.0,0.029648270308971356,0.0,0.029723401963710747,0.0,0.008883282470588462,0.0,0.0,0.0,0.0,0.0,0.012985413782298512,0.0,0.0,0.0,0.07460812292993063,0.0,0.009143297832148728,0.0,0.013667750571455237,0.0,0.14794561117887495,0.0,0.0019738649346187865,0.0,0.07013088063551826,0.0,0.18106075748801229,0.0,0.018319141518856757,0.0,0.008430146565660795,0.0,0.01704891711473461,0.0,0.038761591464281035,0.0,0.0,0.0,0.0019439287571003166,0.0,0.1504003971815109,0.0,0.0,,0.0,0.0,0.0,,0.0,,0.0,,0.0,,0.0,,0.021994256724913865,0.0,0.0,,0.0,,0.0,0.0,0.0,,0.0,,0.0,,,,,,,,0.0,,,,,,,,,,,,0.0,0.0,0.0,0.0,0.0,0.0,0.0,0.0,0.0,0.0,0.0,0.0,0.0,0.0,0.0,0.0,0.0,0.0,0.0,0.0,0.0,0.0,0.0,0.0,0.0,0.0,0.0,0.0,0.0,0.0,0.0,0.0,0.0,0.0,0.0,0.0,0.0,0.0,0.008406614541615273,0.0,0.01030479986220594,0.0,0.0,,0.0,,0.0,,0.0,,0.0,,0.0,,,,,,,,,,,,,,,,,,,,,,0,0,85,11
3,region_03,2024-06-15,,,,,,,,,,,,,,,0.0,0.0,,,,,,,,,,,,,,,,,,,,,,,,,0.0,0.0,,,,,,,,,,,,,0.0,0.0,0.0,0.0,0.0,0.0,0.0,0.0,0.0,0.0,0.0,0.0,,,0.0,0.0,0.0,0.0,0.0,0.0,0.0,0.0,0.0,0.0,0.0,0.0,0.0,0.0,0.0,0.0,0.0,0.0,0.0,0.0,0.0,0.0,0.0,0.0,0.0,0.0,0.0,0.0,0.0,0.0,0.0,0.0,0.0,0.0,0.0,0.0,0.0,0.0,0.0,0.0,0.0,0.0,0.0,0.0,0.0,0.0,0.0,0.0,0.0,0.0,0.0,0.0,0.0,0.0,0.12683203769226864,0.0,0.015649146777965698,0.0,0.0,0.0,0.006004045251756883,0.0,0.008113655569031788,0.0,0.035643648902575126,0.0,0.028708240098009458,0.0,0.004441641235294231,0.0,0.0,0.0,0.0,0.0,0.019230581026834694,0.0,0.0,0.0,0.06752084373411803,0.0,0.01675929608366758,0.0,0.006833875285727618,0.0,0.14099918355544405,0.0,0.009088020525682163,0.0,0.0782613551188073,0.0,0.16706436929171498,0.0,0.02175490906007495,0.0,0.00828391467415102,0.0,0.015444488742699183,0.0,0.03395529506728048,0.0,0.0,0.0,0.0009719643785501583,0.0,0.15538503631301545,0.0,0.0,,0.00932695289763309,0.0,0.0,,0.0,,0.0,,0.0,,0.0,,0.02545141731388862,0.0,0.0,,0.0,,0.0,0.0,0.0,,0.0,,0.0,,,,,,,,0.0,,,,,,,,,,,,0.0,0.0,0.0,0.0,0.0,0.0,0.0,0.0,0.0,0.0,0.0,0.0,0.0,0.0,0.0,0.0,0.0,0.0,0.0,0.0,0.0,0.0,0.0,0.0,0.0,0.0,0.0,0.0,0.0,0.0,0.0,0.0,0.0,0.0,0.0,0.0,0.0,0.0,0.004203307270807637,0.0,0.00515239993110297,0.0,0.0,,0.0,,0.0,,0.0,,0.0,,0.0,,,,,,,,,,,,,,,,,,,,,,0,0,85,12
3,region_03,2024-06-22,,,,,,,,,,,,,,,0.0,0.0,,,,,,,,,,,,,,,,,,,,,,,,,0.0,0.0,,,,,,,,,,,,,0.0,0.0,0.0,0.0,0.0,0.0,0.0,0.0,0.0,0.0,0.0,0.0,,,0.0,0.0,0.0,0.0,0.0,0.0,0.0,0.0,0.0,0.0,0.0,0.0,0.0,0.0,0.0,0.0,0.0,0.0,0.0,0.0,0.0,0.0,0.0,0.0,0.0,0.0,0.0,0.0,0.0,0.0,0.0,0.0,0.0,0.0,0.0,0.0,0.0,0.0,0.0,0.0,0.0,0.0,0.0,0.0,0.0,0.0,0.0,0.0,0.0,0.0,0.0,0.0,0.0,0.0,0.11993125329414998,0.0,0.009076373438195584,0.0,0.0,0.0,0.012008090503513766,0.0,0.0022825500927864998,0.0,0.04163902749617889,0.0,0.02769307823230817,0.0,0.0,0.0,0.0,0.0,0.0,0.0,0.025475748271370877,0.0,0.0,0.0,0.060433564538305416,0.0,0.02437529433518643,0.0,0.0,0.0,0.13405275593201316,0.0,0.01620217611674554,0.0,0.08639182960209635,0.0,0.15306798109541764,0.0,0.025190676601293146,0.0,0.008137682782641245,0.0,0.013840060370663753,0.0,0.029148998670279938,0.0,0.0,0.0,0.0,0.0,0.16036967544452,0.0,0.0,,0.01865390579526618,0.0,0.0,,0.0,,0.0,,0.0,,0.0,,0.028908577902863376,0.0,0.0,,0.0,,0.0,0.0,0.0,,0.0,,0.0,,,,,,,,0.0,,,,,,,,,,,,0.0,0.0,0.0,0.0,0.0,0.0,0.0,0.0,0.0,0.0,0.0,0.0,0.0,0.0,0.0,0.0,0.0,0.0,0.0,0.0,0.0,0.0,0.0,0.0,0.0,0.0,0.0,0.0,0.0,0.0,0.0,0.0,0.0,0.0,0.0,0.0,0.0,0.0,0.0,0.0,0.0,0.0,0.0,,0.0,,0.0,,0.0,,0.0,,0.0,,,,,,,,,,,,,,,,,,,,,,0,0,85,13
3,region_03,2024-06-29,,,,,,,,,,,,,,,0.0,0.0,,,,,,,,,,,,,,,,,,,,,,,,,0.0,0.0,,,,,,,,,,,,,0.0,0.0,0.0,0.0,0.0,0.0,0.0,0.0,0.0,0.0,0.0,0.0,,,0.0,0.0,0.0,0.0,0.0,0.0,0.0,0.0,0.0,0.0,0.0,0.0,0.0,0.0,0.0,0.0,0.0,0.0,0.0,0.0,0.0,0.0,0.0,0.0,0.0,0.0,0.0,0.0,0.0,0.0,0.0,0.0,0.0,0.0,0.0,0.0,0.0,0.0,0.0,0.0,0.0,0.0,0.0,0.0,0.0,0.0,0.0,0.0,0.0,0.0,0.0,0.0,0.0,0.0,0.08315293640462733,0.0,0.011333064464227906,0.0,0.0,0.0,0.011274003018827493,0.0,0.003153450078452363,0.0,0.03713092160667625,0.0,0.019489696769016757,0.0,0.0,0.0,0.0,0.0,0.0,0.0,0.017215633564088714,0.0,0.0,0.0,0.05532876182008869,0.0,0.019373767037430486,0.0,0.0,0.0,0.10325188354413575,0.0,0.017995303644883314,0.0,0.08829570966570269,0.0,0.20814121142029757,0.0,0.07111478382232257,0.0,0.004681128100407651,0.0,0.006920030185331876,0.0,0.02371133424584628,0.0,0.0,0.0,0.000489012102480025,0.0,0.16673511720221973,0.0,0.0017882505781017027,2.0,0.009909406896137273,0.0,0.0,,0.0,,0.0,,0.0,,0.0,,0.028859821023365463,0.0,0.0,,0.0025141229464982697,2.0,0.0,0.0,0.0,,0.0,,0.0,,,,,,,,0.0,,,,,,,,,,,,0.0,0.0,0.0,0.0,0.0,0.0,0.0,0.0,0.0,0.0,0.0,0.0,0.0,0.0,0.0,0.0,0.0,0.0,0.0,0.0,0.0,0.0,0.0,0.0,0.0,0.0,0.0,0.0,0.0,0.0,0.0,0.0,0.0,0.0,0.0,0.0,0.0,0.0,0.0,0.0,0.007338649087140072,0.0,0.0,,0.0,,0.0,,0.0,,0.0,,0.0,,,,,,,,,,,,,,,,,,,,,,0,2,85,14
3,region_03,2024-07-06,,,,,,,,,,,,,,,0.0,0.0,,,,,,,,,,,,,,,,,,,,,,,,,0.0,0.0,,,,,,,,,,,,,0.0,0.0,0.0,0.0,0.0,0.0,0.0,0.0,0.0,0.0,0.0,0.0,,,0.0,0.0,0.0,0.0,0.0,0.0,0.0,0.0,0.0,0.0,0.0,0.0,0.0,0.0,0.0,0.0,0.0,0.0,0.0,0.0,0.0,0.0,0.0,0.0,0.0,0.0,0.0,0.0,0.0,0.0,0.0,0.0,0.0,0.0,0.0,0.0,0.0,0.0,0.0,0.0,0.0,0.0,0.0,0.0,0.0,0.0,0.0,0.0,0.0,0.0,0.0,0.0,0.0,0.0,0.04637461951510468,0.0,0.013589755490260227,0.0,0.0,0.0,0.010539915534141218,0.0,0.004024350064118226,0.0,0.03262281571717361,0.0,0.011286315305725344,0.0,0.0,0.0,0.0,0.0,0.0,0.0,0.008955518856806552,0.0,0.0,0.0,0.05022395910187196,0.0,0.014372239739674542,0.0,0.0,0.0,0.07245101115625834,0.0,0.01978843117302109,0.0,0.09019958972930904,0.0,0.2632144417451775,0.0,0.11703889104335201,0.0,0.0012245734181740566,0.0,0.0,0.0,0.01827366982141262,0.0,0.0,0.0,0.00097802420496005,0.0,0.17310055895991944,0.0,0.0035765011562034054,0.0,0.001164907997008365,0.0,0.0,,0.0,,0.0,,0.0,,0.0,,0.028811064143867554,0.0,0.0,,0.005028245892996539,0.0,0.0,0.0,0.0,,0.0,,0.0,,,,,,,,0.0,,,,,,,,,,,,0.0,0.0,0.0,0.0,0.0,0.0,0.0,0.0,0.0,0.0,0.0,0.0,0.0,0.0,0.0,0.0,0.0,0.0,0.0,0.0,0.0,0.0,0.0,0.0,0.0,0.0,0.0,0.0,0.0,0.0,0.0,0.0,0.0,0.0,0.0,0.0,0.0,0.0,0.0,0.0,0.014677298174280144,0.0,0.0,,0.0,,0.0,,0.0,,0.0,,0.0,,,,,,,,,,,,,,,,,,,,,,0,0,87,15
3,region_03,2024-07-13,,,,,,,,,,,,,,,0.0,0.0,,,,,,,,,,,,,,,,,,,,,,,,,0.0,0.0,,,,,,,,,,,,,0.0,0.0,0.0,0.0,0.0,0.0,0.0,0.0,0.0,0.0,0.0,0.0,,,0.0,0.0,0.0,0.0,0.0,0.0,0.0,0.0,0.0,0.0,0.0,0.0,0.0,0.0,0.0,0.0,0.0,0.0,0.0,0.0,0.0,0.0,0.0,0.0,0.0,0.0,0.0,0.0,0.0,0.0,0.0,0.0,0.0,0.0,0.0,0.0,0.0,0.0,0.0,0.0,0.0,0.0,0.0,0.0,0.0,0.0,0.0,0.0,0.0,0.0,0.0,0.0,0.0,0.0,0.03509182029996401,0.0,0.008049580695111212,0.0,0.0,0.0,0.007321693397287166,0.0,0.0026956427425162987,0.0,0.027399732569313506,0.0,0.013996759116679032,0.0,0.0007360421497231231,0.0,0.0,0.0,0.0,0.0,0.008175990974950179,0.0,0.0,0.0,0.03774371531537983,0.0,0.02670334211182361,0.0,0.0019929885922465224,0.0,0.06221597953128952,0.0,0.016354573805901093,0.0,0.11090671508149663,0.0,0.2521638764664825,0.0,0.12210522591331491,0.0,0.001267864970603483,0.0,0.0015764930285513136,0.0,0.01841888344835618,0.0,0.0,0.0,0.00300163929906288,0.0,0.18925246465288598,0.0,0.002545489331371,0.0,0.0028137584052852485,0.0,0.0,,0.0,,0.0,,0.0,,0.0,,0.03651197568841068,0.0,0.0,,0.0025141229464982697,0.0,0.0,0.0,0.0,,0.0,,0.0,,,,,,,,0.0,,,,,,,,,,,,0.0,0.0,0.0,0.0,0.0,0.0,0.0,0.0,0.0,0.0,0.0,0.0,0.0,0.0,0.0,0.0,0.0008419141972394955,0.0,0.0,0.0,0.0,0.0,0.0,0.0,0.0,0.0,0.0,0.0,0.0,0.0,0.0,0.0,0.0,0.0,0.0,0.0,0.0,0.0,0.0,0.0,0.007338649087140072,0.0,0.0015969736758913449,1.0,0.0,,0.0,,0.0,,0.0,,0.0,,,,,,,,,,,,,,,,,,,,,,1,0,87,0
3,region_03,2024-07-20,,,,,,,,,,,,,,,0.0,0.0,,,,,,,,,,,,,,,,,,,,,,,,,0.0,0.0,,,,,,,,,,,,,0.0,0.0,0.0,0.0,0.0,0.0,0.0,0.0,0.0,0.0,0.0,0.0,,,0.0,0.0,0.0,0.0,0.0,0.0,0.0,0.0,0.0,0.0,0.0,0.0,0.0,0.0,0.0,0.0,0.0,0.0,0.0,0.0,0.0,0.0,0.0,0.0,0.0,0.0,0.0,0.0,0.0,0.0,0.0,0.0,0.0,0.0,0.0,0.0,0.0,0.0,0.0,0.0,0.0,0.0,0.0,0.0,0.0,0.0,0.0,0.0,0.0,0.0,0.0,0.0,0.0,0.0,0.023809021084823342,0.0,0.0025094058999621956,0.0,0.0,0.0,0.0041034712604331135,0.0,0.0013669354209143714,0.0,0.0221766494214534,0.0,0.01670720292763272,0.0,0.0014720842994462463,0.0,0.0,0.0,0.0,0.0,0.007396463093093805,0.0,0.0,0.0,0.025263471528887707,0.0,0.03903444448397268,0.0,0.003985977184493045,0.0,0.051980947906320706,0.0,0.012920716438781095,0.0,0.1316138404336842,0.0,0.24111331118778745,0.0,0.12717156078327782,0.0,0.0013111565230329093,0.0,0.0031529860571026273,0.0,0.018564097075299737,0.0,0.0,0.0,0.005025254393165709,0.0,0.20540437034585254,0.0,0.0015144775065385945,0.0,0.004462608813562132,0.0,0.0,,0.0,,0.0,,0.0,,0.0,,0.04421288723295381,0.0,0.0,,0.0,0.0,0.0,0.0,0.0,,0.0,,0.0,,,,,,,,0.0,,,,,,,,,,,,0.0,0.0,0.0,0.0,0.0,0.0,0.0,0.0,0.0,0.0,0.0,0.0,0.0,0.0,0.0,0.0,0.001683828394478991,0.0,0.0,0.0,0.0,0.0,0.0,0.0,0.0,0.0,0.0,0.0,0.0,0.0,0.0,0.0,0.0,0.0,0.0,0.0,0.0,0.0,0.0,0.0,0.0,0.0,0.0031939473517826897,0.0,0.0,,0.0,,0.0,,0.0,,0.0,,,,,,,,,,,,,,,,,,,,,,0,0,88,1
3,region_03,2024-07-27,,,,,,,,,,,,,,,0.0,0.0,,,,,,,,,,,,,,,,,,,,,,,,,0.0,0.0,,,,,,,,,,,,,0.0,0.0,0.0,0.0,0.0,0.0,0.0,0.0,0.0,0.0,0.0,0.0,,,0.0,0.0,0.0,0.0,0.0,0.0,0.0,0.0,0.0,0.0,0.0,0.0,0.0,0.0,0.0,0.0,0.0,0.0,0.0,0.0,0.0,0.0,0.0,0.0,0.0,0.0,0.0,0.0,0.0,0.0,0.0,0.0,0.0,0.0,0.0,0.0,0.0,0.0,0.0,0.0,0.0,0.0,0.0,0.0,0.0,0.0,0.0,0.0,0.0,0.0,0.0,0.0,0.0,0.0,0.02462358713488682,0.0,0.00835397842721162,0.0,0.0003726069672583318,0.0,0.0020517356302165567,0.0,0.0010009146466992108,0.0,0.026851805991360056,0.0,0.015542354812901987,0.0,0.002705141230343,0.0,0.00015355156210715,0.0,0.0,0.0,0.006267402182006555,0.0,0.0,0.0,0.02716829365288665,0.0,0.03070556121833972,0.0,0.0035644874669907315,0.0,0.055557131017376804,0.0,0.014759828987656303,0.0,0.1294979428896656,0.0,0.21760244369184295,0.0,0.1670685678446318,0.0,0.0025130651919704856,0.0,0.0015764930285513136,0.0,0.014461989238358241,0.0,0.0,0.0,0.0038068190290596092,0.0,0.19107357165836664,0.0,0.004655621742131144,0.0,0.0061172734052990585,0.0,0.0,,0.0,,0.0,,0.0,,0.0,,0.04018901605782893,0.0,0.0,,0.001668270929561286,0.0,0.0,0.0,0.0010320673553416038,2.0,0.0,,0.0,,,,,,,,0.0,,,,,,,,,,,,0.0,0.0,0.0,0.0,0.0,0.0,0.0,0.0,0.0,0.0,0.0,0.0,0.0,0.0,0.0,0.0,0.0008419141972394955,0.0,0.0,0.0,0.0,0.0,0.0,0.0,0.0,0.0,0.0,0.0,0.0,0.0,0.0,0.0,0.0,0.0,0.0,0.0,0.0,0.0,0.00024019805520460237,0.0,0.0,0.0,0.003864476426602545,0.0,0.0,,0.0,,0.0,,0.0,,0.0,,,,,,,,,,,,,,,,,,,,,,0,1,88,2
3,region_03,2024-08-03,,,,,,,,,,,,,,,0.0,0.0,,,,,,,,,,,,,,,,,,,,,,,,,0.0,0.0,,,,,,,,,,,,,0.0,0.0,0.0,0.0,0.0,0.0,0.0,0.0,0.0,0.0,0.0,0.0,,,0.0,0.0,0.0,0.0,0.0,0.0,0.0,0.0,0.0,0.0,0.0,0.0,0.0,0.0,0.0,0.0,0.0,0.0,0.0,0.0,0.0,0.0,0.0,0.0,0.0,0.0,0.0,0.0,0.0,0.0,0.0,0.0,0.0,0.0,0.0,0.0,0.0,0.0,0.0,0.0,0.0,0.0,0.0,0.0,0.0,0.0,0.0,0.0,0.0,0.0,0.0,0.0,0.0,0.0,0.0254381531849503,0.0,0.014198550954461044,0.0,0.0007452139345166636,0.0,0.0,0.0,0.00063489387248405,0.0,0.03152696256126671,0.0,0.014377506698171253,0.0,0.003938198161239754,0.0,0.0003071031242143,0.0,0.0,0.0,0.005138341270919305,0.0,0.0,0.0,0.02907311577688559,0.0,0.022376677952706762,0.0,0.0031429977494884177,0.0,0.05913331412843291,0.0,0.01659894153653151,0.0,0.12738204534564698,0.0,0.19409157619589848,0.0,0.20696557490598583,0.0,0.003714973860908062,0.0,0.0,0.0,0.010359881401416743,0.0,0.0,0.0,0.0025883836649535094,0.0,0.17674277297088073,0.0,0.007796765977723694,0.0,0.0077719379970359855,0.0,0.0,,0.0,,0.0,,0.0,,0.0,,0.036165144882704045,0.0,0.0,,0.003336541859122572,0.0,0.0,0.0,0.0020641347106832076,0.0,0.0,,0.0,,,,,,,,0.0,,,,,,,,,,,,0.0,0.0,0.0,0.0,0.0,0.0,0.0,0.0,0.0,0.0,0.0,0.0,0.0,0.0,0.0,0.0,0.0,0.0,0.0,0.0,0.0,0.0,0.0,0.0,0.0,0.0,0.0,0.0,0.0,0.0,0.0,0.0,0.0,0.0,0.0,0.0,0.0,0.0,0.00048039611040920474,0.0,0.0,0.0,0.0045350055014224,0.0,0.0,,0.0,,0.0,,0.0,,0.0,,,,,,,,,,,,,,,,,,,,,,0,0,89,3
3,region_03,2024-08-10,,,,,,,,,,,,,,,0.0,0.0,,,,,,,,,,,,,,,,,,,,,,,,,0.0,0.0,,,,,,,,,,,,,0.0,0.0,0.0,0.0,0.0,0.0,0.0,0.0,0.0,0.0,0.0,0.0,,,0.0,0.0,0.0,0.0,0.0,0.0,0.0,0.0,0.0,0.0,0.0,0.0,0.0,0.0,0.0,0.0,0.0,0.0,0.0,0.0,0.0,0.0,0.0,0.0,0.0,0.0,0.0,0.0,0.0,0.0,0.0,0.0,0.0,0.0,0.0,0.0,0.0,0.0,0.0,0.0,0.0,0.0,0.0,0.0,0.0,0.0,0.0,0.0,0.0,0.0,0.0,0.0,0.0,0.0,0.02291477300847565,0.0,0.012159466731827655,0.0,0.0003726069672583318,0.0,0.0,0.0,0.0005617406059172426,0.0,0.022851323329710488,0.0,0.010281334394433805,0.0,0.002412705565802708,0.0,0.00015355156210715,0.0,0.0,0.0,0.0038004840216931523,0.0,0.0,0.0,0.024850708726003257,0.0,0.025310876313596915,0.0,0.0015714988747442089,0.0,0.060873973263161484,0.0,0.019458227680020347,0.0,0.13147853618221622,0.0,0.17906168058869382,0.0,0.24617295130377723,0.0,0.004857179212627786,0.0,0.0,0.0,0.00953718251659574,0.0,0.0,0.0,0.0025255052187102547,0.0,0.16764131012771805,0.0,0.0041077229535504195,0.0,0.004485115507711785,0.0,0.0,,0.0,,0.0,,0.0,,0.0,,0.034755061395270216,0.0,0.0,,0.006042606346050438,0.0,0.0,0.0,0.0037401387862000916,0.0,0.0,,0.0,,,,,,,,0.0,,,,,,,,,,,,0.0,0.0,0.0,0.0,0.0,0.0,0.0,0.0,0.0,0.0,0.0,0.0,0.0,0.0,0.0,0.0,0.0,0.0,0.0,0.0,0.0,0.0,0.0,0.0,0.0,0.0,0.0,0.0,0.0,0.0,0.0,0.0,0.0,0.0,0.0,0.0,0.0,0.0,0.00024019805520460237,0.0,0.00027852848288601004,0.0,0.0022675027507112,0.0,0.0,,0.0,,0.0,,0.0,,0.0,,,,,,,,,,,,,,,,,,,,,,0,0,89,4
3,region_03,2024-08-17,,,,,,,,,,,,,,,0.0,0.0,,,,,,,,,,,,,,,,,,,,,,,,,0.0,0.0,,,,,,,,,,,,,0.0,0.0,0.0,0.0,0.0,0.0,0.0,0.0,0.0,0.0,0.0,0.0,,,0.0,0.0,0.0,0.0,0.0,0.0,0.0,0.0,0.0,0.0,0.0,0.0,0.0,0.0,0.0,0.0,0.0,0.0,0.0,0.0,0.0,0.0,0.0,0.0,0.0,0.0,0.0,0.0,0.0,0.0,0.0,0.0,0.0,0.0,0.0,0.0,0.0,0.0,0.0,0.0,0.0,0.0,0.0,0.0,0.0,0.0,0.0,0.0,0.0,0.0,0.0,0.0,0.0,0.0,0.020391392832001,0.0,0.010120382509194264,0.0,0.0,0.0,0.0,0.0,0.0004885873393504351,0.0,0.014175684098154265,0.0,0.006185162090696355,0.0,0.0008872129703656616,0.0,0.0,0.0,0.0,0.0,0.002462626772467,0.0,0.0,0.0,0.020628301675120926,0.0,0.028245074674487065,0.0,0.0,0.0,0.06261463239789006,0.0,0.02231751382350918,0.0,0.13557502701878543,0.0,0.16403178498148915,0.0,0.2853803277015686,0.0,0.00599938456434751,0.0,0.0,0.0,0.008714483631774735,0.0,0.0,0.0,0.002462626772467,0.0,0.1585398472845554,0.0,0.0004186799293771444,0.0,0.0011982930183875849,0.0,0.0,,0.0,,0.0,,0.0,,0.0,,0.03334497790783639,0.0,0.0,,0.008748670832978304,0.0,0.0,0.0,0.005416142861716976,0.0,0.0,,0.0,,,,,,,,0.0,,,,,,,,,,,,0.0,0.0,0.0,0.0,0.0,0.0,0.0,0.0,0.0,0.0,0.0,0.0,0.0,0.0,0.0,0.0,0.0,0.0,0.0,0.0,0.0,0.0,0.0,0.0,0.0,0.0,0.0,0.0,0.0,0.0,0.0,0.0,0.0,0.0,0.0,0.0,0.0,0.0,0.0,0.0,0.0005570569657720201,0.0,0.0,0.0,0.0,,0.0,,0.0,,0.0,,0.0,,,,,,,,,,,,,,,,,,,,,,0,0,89,5
3,region_03,2024-08-24,,,,,,,,,,,,,,,0.0,0.0,,,,,,,,,,,,,,,,,,,,,,,,,0.0,0.0,,,,,,,,,,,,,0.0,0.0,0.0,0.0,0.0,0.0,0.0,0.0,0.0,0.0,0.0,0.0,,,0.0,0.0,0.0,0.0,0.0,0.0,0.0,0.0,0.0,0.0,0.0,0.0,0.0,0.0,0.0,0.0,0.0,0.0,0.0,0.0,0.0,0.0,0.0,0.0,0.0,0.0,0.0,0.0,0.0,0.0,0.0,0.0,0.0,0.0,0.0,0.0,0.0,0.0,0.0,0.0,0.0,0.0,0.0,0.0,0.0,0.0,0.0,0.0,0.0,0.0,0.0,0.0,0.0,0.0,0.01957009069360134,0.0,0.014664250585912234,0.0,0.0,0.0,0.0,0.0,0.0007331955251605097,0.0,0.020270325662568183,0.0,0.007872314444179357,0.0,0.0029085816439383965,0.0,0.000315026154567,0.0,0.0,0.0,0.0038314305193795266,0.0,0.0,0.0,0.02123655391236141,0.0,0.024624092308314173,0.0,0.0,0.0,0.06605203965384705,0.0,0.01575892499500979,0.0,0.12937209243445016,0.0,0.14455414494793664,0.0,0.308075748932989,0.0,0.0035290934902149655,0.0,0.0,0.0,0.008340761064257622,0.0,0.0,0.0,0.0013541110543882947,0.0,0.14447789833341768,0.0,0.003402362686756483,0.0,0.0034065577273538453,0.0,0.0,,0.0,,0.0,,0.0,,0.0,,0.034670583330290834,0.0,0.0,,0.0093207885511219,0.0,0.0001287329192004346,0.0,0.0037179365843677302,0.0,0.0,,0.0,,,,,,,,0.0,,,,,,,,,,,,0.0,0.0,0.0,0.0,0.0,0.0,0.0,0.0,0.0,0.0,0.0,0.0,0.0,0.0,0.0,0.0,0.0,0.0,0.0,0.0,0.0,0.0,0.0,0.0,0.0,0.0,0.0,0.0,0.0,0.0,0.0,0.0,0.0,0.0,0.0,0.0,0.0,0.0,0.0,0.0,0.0020946188140537492,0.0,0.0021798028120476685,0.0,0.0,,0.0,,0.0,,0.0,,0.0,,,,,,,,,,,,,,,,,,,,,,0,0,89,6
3,region_03,2024-08-31,,,,,,,,,,,,,,,0.0,0.0,,,,,,,,,,,,,,,,,,,,,,,,,0.0,0.0,,,,,,,,,,,,,0.0,0.0,0.0,0.0,0.0,0.0,0.0,0.0,0.0,0.0,0.0,0.0,,,0.0,0.0,0.0,0.0,0.0,0.0,0.0,0.0,0.0,0.0,0.0,0.0,0.0,0.0,0.0,0.0,0.0,0.0,0.0,0.0,0.0,0.0,0.0,0.0,0.0,0.0,0.0,0.0,0.0,0.0,0.0,0.0,0.0,0.0,0.0,0.0,0.0,0.0,0.0,0.0,0.0,0.0,0.0,0.0,0.0,0.0,0.0,0.0,0.0,0.0,0.0,0.0,0.0,0.0,0.018748788555201686,0.0,0.019208118662630204,0.0,0.0,0.0,0.0,0.0,0.0009778037109705842,0.0,0.0263649672269821,0.0,0.009559466797662357,0.0,0.004929950317511131,0.0,0.000630052309134,0.0,0.0,0.0,0.005200234266292053,0.0,0.0,0.0,0.021844806149601895,0.0,0.021003109942141284,0.0,0.0,0.0,0.06948944690980405,0.0,0.009200336166510396,0.0,0.12316915785011488,0.0,0.12507650491438413,0.0,0.3307711701644094,0.0,0.001058802416082421,0.0,0.0,0.0,0.00796703849674051,0.0,0.0,0.0,0.0002455953363095895,0.0,0.13041594938228,0.0,0.006386045444135822,0.0,0.005614822436320105,0.0,0.0,,0.0,,0.0,,0.0,,0.0,,0.03599618875274528,0.0,0.0,,0.009892906269265495,0.0,0.0002574658384008692,0.0,0.002019730307018485,0.0,0.0,,0.0,,,,,,,,0.0,,,,,,,,,,,,0.0,0.0,0.0,0.0,0.0,0.0,0.0,0.0,0.0,0.0,0.0,0.0,0.0,0.0,0.0,0.0,0.0,0.0,0.0,0.0,0.0,0.0,0.0,0.0,0.0,0.0,0.0,0.0,0.0,0.0,0.0,0.0,0.0,0.0,0.0,0.0,0.0,0.0,0.0,0.0,0.003632180662335479,0.0,0.004359605624095337,0.0,0.0,,0.0,,0.0,,0.0,,0.0,,,,,,,,,,,,,,,,,,,,,,0,0,89,7
3,region_03,2024-09-07,,,,,,,,,,,,,,,0.0,0.0,,,,,,,,,,,,,,,,,,,,,,,,,0.0,0.0,,,,,,,,,,,,,0.0,0.0,0.0,0.0,0.0,0.0,0.0,0.0,0.0,0.0,0.0,0.0,,,0.0,0.0,0.0,0.0,0.0,0.0,0.0,0.0,0.0,0.0,0.0,0.0,0.0,0.0,0.0,0.0,0.0,0.0,0.0,0.0,0.0,0.0,0.0,0.0,0.0,0.0,0.0,0.0,0.0,0.0,0.0,0.0,0.0,0.0,0.0,0.0,0.0,0.0,0.0,0.0,0.0,0.0,0.0,0.0,0.0,0.0,0.0,0.0,0.0,0.0,0.0,0.0,0.0,0.0,0.01963891163353022,0.0,0.011668635050600002,0.0,0.0,0.0,0.0,0.0,0.0007066624702450296,0.0,0.02700431329301659,0.0,0.008572974014204843,0.0,0.002606703374625828,0.0,0.000315026154567,0.0,0.0,0.0,0.00436784062440616,0.0,0.0,0.0,0.016109090789945546,0.0,0.023284698349399145,0.0,0.0,0.0,0.05222241907810777,0.0,0.01227744552589616,0.0,0.11265671263007737,0.0,0.12739750570808236,0.0,0.36779670687446814,0.0,0.0020803814210618053,0.0,0.0,0.0,0.00957051982928869,0.0,0.0,0.0,0.001739766124551817,0.0,0.1174925008124252,0.0,0.0054141447310231995,0.0,0.0047060277640454135,0.0,0.005725113076290893,2.0,0.0,,0.0,,0.0,,0.0,,0.03218822131118575,0.0,0.0,,0.010434532745016888,0.0,0.001443830807917123,0.0,0.0012787292173139758,0.0,0.0,,0.0,,,,,,,,0.0,,,,,,,,,,,,0.0,0.0,0.0,0.0,0.0,0.0,0.0,0.0,0.0,0.0,0.0,0.0,0.0,0.0,0.0,0.0,0.0,0.0,0.0,0.0,0.0,0.0,0.0,0.0,0.0,0.0,0.0,0.0,0.0,0.0,0.0,0.0,0.0,0.0,0.0,0.0,0.0,0.0,0.0,0.0,0.0031320810657026726,0.0,0.011287443652988652,0.0,0.0,,0.0,,0.0,,0.0,,0.0,,,,,,,,,,,,,,,,,,,,,,0,1,89,8
3,region_03,2024-09-14,,,,,,,,,,,,,,,0.0,0.0,,,,,,,,,,,,,,,,,,,,,,,,,0.0,0.0,,,,,,,,,,,,,0.0,0.0,0.0,0.0,0.0,0.0,0.0,0.0,0.0,0.0,0.0,0.0,,,0.0,0.0,0.0,0.0,0.0,0.0,0.0,0.0,0.0,0.0,0.0,0.0,0.0,0.0,0.0,0.0,0.0,0.0,0.0,0.0,0.0,0.0,0.0,0.0,0.0,0.0,0.0,0.0,0.0,0.0,0.0,0.0,0.0,0.0,0.0,0.0,0.0,0.0,0.0,0.0,0.0,0.0,0.0,0.0,0.0,0.0,0.0,0.0,0.0,0.0,0.0,0.0,0.0,0.0,0.020529034711858754,0.0,0.0041291514385698,0.0,0.0,0.0,0.0,0.0,0.00043552122951947495,0.0,0.027643659359051078,0.0,0.007586481230747328,0.0,0.00028345643174052497,0.0,0.0,0.0,0.0,0.0,0.0035354469825202663,0.0,0.0,0.0,0.010373375430289194,0.0,0.025566286756657005,0.0,0.0,0.0,0.03495539124641149,0.0,0.015354554885281924,0.0,0.10214426741003986,0.0,0.1297185065017806,0.0,0.4048222435845269,0.0,0.003101960426041189,0.0,0.0,0.0,0.011174001161836866,0.0,0.0,0.0,0.0032339369127940445,0.0,0.1045690522425704,0.0,0.004442244017910577,0.0,0.003797233091770722,0.0,0.011450226152581787,0.0,0.0,,0.0,,0.0,,0.0,,0.028380253869626212,0.0,0.0,,0.010976159220768283,0.0,0.002630195777433377,0.0,0.0005377281276094666,0.0,0.0,,0.0,,,,,,,,0.0,,,,,,,,,,,,0.0,0.0,0.0,0.0,0.0,0.0,0.0,0.0,0.0,0.0,0.0,0.0,0.0,0.0,0.0,0.0,0.0,0.0,0.0,0.0,0.0,0.0,0.0,0.0,0.0,0.0,0.0,0.0,0.0,0.0,0.0,0.0,0.0,0.0,0.0,0.0,0.0,0.0,0.0,0.0,0.0026319814690698665,0.0,0.018215281681881967,0.0,0.0,,0.0,,0.0,,0.0,,0.0,,,,,,,,,,,,,,,,,,,,,,0,0,90,9
3,region_03,2024-09-21,,,,,,,,,,,,,,,0.0,0.0,,,,,,,,,,,,,,,,,,,,,,,,,0.0,0.0,,,,,,,,,,,,,0.0,0.0,0.0,0.0,0.0,0.0,0.0,0.0,0.0,0.0,0.0,0.0,,,0.0,0.0,0.0,0.0,0.0,0.0,0.0,0.0,0.0,0.0,0.0,0.0,0.0,0.0,0.0,0.0,0.0,0.0,0.0,0.0,0.0,0.0,0.0,0.0,0.0,0.0,0.0,0.0,0.0,0.0,0.0,0.0,0.0,0.0,0.0,0.0,0.0,0.0,0.0,0.0,0.0,0.0,0.0,0.0,0.0,0.0,0.0,0.0,0.0,0.0,0.0,0.0,0.0,0.0,0.017420978477115087,0.0,0.0020645757192849,0.0,0.0,0.0,0.0,0.0,0.0009244146422133499,0.0,0.015779828413821764,0.0,0.005636730671135867,0.0,0.0006442828126660086,0.0,0.0,0.0,0.0,0.0,0.004695071892438439,0.0,0.0,0.0,0.006976900018106344,0.0,0.02672467466703994,0.0,0.0,0.0,0.03314345495568377,0.0,0.008410860651211636,0.0,0.09928456748671387,0.0,0.10689521430888108,0.0,0.45993223396781224,0.0,0.0015509802130205944,0.0,0.0,0.0,0.007543588579792839,0.0,0.0,0.0,0.002586024688188481,0.0,0.08849470303972168,0.0,0.003972277676783989,0.0,0.0076700937047788995,0.0,0.0066830584702464,0.0,0.0,,0.0,,0.0,,0.0,,0.02850317424832796,0.0,0.0,,0.02104327255963446,0.0,0.0016431499388999808,0.0,0.004753937410950834,0.0,0.0,,0.0,,,,,,,,0.0,,,,,,,,,,,,0.0,0.0,0.0,0.0,0.0,0.0,0.0,0.0,0.0,0.0,0.0,0.0,0.0,0.0,0.0,0.0,0.0,0.0,0.0,0.0,0.0,0.0,0.0,0.0,0.0,0.0,0.0,0.0,0.0,0.0,0.0,0.0,0.0,0.0,0.0,0.0,0.0,0.0,0.0,0.0,0.0013159907345349333,0.0,0.02751837863154656,0.0,0.0,,0.0,,0.0,,0.0,,0.0,,,,,,,,,,,,,,,,,,,,,,0,0,90,10
3,region_03,2024-09-28,,,,,,,,,,,,,,,0.0,0.0,,,,,,,,,,,,,,,,,,,,,,,,,0.0,0.0,,,,,,,,,,,,,0.0,0.0,0.0,0.0,0.0,0.0,0.0,0.0,0.0,0.0,0.0,0.0,,,0.0,0.0,0.0,0.0,0.0,0.0,0.0,0.0,0.0,0.0,0.0,0.0,0.0,0.0,0.0,0.0,0.0,0.0,0.0,0.0,0.0,0.0,0.0,0.0,0.0,0.0,0.0,0.0,0.0,0.0,0.0,0.0,0.0,0.0,0.0,0.0,0.0,0.0,0.0,0.0,0.0,0.0,0.0,0.0,0.0,0.0,0.0,0.0,0.0,0.0,0.0,0.0,0.0,0.0,0.014312922242371422,0.0,0.0,0.0,0.0,0.0,0.0,0.0,0.0014133080549072249,0.0,0.003915997468592453,0.0,0.0036869801115244055,0.0,0.0010051091935914924,0.0,0.0,0.0,0.0,0.0,0.005854696802356611,0.0,0.0,0.0,0.003580424605923494,0.0,0.02788306257742288,0.0,0.0,0.0,0.031331518664956044,0.0,0.001467166417141347,0.0,0.09642486756338788,0.0,0.08407192211598154,0.0,0.5150422243510976,0.0,0.0,0.0,0.0,0.0,0.003913175997748812,0.0,0.0,0.0,0.0019381124635829176,0.0,0.07242035383687295,0.0,0.0035023113356574,0.0,0.011542954317787077,0.0,0.0019158907879110144,0.0,0.0,,0.0,,0.0,,0.0,,0.028626094627029707,0.0,0.0,,0.031110385898500632,0.0,0.0006561041003665846,0.0,0.0089701466942922,0.0,0.0,,0.0,,,,,,,,0.0,,,,,,,,,,,,0.0,0.0,0.0,0.0,0.0,0.0,0.0,0.0,0.0,0.0,0.0,0.0,0.0,0.0,0.0,0.0,0.0,0.0,0.0,0.0,0.0,0.0,0.0,0.0,0.0,0.0,0.0,0.0,0.0,0.0,0.0,0.0,0.0,0.0,0.0,0.0,0.0,0.0,0.0,0.0,0.0,0.0,0.036821475581211155,0.0,0.0,,0.0,,0.0,,0.0,,0.0,,,,,,,,,,,,,,,,,,,,,,0,0,90,11
3,region_03,2024-10-05,,,,,,,,,,,,,,,0.0,0.0,,,,,,,,,,,,,,,,,,,,,,,,,0.0,0.0,,,,,,,,,,,,,0.0,0.0,0.0,0.0,0.0,0.0,0.0,0.0,0.0,0.0,0.0,0.0,,,0.0,0.0,0.0,0.0,0.0,0.0,0.0,0.0,0.0,0.0,0.0024744407118608364,0.0,0.0,0.0,0.0,0.0,0.0,0.0,0.0,0.0,0.0,0.0,0.0,0.0,0.0,0.0,0.0,0.0,0.0,0.0,0.0,0.0,0.0,0.0,0.0,0.0,0.0,0.0,0.0,0.0,0.0,0.0,0.0,0.0,0.0,0.0,0.0,0.0,0.0,0.0,0.0,0.0,0.0,0.0,0.01204253476359603,0.0,0.004580201115459185,0.0,0.0,0.0,0.0,0.0,0.0019004354734743509,0.0,0.005216212542590589,0.0,0.0042541059665381405,0.0,0.003989073685191231,0.0,0.0,0.0,0.0,0.0,0.0029273484011783056,0.0,0.0,0.0,0.0020403784738957744,0.0,0.026109045474132585,0.0,0.0,0.0,0.03462451981613408,0.0,0.005630035189610371,0.0,0.06036463571431604,0.0,0.08201648411341007,0.0,0.5164506441968328,0.0,0.0024482259905198376,0.0,0.0,0.0,0.003193808354804809,0.0,0.0,0.0,0.0009690562317914588,0.0,0.07274258943438965,0.0,0.008600842515828369,0.0,0.007008697514823942,0.0,0.0028886393464654723,0.0,0.00105573167093095,2.0,0.0,,0.0,,0.0,,0.0209699148236883,0.0,0.0,,0.031651455152314115,0.0,0.0006064624109197538,0.0,0.0070685872073786345,0.0,0.0,,0.0,,,,,,,,0.0,,,,,,,,,,,,0.0,0.0,0.0,0.0,0.0,0.0,0.0,0.0,0.0,0.0,0.0,0.0,0.0,0.0,0.0,0.0,0.0,0.0,0.0,0.0,0.0,0.0,0.0,0.0,0.0,0.0,0.0,0.0,0.0,0.0,0.0,0.0,0.0,0.0,0.0,0.0,0.0,0.0,0.0,0.0,0.0024482259905198376,0.0,0.06565445514998448,0.0,0.0,,0.007750541652337838,2.0,0.0,,0.0,,0.0,,,,,,,,,,,,,,,,,,,,,,0,2,90,12
3,region_03,2024-10-12,,,,,,,,,,,,,,,0.0,0.0,,,,,,,,,,,,,,,,,,,,,,,,,0.0,0.0,,,,,,,,,,,,,0.0,0.0,0.0,0.0,0.0,0.0,0.0,0.0,0.0,0.0,0.0,0.0,,,0.0,0.0,0.0,0.0,0.0,0.0,0.0,0.0,0.0,0.0,0.004948881423721673,0.0,0.0,0.0,0.0,0.0,0.0,0.0,0.0,0.0,0.0,0.0,0.0,0.0,0.0,0.0,0.0,0.0,0.0,0.0,0.0,0.0,0.0,0.0,0.0,0.0,0.0,0.0,0.0,0.0,0.0,0.0,0.0,0.0,0.0,0.0,0.0,0.0,0.0,0.0,0.0,0.0,0.0,0.0,0.009772147284820638,0.0,0.00916040223091837,0.0,0.0,0.0,0.0,0.0,0.002387562892041477,0.0,0.006516427616588725,0.0,0.004821231821551875,0.0,0.00697303817679097,0.0,0.0,0.0,0.0,0.0,0.0,0.0,0.0,0.0,0.0005003323418680545,0.0,0.02433502837084229,0.0,0.0,0.0,0.037917520967312116,0.0,0.009792903962079394,0.0,0.024304403865244194,0.0,0.07996104611083861,0.0,0.5178590640425682,0.0,0.004896451981039675,0.0,0.0,0.0,0.0024744407118608065,0.0,0.0,0.0,0.0,0.0,0.07306482503190634,0.0,0.013699373695999337,0.0,0.0024744407118608065,0.0,0.0038613879050199305,0.0,0.0021114633418619,0.0,0.0,,0.0,,0.0,,0.013313735020346894,0.0,0.0,,0.03219252440612759,0.0,0.000556820721472923,0.0,0.005167027720465069,0.0,0.0,,0.0,,,,,,,,0.0,,,,,,,,,,,,0.0,0.0,0.0,0.0,0.0,0.0,0.0,0.0,0.0,0.0,0.0,0.0,0.0,0.0,0.0,0.0,0.0,0.0,0.0,0.0,0.0,0.0,0.0,0.0,0.0,0.0,0.0,0.0,0.0,0.0,0.0,0.0,0.0,0.0,0.0,0.0,0.0,0.0,0.0,0.0,0.004896451981039675,0.0,0.09448743471875781,0.0,0.0,,0.015501083304675676,0.0,0.0,,0.0,,0.0,,,,,,,,,,,,,,,,,,,,,,0,0,92,13
3,region_03,2024-10-19,,,,,,,,,,,,,,,0.0,0.0,,,,,,,,,,,,,,,,,,,,,,,,,0.0,0.0,,,,,,,,,,,,,0.0,0.0,0.0,0.0,0.0,0.0,0.0,0.0,0.0,0.0,0.0,0.0,,,0.0,0.0,0.0,0.0,0.0,0.0,0.0,0.0,0.0,0.0,0.0024744407118608364,0.0,0.0,0.0,0.0,0.0,0.0,0.0,0.0,0.0,0.0,0.0,0.0,0.0,0.0,0.0,0.0,0.0,0.0,0.0,0.0,0.0,0.0,0.0,0.0,0.0,0.0,0.0,0.0,0.0,0.0,0.0,0.0,0.0,0.0,0.0,0.0,0.0,0.0,0.0,0.0,0.0,0.0,0.0,0.016455311475632044,0.0,0.015605492911373151,0.0,0.0,0.0,0.0,0.0,0.008068046331381706,0.0,0.008739250964329846,0.0,0.004381745161178171,0.0,0.005382944180522635,0.0,0.0,0.0,0.0,0.0,0.0,0.0,0.0,0.0,0.00025016617093402726,0.0,0.01764288809305673,0.0,0.0,0.0,0.03034734908724199,0.0,0.004896451981039697,0.0,0.04730073710476665,0.0,0.08487859345041211,0.0,0.5146264247596264,0.0,0.0024482259905198376,0.0,0.0,0.0,0.004948404656412653,0.0,0.0,0.0,0.0,0.0,0.04473094358108934,0.0,0.007597925063843475,0.0,0.0012372203559304032,0.0,0.0019306939525099653,0.0,0.00105573167093095,0.0,0.0,,0.0,,0.0,,0.014083005049421088,0.0,0.0,,0.03193001772354663,0.0,0.004970434016565949,0.0,0.01690092220759158,0.0,0.0,,0.0,,,,,,,,0.0,,,,,,,,,,,,0.0,0.0,0.0,0.0,0.0,0.0,0.0,0.0,0.0,0.0,0.0,0.0,0.0,0.0,0.0,0.0,0.0,0.0,0.0,0.0,0.0,0.0,0.0,0.0,0.0,0.0,0.0,0.0,0.0,0.0,0.0,0.0,0.0,0.0,0.0,0.0,0.0,0.0,0.0,0.0,0.0024482259905198376,0.0,0.10414553040949001,0.0,0.0,,0.011709149837350564,0.0,0.0023401016136631097,2.0,0.0,,0.0,,,,,,,,,,,,,,,,,,,,,,0,1,92,14
3,region_03,2024-10-26,,,,,,,,,,,,,,,0.0,0.0,,,,,,,,,,,,,,,,,,,,,,,,,0.0,0.0,,,,,,,,,,,,,0.0,0.0,0.0,0.0,0.0,0.0,0.0,0.0,0.0,0.0,0.0,0.0,,,0.0,0.0,0.0,0.0,0.0,0.0,0.0,0.0,0.0,0.0,0.0,0.0,0.0,0.0,0.0,0.0,0.0,0.0,0.0,0.0,0.0,0.0,0.0,0.0,0.0,0.0,0.0,0.0,0.0,0.0,0.0,0.0,0.0,0.0,0.0,0.0,0.0,0.0,0.0,0.0,0.0,0.0,0.0,0.0,0.0,0.0,0.0,0.0,0.0,0.0,0.0,0.0,0.0,0.0,0.02313847566644345,0.0,0.022050583591827932,0.0,0.0,0.0,0.0,0.0,0.013748529770721933,0.0,0.010962074312070967,0.0,0.003942258500804467,0.0,0.0037928501842543,0.0,0.0,0.0,0.0,0.0,0.0,0.0,0.0,0.0,0.0,0.0,0.010950747815271174,0.0,0.0,0.0,0.022777177207171866,0.0,0.0,0.0,0.07029707034428911,0.0,0.08979614078998562,0.0,0.5113937854766846,0.0,0.0,0.0,0.0,0.0,0.0074223686009645,0.0,0.0,0.0,0.0,0.0,0.016397062130272342,0.0,0.0014964764316876132,0.0,0.0,0.0,0.0,0.0,0.0,0.0,0.0,,0.0,,0.0,,0.014852275078495281,0.0,0.0,,0.03166751104096567,0.0,0.009384047311658976,0.0,0.02863481669471809,0.0,0.0,,0.0,,,,,,,,0.0,,,,,,,,,,,,0.0,0.0,0.0,0.0,0.0,0.0,0.0,0.0,0.0,0.0,0.0,0.0,0.0,0.0,0.0,0.0,0.0,0.0,0.0,0.0,0.0,0.0,0.0,0.0,0.0,0.0,0.0,0.0,0.0,0.0,0.0,0.0,0.0,0.0,0.0,0.0,0.0,0.0,0.0,0.0,0.0,0.0,0.11380362610022222,0.0,0.0,,0.007917216370025452,0.0,0.0046802032273262194,0.0,0.0,,0.0,,,,,,,,,,,,,,,,,,,,,,0,0,93,15
3,region_03,2024-11-02,,,,,,,,,,,,,,,0.0,0.0,,,,,,,,,,,,,,,,,,,,,,,,,0.0,0.0,,,,,,,,,,,,,0.0,0.0,0.0,0.0,0.0,0.0,0.0,0.0,0.0,0.0,0.0,0.0,,,0.0,0.0,0.0,0.0,0.0,0.0,0.0,0.0,0.0,0.0,0.0,0.0,0.0,0.0,0.0,0.0,0.0,0.0,0.0,0.0,0.0,0.0,0.0,0.0,0.0,0.0,0.0,0.0,0.0,0.0,0.0,0.0,0.0,0.0,0.0,0.0,0.0,0.0,0.0,0.0,0.0,0.0,0.0,0.0,0.0,0.0,0.0,0.0,0.0,0.0,0.0,0.0,0.0,0.0,0.018350166648936718,0.0,0.011025291795913966,0.0,0.0,0.0,0.0,0.0,0.011285348165602855,0.0,0.00937590606433025,0.0,0.005268809657233417,0.0,0.00189642509212715,0.0,0.0,0.0,0.0,0.0,0.0,0.0,0.0,0.0,0.0,0.0,0.01982164293350204,0.0,0.0,0.0,0.019098128514763453,0.0,0.0032976804068311836,0.0,0.0390104954951398,0.0,0.07435785420238966,0.0,0.4688541857259614,0.0,0.0,0.0,0.0,0.0,0.00371118430048225,0.0,0.0,0.0,0.0,0.0,0.018936492356338628,0.0,0.0073229698020786885,0.0,0.0,0.0,0.012286866815494618,0.0,0.005824500306819858,0.0,0.0,,0.0,,0.0,,0.007426137539247641,0.0,0.010557051998778013,1.0,0.03758123340528631,0.0,0.009789997425216839,0.0,0.020218607396460447,0.0,0.0,,0.0,,,,,,,,0.0,,,,,,,,,,,,0.0,0.0,0.0,0.0,0.0,0.0,0.0,0.0,0.0,0.0,0.0,0.0,0.0,0.0,0.0,0.0,0.0,0.0,0.0,0.0,0.0,0.0,0.0,0.0,0.0,0.0,0.0,0.0,0.0,0.0,0.0,0.0,0.0,0.0,0.0,0.0,0.0,0.0,0.0,0.0,0.0013034803268965082,0.0,0.18796022818202063,0.0,0.0036130354662115127,2.0,0.007560926811912835,0.0,0.0023401016136631097,0.0,0.0,,0.0,,,,,,,,,,,,,,,,,,,,,,1,1,93,0
3,region_03,2024-11-09,,,,,,,,,,,,,,,0.0,0.0,,,,,,,,,,,,,,,,,,,,,,,,,0.0,0.0,,,,,,,,,,,,,0.0,0.0,0.0,0.0,0.0,0.0,0.0,0.0,0.0,0.0,0.0,0.0,,,0.0,0.0,0.0,0.0,0.0,0.0,0.0,0.0,0.0,0.0,0.0,0.0,0.0,0.0,0.0,0.0,0.0,0.0,0.0,0.0,0.0,0.0,0.0,0.0,0.0,0.0,0.0,0.0,0.0,0.0,0.0,0.0,0.0,0.0,0.0,0.0,0.0,0.0,0.0,0.0,0.0,0.0,0.0,0.0,0.0,0.0,0.0,0.0,0.0,0.0,0.0,0.0,0.0,0.0,0.013561857631429987,0.0,0.0,0.0,0.0,0.0,0.0,0.0,0.008822166560483779,0.0,0.0077897378165895335,0.0,0.006595360813662367,0.0,0.0,0.0,0.0,0.0,0.0,0.0,0.0,0.0,0.0,0.0,0.0,0.0,0.028692538051732906,0.0,0.0,0.0,0.015419079822355044,0.0,0.006595360813662367,0.0,0.0077239206459904924,0.0,0.0589195676147937,0.0,0.42631458597523825,0.0,0.0,0.0,0.0,0.0,0.0,0.0,0.0,0.0,0.0,0.0,0.021475922582404914,0.0,0.013149463172469764,0.0,0.0,0.0,0.024573733630989237,0.0,0.011649000613639717,0.0,0.0,,0.0,,0.0,,0.0,0.0,0.021114103997556026,0.0,0.04349495576960694,0.0,0.0101959475387747,0.0,0.011802398098202807,0.0,0.0,,0.0,,,,,,,,0.0,,,,,,,,,,,,0.0,0.0,0.0,0.0,0.0,0.0,0.0,0.0,0.0,0.0,0.0,0.0,0.0,0.0,0.0,0.0,0.0,0.0,0.0,0.0,0.0,0.0,0.0,0.0,0.0,0.0,0.0,0.0,0.0,0.0,0.0,0.0,0.0,0.0,0.0,0.0,0.0,0.0,0.0,0.0,0.0026069606537930164,0.0,0.262116830263819,0.0,0.007226070932423025,0.0,0.007204637253800216,0.0,0.0,0.0,0.0,,0.0,,,,,,,,,,,,,,,,,,,,,,0,0,95,1
3,region_03,2024-11-16,,,,,,,,,,,,,,,0.0,0.0,,,,,,,,,,,,,,,,,,,,,,,,,0.0,0.0,,,,,,,,,,,,,0.0,0.0,0.0,0.0,0.0,0.0,0.0,0.0,0.0,0.0,0.0,0.0,,,0.0,0.0,0.0,0.0,0.0,0.0,0.0,0.0,0.0,0.0,0.0,0.0,0.0,0.0,0.0,0.0,0.0,0.0,0.0,0.0,0.0,0.0,0.0,0.0,0.0,0.0,0.0,0.0,0.0,0.0,0.0,0.0,0.0,0.0,0.0,0.0,0.0,0.0,0.0,0.0,0.0,0.0,0.0,0.0,0.0,0.0,0.0,0.0,0.0,0.0,0.0,0.0,0.0,0.0,0.01977107160760515,0.0,0.0,0.0,0.0,0.0,0.0,0.0,0.004411083280241889,0.0,0.0038948689082947668,0.0,0.0032976804068311836,0.0,0.0,0.0,0.0,0.0,0.0,0.0,0.0,0.0,0.0,0.0,0.0,0.0,0.024128837684926706,0.0,0.0,0.0,0.007709539911177522,0.0,0.0032976804068311836,0.0,0.016001313722661677,0.0,0.05117539130151266,0.0,0.4417943177478654,0.0,0.0,0.0,0.0,0.0,0.0,0.0,0.0,0.0,0.0,0.0,0.010737961291202457,0.0,0.006574731586234882,0.0,0.005449903663247805,0.0,0.01988435351893629,0.0,0.005824500306819858,0.0,0.0,,0.0,,0.0,,0.0,0.0,0.0314568415857278,0.0,0.03621307111621552,0.0,0.011281693891550443,0.0,0.017322479568135235,0.0,0.0,,0.0,,,,,,,,0.0,,,,,,,,,,,,0.0,0.0,0.0,0.0,0.0,0.0,0.0,0.0,0.0,0.0,0.0,0.0,0.0,0.0,0.0,0.0,0.0,0.0,0.0,0.0,0.0,0.0,0.0,0.0,0.0,0.0,0.0,0.0,0.0,0.0,0.0,0.0,0.0,0.0,0.0,0.0,0.0,0.0,0.0,0.0,0.0013034803268965082,0.0,0.2752808951905795,0.0,0.0036130354662115127,0.0,0.01574167202656654,0.0,0.0,0.0,0.0,,0.0,,,,,,,,,,,,,,,,,,,,,,0,0,95,2
3,region_03,2024-11-23,,,,,,,,,,,,,,,0.0,0.0,,,,,,,,,,,,,,,,,,,,,,,,,0.0,0.0,,,,,,,,,,,,,0.0,0.0,0.0,0.0,0.0,0.0,0.0,0.0,0.0,0.0,0.0,0.0,,,0.0,0.0,0.0,0.0,0.0,0.0,0.0,0.0,0.0,0.0,0.0,0.0,0.0,0.0,0.0,0.0,0.0,0.0,0.0,0.0,0.0,0.0,0.0,0.0,0.0,0.0,0.0,0.0,0.0,0.0,0.0,0.0,0.0,0.0,0.0,0.0,0.0,0.0,0.0,0.0,0.0,0.0,0.0,0.0,0.0,0.0,0.0,0.0,0.0,0.0,0.0,0.0,0.0,0.0,0.025980285583780315,0.0,0.0,0.0,0.0,0.0,0.0,0.0,0.0,0.0,0.0,0.0,0.0,0.0,0.0,0.0,0.0,0.0,0.0,0.0,0.0,0.0,0.0,0.0,0.0,0.0,0.019565137318120502,0.0,0.0,0.0,0.0,0.0,0.0,0.0,0.02427870679933286,0.0,0.04343121498823162,0.0,0.4572740495204925,0.0,0.0,0.0,0.0,0.0,0.0,0.0,0.0,0.0,0.0,0.0,0.0,0.0,0.0,0.0,0.01089980732649561,0.0,0.015194973406883345,0.0,0.0,0.0,0.0,,0.0,,0.0,,0.0,0.0,0.041799579173899565,0.0,0.02893118646282411,0.0,0.012367440244326185,0.0,0.02284256103806766,0.0,0.0,,0.0,,,,,,,,0.0,,,,,,,,,,,,0.0,0.0,0.0,0.0,0.0,0.0,0.0,0.0,0.0,0.0,0.0,0.0,0.0,0.0,0.0,0.0,0.0,0.0,0.0,0.0,0.0,0.0,0.0,0.0,0.0,0.0,0.0,0.0,0.0,0.0,0.0,0.0,0.0,0.0,0.0,0.0,0.0,0.0,0.0,0.0,0.0,0.0,0.28844496011734005,0.0,0.0,0.0,0.02427870679933286,0.0,0.0,0.0,0.0,,0.0,,,,,,,,,,,,,,,,,,,,,,0,0,95,3
3,region_03,2024-11-30,,,,,,,,,,,,,,,0.0,0.0,,,,,,,,,,,,,,,,,,,,,,,,,0.0,0.0,,,,,,,,,,,,,0.0,0.0,0.0,0.0,0.0,0.0,0.0,0.0,0.0,0.0,0.0,0.0,,,0.0,0.0,0.0,0.0,0.0,0.0,0.0,0.0,0.0,0.0,0.0,0.0,0.0,0.0,0.0,0.0,0.0,0.0,0.0,0.0,0.0,0.0,0.0,0.0,0.0,0.0,0.0,0.0,0.0,0.0,0.0,0.0,0.0,0.0,0.0,0.0,0.0,0.0,0.0,0.0,0.0,0.0,0.0,0.0,0.0,0.0,0.0,0.0,0.0,0.0,0.0,0.0,0.0,0.0,0.023284425212738942,0.0,0.0,0.0,0.0,0.0,0.0,0.0,0.007971992095311459,0.0,0.0,0.0,0.0,0.0,0.005927268260469034,0.0,0.0,0.0,0.0,0.0,0.0,0.0,0.0,0.0,0.0029112228949088313,0.0,0.0113786205094164,0.0,0.0,0.0,0.0,0.0,0.0014707107038702562,0.0,0.01557073290370256,0.0,0.04586437709319091,0.0,0.36798341323932005,0.0,0.0,0.0,0.0,0.0,0.0,0.0,0.0,0.0,0.0,0.0,0.008130173936175775,0.0,0.003663223818875825,0.0,0.005449903663247805,0.0,0.032182560206796836,0.0,0.011465895920991875,0.0,0.0,,0.0,,0.0,,0.0,0.0,0.036054069821078,0.0,0.042832459194155785,0.0,0.021537802886599886,0.0,0.013004037885156484,0.0,0.0,,0.0,,,,,,,,0.0,,,,,,,,,,,,0.0,0.0,0.0,0.0,0.0,0.0,0.0,0.0,0.0,0.0,0.0,0.0,0.0,0.0,0.0,0.0,0.0,0.0,0.0,0.0,0.0,0.0,0.0,0.0,0.0,0.0,0.0,0.0,0.0,0.0,0.0,0.0,0.0,0.0,0.0,0.0,0.0,0.0,0.0,0.0,0.0,0.0,0.32150187666217483,0.0,0.0015827573661226543,0.0,0.01900211240773872,0.0,0.011184990126639585,0.0,0.0,,0.0,,,,,,,,,,,,,,,,,,,,,,0,0,95,4
3,region_03,2024-12-07,,,,,,,,,,,,,,,0.0,0.0,,,,,,,,,,,,,,,,,,,,,,,,,0.0,0.0,,,,,,,,,,,,,0.0,0.0,0.0,0.0,0.0,0.0,0.0,0.0,0.0,0.0,0.0,0.0,,,0.0,0.0,0.0,0.0,0.0,0.0,0.0,0.0,0.0,0.0,0.0,0.0,0.0,0.0,0.0,0.0,0.0,0.0,0.0,0.0,0.0,0.0,0.0,0.0,0.0,0.0,0.0,0.0,0.0,0.0,0.0,0.0,0.0,0.0,0.0,0.0,0.0,0.0,0.0,0.0,0.0,0.0,0.0,0.0,0.0,0.0,0.0,0.0,0.0,0.0,0.0,0.0,0.0,0.0,0.020588564841697573,0.0,0.0,0.0,0.0,0.0,0.0,0.0,0.015943984190622918,0.0,0.0,0.0,0.0,0.0,0.011854536520938068,0.0,0.0,0.0,0.0,0.0,0.0,0.0,0.0,0.0,0.0058224457898176625,0.0,0.0031921037007123,0.0,0.0,0.0,0.0,0.0,0.0029414214077405124,0.0,0.0068627590080722585,0.0,0.0482975391981502,0.0,0.27869277695814765,0.0,0.0,0.0,0.0,0.0,0.0,0.0,0.0,0.0,0.0,0.0,0.01626034787235155,0.0,0.00732644763775165,0.0,0.0,0.0,0.04917014700671033,0.0,0.02293179184198375,0.0,0.0,,0.0,,0.0,,0.0,0.0,0.03030856046825643,0.0,0.05673373192548746,0.0,0.030708165528873583,0.0,0.0031655147322453086,0.0,0.0,,0.0,,,,,,,,0.0,,,,,,,,,,,,0.0,0.0,0.0,0.0,0.0,0.0,0.0,0.0,0.0,0.0,0.0,0.0,0.0,0.0,0.0,0.0,0.0,0.0,0.0,0.0,0.0,0.0,0.0,0.0,0.0,0.0,0.0,0.0,0.0,0.0,0.0,0.0,0.0,0.0,0.0,0.0,0.0,0.0,0.0,0.0,0.0,0.0,0.3545587932070096,0.0,0.0031655147322453086,0.0,0.013725518016144576,0.0,0.02236998025327917,0.0,0.0,,0.0,,,,,,,,,,,,,,,,,,,,,,0,0,95,5
3,region_03,2024-12-14,,,,,,,,,,,,,,,0.0,0.0,,,,,,,,,,,,,,,,,,,,,,,,,0.0,0.0,,,,,,,,,,,,,0.0,0.0,0.0,0.0,0.0,0.0,0.0,0.0,0.0,0.0,0.0,0.0,,,0.0,0.0,0.0,0.0,0.0,0.0,0.0,0.0,0.0,0.0,0.0,0.0,0.0,0.0,0.0,0.0,0.0,0.0,0.0,0.0,0.0,0.0,0.0,0.0,0.0,0.0,0.0,0.0,0.0,0.0,0.0,0.0,0.0,0.0,0.0,0.0,0.0,0.0,0.0,0.0,0.0,0.0,0.0,0.0,0.0,0.0,0.0,0.0,0.0,0.0,0.0,0.0,0.0,0.0,0.010294282420848786,0.0,0.0,0.0,0.0,0.0,0.0,0.0,0.011254518157026371,0.0,0.0,0.0,0.0,0.0,0.009733983160306985,0.0,0.0,0.0,0.0,0.0,0.0,0.0,0.0,0.0,0.0029112228949088313,0.0,0.00159605185035615,0.0,0.0,0.0,0.0034677254036068654,0.0,0.004465765573383656,0.0,0.0034313795040361293,0.0,0.053815355602030907,0.0,0.3105963046352068,0.0,0.0,0.0,0.0,0.0,0.0,0.0,0.0,0.0,0.0,0.0,0.008130173936175775,0.0,0.007460608438122967,0.0,0.0,0.0,0.03512172135136395,0.0,0.026304991294940266,0.0,0.0,,0.0,,0.0,,0.0,0.0,0.025180828136702332,0.0,0.060308540922899986,0.0,0.03684965816015995,0.0,0.011916643736185456,0.0,0.007079276773664662,2.0,0.0,,,,,,,,0.0,,,,,,,,,,,,0.0,0.0,0.0,0.0,0.0,0.0,0.0,0.0,0.0,0.0,0.0,0.0,0.0,0.0,0.0,0.0,0.0,0.0,0.0,0.0,0.0,0.0,0.0,0.0,0.0,0.0,0.0,0.0,0.0,0.0,0.0,0.0,0.0,0.0,0.0,0.0,0.0,0.0,0.0,0.0,0.0,0.0,0.35430327306191123,0.0,0.002794460577812621,0.0,0.01066014362731943,0.0,0.018301709694787817,0.0,0.0,,0.0,,,,,,,,,,,,,,,,,,,,,,0,1,95,6
3,region_03,2024-12-21,,,,,,,,,,,,,,,0.0,0.0,,,,,,,,,,,,,,,,,,,,,,,,,0.0,0.0,,,,,,,,,,,,,0.0,0.0,0.0,0.0,0.0,0.0,0.0,0.0,0.0,0.0,0.0,0.0,,,0.0,0.0,0.0,0.0,0.0,0.0,0.0,0.0,0.0,0.0,0.0,0.0,0.0,0.0,0.0,0.0,0.0,0.0,0.0,0.0,0.0,0.0,0.0,0.0,0.0,0.0,0.0,0.0,0.0,0.0,0.0,0.0,0.0,0.0,0.0,0.0,0.0,0.0,0.0,0.0,0.0,0.0,0.0,0.0,0.0,0.0,0.0,0.0,0.0,0.0,0.0,0.0,0.0,0.0,0.0,0.0,0.0,0.0,0.0,0.0,0.0,0.0,0.0065650521234298246,0.0,0.0,0.0,0.0,0.0,0.0076134297996759,0.0,0.0,0.0,0.0,0.0,0.0,0.0,0.0,0.0,0.0,0.0,0.0,0.0,0.0,0.0,0.006935450807213731,0.0,0.005990109739026799,0.0,0.0,0.0,0.059333172005911615,0.0,0.34249983231226605,0.0,0.0,0.0,0.0,0.0,0.0,0.0,0.0,0.0,0.0,0.0,0.0,0.0,0.007594769238494284,0.0,0.0,0.0,0.021073295696017572,0.0,0.029678190747896783,0.0,0.0,,0.0,,0.0,,0.0,0.0,0.020053095805148233,0.0,0.06388334992031251,0.0,0.04299115079144631,0.0,0.0206677727401256,0.0,0.014158553547329323,0.0,0.0,,,,,,,,0.0,,,,,,,,,,,,0.0,0.0,0.0,0.0,0.0,0.0,0.0,0.0,0.0,0.0,0.0,0.0,0.0,0.0,0.0,0.0,0.0,0.0,0.0,0.0,0.0,0.0,0.0,0.0,0.0,0.0,0.0,0.0,0.0,0.0,0.0,0.0,0.0,0.0,0.0,0.0,0.0,0.0,0.0,0.0,0.0,0.0,0.3540477529168129,0.0,0.0024234064233799335,0.0,0.007594769238494284,0.0,0.01423343913629646,0.0,0.0,,0.0,,,,,,,,,,,,,,,,,,,,,,0,0,96,7
3,region_03,2024-12-28,,,,,,,,,,,,,,,0.0,0.0,,,,,,,,,,,,,,,,,,,,,,,,,0.0,0.0,,,,,,,,,,,,,0.0,0.0,0.0,0.0,0.0,0.0,0.0,0.0,0.0,0.0,0.0,0.0,,,0.0,0.0,0.0,0.0,0.0,0.0,0.0,0.0,0.0,0.0,0.0,0.0,0.0,0.0,0.0,0.0,0.0,0.0,0.0,0.0,0.0,0.0,0.0,0.0,0.0,0.0,0.0,0.0,0.0,0.0,0.0,0.0,0.0,0.0,0.0,0.0,0.0,0.0,0.0,0.0,0.0,0.0,0.0,0.0,0.0,0.0,0.0,0.0,0.0,0.0,0.0,0.0,0.0,0.0,0.0021774085365574274,0.0,0.0,0.0,0.0,0.0,0.0,0.0,0.0036764102652809575,0.0,0.0,0.0,0.0,0.0,0.011925084516406025,0.0,0.0,0.0,0.0,0.0,0.0,0.0,0.0,0.0,0.0,0.0,0.0006644059639339182,0.0,0.0,0.0,0.0034677254036068654,0.0,0.0029950548695133997,0.0,0.0006086100210350773,0.0,0.056618957004199374,0.0,0.2539386873443921,0.0,0.0,0.0,0.0,0.0,0.0,0.0,0.0,0.0,0.0,0.0,0.0,0.0,0.02018583182943979,0.0,0.0,0.0,0.025950125187536588,0.0,0.01753147606117024,0.0,0.0029237712267786,2.0,0.0,,0.0,,0.0,0.0,0.05211621465989281,0.0,0.06306625408769552,0.0,0.04098739971717194,0.0,0.01906362294473426,0.0,0.02239900548011059,0.0,0.0,,,,,,,,0.0,,,,,,,,,,,,0.0,0.0,0.0,0.0,0.0,0.0,0.0,0.0,0.0,0.0,0.0,0.0,0.0,0.0,0.0,0.0,0.0,0.0,0.0,0.0,0.0,0.0,0.0,0.0,0.0,0.0,0.0,0.0,0.0,0.0,0.0,0.0,0.0,0.0,0.0,0.0,0.0,0.0,0.0,0.0,0.0,0.0,0.37588929012417793,0.0,0.009219488855733513,0.0,0.015829528221564144,0.0,0.02020617644302542,0.0,0.0,,0.0,,,,,,,,,,,,,,,,,,,,,,0,1,96,8
3,region_03,2025-01-04,,,,,,,,,,,,,,,0.0,0.0,,,,,,,,,,,,,,,,,,,,,,,,,0.0,0.0,,,,,,,,,,,,,0.0,0.0,0.0,0.0,0.0,0.0,0.0,0.0,0.0,0.0,0.0,0.0,,,0.0,0.0,0.0,0.0,0.0,0.0,0.0,0.0,0.0,0.0,0.0,0.0,0.0,0.0,0.0,0.0,0.0,0.0,0.0,0.0,0.0,0.0,0.0,0.0,0.0,0.0,0.0,0.0,0.0,0.0,0.0,0.0,0.0,0.0,0.0,0.0,0.0,0.0,0.0,0.0,0.0,0.0,0.0,0.0,0.0,0.0,0.0,0.0,0.0,0.0,0.0,0.0,0.0,0.0,0.004354817073114855,0.0,0.0,0.0,0.0,0.0,0.0,0.0,0.000787768407132091,0.0,0.0,0.0,0.0,0.0,0.01623673923313615,0.0,0.0,0.0,0.0,0.0,0.0,0.0,0.0,0.0,0.0,0.0,0.0013288119278678364,0.0,0.0,0.0,0.0,0.0,0.0,0.0,0.0012172200420701546,0.0,0.05390474200248713,0.0,0.16537754237651822,0.0,0.0,0.0,0.0,0.0,0.0,0.0,0.0,0.0,0.0,0.0,0.0,0.0,0.0327768944203853,0.0,0.0,0.0,0.030826954679055607,0.0,0.0053847613744437,0.0,0.0058475424535572,0.0,0.0,,0.0,,0.0,0.0,0.08417933351463738,0.0,0.06224915825507853,0.0,0.03898364864289758,0.0,0.017459473149342916,0.0,0.030639457412891855,0.0,0.0,,,,,,,,0.0,,,,,,,,,,,,0.0,0.0,0.0,0.0,0.0,0.0,0.0,0.0,0.0,0.0,0.0,0.0,0.0,0.0,0.0,0.0,0.0,0.0,0.0,0.0,0.0,0.0,0.0,0.0,0.0,0.0,0.0,0.0,0.0,0.0,0.0,0.0,0.0,0.0,0.0,0.0,0.0,0.0,0.0,0.0,0.0,0.0,0.39773082733154297,0.0,0.01601557128808709,0.0,0.024064287204634008,0.0,0.026178913749754378,0.0,0.0,,0.0,,,,,,,,,,,,,,,,,,,,,,0,0,97,9
3,region_03,2025-01-11,,,,,,,,,,,,,,,0.0,0.0,,,,,,,,,,,,,,,,,,,,,,,,,0.0,0.0,,,,,,,,,,,,,0.0,0.0,0.0,0.0,0.0,0.0,0.0,0.0,0.0,0.0,0.0,0.0,,,0.0,0.0,0.0,0.0,0.0,0.0,0.0,0.0,0.0,0.0,0.0,0.0,0.0,0.0,0.0,0.0,0.0,0.0,0.0,0.0,0.0,0.0,0.0,0.0,0.0,0.0,0.0,0.0,0.0,0.0,0.0,0.0,0.0,0.0,0.0,0.0,0.0,0.0,0.0,0.0,0.0,0.0,0.0,0.0,0.0,0.0,0.0,0.0,0.0,0.0,0.0,0.0,0.0,0.0,0.0021774085365574274,0.0,0.0018820559605955902,0.0,0.0,0.0,0.0,0.0,0.0027786976361477505,0.0,0.0,0.0,0.0,0.0,0.008118369616568075,0.0,0.0,0.0,0.0,0.0,0.0,0.0,0.0,0.0,0.0018820559605955902,0.0,0.004169556570375724,0.0,0.0,0.0,0.0024113249188909666,0.0,0.0,0.0,0.0006086100210350773,0.0,0.03410681127570564,0.0,0.15264480412006376,0.0,0.0,0.0,0.0,0.0,0.000335259919665975,0.0,0.0,0.0,0.0,0.0,0.0,0.0,0.028946399968117417,0.0,0.0,0.0,0.03681361654096024,0.0,0.00269238068722185,0.0,0.00963245476596052,0.0,0.0023622428998350898,2.0,0.0,,0.0,0.0,0.1350206438038084,0.0,0.050560416992415036,0.0,0.054442223720252474,0.0,0.012739370016127103,0.0,0.03523686579946009,0.0,0.0,,,,,,,,0.0,,,,,,,,,,,,0.0,0.0,0.0,0.0,0.0,0.0,0.0,0.0,0.0,0.0,0.0,0.0,0.0,0.0,0.0,0.0,0.0,0.0,0.0,0.0,0.0,0.0,0.0,0.0,0.0,0.0,0.0,0.0,0.0,0.0,0.0,0.0,0.0,0.0,0.0,0.0,0.0,0.0,0.0,0.0,0.0,0.0,0.38498307317495345,0.0,0.020687683358449782,0.0,0.012032143602317004,0.0,0.01785908374004061,0.0,0.0007371899846475375,2.0,0.0,,,,,,,,,,,,,,,,,,,,,,0,2,97,10
3,region_03,2025-01-18,,,,,,,,,,,,,,,0.0,0.0,,,,,,,,,,,,,,,,,,,,,,,,,0.0,0.0,,,,,,,,,,,,,0.0,0.0,0.0,0.0,0.0,0.0,0.0,0.0,0.0,0.0,0.0,0.0,,,0.0,0.0,0.0,0.0,0.0,0.0,0.0,0.0,0.0,0.0,0.0,0.0,0.0,0.0,0.0,0.0,0.0,0.0,0.0,0.0,0.0,0.0,0.0,0.0,0.0,0.0,0.0,0.0,0.0,0.0,0.0,0.0,0.0,0.0,0.0,0.0,0.0,0.0,0.0,0.0,0.0,0.0,0.0,0.0,0.0,0.0,0.0,0.0,0.0,0.0,0.0,0.0,0.0,0.0,0.0,0.0,0.0037641119211911803,0.0,0.0,0.0,0.0,0.0,0.00476962686516341,0.0,0.0,0.0,0.0,0.0,0.0,0.0,0.0,0.0,0.0,0.0,0.0,0.0,0.0,0.0,0.0037641119211911803,0.0,0.007010301212883612,0.0,0.0,0.0,0.004822649837781933,0.0,0.0,0.0,0.0,0.0,0.01430888054892416,0.0,0.13991206586360927,0.0,0.0,0.0,0.0,0.0,0.00067051983933195,0.0,0.0,0.0,0.0,0.0,0.0,0.0,0.02511590551584954,0.0,0.0,0.0,0.04280027840286488,0.0,0.0,0.0,0.01341736707836384,0.0,0.0047244857996701795,0.0,0.0,,0.0,0.0,0.1858619540929794,0.0,0.038871675729751545,0.0,0.06990079879760737,0.0,0.00801926688291129,0.0,0.039834274186028314,0.0,0.0,,,,,,,,0.0,,,,,,,,,,,,0.0,0.0,0.0,0.0,0.0,0.0,0.0,0.0,0.0,0.0,0.0,0.0,0.0,0.0,0.0,0.0,0.0,0.0,0.0,0.0,0.0,0.0,0.0,0.0,0.0,0.0,0.0,0.0,0.0,0.0,0.0,0.0,0.0,0.0,0.0,0.0,0.0,0.0,0.0,0.0,0.0,0.0,0.37223531901836393,0.0,0.02535979542881247,0.0,0.0,0.0,0.00953925373032684,0.0,0.001474379969295075,0.0,0.0,,,,,,,,,,,,,,,,,,,,,,0,0,99,11
3,region_03,2025-01-25,,,,,,,,,,,,,,,0.0002824859038810125,0.0,,,,,,,,,,,,,,,,,,,,,,,,,0.0,0.0,,,,,,,,,,,,,0.0,0.0,0.0,0.0,0.0,0.0,0.0,0.0,0.0,0.0,0.0,0.0,,,0.0,0.0,0.0,0.0,0.0,0.0,0.0,0.0,0.0,0.0,0.0,0.0,0.0,0.0,0.0,0.0,0.0,0.0,0.0,0.0,0.0,0.0,0.0,0.0,0.0,0.0,0.0,0.0,0.0,0.0,0.0,0.0,0.0,0.0,0.0,0.0,0.0,0.0,0.0,0.0,0.0,0.0,0.0,0.0,0.0,0.0,0.0,0.0,0.0,0.0,0.0,0.0,0.0,0.0,0.0038743904377850943,0.0,0.0018820559605955902,0.0,0.0,0.0,0.0,0.0,0.004495070543554049,0.0,0.0007939808128867125,0.0,0.0,0.0,0.0,0.0,0.0,0.0,0.0,0.0,0.0,0.0,0.0,0.0,0.0018820559605955902,0.0,0.003942555469822922,0.0,0.0,0.0,0.0024113249188909666,0.0,0.0,0.0,0.0023276314313988877,0.0,0.018697607822509225,0.0,0.1322909748388661,0.0,0.0,0.0,0.0,0.0,0.000335259919665975,0.0,0.0,0.0,0.0,0.0,0.002391893649473767,0.0,0.03630520816271499,0.0,0.0,0.0,0.02746784200684886,0.0,0.003122766308175992,0.0,0.00772503212792794,0.0,0.0023622428998350898,0.0,0.0,,0.0,0.0,0.2028295425905121,0.0,0.041020251189668934,0.0,0.062211729213595336,0.0,0.013898198337604561,0.0,0.04081597541355419,0.0,0.0,,,,,,,,0.0017001276602968299,2.0,,,,,,,,,,,0.0,0.0,0.0,0.0,0.0,0.0,0.0,0.0,0.0,0.0,0.0,0.0,0.0,0.0,0.0,0.0,0.0,0.0,0.0,0.0,0.0,0.0,0.0,0.0,0.0,0.0,0.0,0.0,0.0,0.0,0.0,0.0,0.0,0.0,0.0,0.0,0.0,0.0,0.0,0.0,0.0,0.0,0.3633516535162925,0.0,0.020627477827171448,0.0,0.0017172119890649944,0.0,0.010636413899353759,0.0,0.0007371899846475375,0.0,0.0,,,,,,,,,,,,,,,,,,,,,,0,1,99,12
3,region_03,2025-02-01,,,,,,,,,,,,,,,0.000564971807762025,0.0,,,,,,,,,,,,,,,,,,,,,,,,,0.0,0.0,,,,,,,,,,,,,0.0,0.0,0.0,0.0,0.0,0.0,0.0,0.0,0.0,0.0,0.0,0.0,,,0.0,0.0,0.0,0.0,0.0,0.0,0.0,0.0,0.0,0.0,0.0,0.0,0.0,0.0,0.0,0.0,0.0,0.0,0.0,0.0,0.0,0.0,0.0,0.0,0.0,0.0,0.0,0.0,0.0,0.0,0.0,0.0,0.0,0.0,0.0,0.0,0.0,0.0,0.0,0.0,0.0,0.0,0.0,0.0,0.0,0.0,0.0,0.0,0.0,0.0,0.0,0.0,0.0,0.0,0.007748780875570189,0.0,0.0,0.0,0.0,0.0,0.0,0.0,0.004220514221944689,0.0,0.001587961625773425,0.0,0.0,0.0,0.0,0.0,0.0,0.0,0.0,0.0,0.0,0.0,0.0,0.0,0.0,0.0,0.0008748097267622332,0.0,0.0,0.0,0.0,0.0,0.0,0.0,0.004655262862797775,0.0,0.02308633509609429,0.0,0.12466988381412289,0.0,0.0,0.0,0.0,0.0,0.0,0.0,0.0,0.0,0.0,0.0,0.004783787298947534,0.0,0.04749451080958045,0.0,0.0,0.0,0.012135405610832845,0.0,0.006245532616351984,0.0,0.00203269717749204,0.0,0.0,0.0,0.0,,0.0,0.0,0.21979713108804486,0.0,0.04316882664958632,0.0,0.0545226596295833,0.0,0.019777129792297832,0.0,0.04179767664108006,0.0,0.0,,,,,,,,0.0034002553205936597,0.0,,,,,,,,,,,0.0,0.0,0.0,0.0,0.0,0.0,0.0,0.0,0.0,0.0,0.0,0.0,0.0,0.0,0.0,0.0,0.0,0.0,0.0,0.0,0.0,0.0,0.0,0.0,0.0,0.0,0.0,0.0,0.0,0.0,0.0,0.0,0.0,0.0,0.0,0.0,0.0,0.0,0.0,0.0,0.0,0.0,0.35446798801422114,0.0,0.015895160225530423,0.0,0.0034344239781299887,0.0,0.011733574068380678,0.0,0.0,0.0,0.0,,,,,,,,,,,,,,,,,,,,,,0,0,100,13
3,region_03,2025-02-08,,,,,,,,,,,,,,,0.0007566379038810791,0.0,,,,,,,,,,,,,,,,,,,,,,,,,0.0,0.0,,,,,,,,,,,,,0.0,0.0,0.0,0.0,0.0,0.0,0.0,0.0,0.0,0.0,0.0,0.0,,,0.0,0.0,0.0,0.0,0.0,0.0,0.0,0.0,0.0,0.0,0.0,0.0,0.0,0.0,0.0,0.0,0.0,0.0,0.0,0.0,0.0,0.0,0.0,0.0,0.0,0.0,0.0,0.0,0.0,0.0,0.0,0.0,0.0,0.0,0.0,0.0,0.0,0.0,0.0,0.0,0.0,0.0,0.0,0.0,0.0,0.0,0.0,0.0,0.0,0.0,0.0,0.0,0.0,0.0,0.005828161906619082,0.0,0.0010927621430406834,0.0,0.0,0.0,0.0,0.0,0.004254407546896851,0.0,0.002073289778005912,0.0,0.0,0.0,0.0,0.0,0.0,0.0,0.0,0.0,0.0,0.0,0.0,0.0,0.0,0.0,0.0030658884866473163,0.0,0.0,0.0,0.0,0.0,0.0,0.0,0.0023276314313988877,0.0,0.03558116245807868,0.0,0.11443148760331996,0.0,0.0,0.0,0.0,0.0,0.0,0.0,0.0,0.0,0.0,0.0,0.002391893649473767,0.0,0.03813363239169116,0.0,0.0,0.0,0.02696989293003243,0.0,0.007043712306767641,0.0,0.00542261906666676,0.0,0.0,0.0,0.0026877019554376247,2.0,0.0,0.0,0.23538804447485334,0.0,0.028237599025790844,0.0,0.0449020824162289,0.0,0.014973098082312647,0.0,0.045845399403737594,0.0,0.0,,,,,,,,0.007588832150213371,0.0,,,,,,,,,,,0.0,0.0,0.0,0.0,0.0,0.0,0.0,0.0,0.0,0.0,0.0,0.0,0.0,0.0,0.0,0.0,0.0,0.0,0.0,0.0,0.0,0.0,0.0,0.0,0.0,0.0,0.0,0.0,0.0,0.0,0.0,0.0,0.0,0.0,0.0,0.0,0.0,0.0,0.0,0.0,0.0,0.0,0.3501667007803917,0.0,0.019391147691446006,0.0,0.0020005105883076696,0.0,0.014935780885732781,0.0,0.0,0.0,0.0,,,,,,,,,,,,,,,,,,,,,,0,1,100,14
3,region_03,2025-02-15,,,,,,,,,,,,,,,0.0009483040000001333,0.0,,,,,,,,,,,,,,,,,,,,,,,,,0.0,0.0,,,,,,,,,,,,,0.0,0.0,0.0,0.0,0.0,0.0,0.0,0.0,0.0,0.0,0.0,0.0,,,0.0,0.0,0.0,0.0,0.0,0.0,0.0,0.0,0.0,0.0,0.0,0.0,0.0,0.0,0.0,0.0,0.0,0.0,0.0,0.0,0.0,0.0,0.0,0.0,0.0,0.0,0.0,0.0,0.0,0.0,0.0,0.0,0.0,0.0,0.0,0.0,0.0,0.0,0.0,0.0,0.0,0.0,0.0,0.0,0.0,0.0,0.0,0.0,0.0,0.0,0.0,0.0,0.0,0.0,0.0039075429376679745,0.0,0.002185524286081367,0.0,0.0,0.0,0.0,0.0,0.004288300871849012,0.0,0.0025586179302383998,0.0,0.0,0.0,0.0,0.0,0.0,0.0,0.0,0.0,0.0,0.0,0.0,0.0,0.0,0.0,0.0052569672465324,0.0,0.0,0.0,0.0,0.0,0.0,0.0,0.0,0.0,0.048075989820063066,0.0,0.10419309139251703,0.0,0.0,0.0,0.0,0.0,0.0,0.0,0.0,0.0,0.0,0.0,0.0,0.0,0.028772753973801867,0.0,0.0,0.0,0.04180438024923201,0.0,0.0078418919971833,0.0,0.00881254095584148,0.0,0.0,0.0,0.005375403910875249,0.0,0.0,0.0,0.25097895786166186,0.0,0.013306371401995363,0.0,0.0352815052028745,0.0,0.010169066372327463,0.0,0.049893122166395125,0.0,0.0,,,,,,,,0.01177740897983308,0.0,,,,,,,,,,,0.0,0.0,0.0,0.0,0.0,0.0,0.0,0.0,0.0,0.0,0.0,0.0,0.0,0.0,0.0,0.0,0.0,0.0,0.0,0.0,0.0,0.0,0.0,0.0,0.0,0.0,0.0,0.0,0.0,0.0,0.0,0.0,0.0,0.0,0.0,0.0,0.0,0.0,0.0,0.0,0.0,0.0,0.3458654135465622,0.0,0.02288713515736159,0.0,0.00056659719848535,0.0,0.018137987703084887,0.0,0.0,0.0,0.0,,,,,,,,,,,,,,,,,,,,,,0,0,101,15
3,region_03,2025-02-22,,,,,,,,,,,,,,,0.00047415200000006666,0.0,,,,,,,,,,,,,,,,,,,,,,,,,0.0,0.0,,,,,,,,,,,,,0.0,0.0,0.0,0.0,0.0,0.0,0.0,0.0,0.0,0.0,0.0,0.0,,,0.0,0.0,0.0,0.0,0.0,0.0,0.0,0.0,0.0,0.0,0.0,0.0,0.0,0.0,0.0,0.0,0.0,0.0,0.0,0.0,0.0,0.0,0.0,0.0,0.0,0.0,0.0,0.0,0.0,0.0,0.0,0.0,0.0,0.0,0.0,0.0,0.0,0.0,0.0,0.0,0.0,0.0,0.0,0.0,0.0,0.0,0.0,0.0,0.0,0.0,0.0,0.0,0.0,0.0,0.004902968546957652,0.0,0.0010927621430406834,0.0,0.0,0.0,0.0,0.0,0.007200441711271764,0.0,0.0016286057749917999,0.0,0.0,0.0,0.000390084926038975,0.0,0.0,0.0,0.0,0.0,0.0,0.0,0.0,0.0,0.000390084926038975,0.0,0.0053045009728520665,0.0,0.0,0.0,0.00078016985207795,0.0,0.0,0.0,0.001505075604654825,0.0,0.04887902889666809,0.0,0.0911611358502081,0.0,0.0,0.0,0.0,0.0,0.0,0.0,0.0,0.0,0.0,0.0,0.0,0.0,0.02384247985624126,0.0,0.0,0.0,0.04064499842934308,0.0,0.00392094599859165,0.0,0.0074049588758497795,0.0,0.00430746525526045,0.0,0.0034378934651612745,0.0,0.0,0.0,0.3133749293961695,0.0,0.020198464826015432,0.0,0.0310726362845993,0.0,0.023944659100379732,0.0,0.03856398950197861,0.0,0.0,,,,,,,,0.007109755417332,0.0,,,,,,,,,,,0.0,0.0,0.0,0.0,0.0,0.0,0.0,0.0,0.0,0.0,0.0,0.0,0.0,0.0,0.0,0.0,0.0,0.0,0.0,0.0,0.0,0.0,0.0,0.0,0.0,0.0,0.0,0.0,0.0,0.0,0.0,0.0,0.0,0.0,0.0,0.0,0.0,0.0,0.0,0.0,0.0,0.0,0.305594764649868,0.0,0.022005548284921222,0.0,0.000283298599242675,0.0,0.024250723421573583,0.0,0.0,0.0,0.0,,,,,,,,,,,,,,,,,,,,,,0,0,101,16
3,region_03,2025-03-01,,,,,,,,,,,,,,,0.0,0.0,,,,,,,,,,,,,,,,,,,,,,,,,0.0,0.0,,,,,,,,,,,,,0.0,0.0,0.0,0.0,0.0,0.0,0.0,0.0,0.0,0.0,0.0,0.0,,,0.0,0.0,0.0,0.0,0.0,0.0,0.0,0.0,0.0,0.0,0.0,0.0,0.0,0.0,0.0,0.0,0.0,0.0,0.0,0.0,0.0,0.0,0.0,0.0,0.0,0.0,0.0,0.0,0.0,0.0,0.0,0.0,0.0,0.0,0.0,0.0,0.0,0.0,0.0,0.0,0.0,0.0,0.0,0.0,0.0,0.0,0.0,0.0,0.0,0.0,0.0,0.0,0.0,0.0,0.005898394156247329,0.0,0.0,0.0,0.0,0.0,0.0,0.0,0.010112582550694516,0.0,0.0006985936197452,0.0,0.0,0.0,0.00078016985207795,0.0,0.0,0.0,0.0,0.0,0.0,0.0,0.0,0.0,0.00078016985207795,0.0,0.005352034699171733,0.0,0.0,0.0,0.0015603397041559,0.0,0.0,0.0,0.00301015120930965,0.0,0.04968206797327312,0.0,0.07812918030789916,0.0,0.0,0.0,0.0,0.0,0.0,0.0,0.0,0.0,0.0,0.0,0.0,0.0,0.018912205738680656,0.0,0.0,0.0,0.03948561660945415,0.0,0.0,0.0,0.00599737679585808,0.0,0.0086149305105209,0.0,0.0015003830194473,0.0,0.0,0.0,0.37577090093067717,0.0,0.0270905582500355,0.0,0.0268637673663241,0.0,0.037720251828432,0.0,0.0272348568375621,0.0,0.0,,,,,,,,0.00244210185483092,0.0,,,,,,,,,,,0.0,0.0,0.0,0.0,0.0,0.0,0.0,0.0,0.0,0.0,0.0,0.0,0.0,0.0,0.0,0.0,0.0,0.0,0.0,0.0,0.0,0.0,0.0,0.0,0.0,0.0,0.0,0.0,0.0,0.0,0.0,0.0,0.0,0.0,0.0,0.0,0.0,0.0,0.0,0.0,0.0,0.0,0.2653241157531738,0.0,0.021123961412480855,0.0,0.0,0.0,0.03036345914006228,0.0,0.0,0.0,0.0,,,,,,,,,,,,,,,,,,,,,,0,0,101,17
3,region_03,2025-03-08,,,,,,,,,,,,,,,0.0,0.0,,,,,,,,,,,,,,,,,,,,,,,,,0.0,0.0,,,,,,,,,,,,,0.0,0.0,0.0,0.0,0.0,0.0,0.0,0.0,0.0,0.0,0.0,0.0,,,0.0,0.0,0.0,0.0,0.0,0.0,0.0,0.0,0.0,0.0,0.0,0.0,0.0,0.0,0.0,0.0,0.0,0.0,0.0,0.0,0.0,0.0,0.0,0.0,0.0,0.0,0.0,0.0,0.0,0.0,0.0,0.0,0.0,0.0,0.0,0.0,0.0,0.0,0.0,0.0,0.0,0.0,0.0,0.0,0.0,0.0,0.0,0.0,0.0,0.0,0.0,0.0,0.0,0.0,0.0029491970781236644,0.0,0.0,0.0,0.0,0.0,0.0,0.0,0.009148927211450997,0.0,0.0003492968098726,0.0,0.0,0.0,0.000390084926038975,0.0,0.0,0.0,0.0,0.0,0.0,0.0,0.0,0.0,0.000390084926038975,0.0,0.0026760173495858665,0.0,0.0,0.0,0.00078016985207795,0.0,0.0,0.0,0.001505075604654825,0.0,0.05243919554743026,0.0,0.0751681675070098,0.0,0.0,0.0,0.0,0.0,0.0,0.0,0.0,0.0,0.0,0.0,0.0,0.0,0.016095080468360112,0.0,0.0,0.0,0.02884249979009229,0.0,0.002715973649173958,0.0,0.00299868839792904,0.0,0.00576559838373211,0.0,0.004479706636629975,0.0,0.0,0.0,0.43819850399380644,0.0,0.0174922501568549,0.0,0.02938033511773456,0.0,0.02046448818291532,0.0,0.029159115560884942,0.0,0.0,,,,,,,,0.0016483367769978474,0.0,,,,,,,,,,,0.0,0.0,0.0,0.0,0.0,0.0,0.0,0.0,0.0,0.0,0.0,0.0,0.0,0.0,0.0,0.0,0.0,0.0,0.0,0.0,0.0,0.0,0.0,0.0,0.0,0.0,0.0,0.0,0.0,0.0,0.0,0.0,0.0,0.0,0.0,0.0,0.0,0.0,0.0,0.0,0.0,0.0,0.24751097088058788,0.0,0.011197884849804808,0.0,0.005428162170574041,0.0,0.020952487131580665,0.0,0.0,0.0,0.0,,,,,,,,,,,,,,,,,,,,,,0,0,101,18
3,region_03,2025-03-15,,,,,,,,,,,,,,,0.0,0.0,,,,,,,,,,,,,,,,,,,,,,,,,0.0,0.0,,,,,,,,,,,,,0.0,0.0,0.0,0.0,0.0,0.0,0.0,0.0,0.0,0.0,0.0,0.0,,,0.0,0.0,0.0,0.0,0.0,0.0,0.0,0.0,0.0,0.0,0.0,0.0,0.0,0.0,0.0,0.0,0.0,0.0,0.0,0.0,0.0,0.0,0.0,0.0,0.0,0.0,0.0,0.0,0.0,0.0,0.0,0.0,0.0,0.0,0.0,0.0,0.0,0.0,0.0,0.0,0.0,0.0,0.0,0.0,0.0,0.0,0.0,0.0,0.0,0.0,0.0,0.0,0.0,0.0,0.0,0.0,0.0,0.0,0.0,0.0,0.0,0.0,0.008185271872207476,0.0,0.0,0.0,0.0,0.0,0.0,0.0,0.0,0.0,0.0,0.0,0.0,0.0,0.0,0.0,0.0,0.0,0.0,0.0,0.0,0.0,0.0,0.0,0.0,0.0,0.0,0.0,0.0551963231215874,0.0,0.07220715470612044,0.0,0.0,0.0,0.0,0.0,0.0,0.0,0.0,0.0,0.0,0.0,0.0,0.0,0.013277955198039567,0.0,0.0,0.0,0.018199382970730434,0.0,0.005431947298347916,0.0,0.0,0.0,0.00291626625694332,0.0,0.00745903025381265,0.0,0.0,0.0,0.5006261070569357,0.0,0.007893942063674301,0.0,0.03189690286914502,0.0,0.00320872453739864,0.0,0.031083374284207783,0.0,0.0,,,,,,,,0.000854571699164775,0.0,,,,,,,,,,,0.0,0.0,0.0,0.0,0.0,0.0,0.0,0.0,0.0,0.0,0.0,0.0,0.0,0.0,0.0,0.0,0.0,0.0,0.0,0.0,0.0,0.0,0.0,0.0,0.0,0.0,0.0,0.0,0.0,0.0,0.0,0.0,0.0,0.0,0.0,0.0,0.0,0.0,0.0,0.0,0.0,0.0,0.22969782600800195,0.0,0.00127180828712876,0.0,0.010856324341148083,0.0,0.011541515123099049,0.0,0.0,0.0,0.0,,,,,,,,,,,,,,,,,,,,,,0,0,101,19
3,region_03,2025-03-22,,,,,,,,,,,,,,,0.0,0.0,,,,,,,,,,,,,,,,,,,,,,,,,0.0,0.0,,,,,,,,,,,,,0.0,0.0,0.0,0.0,0.0,0.0,0.0,0.0,0.0,0.0,0.0,0.0,,,0.0,0.0,0.0,0.0,0.0,0.0,0.0,0.0,0.0,0.0,0.0,0.0,0.0,0.0,0.0,0.0,0.0,0.0,0.0,0.0,0.0,0.0,0.0,0.0,0.0,0.0,0.0,0.0,0.0,0.0,0.0,0.0,0.0,0.0,0.0,0.0,0.0,0.0,0.0,0.0,0.0,0.0,0.0,0.0,0.0,0.0,0.0,0.0,0.0,0.0,0.0,0.0,0.0,0.0,0.0,0.0,0.0,0.0,0.0,0.0,0.0,0.0,0.004092635936103738,0.0,0.0,0.0,0.0,0.0,0.0,0.0,0.0,0.0,0.0,0.0,0.0,0.0,0.0,0.0,0.0,0.0,0.0,0.0,0.0,0.0,0.0,0.0,0.0,0.0,0.0,0.0,0.04434548759212092,0.0,0.0480338310822844,0.0,0.0,0.0,0.0,0.0,0.0,0.0,0.0,0.0,0.0,0.0,0.0,0.0,0.03049948505746817,0.0,0.0,0.0,0.0340787847836812,0.0,0.008808410819619857,0.0,0.00129664654377845,0.0,0.00582887653727081,0.0,0.010536301066167625,0.0,0.0,0.0,0.5153965691725413,0.0,0.019893558206967983,0.0,0.0275381577511628,0.0,0.0076676856202538704,0.0,0.030808078031986923,0.0,0.0,,,,,,,,0.0036437781876884068,0.0,,,,,,,,,,,0.0,0.0,0.0,0.0,0.0,0.0,0.0,0.0,0.0,0.0,0.0,0.0,0.0,0.0,0.0,0.0,0.0,0.0,0.0,0.0,0.0,0.0,0.0,0.0,0.0,0.0,0.0,0.0,0.0,0.0,0.0,0.0,0.0,0.0,0.0,0.0,0.0,0.0,0.0,0.0,0.0,0.0,0.18879192893703778,0.0,0.00820927720051254,0.0,0.008644654508680061,0.0,0.010127638280391656,0.0,0.0,0.0,0.0,,,,,,,,,,,,,,,,,,,,,,0,0,101,20
3,region_03,2025-03-29,,,,,,,,,,,,,,,0.0,0.0,,,,,,,,,,,,,,,,,,,,,,,,,0.0,0.0,,,,,,,,,,,,,0.0,0.0,0.0,0.0,0.0,0.0,0.0,0.0,0.0,0.0,0.0,0.0,,,0.0,0.0,0.0,0.0,0.0,0.0,0.0,0.0,0.0,0.0,0.0,0.0,0.0,0.0,0.0,0.0,0.0,0.0,0.0,0.0,0.0,0.0,0.0,0.0,0.0,0.0,0.0,0.0,0.0,0.0,0.0,0.0,0.0,0.0,0.0,0.0,0.0,0.0,0.0,0.0,0.0,0.0,0.0,0.0,0.0,0.0,0.0,0.0,0.0,0.0,0.0,0.0,0.0,0.0,0.0,0.0,0.0,0.0,0.0,0.0,0.0,0.0,0.0,0.0,0.0,0.0,0.0,0.0,0.0,0.0,0.0,0.0,0.0,0.0,0.0,0.0,0.0,0.0,0.0,0.0,0.0,0.0,0.0,0.0,0.0,0.0,0.0,0.0,0.0,0.0,0.03349465206265444,0.0,0.02386050745844836,0.0,0.0,0.0,0.0,0.0,0.0,0.0,0.0,0.0,0.0,0.0,0.0,0.0,0.04772101491689677,0.0,0.0,0.0,0.04995818659663196,0.0,0.0121848743408918,0.0,0.0025932930875569,0.0,0.0087414868175983,0.0,0.0136135718785226,0.0,0.0,0.0,0.530167031288147,0.0,0.03189317435026166,0.0,0.02317941263318058,0.0,0.0121266467031091,0.0,0.03053278177976606,0.0,0.0,,,,,,,,0.006432984676212039,0.0,,,,,,,,,,,0.0,0.0,0.0,0.0,0.0,0.0,0.0,0.0,0.0,0.0,0.0,0.0,0.0,0.0,0.0,0.0,0.0,0.0,0.0,0.0,0.0,0.0,0.0,0.0,0.0,0.0,0.0,0.0,0.0,0.0,0.0,0.0,0.0,0.0,0.0,0.0,0.0,0.0,0.0,0.0,0.0,0.0,0.14788603186607358,0.0,0.01514674611389632,0.0,0.006432984676212039,0.0,0.00871376143768426,0.0,0.0,0.0,0.0,,,,,,,,,,,,,,,,,,,,,,0,0,101,21
3,region_03,2025-04-05,,,,,,,,,,,,,,,0.0,0.0,,,,,,,,,,,,,,,,,,,,,,,,,0.0,0.0,,,,,,,,,,,,,0.0,0.0,0.0,0.0,0.0,0.0,0.0,0.0,0.0,0.0,0.0,0.0,,,0.0,0.0,0.0,0.0,0.0,0.0,0.0,0.0,0.0,0.0,0.0,0.0,0.0,0.0,0.0,0.0,0.0,0.0,0.0,0.0,0.0,0.0,0.0,0.0,0.0,0.0,0.0,0.0,0.0,0.0,0.0,0.0,0.0,0.0,0.0,0.0,0.0,0.0,0.0,0.0,0.0,0.0,0.0,0.0,0.0,0.0,0.0,0.0,0.0,0.0,0.0,0.0,0.0,0.0,0.0,0.0,0.0,0.0,0.0,0.0,0.0,0.0,0.003424657508730875,0.0,0.0,0.0,0.0,0.0,0.0,0.0,0.0,0.0,0.0,0.0,0.0,0.0,0.0,0.0,0.0,0.0,0.0,0.0,0.0,0.0,0.0,0.0,0.0,0.0,0.0,0.0,0.021054471633396993,0.0,0.03129268661141389,0.0,0.0,0.0,0.0,0.0,0.0,0.0,0.0,0.0,0.0,0.0,0.0,0.0,0.0432229403406381,0.0,0.0,0.0,0.04473561858758325,0.0,0.0060924371704459,0.0,0.002316982601769225,0.0,0.02373317629098886,0.0,0.0068067859392613,0.0,0.0,0.0,0.5959019079804421,0.0,0.01594658717513083,0.0,0.030952139198780003,0.0,0.00606332335155455,0.0,0.016286726947873805,0.0,0.0,,,,,,,,0.012211727770045356,0.0,,,,,,,,,,,0.0,0.0,0.0,0.0,0.0,0.0,0.0,0.0,0.0,0.0,0.0,0.0,0.0,0.0,0.0,0.0,0.0,0.0,0.0,0.0,0.0,0.0,0.0,0.0,0.0,0.0,0.0,0.0,0.0,0.0,0.0,0.0,0.0,0.0,0.0,0.0,0.0,0.0,0.0,0.0,0.0,0.0,0.1169750269502401,0.0,0.020481661567464435,0.0,0.0032164923381060194,0.0,0.00435688071884213,0.0,0.0,0.0,0.0,,,,,,,,,,,,,,,,,,,,,,0,0,101,22
3,region_03,2025-04-12,,,,,,,,,,,,,,,0.0,0.0,,,,,,,,,,,,,,,,,,,,,,,,,0.0,0.0,,,,,,,,,,,,,0.0,0.0,0.0,0.0,0.0,0.0,0.0,0.0,0.0,0.0,0.0,0.0,,,0.0,0.0,0.0,0.0,0.0,0.0,0.0,0.0,0.0,0.0,0.0,0.0,0.0,0.0,0.0,0.0,0.0,0.0,0.0,0.0,0.0,0.0,0.0,0.0,0.0,0.0,0.0,0.0,0.0,0.0,0.0,0.0,0.0,0.0,0.0,0.0,0.0,0.0,0.0,0.0,0.0,0.0,0.0,0.0,0.0,0.0,0.0,0.0,0.0,0.0,0.0,0.0,0.0,0.0,0.0,0.0,0.0,0.0,0.0,0.0,0.0,0.0,0.00684931501746175,0.0,0.0,0.0,0.0,0.0,0.0,0.0,0.0,0.0,0.0,0.0,0.0,0.0,0.0,0.0,0.0,0.0,0.0,0.0,0.0,0.0,0.0,0.0,0.0,0.0,0.0,0.0,0.00861429120413955,0.0,0.038724865764379425,0.0,0.0,0.0,0.0,0.0,0.0,0.0,0.0,0.0,0.0,0.0,0.0,0.0,0.038724865764379425,0.0,0.0,0.0,0.03951305057853455,0.0,0.0,0.0,0.00204067211598155,0.0,0.038724865764379425,0.0,0.0,0.0,0.0,0.0,0.6616367846727371,0.0,0.0,0.0,0.038724865764379425,0.0,0.0,0.0,0.00204067211598155,0.0,0.0,,,,,,,,0.017990470863878675,0.0,,,,,,,,,,,0.0,0.0,0.0,0.0,0.0,0.0,0.0,0.0,0.0,0.0,0.0,0.0,0.0,0.0,0.0,0.0,0.0,0.0,0.0,0.0,0.0,0.0,0.0,0.0,0.0,0.0,0.0,0.0,0.0,0.0,0.0,0.0,0.0,0.0,0.0,0.0,0.0,0.0,0.0,0.0,0.0,0.0,0.08606402203440663,0.0,0.02581657702103255,0.0,0.0,0.0,0.0,0.0,0.0,0.0,0.0,,,,,,,,,,,,,,,,,,,,,,0,0,101,23
3,region_03,2025-04-19,,,,,,,,,,,,,,,0.0,0.0,,,,,,,,,,,,,,,,,,,,,,,,,0.0,0.0,,,,,,,,,,,,,0.0,0.0,0.0,0.0,0.0,0.0,0.0,0.0,0.0,0.0,0.0,0.0,,,0.0,0.0,0.0,0.0,0.0,0.0,0.0,0.0,0.0,0.0,0.0,0.0,0.0,0.0,0.0,0.0,0.0,0.0,0.0,0.0,0.0,0.0,0.0,0.0,0.0,0.0,0.0,0.0,0.0,0.0,0.0,0.0,0.0,0.0,0.0,0.0,0.0,0.0,0.0,0.0,0.0,0.0,0.0,0.0,0.0,0.0,0.0,0.0,0.0,0.0,0.0,0.0,0.0,0.0,0.0,0.0,0.0,0.0,0.0,0.0,0.0,0.0,0.003424657508730875,0.0,0.0,0.0,0.0,0.0,0.0,0.0,0.0,0.0,0.0,0.0,0.0,0.0,0.0,0.0,0.0,0.0,0.0,0.0,0.0,0.0,0.0,0.0,0.0,0.0,0.0,0.0,0.022423321730457225,0.0,0.019362432882189713,0.0,0.0,0.0,0.0,0.0,0.0,0.0,0.0,0.0,0.0,0.0,0.0,0.0,0.019362432882189713,0.0,0.0,0.0,0.019756525289267274,0.0,0.0,0.0,0.019136512186378227,0.0,0.019362432882189713,0.0,0.0,0.0,0.0,0.0,0.7945860400795937,0.0,0.0,0.0,0.019362432882189713,0.0,0.0,0.0,0.001020336057990775,0.0,0.0,,,,,,,,0.008995235431939337,0.0,,,,,,,,,,,0.0,0.0,0.0,0.0,0.0,0.0,0.0,0.0,0.0,0.0,0.0,0.0,0.0,0.0,0.0,0.0,0.0,0.0,0.0,0.0,0.0,0.0,0.0,0.0,0.0,0.0,0.0,0.0,0.0,0.0,0.0,0.0,0.0,0.0,0.0,0.0,0.0,0.0,0.0,0.0,0.0,0.0,0.04303201101720332,0.0,0.012908288510516275,0.0,0.0,0.0,0.0,0.0,0.0,0.0,0.0,,,,,,,,,,,,,,,,,,,,,,0,0,101,24
3,region_03,2025-04-26,,,,,,,,,,,,,,,0.0,0.0,,,,,,,,,,,,,,,,,,,,,,,,,0.0,0.0,,,,,,,,,,,,,0.0,0.0,0.0,0.0,0.0,0.0,0.0,0.0,0.0,0.0,0.0,0.0,,,0.0,0.0,0.0,0.0,0.0,0.0,0.0,0.0,0.0,0.0,0.0,0.0,0.0,0.0,0.0,0.0,0.0,0.0,0.0,0.0,0.0,0.0,0.0,0.0,0.0,0.0,0.0,0.0,0.0,0.0,0.0,0.0,0.0,0.0,0.0,0.0,0.0,0.0,0.0,0.0,0.0,0.0,0.0,0.0,0.0,0.0,0.0,0.0,0.0,0.0,0.0,0.0,0.0,0.0,0.0,0.0,0.0,0.0,0.0,0.0,0.0,0.0,0.0,0.0,0.0,0.0,0.0,0.0,0.0,0.0,0.0,0.0,0.0,0.0,0.0,0.0,0.0,0.0,0.0,0.0,0.0,0.0,0.0,0.0,0.0,0.0,0.0,0.0,0.0,0.0,0.0362323522567749,0.0,0.0,0.0,0.0,0.0,0.0,0.0,0.0,0.0,0.0,0.0,0.0,0.0,0.0,0.0,0.0,0.0,0.0,0.0,0.0,0.0,0.0,0.0,0.0362323522567749,0.0,0.0,0.0,0.0,0.0,0.0,0.0,0.9275352954864502,0.0,0.0,0.0,0.0,0.0,0.0,0.0,0.0,0.0,0.0,,,,,,,,0.0,0.0,,,,,,,,,,,0.0,0.0,0.0,0.0,0.0,0.0,0.0,0.0,0.0,0.0,0.0,0.0,0.0,0.0,0.0,0.0,0.0,0.0,0.0,0.0,0.0,0.0,0.0,0.0,0.0,0.0,0.0,0.0,0.0,0.0,0.0,0.0,0.0,0.0,0.0,0.0,0.0,0.0,0.0,0.0,0.0,0.0,0.0,0.0,0.0,0.0,0.0,0.0,0.0,0.0,0.0,0.0,0.0,,,,,,,,,,,,,,,,,,,,,,0,0,101,25
3,region_03,2025-05-03,,,,,,,,,,,,,,,0.0,0.0,,,,,,,,,,,,,,,,,,,,,,,,,0.0,0.0,,,,,,,,,,,,,0.0,0.0,0.0,0.0,0.0,0.0,0.0,0.0,0.0,0.0,0.0,0.0,,,0.0,0.0,0.0,0.0,0.0,0.0,0.0,0.0,0.0,0.0,0.0,0.0,0.0,0.0,0.0,0.0,0.0,0.0,0.0,0.0,0.0,0.0,0.0,0.0,0.0,0.0,0.0,0.0,0.0,0.0,0.0,0.0,0.0,0.0,0.0,0.0,0.0,0.0,0.0,0.0,0.0,0.0,0.0,0.0,0.0,0.0,0.0,0.0,0.0,0.0,0.0,0.0,0.0,0.0,0.0,0.0,0.0,0.0,0.0,0.0,0.0,0.0,0.0,0.0,0.0,0.0,0.0,0.0,0.0,0.0,0.0,0.0,0.0,0.0,0.0,0.0,0.0,0.0,0.0,0.0,0.0,0.0,0.0,0.0,0.0,0.0,0.0,0.0,0.0,0.0,0.01811617612838745,0.0,0.0,0.0,0.0,0.0,0.0,0.0,0.0,0.0,0.0,0.0,0.0,0.0,0.0,0.0,0.0,0.0,0.0,0.0,0.0,0.0,0.0833333358168602,0.0,0.01811617612838745,0.0,0.0,0.0,0.0,0.0,0.0,0.0,0.6304343193769455,0.0,0.0,0.0,0.0,0.0,0.0,0.0,0.0,0.0,0.0,,,,,,,,0.0,0.0,,,,,,,,,,,0.0,0.0,0.0,0.0,0.0,0.0,0.0,0.0,0.0,0.0,0.0,0.0,0.0,0.0,0.0,0.0,0.0,0.0,0.0,0.0,0.0,0.0,0.0,0.0,0.0,0.0,0.0,0.0,0.0,0.0,0.0,0.0,0.0,0.0,0.0,0.0,0.0,0.0,0.0,0.0,0.0,0.0,0.0,0.0,0.0,0.0,0.0,0.0,0.0,0.0,0.0,0.0,0.0,,,,,,,,,,,,,,,,,,,,,,0,0,101,26
3,region_03,2025-05-10,,,,,,,,,,,,,,,0.0,0.0,,,,,,,,,,,,,,,,,,,,,,,,,0.0,0.0,,,,,,,,,,,,,0.0,0.0,0.0,0.0,0.0,0.0,0.0,0.0,0.0,0.0,0.0,0.0,,,0.0,0.0,0.0,0.0,0.0,0.0,0.0,0.0,0.0,0.0,0.0,0.0,0.0,0.0,0.0,0.0,0.0,0.0,0.0,0.0,0.0,0.0,0.0,0.0,0.0,0.0,0.0,0.0,0.0,0.0,0.0,0.0,0.0,0.0,0.0,0.0,0.0,0.0,0.0,0.0,0.0,0.0,0.0,0.0,0.0,0.0,0.0,0.0,0.0,0.0,0.0,0.0,0.0,0.0,0.0,0.0,0.0,0.0,0.0,0.0,0.0,0.0,0.0,0.0,0.0,0.0,0.0,0.0,0.0,0.0,0.0,0.0,0.0,0.0,0.0,0.0,0.0,0.0,0.0,0.0,0.0,0.0,0.0,0.0,0.0,0.0,0.0,0.0,0.0,0.0,0.0,0.0,0.0,0.0,0.0,0.0,0.0,0.0,0.0,0.0,0.0,0.0,0.0,0.0,0.0,0.0,0.0,0.0,0.0,0.0,0.0,0.0,0.1666666716337204,0.0,0.0,0.0,0.0,0.0,0.0,0.0,0.0,0.0,0.3333333432674408,0.0,0.0,0.0,0.0,0.0,0.0,0.0,0.0,0.0,0.0,,,,,,,,0.0,0.0,,,,,,,,,,,0.0,0.0,0.0,0.0,0.0,0.0,0.0,0.0,0.0,0.0,0.0,0.0,0.0,0.0,0.0,0.0,0.0,0.0,0.0,0.0,0.0,0.0,0.0,0.0,0.0,0.0,0.0,0.0,0.0,0.0,0.0,0.0,0.0,0.0,0.0,0.0,0.0,0.0,0.0,0.0,0.0,0.0,0.0,0.0,0.0,0.0,0.0,0.0,0.0,0.0,0.0,0.0,0.0,,,,,,,,,,,,,,,,,,,,,,0,0,101,27
3,region_03,2025-05-17,,,,,,,,,,,,,,,0.0,0.0,,,,,,,,,,,,,,,,,,,,,,,,,0.0,0.0,,,,,,,,,,,,,0.0,0.0,0.0,0.0,0.0,0.0,0.0,0.0,0.0,0.0,0.0,0.0,,,0.0,0.0,0.0,0.0,0.0,0.0,0.0,0.0,0.0,0.0,0.0,0.0,0.0,0.0,0.0,0.0,0.0,0.0,0.0,0.0,0.0,0.0,0.0,0.0,0.0,0.0,0.0,0.0,0.0,0.0,0.0,0.0,0.0,0.0,0.0,0.0,0.0,0.0,0.0,0.0,0.0,0.0,0.0,0.0,0.0,0.0,0.0,0.0,0.0,0.0,0.0,0.0,0.0,0.0,0.0,0.0,0.0,0.0,0.0,0.0,0.0,0.0,0.0,0.0,0.0,0.0,0.0,0.0,0.0,0.0,0.0,0.0,0.0,0.0,0.0,0.0,0.0,0.0,0.0,0.0,0.0,0.0,0.0,0.0,0.0,0.0,0.0,0.0,0.0,0.0,0.0,0.0,0.0,0.0,0.0,0.0,0.0,0.0,0.0,0.0,0.0,0.0,0.0,0.0,0.0,0.0,0.0,0.0,0.0,0.0,0.0,0.0,0.0833333358168602,0.0,0.0,0.0,0.0,0.0,0.0,0.0,0.0,0.0,0.1666666716337204,0.0,0.0,0.0,0.0,0.0,0.0,0.0,0.0,0.0,0.0,,,,,,,,0.0,0.0,,,,,,,,,,,0.0,0.0,0.0,0.0,0.0,0.0,0.0,0.0,0.0,0.0,0.0,0.0,0.0,0.0,0.0,0.0,0.0,0.0,0.0,0.0,0.0,0.0,0.0,0.0,0.0,0.0,0.0,0.0,0.0,0.0,0.0,0.0,0.0,0.0,0.0,0.0,0.0,0.0,0.0,0.0,0.0,0.0,0.0,0.0,0.0,0.0,0.0,0.0,0.0,0.0,0.0,0.0,0.0,,,,,,,,,,,,,,,,,,,,,,0,0,101,28
3,region_03,2025-05-24,,,,,,,,,,,,,,,0.0,0.0,,,,,,,,,,,,,,,,,,,,,,,,,0.0,0.0,,,,,,,,,,,,,0.0,0.0,0.0,0.0,0.0,0.0,0.0,0.0,0.0,0.0,0.0,0.0,,,0.0,0.0,0.0,0.0,0.0,0.0,0.0,0.0,0.0,0.0,0.0,0.0,0.0,0.0,0.0,0.0,0.0,0.0,0.0,0.0,0.0,0.0,0.0,0.0,0.0,0.0,0.0,0.0,0.0,0.0,0.0,0.0,0.0,0.0,0.0,0.0,0.0,0.0,0.0,0.0,0.0,0.0,0.0,0.0,0.0,0.0,0.0,0.0,0.0,0.0,0.0,0.0,0.0,0.0,0.0,0.0,0.0,0.0,0.0,0.0,0.0,0.0,0.0,0.0,0.0,0.0,0.0,0.0,0.0,0.0,0.0,0.0,0.0,0.0,0.0,0.0,0.0,0.0,0.0,0.0,0.0,0.0,0.0,0.0,0.0,0.0,0.0,0.0,0.0,0.0,0.0,0.0,0.0,0.0,0.0,0.0,0.0,0.0,0.0,0.0,0.0,0.0,0.0,0.0,0.0,0.0,0.0,0.0,0.0,0.0,0.0,0.0,0.0,0.0,0.0,0.0,0.0,0.0,0.0,0.0,0.0,0.0,0.0,0.0,0.0,0.0,0.0,0.0,0.0,0.0,0.0,0.0,0.0,,,,,,,,0.0,0.0,,,,,,,,,,,0.0,0.0,0.0,0.0,0.0,0.0,0.0,0.0,0.0,0.0,0.0,0.0,0.0,0.0,0.0,0.0,0.0,0.0,0.0,0.0,0.0,0.0,0.0,0.0,0.0,0.0,0.0,0.0,0.0,0.0,0.0,0.0,0.0,0.0,0.0,0.0,0.0,0.0,0.0,0.0,0.0,0.0,0.0,0.0,0.0,0.0,0.0,0.0,0.0,0.0,0.0,0.0,0.0,,,,,,,,,,,,,,,,,,,,,,0,0,101,29
3,region_03,2025-05-31,,,,,,,,,,,,,,,,,,,,,,,,,,,,,,,,,,,,,,,,,,,,,,,,,,,,,,,,,,,,,,,,,,,,,,,,,,,,,,,,,,,,,,,,,,,,,,,,,,,,,,,,,,,,,,,,,,,,,,,,,,,0.00068027209490537,0.0,,,,,,,,,,,,,,,,,,,,,,,,,,,,,,,,,,,,,0.010825637495145193,0.0,,,,,,,,,,,,,,,,,0.033333333830038704,0.0,0.02916044439189134,0.0,0.00714285718277095,0.0,0.00714285718277095,0.0,0.0236138356849551,0.0,,,0.1641092538833618,0.0,0.0390901199231545,0.0,,,,,,,0.029478585906326748,2.0,,,,,,,0.0004105090296694143,0.0,,,,,,,,,,,,,,,,,,,,,,,,,,,,,,,,,,,,,,,,,,,,,,,,,,,0.013030039612203817,0.0,0.0142857143655419,0.0,0.03325365930795668,0.0,,,0.00714285718277095,0.0,0.017460317583754652,0.0,0.1428571492433548,1.0,,,,,,,,,,,,,,,,,,,,,1,1,15,0
3,region_03,2025-06-07,,,,,,,,,,,,,,,,,,,,,,,,,,,,,,,,,,,,,,,,,,,,,,,,,,,,,,,,,,,,,,,,,,,,,,,,,,,,,,,,,,,,,,,,,,,,,,,,,,,,,,,,,,,,,,,,,,,,,,,,,,,0.00136054418981074,0.0,,,,,,,,,,,,,,,,,,,,,,,,,,,,,,,,,,,,,0.021651274990290386,0.0,,,,,,,,,,,,,,,,,0.06666666766007741,0.0,0.05832088878378268,0.0,0.0142857143655419,0.0,0.0142857143655419,0.0,0.0472276713699102,0.0,,,0.3282185077667236,0.0,0.078180239846309,0.0,,,,,,,0.058957171812653496,0.0,,,,,,,0.0008210180593388286,0.0,,,,,,,,,,,,,,,,,,,,,,,,,,,,,,,,,,,,,,,,,,,,,,,,,,,0.026060079224407635,0.0,0.0285714287310838,0.0,0.06650731861591336,0.0,,,0.0142857143655419,0.0,0.034920635167509304,0.0,0.2857142984867096,0.0,,,,,,,,,,,,,,,,,,,,,0,0,17,1
3,region_03,2025-06-14,,,,,,,,,,,,,,,,,,,,,,,,,,,,,,,,,,,,,,,,,,,,,,,,,,,,,,,,,,,,,,,,,,,,,,,,,,,,,,,,,,,,,,,,,,,,,,,,,,,,,,,,,,,,,,,,,,,,,,,,,,,0.00204081628471611,0.0,,,,,,,,,,,,,,,,,,,,,,,,,,,,,,,,,,,,,0.03247691248543558,0.0,,,,,,,,,,,,,,,,,0.10000000149011612,0.0,0.04690522362943733,0.0,0.0170433998573571,0.0,0.013350340188480875,0.0,0.04616068862378593,0.0,,,0.28730312213301656,0.0,,,,,,,,,0.0980153474025428,0.0,,,,,,,0.0012315270890082429,0.0,,,,,,,,,,,,,,,,,,,,,,,,,,,,,,,,,,,,,,,,,,,,,,,,,,,,,0.0266694035381078,0.0,,,,,0.013350340188480875,0.0,0.04632409883197395,0.0,0.34403256326913834,0.0,,,,,,,,,,,,,,,,,,,,,0,0,14,2
3,region_03,2025-06-21,,,,,,,,,,,,,,,,,,,,,,,,,,,,,,,,,,,,,,,,,,,,,,,,,,,,,,,,,,,,,,,,,,,,,,,,,,,,,,,,,,,,,,,,,,,,,,,,,,,,,,,,,,,,,,,,,,,,,,,,,,,0.00272108837962148,0.0,,,,,,,,,,,,,,,,,,,,,,,,,,,,,,,,,,,,,0.04330254998058077,0.0,,,,,,,,,,,,,,,,,0.13333333532015482,0.0,0.03548955847509199,0.0,0.019801085349172298,0.0,0.01241496601141985,0.0,0.04509370587766166,0.0,,,0.2463877364993095,0.0,,,,,,,,,0.13707352299243208,0.0,,,,,,,0.0016420361186776573,0.0,,,,,,,,,,,,,,,,,,,,,,,,,,,,,,,,,,,,,,,,,,,,,,,,,,,,,0.0247673783451318,0.0,,,,,0.01241496601141985,0.0,0.057727562496438595,0.0,0.4023508280515671,0.0,,,,,,,,,,,,,,,,,,,,,0,0,14,3
3,region_03,2025-06-28,,,,,,,,,,,,,,,,,,,,,,,,,,,,,,,,,,,,,,,,,,,,,,,,,,,,,,,,,,,,,,,,,,,,,,,,,,,,,,,,,,,,,,,,,,,,,,,,,,,,,,,,,,,,,,,,,,,,,,,,,,,0.00340136047452685,0.0,,,,,,,,,,,,,,,,,,,,,,,,,,,,,,,,,,,,,0.05412818747572597,0.0,,,,,,,,,,,,,,,,,0.1666666691501935,0.0,0.024073893320746647,0.0,0.0225587708409875,0.0,0.011479591834358826,0.0,0.044026723131537396,0.0,,,0.20547235086560245,0.0,,,,,,,,,0.1761316985823214,0.0,,,,,,,0.0020525451483470714,0.0,,,,,,,,,,,,,,,,,,,,,,,,,,,,,,,,,,,,,,,,,,,,,,,,,,,,,0.0228653531521558,0.0,,,,,0.011479591834358826,0.0,0.06913102616090325,0.0,0.4606690928339958,0.0,,,,,,,,,,,,,,,,,,,,,0,0,14,4
3,region_03,2025-07-05,,,,,,,,,,,,,,,,,,,,,,,,,,,,,,,,,,,,,,,,,,,,,,,,,,,,,,,,,,,,,,,,,,,,,,,,,,,,,,,,,,,,,,,,,,,,,,,,,,,,,,,,,,,,,,,,,,,,,,,,,,,0.00408163256943222,0.0,,,,,,,,,,,,,,,,,,,,,,,,,,,,,,,,,,,,,0.06495382497087115,0.0,,,,,,,,,,,,,,,,,0.2000000029802322,0.0,0.0126582281664013,0.0,0.0253164563328027,0.0,0.010544217657297801,0.0,0.04295974038541313,0.0,,,0.1645569652318954,0.0,,,,,,,,,0.2151898741722107,0.0,0.0126582281664013,2.0,,,,,0.0024630541780164858,0.0,,,,,,,,,,,,,,,,,,,,,,,,,,,,,,,,,,,,,,,,,,,,,,,,,,,,,0.020963327959179802,0.0,,,,,0.010544217657297801,0.0,0.08053448982536789,0.0,0.5189873576164246,0.0,,,,,,,,,,,,,,,,,,,,,0,1,14,5
3,region_03,2025-07-12,,,,,,,,,,,,,,,,,,,,,,,,,,,,,,,,,,,,,,,,,,,,,,,,,,,,,,,,,,,,,,,,,,,,,,,,,,,,,,,,,,,,,,,,,,,,,,,,,,,,,,,,,,,,,,,,,,,,,,,,,,,0.00476190466433759,0.0,,,,,,,,,,,,,,,,,,,,,,,,,,,,,,,,,,,,,,,,,,,,,,,,,,,,,,,0.1777777802199125,0.0,,,,,0.009608843480236775,0.0,0.041892757639288854,0.0,,,0.14722724817693228,0.0,,,,,,,,,0.20050805062055588,0.0,0.02139843325130635,0.0,,,,,0.0028735632076859,0.0,,,,,,,,,,,,,,,,,,,,,,,,,,,,,,,,,,,,,,,,,,,,,,,,,,,,,0.0190613027662038,0.0,,,,,0.009608843480236775,0.0,0.07222899212501939,0.0,0.5354990214109421,0.0,,,,,,,,,,,,,,,,,,,,,0,0,12,6
3,region_03,2025-07-19,,,,,,,,,,,,,,,,,,,,,,,,,,,,,,,,,,,,,,,,,,,,,,,,,,,,,,,,,,,,,,,,,,,,,,,,,,,,,,,,,,,,,,,,,,,,,,,,,,,,,,,,,,,,,,,,,,,,,,,,,,,0.00544217675924296,0.0,,,,,,,,,,,,,,,,,,,,,,,,,,,,,,,,,,,,,,,,,,,,,,,,,,,,,,,0.15555555745959282,0.0,,,,,0.00867346930317575,0.0,0.040825774893164586,0.0,,,0.1298975311219692,0.0,,,,,,,,,0.18582622706890106,0.0,0.030138638336211398,0.0,,,,,0.0032840722373553145,0.0,,,,,,,,,,,,,,,,,,,,,,,,,,,,,,,,,,,,,,,,,,,,,,,,,,,,,0.017159277573227803,0.0,,,,,0.00867346930317575,0.0,0.06392349442467089,0.0,0.5520106852054596,0.0,,,,,,,,,,,,,,,,,,,,,0,0,12,7
3,region_03,2025-07-26,,,,,,,,,,,,,,,,,,,,,,,,,,,,,,,,,,,,,,,,,,,,,,,,,,,,,,,,,,,,,,,,,,,,,,,,,,,,,,,,,,,,,,,,,,,,,,,,,,,,,,,,,,,,,,,,,,,,,,,,,,,0.00612244885414833,0.0,,,,,,,,,,,,,,,,,,,,,,,,,,,,,,,,,,,,,,,,,,,,,,,,,,,,,,,0.1333333346992731,0.0,,,,,0.007738095126114725,0.0,0.03975879214704032,0.0,,,0.1125678140670061,0.0,,,,,,,,,0.17114440351724622,0.0,0.038878843421116444,0.0,,,,,0.003694581267024729,0.0,,,,,,,,,,,,,,,,,,,,,,,,,,,,,,,,,,,,,,,,,,,,,,,,,,,,,0.015257252380251801,0.0,,,,,0.007738095126114725,0.0,0.0556179967243224,0.0,0.5685223489999771,0.0,,,,,,,,,,,,,,,,,,,,,0,0,12,8
3,region_03,2025-08-02,,,,,,,,,,,,,,,,,,,,,,,,,,,,,,,,,,,,,,,,,,,,,,,,,,,,,,,,,,,,,,,,,,,,,,,,,,,,,,,,,,,,,,,,,,,,,,,,,,,,,,,,,,,,,,,,,,,,,,,,,,,0.0068027209490537,0.0,,,,,,,,,,,,,,,,,,,,,,,,,,,,,,,,,,,,,,,,,,,,,,,,,,,,,,,0.1111111119389534,0.0,,,,,0.0068027209490537,0.0,0.03869180940091605,0.0,,,0.095238097012043,0.0,,,,,,,,,0.1564625799655914,0.0,0.0476190485060215,0.0,,,,,0.004105090296694143,0.0,0.0068027209490537,2.0,,,,,,,,,,,,,,,,,,,,,,,,,,,,,,,,,,,,,,,,,,,,,,,,,,,0.013355227187275802,0.0,,,,,0.0068027209490537,0.0,0.0473124990239739,0.0,0.5850340127944946,0.0,,,,,,,,,,,,,0.06717953737825152,2.0,,,,,,,0,2,12,9
3,region_03,2025-08-09,,,,,,,,,,,,,,,,,,,,,,,,,,,,,,,,,,,,,,,,,,,,,,,,,,,,,,,,,,,,,,,,,,,,,,,,,,,,,,,,,,,,,,,,,,,,,,,,,,,,,,,,,,,,,,,,,,,,,,,,,,,0.006538822315633225,0.0,,,,,,,,,,,,,,,,,,,,,,,,,,,,,,,,,,,,,,,,,,,,,,,,,,,,,,,0.08764367876574394,0.0,,,,,,,0.030455638654529986,0.0,,,0.0786124807782471,0.0,,,,,,,,,0.1417722217738628,0.0,0.050161923902730145,0.0,,,,,0.004515599326363557,0.0,0.0079756039194762,0.0,,,,,,,,,,,,,,,,,,,,,,,,,,,,,,,,,,,,,,,,,,,,,,,,,,,0.011453201994299802,0.0,,,,,,,0.036921155871823375,0.0,0.6183732151985168,0.0,,,,,,,,,,,,,0.05613177944906052,0.0,,,,,,,0,0,12,10
3,region_03,2025-08-16,,,,,,,,,,,,,,,,,,,,,,,,,,,,,,,,,,,,,,,,,,,,,,,,,,,,,,,,,,,,,,,,,,,,,,,,,,,,,,,,,,,,,,,,,,,,,,,,,,,,,,,,,,,,,,,,,,,,,,,,,,,0.00627492368221275,0.0,,,,,,,,,,,,,,,,,,,,,,,,,,,,,,,,,,,,,,,,,,,,,,,,,,,,,,,0.0641762455925345,0.0,,,,,,,0.022219467908143924,0.0,,,0.0619868645444512,0.0,,,,,,,,,0.1270818635821342,0.0,0.05270479929943879,0.0,,,,,0.0049261083560329716,0.0,0.0091484868898987,0.0,,,,,,,,,,,,,,,,,,,,,,,,,,,,,,,,,,,,,,,,,,,,,,,,,,,0.009551176801323802,0.0,,,,,,,0.02652981271967285,0.0,0.6517124176025391,0.0,,,,,,,,,,,,,0.04508402151986951,0.0,,,,,,,0,0,12,11
3,region_03,2025-08-23,,,,,,,,,,,,,,,,,,,,,,,,,,,,,,,,,,,,,,,,,,,,,,,,,,,,,,,,,,,,,,,,,,,,,,,,,,,,,,,,,,,,,,,,,,,,,,,,,,,,,,,,,,,,,,,,,,,,,,,,,,,0.0060110250487922755,0.0,,,,,,,,,,,,,,,,,,,,,,,,,,,,,,,,,,,,,,,,,,,,,,,,,,,,,,,0.04070881241932505,0.0,,,,,,,0.013983297161757861,0.0,,,0.0453612483106553,0.0,,,,,,,,,0.1123915053904056,0.0,0.05524767469614743,0.0,,,,,0.005336617385702386,0.0,0.0103213698603212,0.0,,,,,,,,,,,,,,,,,,,,,,,,,,,,,,,,,,,,,,,,,,,,,,,,,,,0.007649151608347802,0.0,,,,,,,0.016138469567522323,0.0,0.6850516200065613,0.0,,,,,,,,,,,,,0.0340362635906785,0.0,,,,,,,0,0,12,12
3,region_03,2025-08-30,,,,,,,,,,,,,,,,,,,,,,,,,,,,,,,,,,,,,,,,,,,,,,,,,,,,,,,,,,,,,,,,,,,,,,,,,,,,,,,,,,,,,,,,,,,,,,,,,,,,,,,,,,,,,,,,,,,,,,,,,,,0.0057471264153718,0.0,,,,,,,,,,,,,,,,,,,,,,,,,,,,,,,,,,,,,,,,,,,,,,,,,,,,,,,0.0172413792461156,0.0,,,,,,,0.0057471264153718,0.0,,,0.0287356320768594,0.0,,,,,,,,,0.097701147198677,0.0,0.05779055009285607,0.0,,,,,0.0057471264153718,0.0,0.0114942528307437,0.0,,,,,,,,,,,,,,,,,,,,,,,,,,,,,,,,,,,,,,,,,,,,,,,,,,,0.0057471264153718,0.0,,,,,,,0.0057471264153718,0.0,0.7183908224105835,0.0,,,,,,,0.0114942528307437,2.0,,,,,0.0229885056614875,0.0,0.0057471264153718,2.0,,,,,0,2,12,13
3,region_03,2025-09-06,,,,,,,,,,,,,,,,,,,,,,,,,,,,,,,,,,,,,,,,,,,,,,,,,,,,,,,,,,,,,,,,,,,,,,,,,,,,,,,,,,,,,,,,,,,,,,,,,,,,,,,,,,,,,,,,,,,,,,,,,,,,,,,,,,,,,,,,,,,,,,,,,,,,,,,,,,,,,,,,,,,,,,,,,,,,,,,,,,,,,,,,,,,,,,,0.03203616937001539,0.0,,,,,,,,,0.08545214533805841,0.0,,,,,,,,,0.013841760344803247,0.0,,,,,,,,,,,,,,,,,,,,,,,,,,,,,,,,,,,,,,,,,,,,,,,,,,,,,,,,,,,,,0.7547022104263306,0.0,,,,,,,0.023323329786459526,0.0,,,,,0.030891786872719658,0.0,0.008788625244051126,0.0,,,,,0,0,7,14
3,region_03,2025-09-13,,,,,,,,,,,,,,,,,,,,,,,,,,,,,,,,,,,,,,,,,,,,,,,,,,,,,,,,,,,,,,,,,,,,,,,,,,,,,,,,,,,,,,,,,,,,,,,,,,,,,,,,,,,,,,,,,,,,,,,,,,,,,,,,,,,,,,,,,,,,,,,,,,,,,,,,,,,,,,,,,,,,,,,,,,,,,,,,,,,,,,,,,,,,,,,0.03533670666317138,0.0,,,,,,,,,0.07320314347743982,0.0,,,,,,,,,0.016189267858862794,0.0,,,,,,,,,,,,,,,,,,,,,,,,,,,,,,,,,,,,,,,,,,,,,,,,,,,,,,,,,,,,,0.7910135984420776,0.0,,,,,,,0.03515240674217535,0.0,,,,,0.03879506808395182,0.0,0.011830124072730451,0.0,,,,,0,0,7,15
3,region_03,2025-09-20,,,,,,,,,,,,,,,,,,,,,,,,,,,,,,,,,,,,,,,,,,,,,,,,,,,,,,,,,,,,,,,,,,,,,,,,,,,,,,,,,,,,,,,,,,,,,,,,,,,,,,,,,,,,,,,,,,,,,,,,,,,,,,,,,,,,,,,,,,,,,,,,,,,,,,,,,,,,,,,,,,,,,,,,,,,,,,,,,,,,,,,,,,,,,,,0.03863724395632737,0.0,,,,,,,,,0.06095414161682124,0.0,,,,,,,,,0.01853677537292234,0.0,,,,,,,,,,,,,,,,,,,,,,,,,,,,,,,,,,,,,,,,,,,,,,,,,,,,,,,,,,,,,0.8273249864578247,0.0,,,,,,,0.04698148369789118,0.0,,,,,0.046698349295183975,0.0,0.014871622901409776,0.0,,,,,0,0,7,16
3,region_03,2025-09-27,,,,,,,,,,,,,,,,,,,,,,,,,,,,,,,,,,,,,,,,,,,,,,,,,,,,,,,,,,,,,,,,,,,,,,,,,,,,,,,,,,,,,,,,,,,,,,,,,,,,,,,,,,,,,,,,,,,,,,,,,,,,,,,,,,,,,,,,,,,,,,,,,,,,,,,,,,,,,,,,,,,,,,,,,,,,,,,,,,,,,,,,,,,,,,,0.04193778124948336,0.0,,,,,,,,,0.04870513975620266,0.0,,,,,,,,,0.020884282886981888,0.0,,,,,,,,,,,,,,,,,,,,,,,,,,,,,,,,,,,,,,,,,,,,,,,,,,,,,,,,,,,,,0.8636363744735718,0.0,,,,,,,0.05881056065360701,0.0,,,,,0.054601630506416136,0.0,0.0179131217300891,0.0,,,,,0,0,7,17
3,region_03,2025-10-04,,,,,,,,,,,,,,,,,,,,,,,,,,,,,,,,,,,,,,,,,,,,,,,,,,,,,,,,,,,,,,,,,,,,,,,,,,,,,,,,,,,,,,,,,,,,,,,,,,,,,,,,,,,,,,,,,,,,,,,,,,,,,,,,,,,,,,,,,,,,,,,,,,,,,,,,,,,,,,,,,,,,,,,,,,,,,,,,,,,,,,,,,,,,,,,0.04523831854263935,0.0,,,,,,,,,0.05326518272049721,0.0,,,,,,,,,0.02323179040104143,0.0,,,,,,,,,,,,,,,,,,,,,,,,,,,,,,,,,,,,,,,,,,,,,,,,,,,,,,,,,,,,,0.8456800617277622,0.0,,,,,,,0.060387812399615805,0.0,,,,,0.05768755078315732,0.0,0.020954620558768428,0.0,,,,,0,0,7,18
3,region_03,2025-10-11,,,,,,,,,,,,,,,,,,,,,,,,,,,,,,,,,,,,,,,,,,,,,,,,,,,,,,,,,,,,,,,,,,,,,,,,,,,,,,,,,,,,,,,,,,,,,,,,,,,,,,,,,,,,,,,,,,,,,,,,,,,,,,,,,,,,,,,,,,,,,,,,,,,,,,,,,,,,,,,,,,,,,,,,,,,,,,,,,,,,,,,,,,,,,,,0.04853885583579534,0.0,,,,,,,,,0.05782522568479177,0.0,,,,,,,,,0.02557929791510098,0.0,,,,,,,,,,,,,,,,,,,,,,,,,,,,,,,,,,,,,,,,,,,,,,,,,,,,,,,,,,,,,0.8277237489819527,0.0,,,,,,,0.0619650641456246,0.0,,,,,0.06077347105989851,0.0,0.02399611938744775,0.0,,,,,0,0,7,19
3,region_03,2025-10-18,,,,,,,,,,,,,,,,,,,,,,,,,,,,,,,,,,,,,,,,,,,,,,,,,,,,,,,,,,,,,,,,,,,,,,,,,,,,,,,,,,,,,,,,,,,,,,,,,,,,,,,,,,,,,,,,,,,,,,,,,,,,,,,,,,,,,,,,,,,,,,,,,,,,,,,,,,,,,,,,,,,,,,,,,,,,,,,,,,,,,,,,,,,,,,,0.051839393128951326,0.0,,,,,,,,,0.06238526864908633,0.0,,,,,,,,,0.027926805429160526,0.0,,,,,,,,,,,,,,,,,,,,,,,,,,,,,,,,,,,,,,,,,,,,,,,,,,,,,,,,,,,,,0.8097674362361431,0.0,,,,,,,0.06354231589163341,0.0,,,,,0.06385939133663969,0.0,0.027037618216127077,0.0,,,,,0,0,7,20
3,region_03,2025-10-25,,,,,,,,,,,,,,,,,,,,,,,,,,,,,,,,,,,,,,,,,,,,,,,,,,,,,,,,,,,,,,,,,,,,,,,,,,,,,,,,,,,,,,,,,,,,,,,,,,,,,,,,,,,,,,,,,,,,,,,,,,,,,,,,,,,,,,,,,,,,,,,,,,,,,,,,,,,,,,,,,,,,,,,,,,,,,,,,,,,,,,,,,,,,,,,0.05513993042210732,0.0,,,,,,,,,0.06694531161338088,0.0,,,,,,,,,0.030274312943220073,0.0,,,,,,,,,,,,,,,,,,,,,,,,,,,,,,,,,,,,,,,,,,,,,,,,,,,,,,,,,,,,,0.7918111234903336,0.0,0.0769230797886848,2.0,0.0734233111143112,1.0,,,0.0651195676376422,0.0,,,,,0.06694531161338088,0.0,0.030079117044806404,0.0,,,,,1,1,7,0
3,region_03,2025-11-01,,,,,,,,,,,,,,,,,,,,,,,,,,,,,,,,,,,,,,,,,,,,,,,,,,,,,,,,,,,,,,,,,,,,,,,,,,,,,,,,,,,,,,,,,,,,,,,,,,,,,,,,,,,,,,,,,,,,,,,,,,,,,,,,,,,,,,,,,,,,,,,,,,,,,,,,,,,,,,,,,,,,,,,,,,,,,,,,,,,,,,,,,,,,,,,0.05844046771526331,0.0,,,,,,,,,0.15112839802168307,0.0,,,,,,,,,0.03262182045727962,0.0,,,,,,,,,,,,,,,,,,,,,,,,,,,,,,,,,,,,,,,,,,,,,,,,,,,,,,,,,,,,,0.7662049569189548,0.0,,,0.08157100590566792,0.0,,,0.066696819383651,0.0,,,,,0.06297283316962418,0.0,0.03312061587348573,0.0,,,,,0,0,8,1
3,region_03,2025-11-08,,,,,,,,,,,,,,,,,,,,,,,,,,,,,,,,,,,,,,,,,,,,,,,,,,,,,,,,,,,,,,,,,,,,,,,,,,,,,,,,,,,,,,,,,,,,,,,,,,,,,,,,,,,,,,,,,,,,,,,,,,,,,,,,,,,,,,,,,,,,,,,,,,,,,,,,,,,,,,,,,,,,,,,,,,,,,,,,,,,,,,,,,,,,,,,0.061741005008419295,0.0,,,,,,,,,0.23531148442998526,0.0,,,,,,,,,0.03496932797133916,0.0,,,,,,,,,,,,,,,,,,,,,,,,,,,,,,,,,,,,,,,,,,,,,,,,,,,,,,,,,,,,,0.7405987903475761,0.0,,,0.08971870069702464,0.0,,,0.0682740711296598,0.0,,,,,0.059000354725867475,0.0,0.03616211470216506,0.0,,,,,0,0,8,2
3,region_03,2025-11-15,,,,,,,,,,,,,,,,,,,,,,,,,,,,,,,,,,,,,,,,,,,,,,,,,,,,,,,,,,,,,,,,,,,,,,,,,,,,,,,,,,,,,,,,,,,,,,,,,,,,,,,,,,,,,,,,,,,,,,,,,,,,,,,,,,,,,,,,,,,,,,,,,,,,,,,,,,,,,,,,,,,,,,,,,,,,,,,,,,,,,,,,,,,,,,,0.06504154230157529,0.0,,,,,,,,,0.3194945708382875,0.0,,,,,,,,,0.037316835485398714,0.0,,,,,,,,,,,,,,,,,,,,,,,,,,,,,,,,,,,,,,,,,,,,,,,,,,,,,,,,,,,,,0.7149926237761974,0.0,,,0.09786639548838136,0.0,,,0.0698513228756686,0.0,,,,,0.05502787628211077,0.0,0.03920361353084438,0.0,,,,,0,0,8,3
3,region_03,2025-11-22,,,,,,,,,,,,,,,,,,,,,,,,,,,,,,,,,,,,,,,,,,,,,,,,,,,,,,,,,,,,,,,,,,,,,,,,,,,,,,,,,,,,,,,,,,,,,,,,,,,,,,,,,,,,,,,,,,,,,,,,,,,,,,,,,,,,,,,,,,,,,,,,,,,,,,,,,,,,,,,,,,,,,,,,,,,,,,,,,,,,,,,,,,,,,,,0.06834207959473128,0.0,,,,,,,,,0.40367765724658966,0.0,,,,,,,,,0.03966434299945826,0.0,,,,,,,,,,,,,,,,,,,,,,,,,,,,,,,,,,,,,,,,,,,,,,,,,,,,,,,,,,,,,0.6893864572048187,0.0,,,0.10601409027973807,0.0,,,0.0714285746216774,0.0,,,,,0.05105539783835407,0.0,0.042245112359523704,0.0,,,,,0,0,8,4
3,region_03,2025-11-29,,,,,,,,,,,,,,,,,,,,,,,,,,,,,,,,,,,,,,,,,,,,,,,,,,,,,,,,,,,,,,,,,,,,,,,,,,,,,,,,,,,,,,,,,,,,,,,,,,,,,,,,,,,,,,,,,,,,,,,,,,,,,,,,,,,,,,,,,,,,,,,,,,,,,,,,,,,,,,,,,,,,,,,,,,,,,,,,,,,,,,,,,,,,,,,0.07164261688788727,0.0,,,,,,,,,0.33607680164277554,0.0,,,,,,,,,0.04201185051351781,0.0,,,,,,,,,,,,,,,,,,,,,,,,,,,,,,,,,,,,,,,,,,,,,,,,,,,,,,,,,,,,,0.6661533191800117,0.0,,,0.1141617850710948,0.0,,,0.09067742091914018,0.0,,,,,0.04708291939459736,0.0,0.04528661118820303,0.0,,,,,0,0,8,5
3,region_03,2025-12-06,,,,,,,,,,,,,,,,,,,,,,,,,,,,,,,,,,,,,,,,,,,,,,,,,,,,,,,,,,,,,,,,,,,,,,,,,,,,,,,,,,,,,,,,,,,,,,,,,,,,,,,,,,,,,,,,,,,,,,,,,,,,,,,,,,,,,,,,,,,,,,,,,,,,,,,,,,,,,,,,,,,,,,,,,,,,,,,,,,,,,,,,,,,,,,,0.07494315418104326,0.0,,,,,,,,,0.2684759460389614,0.0,,,,,,,,,0.04435935802757735,0.0,,,,,,,,,,,,,,,,,,,,,,,,,,,,,,,,,,,,,,,,,,,,,,,,,,,,,,,,,,,,,0.6429201811552048,0.0,,,0.12230947986245151,0.0,,,0.10992626721660295,0.0,,,,,0.043110440950840656,0.0,0.04832811001688236,0.0,,,,,0,0,8,6
3,region_03,2025-12-13,,,,,,,,,,,,,,,,,,,,,,,,,,,,,,,,,,,,,,,,,,,,,,,,,,,,,,,,,,,,,,,,,,,,,,,,,,,,,,,,,,,,,,,,,,,,,,,,,,,,,,,,,,,,,,,,,,,,,,,,,,,,,,,,,,,,,,,,,,,,,,,,,,,,,,,,,,,,,,,,,,,,,,,,,,,,,,,,,,,,,,,,,,,,,,,0.07824369147419924,0.0,,,,,,,,,0.20087509043514729,0.0,,,,,,,,,0.0467068655416369,0.0,,,,,,,,,,,,,,,,,,,,,,,,,,,,,,,,,,,,,,,,,,,,,,,,,,,,,,,,,,,,,0.6196870431303978,0.0,,,0.13045717465380824,0.0,,,0.12917511351406574,0.0,,,,,0.039137962507083957,0.0,0.05136960884556168,0.0,,,,,0,0,8,7
3,region_03,2025-12-20,,,,,,,,,,,,,,,,,,,,,,,,,,,,,,,,,,,,,,,,,,,,,,,,,,,,,,,,,,,,,,,,,,,,,,,,,,,,,,,,,,,,,,,,,,,,,,,,,,,,,,,,,,,,,,,,,,,,,,,,,,,,,,,,,,,,,,,,,,,,,,,,,,,,,,,,,,,,,,,,,,,,,,,,,,,,,,,,,,,,,,,,,,,,,,,0.08154422876735523,0.0,,,,,,,,,0.13327423483133316,0.0,,,,,,,,,0.049054373055696446,0.0,,,,,,,,,,,,,,,,,,,,,,,,,,,,,,,,,,,,,,,,,,,,,,,,,,,,,,,,,,,,,0.5964539051055908,0.0,,,0.13860486944516495,0.0,,,0.1484239598115285,0.0,0.11613475158810616,2.0,,,0.03516548406332725,0.0,0.054411107674241004,0.0,,,0.024527186527848202,2.0,0,2,8,8
3,region_03,2025-12-27,,,,,,,,,,,,,,,,,,,,,,,,,,,,,,,,,,,,,,,,,,,,,,,,,,,,,,,,,,,,,,,,,,,,,,,,,,,,,,,,,,,,,,,,,,,,,,,,,,,,,,,,,,,,,,,,,,,,,,,,,,,,,,,,,,,,,,,,,,,,,,,,,,,,,,,,,,,,,,,,,,,,,,,,,,,,,,,,,,,,,,,,,,,,,,,0.08484476606051122,0.0,,,,,,,,,0.13768212559322515,0.0,,,,,,,,,0.04766034521162506,0.0,,,,,,,,,,,,,,,,,,,,,,,,,,,,,,,,,,,,,,,,,,,,,,,,,,,,,,,,,,,,,0.5734273865818977,0.0,,,0.14675256423652167,0.0,,,0.15411688201129434,0.0,,,,,0.03180889575742179,0.0,0.057452606502920334,0.0,,,,,0,0,8,9
3,region_03,2026-01-03,,,,,,,,,,,,,,,,,,,,,,,,,,,,,,,,,,,,,,,,,,,,,,,,,,,,,,,,,,,,,,,,,,,,,,,,,,,,,,,,,,,,,,,,,,,,,,,,,,,,,,,,,,,,,,,,,,,,,,,,,,,,,,,,,,,,,,,,,,,,,,,,,,,,,,,,,,,,,,,,,,,,,,,,,,,,,,,,,,,,,,,,,,,,,,,0.08814530335366721,0.0,,,,,,,,,0.14209001635511714,0.0,,,,,,,,,0.04626631736755367,0.0,,,,,,,,,,,,,,,,,,,,,,,,,,,,,,,,,,,,,,,,,,,,,,,,,,,,,,,,,,,,,0.5504008680582047,0.0,,,0.15490025902787838,0.0,,,0.15980980421106017,0.0,,,,,0.028452307451516327,0.0,0.06049410533159966,0.0,,,,,0,0,8,10
3,region_03,2026-01-10,,,,,,,,,,,,,,,,,,,,,,,,,,,,,,,,,,,,,,,,,,,,,,,,,,,,,,,,,,,,,,,,,,,,,,,,,,,,,,,,,,,,,,,,,,,,,,,,,,,,,,,,,,,,,,,,,,,,,,,,,,,,,,,,,,,,,,,,,,,,,,,,,,,,,,,,,,,,,,,,,,,,,,,,,,,,,,,,,,,,,,,,,,,,,,,0.0914458406468232,0.0,,,,,,,,,0.14649790711700914,0.0,,,,,,,,,0.04487228952348229,0.0,,,,,,,,,,,,,,,,,,,,,,,,,,,,,,,,,,,,,,,,,,,,,,,,,,,,,,,,,,,,,0.5273743495345116,0.0,,,0.16304795381923512,0.0,,,0.165502726410826,0.0,,,,,0.025095719145610863,0.0,0.06353560416027898,0.0,,,,,0,0,8,11
3,region_03,2026-01-17,,,,,,,,,,,,,,,,,,,,,,,,,,,,,,,,,,,,,,,,,,,,,,,,,,,,,,,,,,,,,,,,,,,,,,,,,,,,,,,,,,,,,,,,,,,,,,,,,,,,,,,,,,,,,,,,,,,,,,,,,,,,,,,,,,,,,,,,,,,,,,,,,,,,,,,,,,,,,,,,,,,,,,,,,,,,,,,,,,,,,,,,,,,,,,,0.0947463779399792,0.0,,,,,,,,,0.15090579787890113,0.0,,,,,,,,,0.0434782616794109,0.0,,,,,,,,,,,,,,,,,,,,,,,,,,,,,,,,,,,,,,,,,,,,,,,,,,,,,,,,,,,,,0.5043478310108185,0.0,,,0.17119564861059183,0.0,,,0.17119564861059183,0.0,,,,,0.0217391308397054,0.0,0.0665771029889583,0.0,,,,,0,0,8,12
3,region_03,2026-01-24,,,,,,,,,,,,,,,,,,,,,,,,,,,,,,,,,,,,,,,,,,,,,,,,,,,,,,,,,,,,,,,,,,,,,,,,,,,,,,,,,,,,,,,,,,,,,,,,,,,,,,,,,,,,,,,,,,,,,,,,,,,,,,,,,,,,,,,,,,,,,,,,,,,,,,,,,,,,,,,,,,,,,,,,,,,,,,,,,,,,,,,,,,,,,,,,,,,,,,,,,0.13772439149518803,0.0,,,,,,,,,0.043725297320634085,0.0,,,,,,,,,,,,,,,,,,,,,,,,,,,,,,,,,,,,,,,,,,,,,,,,,,,,,,,,,,,,,0.4322138652205467,0.0,,,0.19525073934346432,0.0,,,0.20852494426071638,0.0,,,,,0.06384708406403655,0.0,0.06961860181763763,0.0,,,,,0,0,7,13
3,region_03,2026-01-31,,,,,,,,,,,,,,,,,,,,,,,,,,,,,,,,,,,,,,,,,,,,,,,,,,,,,,,,,,,,,,,,,,,,,,,,,,,,,,,,,,,,,,,,,,,,,,,,,,,,,,,,,,,,,,,,,,,,,,,,,,,,,,,,,,,,,,,,,,,,,,,,,,,,,,,,,,,,,,,,,,,,,,,,,,,,,,,,,,,,,,,,,,,,,,,,,,,,,,,,,0.12454298511147495,0.0,,,,,,,,,0.04397233296185728,0.0,,,,,,,,,,,,,,,,,,,,,,,,,,,,,,,,,,,,,,,,,,,,,,,,,,,,,,,,,,,,,0.36007989943027496,0.0,,,0.2193058300763368,0.0,,,0.24585423991084096,0.0,,,,,0.1059550372883677,0.0,0.07266010064631696,0.0,,,,,0,0,7,14
3,region_03,2026-02-07,,,,,,,,,,,,,,,,,,,,,,,,,,,,,,,,,,,,,,,,,,,,,,,,,,,,,,,,,,,,,,,,,,,,,,,,,,,,,,,,,,,,,,,,,,,,,,,,,,,,,,,,,,,,,,,,,,,,,,,,,,,,,,,,,,,,,,,,,,,,,,,,,,,,,,,,,,,,,,,,,,,,,,,,,,,,,,,,,,,,,,,,,,,,,,,,,,,,,,,,,0.11136157872776185,0.0,,,,,,,,,0.04421936860308046,0.0,,,,,,,,,,,,,,,,,,,,,,,,,,,,,,,,,,,,,,,,,,,,,,,,,,,,,,,,,,,,,0.2879459336400032,0.0,,,0.24336092080920932,0.0,,,0.28318353556096554,0.0,,,,,0.14806299051269886,0.0,0.07570159947499629,0.0,,,,,0,0,7,15
3,region_03,2026-02-14,,,,,,,,,,,,,,,,,,,,,,,,,,,,,,,,,,,,,,,,,,,,,,,,,,,,,,,,,,,,,,,,,,,,,,,,,,,,,,,,,,,,,,,,,,,,,,,,,,,,,,,,,,,,,,,,,,,,,,,,,,,,,,,,,,,,,,,,,,,,,,,,,,,,,,,,,,,,,,,,,,,,,,,,,,,,,,,,,,,,,,,,,,,,,,,,,,,,,,,,,0.09818017234404877,0.0,,,,,,,,,0.04446640424430365,0.0,,,,,,,0.3205128312110901,2.0,,,,,,,,,,,,,,,,,,,,,,,,,,,,,,,,,,,,,,,,,,,,,,,,,,,,,0.21581196784973145,0.0,,,0.26741601154208183,0.0,,,0.3205128312110901,0.0,,,0.5,1.0,0.19017094373703003,0.0,0.07874309830367561,0.0,,,,,1,1,7,0
3,region_03,2026-02-21,,,,,,,,,,,,,,,,,,,,,,,,,,,,,,,,,,,,,,,,,,,,,,,,,,,,,,,,,,,,,,,,,,,,,,,,,,,,,,,,,,,,,,,,,,,,,,,,,,,,,,,,,,,,,,,,,,,,,,,,,,,,,,,,,,,,,,,,,,,,,,,,,,,,,,,,,,,,,,,,,,,,,,,,,,,,,,,,,,,,,,,,,,,,,,,,,,,,,,,,,0.08499876596033568,0.0,,,,,,,,,0.04471343988552684,0.0,,,,,,,,,,,,,,,,,,,,,,,,,,,,,,,,,,,,,,,,,,,,,,,,,,,,,,,,,,,,,0.3152680676430464,0.0,,,0.2914711022749543,0.0,,,0.2517482601106167,0.0,,,,,,,0.08178459713235493,0.0,,,,,0,0,6,1
3,region_03,2026-02-28,,,,,,,,,,,,,,,,,,,,,,,,,,,,,,,,,,,,,,,,,,,,,,,,,,,,,,,,,,,,,,,,,,,,,,,,,,,,,,,,,,,,,,,,,,,,,,,,,,,,,,,,,,,,,,,,,,,,,,,,,,,,,,,,,,,,,,,,,,,,,,,,,,,,,,,,,,,,,,,,,,,,,,,,,,,,,,,,,,,,,,,,,,,,,,,,,,,,,,,,,0.07181735957662258,0.0,,,,,,,,,0.044960475526750025,0.0,,,,,,,,,,,,,,,,,,,,,,,,,,,,,,,,,,,,,,,,,,,,,,,,,,,,,,,,,,,,,0.4147241674363613,0.0,,,0.3155261930078268,0.0,,,0.18298368901014325,0.0,,,,,,,0.08482609596103426,0.0,,,,,0,0,6,2
3,region_03,2026-03-07,,,,,,,,,,,,,,,,,,,,,,,,,,,,,,,,,,,,,,,,,,,,,,,,,,,,,,,,,,,,,,,,,,,,,,,,,,,,,,,,,,,,,,,,,,,,,,,,,,,,,,,,,,,,,,,,,,,,,,,,,,,,,,,,,,,,,,,,,,,,,,,,,,,,,,,,,,,,,,,,,,,,,,,,,,,,,,,,,,,,,,,,,,,,,,,,,,,,,,,,,0.05863595319290949,0.0,,,,,,,,,0.04520751116797322,0.0,,,,,,,,,,,,,,,,,,,,,,,,,,,,,,,,,,,,,,,,,,,,,,,,,,,,,,,,,,,,,0.5141802672296762,0.0,,,0.3395812837406993,0.0,,,0.11421911790966983,0.0,,,,,,,0.08786759478971358,0.0,,,,,0,0,6,3
3,region_03,2026-03-14,,,,,,,,,,,,,,,,,,,,,,,,,,,,,,,,,,,,,,,,,,,,,,,,,,,,,,,,,,,,,,,,,,,0.1363636404275894,2.0,,,,,,,,,,,,,,,,,,,,,,,,,,,,,,,,,,,,,,,,,,,,,,,,,,,,,,,,,,,,,,,,,,,,,,,,,,,,,,,,,,,,,,,,,,,,,,,,,,,,,,,,,,,,,,,,,,,,,,,,,,,,,,,,,,,,,0.0454545468091964,0.0,,,,,,,,,0.0454545468091964,0.0,,,,,0.0454545468091964,2.0,,,,,,,,,,,,,,,,,,,,,,,,,,,,,,,,,,,,,,,,,,,,,,,,,,,,,,,0.6136363670229912,0.0,,,0.3636363744735718,0.0,,,0.0454545468091964,0.0,,,,,,,0.0909090936183929,0.0,,,,,0,2,6,4
3,region_03,2026-03-21,,,,,,,,,,,,,,,,,,,,,,,,,,,,,,,,,,,,,,,,,,,,,,,,,,,,,,,,,,,,,,,,,,,0.12500000372529027,0.0,,,,,,,,,,,,,,,,,,,,,,,,,,,,,,,,,,,,,,,,,,,,,,,,,,,,,,,,,,,,,,,,,,,,,,,,,,,,,,,,,,,,,,,,,,,,,,,,,,,,,,,,,,,,,,,,,,,,,,,,,,,,,,,,,,,,,0.07954545691609377,0.0,,,,,,,,,,,,,,,,,,,,,,,,,,,,,,,,,,,,,,,,,,,,,,,,,,,,,,,,,,,,,,,,,,,,,,,0.4829545486718416,0.0,,,0.3636363744735718,0.0,,,0.05681818351149553,0.0,,,,,,,,,,,,,0,0,5,5
3,region_03,2026-03-28,,,,,,,,,,,,,,,,,,,,,,,,,,,,,,,,,,,,,,,,,,,,,,,,,,,,,,,,,,,,,,,,,,,0.11363636702299115,0.0,,,,,,,,,,,,,,,,,,,,,,,,,,,,,,,,,,,,,,,,,,,,,,,,,,,,,,,,,,,,,,,,,,,,,,,,,,,,,,,,,,,,,,,,,,,,,,,,,,,,,,,,,,,,,,,,,,,,,,,,,,,,,,,,,,,,,0.11363636702299114,0.0,,,,,,,,,,,,,,,,,,,,,,,,,,,,,,,,,,,,,,,,,,,,,,,,,,,,,,,,,,,,,,,,,,,,,,,0.35227273032069206,0.0,,,0.3636363744735718,0.0,,,0.06818182021379465,0.0,,,,,,,,,,,,,0,0,5,6
3,region_03,2026-04-04,,,,,,,,,,,,,,,,,,,,,,,,,,,,,,,,,,,,,,,,,,,,,,,,,,,,,,,,,,,,,,,,,,,0.10227273032069202,0.0,,,,,,,,,,,,,,,,,,,,,,,,,,,,,,,,,,,,,,,,,,,,,,,,,,,,,,,,,,,,,,,,,,,,,,,,,,,,,,,,,,,,,,,,,,,,,,,,,,,,,,,,,,,,,,,,,,,,,,,,,,,,,,,,,,,,,0.1477272771298885,0.0,,,,,,,,,,,,,,,,,,,,,,,,,,,,,,,,,,,,,,,,,,,,,,,,,,,,,,,,,,,,,,,,,,,,,,,0.2215909119695425,0.0,,,0.3636363744735718,0.0,,,0.07954545691609377,0.0,,,,,,,,,,,,,0,0,5,7
3,region_03,2026-04-11,,,,,,,,,,,,,,,,,,,,,,,,,,,,,,,,,,,,,,,,,,,,,,,,,,,,,,,,,,,,,,,,,,,0.0909090936183929,0.0,,,,,,,,,,,,,,,,,,,,,,,,,,,,,,,,,,,,,,,,,,,,,,,,,,,,,,,,,,,,,,,,,,,,,,,,,,,,,,,,,,,,,,,,,,,,,,,,,,,,,,,,,,,,,,,,,,,,,,,,,,,,,,,,,,,,,0.1818181872367859,0.0,,,,,,,,,,,,,,,,,,,,,,,,,,,,,,,,,,,,,,,,,,,,,,,,,,,,,,,,,,,,,,,,,,,,,,,0.0909090936183929,0.0,,,0.3636363744735718,0.0,,,0.0909090936183929,0.0,,,,,,,,,,,,,0,0,5,8
