usa_or_hhsregion,region,Date,A.2.5_share,A.2.5_marker,AY.1_share,AY.1_marker,AY.2_share,AY.2_marker,AY.3_share,AY.3_marker,B.1_share,B.1_marker,B.1.1_share,B.1.1_marker,B.1.1.519_share,B.1.1.519_marker,B.1.1.529_share,B.1.1.529_marker,B.1.1.7_share,B.1.1.7_marker,B.1.2_share,B.1.2_marker,B.1.351_share,B.1.351_marker,B.1.427_share,B.1.427_marker,B.1.429_share,B.1.429_marker,B.1.525_share,B.1.525_marker,B.1.526_share,B.1.526_marker,B.1.526.1_share,B.1.526.1_marker,B.1.526.2_share,B.1.526.2_marker,B.1.596_share,B.1.596_marker,B.1.617_share,B.1.617_marker,B.1.617.1_share,B.1.617.1_marker,B.1.617.2_share,B.1.617.2_marker,B.1.617.3_share,B.1.617.3_marker,B.1.621_share,B.1.621_marker,B.1.621.1_share,B.1.621.1_marker,B.1.626_share,B.1.626_marker,B.1.628_share,B.1.628_marker,B.1.637_share,B.1.637_marker,BA.1.1_share,BA.1.1_marker,BA.2_share,BA.2_marker,BA.2.12.1_share,BA.2.12.1_marker,BA.2.75_share,BA.2.75_marker,BA.2.75.2_share,BA.2.75.2_marker,BA.2.86_share,BA.2.86_marker,BA.3.2_share,BA.3.2_marker,BA.4_share,BA.4_marker,BA.4.6_share,BA.4.6_marker,BA.5_share,BA.5_marker,BA.5.2.6_share,BA.5.2.6_marker,BF.11_share,BF.11_marker,BF.7_share,BF.7_marker,BN.1_share,BN.1_marker,BQ.1_share,BQ.1_marker,BQ.1.1_share,BQ.1.1_marker,CH.1.1_share,CH.1.1_marker,EG.5_share,EG.5_marker,EG.5.1.8_share,EG.5.1.8_marker,EG.6.1_share,EG.6.1_marker,EU.1.1_share,EU.1.1_marker,FD.1.1_share,FD.1.1_marker,FD.2_share,FD.2_marker,FE.1.1_share,FE.1.1_marker,FL.1.5.1_share,FL.1.5.1_marker,GE.1_share,GE.1_marker,GK.1.1_share,GK.1.1_marker,GK.2_share,GK.2_marker,HF.1_share,HF.1_marker,HK.3_share,HK.3_marker,HV.1_share,HV.1_marker,JD.1.1_share,JD.1.1_marker,JF.1_share,JF.1_marker,JG.3_share,JG.3_marker,JN.1_share,JN.1_marker,JN.1.11.1_share,JN.1.11.1_marker,JN.1.13_share,JN.1.13_marker,JN.1.13.1_share,JN.1.13.1_marker,JN.1.16_share,JN.1.16_marker,JN.1.16.1_share,JN.1.16.1_marker,JN.1.18_share,JN.1.18_marker,JN.1.18.6_share,JN.1.18.6_marker,JN.1.32_share,JN.1.32_marker,JN.1.4.3_share,JN.1.4.3_marker,JN.1.7_share,JN.1.7_marker,JN.1.8.1_share,JN.1.8.1_marker,KP.1.1_share,KP.1.1_marker,KP.1.1.3_share,KP.1.1.3_marker,KP.1.2_share,KP.1.2_marker,KP.2_share,KP.2_marker,KP.2.15_share,KP.2.15_marker,KP.2.3_share,KP.2.3_marker,KP.3_share,KP.3_marker,KP.3.1.1_share,KP.3.1.1_marker,KP.4.1_share,KP.4.1_marker,KQ.1_share,KQ.1_marker,KS.1_share,KS.1_marker,KV.2_share,KV.2_marker,KW.1.1_share,KW.1.1_marker,LB.1_share,LB.1_marker,LB.1.3.1_share,LB.1.3.1_marker,LF.3.1_share,LF.3.1_marker,LF.7_share,LF.7_marker,LF.7.2.1_share,LF.7.2.1_marker,LF.7.7.1_share,LF.7.7.1_marker,LF.7.7.2_share,LF.7.7.2_marker,LF.7.9_share,LF.7.9_marker,LP.1_share,LP.1_marker,LP.8.1_share,LP.8.1_marker,MC.1_share,MC.1_marker,MC.10.1_share,MC.10.1_marker,MC.19_share,MC.19_marker,MC.28.1_share,MC.28.1_marker,NB.1.8.1_share,NB.1.8.1_marker,NW.1_share,NW.1_marker,P.1_share,P.1_marker,P.2_share,P.2_marker,PA.1_share,PA.1_marker,PQ.17_share,PQ.17_marker,PQ.17.11_share,PQ.17.11_marker,PQ.2.1.6_share,PQ.2.1.6_marker,PQ.2.8.1_share,PQ.2.8.1_marker,RV.1_share,RV.1_marker,XBB_share,XBB_marker,XBB.1.16_share,XBB.1.16_marker,XBB.1.16.1_share,XBB.1.16.1_marker,XBB.1.16.11_share,XBB.1.16.11_marker,XBB.1.16.15_share,XBB.1.16.15_marker,XBB.1.16.17_share,XBB.1.16.17_marker,XBB.1.16.6_share,XBB.1.16.6_marker,XBB.1.42.2_share,XBB.1.42.2_marker,XBB.1.5_share,XBB.1.5_marker,XBB.1.5.1_share,XBB.1.5.1_marker,XBB.1.5.10_share,XBB.1.5.10_marker,XBB.1.5.59_share,XBB.1.5.59_marker,XBB.1.5.68_share,XBB.1.5.68_marker,XBB.1.5.70_share,XBB.1.5.70_marker,XBB.1.5.72_share,XBB.1.5.72_marker,XBB.1.9.1_share,XBB.1.9.1_marker,XBB.1.9.2_share,XBB.1.9.2_marker,XBB.2.3_share,XBB.2.3_marker,XBB.2.3.8_share,XBB.2.3.8_marker,XDP_share,XDP_marker,XDV.1_share,XDV.1_marker,XEC_share,XEC_marker,XEC.4_share,XEC.4_marker,XEK_share,XEK_marker,XEQ_share,XEQ_marker,XFC_share,XFC_marker,XFG_share,XFG_marker,XFG.1_share,XFG.1_marker,XFG.1.1_share,XFG.1.1_marker,XFG.10.4_share,XFG.10.4_marker,XFG.14.1_share,XFG.14.1_marker,XFG.2.5.1_share,XFG.2.5.1_marker,XFG.23.1.3_share,XFG.23.1.3_marker,XFG.6_share,XFG.6_marker,XFV_share,XFV_marker,XFY_share,XFY_marker,XFZ_share,XFZ_marker,n_marker_1,n_marker_2,n_marker_0,n_marker_1_wk
8,region_08,2021-01-30,0.0076592797413468,2.0,0.0,,0.0,,0.0,,0.08104243427515025,2.0,0.0132990702986717,2.0,0.021653041036592546,2.0,,,0.0,,0.403116013854742,1.0,0.0008127994660753249,2.0,0.09287906251847738,2.0,0.08316313599546747,1.0,0.0,,0.0091963127876321,2.0,0.0,,0.0,,0.10794069617986675,2.0,0.0,,0.0,,0.0,,0.0,,0.0,,0.0,,0.0,,0.0,,,,,,,,,,,,,,,,,,,,,,,,,,,,,,,,,,,,,,,,,,,,,,,,,,,,,,,,,,,,,,,,,,,,,,,,,,,,,,,,,,,,,,,,,,,,,,,,,,,,,,,,,,,,,,,,,,,,,,,,,,,,,,,,,,,,,,,,,,,,,,,,,,,,,,,,,,0.0,,0.0,,,,,,,,,,,,,,,,,,,,,,,,,,,,,,,,,,,,,,,,,,,,,,,,,,,,,,,,,,,,,,,,,,,,,,,,,,,,,,,,,,,,,,,,2,8,0,0
8,region_08,2021-02-06,0.0038296398706734,0.0,0.0,,0.0,,0.0,,0.07947892025113101,0.0,0.0128095149993896,0.0,0.02300081257190965,0.0,,,0.0208809338510036,1.0,0.40332172997295856,0.0,0.00040639973303766247,0.0,0.06989493221044535,0.0,0.10900854847083485,0.0,0.0,,0.005472803980713506,0.0,0.0,,0.0,,0.07761450856924053,0.0,0.0,,0.0,,0.0,,0.0,,0.0,,0.0,,0.0,,0.0,,,,,,,,,,,,,,,,,,,,,,,,,,,,,,,,,,,,,,,,,,,,,,,,,,,,,,,,,,,,,,,,,,,,,,,,,,,,,,,,,,,,,,,,,,,,,,,,,,,,,,,,,,,,,,,,,,,,,,,,,,,,,,,,,,,,,,,,,,,,,,,,,,,,,,,,,,0.0,,0.0,,,,,,,,,,,,,,,,,,,,,,,,,,,,,,,,,,,,,,,,,,,,,,,,,,,,,,,,,,,,,,,,,,,,,,,,,,,,,,,,,,,,,,,,1,0,10,0
8,region_08,2021-02-13,0.0,0.0,0.0,,0.0,,0.0,,0.07791540622711178,0.0,0.0123199597001075,0.0,0.024348584107226755,0.0,,,0.0417618677020072,0.0,0.4035274460911751,0.0,0.0,0.0,0.04691080190241331,0.0,0.13485396094620225,0.0,0.0,,0.0017492951737949126,0.0,0.0,,0.0,,0.0472883209586143,0.0,0.0,,0.0,,0.0,,0.0,,0.0,,0.0,,0.0,,0.0,,,,,,,,,,,,,,,,,,,,,,,,,,,,,,,,,,,,,,,,,,,,,,,,,,,,,,,,,,,,,,,,,,,,,,,,,,,,,,,,,,,,,,,,,,,,,,,,,,,,,,,,,,,,,,,,,,,,,,,,,,,,,,,,,,,,,,,,,,,,,,,,,,,,,,,,,,0.0,,0.0,,,,,,,,,,,,,,,,,,,,,,,,,,,,,,,,,,,,,,,,,,,,,,,,,,,,,,,,,,,,,,,,,,,,,,,,,,,,,,,,,,,,,,,,0,0,11,1
8,region_08,2021-02-20,0.0,0.0,0.0,,0.0,,0.0,,0.09118707651893293,0.0,0.0191674251109361,0.0,0.033593590888712103,0.0,,,0.0456269942224025,0.0,0.3756430596113205,0.0,0.002828585882005921,0.0,0.055220859258302585,0.0,0.15210100977371133,0.0,0.0,,0.009831277602643199,0.0,0.00397597129146255,2.0,0.004757981281727533,2.0,0.05773163400590417,0.0,0.0,,0.0,,0.0,,0.0,,0.0,,0.0,,0.0,,0.0,,,,,,,,,,,,,,,,,,,,,,,,,,,,,,,,,,,,,,,,,,,,,,,,,,,,,,,,,,,,,,,,,,,,,,,,,,,,,,,,,,,,,,,,,,,,,,,,,,,,,,,,,,,,,,,,,,,,,,,,,,,,,,,,,,,,,,,,,,,,,,,,,,,,,,,,,,0.0,,0.0047548872767947305,2.0,,,,,,,,,,,,,,,,,,,,,,,,,,,,,,,,,,,,,,,,,,,,,,,,,,,,,,,,,,,,,,,,,,,,,,,,,,,,,,,,,,,,,,,0,3,11,2
8,region_08,2021-02-27,0.0,0.0,0.0,,0.0,,0.0,,0.10445874681075407,0.0,0.0260148905217647,0.0,0.04283859767019745,0.0,,,0.0494921207427978,0.0,0.34775867313146586,0.0,0.005657171764011842,0.0,0.06353091661419186,0.0,0.1693480586012204,0.0,0.0,,0.017913260031491487,0.0,0.0079519425829251,0.0,0.009515962563455067,0.0,0.06817494705319405,0.0,0.0,,0.0,,0.0,,0.0,,0.0,,0.0,,0.0,,0.0,,,,,,,,,,,,,,,,,,,,,,,,,,,,,,,,,,,,,,,,,,,,,,,,,,,,,,,,,,,,,,,,,,,,,,,,,,,,,,,,,,,,,,,,,,,,,,,,,,,,,,,,,,,,,,,,,,,,,,,,,,,,,,,,,,,,,,,,,,,,,,,,,,,,,,,,,,0.0,,0.009509774553589461,0.0,,,,,,,,,,,,,,,,,,,,,,,,,,,,,,,,,,,,,,,,,,,,,,,,,,,,,,,,,,,,,,,,,,,,,,,,,,,,,,,,,,,,,,,0,0,14,3
8,region_08,2021-03-06,0.0,0.0,0.0,,0.0,,0.0,,,,,,,,,,0.19502905607223506,0.0,,,0.00546267228201024,0.0,0.0624372288584709,0.0,0.1948295831680297,0.0,0.0,,0.0155841093510389,0.0,,,,,,,,,0.0,,0.0,,0.0,,0.0,,0.0,,0.0,,0.0,,,,,,,,,,,,,,,,,,,,,,,,,,,,,,,,,,,,,,,,,,,,,,,,,,,,,,,,,,,,,,,,,,,,,,,,,,,,,,,,,,,,,,,,,,,,,,,,,,,,,,,,,,,,,,,,,,,,,,,,,,,,,,,,,,,,,,,,,,,,,,,,,,,,,,,,,,0.0,,,,,,,,,,,,,,,,,,,,,,,,,,,,,,,,,,,,,,,,,,,,,,,,,,,,,,,,,,,,,,,,,,,,,,,,,,,,,,,,,,,,,,,,,,0,0,6,4
8,region_08,2021-03-13,0.00140166090568525,0.0,0.0,,0.0,,0.0,,,,,,,,,,0.1681357681751251,0.0,,,0.00141650203149762,0.0,0.0853995680809021,0.0,0.2064848244190216,0.0,0.00141685214475725,2.0,0.0275691230781376,0.0,,,,,,,,,0.0,,0.0,,0.0,,0.0,,0.0,,0.0,,0.0,,,,,,,,,,,,,,,,,,,,,,,,,,,,,,,,,,,,,,,,,,,,,,,,,,,,,,,,,,,,,,,,,,,,,,,,,,,,,,,,,,,,,,,,,,,,,,,,,,,,,,,,,,,,,,,,,,,,,,,,,,,,,,,,,,,,,,,,,,,,,,,,,,,,,,,,,,0.0112005859613418,2.0,,,,,,,,,,,,,,,,,,,,,,,,,,,,,,,,,,,,,,,,,,,,,,,,,,,,,,,,,,,,,,,,,,,,,,,,,,,,,,,,,,,,,,,,,0,2,6,5
8,region_08,2021-03-20,0.0,0.0,0.0,,0.0,,0.0,,,,,,,,,,0.28156113624572754,0.0,,,0.0,0.0,0.0908890515565872,0.0,0.2171463668346405,0.0,0.0,0.0,0.04934368515387172,0.0,,,,,,,,,0.0,,0.0,,0.0,,0.0,,0.0,,0.0,,0.0,,,,,,,,,,,,,,,,,,,,,,,,,,,,,,,,,,,,,,,,,,,,,,,,,,,,,,,,,,,,,,,,,,,,,,,,,,,,,,,,,,,,,,,,,,,,,,,,,,,,,,,,,,,,,,,,,,,,,,,,,,,,,,,,,,,,,,,,,,,,,,,,,,,,,,,,,,0.00811680648475882,0.0,,,,,,,,,,,,,,,,,,,,,,,,,,,,,,,,,,,,,,,,,,,,,,,,,,,,,,,,,,,,,,,,,,,,,,,,,,,,,,,,,,,,,,,,,0,0,8,6
8,region_08,2021-03-27,0.0,0.0,0.0,,0.0,,0.0,,,,,,,,,,0.43134573101997375,0.0,,,0.00734183611348266,0.0,0.0665168389678001,0.0,0.1616953760385513,0.0,0.002737741568125725,0.0,0.056617854163050596,0.0,,,,,,,,,0.0,,0.0,,0.0,,0.0,,0.0,,0.0,,0.0,,,,,,,,,,,,,,,,,,,,,,,,,,,,,,,,,,,,,,,,,,,,,,,,,,,,,,,,,,,,,,,,,,,,,,,,,,,,,,,,,,,,,,,,,,,,,,,,,,,,,,,,,,,,,,,,,,,,,,,,,,,,,,,,,,,,,,,,,,,,,,,,,,,,,,,,,,0.0083582703955471,0.0,,,,,,,,,,,,,,,,,,,,,,,,,,,,,,,,,,,,,,,,,,,,,,,,,,,,,,,,,,,,,,,,,,,,,,,,,,,,,,,,,,,,,,,,,0,0,8,7
8,region_08,2021-04-03,0.0,0.0,0.0,,0.0,,0.0,,,,,,,,,,0.5292533159255981,0.0,,,0.0005092555657029,0.0,0.0586185865104198,0.0,0.1422472298145294,0.0,0.002475179149769225,0.0,0.046826546080410425,0.0,,,,,,,,,0.0,,0.0,,0.0,,0.0,,0.0,,0.0,,0.0,,,,,,,,,,,,,,,,,,,,,,,,,,,,,,,,,,,,,,,,,,,,,,,,,,,,,,,,,,,,,,,,,,,,,,,,,,,,,,,,,,,,,,,,,,,,,,,,,,,,,,,,,,,,,,,,,,,,,,,,,,,,,,,,,,,,,,,,,,,,,,,,,,,,,,,,,,0.01142107155174012,0.0,,,,,,,,,,,,,,,,,,,,,,,,,,,,,,,,,,,,,,,,,,,,,,,,,,,,,,,,,,,,,,,,,,,,,,,,,,,,,,,,,,,,,,,,,0,0,8,8
8,region_08,2021-04-10,0.0,0.0,0.0008728712564334,2.0,0.0,,0.0,,,,,,,,,,0.5613763689994812,0.0,,,0.01192791722714898,0.0,0.0453602634370327,0.0,0.1134385839104652,0.0,0.0,0.0,0.088730233721435,0.0,,,,,,,,,0.002457974556212567,2.0,0.00243769064545626,1.0,0.0,,0.0028156272601335603,2.0,0.0,,0.0,,0.002458366875847133,2.0,,,,,,,,,,,,,,,,,,,,,,,,,,,,,,,,,,,,,,,,,,,,,,,,,,,,,,,,,,,,,,,,,,,,,,,,,,,,,,,,,,,,,,,,,,,,,,,,,,,,,,,,,,,,,,,,,,,,,,,,,,,,,,,,,,,,,,,,,,,,,,,,,,,,,,,,,0.01485628038644786,0.0,,,,,,,,,,,,,,,,,,,,,,,,,,,,,,,,,,,,,,,,,,,,,,,,,,,,,,,,,,,,,,,,,,,,,,,,,,,,,,,,,,,,,,,,,1,4,8,0
8,region_08,2021-04-17,0.0,0.0,0.0004436418530531,0.0,0.0,,0.0,,,,,,,,,,0.6083256959915161,0.0,,,0.0082025751471519,0.0,0.0314375683665275,0.0,0.0877847298979759,0.0,0.0,0.0,0.07993848901242012,0.0,,,,,,,,,0.0,0.0,0.00334056834690268,0.0,0.0,,0.0,0.0,0.0,,0.0,,0.0,0.0,,,,,,,,,,,,,,,,,,,,,,,,,,,,,,,,,,,,,,,,,,,,,,,,,,,,,,,,,,,,,,,,,,,,,,,,,,,,,,,,,,,,,,,,,,,,,,,,,,,,,,,,,,,,,,,,,,,,,,,,,,,,,,,,,,,,,,,,,,,,,,,,,,,,,,,,,0.03655172809958453,0.0,,,,,,,,,,,,,,,,,,,,,,,,,,,,,,,,,,,,,,,,,,,,,,,,,,,,,,,,,,,,,,,,,,,,,,,,,,,,,,,,,,,,,,,,,0,0,13,1
8,region_08,2021-04-24,0.0030183943454175502,0.0,0.0005030807224102,0.0,0.0,,0.0,,,,,,,,,,0.6184239268302918,0.0,,,0.01525605693459504,0.0,0.0297179371118545,0.0,0.05551478266716,0.0,0.0,0.0,0.11149677913635965,0.0,,,,,,,,,0.0,0.0,0.01661277227103706,0.0,0.0,,0.00777336619794364,0.0,0.0,,0.0,,0.0007064148861293667,0.0,,,,,,,,,,,,,,,,,,,,,,,,,,,,,,,,,,,,,,,,,,,,,,,,,,,,,,,,,,,,,,,,,,,,,,,,,,,,,,,,,,,,,,,,,,,,,,,,,,,,,,,,,,,,,,,,,,,,,,,,,,,,,,,,,,,,,,,,,,,,,,,,,,,,,,,,,0.03867775276303288,0.0,,,,,,,,,,,,,,,,,,,,,,,,,,,,,,,,,,,,,,,,,,,,,,,,,,,,,,,,,,,,,,,,,,,,,,,,,,,,,,,,,,,,,,,,,0,0,13,2
8,region_08,2021-05-01,0.0,0.0,0.0,0.0,0.0,,0.0,,,,,,,,,,0.7622026681900025,0.0,,,0.00884230099618428,0.0,0.0103298118337988,0.0,0.0241671465337276,0.0,0.0,0.0,0.07549013569951052,0.0,,,,,,,,,0.0,0.0,0.01492892820388074,0.0,0.0,,0.00779063310474154,0.0,0.0,,0.0,,0.0,0.0,,,,,,,,,,,,,,,,,,,,,,,,,,,,,,,,,,,,,,,,,,,,,,,,,,,,,,,,,,,,,,,,,,,,,,,,,,,,,,,,,,,,,,,,,,,,,,,,,,,,,,,,,,,,,,,,,,,,,,,,,,,,,,,,,,,,,,,,,,,,,,,,,,,,,,,,,0.03471629396080964,0.0,,,,,,,,,,,,,,,,,,,,,,,,,,,,,,,,,,,,,,,,,,,,,,,,,,,,,,,,,,,,,,,,,,,,,,,,,,,,,,,,,,,,,,,,,0,0,13,3
8,region_08,2021-05-08,0.0,0.0,0.0,0.0,0.0,,0.0002491346094757,2.0,,,,,,,0.0,,0.7553117019789559,0.0,,,0.0091144977137446,0.0,0.0149888591840863,0.0,0.0260492023080587,0.0,0.0,0.0,0.07440039142966268,0.0,,,,,,,,,0.0,0.0,0.028908132154139687,0.0,0.0,,0.00873589636757966,0.0,0.0,,0.0,,0.0,0.0,,,0.0,,0.0,,0.0,,0.0,,0.0,,,,,,0.0,,0.0,,0.0,,0.0,,0.0,,0.0,,0.0,,0.0,,0.0,,0.0,,,,,,,,,,,,0.0,,,,,,,,,,,,,,,,,,,,,,,,,,,,,,,,,,,,,,,,,,,,,,,,,,,,,,,,,,,,,,,,,,,,,,,,,,,,,,,,,,,,,,,,,,,,,,,,,,,,,,,,,,0.02224243655800814,0.0,,,,,,,,,,,,,,,0.0,,0.0,,,,,,,,,,,,,,0.0,,0.0,,,,,,,,,,,,0.0,,0.0,,0.0,,,,,,,,,,,,,,,,,,,,,,,,,,,,,,,,,,,,,,,,0,1,13,4
8,region_08,2021-05-15,0.0,0.0,0.0,0.0,0.0,,0.0,0.0,,,,,,,0.0,,0.672858738899231,0.0,,,0.01004724750029183,0.0,0.004938798956573,0.0,0.0126057555899024,0.0,0.0009412577928741999,0.0,0.07051904747883475,0.0,,,,,,,,,0.0,0.0,0.06948787998408075,0.0,0.0,,0.02627795864827925,0.0,0.0,,0.0,,0.0043267717584967195,0.0,0.0256603024899959,2.0,0.0,,0.0,,0.0,,0.0,,0.0,,,,,,0.0,,0.0,,0.0,,0.0,,0.0,,0.0,,0.0,,0.0,,0.0,,0.0,,,,,,,,,,,,0.0,,,,,,,,,,,,,,,,,,,,,,,,,,,,,,,,,,,,,,,,,,,,,,,,,,,,,,,,,,,,,,,,,,,,,,,,,,,,,,,,,,,,,,,,,,,,,,,,,,,,,,,,,,0.03198697930201884,0.0,,,,,,,,,,,,,,,0.0,,0.0,,,,,,,,,,,,,,0.0,,0.0,,,,,,,,,,,,0.0,,0.0,,0.0,,,,,,,,,,,,,,,,,,,,,,,,,,,,,,,,,,,,,,,,0,1,14,5
8,region_08,2021-05-22,0.0,0.0,0.0,0.0,0.0,,0.00413500025751995,0.0,,,,,,,0.0,,0.6992625832557678,0.0,,,0.009179451103721287,0.0,0.0013419771566987,0.0,0.002012965735048,0.0,0.0,0.0,0.0741861903419097,0.0,,,,,,,,,0.0,0.0,0.08165817174383182,0.0,0.0,,0.031189465584854248,0.0,0.0,,0.0,,0.00138143682852382,0.0,0.0169775877147912,0.0,0.0,,0.0,,0.0,,0.0,,0.0,,,,,,0.0,,0.0,,0.0,,0.0,,0.0,,0.0,,0.0,,0.0,,0.0,,0.0,,,,,,,,,,,,0.0,,,,,,,,,,,,,,,,,,,,,,,,,,,,,,,,,,,,,,,,,,,,,,,,,,,,,,,,,,,,,,,,,,,,,,,,,,,,,,,,,,,,,,,,,,,,,,,,,,,,,,,,,,0.058550538495182956,0.0,,,,,,,,,,,,,,,0.0,,0.0,,,,,,,,,,,,,,0.0,,0.0,,,,,,,,,,,,0.0,,0.0,,0.0,,,,,,,,,,,,,,,,,,,,,,,,,,,,,,,,,,,,,,,,0,0,15,6
8,region_08,2021-05-29,0.00077223658445285,0.0,0.009324669465422587,0.0,0.0,,0.00077211653115225,0.0,,,,,,,0.0,,0.574923312664032,0.0,,,0.0003860582655761,0.0,0.0007721165311522,0.0,0.0121286995708942,0.0,0.0,0.0,0.05300670986374217,0.0,,,,,,,,,0.0,0.0,0.21834374364765208,0.0,0.0,,0.029063252359628623,0.0,0.0,,0.0,,0.0033113000914454004,0.0,0.0246005784720182,0.0,0.0,,0.0,,0.0,,0.0,,0.0,,,,,,0.0,,0.0,,0.0,,0.0,,0.0,,0.0,,0.0,,0.0,,0.0,,0.0,,,,,,,,,,,,0.0,,,,,,,,,,,,,,,,,,,,,,,,,,,,,,,,,,,,,,,,,,,,,,,,,,,,,,,,,,,,,,,,,,,,,,,,,,,,,,,,,,,,,,,,,,,,,,,,,,,,,,,,,,0.02583377094318465,0.0,,,,,,,,,,,,,,,0.0,,0.0,,,,,,,,,,,,,,0.0,,0.0,,,,,,,,,,,,0.0,,0.0,,0.0,,,,,,,,,,,,,,,,,,,,,,,,,,,,,,,,,,,,,,,,0,0,15,7
8,region_08,2021-06-05,0.00122648716205725,0.0,0.0,0.0,0.0,,0.0,0.0,,,,,,,0.0,,0.5538568165567186,0.0,,,0.0,0.0,0.0053799371235072,0.0,0.0,0.0,0.006589020369574375,0.0,0.041368575766682555,0.0,,,,,,,,,0.0,0.0,0.32440993018533987,0.0,0.0,,0.025271345395594787,0.0,0.0,,0.0,,0.0,0.0,0.0224832501262426,0.0,0.0,,0.0,,0.0,,0.0,,0.0,,,,,,0.0,,0.0,,0.0,,0.0,,0.0,,0.0,,0.0,,0.0,,0.0,,0.0,,,,,,,,,,,,0.0,,,,,,,,,,,,,,,,,,,,,,,,,,,,,,,,,,,,,,,,,,,,,,,,,,,,,,,,,,,,,,,,,,,,,,,,,,,,,,,,,,,,,,,,,,,,,,,,,,,,,,,,,,0.014261691132560338,0.0,,,,,,,,,,,,,,,0.0,,0.0,,,,,,,,,,,,,,0.0,,0.0,,,,,,,,,,,,0.0,,0.0,,0.0,,,,,,,,,,,,,,,,,,,,,,,,,,,,,,,,,,,,,,,,0,0,15,8
8,region_08,2021-06-12,0.0,0.0,0.00054544035810975,0.0,0.0,,0.00323950545862315,0.0,,,,,,,0.0,,0.3377691954374313,0.0,,,0.0,0.0,0.0,0.0,0.0,0.0,0.0,0.0,0.023685337975621175,0.0,,,,,,,,,0.0,0.0,0.5213687772100623,0.0,0.0,,0.01713960105553264,0.0,0.00110028931521805,2.0,0.0,,0.02254738248884672,0.0,0.00330247706733635,0.0,0.0,,0.0,,0.0,,0.0,,0.0,,,,,,0.0,,0.0,,0.0,,0.0,,0.0,,0.0,,0.0,,0.0,,0.0,,0.0,,,,,,,,,,,,0.0,,,,,,,,,,,,,,,,,,,,,,,,,,,,,,,,,,,,,,,,,,,,,,,,,,,,,,,,,,,,,,,,,,,,,,,,,,,,,,,,,,,,,,,,,,,,,,,,,,,,,,,,,,0.046751999606688764,0.0,,,,,,,,,,,,,,,0.0,,0.0,,,,,,,,,,,,,,0.0,,0.0,,,,,,,,,,,,0.0,,0.0,,0.0,,,,,,,,,,,,,,,,,,,,,,,,,,,,,,,,,,,,,,,,0,1,15,9
8,region_08,2021-06-19,0.0012383071589283,0.0,0.0,0.0,0.008888451415779293,2.0,0.00247661431785665,0.0,,,,,,,0.0,,0.22798240184783933,0.0,,,0.02096098049410747,0.0,0.0,0.0,0.0012342556146904,0.0,0.0,0.0,0.011624745966400883,0.0,,,,,,,,,0.0,0.0,0.6153354597091675,0.0,0.0,,0.031057371990755162,0.0,0.016419689636677448,0.0,0.0,,0.0,0.0,0.0,0.0,0.0,,0.0,,0.0,,0.0,,0.0,,,,,,0.0,,0.0,,0.0,,0.0,,0.0,,0.0,,0.0,,0.0,,0.0,,0.0,,,,,,,,,,,,0.0,,,,,,,,,,,,,,,,,,,,,,,,,,,,,,,,,,,,,,,,,,,,,,,,,,,,,,,,,,,,,,,,,,,,,,,,,,,,,,,,,,,,,,,,,,,,,,,,,,,,,,,,,,0.0416200539718071,0.0,,,,,,,,,,,,,,,0.0,,0.0,,,,,,,,,,,,,,0.0,,0.0,,,,,,,,,,,,0.0,,0.0,,0.0,,,,,,,,,,,,,,,,,,,,,,,,,,,,,,,,,,,,,,,,0,1,16,10
8,region_08,2021-06-26,0.0,0.0,0.0,0.0,0.005736477099932108,0.0,0.003010829212144,0.0,,,,,,,0.0,,0.1328961357474327,0.0,,,0.0,0.0,0.0,0.0,0.0,0.0,0.0,0.0,0.005279942047006117,0.0,,,,,,,,,0.0,0.0,0.7760727357590336,0.0,0.0,,0.025715043535456013,0.0,0.001239127916051025,0.0,0.0,,0.0,0.0,0.011141885071992801,0.0,0.0,,0.0,,0.0,,0.0,,0.0,,,,,,0.0,,0.0,,0.0,,0.0,,0.0,,0.0,,0.0,,0.0,,0.0,,0.0,,,,,,,,,,,,0.0,,,,,,,,,,,,,,,,,,,,,,,,,,,,,,,,,,,,,,,,,,,,,,,,,,,,,,,,,,,,,,,,,,,,,,,,,,,,,,,,,,,,,,,,,,,,,,,,,,,,,,,,,,0.03668392511705553,0.0,,,,,,,,,,,,,,,0.0,,0.0,,,,,,,,,,,,,,0.0,,0.0,,,,,,,,,,,,0.0,,0.0,,0.0,,,,,,,,,,,,,,,,,,,,,,,,,,,,,,,,,,,,,,,,0,0,17,11
8,region_08,2021-07-03,0.0,0.0,0.0,0.0,0.01786171691492195,0.0,0.0173425953835248,0.0,,,,,,,0.0,,0.07491125613451001,0.0,,,0.0,0.0,0.0,0.0,0.0,0.0,0.0,0.0,0.0047071994049474,0.0,,,,,,,,,0.0,0.0,0.8575867394154723,0.0,0.0,,0.010749162407591913,0.0,0.000882819847902225,0.0,0.0,,0.0,0.0,0.0009795689838937999,0.0,0.0,,0.0,,0.0,,0.0,,0.0,,,,,,0.0,,0.0,,0.0,,0.0,,0.0,,0.0,,0.0,,0.0,,0.0,,0.0,,,,,,,,,,,,0.0,,,,,,,,,,,,,,,,,,,,,,,,,,,,,,,,,,,,,,,,,,,,,,,,,,,,,,,,,,,,,,,,,,,,,,,,,,,,,,,,,,,,,,,,,,,,,,,,,,,,,,,,,,0.036311143388350765,0.0,,,,,,,,,,,,,,,0.0,,0.0,,,,,,,,,,,,,,0.0,,0.0,,,,,,,,,,,,0.0,,0.0,,0.0,,,,,,,,,,,,,,,,,,,,,,,,,,,,,,,,,,,,,,,,0,0,17,12
8,region_08,2021-07-10,0.0,0.0,0.0,0.0,0.0008333404797927072,0.0,0.0199236553162336,0.0,,,,,,,0.0,,0.05095690824091429,0.0,,,0.0,0.0,0.0,0.0,0.0,0.0,0.0,0.0,0.012347603216767275,0.0,,,,,,,,,0.0,0.0,0.8708491277420658,0.0,0.0,,0.02168800774961706,0.0,0.0,0.0,0.0,,0.00584365464746948,0.0,0.004994502058252651,0.0,0.0,,0.0,,0.0,,0.0,,0.0,,,,,,0.0,,0.0,,0.0,,0.0,,0.0,,0.0,,0.0,,0.0,,0.0,,0.0,,,,,,,,,,,,0.0,,,,,,,,,,,,,,,,,,,,,,,,,,,,,,,,,,,,,,,,,,,,,,,,,,,,,,,,,,,,,,,,,,,,,,,,,,,,,,,,,,,,,,,,,,,,,,,,,,,,,,,,,,0.01782582001760595,0.0,,,,,,,,,,,,,,,0.0,,0.0,,,,,,,,,,,,,,0.0,,0.0,,,,,,,,,,,,0.0,,0.0,,0.0,,,,,,,,,,,,,,,,,,,,,,,,,,,,,,,,,,,,,,,,0,0,17,13
8,region_08,2021-07-17,0.0,0.0,0.00139282678719605,0.0,0.009072122571524188,0.0,0.0310459425672888,0.0,,,,,,,0.0,,0.02436463907361025,0.0,,,0.0,0.0,0.0,0.0,0.0,0.0,0.0,0.0,0.0049794544659865,0.0,,,,,,,,,0.0,0.0,0.927419321677264,0.0,0.0,,0.0115706035867333,0.0,0.0006951132963876751,0.0,0.0,,0.0013900616671889399,0.0,0.00280413602013135,0.0,0.0,,0.0,,0.0,,0.0,,0.0,,,,,,0.0,,0.0,,0.0,,0.0,,0.0,,0.0,,0.0,,0.0,,0.0,,0.0,,,,,,,,,,,,0.0,,,,,,,,,,,,,,,,,,,,,,,,,,,,,,,,,,,,,,,,,,,,,,,,,,,,,,,,,,,,,,,,,,,,,,,,,,,,,,,,,,,,,,,,,,,,,,,,,,,,,,,,,,0.010968075909962202,0.0,,,,,,,,,,,,,,,0.0,,0.0,,,,,,,,,,,,,,0.0,,0.0,,,,,,,,,,,,0.0,,0.0,,0.0,,,,,,,,,,,,,,,,,,,,,,,,,,,,,,,,,,,,,,,,0,0,17,14
8,region_08,2021-07-24,0.0006744611600879001,0.0,0.0,0.0,0.0036664836661656876,0.0,0.0590051095932722,0.0,,,,,,,0.0,,0.024903795371452903,0.0,,,0.0,0.0,0.0,0.0,0.0,0.0,0.0,0.0,0.0005680038496696167,0.0,,,,,,,,,0.0,0.0,0.9581931914602008,0.0,0.0,,0.005599694093689275,0.0,0.0,0.0,0.0,,0.0020024241879581803,0.0,0.0,0.0,0.0,,0.0,,0.0,,0.0,,0.0,,,,,,0.0,,0.0,,0.0,,0.0,,0.0,,0.0,,0.0,,0.0,,0.0,,0.0,,,,,,,,,,,,0.0,,,,,,,,,,,,,,,,,,,,,,,,,,,,,,,,,,,,,,,,,,,,,,,,,,,,,,,,,,,,,,,,,,,,,,,,,,,,,,,,,,,,,,,,,,,,,,,,,,,,,,,,,,0.0094617983559146,0.0,,,,,,,,,,,,,,,0.0,,0.0,,,,,,,,,,,,,,0.0,,0.0,,,,,,,,,,,,0.0,,0.0,,0.0,,,,,,,,,,,,,,,,,,,,,,,,,,,,,,,,,,,,,,,,0,0,17,15
8,region_08,2021-07-31,0.0,0.0,0.0002296022576047,0.0,0.0061780186370015,0.0,0.0434955805540084,0.0,,,,,,,0.0,,0.010303505463525625,0.0,,,0.0,0.0,,,,,0.0,0.0,0.00132457620929925,0.0,,,,,,,,,0.0,0.0,0.9667718077634836,0.0,0.0,,0.018235576339065973,0.0,0.0003026667885327,0.0,0.0,,0.00022904366778675,0.0,0.00138608104316515,0.0,0.0,,0.0,,0.0,,0.0,,0.0,,,,,,0.0,,0.0,,0.0,,0.0,,0.0,,0.0,,0.0,,0.0,,0.0,,0.0,,,,,,,,,,,,0.0,,,,,,,,,,,,,,,,,,,,,,,,,,,,,,,,,,,,,,,,,,,,,,,,,,,,,,,,,,,,,,,,,,,,,,,,,,,,,,,,,,,,,,,,,,,,,,,,,,,,,,,,,,0.0016927244973235429,0.0,,,,,,,,,,,,,,,0.0,,0.0,,,,,,,,,,,,,,0.0,,0.0,,,,,,,,,,,,0.0,,0.0,,0.0,,,,,,,,,,,,,,,,,,,,,,,,,,,,,,,,,,,,,,,,0,0,15,16
8,region_08,2021-08-07,,,0.0008926141786754357,0.0,0.0035719969808788716,0.0,,,,,,,,,0.0,,0.0010393485208623375,0.0,,,0.0006944597698747399,0.0,,,,,0.0,0.0,0.0,0.0,,,,,,,,,0.0,0.0,0.981599598413422,0.0,0.0,,0.0017955982669566667,0.0,0.0,0.0,,,0.000232366330844,0.0,0.000348549496266,0.0,0.0,,0.0,,0.0,,0.0,,0.0,,,,,,0.0,,0.0,,0.0,,0.0,,0.0,,0.0,,0.0,,0.0,,0.0,,0.0,,,,,,,,,,,,0.0,,,,,,,,,,,,,,,,,,,,,,,,,,,,,,,,,,,,,,,,,,,,,,,,,,,,,,,,,,,,,,,,,,,,,,,,,,,,,,,,,,,,,,,,,,,,,,,,,,,,,,,,,,0.001959895521091867,0.0,,,,,,,,,,,,,,,0.0,,0.0,,,,,,,,,,,,,,0.0,,0.0,,,,,,,,,,,,0.0,,0.0,,0.0,,,,,,,,,,,,,,,,,,,,,,,,,,,,,,,,,,,,,,,,0,0,13,17
8,region_08,2021-08-14,,,0.0023072208904732386,0.0,0.005039182563240661,0.0,,,,,,,,,0.0,,0.004105946814109114,0.0,,,0.000782114278990725,0.0,,,,,0.0,0.0,0.0,0.0,,,,,,,,,0.0,0.0,0.9802207523081676,0.0,0.0,,0.009138567186891999,0.0,0.0019303676672279,0.0,,,0.0,0.0,0.0,0.0,0.0,,0.0,,0.0,,0.0,,0.0,,,,,,0.0,,0.0,,0.0,,0.0,,0.0,,0.0,,0.0,,0.0,,0.0,,0.0,,,,,,,,,,,,0.0,,,,,,,,,,,,,,,,,,,,,,,,,,,,,,,,,,,,,,,,,,,,,,,,,,,,,,,,,,,,,,,,,,,,,,,,,,,,,,,,,,,,,,,,,,,,,,,,,,,,,,,,,,0.00041227780748154003,0.0,,,,,,,,,,,,,,,0.0,,0.0,,,,,,,,,,,,,,0.0,,0.0,,,,,,,,,,,,0.0,,0.0,,0.0,,,,,,,,,,,,,,,,,,,,,,,,,,,,,,,,,,,,,,,,0,0,13,18
8,region_08,2021-08-21,,,0.0,0.0,0.004087769911469225,0.0,,,,,,,,,0.0,,0.0,0.0,,,0.0,0.0,,,,,0.0,0.0,0.0,0.0,,,,,,,,,0.0,0.0,0.9946218066745334,0.0,0.0,,0.0004742522432934,0.0,0.0,0.0,,,0.0,0.0,0.0,0.0,0.0,,0.0,,0.0,,0.0,,0.0,,,,,,0.0,,0.0,,0.0,,0.0,,0.0,,0.0,,0.0,,0.0,,0.0,,0.0,,,,,,,,,,,,0.0,,,,,,,,,,,,,,,,,,,,,,,,,,,,,,,,,,,,,,,,,,,,,,,,,,,,,,,,,,,,,,,,,,,,,,,,,,,,,,,,,,,,,,,,,,,,,,,,,,,,,,,,,,0.0,0.0,,,,,,,,,,,,,,,0.0,,0.0,,,,,,,,,,,,,,0.0,,0.0,,,,,,,,,,,,0.0,,0.0,,0.0,,,,,,,,,,,,,,,,,,,,,,,,,,,,,,,,,,,,,,,,0,0,13,19
8,region_08,2021-08-28,,,0.0017236129303152001,0.0,0.001270273195890025,0.0,,,,,,,,,0.0,,0.0,0.0,,,0.0,0.0,,,,,0.0,0.0,0.0,0.0,,,,,,,,,0.0,0.0,0.9884568935348874,0.0,0.0,,0.0,0.0,,,,,0.0,0.0,0.0,0.0,0.0,,0.0,,0.0,,0.0,,0.0,,,,,,0.0,,0.0,,0.0,,0.0,,0.0,,0.0,,0.0,,0.0,,0.0,,0.0,,,,,,,,,,,,0.0,,,,,,,,,,,,,,,,,,,,,,,,,,,,,,,,,,,,,,,,,,,,,,,,,,,,,,,,,,,,,,,,,,,,,,,,,,,,,,,,,,,,,,,,,,,,,,,,,,,,,,,,,,0.0,0.0,,,,,,,,,,,,,,,0.0,,0.0,,,,,,,,,,,,,,0.0,,0.0,,,,,,,,,,,,0.0,,0.0,,0.0,,,,,,,,,,,,,,,,,,,,,,,,,,,,,,,,,,,,,,,,0,0,12,20
8,region_08,2021-09-04,,,0.0011680010162914334,0.0,0.0025066756855018635,0.0,,,,,,,,,0.0,,0.00060966088203708,0.0,,,0.0,0.0,,,,,,,0.0,0.0,,,,,,,,,0.0,0.0,0.9904584513082133,0.0,,,0.0,0.0,,,,,0.0007436495216097,0.0,0.0,0.0,0.0,,0.0,,0.0,,0.0,,0.0,,,,,,0.0,,0.0,,0.0,,0.0,,0.0,,0.0,,0.0,,0.0,,0.0,,0.0,,,,,,,,,,,,0.0,,,,,,,,,,,,,,,,,,,,,,,,,,,,,,,,,,,,,,,,,,,,,,,,,,,,,,,,,,,,,,,,,,,,,,,,,,,,,,,,,,,,,,,,,,,,,,,,,,,,,,,,,,0.0,0.0,,,,,,,,,,,,,,,0.0,,0.0,,,,,,,,,,,,,,0.0,,0.0,,,,,,,,,,,,0.0,,0.0,,0.0,,,,,,,,,,,,,,,,,,,,,,,,,,,,,,,,,,,,,,,,0,0,11,21
8,region_08,2021-09-11,,,0.004305534657429509,0.0,0.00054088808246885,0.0,,,,,,,,,0.0,,0.00026261011953462496,0.0,,,0.0,0.0,,,,,,,0.0,0.0,,,,,,,,,0.0,0.0,0.9929973781108856,0.0,,,0.0018404930209119667,0.0,,,,,0.0,0.0,0.0,0.0,0.0,,0.0,,0.0,,0.0,,0.0,,,,,,0.0,,0.0,,0.0,,0.0,,0.0,,0.0,,0.0,,0.0,,0.0,,0.0,,,,,,,,,,,,0.0,,,,,,,,,,,,,,,,,,,,,,,,,,,,,,,,,,,,,,,,,,,,,,,,,,,,,,,,,,,,,,,,,,,,,,,,,,,,,,,,,,,,,,,,,,,,,,,,,,,,,,,,,,0.0,0.0,,,,,,,,,,,,,,,0.0,,0.0,,,,,,,,,,,,,,0.0,,0.0,,,,,,,,,,,,0.0,,0.0,,0.0,,,,,,,,,,,,,,,,,,,,,,,,,,,,,,,,,,,,,,,,0,0,11,22
8,region_08,2021-09-18,,,0.0013720393310197,0.0,0.00022383659638252224,0.0,,,,,,,,,0.0,,0.0,0.0,,,0.0,0.0,,,,,,,0.0,0.0,,,,,,,,,0.0,0.0,0.9916437640786171,0.0,,,0.0,0.0,,,,,0.0,0.0,0.0,0.0,0.0,,0.0,,0.0,,0.0,,0.0,,,,,,0.0,,0.0,,0.0,,0.0,,0.0,,0.0,,0.0,,0.0,,0.0,,0.0,,,,,,,,,,,,0.0,,,,,,,,,,,,,,,,,,,,,,,,,,,,,,,,,,,,,,,,,,,,,,,,,,,,,,,,,,,,,,,,,,,,,,,,,,,,,,,,,,,,,,,,,,,,,,,,,,,,,,,,,,0.0,0.0,,,,,,,,,,,,,,,0.0,,0.0,,,,,,,,,,,,,,0.0,,0.0,,,,,,,,,,,,0.0,,0.0,,0.0,,,,,,,,,,,,,,,,,,,,,,,,,,,,,,,,,,,,,,,,0,0,11,23
8,region_08,2021-09-25,,,0.00039672507555220003,0.0,0.0008054966650281667,0.0,,,,,,,,,0.0,,0.0,0.0,,,,,,,,,,,,,,,,,,,,,,,0.9946301336351194,0.0,,,0.0,0.0,,,,,,,,,0.0,,0.0,,0.0,,0.0,,0.0,,,,,,0.0,,0.0,,0.0,,0.0,,0.0,,0.0,,0.0,,0.0,,0.0,,0.0,,,,,,,,,,,,0.0,,,,,,,,,,,,,,,,,,,,,,,,,,,,,,,,,,,,,,,,,,,,,,,,,,,,,,,,,,,,,,,,,,,,,,,,,,,,,,,,,,,,,,,,,,,,,,,,,,,,,,,,,,0.0,0.0,,,,,,,,,,,,,,,0.0,,0.0,,,,,,,,,,,,,,0.0,,0.0,,,,,,,,,,,,0.0,,0.0,,0.0,,,,,,,,,,,,,,,,,,,,,,,,,,,,,,,,,,,,,,,,0,0,6,24
8,region_08,2021-10-02,,,0.0023475125271943,0.0,0.0,0.0,,,,,,,,,0.0,,0.0,0.0,,,,,,,,,,,,,,,,,,,,,,,0.9953662646122468,0.0,,,,,,,,,,,,,0.0,,0.0,,0.00152154220545305,1.0,0.0,,0.0,,,,,,0.0,,0.0,,0.0,,0.0,,0.0,,0.0,,0.0,,0.0,,0.0,,0.0,,,,,,,,,,,,0.0,,,,,,,,,,,,,,,,,,,,,,,,,,,,,,,,,,,,,,,,,,,,,,,,,,,,,,,,,,,,,,,,,,,,,,,,,,,,,,,,,,,,,,,,,,,,,,,,,,,,,,,,,,,,,,,,,,,,,,,,,,0.0,,0.0,,,,,,,,,,,,,,0.0,,0.0,,,,,,,,,,,,0.0,,0.0,,0.0,,,,,,,,,,,,,,,,,,,,,,,,,,,,,,,,,,,,,,,,1,0,4,0
8,region_08,2021-10-09,,,0.0016010557966572429,0.0,0.0,0.0,,,,,,,,,0.0001656122941589022,1.0,0.0,0.0,,,,,,,,,,,,,,,,,,,,,,,0.9917243673251226,0.0,,,,,,,,,,,,,0.0,,0.0,,0.0,0.0,0.0,,0.0,,,,,,0.0,,0.0,,0.0,,0.0,,0.0,,0.0,,0.0,,0.0,,0.0,,0.0,,,,,,,,,,,,0.0,,,,,,,,,,,,,,,,,,,,,,,,,,,,,,,,,,,,,,,,,,,,,,,,,,,,,,,,,,,,,,,,,,,,,,,,,,,,,,,,,,,,,,,,,,,,,,,,,,,,,,,,,,,,,,,,,,,,,,,,,,0.0,,0.0,,,,,,,,,,,,,,0.0,,0.0,,,,,,,,,,,,0.0,,0.0,,0.0,,,,,,,,,,,,,,,,,,,,,,,,,,,,,,,,,,,,,,,,1,0,5,0
8,region_08,2021-10-16,,,0.0028868450982761857,0.0,0.0,0.0,,,,,,,,,0.0,0.0,0.0,0.0,,,,,,,,,,,,,,,,,,,,,,,0.9920666635810554,0.0,,,,,,,,,,,,,0.0,,0.0,,0.0,0.0,0.0,,0.0,,,,,,0.0,,0.0,,0.0,,0.0,,0.0,,0.0,,0.0,,0.0,,0.0,,0.0,,,,,,,,,,,,0.0,,,,,,,,,,,,,,,,,,,,,,,,,,,,,,,,,,,,,,,,,,,,,,,,,,,,,,,,,,,,,,,,,,,,,,,,,,,,,,,,,,,,,,,,,,,,,,,,,,,,,,,,,,,,,,,,,,,,,,,,,,0.0,,0.0,,,,,,,,,,,,,,0.0,,0.0,,,,,,,,,,,,0.0,,0.0,,0.0,,,,,,,,,,,,,,,,,,,,,,,,,,,,,,,,,,,,,,,,0,0,6,1
8,region_08,2021-10-23,,,0.002029392363813967,0.0,0.0,0.0,,,,,,,,,0.0,0.0,,,,,,,,,,,,,,,,,,,,,,,,,0.9930171762642107,0.0,,,,,,,,,,,,,0.0,,0.0,,0.0,0.0,0.0,,0.0,,,,,,0.0,,0.0,,0.0,,0.0,,0.0,,0.0,,0.0,,0.0,,0.0,,0.0,,,,,,,,,,,,0.0,,,,,,,,,,,,,,,,,,,,,,,,,,,,,,,,,,,,,,,,,,,,,,,,,,,,,,,,,,,,,,,,,,,,,,,,,,,,,,,,,,,,,,,,,,,,,,,,,,,,,,,,,,,,,,,,,,,,,,,,,,0.0,,0.0,,,,,,,,,,,,,,0.0,,0.0,,,,,,,,,,,,0.0,,0.0,,0.0,,,,,,,,,,,,,,,,,,,,,,,,,,,,,,,,,,,,,,,,0,0,5,2
8,region_08,2021-10-30,,,0.00161984027363356,0.0,0.000125106224004375,0.0,,,,,,,,,0.0001812010382308875,0.0,,,,,,,,,,,,,,,,,,,,,,,,,0.9960049796104431,0.0,,,,,,,,,,,,,0.0,,0.0,,0.0,0.0,0.0,,0.0,,,,,,0.0,,0.0,,0.0,,0.0,,0.0,,0.0,,0.0,,0.0,,0.0,,0.0,,,,,,,,,,,,0.0,,,,,,,,,,,,,,,,,,,,,,,,,,,,,,,,,,,,,,,,,,,,,,,,,,,,,,,,,,,,,,,,,,,,,,,,,,,,,,,,,,,,,,,,,,,,,,,,,,,,,,,,,,,,,,,,,,,,,,,,,,0.0,,0.0,,,,,,,,,,,,,,0.0,,0.0,,,,,,,,,,,,0.0,,0.0,,0.0,,,,,,,,,,,,,,,,,,,,,,,,,,,,,,,,,,,,,,,,0,0,5,3
8,region_08,2021-11-06,,,0.0042830639868043,0.0,0.0,0.0,,,,,,,,,0.0,0.0,,,,,,,,,,,,,,,,,,,,,,,,,0.9913248525906916,0.0,,,,,,,,,,,,,0.0,,0.0,,0.0,0.0,0.0,,0.0,,,,,,0.0,,0.0,,0.0,,0.0,,0.0,,0.0,,0.0,,0.0,,0.0,,0.0,,,,,,,,,,,,0.0,,,,,,,,,,,,,,,,,,,,,,,,,,,,,,,,,,,,,,,,,,,,,,,,,,,,,,,,,,,,,,,,,,,,,,,,,,,,,,,,,,,,,,,,,,,,,,,,,,,,,,,,,,,,,,,,,,,,,,,,,,0.0,,0.0,,,,,,,,,,,,,,0.0,,0.0,,,,,,,,,,,,0.0,,0.0,,0.0,,,,,,,,,,,,,,,,,,,,,,,,,,,,,,,,,,,,,,,,0,0,5,4
8,region_08,2021-11-13,,,0.0018066532599428666,0.0,0.0,0.0,,,,,,,,,0.00017001594824246668,0.0,,,,,,,,,,,,,,,,,,,,,,,,,0.9895412786801656,0.0,,,,,,,,,,,,,0.0,,0.0,,0.0,0.0,0.0,,0.0,,,,,,0.0,,0.0,,0.0,,0.0,,0.0,,0.0,,0.0,,0.0,,0.0,,0.0,,,,,,,,,,,,0.0,,,,,,,,,,,,,,,,,,,,,,,,,,,,,,,,,,,,,,,,,,,,,,,,,,,,,,,,,,,,,,,,,,,,,,,,,,,,,,,,,,,,,,,,,,,,,,,,,,,,,,,,,,,,,,,,,,,,,,,,,,0.0,,0.0,,,,,,,,,,,,,,0.0,,0.0,,,,,,,,,,,,0.0,,0.0,,0.0,,,,,,,,,,,,,,,,,,,,,,,,,,,,,,,,,,,,,,,,0,0,5,5
8,region_08,2021-11-20,,,0.0,0.0,0.0,0.0,,,,,,,,,0.00036412298454544136,0.0,,,,,,,,,,,,,,,,,,,,,,,,,0.9903761761056052,0.0,,,,,,,,,,,,,0.00036734817994699115,1.0,0.0,,0.0,0.0,0.0,,0.0,,,,,,0.0,,0.0,,0.0,,0.0,,0.0,,0.0,,0.0,,0.0,,0.0,,0.0,,,,,,,,,,,,0.0,,,,,,,,,,,,,,,,,,,,,,,,,,,,,,,,,,,,,,,,,,,,,,,,,,,,,,,,,,,,,,,,,,,,,,,,,,,,,,,,,,,,,,,,,,,,,,,,,,,,,,,,,,,,,,,,,,,,,,,,,,0.0,,0.0,,,,,,,,,,,,,,0.0,,0.0,,,,,,,,,,,,0.0,,0.0,,0.0,,,,,,,,,,,,,,,,,,,,,,,,,,,,,,,,,,,,,,,,1,0,5,0
8,region_08,2021-11-27,,,0.0,0.0,0.0,0.0,,,,,,,,,0.002222410121171779,0.0,,,,,,,,,,,,,,,,,,,,,,,,,0.9953606294261085,0.0,,,,,,,,,,,,,0.0016180566436720147,0.0,0.0,,0.0,0.0,0.0,,0.0,,,,,,0.0,,0.0,,0.0,,0.0,,0.0,,0.0,,0.0,,0.0,,0.0,,0.0,,,,,,,,,,,,0.0,,,,,,,,,,,,,,,,,,,,,,,,,,,,,,,,,,,,,,,,,,,,,,,,,,,,,,,,,,,,,,,,,,,,,,,,,,,,,,,,,,,,,,,,,,,,,,,,,,,,,,,,,,,,,,,,,,,,,,,,,,0.0,,0.0,,,,,,,,,,,,,,0.0,,0.0,,,,,,,,,,,,0.0,,0.0,,0.0,,,,,,,,,,,,,,,,,,,,,,,,,,,,,,,,,,,,,,,,0,0,6,1
8,region_08,2021-12-04,,,,,,,,,,,,,,,0.0011500946659199777,0.0,,,,,,,,,,,,,,,,,,,,,,,,,0.9981662786525228,0.0,,,,,,,,,,,,,0.0006569678080267794,0.0,0.0,,0.0,0.0,0.0,,0.0,,,,,,0.0,,0.0,,0.0,,0.0,,0.0,,0.0,,0.0,,0.0,,0.0,,0.0,,,,,,,,,,,,0.0,,,,,,,,,,,,,,,,,,,,,,,,,,,,,,,,,,,,,,,,,,,,,,,,,,,,,,,,,,,,,,,,,,,,,,,,,,,,,,,,,,,,,,,,,,,,,,,,,,,,,,,,,,,,,,,,,,,,,,,,,,0.0,,0.0,,,,,,,,,,,,,,0.0,,0.0,,,,,,,,,,,,0.0,,0.0,,0.0,,,,,,,,,,,,,,,,,,,,,,,,,,,,,,,,,,,,,,,,0,0,4,2
8,region_08,2021-12-11,,,,,,,,,,,,,,,0.010682113442037738,0.0,,,,,,,,,,,,,,,,,,,,,,,,,0.9827511751133463,0.0,,,,,,,,,,,,,0.007573839427684114,0.0,0.0,,0.0,0.0,0.0,,0.0,,,,,,0.0,,0.0,,0.0,,0.0,,0.0,,0.0,,0.0,,0.0,,0.0,,0.0,,,,,,,,,,,,0.0,,,,,,,,,,,,,,,,,,,,,,,,,,,,,,,,,,,,,,,,,,,,,,,,,,,,,,,,,,,,,,,,,,,,,,,,,,,,,,,,,,,,,,,,,,,,,,,,,,,,,,,,,,,,,,,,,,,,,,,,,,0.0,,0.0,,,,,,,,,,,,,,0.0,,0.0,,,,,,,,,,,,0.0,,0.0,,0.0,,,,,,,,,,,,,,,,,,,,,,,,,,,,,,,,,,,,,,,,0,0,4,3
8,region_08,2021-12-18,,,,,,,,,,,,,,,0.14072997787514244,0.0,,,,,,,,,,,,,,,,,,,,,,,,,0.7660894327693515,0.0,,,,,,,,,,,,,0.12662875652313227,0.0,0.0030579136627902027,1.0,0.0022657218458432514,0.0,0.0,,0.0,,,,,,0.0006692362590304399,2.0,0.0,,0.0009281653387006,1.0,0.0,,0.0,,0.0,,0.0,,0.0,,0.0,,0.0,,,,,,,,,,,,0.0,,,,,,,,,,,,,,,,,,,,,,,,,,,,,,,,,,,,,,,,,,,,,,,,,,,,,,,,,,,,,,,,,,,,,,,,,,,,,,,,,,,,,,,,,,,,,,,,,,,,,,,,,,,,,,,,,,,,,,,,,,0.0,,0.0,,,,,,,,,,,,,,0.0,,0.0,,,,,,,,,,,,0.0,,0.0,,0.0,,,,,,,,,,,,,,,,,,,,,,,,,,,,,,,,,,,,,,,,2,1,4,0
8,region_08,2021-12-25,,,,,,,,,,,,,,,0.33702956672225676,0.0,,,,,,,,,,,,,,,,,,,,,,,,,0.3257385267500292,0.0,,,,,,,,,,,,,0.4064221548683503,0.0,0.0,0.0,0.00012308299768591568,0.0,0.0,,0.0,,,,,,0.0,0.0,0.0,,0.0,0.0,0.0,,0.0,,0.0,,0.0,,0.0,,0.0,,0.0,,,,,,,,,,,,0.0,,,,,,,,,,,,,,,,,,,,,,,,,,,,,,,,,,,,,,,,,,,,,,,,,,,,,,,,,,,,,,,,,,,,,,,,,,,,,,,,,,,,,,,,,,,,,,,,,,,,,,,,,,,,,,,,,,,,,,,,,,0.0,,0.0,,,,,,,,,,,,,,0.0,,0.0,,,,,,,,,,,,0.0,,0.0,,0.0,,,,,,,,,,,,,,,,,,,,,,,,,,,,,,,,,,,,,,,,0,0,7,1
8,region_08,2022-01-01,,,,,,,,,,,,,,,0.586637195366532,0.0,,,,,,,,,,,,,,,,,,,,,,,,,0.11772675022705273,0.0,,,,,,,,,,,,,0.5511422613087822,0.0,0.002830051414837845,0.0,0.0,0.0,0.0,,0.0,,,,,,0.0,0.0,0.0,,0.0,0.0,0.0,,0.0,,0.0,,0.0,,0.0,,0.0,,0.0,,,,,,,,,,,,0.0,,,,,,,,,,,,,,,,,,,,,,,,,,,,,,,,,,,,,,,,,,,,,,,,,,,,,,,,,,,,,,,,,,,,,,,,,,,,,,,,,,,,,,,,,,,,,,,,,,,,,,,,,,,,,,,,,,,,,,,,,,0.0,,0.0,,,,,,,,,,,,,,0.0,,0.0,,,,,,,,,,,,0.0,,0.0,,0.0,,,,,,,,,,,,,,,,,,,,,,,,,,,,,,,,,,,,,,,,0,0,7,2
8,region_08,2022-01-08,,,,,,,,,,,,,,,0.618651754375714,0.0,,,,,,,,,,,,,,,,,,,,,,,,,0.03815798444504083,0.0,,,,,,,,,,,,,0.6488179143737344,0.0,0.00021528484569439843,0.0,0.0,0.0,0.0,,0.0,,,,,,0.0,0.0,0.0,,0.0,0.0,0.0,,0.0,,0.0,,0.0,,0.0,,0.0,,0.0,,,,,,,,,,,,0.0,,,,,,,,,,,,,,,,,,,,,,,,,,,,,,,,,,,,,,,,,,,,,,,,,,,,,,,,,,,,,,,,,,,,,,,,,,,,,,,,,,,,,,,,,,,,,,,,,,,,,,,,,,,,,,,,,,,,,,,,,,0.0,,0.0,,,,,,,,,,,,,,0.0,,0.0,,,,,,,,,,,,0.0,,0.0,,0.0,,,,,,,,,,,,,,,,,,,,,,,,,,,,,,,,,,,,,,,,0,0,7,3
8,region_08,2022-01-15,,,,,,,,,,,,,,,0.6118040371741822,0.0,,,,,,,,,,,,,,,,,,,,,,,,,0.011211912731514893,0.0,,,,,,,,,,,,,0.7332247267751133,0.0,0.0018122458440660348,0.0,0.0,0.0,0.0,,0.0,,,,,,0.0,0.0,0.0,,0.0002229823053072605,0.0,0.0,,0.0,,0.0,,0.0,,0.0,,0.0,,0.0,,,,,,,,,,,,0.0,,,,,,,,,,,,,,,,,,,,,,,,,,,,,,,,,,,,,,,,,,,,,,,,,,,,,,,,,,,,,,,,,,,,,,,,,,,,,,,,,,,,,,,,,,,,,,,,,,,,,,,,,,,,,,,,,,,,,,,,,,0.0,,0.0,,,,,,,,,,,,,,0.0,,0.0,,,,,,,,,,,,0.0,,0.0,,0.0,,,,,,,,,,,,,,,,,,,,,,,,,,,,,,,,,,,,,,,,0,0,7,4
8,region_08,2022-01-22,,,,,,,,,,,,,,,0.5847292427312244,0.0,,,,,,,,,,,,,,,,,,,,,,,,,0.005742878109837534,0.0,,,,,,,,,,,,,0.7827232743010801,0.0,0.0025579594851781666,0.0,0.0,0.0,0.0,,0.0,,,,,,0.0,0.0,0.0,,0.0,0.0,0.0,,0.0,,0.0,,0.0,,0.0,,0.0,,0.0,,,,,,,,,,,,0.0,,,,,,,,,,,,,,,,,,,,,,,,,,,,,,,,,,,,,,,,,,,,,,,,,,,,,,,,,,,,,,,,,,,,,,,,,,,,,,,,,,,,,,,,,,,,,,,,,,,,,,,,,,,,,,,,,,,,,,,,,,0.0,,0.0,,,,,,,,,,,,,,0.0,,0.0,,,,,,,,,,,,0.0,,0.0,,0.0,,,,,,,,,,,,,,,,,,,,,,,,,,,,,,,,,,,,,,,,0,0,7,5
8,region_08,2022-01-29,,,,,,,,,,,,,,,0.56441419170453,0.0,,,,,,,,,,,,,,,,,,,,,,,,,0.0083350175991654,0.0,,,,,,,,,,,,,0.8074559411581825,0.0,0.003350148608800544,0.0,0.0,0.0,0.0,,0.0,,,,,,0.0,0.0,0.0,,0.0,0.0,0.0,,0.0,,0.0,,0.0,,0.0,,0.0,,0.0,,,,,,,,,,,,0.0,,,,,,,,,,,,,,,,,,,,,,,,,,,,,,,,,,,,,,,,,,,,,,,,,,,,,,,,,,,,,,,,,,,,,,,,,,,,,,,,,,,,,,,,,,,,,,,,,,,,,,,,,,,,,,,,,,,,,,,,,,0.0,,0.0,,,,,,,,,,,,,,0.0,,0.0,,,,,,,,,,,,0.0,,0.0,,0.0,,,,,,,,,,,,,,,,,,,,,,,,,,,,,,,,,,,,,,,,0,0,7,6
8,region_08,2022-02-05,,,,,,,,,,,,,,,0.5552873050328344,0.0,,,,,,,,,,,,,,,,,,,,,,,,,0.00126452982840415,0.0,,,,,,,,,,,,,0.8165250105016372,0.0,0.006638050448918101,0.0,0.0,0.0,0.0,,0.0,,,,,,0.0,0.0,0.0,,0.0,0.0,0.0,,0.0,,0.0,,0.0,,0.0,,0.0002227673405566,1.0,0.0,,,,,,,,,,,,0.0,,,,,,,,,,,,,,,,,,,,,,,,,,,,,,,,,,,,,,,,,,,,,,,,,,,,,,,,,,,,,,,,,,,,,,,,,,,,,,,,,,,,,,,,,,,,,,,,,,,,,,,,,,,,,,,,,,,,,,,,,,0.0,,0.0,,,,,,,,,,,,,,0.0,,0.0,,,,,,,,,,,,0.0,,0.0,,0.0,,,,,,,,,,,,,,,,,,,,,,,,,,,,,,,,,,,,,,,,1,0,7,0
8,region_08,2022-02-12,,,,,,,,,,,,,,,0.5396037519939484,0.0,,,,,,,,,,,,,,,,,,,,,,,,,0.0018026684523529582,0.0,,,,,,,,,,,,,0.8341421539133246,0.0,0.011379651832165239,0.0,0.00024418779345143914,0.0,0.0,,0.0,,,,,,0.0,0.0,0.0,,0.0,0.0,0.0,,0.0,,0.0,,0.0,,0.0,,0.0,0.0,0.0,,,,,,,,,,,,0.0,,,,,,,,,,,,,,,,,,,,,,,,,,,,,,,,,,,,,,,,,,,,,,,,,,,,,,,,,,,,,,,,,,,,,,,,,,,,,,,,,,,,,,,,,,,,,,,,,,,,,,,,,,,,,,,,,,,,,,,,,,0.0,,0.0,,,,,,,,,,,,,,0.0,,0.0,,,,,,,,,,,,0.0,,0.0,,0.0,,,,,,,,,,,,,,,,,,,,,,,,,,,,,,,,,,,,,,,,0,0,8,1
8,region_08,2022-02-19,,,,,,,,,,,,,,,0.5162216280737231,0.0,,,,,,,,,,,,,,,,,,,,,,,,,0.0016992600491990935,0.0,,,,,,,,,,,,,0.8416453798611959,0.0,0.015581688688447032,0.0,0.0,0.0,0.0,,0.0,,,,,,0.0,0.0,0.0,,0.0,0.0,0.0,,0.0,,0.0,,0.0,,0.0,,0.0,0.0,0.0,,,,,,,,,,,,0.0,,,,,,,,,,,,,,,,,,,,,,,,,,,,,,,,,,,,,,,,,,,,,,,,,,,,,,,,,,,,,,,,,,,,,,,,,,,,,,,,,,,,,,,,,,,,,,,,,,,,,,,,,,,,,,,,,,,,,,,,,,0.0,,0.0,,,,,,,,,,,,,,0.0,,0.0,,,,,,,,,,,,0.0,,0.0,,0.0,,,,,,,,,,,,,,,,,,,,,,,,,,,,,,,,,,,,,,,,0,0,8,2
8,region_08,2022-02-26,,,,,,,,,,,,,,,0.5067241360418132,0.0,,,,,,,,,,,,,,,,,,,,,,,,,0.0011102222154282951,0.0,,,,,,,,,,,,,0.8214936852455139,0.0,0.028865028390039953,0.0,0.0,0.0,0.0,,0.0,,,,,,0.0,0.0,0.0,,0.0,0.0,0.0,,0.0,,0.0,,0.0,,0.0,,0.0,0.0,0.0,,,,,,,,,,,,0.0,,,,,,,,,,,,,,,,,,,,,,,,,,,,,,,,,,,,,,,,,,,,,,,,,,,,,,,,,,,,,,,,,,,,,,,,,,,,,,,,,,,,,,,,,,,,,,,,,,,,,,,,,,,,,,,,,,,,,,,,,,0.0,,0.0,,,,,,,,,,,,,,0.0,,0.0,,,,,,,,,,,,0.0,,0.0,,0.0,,,,,,,,,,,,,,,,,,,,,,,,,,,,,,,,,,,,,,,,0,0,8,3
8,region_08,2022-03-05,,,,,,,,,,,,,,,0.4696637059251467,0.0,,,,,,,,,,,,,,,,,,,,,,,,,0.00045637308345645083,0.0,,,,,,,,,,,,,0.7449434820343467,0.0,0.10355746406212185,0.0,0.0,0.0,0.0,,0.0,,,,,,0.0,0.0,0.0,,0.0,0.0,0.0,,0.0,,0.0,,0.0,,0.0,,0.0,0.0,0.0,,,,,,,,,,,,0.0,,,,,,,,,,,,,,,,,,,,,,,,,,,,,,,,,,,,,,,,,,,,,,,,,,,,,,,,,,,,,,,,,,,,,,,,,,,,,,,,,,,,,,,,,,,,,,,,,,,,,,,,,,,,,,,,,,,,,,,,,,0.0,,0.0,,,,,,,,,,,,,,0.0,,0.0,,,,,,,,,,,,0.0,,0.0,,0.0,,,,,,,,,,,,,,,,,,,,,,,,,,,,,,,,,,,,,,,,0,0,8,4
8,region_08,2022-03-12,,,,,,,,,,,,,,,0.4082823539689436,0.0,,,,,,,,,,,,,,,,,,,,,,,,,0.0008970600593944137,0.0,,,,,,,,,,,,,0.6943439578308779,0.0,0.18940821896165103,0.0,0.0,0.0,0.0,,0.0,,,,,,0.0,0.0,0.0,,0.0,0.0,0.0,,0.0,,0.0,,0.0,,0.0,,0.0,0.0,0.0,,,,,,,,,,,,0.0,,,,,,,,,,,,,,,,,,,,,,,,,,,,,,,,,,,,,,,,,,,,,,,,,,,,,,,,,,,,,,,,,,,,,,,,,,,,,,,,,,,,,,,,,,,,,,,,,,,,,,,,,,,,,,,,,,,,,,,,,,0.0,,0.0,,,,,,,,,,,,,,0.0,,0.0,,,,,,,,,,,,0.0,,0.0,,0.0,,,,,,,,,,,,,,,,,,,,,,,,,,,,,,,,,,,,,,,,0,0,8,5
8,region_08,2022-03-19,,,,,,,,,,,,,,,0.3259031606902336,0.0,,,,,,,,,,,,,,,,,,,,,,,,,0.0009477566726589982,0.0,,,,,,,,,,,,,0.6216979359879213,0.0,0.29816824300535794,0.0,0.009406281468857566,0.0,0.0,,0.0,,,,,,0.0,0.0,0.0,,0.0,0.0,0.0,,0.0,,0.0,,0.0,,0.0,,0.0,0.0,0.0,,,,,,,,,,,,0.0,,,,,,,,,,,,,,,,,,,,,,,,,,,,,,,,,,,,,,,,,,,,,,,,,,,,,,,,,,,,,,,,,,,,,,,,,,,,,,,,,,,,,,,,,,,,,,,,,,,,,,,,,,,,,,,,,,,,,,,,,,0.0,,0.0,,,,,,,,,,,,,,0.0,,0.0,,,,,,,,,,,,0.0,,0.0,,0.0,,,,,,,,,,,,,,,,,,,,,,,,,,,,,,,,,,,,,,,,0,0,8,6
8,region_08,2022-03-26,,,,,,,,,,,,,,,0.25540857952015067,0.0,,,,,,,,,,,,,,,,,,,,,,,,,0.0010164570014335123,0.0,,,,,,,,,,,,,0.4188748361433254,0.0,0.46903888962485574,0.0,0.02526653480405604,0.0,0.0,,0.0,,,,,,0.0,0.0,0.0,,0.0,0.0,0.0,,0.0,,0.0,,0.0,,0.0,,0.0,0.0,0.0,,,,,,,,,,,,0.0,,,,,,,,,,,,,,,,,,,,,,,,,,,,,,,,,,,,,,,,,,,,,,,,,,,,,,,,,,,,,,,,,,,,,,,,,,,,,,,,,,,,,,,,,,,,,,,,,,,,,,,,,,,,,,,,,,,,,,,,,,0.0,,0.0,,,,,,,,,,,,,,0.0,,0.0,,,,,,,,,,,,0.0,,0.0,,0.0,,,,,,,,,,,,,,,,,,,,,,,,,,,,,,,,,,,,,,,,0,0,8,7
8,region_08,2022-04-02,,,,,,,,,,,,,,,0.312433599006562,0.0,,,,,,,,,,,,,,,,,,,,,,,,,0.0,0.0,,,,,,,,,,,,,0.2753436170956668,0.0,0.6348050995306536,0.0,0.05565402067520397,0.0,0.0,,0.0,,,,,,0.0,0.0,0.0,,0.0,0.0,0.0,,0.0,,0.0,,0.0,,0.0,,0.0,0.0,0.0,,,,,,,,,,,,0.0,,,,,,,,,,,,,,,,,,,,,,,,,,,,,,,,,,,,,,,,,,,,,,,,,,,,,,,,,,,,,,,,,,,,,,,,,,,,,,,,,,,,,,,,,,,,,,,,,,,,,,,,,,,,,,,,,,,,,,,,,,0.0,,0.0,,,,,,,,,,,,,,0.0,,0.0,,,,,,,,,,,,0.0,,0.0,,0.0,,,,,,,,,,,,,,,,,,,,,,,,,,,,,,,,,,,,,,,,0,0,8,8
8,region_08,2022-04-09,,,,,,,,,,,,,,,0.1918973631802059,0.0,,,,,,,,,,,,,,,,,,,,,,,,,0.0,0.0,,,,,,,,,,,,,0.17095401181894188,0.0,0.7043100985613736,0.0,0.0767816839118798,0.0,0.0,,0.0,,,,,,0.0,0.0,0.0,,0.0,0.0,0.0,,0.0,,0.0,,0.0,,0.0,,0.0,0.0,0.0,,,,,,,,,,,,0.0,,,,,,,,,,,,,,,,,,,,,,,,,,,,,,,,,,,,,,,,,,,,,,,,,,,,,,,,,,,,,,,,,,,,,,,,,,,,,,,,,,,,,,,,,,,,,,,,,,,,,,,,,,,,,,,,,,,,,,,,,,0.0,,0.0,,,,,,,,,,,,,,0.0,,0.0,,,,,,,,,,,,0.0,,0.0,,0.0,,,,,,,,,,,,,,,,,,,,,,,,,,,,,,,,,,,,,,,,0,0,8,9
8,region_08,2022-04-16,,,,,,,,,,,,,,,0.1054091250730885,0.0,,,,,,,,,,,,,,,,,,,,,,,,,0.0,0.0,,,,,,,,,,,,,0.0947066023945808,0.0,0.7478095079368016,0.0,0.14192838024980614,0.0,0.0,,0.0,,,,,,0.0,0.0,0.0,,0.0,0.0,0.0,,0.0,,0.0,,0.0,,0.0,,0.0,0.0,0.0,,,,,,,,,,,,0.0,,,,,,,,,,,,,,,,,,,,,,,,,,,,,,,,,,,,,,,,,,,,,,,,,,,,,,,,,,,,,,,,,,,,,,,,,,,,,,,,,,,,,,,,,,,,,,,,,,,,,,,,,,,,,,,,,,,,,,,,,,0.0,,0.0,,,,,,,,,,,,,,0.0,,0.0,,,,,,,,,,,,0.0,,0.0,,0.0,,,,,,,,,,,,,,,,,,,,,,,,,,,,,,,,,,,,,,,,0,0,8,10
8,region_08,2022-04-23,,,,,,,,,,,,,,,0.05931231160374245,0.0,,,,,,,,,,,,,,,,,,,,,,,,,0.0,0.0,,,,,,,,,,,,,0.043813434593817716,0.0,0.6820537504160179,0.0,0.24532683137452824,0.0,0.0,,0.0,,,,,,0.0018881445071108284,0.0,0.0,,0.0015782890389958021,0.0,0.0,,0.0,,0.0,,0.0,,0.0,,0.0,0.0,0.0,,,,,,,,,,,,0.0,,,,,,,,,,,,,,,,,,,,,,,,,,,,,,,,,,,,,,,,,,,,,,,,,,,,,,,,,,,,,,,,,,,,,,,,,,,,,,,,,,,,,,,,,,,,,,,,,,,,,,,,,,,,,,,,,,,,,,,,,,0.0,,0.0,,,,,,,,,,,,,,0.0,,0.0,,,,,,,,,,,,0.0,,0.0,,0.0,,,,,,,,,,,,,,,,,,,,,,,,,,,,,,,,,,,,,,,,0,0,8,11
8,region_08,2022-04-30,,,,,,,,,,,,,,,0.011377525632269635,0.0,,,,,,,,,,,,,,,,,,,,,,,,,0.0,0.0,,,,,,,,,,,,,0.021997657330597102,0.0,0.6482005072574989,0.0,0.319092234267908,0.0,0.0,,0.0,,,,,,0.0006818412090366061,0.0,0.0,,0.0006818412090366061,0.0,0.0,,0.0,,0.0,,0.0,,0.0,,0.0,0.0,0.0,,,,,,,,,,,,0.0,,,,,,,,,,,,,,,,,,,,,,,,,,,,,,,,,,,,,,,,,,,,,,,,,,,,,,,,,,,,,,,,,,,,,,,,,,,,,,,,,,,,,,,,,,,,,,,,,,,,,,,,,,,,,,,,,,,,,,,,,,0.0,,0.0,,,,,,,,,,,,,,0.0,,0.0,,,,,,,,,,,,0.0,,0.0,,0.0,,,,,,,,,,,,,,,,,,,,,,,,,,,,,,,,,,,,,,,,0,0,8,12
8,region_08,2022-05-07,,,,,,,,,,,,,,,0.02051867847330865,0.0,,,,,,,,,,,,,,,,,,,,,,,,,0.0,0.0,,,,,,,,,,,,,0.016569329918745632,0.0,0.48256095392363413,0.0,0.4563142006494561,0.0,0.0,,0.0,,,,,,0.03395732423784777,0.0,0.0,,0.0013614830190353368,0.0,0.0,,0.0,,0.0,,0.0,,0.0,,0.0,0.0,0.0,,,,,,,,,,,,0.0,,,,,,,,,,,,,,,,,,,,,,,,,,,,,,,,,,,,,,,,,,,,,,,,,,,,,,,,,,,,,,,,,,,,,,,,,,,,,,,,,,,,,,,,,,,,,,,,,,,,,,,,,,,,,,,,,,,,,,,,,,0.0,,0.0,,,,,,,,,,,,,,0.0,,0.0,,,,,,,,,,,,0.0,,0.0,,0.0,,,,,,,,,,,,,,,,,,,,,,,,,,,,,,,,,,,,,,,,0,0,8,13
8,region_08,2022-05-14,,,,,,,,,,,,,,,0.013815174065530258,0.0,,,,,,,,,,,,,,,,,,,,,,,,,0.002834427227475165,0.0,,,,,,,,,,,,,0.004009657710626235,0.0,0.4404797957589229,0.0,0.5202580729256505,0.0,0.0,,0.0,,,,,,0.01456983874989099,0.0,0.0,,0.004460857839000415,0.0,0.0,,0.0,,0.0,,0.0,,0.0,,0.0,0.0,0.0,,,,,,,,,,,,0.0,,,,,,,,,,,,,,,,,,,,,,,,,,,,,,,,,,,,,,,,,,,,,,,,,,,,,,,,,,,,,,,,,,,,,,,,,,,,,,,,,,,,,,,,,,,,,,,,,,,,,,,,,,,,,,,,,,,,,,,,,,0.0,,0.0,,,,,,,,,,,,,,0.0,,0.0,,,,,,,,,,,,0.0,,0.0,,0.0,,,,,,,,,,,,,,,,,,,,,,,,,,,,,,,,,,,,,,,,0,0,8,14
8,region_08,2022-05-21,,,,,,,,,,,,,,,0.004079502919327645,0.0,,,,,,,,,,,,,,,,,,,,,,,,,0.0,0.0,,,,,,,,,,,,,0.0010669223916278119,0.0,0.3908941155920426,0.0,0.5653417736900096,0.0,0.0,,0.0,,,,,,0.02013281250030405,0.0,0.0,,0.014394062648837726,0.0,0.0,,0.0,,0.0,,0.0,,0.0,,0.0,0.0,0.0,,,,,,,,,,,,0.0,,,,,,,,,,,,,,,,,,,,,,,,,,,,,,,,,,,,,,,,,,,,,,,,,,,,,,,,,,,,,,,,,,,,,,,,,,,,,,,,,,,,,,,,,,,,,,,,,,,,,,,,,,,,,,,,,,,,,,,,,,0.0,,0.0,,,,,,,,,,,,,,0.0,,0.0,,,,,,,,,,,,0.0,,0.0,,0.0,,,,,,,,,,,,,,,,,,,,,,,,,,,,,,,,,,,,,,,,0,0,8,15
8,region_08,2022-05-28,,,,,,,,,,,,,,,0.009486097435001232,0.0,,,,,,,,,,,,,,,,,,,,,,,,,0.0,0.0,,,,,,,,,,,,,0.0053305692751617504,0.0,0.308791087028828,0.0,0.6023008442939596,0.0,0.0,,0.0,,,,,,0.03351594321429725,0.0,0.0,,0.04453066841233518,0.0,0.0,,0.0,,0.0,,0.0,,0.0,,0.0,0.0,0.0,,,,,,,,,,,,0.0,,,,,,,,,,,,,,,,,,,,,,,,,,,,,,,,,,,,,,,,,,,,,,,,,,,,,,,,,,,,,,,,,,,,,,,,,,,,,,,,,,,,,,,,,,,,,,,,,,,,,,,,,,,,,,,,,,,,,,,,,,0.0,,0.0,,,,,,,,,,,,,,0.0,,0.0,,,,,,,,,,,,0.0,,0.0,,0.0,,,,,,,,,,,,,,,,,,,,,,,,,,,,,,,,,,,,,,,,0,0,8,16
8,region_08,2022-06-04,,,,,,,,,,,,,,,0.005207598612676991,0.0,,,,,,,,,,,,,,,,,,,,,,,,,0.0,0.0,,,,,,,,,,,,,0.002455929718802032,0.0,0.24495065115068265,0.0,0.6033506665540778,0.0,0.0,,0.0,,,,,,0.050897510317356655,0.0,0.0,,0.09551309227295537,0.0,0.0,,0.0,,0.0,,0.0,,0.0,,0.0,0.0,0.0,,,,,,,,,,,,0.0,,,,,,,,,,,,,,,,,,,,,,,,,,,,,,,,,,,,,,,,,,,,,,,,,,,,,,,,,,,,,,,,,,,,,,,,,,,,,,,,,,,,,,,,,,,,,,,,,,,,,,,,,,,,,,,,,,,,,,,,,,0.0,,0.0,,,,,,,,,,,,,,0.0,,0.0,,,,,,,,,,,,0.0,,0.0,,0.0,,,,,,,,,,,,,,,,,,,,,,,,,,,,,,,,,,,,,,,,0,0,8,17
8,region_08,2022-06-11,,,,,,,,,,,,,,,0.002757492688639672,0.0,,,,,,,,,,,,,,,,,,,,,,,,,0.0,0.0,,,,,,,,,,,,,0.00014054260185832645,0.0,0.1696391552686691,0.0,0.5741910001505977,0.0,0.0,,0.0,,,,,,0.09887573932823923,0.0,0.0023108905510658365,2.0,0.15351203505111774,0.0,0.0,,0.0,,0.0,,0.0,,0.0,,0.0,0.0,0.0,,,,,,,,,,,,0.0,,,,,,,,,,,,,,,,,,,,,,,,,,,,,,,,,,,,,,,,,,,,,,,,,,,,,,,,,,,,,,,,,,,,,,,,,,,,,,,,,,,,,,,,,,,,,,,,,,,,,,,,,,,,,,,,,,,,,,,,,,0.0,,0.0,,,,,,,,,,,,,,0.0,,0.0,,,,,,,,,,,,0.0,,0.0,,0.0,,,,,,,,,,,,,,,,,,,,,,,,,,,,,,,,,,,,,,,,0,1,8,18
8,region_08,2022-06-18,,,,,,,,,,,,,,,0.0029670992653871237,0.0,,,,,,,,,,,,,,,,,,,,,,,,,0.0,0.0,,,,,,,,,,,,,0.00020535984795590586,0.0,0.12737461975352327,0.0,0.4612615975466641,0.0,0.0,,0.0,,,,,,0.08289432102306318,0.0,0.0004225559773990707,0.0,0.32632551409981464,0.0,0.0,,0.0,,0.0,,0.0,,0.0,,0.0,0.0,0.0,,,,,,,,,,,,0.0,,,,,,,,,,,,,,,,,,,,,,,,,,,,,,,,,,,,,,,,,,,,,,,,,,,,,,,,,,,,,,,,,,,,,,,,,,,,,,,,,,,,,,,,,,,,,,,,,,,,,,,,,,,,,,,,,,,,,,,,,,0.0,,0.0,,,,,,,,,,,,,,0.0,,0.0,,,,,,,,,,,,0.0,,0.0,,0.0,,,,,,,,,,,,,,,,,,,,,,,,,,,,,,,,,,,,,,,,0,0,9,19
8,region_08,2022-06-25,,,,,,,,,,,,,,,0.001221614717823316,0.0,,,,,,,,,,,,,,,,,,,,,,,,,0.0,0.0,,,,,,,,,,,,,0.0004251338618546735,0.0,0.10696483282155765,0.0,0.3457585559649901,0.0,0.0,,0.0,,,,,,0.10716814700175412,0.0,0.0034224822288151393,0.0,0.436003950509158,0.0,0.0,,0.0,,0.0,,0.0,,0.0,,0.0,0.0,0.0,,,,,,,,,,,,0.0,,,,,,,,,,,,,,,,,,,,,,,,,,,,,,,,,,,,,,,,,,,,,,,,,,,,,,,,,,,,,,,,,,,,,,,,,,,,,,,,,,,,,,,,,,,,,,,,,,,,,,,,,,,,,,,,,,,,,,,,,,0.0,,0.0,,,,,,,,,,,,,,0.0,,0.0,,,,,,,,,,,,0.0,,0.0,,0.0,,,,,,,,,,,,,,,,,,,,,,,,,,,,,,,,,,,,,,,,0,0,9,20
8,region_08,2022-07-02,,,,,,,,,,,,,,,0.001738573675347124,0.0,,,,,,,,,,,,,,,,,,,,,,,,,0.0,0.0,,,,,,,,,,,,,0.0003395507314159735,0.0,0.06843590346533195,0.0,0.205455525323402,0.0,0.0,,0.0,,,,,,0.1505688525909601,0.0,0.016466910791833177,0.0,0.5573749230021522,0.0,0.0,,0.0,,0.0,,0.0,,0.0,,0.0,0.0,0.0,,,,,,,,,,,,0.0,,,,,,,,,,,,,,,,,,,,,,,,,,,,,,,,,,,,,,,,,,,,,,,,,,,,,,,,,,,,,,,,,,,,,,,,,,,,,,,,,,,,,,,,,,,,,,,,,,,,,,,,,,,,,,,,,,,,,,,,,,0.0,,0.0,,,,,,,,,,,,,,0.0,,0.0,,,,,,,,,,,,0.0,,0.0,,0.0,,,,,,,,,,,,,,,,,,,,,,,,,,,,,,,,,,,,,,,,0,0,9,21
8,region_08,2022-07-09,,,,,,,,,,,,,,,0.0016677318798268,0.0,,,,,,,,,,,,,,,,,,,,,,,,,0.0,0.0,,,,,,,,,,,,,0.0,0.0,0.0284214857965707,0.0,0.13853383064270017,0.0,0.0,,0.0,,,,,,0.1521421692720273,0.0,0.00808048117678699,0.0,0.6546423028155071,0.0,0.0,,0.0,,0.0,,0.0,,0.0,,0.0,0.0,0.0,,,,,,,,,,,,0.0,,,,,,,,,,,,,,,,,,,,,,,,,,,,,,,,,,,,,,,,,,,,,,,,,,,,,,,,,,,,,,,,,,,,,,,,,,,,,,,,,,,,,,,,,,,,,,,,,,,,,,,,,,,,,,,,,,,,,,,,,,0.0,,0.0,,,,,,,,,,,,,,0.0,,0.0,,,,,,,,,,,,0.0,,0.0,,0.0,,,,,,,,,,,,,,,,,,,,,,,,,,,,,,,,,,,,,,,,0,0,9,22
8,region_08,2022-07-16,,,,,,,,,,,,,,,0.0016340674056360732,0.0,,,,,,,,,,,,,,,,,,,,,,,,,0.0,0.0,,,,,,,,,,,,,0.0,0.0,0.02616688436487821,0.0,0.0878190812541217,0.0,0.0,,0.0,,,,,,0.11652190892434697,0.0,0.01509371339343483,0.0,0.7532562206431133,0.0,0.0,,0.0,,0.0,,0.0,,0.0,,0.0,0.0,0.0,,,,,,,,,,,,0.0,,,,,,,,,,,,,,,,,,,,,,,,,,,,,,,,,,,,,,,,,,,,,,,,,,,,,,,,,,,,,,,,,,,,,,,,,,,,,,,,,,,,,,,,,,,,,,,,,,,,,,,,,,,,,,,,,,,,,,,,,,0.0,,0.0,,,,,,,,,,,,,,0.0,,0.0,,,,,,,,,,,,0.0,,0.0,,0.0,,,,,,,,,,,,,,,,,,,,,,,,,,,,,,,,,,,,,,,,0,0,9,23
8,region_08,2022-07-23,,,,,,,,,,,,,,,0.003458789442307623,0.0,,,,,,,,,,,,,,,,,,,,,,,,,0.0,0.0,,,,,,,,,,,,,0.00018762527560322383,0.0,0.021022358979098446,0.0,0.04118177615520022,0.0,0.0,,0.0,,,,,,0.0822508122771978,0.0,0.010479873896110757,0.0,0.843254254758358,0.0,0.0,,0.0,,0.0,,0.0,,0.0,,0.0,0.0,0.0,,,,,,,,,,,,0.0,,,,,,,,,,,,,,,,,,,,,,,,,,,,,,,,,,,,,,,,,,,,,,,,,,,,,,,,,,,,,,,,,,,,,,,,,,,,,,,,,,,,,,,,,,,,,,,,,,,,,,,,,,,,,,,,,,,,,,,,,,0.0,,0.0,,,,,,,,,,,,,,0.0,,0.0,,,,,,,,,,,,0.0,,0.0,,0.0,,,,,,,,,,,,,,,,,,,,,,,,,,,,,,,,,,,,,,,,0,0,9,24
8,region_08,2022-07-30,,,,,,,,,,,,,,,0.0025061779147521725,0.0,,,,,,,,,,,,,,,,,,,,,,,,,0.0,0.0,,,,,,,,,,,,,0.0,0.0,0.017604014811743195,0.0,0.0306174345314502,0.0,0.0,,0.0,,,,,,0.0863495688689382,0.0,0.017767674152684508,0.0,0.8468620667332097,0.0,0.0,,0.00020491866336664398,2.0,0.00034758993715507,2.0,0.0,,0.0,,0.0,0.0,0.0,,,,,,,,,,,,0.0,,,,,,,,,,,,,,,,,,,,,,,,,,,,,,,,,,,,,,,,,,,,,,,,,,,,,,,,,,,,,,,,,,,,,,,,,,,,,,,,,,,,,,,,,,,,,,,,,,,,,,,,,,,,,,,,,,,,,,,,,,0.0,,0.0,,,,,,,,,,,,,,0.0,,0.0,,,,,,,,,,,,0.0,,0.0,,0.0,,,,,,,,,,,,,,,,,,,,,,,,,,,,,,,,,,,,,,,,0,2,9,25
8,region_08,2022-08-06,,,,,,,,,,,,,,,0.0021037917273739556,0.0,,,,,,,,,,,,,,,,,,,,,,,,,0.0,0.0,,,,,,,,,,,,,0.0,0.0,0.013997965228013848,0.0,0.035852877171458374,0.0,0.0029598148060304736,2.0,0.0,,,,,,0.06493045482784504,0.0,0.035330414254632216,0.0,0.8424987544616064,0.0,0.0,,0.0,0.0,0.0002627979168512714,0.0,0.0,,0.0002627979168512714,2.0,0.0002627979168512714,0.0,0.0,,,,,,,,,,,,0.0,,,,,,,,,,,,,,,,,,,,,,,,,,,,,,,,,,,,,,,,,,,,,,,,,,,,,,,,,,,,,,,,,,,,,,,,,,,,,,,,,,,,,,,,,,,,,,,,,,,,,,,,,,,,,,,,,,,,,,,,,,0.0,,0.0,,,,,,,,,,,,,,0.0,,0.0,,,,,,,,,,,,0.0,,0.0,,0.0,,,,,,,,,,,,,,,,,,,,,,,,,,,,,,,,,,,,,,,,0,2,11,26
8,region_08,2022-08-13,,,,,,,,,,,,,,,0.0025288135844415286,0.0,,,,,,,,,,,,,,,,,,,,,,,,,0.0,0.0,,,,,,,,,,,,,0.006099482108017053,0.0,0.00899819083537694,0.0,0.02623887499147607,0.0,0.0,0.0,0.0,,,,,,0.04414960607472388,0.0,0.0458543310562769,0.0,0.8656962977515327,0.0,0.0,,0.000333307189866864,0.0,0.0021805755574913115,0.0,0.0,,0.0009374393183471477,0.0,0.0009374393183471477,0.0,0.0,,,,,,,,,,,,0.0,,,,,,,,,,,,,,,,,,,,,,,,,,,,,,,,,,,,,,,,,,,,,,,,,,,,,,,,,,,,,,,,,,,,,,,,,,,,,,,,,,,,,,,,,,,,,,,,,,,,,,,,,,,,,,,,,,,,,,,,,,0.0,,0.0,,,,,,,,,,,,,,0.0,,0.0,,,,,,,,,,,,0.0,,0.0,,0.0,,,,,,,,,,,,,,,,,,,,,,,,,,,,,,,,,,,,,,,,0,0,13,27
8,region_08,2022-08-20,,,,,,,,,,,,,,,0.0005225203118431068,0.0,,,,,,,,,,,,,,,,,,,,,,,,,0.0,0.0,,,,,,,,,,,,,0.0004057465293126682,0.0,0.009813392009319957,0.0,0.00041025776653950437,0.0,0.005069059593712535,0.0,0.0,,,,,,0.0384270527371854,0.0,0.056195324396385825,0.0,0.8777361461094447,0.0,0.004308958837230243,2.0,0.00045058193965809604,0.0,0.0030048312413889205,0.0,0.00040401271516673804,2.0,0.0012120381496580142,0.0,0.0028280890103251715,0.0,0.0,,,,,,,,,,,,0.0,,,,,,,,,,,,,,,,,,,,,,,,,,,,,,,,,,,,,,,,,,,,,,,,,,,,,,,,,,,,,,,,,,,,,,,,,,,,,,,,,,,,,,,,,,,,,,,,,,,,,,,,,,,,,,,,,,,,,,,,,,0.0,,0.0,,,,,,,,,,,,,,0.0,,0.0,,,,,,,,,,,,0.0,,0.0,,0.0,,,,,,,,,,,,,,,,,,,,,,,,,,,,,,,,,,,,,,,,0,2,13,28
8,region_08,2022-08-27,,,,,,,,,,,,,,,0.0035562914272304247,0.0,,,,,,,,,,,,,,,,,,,,,,,,,0.0,0.0,,,,,,,,,,,,,0.0,0.0,0.014030320761615686,0.0,0.0010750974862552393,0.0,0.0007283893013979913,0.0,0.0,,,,,,0.033690159395337066,0.0,0.06198667619248911,0.0,0.8817760769058677,0.0,0.0,0.0,0.003429524870589324,0.0,0.0021369736607405147,0.0,0.0,0.0,0.0,0.0,0.0,0.0,0.0,,,,,,,,,,,,0.0,,,,,,,,,,,,,,,,,,,,,,,,,,,,,,,,,,,,,,,,,,,,,,,,,,,,,,,,,,,,,,,,,,,,,,,,,,,,,,,,,,,,,,,,,,,,,,,,,,,,,,,,,,,,,,,,,,,,,,,,,,0.0,,0.0,,,,,,,,,,,,,,0.0,,0.0,,,,,,,,,,,,0.0,,0.0,,0.0,,,,,,,,,,,,,,,,,,,,,,,,,,,,,,,,,,,,,,,,0,0,15,29
8,region_08,2022-09-03,,,,,,,,,,,,,,,0.0008991169931006065,0.0,,,,,,,,,,,,,,,,,,,,,,,,,0.0,0.0,,,,,,,,,,,,,0.013956431736887352,0.0,0.006979669105600167,0.0,0.0008609819962011775,0.0,0.001298648929646691,0.0,0.0028857165404284433,2.0,,,,,0.025659476717313074,0.0,0.03787761392692721,0.0,0.899363479831002,0.0,0.0010170721395227232,0.0,0.000432892099488468,0.0,0.006789485923945858,0.0,0.0,0.0,0.0,0.0,0.0,0.0,0.0,,,,,,,,,,,,0.0,,,,,,,,,,,,,,,,,,,,,,,,,,,,,,,,,,,,,,,,,,,,,,,,,,,,,,,,,,,,,,,,,,,,,,,,,,,,,,,,,,,,,,,,,,,,,,,,,,,,,,,,,,,,,,,,,,,,,,,,,,0.0,,0.0,,,,,,,,,,,,,,0.0,,0.0,,,,,,,,,,,,0.0,,0.0,,0.0,,,,,,,,,,,,,,,,,,,,,,,,,,,,,,,,,,,,,,,,0,1,15,30
8,region_08,2022-09-10,,,,,,,,,,,,,,,0.00563764115795488,0.0,,,,,,,,,,,,,,,,,,,,,,,,,0.0,0.0,,,,,,,,,,,,,0.0,0.0,0.010202995668805625,0.0,0.000543465959102175,0.0,0.000543465959102175,0.0,0.0,0.0,,,,,0.021403280862917456,0.0,0.0741357341408729,0.0,0.8820529699325561,0.0,0.0019898787409496537,0.0,0.004261118220165316,0.0,0.0017047745359670483,0.0,0.0,0.0,0.00396131305800125,0.0,0.0,0.0,0.0,,,,,,,,,,,,0.0,,,,,,,,,,,,,,,,,,,,,,,,,,,,,,,,,,,,,,,,,,,,,,,,,,,,,,,,,,,,,,,,,,,,,,,,,,,,,,,,,,,,,,,,,,,,,,,,,,,,,,,,,,,,,,,,,,,,,,,,,,0.0,,0.0,,,,,,,,,,,,,,0.0,,0.0,,,,,,,,,,,,0.0,,0.0,,0.0,,,,,,,,,,,,,,,,,,,,,,,,,,,,,,,,,,,,,,,,0,0,16,31
8,region_08,2022-09-17,,,,,,,,,,,,,,,0.00049983814824368,0.0,,,,,,,,,,,,,,,,,,,,,,,,,0.0,0.0,,,,,,,,,,,,,0.003964974958028952,0.0,0.01094282950244599,0.0,0.0006615458424352871,0.0,0.007560250649769413,0.0,0.0,0.0,,,,,0.014947263584021542,0.0,0.04761280479530489,0.0,0.8959085479859383,0.0,0.004901277283871764,0.0,0.0,0.0,0.01136590967014907,0.0,0.0,0.0,0.0005979747026382209,0.0,0.0014391951456975934,0.0,0.0,,,,,,,,,,,,0.0,,,,,,,,,,,,,,,,,,,,,,,,,,,,,,,,,,,,,,,,,,,,,,,,,,,,,,,,,,,,,,,,,,,,,,,,,,,,,,,,,,,,,,,,,,,,,,,,,,,,,,,,,,,,,,,,,,,,,,,,,,0.0,,0.0,,,,,,,,,,,,,,0.0,,0.0,,,,,,,,,,,,0.0,,0.0,,0.0,,,,,,,,,,,,,,,,,,,,,,,,,,,,,,,,,,,,,,,,0,0,16,32
8,region_08,2022-09-24,,,,,,,,,,,,,,,0.0005116175860166401,0.0,,,,,,,,,,,,,,,,,,,,,,,,,0.0,0.0,,,,,,,,,,,,,0.0,0.0,0.007814694801345416,0.0,0.003930661378295239,0.0,0.00501372487439458,0.0,0.0,0.0,,,,,0.012347389633456813,0.0,0.07941864406069116,0.0,0.8330754061539968,0.0,0.002491994112330843,0.0,0.009457543939351987,0.0,0.020980266233285225,0.0,0.0,0.0,0.017249210116763856,0.0,0.004710599454119757,0.0,0.0,,,,,,,,,,,,0.0,,,,,,,,,,,,,,,,,,,,,,,,,,,,,,,,,,,,,,,,,,,,,,,,,,,,,,,,,,,,,,,,,,,,,,,,,,,,,,,,,,,,,,,,,,,,,,,,,,,,,,,,,,,,,,,,,,,,,,,,,,0.0,,0.0,,,,,,,,,,,,,,0.0,,0.0,,,,,,,,,,,,0.0,,0.0,,0.0,,,,,,,,,,,,,,,,,,,,,,,,,,,,,,,,,,,,,,,,0,0,16,33
8,region_08,2022-10-01,,,,,,,,,,,,,,,0.0,0.0,,,,,,,,,,,,,,,,,,,,,,,,,0.0,0.0,,,,,,,,,,,,,0.0008077463070447667,0.0,0.00577779099586657,0.0,0.0,0.0,0.008170304561240758,0.0,0.004878872692392255,0.0,,,,,0.005799907357431891,0.0,0.05561124667525288,0.0,0.8800607132060188,0.0,0.005797267583797514,0.0,0.007923651523888065,0.0,0.014922210577361488,0.0,0.0,0.0,0.00800208954525914,0.0,0.004846498436693593,0.0,0.0,,,,,,,,,,,,0.0,,,,,,,,,,,,,,,,,,,,,,,,,,,,,,,,,,,,,,,,,,,,,,,,,,,,,,,,,,,,,,,,,,,,,,,,,,,,,,,,,,,,,,,,,,,,,,,,,,,,,,,,,,,,,,,,,,,,,,,,,,0.00064558840676905,2.0,0.0,,,,,,,,,,,,,,0.0,,0.0,,,,,,,,,,,,0.0,,0.0,,0.0,,,,,,,,,,,,,,,,,,,,,,,,,,,,,,,,,,,,,,,,0,1,16,34
8,region_08,2022-10-08,,,,,,,,,,,,,,,0.0005796124072123999,0.0,,,,,,,,,,,,,,,,,,,,,,,,,0.0,0.0,,,,,,,,,,,,,0.0,0.0,0.004980994578174918,0.0,0.0,0.0,0.007590579783676932,0.0,0.008054163462171922,0.0,,,,,0.014657135052537426,0.0,0.09791504442691798,0.0,0.8090910634824208,0.0,0.01599787441747525,0.0,0.009445818476378876,0.0,0.020134317222982593,0.0,0.007864253738751745,0.0,0.0073975069681182035,0.0,0.004698486516385153,0.0,0.0,,,,,,,,,,,,0.0,,,,,,,,,,,,,,,,,,,,,,,,,,,,,,,,,,,,,,,,,,,,,,,,,,,,,,,,,,,,,,,,,,,,,,,,,,,,,,,,,,,,,,,,,,,,,,,,,,,,,,,,,,,,,,,,,,,,,,,,,,0.0010247977722125374,0.0,0.0,,,,,,,,,,,,,,0.0,,0.0,,,,,,,,,,,,0.0,,0.0,,0.0,,,,,,,,,,,,,,,,,,,,,,,,,,,,,,,,,,,,,,,,0,0,17,35
8,region_08,2022-10-15,,,,,,,,,,,,,,,0.00062894228612998,0.0,,,,,,,,,,,,,,,,,,,,,,,,,0.0,0.0,,,,,,,,,,,,,0.0,0.0,0.016642721128408505,0.0,0.0,0.0,0.014844961395418152,0.0,0.0,0.0,,,,,0.013699696882179445,0.0,0.0904436897900369,0.0,0.699044060248595,0.0,0.012393077145572015,0.0,0.0034010442951693596,0.0,0.032681300684257744,0.0,0.012401694181160237,0.0,0.06658891105541473,0.0,0.035062057000619345,0.0,0.0,,,,,,,,,,,,0.0,,,,,,,,,,,,,,,,,,,,,,,,,,,,,,,,,,,,,,,,,,,,,,,,,,,,,,,,,,,,,,,,,,,,,,,,,,,,,,,,,,,,,,,,,,,,,,,,,,,,,,,,,,,,,,,,,,,,,,,,,,0.0010862156026026084,0.0,0.0,,,,,,,,,,,,,,0.0,,0.0,,,,,,,,,,,,0.0,,0.0,,0.0,,,,,,,,,,,,,,,,,,,,,,,,,,,,,,,,,,,,,,,,0,0,17,36
8,region_08,2022-10-22,,,,,,,,,,,,,,,0.00249353195540604,0.0,,,,,,,,,,,,,,,,,,,,,,,,,0.0,0.0,,,,,,,,,,,,,0.0,0.0,0.02437496436043423,0.0,0.0,0.0,0.01992189139127727,0.0,0.008636889065830704,0.0,,,,,0.0023923353963674347,0.0,0.05110649055299846,0.0,0.6848951532290533,0.0,0.03264409224860938,0.0,0.006640431452542503,0.0,0.05368397255306654,0.0,0.000597570061217948,0.0,0.04350896288330352,0.0,0.06140356252972893,0.0,0.0,,,,,,,,,,,,0.0,,,,,,,,,,,,,,,,,,,,,,,,,,,,,,,,,,,,,,,,,,,,,,,,,,,,,,,,,,,,,,,,,,,,,,,,,,,,,,,,,,,,,,,,,,,,,,,,,,,,,,,,,,,,,,,,,,,,,,,,,,0.01010517962276933,0.0,0.0,,,,,,,,,,,,,,0.0,,0.0,,,,,,,,,,,,0.0,,0.0,,0.0,,,,,,,,,,,,,,,,,,,,,,,,,,,,,,,,,,,,,,,,0,0,17,37
8,region_08,2022-10-29,,,,,,,,,,,,,,,0.00037463089684021996,0.0,,,,,,,,,,,,,,,,,,,,,,,,,0.0,0.0,,,,,,,,,,,,,0.0,0.0,0.018934982307255214,0.0,0.0,0.0,0.006723056621849488,0.0,0.007516785692423532,0.0,,,,,0.013846602179109999,0.0,0.04573673506577805,0.0,0.6493967150648435,0.0,0.025137909613549655,0.0,0.0046774302795529,0.0,0.06288729592536883,0.0,0.020836949869990306,0.0,0.0694772111518042,0.0,0.06230624128753936,0.0,0.0,,,,,,,,,,,,0.0,,,,,,,,,,,,,,,,,,,,,,,,,,,,,,,,,,,,,,,,,,,,,,,,,,,,,,,,,,,,,,,,,,,,,,,,,,,,,,,,,,,,,,,,,,,,,,,,,,,,,,,,,,,,,,,,,,,,,,,,,,0.0070394637490001286,0.0,0.0,,,,,,,,,,,,,,0.0,,0.0,,,,,,,,,,,,0.0,,0.0,,0.0,,,,,,,,,,,,,,,,,,,,,,,,,,,,,,,,,,,,,,,,0,0,17,38
8,region_08,2022-11-05,,,,,,,,,,,,,,,0.0004839980477602417,0.0,,,,,,,,,,,,,,,,,,,,,,,,,0.00036701353130168257,0.0,,,,,,,,,,,,,0.0,0.0,0.004320061726806009,0.0,0.0,0.0,0.01838512148242438,0.0,0.00865392472284532,0.0,,,,,0.002379444068840967,0.0,0.0653943438082933,0.0,0.5397335588932037,0.0,0.031091159209608997,0.0,0.013483028703679588,0.0,0.053147048223763656,0.0,0.01640696039733783,0.0,0.11704569465170299,0.0,0.1348750699932376,0.0,0.0,,,,,,,,,,,,0.0,,,,,,,,,,,,,,,,,,,,,,,,,,,,,,,,,,,,,,,,,,,,,,,,,,,,,,,,,,,,,,,,,,,,,,,,,,,,,,,,,,,,,,,,,,,,,,,,,,,,,,,,,,,,,,,,,,,,,,,,,,0.008939557231011913,0.0,0.0,,,,,,,,,,,,,,0.0,,0.0,,,,,,,,,,,,0.0,,0.0,,0.0,,,,,,,,,,,,,,,,,,,,,,,,,,,,,,,,,,,,,,,,0,0,17,39
8,region_08,2022-11-12,,,,,,,,,,,,,,,0.00025657136575314,0.0,,,,,,,,,,,,,,,,,,,,,,,,,0.0,0.0,,,,,,,,,,,,,0.0,0.0,0.004033262461788257,0.0,0.0,0.0,0.009580579689807306,0.0,0.0006392035562463479,0.0,,,,,0.0017318319296463825,0.0,0.041447955143192494,0.0,0.4846938472727071,0.0,0.015241704757014854,0.0,0.006302959123707286,0.0,0.0571258127689361,0.0,0.008522269579217435,0.0,0.14971229628376334,0.0,0.20898965065893915,0.0,0.0,,,,,,,,,,,,0.0,,,,,,,,,,,,,,,,,,,,,,,,,,,,,,,,,,,,,,,,,,,,,,,,,,,,,,,,,,,,,,,,,,,,,,,,,,,,,,,,,,,,,,,,,,,,,,,,,,,,,,,,,,,,,,,,,,,,,,,,,,0.011958649098549146,0.0,0.0,,,,,,,,,,,,,,0.0003277272519066737,1.0,0.0,,,,,,,,,,,,0.0,,0.0,,0.0,,,,,,,,,,,,,,,,,,,,,,,,,,,,,,,,,,,,,,,,1,0,17,0
8,region_08,2022-11-19,,,,,,,,,,,,,,,0.0,0.0,,,,,,,,,,,,,,,,,,,,,,,,,0.0,0.0,,,,,,,,,,,,,0.0,0.0,0.017052006700800478,0.0,0.0,0.0,0.004534825280478,0.0,0.0007928834370844909,0.0,,,,,0.0008712199765299318,0.0,0.03994202073663468,0.0,0.3916462632742795,0.0,0.030213979242200165,0.0,0.005038026000627023,0.0,0.05726095661520954,0.0,0.01788368893109933,0.0,0.20262947678565976,0.0,0.21667009185660965,0.0,0.0008859631295004934,2.0,,,,,,,,,,,0.0,,,,,,,,,,,,,,,,,,,,,,,,,,,,,,,,,,,,,,,,,,,,,,,,,,,,,,,,,,,,,,,,,,,,,,,,,,,,,,,,,,,,,,,,,,,,,,,,,,,,,,,,,,,,,,,,,,,,,,,,,,0.011176242577758668,0.0,0.0,,,,,,,,,,,,,,0.0,0.0,0.0,,,,,,,,,,,,0.0,,0.0,,0.0,,,,,,,,,,,,,,,,,,,,,,,,,,,,,,,,,,,,,,,,0,1,18,1
8,region_08,2022-11-26,,,,,,,,,,,,,,,0.00042172392602960476,0.0,,,,,,,,,,,,,,,,,,,,,,,,,0.0,0.0,,,,,,,,,,,,,0.0,0.0,0.005142108492907972,0.0,0.0,0.0,0.0018996433022298524,0.0,0.0,0.0,,,,,0.00034803016682239524,0.0,0.02683602725820878,0.0,0.3470320055882136,0.0,0.020161247413073218,0.0,0.005593451804348348,0.0,0.0505415436468626,0.0,0.017453309148549968,0.0,0.19377958348819183,0.0,0.297368620123182,0.0,0.0013072216650470733,0.0,,,,,,,,,,,0.0,,,,,,,,,,,,,,,,,,,,,,,,,,,,,,,,,,,,,,,,,,,,,,,,,,,,,,,,,,,,,,,,,,,,,,,,,,,,,,,,,,,,,,,,,,,,,,,,,,,,,,,,,,,,,,,,,,,,,,,,,,0.02481756696388829,0.0,0.0,,,,,,,,,,,,,,0.0,0.0,0.0,,,,,,,,,,,,0.0,,0.0,,0.0,,,,,,,,,,,,,,,,,,,,,,,,,,,,,,,,,,,,,,,,0,0,19,2
8,region_08,2022-12-03,,,,,,,,,,,,,,,0.00028565547545436,0.0,,,,,,,,,,,,,,,,,,,,,,,,,0.0,0.0,,,,,,,,,,,,,0.000984364880423465,0.0,0.00630537965334946,0.0,0.0,0.0,0.004081484058406145,0.0,0.0006638328239204851,0.0,,,,,0.000383873238752075,0.0,0.014915250474587036,0.0,0.31624030768871303,0.0,0.04175963606685395,0.0,0.011447247862815809,0.0,0.03593493703948819,0.0,0.03878203071653839,0.0,0.199105629324913,0.0,0.286339795589447,0.0,0.00108604712877416,0.0,,,,,,,,,,,0.0,,,,,,,,,,,,,,,,,,,,,,,,,,,,,,,,,,,,,,,,,,,,,,,,,,,,,,,,,,,,,,,,,,,,,,,,,,,,,,,,,,,,,,,,,,,,,,,,,,,,,,,,,,,,,,,,,,,,,,,,,,0.040465027000755036,0.0,0.0,,,,,,,,,,,,,,0.0006779700542162421,0.0,0.0,,,,,,,,,,,,0.0,,0.0,,0.0,,,,,,,,,,,,,,,,,,,,,,,,,,,,,,,,,,,,,,,,0,0,19,3
8,region_08,2022-12-10,,,,,,,,,,,,,,,0.00034758149413388,0.0,,,,,,,,,,,,,,,,,,,,,,,,,0.0005040072612341421,0.0,,,,,,,,,,,,,0.0,0.0,0.007954920727857584,0.0,0.0,0.0,0.010133196771340879,0.0,0.0010080145224683264,0.0,,,,,0.00039662843019780907,0.0,0.003664106657532437,0.0,0.2927315440028906,0.0,0.03074259252140392,0.0,0.0019421905928634,0.0,0.039848737026515715,0.0,0.014606290938038531,0.0,0.28274486064910886,0.0,0.26028560337267426,0.0,0.012615445318321334,0.0,,,,,,,,,,,0.0,,,,,,,,,,,,,,,,,,,,,,,,,,,,,,,,,,,,,,,,,,,,,,,,,,,,,,,,,,,,,,,,,,,,,,,,,,,,,,,,,,,,,,,,,,,,,,,,,,,,,,,,,,,,,,,,,,,,,,,,,,0.03789967646528227,0.0,0.0,,,,,,,,,,,,,,0.00956185514989647,0.0,0.0,,,,,,,,,,,,0.0,,0.0,,0.0,,,,,,,,,,,,,,,,,,,,,,,,,,,,,,,,,,,,,,,,0,0,19,4
8,region_08,2022-12-17,,,,,,,,,,,,,,,0.0,0.0,,,,,,,,,,,,,,,,,,,,,,,,,0.0,0.0,,,,,,,,,,,,,0.0004699706138732,0.0,0.014354626699868133,0.0,0.0,0.0,0.0026271179538323165,0.0,0.0004699706138732,0.0,,,,,0.0,0.0,0.002823816327792011,0.0,0.20812489705927228,0.0,0.013885786653392794,0.0,0.01114911467043885,0.0,0.08636329343749413,0.0,0.017527247209929712,0.0,0.252023132784026,0.0,0.3513005624214808,0.0,0.009046152792870946,0.0,,,,,,,,,,,0.0,,,,,,,,,,,,,,,,,,,,,,,,,,,,,,,,,,,,,,,,,,,,,,,,,,,,,,,,,,,,,,,,,,,,,,,,,,,,,,,,,,,,,,,,,,,,,,,,,,,,,,,,,,,,,,,,,,,,,,,,,,0.01769921995906361,0.0,0.0,,,,,,,,,,,,,,0.011105368224283011,0.0,0.0,,,,,,,,,,,,0.0,,0.0,,0.0,,,,,,,,,,,,,,,,,,,,,,,,,,,,,,,,,,,,,,,,0,0,19,5
8,region_08,2022-12-24,,,,,,,,,,,,,,,0.00045958274276922004,0.0,,,,,,,,,,,,,,,,,,,,,,,,,0.0,0.0,,,,,,,,,,,,,0.0,0.0,0.028058796354076383,0.0,0.0,0.0,0.011258769232560552,0.0,0.0007290756946209941,0.0,,,,,0.0,0.0,0.0012995839968103942,0.0,0.18071436005480143,0.0,0.0015542619957533354,0.0,0.012975221061531194,0.0,0.02610877561656863,0.0,0.03898855999988664,0.0,0.19384302198886866,0.0,0.4459592805189245,0.0,0.0011869161933039001,0.0,,,,,,,,,,,0.0,,,,,,,,,,,,,,,,,,,,,,,,,,,,,,,,,,,,,,,,,,,,,,,,,,,,,,,,,,,,,,,,,,,,,,,,,,,,,,,,,,,,,,,,,,,,,,,,,,,,,,,,,,,,,,,,,,,,,,,,,,0.03932399954646822,0.0,0.0,,,,,,,,,,,,,,0.02401509190745208,0.0,0.0,,,,,,,,,,,,0.0,,0.0,,0.0,,,,,,,,,,,,,,,,,,,,,,,,,,,,,,,,,,,,,,,,0,0,19,6
8,region_08,2022-12-31,,,,,,,,,,,,,,,0.0,0.0,,,,,,,,,,,,,,,,,,,,,,,,,0.0,0.0,,,,,,,,,,,,,0.0,0.0,0.0162121497560292,0.0,0.0,0.0,0.01449297741055485,0.0,0.0,0.0,,,,,0.0,0.0,0.0024638464528834,0.0,0.17007425771309775,0.0,0.008477256465994232,0.0,0.0015666627441532374,0.0,0.046343594556674306,0.0,0.03132980165537442,0.0,0.2199349999427795,0.0,0.4040670674294233,0.0,0.017217429106434146,0.0,,,,,,,,,,,0.003806643304415,2.0,,,,,,,,,,,,,,,,,,,,,,,,,,,,,,,,,,,,,,,,,,,,,,,,,,,,,,,,,,,,,,,,,,,,,,,,,,,,,,,,,,,,,,,,,,,,,,,,,,,,,,,,,,,,,,,,,,,,,,,,,0.01754623960005115,0.0,0.0,,,,,,,,,,,,,,0.04988887230865653,0.0,0.0,,,,,,,,,,,,0.0,,0.0,,0.0,,,,,,,,,,,,,,,,,,,,,,,,,,,,,,,,,,,,,,,,0,1,19,7
8,region_08,2023-01-07,,,,,,,,,,,,,,,0.0,0.0,,,,,,,,,,,,,,,,,,,,,,,,,0.0,0.0,,,,,,,,,,,,,0.0,0.0,0.01117143239825958,0.0,0.0,0.0,0.0,0.0,0.0,0.0,,,,,0.0,0.0,0.012351805530488433,0.0,0.11437847564617788,0.0,0.00500968142878258,0.0,0.008914807611810278,0.0,0.026999936873714082,0.0,0.03160981585582092,0.0,0.24194852893169105,0.0,0.4164240087072055,0.0,0.01733346258600548,0.0,,,,,,,,,,,0.000778627116233025,0.0,,,,,,,,,,,,,,,,,,,,,,,,,,,,,,,,,,,,,,,,,,,,,,,,,,,,,,,,,,,,,,,,,,,,,,,,,,,,,,,,,,,,,,,,,,,,,,,,,,,,,,,,,,,,,,,,,,,,,,,,,0.0346354390184084,0.0,0.0,,,,,,,,,,,,,,0.08042177451508382,0.0,0.0,,,,,,,,,,,,0.0,,0.0,,0.0,,,,,,,,,,,,,,,,,,,,,,,,,,,,,,,,,,,,,,,,0,0,20,8
8,region_08,2023-01-14,,,,,,,,,,,,,,,0.0,0.0,,,,,,,,,,,,,,,,,,,,,,,,,0.0,0.0,,,,,,,,,,,,,0.0,0.0,0.016255854882977164,0.0,0.0011225454342950214,0.0,0.0013157651659899,0.0,0.0,0.0,,,,,0.0,0.0,0.013071440908658671,0.0,0.12227453131760865,0.0,0.002438310600284964,0.0,0.0013157651659899,0.0,0.009911062595035294,0.0,0.0619387685188225,0.0,0.16784664119283355,0.0,0.3464212516943614,0.0,0.002438310600284964,0.0,,,,,,,,,,,0.001143425499321825,0.0,,,,,,,,,,,,,,,,,,,,,,,,,,,,,,,,,,,,,,,,,,,,,,,,,,,,,,,,,,,,,,,,,,,,,,,,,,,,,,,,,,,,,,,,,,,,,,,,,,,,,,,,,,,,,,,,,,,,,,,,,0.03450999874621624,0.0,0.0,,,,,,,,,,,,,,0.22635286425550774,0.0,0.0,,,,,,,,,,,,0.0,,0.0,,0.0,,,,,,,,,,,,,,,,,,,,,,,,,,,,,,,,,,,,,,,,0,0,20,9
8,region_08,2023-01-21,,,,,,,,,,,,,,,0.0,0.0,,,,,,,,,,,,,,,,,,,,,,,,,0.0,0.0,,,,,,,,,,,,,0.0,0.0,0.025591368007903438,0.0,0.0,0.0,0.010768958797248446,0.0,0.0,0.0,,,,,0.0,0.0,0.002330049460467177,0.0,0.0735644325613975,0.0,0.0,0.0,0.0,0.0,0.004361958457873369,0.0,0.03802627210433661,0.0,0.13937138020992276,0.0,0.28752146088159997,0.0,0.02403331189774545,0.0,,,,,,,,,,,0.001054246007697575,0.0,,,,,,,,,,,,,,,,,,,,,,,,,,,,,,,,,,,,,,,,,,,,,,,,,,,,,,,,,,,,,,,,,,,,,,,,,,,,,,,,,,,,,,,,,,,,,,,,,,,,,,,,,,,,,,,,,,,,,,,,,0.03940600113799933,0.0,0.0,,,,,,,,,,,,,,0.36114391684532166,0.0,0.0,,,,,,,,,,,,0.0,,0.0,,0.0,,,,,,,,,,,,,,,,,,,,,,,,,,,,,,,,,,,,,,,,0,0,20,10
8,region_08,2023-01-28,,,,,,,,,,,,,,,0.0,0.0,,,,,,,,,,,,,,,,,,,,,,,,,0.0,0.0,,,,,,,,,,,,,0.0,0.0,0.023584681330248675,0.0,0.0,0.0,0.0,0.0,0.0019363049941602667,0.0,,,,,0.0,0.0,0.0,0.0,0.045884633902460274,0.0,0.0007982668919591666,0.0,0.0,0.0,0.011057083883012284,0.0,0.02159488589192425,0.0,0.09854279235005375,0.0,0.2733858376741409,0.0,0.001566852666049533,0.0,,,,,,,,,,,0.005386198055930375,0.0,,,,,,,,,,,,,,,,,,,,,,,,,,,,,,,,,,,,,,,,,,,,,,,,,,,,,,,,,,,,,,,,,,,,,,,,,,,,,,,,,,,,,,,,,,,,,,,,,,,,,,,,,,,,,,,,,,,,,,,,,0.03219531166056788,0.0,0.0,,,,,,,,,,,,,,0.48448834906924854,0.0,0.0051979343083479665,2.0,,,,,,,,,,,0.0009000784567822714,2.0,0.0,,0.0,,,,,,,,,,,,,,,,,,,,,,,,,,,,,,,,,,,,,,,,0,2,20,11
8,region_08,2023-02-04,,,,,,,,,,,,,,,0.0,0.0,,,,,,,,,,,,,,,,,,,,,,,,,0.0,0.0,,,,,,,,,,,,,0.0,0.0,0.03643244157799259,0.0,0.0,0.0,0.0,0.0,0.0011480308338914637,0.0,,,,,0.0,0.0,0.0007241149109580889,0.0,0.0304583321240815,0.0,0.0,0.0,0.0,0.0,0.001672683103772,0.0,0.0,0.0,0.06869163906032384,0.0,0.17839938253164286,0.0,0.005553763021122291,0.0,,,,,,,,,,,0.01244331058114765,0.0,,,,,,,,,,,,,,,,,,,,,,,,,,,,,,,,,,,,,,,,,,,,,,,,,,,,,,,,,,,,,,,,,,,,,,,,,,,,,,,,,,,,,,,,,,,,,,,,,,,,,,,,,,,,,,,,,,,,,,,,,0.02904791410335081,0.0,0.0,,,,,,,,,,,,,,0.624934044751254,0.0,0.0,0.0,,,,,,,,,,,0.015534343464033915,0.0,0.0,,0.0,,,,,,,,,,,,,,,,,,,,,,,,,,,,,,,,,,,,,,,,0,0,22,12
8,region_08,2023-02-11,,,,,,,,,,,,,,,0.00050763550680126,0.0,,,,,,,,,,,,,,,,,,,,,,,,,0.0,0.0,,,,,,,,,,,,,0.0,0.0,0.02945491354912517,0.0,0.0,0.0,0.0,0.0,0.00071547012194054,0.0,,,,,0.0,0.0,0.0,0.0,0.0108702728990465,0.0,0.00842446419410402,0.0,0.0,0.0,0.0048228562576695805,0.0,0.0117951448075473,0.0,0.04016280733048911,0.0,0.16201521009206768,0.0,0.02296383250504727,0.0,,,,,,,,,,,0.0095181656070053,0.0,,,,,,,,,,,,,,,,,,,,,,,,,,,,,,,,,,,,,,,,,,,,,,,,,,,,,,,,,,,,,,,,,,,,,,,,,,,,,,,,,,,,,,,,,,,,,,,,,,,,,,,,,,,,,,,,,,,,,,,,,0.020823161210864728,0.0,0.0,,,,,,,,,,,,,,0.6639330506324768,0.0,0.0026607591814050554,0.0,,,,,,,,,,,0.024112891139728625,0.0,0.005699439789168475,2.0,0.0,,,,,,,,,,,,,,,,,,,,,,,,,,,,,,,,,,,,,,,,0,1,22,13
8,region_08,2023-02-18,,,,,,,,,,,,,,,0.0,0.0,,,,,,,,,,,,,,,,,,,,,,,,,0.0,0.0,,,,,,,,,,,,,0.0,0.0,0.040970062345473256,0.0,0.0,0.0,0.0006961110177345889,0.0,0.0,0.0,,,,,0.0,0.0,0.0,0.0,0.022373508455024775,0.0,0.00342850817833095,0.0,0.0,0.0,0.0005397313507273334,0.0,0.0005397313507273334,0.0,0.020591527430547565,0.0,0.1037426317731539,0.0,0.016176819283929077,0.0,,,,,,,,,,,0.01391218719072635,0.0,,,,,,,,,,,,,,,,,,,,,,,,,,,,,,,,,,,,,,,,,,,,,,,,,,,,,,,,,,,,,,,,,,,,,,,,,,,,,,,,,,,,,,,,,,,,,,,,,,,,,,,,,,,,,,,,,,,,,,,,,0.041508036044736664,0.0,0.0,,,,,,,,,,,,,,0.7238570948441824,0.0,0.001931953347391511,0.0,,,,,,,,,,,0.022581306951386527,0.0,0.0,0.0,0.0,,,,,,,,,,,,,,,,,,,,,,,,,,,,,,,,,,,,,,,,0,0,23,14
8,region_08,2023-02-25,,,,,,,,,,,,,,,0.0,0.0,,,,,,,,,,,,,,,,,,,,,,,,,0.0,0.0,,,,,,,,,,,,,0.0,0.0,0.03631493306602346,0.0,0.0,0.0,0.0,0.0,0.0,0.0,,,,,0.0,0.0,0.0,0.0,0.0031075319275259503,0.0,0.0,0.0,0.0,0.0,0.0,0.0,0.0012445959728210625,0.0,0.02142545836977655,0.0,0.07144526924405777,0.0,0.0037337879184632878,0.0,,,,,,,,,,,0.0037100397748872,0.0,,,,,,,,,,,,,,,,,,,,,,,,,,,,,,,,,,,,,,,,,,,,,,,,,,,,,,,,,,,,,,,,,,,,,,,,,,,,,,,,,,,,,,,,,,,,,,,,,,,,,,,,,,,,,,,,,,,,,,,,,0.04976968257687981,0.0,0.0,,,,,,,,,,,,,,0.8028332591056824,0.0,0.0037337879184632878,0.0,,,,,,,,,,,0.006192321223872014,0.0,0.0,0.0,0.0012338228989392,2.0,,,,,,,,,,,,,,,,,,,,,,,,,,,,,,,,,,,,,,,0,1,23,15
8,region_08,2023-03-04,,,,,,,,,,,,,,,0.0,0.0,,,,,,,,,,,,,,,,,,,,,,,,,0.0,0.0,,,,,,,,,,,,,0.0,0.0,0.024528325801449098,0.0,0.0,0.0,0.006339821498841,0.0,0.0,0.0,,,,,0.0,0.0,0.0,0.0,0.0,0.0,0.0,0.0,0.0,0.0,0.0,0.0,0.007414729800075228,0.0,0.008710804927561915,0.0,0.03174243867397304,0.0,0.010603017173707414,0.0,,,,,,,,,,,0.006872622412629375,0.0,,,,,,,,,,,,,,,,,,,,,,,,,,,,,,,,,,,,,,,,,,,,,,,,,,,,,,,,,,,,,,,,,,,,,,,,,,,,,,,,,,,,,,,,,,,,,,,,,,,,,,,,,,,,,,,,,,,,,,,,,0.026379964846585443,0.0,0.0,,,,,,,,,,,,,,0.8553930719693502,0.0,0.008854974460388871,0.0,,,,,,,,,,,0.008710804927561915,0.0,0.0,0.0,0.0,0.0,,,,,,,,,,,,,,,,,,,,,,,,,,,,,,,,,,,,,,,0,0,24,16
8,region_08,2023-03-11,,,,,,,,,,,,,,,0.0,0.0,,,,,,,,,,,,,,,,,,,,,,,,,0.0,0.0,,,,,,,,,,,,,0.0,0.0,0.009107605554163433,0.0,0.0,0.0,0.0,0.0,0.0,0.0,,,,,0.0,0.0,0.0,0.0,0.0,0.0,0.0,0.0,0.0,0.0,0.0,0.0,0.0,0.0,0.014610333368182134,0.0,0.06182592672606304,0.0,0.0,0.0,,,,,,,,,,,0.01154654892161485,0.0,,,,,,,,,,,,,,,,,,,,,,,,,,,,,,,,,,,,,,,,,,,,,,,,,,,,,,,,,,,,,,,,,,,,,,,,,,,,,,,,,,,,,,,,,,,,,,,,,,,,,,,,,,,,,,,,,,,,,,,,,0.00923723913729188,0.0,0.0,,,,,,,,,,,,,,0.8913630346457163,0.0,0.012251502058158283,0.0,,,,,,,,,,,0.0,0.0,0.0,0.0,0.0,0.0,,,,,,,,,,,,,,,,,,,,,,,,,,,,,,,,,,,,,,,0,0,24,17
8,region_08,2023-03-18,,,,,,,,,,,,,,,0.0,0.0,,,,,,,,,,,,,,,,,,,,,,,,,0.0,0.0,,,,,,,,,,,,,0.0,0.0,0.011422442505136101,0.0,0.0,0.0,0.0,0.0,0.0,0.0,,,,,0.0,0.0,0.0,0.0,0.0022844884661026,0.0,0.0,0.0,0.0,0.0,0.0,0.0,0.0,0.0,0.01247989125549788,0.0,0.03242399320006366,0.0,0.0,0.0,,,,,,,,,,,0.0022844884661026,0.0,,,,,,,,,,,,,,,,,,,,,,,,,,,,,,,,,,,,,,,,,,,,,,,,,,,,,,,,,,,,,,,,,,,,,,,,,,,,,,,,,,,,,,,,,,,,,,,,,,,,,,,,,,,,,,,,,,,,,,,,,0.020764495059847798,0.0,0.0022844884661026,2.0,,,,,,,,,,,,,0.8831660548845927,0.0,0.01109156580641862,0.0,,,,,,,,,,,0.01055282782763238,0.0,0.0,0.0,0.0,0.0,,,,,,,,,,,,,,,,,,,,,,,,,,,,,,,,,,,,,,,0,1,24,18
8,region_08,2023-03-25,,,,,,,,,,,,,,,0.0,0.0,,,,,,,,,,,,,,,,,,,,,,,,,0.0,0.0,,,,,,,,,,,,,0.0,0.0,0.0029567357851192,0.0,0.0,0.0,0.0,0.0,0.0,0.0,,,,,0.0,0.0,0.0,0.0,0.005913471570238425,0.0,0.0,0.0,0.0,0.0,0.01605653110891575,0.0,0.0,0.0,0.016677723033353624,0.0,0.0341266258619725,0.0,0.0,0.0,,,,,,,,,,,0.0118269431404769,0.0,,,,,,,,,,,,,,,,,,,,,,,,,,,,,,,,,,,,,,,,,,,,,,,,,,,,,,,,,,,,,,,,,,,,,,,,,,,,,,,,,,,,,,,,,,,,,,,,,,,,,,,,,,,,,,,,,,,,,,,,,0.0171347237192094,0.0,0.0171347237192094,0.0,,,,,,,,,,,,,0.7915979623794556,0.0,0.0207594167441129,0.0,,,,,,,,,,,0.06625011563301082,0.0,0.002416462016602333,0.0,0.0,0.0,,,,,,,,,,,,,,,,,,,,,,,,,,,,,,,,,,,,,,,0,0,25,19
8,region_08,2023-04-01,,,,,,,,,,,,,,,0.0,0.0,,,,,,,,,,,,,,,,,,,,,,,,,0.0,0.0,,,,,,,,,,,,,0.0,0.0,0.0062407927277187,0.0,0.0,0.0,0.0,0.0,0.0,0.0,,,,,0.0,0.0,0.0,0.0,0.0,0.0,0.0,0.0,0.0,0.0,0.0,0.0,0.0,0.0,0.0,0.0,0.0062407927277187,0.0,0.0,0.0,,,,,,,,,,,0.003120396363859333,0.0,,,,,,,,,,,,,,,,,,,,,,,,,,,,,,,,,,,,,,,,,,,,,,,,,,,,,,,,,,,,,,,,,,,,,,,,,,,,,,,,,,,,,,,,,,,,,,,,,,,,,,,,,,,,,,,,,,,,,,,,,0.0165662343303362,0.0,0.0,0.0,,,,,,,,,,,,,0.8789239227771759,0.0,0.014319806359708233,0.0,,,,,,,,,,,0.05667055025696747,0.0,0.016545901851107634,0.0,0.002621904714033,0.0,,,,,,,,,,,,,,,,,,,,,,,,,,,,,,,,,,,,,,,0,0,25,20
8,region_08,2023-04-08,,,,,,,,,,,,,,,0.00184396980330345,0.0,,,,,,,,,,,,,,,,,,,,,,,,,0.0,0.0,,,,,,,,,,,,,0.0,0.0,0.01860253978520625,0.0,0.0,0.0,0.0,0.0,0.0,0.0,,,,,0.0,0.0,0.0,0.0,0.0,0.0,0.0,0.0,0.0,0.0,0.0,0.0,0.00184396980330345,0.0,0.0,0.0,0.00184396980330345,0.0,0.0,0.0,,,,,,,,,,,0.011172380298376049,0.0,,,,,,,,,,,,,,,,,,,,,,,,,,,,,,,,,,,,,,,,,,,,,,,,,,,,,,,,,,,,,,,,,,,,,,,,,,,,,,,,,,,,,,,,,,,,,,,,,,,,,,,,,,,,,,,,,,,,,,,,,0.03720507957041255,0.0,0.007430159952491499,0.0,,,,,,,,,,,,,0.8521288335323334,0.0,0.007430159952491499,0.0,,,,,,,,,,,0.02787666954100125,0.0,0.032622287049889495,0.0,0.0,0.0,,,,,,,,,,,,,,,,,,,,,,,,,,,,,,,,,,,,,,,0,0,25,21
8,region_08,2023-04-15,,,,,,,,,,,,,,,0.0010073658512820055,0.0,,,,,,,,,,,,,,,,,,,,,,,,,0.0,0.0,,,,,,,,,,,,,0.0,0.0,0.006255994881079904,0.0,0.0,0.0,0.0,0.0,0.0,0.0,0.0,,,,0.0,0.0,0.0,0.0,0.0,0.0,0.0,0.0,0.0,0.0,0.0,0.0,0.0010073658512820055,0.0,0.0,0.0,0.014486554315821642,0.0,0.0,0.0,0.009892931737590024,1.0,0.0,,0.0,,0.004443360613479881,2.0,0.0,,0.006013884890655174,0.0,0.0,,0.0,,0.0,,0.0,,0.0,,0.0,,0.0,,0.0,,0.0,,0.0,,0.0,,0.0,,0.0,,0.0,,0.0,,0.0,,0.0,,0.0,,0.0,,0.0,,0.0,,0.0,,0.0,,0.0,,0.0,,0.0,,0.0,,0.0,,0.0,,0.0,,0.0,,0.0,,0.0,,0.0,,0.0,,0.0,,0.0,,0.0,,0.0,,0.0,,0.0,,0.0,,0.0,,0.0,,0.0,,0.0,,0.0,,0.0,,0.0,,0.0,,0.0,,,,,,,,0.0,,,,,,,,,,,,0.020931026204065794,0.0,0.009511500749398313,0.0,0.0,,0.0,,0.0,,0.0,,0.0,,0.0,,0.836099258336154,0.0,0.015619179555638218,0.0,0.010267719907580635,2.0,0.0,,0.011299350567591829,2.0,0.0,,0.0,,0.02688623534684827,0.0,0.012313831072639286,0.0,0.01591598899527025,0.0,0.0,,0.0,,0.0,,0.0,,0.0,,0.0,,0.0,,0.0,,0.0,,,,,,,,,,,,,,,,,,,,,,1,3,25,0
8,region_08,2023-04-22,,,,,,,,,,,,,,,0.0005036829256410027,0.0,,,,,,,,,,,,,,,,,,,,,,,,,0.0,0.0,,,,,,,,,,,,,0.0,0.0,0.004836818180870062,0.0,0.0,0.0,0.0,0.0,0.0,0.0,0.0,,,,0.0,0.0,0.0,0.0,0.0,0.0,0.0,0.0,0.0,0.0,0.0,0.0,0.0005036829256410027,0.0,0.0,0.0,0.008097687528075864,0.0,0.0,0.0,0.012959559165014305,0.0,0.0,,0.0,,0.006207919301232278,0.0,0.0,,0.007687588472558947,0.0,0.0,,0.0,,0.0,,0.0,,0.0,,0.0,,0.0,,0.0,,0.0,,0.0,,0.0,,0.0,,0.0,,0.0,,0.0,,0.0,,0.0,,0.0,,0.0,,0.0,,0.0,,0.0,,0.0,,0.0,,0.0,,0.0,,0.0,,0.0,,0.0,,0.0,,0.0,,0.0,,0.0,,0.0,,0.0,,0.0,,0.0,,0.0,,0.0,,0.0,,0.0,,0.0,,0.0,,0.0,,0.0,,0.0,,0.0,,0.0,,0.0,,0.0,,0.0,,,,,,,,0.0,,,,,,,,,,,,0.02850771736548048,0.0,0.02026810822004968,0.0,0.003328269489833852,1.0,0.0,,0.0,,0.0,,0.0,,0.0,,0.7952791039289449,0.0,0.014801611896660691,0.0,0.009727039145973443,0.0,0.0009129347064175425,2.0,0.0056496752837959146,0.0,0.0,,0.0,,0.04537992726647688,0.0,0.008399808823024359,0.0,0.027101403714066656,0.0,0.0,,0.0,,0.0,,0.0,,0.0,,0.0,,0.0,,0.0,,0.0,,,,,,,,,,,,,,,,,,,,,,1,1,29,0
8,region_08,2023-04-29,,,,,,,,,,,,,,,0.0,0.0,,,,,,,,,,,,,,,,,,,,,,,,,0.0,0.0,,,,,,,,,,,,,0.0,0.0,0.0034176414806602186,0.0,0.0,0.0,0.0,0.0,0.0,0.0,0.0,,,,0.0,0.0,0.0,0.0,0.0,0.0,0.0,0.0,0.0,0.0,0.0,0.0,0.0,0.0,0.0,0.0,0.001708820740330085,0.0,0.0,0.0,0.016026186592438586,0.0,0.0,,0.0,,0.007972477988984674,0.0,0.0,,0.009361292054462721,0.0,0.0,,0.0,,0.0,,0.0,,0.0,,0.0,,0.0,,0.0,,0.0,,0.0,,0.0,,0.0,,0.0,,0.0,,0.0,,0.0,,0.0,,0.0,,0.0,,0.0,,0.0,,0.0,,0.0,,0.0,,0.0,,0.0,,0.0,,0.0,,0.0,,0.0,,0.0,,0.0,,0.0,,0.0,,0.0,,0.0,,0.0,,0.0,,0.0,,0.0,,0.0,,0.0,,0.0,,0.0,,0.0,,0.0,,0.0,,0.0,,0.0,,0.0,,0.0,,,,,,,,0.0,,,,,,,,,,,,0.03608440852689517,0.0,0.03102471569070105,0.0,0.006656538979667704,0.0,0.0,,0.0,,0.0,,0.0,,0.0,,0.7544589495217359,0.0,0.013984044237683164,0.0,0.009186358384366251,0.0,0.001825869412835085,0.0,0.0,0.0,0.0,,0.0,,0.0638736191861055,0.0,0.00448578657340943,0.0,0.038286818432863065,0.0,0.0,,0.0,,0.0,,0.0,,0.0,,0.0,,0.0,,0.0,,0.0,,,,,,,,,,,,,,,,,,,,,,0,0,31,1
8,region_08,2023-05-06,,,,,,,,,,,,,,,0.0,0.0,,,,,,,,,,,,,,,,,,,,,,,,,0.0,0.0,,,,,,,,,,,,,0.0,0.0,0.014141566257614325,0.0,0.0,0.0,0.0,0.0,0.0,0.0,0.0,,,,0.0,0.0,0.0,0.0,0.0,0.0,0.0,0.0,0.0,0.0,0.0,0.0,0.0,0.0,0.0,0.0,0.0008544103701650425,0.0,0.0,0.0,0.021007309503415,0.0,0.0,,0.0,,0.017704731435514938,0.0,0.0,,0.005732952180612331,0.0,0.0,,0.0,,0.0,,0.0,,0.0,,0.0,,0.0,,0.0,,0.0,,0.0,,0.0,,0.0,,0.0,,0.0,,0.0,,0.0,,0.0,,0.0,,0.0,,0.0,,0.0,,0.0,,0.0,,0.0,,0.0,,0.0,,0.0,,0.0,,0.0,,0.0,,0.0,,0.0,,0.0,,0.0,,0.0,,0.0,,0.0,,0.0,,0.0,,0.0,,0.0,,0.0,,0.0,,0.0,,0.0,,0.0,,0.0,,0.0,,0.0,,0.0,,0.0,,,,,,,,0.0,,,,,,,,,,,,0.027151861925401748,0.0,0.03794911350198424,0.0,0.007941699909208299,0.0,0.0,,0.0,,0.0,,0.0,,0.0,,0.7106492500224664,0.0,0.01448437434316567,0.0,0.015541714967562296,0.0,0.0022324597588449678,0.0,0.0,0.0,0.006091591581935039,2.0,0.0,,0.08398721468713648,0.0,0.01063854680346173,0.0,0.02561943043885028,0.0,0.0,,0.0,,0.0,,0.0,,0.0,,0.0,,0.0,,0.0,,0.0,,,,,,,,,,,,,,,,,,,,,,0,1,31,2
8,region_08,2023-05-13,,,,,,,,,,,,,,,0.0,0.0,,,,,,,,,,,,,,,,,,,,,,,,,0.0,0.0,,,,,,,,,,,,,0.0,0.0,0.02486549103456843,0.0,0.0,0.0,0.0,0.0,0.0,0.0,0.0,,,,0.0,0.0,0.0,0.0,0.0,0.0,0.0,0.0,0.0,0.0,0.0,0.0,0.0,0.0,0.0,0.0,0.0,0.0,0.0,0.0,0.02598843241439141,0.0,0.0,,0.0,,0.027436984882045205,0.0,0.0,,0.0021046123067619414,0.0,0.0,,0.0,,0.0,,0.0,,0.0,,0.0,,0.0,,0.0,,0.0,,0.0,,0.0,,0.0,,0.0,,0.0,,0.0,,0.0,,0.0,,0.0,,0.0,,0.0,,0.0,,0.0,,0.0,,0.0,,0.0,,0.0,,0.0,,0.0,,0.0,,0.0,,0.0,,0.0,,0.0,,0.0,,0.0,,0.0,,0.0,,0.0,,0.0,,0.0,,0.0,,0.0,,0.0,,0.0,,0.0,,0.0,,0.0,,0.0,,0.0,,0.0,,0.0,,,,,,,,0.0,,,,,,,,,,,,0.018219315323908327,0.0,0.04487351131326743,0.0,0.009226860838748893,0.0,0.0,,0.0,,0.0,,0.0,,0.0,,0.666839550523197,0.0,0.014984704448648176,0.0,0.02189707155075834,0.0,0.00263905010485485,0.0,0.0,0.0,0.012183183163870077,0.0,0.0,,0.10410081018816746,0.0,0.01679130703351403,0.0,0.012952042444837495,0.0,0.0,,0.0,,0.0,,0.0,,0.0,,0.0,,0.0,,0.0,,0.0,,,,,,,,,,,,,,,,,,,,,,0,0,32,3
8,region_08,2023-05-20,,,,,,,,,,,,,,,0.0,0.0,,,,,,,,,,,,,,,,,,,,,,,,,0.0,0.0,,,,,,,,,,,,,0.0,0.0,0.015982101029339255,0.0,0.0,0.0,0.0,0.0,0.0,0.0,0.0,,,,0.0,0.0,0.0,0.0,0.0012888787504589808,0.0,0.0,0.0,0.0,0.0,0.0,0.0,0.0,0.0,0.0,0.0,0.0,0.0,0.0012888787504589808,0.0,0.028724531515263996,0.0,0.0,,0.0,,0.06630318384402642,0.0,0.0,,0.0010523061533809707,0.0,0.0,,0.001143506637831402,2.0,0.0,,0.0,,0.0,,0.0,,0.0,,0.0,,0.0,,0.0,,0.0,,0.0,,0.0,,0.0,,0.0,,0.0,,0.0,,0.0,,0.0,,0.0,,0.0,,0.0,,0.0,,0.0,,0.0,,0.0,,0.0,,0.0,,0.0,,0.0,,0.0,,0.0,,0.0,,0.0,,0.0,,0.0,,0.0,,0.0,,0.0,,0.0,,0.0,,0.0,,0.0,,0.0,,0.0,,0.0,,0.0,,0.0,,0.0,,0.0,,0.0,,,,,,,,0.0,,,,,,,,,,,,0.021361450880802366,0.0,0.05257596715024962,0.0,0.01676132886485342,0.0,0.01162739887755983,2.0,0.0,,0.0,,0.0,,0.0,,0.5869481097485415,0.0,0.01300246282940231,0.0,0.014714811901282748,0.0,0.003453025523672897,0.0,0.0012888787504589808,0.0,0.006682461465970793,0.0,0.0,,0.10182751955991641,0.0,0.021761354536807498,0.0,0.03755356249006133,0.0,0.0,,0.0,,0.0,,0.0,,0.0,,0.0,,0.0,,0.0,,0.0,,,,,,,,,,,,,,,,,,,,,,0,2,32,4
8,region_08,2023-05-27,,,,,,,,,,,,,,,0.0,0.0,,,,,,,,,,,,,,,,,,,,,,,,,0.0,0.0,,,,,,,,,,,,,0.0,0.0,0.007098711024110077,0.0,0.0,0.0,0.0,0.0,0.0,0.0,0.0,,,,0.0,0.0,0.0,0.0,0.0025777575009179616,0.0,0.0,0.0,0.0,0.0,0.0,0.0,0.0,0.0,0.0,0.0,0.0,0.0,0.0025777575009179616,0.0,0.03146063061613658,0.0,0.0,,0.0,,0.10516938280600764,0.0,0.0,,0.0,0.0,0.0,,0.002287013275662804,0.0,0.0,,0.0,,0.0,,0.0,,0.0,,0.0,,0.0,,0.0,,0.0,,0.0,,0.0,,0.0,,0.0,,0.0,,0.0,,0.0,,0.0,,0.0,,0.0,,0.0,,0.0,,0.0,,0.0,,0.0,,0.0,,0.0,,0.0,,0.0,,0.0,,0.0,,0.0,,0.0,,0.0,,0.0,,0.0,,0.0,,0.0,,0.0,,0.0,,0.0,,0.0,,0.0,,0.0,,0.0,,0.0,,0.0,,0.0,,0.0,,0.0,,,,,,,,0.0,,,,,,,,,,,,0.0245035864376964,0.0,0.0602784229872318,0.0,0.024295796890957948,0.0,0.02325479775511966,0.0,0.0,,0.0,,0.0,,0.0,,0.507056668973886,0.0,0.011020221210156445,0.0,0.0075325522518071555,0.0,0.004267000942490944,0.0,0.0025777575009179616,0.0,0.0011817397680715083,0.0,0.0,,0.09955422893166536,0.0,0.02673140204010097,0.0,0.06215508253528517,0.0,0.0,,0.0,,0.0,,0.0,,0.0,,0.0,,0.0,,0.0,,0.0,,,,,,,,,,,,,,,,,,,,,,0,0,34,5
8,region_08,2023-06-03,,,,,,,,,,,,,,,0.0009470983641222,0.0,,,,,,,,,,,,,,,,,,,,,,,,,0.0,0.0,,,,,,,,,,,,,0.0017789855507240988,0.0,0.0035493555120550387,0.0,0.0,0.0,0.0,0.0,0.0,0.0,0.0,,,,0.0,0.0,0.0,0.0,0.0030702155497039025,0.0,0.0,0.0,0.0,0.0,0.0,0.0,0.0,0.0,0.0,0.0,0.0,0.0,0.006632889160072916,0.0,0.033822975979716126,0.0,0.0,,0.0,,0.06127323388813134,0.0,0.0,,0.0,0.0,0.0,,0.001143506637831402,0.0,0.0,,0.0,,0.0,,0.0,,0.0,,0.0,,0.0,,0.0,,0.0,,0.0,,0.0,,0.0,,0.0,,0.0,,0.0,,0.0,,0.0,,0.0,,0.0,,0.0,,0.0,,0.0,,0.0,,0.0,,0.0,,0.0,,0.0,,0.0,,0.0,,0.0,,0.0,,0.0,,0.0,,0.0,,0.0,,0.0,,0.0,,0.0,,0.0,,0.0,,0.0,,0.0,,0.0,,0.0,,0.0,,0.0,,0.0,,0.0,,0.0,,,,,,,,0.0,,,,,,,,,,,,0.04067371713877602,0.0,0.08037780612555426,0.0,0.03675851993491731,0.0,0.015219943804064879,0.0,0.0,,0.0,,0.0,,0.0,,0.4790741080982922,0.0,0.020485441452229337,0.0,0.0055255227614584065,0.0,0.009464638426434198,0.0,0.004829462185258761,0.0,0.004215758695257382,0.0,0.0,,0.09400160755268201,0.0,0.05763793550080547,0.0,0.04410117879498683,0.0,0.0,,0.0,,0.0,,0.0,,0.0,,0.0,,0.0,,0.0,,0.0,,,,,,,,,,,,,,,,,,,,,,0,0,34,6
8,region_08,2023-06-10,,,,,,,,,,,,,,,0.0018941967282444,0.0,,,,,,,,,,,,,,,,,,,,,,,,,0.0,0.0,,,,,,,,,,,,,0.0035579711014481975,0.0,0.0,0.0,0.0,0.0,0.0,0.0,0.0,0.0,0.0,,,,0.0,0.0,0.0,0.0,0.003562673598489843,0.0,0.0,0.0,0.0,0.0,0.0,0.0,0.0,0.0,0.0,0.0,0.0,0.0,0.01068802081922787,0.0,0.03618532134329567,0.0,0.0,,0.0,,0.01737708497025505,0.0,0.0,,0.0,0.0,0.0,,0.0,0.0,0.0,,0.0,,0.0,,0.0,,0.0,,0.0,,0.0,,0.0,,0.0,,0.0,,0.0,,0.0,,0.0,,0.0,,0.0,,0.0,,0.0,,0.0,,0.0,,0.0,,0.0,,0.0,,0.0,,0.0,,0.0,,0.0,,0.0,,0.0,,0.0,,0.0,,0.0,,0.0,,0.0,,0.0,,0.0,,0.0,,0.0,,0.0,,0.0,,0.0,,0.0,,0.0,,0.0,,0.0,,0.0,,0.0,,0.0,,0.0,,0.0,,,,,,,,0.0,,,,,,,,,,,,0.05684384783985564,0.0,0.1004771892638767,0.0,0.049221242978876666,0.0,0.007185089853010098,0.0,0.0,,0.0,,0.0,,0.0,,0.45109154722269845,0.0,0.029950661694302227,0.0,0.003518493271109657,0.0,0.014662275910377451,0.0,0.00708116686959956,0.0,0.0072497776224432564,0.0,0.0,,0.08844898617369866,0.0,0.08854446896150997,0.0,0.026047275054688495,0.0,0.0,,0.0,,0.0,,0.0,,0.0,,0.0,,0.0,,0.0,,0.0,,,,,,,,,,,,,,,,,,,,,,0,0,34,7
8,region_08,2023-06-17,,,,,,,,,,,,,,,0.0009470983641222,0.0,,,,,,,,,,,,,,,,,,,,,,,,,0.0,0.0,,,,,,,,,,,,,0.0017789855507240988,0.0,0.0,0.0,0.0,0.0,0.0,0.0,0.0,0.0,0.0,,,,0.0,0.0,0.0,0.0,0.0064237603029159655,0.0,0.0,0.0,0.0,0.0,0.0,0.0,0.0,0.0,0.0,0.0,0.0,0.0,0.009986433913284978,0.0,0.032993797366009776,0.0,0.0,,0.007258248331102831,2.0,0.02024577282137699,0.0,0.002419416094198801,2.0,0.0023700402555416828,0.0,0.0,,0.0022723832671359243,0.0,0.0023197245852012564,2.0,0.0,,0.0,,0.0024559497988472156,2.0,0.0,,0.0,,0.0,,0.0,,0.0,,0.0,,0.0,,0.0,,0.0,,0.0,,0.0,,0.0,,0.0,,0.0,,0.0,,0.0,,0.0,,0.0,,0.0,,0.0,,0.0,,0.0,,0.0,,0.0,,0.0,,0.0,,0.0,,0.0,,0.0,,0.0,,0.0,,0.0,,0.0,,0.0,,0.0,,0.0,,0.0,,0.0,,0.0,,0.0,,0.0,,0.0,,0.0,,0.0,,0.0,,,,,,,,0.0,,,,,,,,,,,,0.0749727086269972,0.0,0.13055221192100466,0.0,0.05059853822723319,0.0,0.017610583873950675,0.0,0.0,,0.008290814848518666,2.0,0.0023700402555416828,2.0,0.024259450785974215,2.0,0.3674166333237115,0.0,0.021792480672317163,0.0,0.004224327433265092,0.0,0.010805967596049059,0.0,0.006186844292381851,0.0,0.0036248888112216282,0.0,0.006314376739747041,2.0,0.08101603853753672,0.0,0.0757166475094124,0.0,0.03351887743867908,0.0,0.0,,0.0,,0.0,,0.0,,0.0,,0.0,,0.0,,0.0,,0.0,,,,,,,,,,,,,,,,,,,,,,0,8,34,8
8,region_08,2023-06-24,,,,,,,,,,,,,,,0.0,0.0,,,,,,,,,,,,,,,,,,,,,,,,,0.0,0.0,,,,,,,,,,,,,0.0,0.0,0.0,0.0,0.0,0.0,0.0,0.0,0.0,0.0,0.0,,,,0.0,0.0,0.0,0.0,0.009284847007342088,0.0,0.0,0.0,0.0,0.0,0.0,0.0,0.0,0.0,0.0,0.0,0.0,0.0,0.009284847007342088,0.0,0.029802273388723887,0.0,0.0,,0.014516496662205662,0.0,0.023114460672498924,0.0,0.004838832188397602,0.0,0.0047400805110833655,0.0,0.0,,0.0045447665342718485,0.0,0.004639449170402513,0.0,0.0,,0.0,,0.004911899597694431,0.0,0.0,,0.0,,0.0,,0.0,,0.0,,0.0,,0.0,,0.0,,0.0,,0.0,,0.0,,0.0,,0.0,,0.0,,0.0,,0.0,,0.0,,0.0,,0.0,,0.0,,0.0,,0.0,,0.0,,0.0,,0.0,,0.0,,0.0,,0.0,,0.0,,0.0,,0.0,,0.0,,0.0,,0.0,,0.0,,0.0,,0.0,,0.0,,0.0,,0.0,,0.0,,0.0,,0.0,,0.0,,0.0,,,,,,,,0.0,,,,,,,,,,,,0.09310156941413876,0.0,0.1606272345781326,0.0,0.051975833475589706,0.0,0.028036077894891254,0.0,0.0,,0.01658162969703733,0.0,0.0047400805110833655,0.0,0.04851890157194843,0.0,0.28374171942472454,0.0,0.013634299650332096,0.0,0.004930161595420527,0.0,0.006949659281720667,0.0,0.005292521715164142,0.0,0.0,0.0,0.012628753479494083,0.0,0.07358309090137477,0.0,0.06288882605731483,0.0,0.040990479822669665,0.0,0.0,,0.0,,0.0,,0.0,,0.0,,0.0,,0.0,,0.0,,0.0,,,,,,,,,,,,,,,,,,,,,,0,0,42,9
8,region_08,2023-07-01,,,,,,,,,,,,,,,0.0,0.0,,,,,,,,,,,,,,,,,,,,,,,,,0.0,0.0,,,,,,,,,,,,,0.0,0.0,0.0,0.0,0.0,0.0,0.0,0.0,0.0,0.0,0.0,,,,0.0,0.0,0.0,0.0,0.004642423503671044,0.0,0.0,0.0,0.0,0.0,0.0,0.0,0.0,0.0,0.0,0.0,0.0,0.0,0.004642423503671044,0.0,0.058729553310086474,0.0,0.0,,0.016500135301612272,0.0,0.014596523821581942,0.0,0.008558690955396697,0.0,0.008448627235709966,0.0,0.0030392934853324784,2.0,0.008318668530721702,0.0,0.0023197245852012564,0.0,0.0,,0.009021469412578453,2.0,0.0024559497988472156,0.0,0.0,,0.0,,0.0,,0.0,,0.0,,0.0,,0.0,,0.0,,0.0,,0.0,,0.0,,0.0,,0.0,,0.0,,0.0,,0.0,,0.0,,0.0,,0.0,,0.0,,0.0,,0.0,,0.0,,0.0,,0.0,,0.0,,0.0,,0.0,,0.0,,0.0,,0.0,,0.0,,0.0,,0.0,,0.0,,0.0,,0.0,,0.0,,0.0,,0.0,,0.0,,0.0,,0.0,,0.0,,0.0,,,,,,,,0.0,,,,,,,,,,,,0.09666916263346766,0.0,0.11561653037156375,0.0,0.11553736743574236,0.0,0.023603492682903127,0.0,0.003065711409888311,2.0,0.008290814848518666,0.0,0.02939295000871829,0.0,0.024259450785974215,0.0,0.21257654509678175,0.0,0.00997058265910299,0.0,0.005472072561708598,0.0,0.0034748296408603336,0.0,0.00568555434291455,0.0,0.004450188484042875,0.0,0.009321368503745375,0.0,0.10315641018477349,0.0,0.06027626927789981,0.0,0.04457422421903022,0.0,0.0,,0.0,,0.0,,0.0,,0.0,,0.0,,0.0,,0.0,,0.0,,,,,,,,,,,,,,,,,,,,,,0,3,42,10
8,region_08,2023-07-08,,,,,,,,,,,,,,,0.0,0.0,,,,,,,,,,,,,,,,,,,,,,,,,0.0,0.0,,,,,,,,,,,,,0.0,0.0,0.0,0.0,0.0,0.0,0.0,0.0,0.0,0.0,0.0,,,,0.0,0.0,0.0,0.0,0.0,0.0,0.0,0.0,0.0,0.0,0.0,0.0,0.0,0.0,0.0,0.0,0.0,0.0,0.0,0.0,0.08765683323144907,0.0,0.0,,0.018483773941018883,0.0,0.006078586970664957,0.0,0.01227854972239579,0.0,0.012157173960336567,0.0,0.006078586970664957,0.0,0.012092570527171557,0.0,0.0,0.0,0.0,,0.018042938825156906,0.0,0.0,0.0,0.0,,0.0,,0.0,,0.0,,0.0,,0.0,,0.0,,0.0,,0.0,,0.0,,0.0,,0.0,,0.0,,0.0,,0.0,,0.0,,0.0,,0.0,,0.0,,0.0,,0.0,,0.0,,0.0,,0.0,,0.0,,0.0,,0.0,,0.0,,0.0,,0.0,,0.0,,0.0,,0.0,,0.0,,0.0,,0.0,,0.0,,0.0,,0.0,,0.0,,0.0,,0.0,,0.0,,0.0,,0.0,,,,,,,,0.0,,,,,,,,,,,,0.10023675585279655,0.0,0.07060582616499489,0.0,0.17909890139589502,0.0,0.019170907470915002,0.0,0.006131422819776622,0.0,0.0,0.0,0.05404581950635322,0.0,0.0,0.0,0.14141137076883897,0.0,0.006306865667873884,0.0,0.006013983527996668,0.0,0.0,0.0,0.006078586970664957,0.0,0.00890037696808575,0.0,0.006013983527996668,0.0,0.13272972946817221,0.0,0.05766371249848478,0.0,0.04815796861539078,0.0,0.0,,0.0,,0.0,,0.0,,0.0,,0.0,,0.0,,0.0,,0.0,,,,,,,,,,,,,,,,,,,,,,0,0,45,11
8,region_08,2023-07-15,,,,,,,,,,,,,,,0.0,0.0,,,,,,,,,,,,,,,,,,,,,,,,,0.0,0.0,,,,,,,,,,,,,0.0,0.0,0.0,0.0,0.0,0.0,0.0,0.0,0.0,0.0,0.0,,,,0.0,0.0,0.0,0.0,0.0,0.0,0.0,0.0,0.0,0.0,0.0,0.0,0.0,0.0,0.0,0.0,0.0,0.0,0.0016936367634722406,0.0,0.1278097464569977,0.0,0.0,,0.020166900833525334,0.0,0.010016503617116732,0.0,0.011165533714423219,0.0,0.006078586980168284,0.0,0.0030392934853324784,0.0,0.014834020614365012,0.0,0.0033326220776264607,0.0,0.0,,0.012864756858390189,0.0,0.002169449195369224,0.0,0.0,,0.0,,0.0,,0.0,,0.0,,0.0,,0.0,,0.0,,0.0,,0.0,,0.0,,0.0,,0.0,,0.0,,0.0,,0.0,,0.0,,0.0,,0.0,,0.0,,0.0,,0.0,,0.0,,0.0,,0.0,,0.0,,0.0,,0.0,,0.0,,0.0,,0.0,,0.0,,0.0,,0.0,,0.0,,0.0,,0.0,,0.0,,0.0,,0.0,,0.0,,0.0,,0.0,,0.0,,0.0,,,,,,,,0.0,,,,,,,,,,,,0.06174458552596985,0.0,0.06429223281087439,0.0,0.16520325842370487,0.0,0.018816830895634115,0.0,0.00967274846819535,0.0,0.0,0.0,0.055675936583271135,0.0,0.0021734955334203414,0.0,0.15667057744398405,0.0,0.005354921060938308,0.0,0.011286875639121846,0.0,0.0,0.0,0.004732930248804719,0.0,0.006943719735621287,0.0,0.010344945581718522,0.0,0.10281110375724503,0.0,0.05180282320519968,0.0,0.04633417022161081,0.0,0.0138520414326736,2.0,0.0,,0.0,,0.0,,0.0,,0.0,,0.0,,0.0,,0.0,,,,,,,,,,,,,,,,,,,,,,0,1,45,12
8,region_08,2023-07-22,,,,,,,,,,,,,,,0.0,0.0,,,,,,,,,,,,,,,,,,,,,,,,,0.0,0.0,,,,,,,,,,,,,0.0,0.0,0.0,0.0,0.0,0.0,0.0,0.0,0.0,0.0,0.0,,,,0.0,0.0,0.0,0.0,0.0,0.0,0.0,0.0,0.0,0.0,0.0,0.0,0.0,0.0,0.0,0.0,0.0,0.0,0.003387273526944481,0.0,0.1679626596825463,0.0,0.0,,0.021850027726031788,0.0,0.01395442026356851,0.0,0.010052517706450647,0.0,0.0,0.0,0.0,0.0,0.017575470701558467,0.0,0.0066652441552529215,0.0,0.0,,0.007686574891623472,0.0,0.004338898390738448,0.0,0.0,,0.0,,0.0,,0.0,,0.0,,0.0,,0.0,,0.0,,0.0,,0.0,,0.0,,0.0,,0.0,,0.0,,0.0,,0.0,,0.0,,0.0,,0.0,,0.0,,0.0,,0.0,,0.0,,0.0,,0.0,,0.0,,0.0,,0.0,,0.0,,0.0,,0.0,,0.0,,0.0,,0.0,,0.0,,0.0,,0.0,,0.0,,0.0,,0.0,,0.0,,0.0,,0.0,,0.0,,0.0,,,,,,,,0.0,,,,,,,,,,,,0.023252415199143145,0.0,0.05797863945675388,0.0,0.1513076154515147,0.0,0.018462754320353224,0.0,0.013214074116614079,0.0,0.0,0.0,0.05730605366018906,0.0,0.004346991066840683,0.0,0.17192978411912913,0.0,0.0044029764540027315,0.0,0.016559767750247024,0.0,0.0,0.0,0.003387273526944481,0.0,0.004987062503156823,0.0,0.014675907635440378,0.0,0.07289247804631786,0.0,0.04594193391191458,0.0,0.044510371827830825,0.0,0.0277040828653472,0.0,0.0,,0.0,,0.0,,0.0,,0.0,,0.0,,0.0,,0.0,,,,,,,,,,,,,,,,,,,,,,0,0,46,13
8,region_08,2023-07-29,,,,,,,,,,,,,,,0.0,0.0,,,,,,,,,,,,,,,,,,,,,,,,,0.0,0.0,,,,,,,,,,,,,0.0,0.0,0.0,0.0,0.0,0.0,0.0,0.0,0.0,0.0,0.0,,,,0.0,0.0,0.0,0.0,0.0,0.0,0.0,0.0,0.0,0.0,0.0,0.0,0.0,0.0,0.0,0.0,0.0,0.0,0.0016936367634722406,0.0,0.19532532862717317,0.0,0.0,,0.016982160779855537,0.0,0.006977210131784255,0.0,0.006160663976354629,0.0,0.0,0.0,0.0,0.0,0.038730494722914635,0.0,0.009813653637906027,0.0,0.0,,0.003843287445811736,0.0,0.005954323395983163,0.0,0.0,,0.005465568687291197,1.0,0.0,,0.0,,0.0,,0.0,,0.0,,0.0,,0.0,,0.0,,0.0,,0.0,,0.0,,0.0,,0.0,,0.0,,0.0,,0.0,,0.0,,0.0,,0.0,,0.0,,0.0,,0.0,,0.0,,0.0,,0.0,,0.0,,0.0,,0.0,,0.0,,0.0,,0.0,,0.0,,0.0,,0.0,,0.0,,0.0,,0.0,,0.0,,0.0,,0.0,,0.0,,0.0,,0.0,,,,,,,,0.0,,,,,,,,,,,,0.04244204151299999,0.0,0.08761073652810103,0.0,0.10499634230113089,0.0,0.018146336737504938,0.0,0.007769212988205206,0.0,0.0,0.0,0.06037470022794983,0.0,0.003676702486390712,0.0,0.12297750379335368,0.0,0.0022014882270013658,0.0,0.01389382604005121,0.0,0.005632089683786016,0.0,0.0016936367634722406,0.0,0.014933814633097234,0.0,0.025638721518363786,0.0,0.055189559847142855,0.0,0.03601524241826763,0.0,0.08872055191156972,0.0,0.015355248385643972,0.0,0.0,,0.0,,0.0,,0.0,,0.0,,0.0,,0.0,,0.0,,,,,,,,,,,,,,,,,,,,,,1,0,46,0
8,region_08,2023-08-05,,,,,,,,,,,,,,,0.0,0.0,,,,,,,,,,,,,,,,,,,,,,,,,0.0,0.0,,,,,,,,,,,,,0.0,0.0,0.0,0.0,0.0,0.0,0.0,0.0,0.0,0.0,0.0,,,,0.0,0.0,0.0,0.0,0.0,0.0,0.0,0.0,0.0,0.0,0.0,0.0,0.0,0.0,0.0,0.0,0.0,0.0,0.0,0.0,0.22268799757180002,0.0,0.0,,0.012114293833679289,0.0,0.0,0.0,0.002268810246258613,0.0,0.0,0.0,0.0,0.0,0.0598855187442708,0.0,0.012962063120559133,0.0,0.0,,0.0,0.0,0.007569748401227878,0.0,0.0,,0.010931137374582393,0.0,0.0,,0.0,,0.0,,0.0,,0.0,,0.0,,0.0,,0.0,,0.0,,0.0,,0.0,,0.0,,0.0,,0.0,,0.0,,0.0,,0.0,,0.0,,0.0,,0.0,,0.0,,0.0,,0.0,,0.0,,0.0,,0.0,,0.0,,0.0,,0.0,,0.0,,0.0,,0.0,,0.0,,0.0,,0.0,,0.0,,0.0,,0.0,,0.0,,0.0,,0.0,,0.0,,0.0,,,,,,,,0.0,,,,,,,,,,,,0.061631667826856834,0.0,0.11724283359944818,0.0,0.05868506915074709,0.0,0.017829919154656648,0.0,0.002324351859796333,0.0,0.0,0.0,0.0634433467957106,0.0,0.0030064139059407407,0.0,0.07402522346757823,0.0,0.0,0.0,0.011227884329855395,0.0,0.011264179367572033,0.0,0.0,0.0,0.024880566763037643,0.0,0.03660153540128719,0.0,0.03748664164796784,0.0,0.026088550924620684,0.0,0.1329307319953086,0.0,0.0030064139059407407,0.0,0.0,,0.0,,0.0,,0.0,,0.0,,0.0,,0.0,,0.0,,,,,,,,,,,,,,,,,,,,,,0,0,47,1
8,region_08,2023-08-12,,,,,,,,,,,,,,,0.0,0.0,,,,,,,,,,,,,,,,,,,,,,,,,0.0,0.0,,,,,,,,,,,,,0.0,0.0,0.0,0.0,0.0,0.0,0.0,0.0,0.0,0.0,0.0,,,,0.0,0.0,0.0,0.0,0.0,0.0,0.0,0.0,0.0,0.0,0.0,0.0,0.0,0.0,0.0,0.0,0.0,0.0,0.0010875699479820978,0.0,0.22754692156677658,0.0,0.0,,0.021744450615420817,0.0,0.0018468821373093464,0.0,0.00510701980824327,0.0,0.0,0.0,0.001768558674603274,0.0,0.05254881546701458,0.0,0.008853810201116833,0.0,0.0010565817117987079,2.0,0.003693764274618726,0.0,0.016918827081099107,0.0,0.0018225663500886736,2.0,0.026844592477650645,0.0,0.0,,0.0,,0.0,,0.0,,0.0,,0.0,,0.0,,0.0,,0.0,,0.0,,0.0,,0.0,,0.0,,0.0,,0.0,,0.0,,0.0,,0.0,,0.0,,0.0,,0.0,,0.0,,0.0,,0.0,,0.0,,0.0,,0.0,,0.0,,0.0,,0.0,,0.0,,0.0,,0.0,,0.0,,0.0,,0.0,,0.0,,0.0,,0.0,,0.0,,0.0,,0.0,,0.0,,,,,,,,0.0,,,,,,,,,,,,0.04839634702697114,0.0,0.09989348572811907,0.0,0.05531072658755583,0.0,0.028860293458462638,0.0,0.006214352896333521,0.0,0.0,0.0,0.060547978841010194,0.0,0.0026595635511601793,0.0,0.05843572672966036,0.0,0.0,0.0,0.013885480984438002,0.0,0.005632089683786016,0.0,0.002932897382972577,0.0,0.017782493705635494,0.0,0.025242656293375913,0.0,0.055010814128820903,0.0,0.04054928866321015,0.0,0.12025087102491051,0.0,0.0020676132995000682,0.0,0.0,,0.0,,0.0,,0.0,,0.0,,0.0,,0.0,,0.0,,,,,,,,,,,,,,,,,,,,,,0,2,47,2
8,region_08,2023-08-19,,,,,,,,,,,,,,,0.0,0.0,,,,,,,,,,,,,,,,,,,,,,,,,0.0,0.0,,,,,,,,,,,,,0.0,0.0,0.0,0.0,0.0,0.0,0.0,0.0,0.0,0.0,0.0,,,,0.0,0.0,0.0,0.0,0.0,0.0,0.0,0.0,0.0,0.0,0.0,0.0,0.0,0.0,0.0,0.0,0.0,0.0,0.0021751398959641956,0.0,0.23240584556175312,0.0,0.0,,0.03137460739716235,0.0,0.003693764274618693,0.0,0.007945229370227928,0.0,0.0,0.0,0.003537117349206548,0.0,0.04521211218975835,0.0,0.004745557281674533,0.0,0.0021131634235974158,0.0,0.007387528549237452,0.0,0.026267905760970336,0.0,0.0036451327001773472,0.0,0.0427580475807189,0.0,0.0,,0.0,,0.0,,0.0,,0.0,,0.0,,0.0,,0.0,,0.0,,0.0,,0.0,,0.0,,0.0,,0.0,,0.0,,0.0,,0.0,,0.0,,0.0,,0.0,,0.0,,0.0,,0.0,,0.0,,0.0,,0.0,,0.0,,0.0,,0.0,,0.0,,0.0,,0.0,,0.0,,0.0,,0.0,,0.0,,0.0,,0.0,,0.0,,0.0,,0.0,,0.0,,0.0,,,,,,,,0.0,,,,,,,,,,,,0.03516102622708544,0.0,0.08254413785678995,0.0,0.05193638402436456,0.0,0.03989066776226863,0.0,0.010104353932870708,0.0,0.0,0.0,0.057652610886309776,0.0,0.0023127131963796175,0.0,0.04284622999174249,0.0,0.0,0.0,0.01654307763902061,0.0,0.0,0.0,0.005865794765945154,0.0,0.010684420648233346,0.0,0.013883777185464635,0.0,0.07253498660967397,0.0,0.05501002640179961,0.0,0.10757101005451242,0.0,0.0011288126930593956,0.0,0.0,,0.0,,0.0,,0.0,,0.0,,0.0,,0.0,,0.0,,,,,,,,,,,,,,,,,,,,,,0,0,49,3
8,region_08,2023-08-26,,,,,,,,,,,,,,,0.0,0.0,,,,,,,,,,,,,,,,,,,,,,,,,0.0,0.0,,,,,,,,,,,,,0.0,0.0,0.0,0.0,0.0,0.0,0.0,0.0,0.0,0.0,0.0,,,,0.0,0.0,0.0,0.0,0.0,0.0,0.0,0.0,0.0,0.0,0.0,0.0,0.0,0.0,0.0008765604243510056,0.0,0.0,0.0,0.0010875699479820978,0.0,0.23310157486422045,0.0,0.002072993987607497,2.0,0.020634190829533695,0.0,0.0032128408781147066,0.0,0.0055781252286283955,0.0,0.0,0.0,0.003766233955621268,0.0,0.04869765229316904,0.0,0.005576549866686617,0.0,0.003083285835931362,0.0,0.004900399927349563,0.0,0.021789662032905506,0.0,0.0025473000017942806,0.0,0.048226632665665306,0.0,0.002468414588033064,2.0,0.008874951673316792,2.0,0.0,,0.0,,0.0,,0.0,,0.0,,0.0,,0.0,,0.0,,0.0,,0.0,,0.0,,0.0,,0.0,,0.0,,0.0,,0.0,,0.0,,0.0,,0.0,,0.0,,0.0,,0.0,,0.0,,0.0,,0.0,,0.0,,0.0,,0.0,,0.0,,0.0,,0.0,,0.0,,0.0,,0.0,,0.0,,0.0,,0.0,,0.0,,0.0,,0.0,,0.0,,,,,,,,0.0,,,,,,,,,,,,0.031255667034235754,0.0,0.08341753163508003,0.0,0.044784232592653614,0.0,0.034384682136728864,0.0,0.012767710960987493,0.0,0.0,0.0,0.09496525278433207,0.0,0.0048473254142549094,0.0,0.04598569943909603,0.0,0.0,0.0,0.015447142297415473,0.0,0.0003581902464954922,0.0,0.011298400843555313,0.0,0.007914804723473657,0.0,0.016519315289963296,0.0,0.05044785209387032,0.0,0.042818511400713674,0.0,0.0936504796617711,0.0,0.0013919441404544979,0.0,0.0,,0.0,,0.0,,0.0,,0.0,,0.0,,0.0,,0.0,,,,,,,,,,,,,,,,,,,,,,0,3,49,4
8,region_08,2023-09-02,,,,,,,,,,,,,,,0.0,0.0,,,,,,,,,,,,,,,,,,,,,,,,,0.0,0.0,,,,,,,,,,,,,0.0,0.0,0.0,0.0,0.0,0.0,0.0,0.0,0.0,0.0,0.0,,,,0.0,0.0,0.0,0.0,0.0,0.0,0.0,0.0,0.0,0.0,0.0,0.0,0.0,0.0,0.0017531208487020112,0.0,0.0,0.0,0.0,0.0,0.2337973041666878,0.0,0.004145987975214994,0.0,0.009893774261905042,0.0,0.00273191748161072,0.0,0.003211021087028862,0.0,0.0,0.0,0.003995350562035987,0.0,0.05218319239657974,0.0,0.0064075424516987,0.0,0.004053408248265309,0.0,0.0024132713054616736,0.0,0.017311418304840676,0.0,0.0014494673034112135,0.0,0.05369521775061171,0.0,0.004936829176066128,0.0,0.017749903346633584,0.0,0.0,,0.0,,0.0,,0.0,,0.0,,0.0,,0.0,,0.0,,0.0,,0.0,,0.0,,0.0,,0.0,,0.0,,0.0,,0.0,,0.0,,0.0,,0.0,,0.0,,0.0,,0.0,,0.0,,0.0,,0.0,,0.0,,0.0,,0.0,,0.0,,0.0,,0.0,,0.0,,0.0,,0.0,,0.0,,0.0,,0.0,,0.0,,0.0,,0.0,,0.0,,,,,,,,0.0,,,,,,,,,,,,0.027350307841386066,0.0,0.0842909254133701,0.0,0.03763208116094267,0.0,0.028878696511189097,0.0,0.015431067989104279,0.0,0.0,0.0,0.13227789468235435,0.0,0.0073819376321302005,0.0,0.04912516888644956,0.0,0.0,0.0,0.014351206955810335,0.0,0.0007163804929909844,0.0,0.016731006921165473,0.0,0.005145188798713967,0.0,0.01915485339446196,0.0,0.02836071757806667,0.0,0.030626996399627737,0.0,0.07972994926902979,0.0,0.0016550755878496,0.0,0.0,,0.0,,0.0,,0.0,,0.0,,0.0,,0.0,,0.0,,,,,,,,,,,,,,,,,,,,,,0,0,52,5
8,region_08,2023-09-09,,,,,,,,,,,,,,,0.0,0.0,,,,,,,,,,,,,,,,,,,,,,,,,0.0,0.0,,,,,,,,,,,,,0.0,0.0,0.0002446239523123833,0.0,0.0,0.0,0.0,0.0,0.0,0.0,0.0012695444250910696,2.0,,,0.0,0.0,0.0,0.0,0.0,0.0,0.0,0.0,0.0,0.0,0.0,0.0,0.0,0.0,0.0008765604243510056,0.0,0.0,0.0,0.001741454671983666,0.0,0.2329497753068654,0.0,0.0028064930234729213,0.0,0.009669837761773782,0.0,0.002072212251881803,0.0,0.0021482338110070335,0.0,0.0,0.0,0.0019976752810179936,0.0,0.06398088828942106,0.0,0.014009807830925678,0.0,0.006753338950643769,0.0,0.0015461396528996178,0.0,0.014349414783205335,0.0,0.0058664128439637996,0.0,0.057852586049582364,0.0,0.004352164934278368,0.0,0.015676409061554597,0.0,0.0003089965250138402,2.0,0.0,,0.0,,0.0,,0.0,,0.0,,0.0,,0.0,,0.0,,0.0,,0.0,,0.0,,0.0,,0.0,,0.0,,0.0,,0.0,,0.0,,0.0,,0.0,,0.0,,0.0,,0.0,,0.0,,0.0,,0.0,,0.0,,0.0,,0.0,,0.0,,0.0,,0.0,,0.0,,0.0,,0.0,,0.0,,0.0,,0.0,,0.0,,0.0,,0.0,,,,,,,,0.0,,,,,,,,,,,,0.028771596195708377,0.0,0.07478618173904358,0.0,0.03820222777624921,0.0,0.030110925539029776,0.0,0.013370467475944652,0.0,0.0003110282123088592,0.0,0.12523810375067917,0.0,0.007104274007959735,0.0,0.047867649939941144,0.0,0.0,0.0,0.0075423529958378675,0.0,0.0003581902464954922,0.0,0.01090131596705608,0.0,0.004645717908061447,0.0,0.012361729266521751,0.0,0.043825905811455464,0.0,0.01832186698206846,0.0,0.0926536809978267,0.0,0.001682912545823066,0.0,0.0,,0.0,,0.0,,0.0,,0.0,,0.0,,0.0,,0.0,,,,,,,,,,,,,,,,,,,,,,0,2,52,6
8,region_08,2023-09-16,,,,,,,,,,,,,,,0.0,0.0,,,,,,,,,,,,,,,,,,,,,,,,,0.0,0.0,,,,,,,,,,,,,0.0,0.0,0.0004892479046247666,0.0,0.0,0.0,0.0,0.0,0.0,0.0,0.002539088850182139,0.0,,,0.0,0.0,0.0,0.0,0.0,0.0,0.0,0.0,0.0,0.0,0.0,0.0,0.0,0.0,0.0,0.0,0.0,0.0,0.003482909343967332,0.0,0.23210224644704294,0.0,0.0014669980717308482,0.0,0.009445901261642521,0.0,0.0014125070221528862,0.0,0.0010854465349852045,0.0,0.0,0.0,0.0,0.0,0.07577858418226238,0.0,0.021612073210152658,0.0,0.009453269653022229,0.0,0.000679008000337562,0.0,0.011387411261569995,0.0,0.010283358384516385,0.0,0.06200995434855302,0.0,0.003767500692490607,0.0,0.013602914776475607,0.0,0.0006179930500276804,0.0,0.0,,0.0,,0.0,,0.0,,0.0,,0.0,,0.0,,0.0,,0.0,,0.0,,0.0,,0.0,,0.0,,0.0,,0.0,,0.0,,0.0,,0.0,,0.0,,0.0,,0.0,,0.0,,0.0,,0.0,,0.0,,0.0,,0.0,,0.0,,0.0,,0.0,,0.0,,0.0,,0.0,,0.0,,0.0,,0.0,,0.0,,0.0,,0.0,,0.0,,,,,,,,0.0,,,,,,,,,,,,0.03019288455003069,0.0,0.06528143806471706,0.0,0.03877237439155575,0.0,0.03134315456687045,0.0,0.011309866962785027,0.0,0.0006220564246177184,0.0,0.11819831281900402,0.0,0.00682661038378927,0.0,0.046610130993432725,0.0,0.0,0.0,0.0007334990358653999,0.0,0.0,0.0,0.005071625012946686,0.0,0.004146247017408927,0.0,0.005568605138581543,0.0,0.059291094044844256,0.0,0.006016737564509183,0.0,0.10557741272662362,0.0,0.0017107495037965317,0.0,0.0,,0.0,,0.0,,0.0,,0.0,,0.0,,0.0,,0.0,,,,,,,,,,,,,,,,,,,,,,0,0,54,7
8,region_08,2023-09-23,,,,,,,,,,,,,,,0.0003026520134881,0.0,,,,,,,,,,,,,,,,,,,,,,,,,0.0,0.0,,,,,,,,,,,,,0.0006258363019220214,0.0,0.0009648655280838109,0.0,0.0,0.0,0.0,0.0,0.0,0.0,0.007050747240654984,0.0,,,0.0,0.0,0.0,0.0,0.0,0.0,0.0,0.0,0.0,0.0,0.0,0.0,0.0,0.0,0.0,0.0,0.0,0.0,0.00306512807437064,0.0,0.23413610924626,0.0,0.001523840846715628,0.0,0.009686164035418473,0.0,0.0007062535110764431,0.0,0.0011742458875893833,0.0,0.0,0.0,0.0,0.0,0.08545885690088778,0.0,0.017320381440556937,0.0,0.015271496590833274,0.0,0.004058748379892247,0.0,0.013389968208200547,0.0,0.008812419929513047,0.0,0.08755780787243779,0.0,0.007338345070214268,0.0,0.015435080449858453,0.0,0.002783338787749636,0.0,0.0,,0.0,,0.0,,0.0,,0.0,,0.0,,0.0,,0.0,,0.0,,0.0,,0.0,,0.0,,0.0,,0.0,,0.0,,0.0,,0.0,,0.0,,0.0,,0.0,,0.0,,0.0,,0.0,,0.0,,0.0,,0.0,,0.0,,0.0,,0.0,,0.0,,0.0,,0.0,,0.0,,0.0,,0.0,,0.0,,0.0,,0.0,,0.0,,0.0,,,,,,,,0.0,,,,,,,,,,,,0.028565679876399845,0.0,0.05792899527365249,0.0,0.03000649857486399,0.0,0.033757183852902786,0.0,0.013980230152110735,0.0,0.0007099493161838954,0.0,0.10978459415491666,0.0,0.004211147399644728,0.0,0.037388115977149916,0.0,0.0,0.0,0.0010012300171727895,0.0,0.00032734299384171877,0.0,0.005478049231627627,0.0,0.005707179693405192,0.0,0.005186394069650917,0.0,0.0478103131517883,0.0,0.005250672611959691,0.0,0.08851612073081569,0.0,0.001172614996103631,0.0,0.0,,0.0,,0.0,,0.0,,0.0,,0.0,,0.0,,0.0,,,,,,,,,,,,,,,,,,,,,,0,0,54,8
8,region_08,2023-09-30,,,,,,,,,,,,,,,0.0006053040269762,0.0,,,,,,,,,,,,,,,,,,,,,,,,,0.0,0.0,,,,,,,,,,,,,0.0012516726038440428,0.0,0.0014404831515428553,0.0,0.0,0.0,0.0,0.0,0.0,0.0,0.01156240563112783,0.0,,,0.0,0.0,0.0,0.0,0.0,0.0,0.0,0.0,0.0,0.0,0.0,0.0,0.0,0.0,0.0,0.0,0.0,0.0,0.002647346804773949,0.0,0.23616997204547702,0.0,0.0015806836217004078,0.0,0.009926426809194424,0.0,0.0,0.0,0.001263045240193562,0.0,0.0,0.0,0.0,0.0,0.0951391296195132,0.0,0.013028689670961215,0.0,0.02108972352864432,0.0,0.007438488759446931,0.0,0.0153925251548311,0.0,0.007341481474509709,0.0,0.11310566139632255,0.0,0.01090918944793793,0.0,0.0172672461232413,0.0,0.0049486845254715925,0.0,0.0,,0.0,,0.0,,0.0,,0.0,,0.0,,0.0,,0.0,,0.0,,0.0,,0.0,,0.0,,0.0,,0.0,,0.0,,0.0,,0.0,,0.0,,0.0,,0.0,,0.0,,0.0,,0.0,,0.0,,0.0,,0.0,,0.0,,0.0,,0.0,,0.0,,0.0,,0.0,,0.0,,0.0,,0.0,,0.0,,0.0,,0.0,,0.0,,0.0,,,,,,,,0.0,,,,,,,,,,,,0.026938475202768996,0.0,0.050576552482587904,0.0,0.021240622758172224,0.0,0.03617121313893513,0.0,0.016650593341436443,0.0,0.0007978422077500725,0.0,0.1013708754908293,0.0,0.0015956844155001861,0.0,0.02816610096086711,0.0,0.0,0.0,0.0012689609984801791,0.0,0.0006546859876834375,0.0,0.005884473450308569,0.0,0.007268112369401458,0.0,0.004804183000720291,0.0,0.03632953225873233,0.0,0.0044846076594102,0.0,0.07145482873500775,0.0,0.0006344804884107302,0.0,0.0,,0.0,,0.0,,0.0,,0.0,,0.0,,0.0,,0.0,,,,,,,,,,,,,,,,,,,,,,0,0,54,9
8,region_08,2023-10-07,,,,,,,,,,,,,,,0.0003026520134881,0.0,,,,,,,,,,,,,,,,,,,,,,,,,0.0,0.0,,,,,,,,,,,,,0.0006258363019220214,0.0,0.0007202415757714277,0.0,0.0,0.0,0.0,0.0,0.0,0.0,0.007108582940075537,0.0,,,0.0,0.0,0.0,0.0,0.0,0.0,0.0,0.0,0.0,0.0,0.0,0.0,0.0,0.0,0.0,0.0,0.0004310980002628393,0.0,0.006661808588881057,0.0,0.21135313692992572,0.0,0.0024896780270960038,0.0,0.008299960393060447,0.0,0.0,0.0,0.0015022186983922206,0.0,0.0,0.0,0.0,0.0,0.09356806507068016,0.0,0.010195283027835548,0.0,0.019709114104938356,0.0,0.004751537294655059,0.0,0.024101443671887428,0.0,0.009703759168215857,0.0,0.13712540620629027,0.0,0.010952871414788373,0.0,0.018247392013144494,0.0,0.006119526190138036,0.0,0.0,,0.0,,0.0,,0.0,,0.0,,0.0,,0.0,,0.0,,0.0,,0.0,,0.0,,0.0,,0.0,,0.0,,0.0,,0.0,,0.0,,0.0,,0.0,,0.0,,0.0,,0.0,,0.0,,0.0,,0.0,,0.0,,0.0,,0.0,,0.0,,0.0,,0.0,,0.0,,0.0,,0.0,,0.0,,0.0,,0.0,,0.0,,0.0,,0.0,,,,,,,,0.0,,,,,,,,,,,,0.029508822697347788,0.0,0.036442307755351025,0.0,0.0173432009924019,0.0,0.06315308347641425,0.0,0.016618291565071608,0.0,0.00039892110387503623,0.0,0.10599738766904916,0.0,0.0023118661585779954,0.0,0.02208016672070716,0.0,0.0,0.0,0.0016842225034643884,0.0,0.00032734299384171877,0.0,0.008441802636666815,0.0,0.006803449975253895,0.0,0.0031143101393131217,0.0,0.034374131596774014,0.0,0.003953675126256155,0.0,0.06372405280248727,0.0,0.000759700284036591,0.0,0.0,,0.0,,0.0,,0.0,,0.0,,0.0,,0.0,,0.0,,,,,,,,,,,,,,,,,,,,,,0,0,54,10
8,region_08,2023-10-14,,,,,,,,,,,,,,,0.0,0.0,,,,,,,,,,,,,,,,,,,,,,,,,0.0,0.0,,,,,,,,,,,,,0.0,0.0,0.0,0.0,0.0,0.0,0.0,0.0,0.0,0.0,0.0026547602490232447,0.0,,,0.0,0.0,0.0,0.0,0.0,0.0,0.0,0.0,0.0,0.0,0.0,0.0,0.0,0.0,0.0,0.0,0.0008621960005256786,0.0,0.010676270372988165,0.0,0.18653630181437442,0.0,0.0033986724324916,0.0,0.006673493976926471,0.0,0.0,0.0,0.0017413921565908792,0.0,0.0,0.0,0.0,0.0,0.09199700052184714,0.0,0.007361876384709879,0.0,0.01832850468123239,0.0,0.002064585829863188,0.0,0.03281036218894376,0.0,0.012066036861922005,0.0,0.161145151016258,0.0,0.010996553381638819,0.0,0.01922753790304769,0.0,0.007290367854804479,0.0,0.0,,0.0,,0.0,,0.0,,0.0,,0.0,,0.0,,0.0,,0.0,,0.0,,0.0,,0.0,,0.0,,0.0,,0.0,,0.0,,0.0,,0.0,,0.0,,0.0,,0.0,,0.0,,0.0,,0.0,,0.0,,0.0,,0.0,,0.0,,0.0,,0.0,,0.0,,0.0,,0.0,,0.0,,0.0,,0.0,,0.0,,0.0,,0.0,,0.0,,,,,,,,0.0,,,,,,,,,,,,0.032079170191926576,0.0,0.02230806302811414,0.0,0.01344577922663158,0.0,0.09013495381389339,0.0,0.01658598978870677,0.0,0.0,0.0,0.11062389984726902,0.0,0.003028047901655805,0.0,0.015994232480547207,0.0,0.0,0.0,0.0020994840084485977,0.0,0.0,0.0,0.010999131823025062,0.0,0.006338787581106332,0.0,0.0014244372779059523,0.0,0.0324187309348157,0.0,0.0034227425931021094,0.0,0.055993276869966815,0.0,0.0008849200796624517,0.0,0.0,,0.0,,0.0,,0.0,,0.0,,0.0,,0.0,,0.0,,,,,,,,,,,,,,,,,,,,,,0,0,54,11
8,region_08,2023-10-21,,,,,,,,,,,,,,,0.0,0.0,,,,,,,,,,,,,,,,,,,,,,,,,0.0,0.0,,,,,,,,,,,,,0.0,0.0,0.0,0.0,0.0,0.0,0.0,0.0,0.0,0.0,0.0026051098514305454,0.0,,,0.0,0.0,0.0,0.0,0.0,0.0,0.0,0.0,0.0,0.0,0.0,0.0,0.0,0.0,0.0,0.0,0.000819959020080204,0.0,0.005563999421878068,0.0,0.18880191079917402,0.0,0.0034039942547678392,0.0,0.006770494523534932,0.0,0.0,0.0,0.001230755741636459,0.0,0.0,0.0,0.0,0.0,0.09400680080666252,0.0,0.009985220457568736,0.0,0.01622033550492705,0.0,0.0015728911246688025,0.0,0.024835792788748916,0.0,0.02876483482707819,0.0,0.1821262947263133,0.0,0.018760120458835978,0.0,0.022093990473963626,0.0,0.010730355548695046,0.0,0.004619087657192695,1.0,0.0,,0.0,,0.0,,0.0,,0.0,,0.0,,0.0,,0.0,,0.0,,0.0,,0.0,,0.0,,0.0,,0.0,,0.0,,0.0,,0.0,,0.0,,0.0,,0.0,,0.0,,0.0,,0.0,,0.0,,0.0,,0.0,,0.0,,0.0,,0.0,,0.0,,0.0,,0.0,,0.0,,0.0,,0.0,,0.0,,0.0,,0.0,,0.0,,,,,,,,0.0,,,,,,,,,,,,0.020512003170890948,0.0,0.02785397936323919,0.0,0.010629304349514344,0.0,0.07111824431983876,0.0,0.014265776063049431,0.0,0.0016389458905905336,0.0,0.09776907504942169,0.0,0.002125588555160549,0.0,0.021050569018063438,0.0,0.0,0.0,0.0027702534978607963,0.0,0.002977992382107489,0.0,0.010326768163829273,0.0,0.005478857890483697,0.0,0.001633657400837526,0.0,0.025775420490428365,0.0,0.0030749015546993924,0.0,0.05056471478726178,0.0,0.0008588670893443329,0.0,0.0,,0.0,,0.0,,0.0,,0.0,,0.0,,0.0,,0.0,,,,,,,,,,,,,,,,,,,,,,1,0,54,0
8,region_08,2023-10-28,,,,,,,,,,,,,,,0.0,0.0,,,,,,,,,,,,,,,,,,,,,,,,,0.0,0.0,,,,,,,,,,,,,0.0,0.0,0.0,0.0,0.0,0.0,0.0,0.0,0.0,0.0,0.0025554594538378466,0.0,,,0.0,0.0,0.0,0.0,0.0,0.0,0.0,0.0,0.0,0.0,0.0,0.0,0.0,0.0,0.0,0.0,0.0007777220396347293,0.0,0.0004517284707679724,0.0,0.19106751978397365,0.0,0.0034093160770440785,0.0,0.006867495070143392,0.0,0.0,0.0,0.000720119326682039,0.0,0.0,0.0,0.0,0.0,0.09601660109147789,0.0,0.012608564530427592,0.0,0.01411216632862171,0.0,0.0010811964194744172,0.0,0.016861223388554072,0.0,0.04546363279223438,0.0,0.20310743843636858,0.0,0.02652368753603314,0.0,0.024960443044879564,0.0,0.014170343242585613,0.0,0.00923817531438539,0.0,0.0,,0.0,,0.0,,0.0,,0.0,,0.0,,0.0,,0.0,,0.0,,0.0,,0.0,,0.0,,0.0,,0.0,,0.0,,0.0,,0.0,,0.0,,0.0,,0.0,,0.0,,0.0,,0.0,,0.0,,0.0,,0.0,,0.0,,0.0,,0.0,,0.0,,0.0,,0.0,,0.0,,0.0,,0.0,,0.0,,0.0,,0.0,,0.0,,,,,,,,0.0,,,,,,,,,,,,0.008944836149855322,0.0,0.03339989569836424,0.0,0.007812829472397108,0.0,0.05210153482578415,0.0,0.011945562337392093,0.0,0.003277891781181067,0.0,0.08491425025157436,0.0,0.0012231292086652926,0.0,0.026106905555579672,0.0,0.0,0.0,0.0034410229872729953,0.0,0.005955984764214978,0.0,0.009654404504633483,0.0,0.004618928199861063,0.0,0.0018428775237691,0.0,0.019132110046041033,0.0,0.0027270605162966755,0.0,0.04513615270455675,0.0,0.0008328140990262139,0.0,0.0,,0.0,,0.0,,0.0,,0.0,,0.0,,0.0,,0.0,,,,,,,,,,,,,,,,,,,,,,0,0,55,1
8,region_08,2023-11-04,,,,,,,,,,,,,,,0.0,0.0,,,,,,,,,,,,,,,,,,,,,,,,,0.0,0.0,,,,,,,,,,,,,0.0,0.0,0.0,0.0,0.0,0.0,0.0,0.0,0.0,0.0,0.006823369753603748,0.0,,,0.0,0.0,0.0,0.0,0.0,0.0,0.0,0.0,0.0,0.0,0.0,0.0,0.0,0.0,0.0,0.0,0.00038886101981736466,0.0,0.0004639222050060257,0.0,0.17370706318240414,0.0,0.0038364558744145736,0.0,0.0059588623182739685,0.0,0.0,0.0,0.0014841152448665375,0.0,0.0,0.0,0.00030687275648230873,0.0,0.08653655536582927,0.0,0.009195552947662292,0.0,0.013820321743854488,0.0,0.003122611770196202,0.0,0.01814423818425157,0.0,0.03937610496273808,0.0,0.23575595813553504,0.0,0.02876734616760588,0.0,0.023973614576139578,0.0,0.02123607923276718,0.0,0.012704164304471119,0.0,0.0,,0.0,,0.0,,0.0,,0.0,,0.0,,0.0,,0.0,,0.0,,0.0,,0.0,,0.0,,0.0,,0.0,,0.0,,0.0,,0.0,,0.0,,0.0,,0.0,,0.0,,0.0,,0.0,,0.0,,0.0,,0.0,,0.0,,0.0,,0.0,,0.0,,0.0,,0.0,,0.0,,0.0,,0.0,,0.0,,0.0,,0.0,,0.0,,,,,,,,0.0,,,,,,,,,,,,0.01785794589118562,0.0,0.02183333967280171,0.0,0.007345747703679323,0.0,0.04573616174310836,0.0,0.017681608857986073,0.0,0.002048148552984742,0.0,0.08139498082395544,0.0,0.0031935781647916403,0.0,0.020490234433786846,0.0,0.0,0.0,0.0017205114936364977,0.0,0.003144821679193689,0.0,0.007395124666480773,0.0,0.004804363180123647,0.0,0.002497753910734494,0.0,0.0229436658600084,0.0,0.0023174638716194846,0.0,0.04170074874224758,0.0,0.004032654171921907,0.0,0.0,,0.0,,0.0,,0.0,,0.0,,0.0,,0.0,,0.0,,,,,,,,,,,,,,,,,,,,,,0,0,55,2
8,region_08,2023-11-11,,,,,,,,,,,,,,,0.0,0.0,,,,,,,,,,,,,,,,,,,,,,,,,0.0,0.0,,,,,,,,,,,,,0.0,0.0,0.0,0.0,0.0,0.0,0.0,0.0,0.0,0.0,0.01109128005336965,0.0,,,0.0,0.0,0.0,0.0,0.0,0.0,0.0,0.0,0.0,0.0,0.0,0.0,0.0,0.0,0.0,0.0,0.0,0.0,0.000476115939244079,0.0,0.15634660658083463,0.0,0.004263595671785069,0.0,0.0050502295664045455,0.0,0.0,0.0,0.002248111163051036,0.0,0.0,0.0,0.0006137455129646175,0.0,0.07705650964018067,0.0,0.00578254136489699,0.0,0.013528477159087266,0.0,0.005164027120917987,0.0,0.019427252979949065,0.0,0.03328857713324178,0.0,0.2684044778347015,0.0,0.031011004799178617,0.0,0.02298678610739959,0.0,0.028301815222948744,0.0,0.016170153294556847,0.0,0.0,,0.0,,0.0,,0.0,,0.0,,0.0,,0.0,,0.0,,0.0,,0.0,,0.0,,0.0,,0.0,,0.0,,0.0,,0.0,,0.0,,0.0,,0.0,,0.0,,0.0,,0.0,,0.0,,0.0,,0.0,,0.0,,0.0,,0.0,,0.0,,0.0,,0.0,,0.0,,0.0,,0.0,,0.0,,0.0,,0.0,,0.0,,0.0,,,,,,,,0.0,,,,,,,,,,,,0.026771055632515917,0.0,0.01026678364723918,0.0,0.006878665934961539,0.0,0.03937078866043257,0.0,0.023417655378580052,0.0,0.0008184053247884161,0.0,0.0778757113963365,0.0,0.005164027120917987,0.0,0.01487356331199402,0.0,0.0,0.0,0.0,0.0,0.0003336585941724,0.0,0.005135844828328062,0.0,0.0049897981603862305,0.0,0.0031526302976998878,0.0,0.02675522167397577,0.0,0.0019078672269422932,0.0,0.03826534477993841,0.0,0.0072324942448176,0.0,0.0,,0.0,,0.0,,0.0,,0.0,,0.0,,0.0,,0.0,,,,,,,,,,,,,,,,,,,,,,0,0,55,3
8,region_08,2023-11-18,,,,,,,,,,,,,,,0.0,0.0,,,,,,,,,,,,,,,,,,,,,,,,,0.0,0.0,,,,,,,,,,,,,0.0,0.0,0.0,0.0,0.00030549313744591554,0.0,0.0,0.0,0.0,0.0,0.014682574687887764,0.0,,,0.0,0.0,0.0,0.0,0.0,0.0,0.0,0.0,0.0,0.0,0.0,0.0,0.0,0.0,0.0,0.0,0.0,0.0,0.0002380579696220395,0.0,0.14985489727635132,0.0,0.004860563310917028,0.0,0.0030656806270567332,0.0,0.0,0.0,0.001124055581525518,0.0,0.0,0.0,0.00030687275648230873,0.0,0.09157019133933562,0.0,0.004283922918302025,0.0,0.010956196632485614,0.0,0.0028509522236256956,0.0,0.017424481812840606,0.0,0.039393418377858466,0.0,0.2814571308019833,0.0,0.03654211866004122,0.0,0.01973100138005997,0.0,0.03298595021478827,0.0,0.036667862598459,0.0,0.0,,0.0,,0.0,,0.0,,0.0,,0.0,,0.0,,0.0,,0.0,,0.0,,0.0,,0.0,,0.0,,0.0,,0.0,,0.0,,0.0,,0.0,,0.0,,0.0,,0.0,,0.0,,0.0,,0.0,,0.0,,0.0,,0.0,,0.0,,0.0,,0.0,,0.0,,0.0,,0.0,,0.0,,0.0,,0.0,,0.0,,0.0,,0.0,,,,,,,,0.0,,,,,,,,,,,,0.017463727067406884,0.0,0.010568899938311293,0.0,0.0045968328396646,0.0,0.041575137042396085,0.0,0.018153977198287416,0.0,0.000970610969583062,0.0,0.06432544953728972,0.0,0.00280933458222227,0.0,0.01503800146747375,0.0,0.0,0.0,0.0009439007665675153,0.0,0.0001668292970862,0.0,0.003694300755260238,0.0,0.006158655332858691,0.0,0.0015763151488499439,0.0,0.02053499492232376,0.0,0.0018475517966338568,0.0,0.03768501142705121,0.0,0.0036162471224088,0.0,0.0,,0.0,,0.0,,0.0,,0.0,,0.0,,0.0,,0.0,,,,,,,,,,,,,,,,,,,,,,0,0,55,4
8,region_08,2023-11-25,,,,,,,,,,,,,,,0.0,0.0,,,,,,,,,,,,,,,,,,,,,,,,,0.0,0.0,,,,,,,,,,,,,0.0,0.0,0.0,0.0,0.0006109862748918311,0.0,0.0,0.0,0.0,0.0,0.018273869322405878,0.0,,,0.0,0.0,0.0,0.0,0.0,0.0,0.0,0.0,0.0,0.0,0.0,0.0,0.0,0.0,0.0,0.0,0.0,0.0,0.0,0.0,0.14336318797186798,0.0,0.005457530950048987,0.0,0.0010811316877089208,0.0,0.0,0.0,0.0,0.0,0.0,0.0,0.0,0.0,0.10608387303849058,0.0,0.002785304471707059,0.0,0.00838391610588396,0.0,0.0005378773263334034,0.0,0.015421710645732148,0.0,0.04549825962247516,0.0,0.2945097837692652,0.0,0.04207323252090382,0.0,0.01647521665272035,0.0,0.037670085206627804,0.0,0.05716557190236114,0.0,0.0,,0.0,,0.0,,0.0,,0.0,,0.0,,0.0,,0.0,,0.0,,0.0,,0.0,,0.0,,0.0,,0.0,,0.0,,0.0,,0.0,,0.0,,0.0,,0.0,,0.0,,0.0,,0.0,,0.0,,0.0,,0.0,,0.0,,0.0,,0.0,,0.0,,0.0,,0.0,,0.0,,0.0,,0.0,,0.0,,0.0,,0.0,,0.0,,,,,,,,0.0,,,,,,,,,,,,0.00815639850229785,0.0,0.010871016229383405,0.0,0.0023149997443676616,0.0,0.0437794854243596,0.0,0.01289029901799478,0.0,0.0011228166143777078,0.0,0.05077518767824293,0.0,0.0004546420435265533,0.0,0.015202439622953479,0.0,0.0,0.0,0.0018878015331350306,0.0,0.0,0.0,0.0022527566821924135,0.0,0.007327512505331151,0.0,0.0,0.0,0.01431476817067175,0.0,0.0017872363663254205,0.0,0.03710467807416401,0.0,0.0,0.0,0.0,,0.0,,0.0,,0.0,,0.0,,0.0,,0.0,,0.0,,,,,,,,,,,,,,,,,,,,,,0,0,55,5
8,region_08,2023-12-02,,,,,,,,,,,,,,,0.0,0.0,,,,,,,,,,,,,,,,,,,,,,,,,0.0,0.0,,,,,,,,,,,,,0.0,0.0,0.0008778481401110723,0.0,0.00030549313744591554,0.0,0.0,0.0,0.0,0.0,0.021767057767083382,0.0,,,0.0,0.0,0.0,0.0,0.0,0.0,0.0,0.0,0.0,0.0,0.0,0.0,0.0,0.0,0.0,0.0,0.0,0.0,0.00022330119200288966,0.0,0.12687137984392932,0.0,0.005331195623628415,0.0,0.001320318046008771,0.0,0.0,0.0,0.0,0.0,0.0,0.0,0.0,0.0,0.08822201327992632,0.0,0.002959879918392744,0.0,0.010847154957293794,0.0,0.0002689386631667017,0.0,0.012678180651094424,0.0,0.04158841790024801,0.0,0.2862682634184503,0.0,0.038916315617305845,0.0,0.020042853169309267,0.0,0.0414951904921939,0.0,0.09029043855302188,0.0,0.0,,0.0,,0.0,,0.0,,0.0,,0.0004471794090931956,2.0,0.0,,0.0,,0.0002313147690276222,2.0,0.00023529977091430167,2.0,0.00023529977091430167,2.0,0.0,,0.0,,0.0,,0.0,,0.0,,0.0,,0.0,,0.0,,0.0,,0.0,,0.0,,0.0,,0.0,,0.0,,0.0,,0.0,,0.0,,0.0,,0.0,,0.0,,0.0,,0.0,,0.0,,0.0,,0.0,,0.0,,0.0,,0.0,,,,,,,,0.0,,,,,,,,,,,,0.009602278566513266,0.0,0.008711836496308302,0.0,0.0015107563293764524,0.0,0.034803424278895004,0.0,0.017086101624254946,0.0,0.002203637244651585,0.0,0.05607451212303763,0.0,0.00022732102176327665,0.0,0.009515651415935421,0.0,0.0,0.0,0.0009439007665675153,0.0,0.00043892407005552495,0.0,0.0027087704077378176,0.0,0.005353714975449256,0.0,0.0,0.0,0.01932505468393258,0.0,0.0018437844517493578,0.0,0.03364914833819341,0.0,0.0,0.0,0.0003712691551689482,2.0,0.0,,0.0,,0.0,,0.0,,0.0,,0.0,,0.0,,,,,,,,,,,,,,,,,,,,,,0,5,55,6
8,region_08,2023-12-09,,,,,,,,,,,,,,,0.0,0.0,,,,,,,,,,,,,,,,,,,,,,,,,0.0,0.0,,,,,,,,,,,,,0.0,0.0,0.0017556962802221447,0.0,0.0,0.0,0.0,0.0,0.0,0.0,0.025260246211760883,0.0,,,0.0,0.0,0.0,0.0,0.0,0.0,0.0,0.0,0.0,0.0,0.0,0.0,0.0,0.0,0.0,0.0,0.0,0.0,0.0004466023840057793,0.0,0.11037957171599067,0.0,0.005204860297207844,0.0,0.001559504404308621,0.0,0.0,0.0,0.0,0.0,0.0,0.0,0.0,0.0,0.07036015352136206,0.0,0.0031344553650784297,0.0,0.013310393808703627,0.0,0.0,0.0,0.0099346506564567,0.0,0.03767857617802086,0.0,0.2780267430676354,0.0,0.03575939871370787,0.0,0.023610489685898184,0.0,0.04532029577776,0.0,0.12341530520368262,0.0,0.0,,0.0,,0.0,,0.0,,0.0,,0.0008943588181863912,0.0,0.0,,0.0,,0.0004626295380552444,0.0,0.00047059954182860334,0.0,0.00047059954182860334,0.0,0.0,,0.0,,0.0,,0.0,,0.0,,0.0,,0.0,,0.0,,0.0,,0.0,,0.0,,0.0,,0.0,,0.0,,0.0,,0.0,,0.0,,0.0,,0.0,,0.0,,0.0,,0.0,,0.0,,0.0,,0.0,,0.0,,0.0,,0.0,,,,,,,,0.0,,,,,,,,,,,,0.011048158630728682,0.0,0.0065526567632332,0.0,0.0007065129143852433,0.0,0.0258273631334304,0.0,0.02128190423051511,0.0,0.003284457874925463,0.0,0.06137383656783232,0.0,0.0,0.0,0.0038288632089173657,0.0,0.0,0.0,0.0,0.0,0.0008778481401110499,0.0,0.0031647841332832216,0.0,0.0033799174455673617,0.0,0.0,0.0,0.024335341197193407,0.0,0.0019003325371732948,0.0,0.030193618602222812,0.0,0.0,0.0,0.0007425383103378964,0.0,0.0,,0.0,,0.0,,0.0,,0.0,,0.0,,0.0,,,,,,,,,,,,,,,,,,,,,,0,0,60,7
8,region_08,2023-12-16,,,,,,,,,,,,,,,0.0,0.0,,,,,,,,,,,,,,,,,,,,,,,,,0.0,0.0,,,,,,,,,,,,,0.0,0.0,0.0008778481401110723,0.0,0.0,0.0,0.0,0.0,0.0,0.0,0.03360010660661935,0.0,,,0.0,0.0,0.0,0.0,0.0,0.0,0.0,0.0,0.0,0.0,0.0,0.0,0.0,0.0,0.0,0.0,0.0,0.0,0.00022330119200288966,0.0,0.08577989031457234,0.0,0.003256731888442877,0.0,0.00110690307207377,0.0,0.0,0.0,0.0,0.0,0.0,0.0,0.0,0.0,0.05214238912956403,0.0,0.008277313341701203,0.0,0.008484403800668349,0.0,0.000386040668672625,0.0,0.009092874698097522,0.0,0.03139798941297659,0.0,0.23638684509529007,0.0,0.0362106555368046,0.0,0.019170759568597134,0.0,0.03935967418350759,0.0,0.23800551820848437,0.0,0.0,,0.0,,0.0,,0.0,,0.0,,0.0004471794090931956,0.0,0.0,,0.0017053909001073428,2.0,0.0002313147690276222,0.0,0.0005667872833630734,0.0,0.0021936044145452567,0.0,0.0,,0.0,,0.0,,0.0,,0.0,,0.0,,0.0,,0.0,,0.0,,0.0,,0.0,,0.0,,0.0,,0.0,,0.0,,0.0,,0.0,,0.0,,0.0,,0.0,,0.0,,0.0,,0.0,,0.0,,0.0,,0.0,,0.0,,0.0,,,,,,,,0.0,,,,,,,,,,,,0.011308592278510284,0.0,0.005835350535218432,0.0,0.00035325645719262163,0.0,0.028889042997939658,0.0,0.013096317493667155,0.0,0.003405771474171756,0.0,0.047030973299923826,0.0,0.0,0.0,0.003919360824863233,0.0,0.0,0.0,0.0,0.0,0.00043892407005552495,0.0,0.0022981061200560513,0.0,0.002850387751980562,0.0,0.0,0.0,0.022468510849744404,0.0,0.0009501662685866474,0.0,0.03113418065994559,0.0,0.0,0.0,0.002078249294884521,0.0,0.0,,0.0,,0.0,,0.0,,0.0,,0.0,,0.0,,,,,,,,,,,,,,,,,,,,,,0,1,60,8
8,region_08,2023-12-23,,,,,,,,,,,,,,,0.0,0.0,,,,,,,,,,,,,,,,,,,,,,,,,0.0,0.0,,,,,,,,,,,,,0.0,0.0,0.0,0.0,0.0,0.0,0.0,0.0,0.0,0.0,0.04193996700147782,0.0,,,0.0,0.0,0.0,0.0,0.0,0.0,0.0,0.0,0.0,0.0,0.0,0.0,0.0,0.0,0.0,0.0,0.0,0.0,0.0,0.0,0.061180208913154024,0.0,0.0013086034796779109,0.0,0.0006543017398389189,0.0,0.0,0.0,0.0,0.0,0.0,0.0,0.0,0.0,0.033924624737766,0.0,0.013420171318323976,0.0,0.0036584137926330734,0.0,0.00077208133734525,0.0,0.008251098739738345,0.0,0.02511740264793232,0.0,0.19474694712294469,0.0,0.036661912359901336,0.0,0.014731029451296085,0.0,0.03339905258925518,0.0,0.35259573121328613,0.0,0.0,,0.0,,0.0,,0.0,,0.0,,0.0,0.0,0.0,,0.0034107818002146856,0.0,0.0,0.0,0.0006629750248975433,0.0,0.00391660928726191,0.0,0.0,,0.0,,0.0,,0.0,,0.0,,0.0,,0.0,,0.0,,0.0,,0.0,,0.0,,0.0,,0.0,,0.0,,0.0,,0.0,,0.0,,0.0,,0.0,,0.0,,0.0,,0.0,,0.0,,0.0,,0.0,,0.0,,0.0,,0.0,,,,,,,,0.0,,,,,,,,,,,,0.011569025926291884,0.0,0.005118044307203662,0.0,0.0,0.0,0.03195072286244891,0.0,0.0049107307568192005,0.0,0.0035270850734180482,0.0,0.032688110032015334,0.0,0.0,0.0,0.0040098584408091,0.0,0.0,0.0,0.0,0.0,0.0,0.0,0.001431428106828881,0.0,0.002320858058393762,0.0,0.0,0.0,0.0206016805022954,0.0,0.0,0.0,0.032074742717668366,0.0,0.0,0.0,0.0034139602794311464,0.0,0.0,,0.0,,0.0,,0.0,,0.0,,0.0,,0.0,,,,,,,,,,,,,,,,,,,,,,0,0,61,9
8,region_08,2023-12-30,,,,,,,,,,,,,,,0.0,0.0,,,,,,,,,,,,,,,,,,,,,,,,,0.0,0.0,,,,,,,,,,,,,0.0,0.0,0.0,0.0,0.0,0.0,0.0,0.0,0.0,0.0,0.030491521038735852,0.0,,,0.0,0.0,0.0,0.0,0.0,0.0,0.0,0.0,0.0,0.0,0.0,0.0,0.0,0.0,0.0,0.0,0.0,0.0,0.0,0.0,0.050393193080607336,0.0,0.0006543017398389554,0.0,0.00134513067650484,0.0,0.0,0.0,0.0,0.0,0.0,0.0,0.0,0.0,0.02501863450743253,0.0,0.01024793970308404,0.0,0.003010641018385941,0.0,0.000386040668672625,0.0,0.00567855729849783,0.0,0.018484267172421846,0.0,0.16699266915046973,0.0,0.03569574157628405,0.0,0.014596162070488711,0.0,0.033339212963991685,0.0,0.45053059459883277,0.0,0.0,,0.0,,0.0,,0.0,,0.0,,0.00030884930867398235,0.0,0.0,,0.0039041812124195963,0.0,0.0008912951732916444,0.0,0.0007053931990715433,0.0,0.006273620715364764,0.0,0.0,,0.0,,0.0,,0.0,,0.0,,0.0,,0.0,,0.0,,0.0,,0.0,,0.0,,0.0022439699886100356,2.0,0.0,,0.0,,0.0,,0.0,,0.0,,0.0,,0.0,,0.0,,0.0,,0.0,,0.0,,0.0,,0.0,,0.0,,0.0,,0.0,,,,,,,,0.0,,,,,,,,,,,,0.013816585738418784,0.0,0.0029633404363249077,0.0,0.0,0.0,0.023161488823178696,0.0,0.0038064155281365654,0.0,0.0028916246297861757,0.0,0.020187764043738607,0.0,0.0,0.0,0.0027653307774748318,0.0,0.0,0.0,0.0,0.0,0.0,0.0,0.0007157140534144405,0.0,0.002017765647228953,0.0,0.0004970214431523098,0.0,0.020881155247075615,0.0,0.0007967732264660028,0.0,0.019276596282401796,0.0,0.0,0.0,0.007380470754079739,0.0,0.0,,0.0,,0.0,,0.0,,0.0,,0.0,,0.0,,,,,,,,,,,,,,,,,,,,,,0,1,61,10
8,region_08,2024-01-06,,,,,,,,,,,,,,,0.0,0.0,,,,,,,,,,,,,,,,,,,,,,,,,0.0,0.0,,,,,,,,,,,,,0.0,0.0,0.0,0.0,0.0,0.0,0.0,0.0,0.0,0.0,0.019043075075993884,0.0,,,0.0,0.0,0.0,0.0,0.0,0.0,0.0,0.0,0.0,0.0,0.0,0.0,0.0,0.0,0.0,0.0,0.0,0.0,0.0,0.0,0.03960617724806065,0.0,0.0,0.0,0.0020359596131707606,0.0,0.0,0.0,0.0,0.0,0.0,0.0,0.0,0.0,0.016112644277099058,0.0,0.007075708087844105,0.0,0.0023628682441388083,0.0,0.0,0.0,0.003106015857257314,0.0,0.01185113169691137,0.0,0.1392383911779948,0.0,0.03472957079266676,0.0,0.014461294689681338,0.0,0.0332793733387282,0.0,0.5484654579843794,0.0,0.0,,0.0,,0.0,,0.0,,0.0,,0.0006176986173479647,0.0,0.0,,0.004397580624624507,0.0,0.0017825903465832889,0.0,0.0007478113732455433,0.0,0.008630632143467617,0.0,0.0,,0.0,,0.0,,0.0,,0.0,,0.0,,0.0,,0.0,,0.0,,0.0,,0.0,,0.004487939977220071,0.0,0.0,,0.0,,0.0,,0.0,,0.0,,0.0,,0.0,,0.0,,0.0,,0.0,,0.0,,0.0,,0.0,,0.0,,0.0,,0.0,,,,,,,,0.0,,,,,,,,,,,,0.016064145550545684,0.0,0.000808636565446153,0.0,0.0,0.0,0.014372254783908479,0.0,0.0027021002994539307,0.0,0.002256164186154303,0.0,0.007687418055461877,0.0,0.0,0.0,0.0015208031141405638,0.0,0.0,0.0,0.0,0.0,0.0,0.0,0.0,0.0,0.0017146732360641445,0.0,0.0009940428863046196,0.0,0.021160629991855834,0.0,0.0015935464529320056,0.0,0.006478449847135231,0.0,0.0,0.0,0.011346981228728332,0.0,0.0,,0.0,,0.0,,0.0,,0.0,,0.0,,0.0,,,,,,,,,,,,,,,,,,,,,,0,0,62,11
8,region_08,2024-01-13,,,,,,,,,,,,,,,0.0,0.0,,,,,,,,,,,,,,,,,,,,,,,,,0.0,0.0,,,,,,,,,,,,,0.0,0.0,0.0012002124036799029,0.0,0.0,0.0,0.0,0.0,0.0,0.0,0.020843738953893333,0.0,,,0.0,0.0,0.0,0.0,0.0,0.0,0.0,0.0,0.0,0.0,0.0,0.0,0.0,0.0,0.0,0.0,0.0,0.0,0.0,0.0,0.02935676730703557,0.0,0.00043147915026304,0.0,0.0010179798065853803,0.0,0.0,0.0,0.0,0.0,0.0,0.0,0.0,0.0,0.016728388774056496,0.0,0.008878741530324502,0.0,0.0023816465257493072,0.0,0.0,0.0,0.001553007928628657,0.0,0.009015955426925822,0.0,0.10763404205942348,0.0,0.024518848152537537,0.0,0.009185455098382278,0.0,0.03381516031469356,0.0,0.6280590598573204,0.0,0.0,,0.0,,0.0,,0.0005358444302276071,2.0,0.00039359205547951005,2.0,0.0012671456899945382,0.0,0.0,,0.002612852540291198,0.0,0.0031279957383284224,0.0,0.0034437463686723367,0.0,0.012232087505981277,0.0,0.0,,0.0,,0.0,,0.0,,0.0,,0.0,,0.0,,0.0,,0.0,,0.0,,0.0,,0.0060864082437806395,0.0,0.0,,0.0,,0.0,,0.0,,0.0,,0.0,,0.0,,0.0,,0.0,,0.0,,0.0,,0.0,,0.0,,0.0,,0.0,,0.0,,,,,,,,0.0,,,,,,,,,,,,0.011274019390019357,0.0,0.0004043182827230765,0.0,0.0,0.0,0.009192598031811546,0.0,0.0033465749204402186,0.0,0.0011280820930771515,0.0,0.00746598748410751,0.0,0.0,0.0,0.0007604015570702819,0.0,0.0,0.0,0.0,0.0,0.0,0.0,0.0,0.0,0.00125869632918486,0.0,0.0004970214431523098,0.0,0.013165189672468386,0.0,0.0007967732264660028,0.0,0.005004124550540538,0.0,0.0,0.0,0.012077001538792844,0.0,0.0,,0.0,,0.0,,0.0,,0.0,,0.0,,0.0,,,,,,,,,,,,,,,,,,,,,,0,2,62,12
8,region_08,2024-01-20,,,,,,,,,,,,,,,0.0,0.0,,,,,,,,,,,,,,,,,,,,,,,,,0.0,0.0,,,,,,,,,,,,,0.0,0.0,0.0024004248073598057,0.0,0.0,0.0,0.0,0.0,0.0,0.0,0.022644402831792785,0.0,,,0.0,0.0,0.0,0.0,0.0,0.0,0.0,0.0,0.0,0.0,0.0,0.0,0.0,0.0,0.0,0.0,0.0,0.0,0.0,0.0,0.019107357366010495,0.0,0.00086295830052608,0.0,0.0,0.0,0.0,0.0,0.0,0.0,0.0,0.0,0.0,0.0,0.017344133271013938,0.0,0.010681774972804897,0.0,0.0024004248073598057,0.0,0.0,0.0,0.0,0.0,0.006180779156940274,0.0,0.07602969294085217,0.0,0.014308125512408315,0.0,0.00390961550708322,0.0,0.03435094729065891,0.0,0.7076526617302614,0.0,0.0,,0.0,,0.0,,0.0010716888604552141,0.0,0.0007871841109590201,0.0,0.0019165927626411117,0.0,0.0,,0.0008281244559578892,0.0,0.004473401130073555,0.0,0.00613968136409913,0.0,0.015833542868494938,0.0,0.0,,0.0,,0.0,,0.0,,0.0,,0.0,,0.0,,0.0,,0.0,,0.0,,0.0,,0.007684876510341207,0.0,0.0,,0.0,,0.0,,0.0,,0.0,,0.0,,0.0,,0.0,,0.0,,0.0,,0.0,,0.0,,0.0,,0.0,,0.0,,0.0,,,,,,,,0.0,,,,,,,,,,,,0.0064838932294930315,0.0,0.0,0.0,0.0,0.0,0.004012941279714614,0.0,0.003991049541426506,0.0,0.0,0.0,0.007244556912753143,0.0,0.0,0.0,0.0,0.0,0.0,0.0,0.0,0.0,0.0,0.0,0.0,0.0,0.0008027194223055757,0.0,0.0,0.0,0.005169749353080937,0.0,0.0,0.0,0.003529799253945846,0.0,0.0,0.0,0.012807021848857358,0.0,0.0,,0.0,,0.0,,0.0,,0.0,,0.0,,0.0,,,,,,,,,,,,,,,,,,,,,,0,0,64,13
8,region_08,2024-01-27,,,,,,,,,,,,,,,0.0003348450991325,0.0,,,,,,,,,,,,,,,,,,,,,,,,,0.0,0.0,,,,,,,,,,,,,0.0007202638115620697,0.0,0.0012002124036799029,0.0,0.0,0.0,0.0,0.0,0.0,0.0,0.019288723885684284,0.0,,,0.0,0.0,0.0,0.0,0.0,0.0,0.0,0.0,0.0,0.0,0.0,0.0,0.0,0.0,0.0,0.0,0.0006595688949649318,0.0,0.0,0.0,0.01137367307605655,0.0,0.00043147915026304,0.0,0.0,0.0,0.0,0.0,0.0,0.0,0.0,0.0,0.0,0.0,0.008672066635506969,0.0,0.006152289375074123,0.0,0.0012002124036799029,0.0,0.0,0.0,0.0,0.0,0.005151944055746281,0.0,0.054330852266181874,0.0,0.017096277295040433,0.0,0.0026143766485065417,0.0,0.02183115770218561,0.0,0.7595921570763868,0.0,0.0,,0.0,,0.0,,0.0005358444302276071,0.0,0.00039359205547951005,0.0,0.0022416551336686148,0.0,0.0,,0.0036245741180858876,0.0,0.004585649274910441,0.0,0.011257930224140435,0.0,0.01778783829261854,0.0,0.0,,0.0,,0.0,,0.0,,0.0,,0.0,,0.0,,0.0,,0.0,,0.0006711662126083883,2.0,0.0,,0.010015474698905388,0.0,0.0,,0.00053504463943205,2.0,0.0,,0.0,,0.0,,0.0,,0.0,,0.0,,0.0,,0.0,,0.0,,0.0,,0.0,,0.0,,0.0,,0.0,,,,,,,,0.0,,,,,,,,,,,,0.0038934613368372673,0.0,0.0,0.0,0.0,0.0,0.0027252469922047573,0.0,0.0028069266593849273,0.0,0.0,0.0,0.0048188874514639895,0.0,0.0,0.0,0.0,0.0,0.0,0.0,0.0,0.0,0.0,0.0,0.0,0.0,0.00040135971115278787,0.0,0.0,0.0,0.0025848746765404686,0.0,0.0,0.0,0.0032193482248894624,0.0,0.0,0.0,0.01735005062073465,0.0,0.0,,0.0,,0.0,,0.0,,0.0,,0.0,,0.0,,,,,,,,,,,,,,,,,,,,,,0,2,64,14
8,region_08,2024-02-03,,,,,,,,,,,,,,,0.000669690198265,0.0,,,,,,,,,,,,,,,,,,,,,,,,,0.0,0.0,,,,,,,,,,,,,0.0014405276231241393,0.0,0.0,0.0,0.0,0.0,0.0,0.0,0.0,0.0,0.015933044939575782,0.0,,,0.0,0.0,0.0,0.0,0.0,0.0,0.0,0.0,0.0,0.0,0.0,0.0,0.0,0.0,0.0,0.0,0.0013191377899298637,0.0,0.0,0.0,0.003639988786102606,0.0,0.0,0.0,0.0,0.0,0.0,0.0,0.0,0.0,0.0,0.0,0.0,0.0,0.0,0.0,0.0016228037773433485,0.0,0.0,0.0,0.0,0.0,0.0,0.0,0.004123108954552288,0.0,0.03263201159151158,0.0,0.01988442907767255,0.0,0.0013191377899298637,0.0,0.009311368113712302,0.0,0.8115316524225122,0.0,0.0,,0.0,,0.0,,0.0,0.0,0.0,0.0,0.0025667175046961183,0.0,0.0,,0.006421023780213885,0.0,0.004697897419747326,0.0,0.01637617908418174,0.0,0.01974213371674214,0.0,0.0,,0.0,,0.0,,0.0,,0.0,,0.0,,0.0,,0.0,,0.0,,0.0013423324252167766,0.0,0.0,,0.012346072887469568,0.0,0.0,,0.0010700892788641,0.0,0.0,,0.0,,0.0,,0.0,,0.0,,0.0,,0.0,,0.0,,0.0,,0.0,,0.0,,0.0,,0.0,,0.0,,,,,,,,0.0,,,,,,,,,,,,0.001303029444181503,0.0,0.0,0.0,0.0,0.0,0.0014375527046949,0.0,0.0016228037773433485,0.0,0.0,0.0,0.0023932179901748362,0.0,0.0,0.0,0.0,0.0,0.0,0.0,0.0,0.0,0.0,0.0,0.0,0.0,0.0,0.0,0.0,0.0,0.0,0.0,0.0,0.0,0.0029088971958330795,0.0,0.0,0.0,0.021893079392611942,0.0,0.0,,0.0,,0.0,,0.0,,0.0,,0.0,,0.0,,,,,,,,,,,,,,,,,,,,,,0,0,66,15
8,region_08,2024-02-10,,,,,,,,,,,,,,,0.0010983087122440251,0.0,,,,,,,,,,,,,,,,,,,,,,,,,0.0,0.0,,,,,,,,,,,,,0.0022467151719672367,0.0,0.0,0.0,0.0,0.0,0.0,0.0,0.0,0.0,0.009427926259915467,0.0,,,0.0,0.0,0.0,0.0,0.0,0.0,0.0,0.0,0.0,0.0,0.0,0.0,0.0,0.0,0.0,0.0,0.0006595688949649318,0.0,0.0,0.0,0.0029917305755410226,0.0,0.0008852988619103107,0.0,0.0,0.0,0.0,0.0,0.0,0.0,0.0,0.0,0.0,0.0,0.002808227274341088,0.0,0.003449645426096065,0.0,0.0,0.0,0.0,0.0,0.0,0.0,0.002061554477276144,0.0,0.025306575922478022,0.0,0.016872638255878966,0.0,0.0015448677568752425,0.0,0.0069906986405684005,0.0,0.788773358930666,0.0,0.0009094661024088417,2.0,0.0048763403901830125,2.0,0.005563471248994243,2.0,0.0026708839784165776,0.0,0.0,0.0,0.0038522605122590274,0.0,0.0,,0.010575053049251385,0.0,0.0056858064986213,0.0,0.024459278521438393,0.0,0.02954011143495634,0.0,0.0,,0.0,,0.0,,0.0,,0.0,,0.0,,0.0,,0.0,,0.0,,0.0018192146594325166,0.0,0.0,,0.013218217911863922,0.0,0.0,,0.00053504463943205,0.0,0.0,,0.0,,0.0,,0.0,,0.0,,0.0,,0.0,,0.0,,0.0,,0.0,,0.0,,0.0,,0.0,,0.0,,,,,,,,0.0,,,,,,,,,,,,0.0006515147220907515,0.0,0.0,0.0,0.0,0.0,0.0030330337878480516,0.0,0.0008114018886716742,0.0,0.0,0.0,0.002309479095856609,0.0,0.0,0.0,0.001244078841409622,0.0,0.0,0.0,0.0,0.0,0.0,0.0,0.0,0.0,0.0,0.0,0.0,0.0,0.0005956312525085848,0.0,0.0,0.0,0.0014544485979165397,0.0,0.0,0.0,0.02434784373534573,0.0,0.0,,0.0,,0.0,,0.0,,0.0,,0.0,,0.0,,,,,,,,,,,,,,,,,,,,,,0,3,66,16
8,region_08,2024-02-17,,,,,,,,,,,,,,,0.00152692722622305,0.0,,,,,,,,,,,,,,,,,,,,,,,,,0.0,0.0,,,,,,,,,,,,,0.0030529027208103343,0.0,0.0,0.0,0.0,0.0,0.0,0.0,0.0,0.0,0.0029228075802551516,0.0,,,0.0,0.0,0.0,0.0,0.0,0.0,0.0,0.0,0.0,0.0,0.0,0.0,0.0,0.0,0.0,0.0,0.0,0.0,0.0,0.0,0.0023434723649794396,0.0,0.0017705977238206213,0.0,0.0,0.0,0.0,0.0,0.0,0.0,0.0,0.0,0.0,0.0,0.005616454548682176,0.0,0.0052764870748487815,0.0,0.0,0.0,0.0,0.0,0.0,0.0,0.0,0.0,0.01798114025344447,0.0,0.013860847434085381,0.0,0.0017705977238206213,0.0,0.0046700291674245,0.0,0.7660150654388197,0.0,0.0018189322048176833,0.0,0.009752680780366025,0.0,0.011126942497988486,0.0,0.005341767956833155,0.0,0.0,0.0,0.005137803519821936,0.0,0.0,,0.014729082318288886,0.0,0.006673715577495274,0.0,0.032542377958695044,0.0,0.03933808915317054,0.0,0.0,,0.0,,0.0,,0.0,,0.0,,0.0,,0.0,,0.0,,0.0,,0.0022960968936482566,0.0,0.0,,0.014090362936258274,0.0,0.0,,0.0,0.0,0.0,,0.0,,0.0,,0.0,,0.0,,0.0,,0.0,,0.0,,0.0,,0.0,,0.0,,0.0,,0.0,,0.0,,,,,,,,0.0,,,,,,,,,,,,0.0,0.0,0.0,0.0,0.0,0.0,0.004628514871001203,0.0,0.0,0.0,0.0,0.0,0.0022257402015383814,0.0,0.0,0.0,0.002488157682819244,0.0,0.0,0.0,0.0,0.0,0.0,0.0,0.0,0.0,0.0,0.0,0.0,0.0,0.0011912625050171696,0.0,0.0,0.0,0.0,0.0,0.0,0.0,0.026802608078079514,0.0,0.0,,0.0,,0.0,,0.0,,0.0,,0.0,,0.0,,,,,,,,,,,,,,,,,,,,,,0,0,69,17
8,region_08,2024-02-24,,,,,,,,,,,,,,,0.000763463613111525,0.0,,,,,,,,,,,,,,,,,,,,,,,,,0.0,0.0,,,,,,,,,,,,,0.0015264513604051671,0.0,0.0009216842190653297,0.0,0.0,0.0,0.0,0.0,0.0,0.0,0.004620886899029902,0.0,,,0.0,0.0,0.0,0.0,0.0009216842190653297,0.0,0.0,0.0,0.0,0.0,0.0,0.0,0.0,0.0,0.0,0.0,0.0,0.0,0.0,0.0,0.0011717361824897198,0.0,0.00172194579020217,0.0,0.0,0.0,0.0,0.0,0.0,0.0,0.0,0.0,0.0,0.0,0.0038086842428817396,0.0,0.008236543790465452,0.0,0.0,0.0,0.0,0.0,0.0,0.0,0.0,0.0,0.012677307002983631,0.0,0.00776707064533455,0.0,0.00172194579020217,0.0,0.004230545886292137,0.0,0.7375926236719447,0.0,0.003552618234728728,0.0,0.006996318410529012,0.0,0.010988513457899248,0.0,0.006500714011640508,0.0,0.0,0.0,0.00844572121753691,0.0,0.0,,0.016432033086727728,0.0,0.007569270975956715,0.0,0.03674160912632937,0.0,0.051657365063398,0.0,0.0009513317471525049,2.0,0.0,,0.0,,0.0,,0.0,,0.0,,0.0009495725846915644,1.0,0.0,,0.0,,0.004073740767004542,0.0,0.0,,0.01672946355704746,0.0,0.0,,0.0,0.0,0.0,,0.0,,0.0,,0.0,,0.0,,0.0,,0.0,,0.0,,0.0,,0.0,,0.0,,0.0,,0.0,,0.0,,,,,,,,0.0,,,,,,,,,,,,0.0,0.0,0.0,0.0,0.0,0.0,0.0023142574355006014,0.0,0.0,0.0,0.0,0.0,0.0011128701007691907,0.0,0.0,0.0,0.001244078841409622,0.0,0.0,0.0,0.0,0.0,0.0,0.0,0.0,0.0,0.0,0.0,0.0,0.0,0.0005956312525085848,0.0,0.0,0.0,0.0009738470762385719,0.0,0.0,0.0,0.027143646231187195,0.0,0.0,,0.0,,0.0,,0.0,,0.0,,0.0,,0.0,,,,,,,,,,,,,,,,,,,,,,1,1,69,0
8,region_08,2024-03-02,,,,,,,,,,,,,,,0.0,0.0,,,,,,,,,,,,,,,,,,,,,,,,,0.0,0.0,,,,,,,,,,,,,0.0,0.0,0.0018433684381306593,0.0,0.0,0.0,0.0,0.0,0.0,0.0,0.006318966217804653,0.0,,,0.0,0.0,0.0,0.0,0.0018433684381306593,0.0,0.0,0.0,0.0,0.0,0.0,0.0,0.0,0.0,0.0,0.0,0.0,0.0,0.0,0.0,0.0,0.0,0.0016732938565837188,0.0,0.0,0.0,0.0,0.0,0.0,0.0,0.0,0.0,0.0,0.0,0.002000913937081303,0.0,0.011196600506082125,0.0,0.0,0.0,0.0,0.0,0.0,0.0,0.0,0.0,0.007373473752522793,0.0,0.0016732938565837188,0.0,0.0016732938565837188,0.0,0.003791062605159775,0.0,0.7091701819050696,0.0,0.005286304264639773,0.0,0.004239956040692,0.0,0.01085008441781001,0.0,0.0076596600664478615,0.0,0.0,0.0,0.011753638915251885,0.0,0.0,,0.018134983855166566,0.0,0.008464826374418156,0.0,0.0409408402939637,0.0,0.06397664097362546,0.0,0.0019026634943050099,0.0,0.0,,0.0,,0.0,,0.0,,0.0,,0.0018991451693831287,0.0,0.0,,0.0,,0.005851384640360826,0.0,0.0,,0.019368564177836646,0.0,0.0,,0.0,0.0,0.0,,0.0,,0.0,,0.0,,0.0,,0.0,,0.0,,0.0,,0.0,,0.0,,0.0,,0.0,,0.0,,0.0,,,,,,,,0.0,,,,,,,,,,,,0.0,0.0,0.0,0.0,0.0,0.0,0.0,0.0,0.0,0.0,0.0,0.0,0.0,0.0,0.0,0.0,0.0,0.0,0.0,0.0,0.0,0.0,0.0,0.0,0.0,0.0,0.0,0.0,0.0,0.0,0.0,0.0,0.0,0.0,0.0019476941524771438,0.0,0.0,0.0,0.02748468438429488,0.0,0.0,,0.0,,0.0,,0.0,,0.0,,0.0,,0.0,,,,,,,,,,,,,,,,,,,,,,0,0,71,1
8,region_08,2024-03-09,,,,,,,,,,,,,,,0.0,0.0,,,,,,,,,,,,,,,,,,,,,,,,,0.0,0.0,,,,,,,,,,,,,0.0,0.0,0.0009216842190653297,0.0,0.0,0.0,0.0,0.0,0.0,0.0,0.0031594831089023266,0.0,,,0.0,0.0,0.0,0.0,0.002195082914113255,0.0,0.0013474721760887952,0.0,0.0,0.0,0.0,0.0,0.0,0.0,0.0,0.0,0.0,0.0,0.0,0.0,0.0,0.0,0.0008366469282918594,0.0,0.0,0.0,0.0,0.0,0.0,0.0,0.0,0.0,0.0,0.0,0.0010004569685406516,0.0,0.010525283997037189,0.0,0.0,0.0,0.0,0.0,0.0,0.0,0.001304568816727424,0.0,0.00978140606340242,0.0,0.002047487242077332,0.0,0.0008366469282918594,0.0,0.0018955313025798876,0.0,0.6747743771138869,0.0,0.004185240409181718,0.0,0.0039354649525193495,0.0,0.008222678032082776,0.0,0.006481430925158425,0.0,0.0,0.0,0.00989314768512187,0.0,0.0,,0.010980484425090208,0.0,0.009671135978014335,0.0,0.07004550407054243,0.0,0.05302558126377643,0.0,0.0009513317471525049,0.0,0.0,,0.0,,0.0011958009214140216,2.0,0.0,,0.0,,0.0038458407216239218,0.0,0.0,,0.0,,0.021119978690209436,0.0,0.0,,0.022458679242325634,0.0,0.0,,0.0,0.0,0.0,,0.0,,0.0,,0.0,,0.0,,0.0,,0.0,,0.0,,0.0,,0.0,,0.0,,0.0,,0.0,,0.0,,,,,,,,0.0,,,,,,,,,,,,0.0,0.0,0.0,0.0,0.001304568816727424,0.0,0.0,0.0,0.0,0.0,0.0030458929362676564,0.0,0.00429463112396336,0.0,0.0,0.0,0.0,0.0,0.0,0.0,0.0,0.0,0.0,0.0,0.0,0.0,0.0,0.0,0.0,0.0,0.0,0.0,0.0,0.0,0.0021846873900240446,0.0,0.0,0.0,0.03516293390254885,0.0,0.0,,0.0,,0.0,,0.0,,0.0,,0.0,,0.0,,,,,,,,,,,,,,,,,,,,,,0,1,71,2
8,region_08,2024-03-16,,,,,,,,,,,,,,,0.0,0.0,,,,,,,,,,,,,,,,,,,,,,,,,0.0,0.0,,,,,,,,,,,,,0.0,0.0,0.0,0.0,0.0,0.0,0.0,0.0,0.0,0.0,0.0,0.0,,,0.0,0.0,0.0,0.0,0.00254679739009585,0.0,0.0026949443521775904,0.0,0.0,0.0,0.0,0.0,0.0,0.0,0.0,0.0,0.0,0.0,0.0,0.0,0.0,0.0,0.0,0.0,0.0,0.0,0.0,0.0,0.0,0.0,0.0,0.0,0.0,0.0,0.0,0.0,0.009853967487992252,0.0,0.0,0.0,0.0,0.0,0.0,0.0,0.002609137633454848,0.0,0.012189338374282046,0.0,0.002421680627570945,0.0,0.0,0.0,0.0,0.0,0.6403785723227041,0.0,0.0030841765537236634,0.0,0.0036309738643467,0.0,0.005595271646355543,0.0,0.00530320178386899,0.0,0.0,0.0,0.008032656454991856,0.0,0.0,,0.00382598499501385,0.0,0.010877445581610514,0.0,0.09915016784712115,0.0,0.0420745215539274,0.0,0.0,0.0,0.0,,0.0,,0.002391601842828043,0.0,0.0,,0.0,,0.005792536273864715,0.0,0.0,,0.0,,0.03638857274005805,0.0,0.0,,0.02554879430681462,0.0,0.0,,0.0,0.0,0.0,,0.0,,0.0,,0.0,,0.0,,0.0,,0.0,,0.0,,0.0,,0.0,,0.0,,0.0,,0.0,,0.0,,,,,,,,0.0,,,,,,,,,,,,0.0,0.0,0.0,0.0,0.002609137633454848,0.0,0.0,0.0,0.0,0.0,0.006091785872535313,0.0,0.00858926224792672,0.0,0.0,0.0,0.0,0.0,0.0,0.0,0.0,0.0,0.0,0.0,0.0,0.0,0.0,0.0,0.0,0.0,0.0,0.0,0.0,0.0,0.002421680627570945,0.0,0.0,0.0,0.04284118342080282,0.0,0.0,,0.0,,0.0,,0.0,,0.0,,0.0,,0.0,,,,,,,,,,,,,,,,,,,,,,0,0,72,3
8,region_08,2024-03-23,,,,,,,,,,,,,,,0.0,0.0,,,,,,,,,,,,,,,,,,,,,,,,,0.0,0.0,,,,,,,,,,,,,0.0,0.0,0.0,0.0,0.0,0.0,0.0,0.0,0.0,0.0,0.0019365697021216444,0.0,,,0.0,0.0,0.0,0.0,0.001273398695047925,0.0,0.0013474721760887952,0.0,0.0,0.0,0.0,0.0,0.0,0.0,0.0,0.0,0.0034175347303971385,0.0,0.0,0.0,0.0,0.0,0.0,0.0,0.0,0.0,0.0,0.0,0.0,0.0,0.0,0.0,0.0,0.0,0.0,0.0,0.004926983743996126,0.0,0.0,0.0,0.0,0.0,0.0,0.0,0.001304568816727424,0.0,0.006094669187141023,0.0,0.0012108403137854726,0.0,0.0,0.0,0.0,0.0,0.6275278602642987,0.0,0.007792611523819595,0.0,0.00181548693217335,0.0,0.007395766869497753,0.0,0.008886015534611182,0.0,0.0017210323297019233,0.0,0.011642185409343,0.0,0.0,,0.009954477876557786,0.0,0.005438722790805257,0.0,0.10717401776719027,0.0,0.05881912278681255,0.0,0.0016890777042135351,0.0,0.0,,0.0,,0.00323691839973127,0.0,0.0,,0.0,,0.009287190939565808,0.0,0.0,,0.006248233299702376,2.0,0.029726294521242327,0.0,0.0,,0.03279304404609965,0.0,0.0,,0.0,0.0,0.0,,0.0,,0.0,,0.0,,0.0,,0.0,,0.0,,0.0,,0.0,,0.0,,0.0,,0.0,,0.0,,0.0,,,,,,,,0.0,,,,,,,,,,,,0.0,0.0,0.0,0.0,0.002972393937694284,0.0,0.0,0.0,0.0,0.0,0.0030458929362676564,0.0,0.00429463112396336,0.0,0.0,0.0,0.0,0.0,0.0,0.0,0.0,0.0,0.0,0.0,0.0,0.0,0.0,0.0,0.0,0.0,0.0,0.0,0.0,0.0,0.0012108403137854726,0.0,0.0,0.0,0.024862656369805284,0.0,0.0,,0.0,,0.0,,0.0,,0.0,,0.0,,0.0,,,,,,,,,,,,,,,,,,,,,,0,1,72,4
8,region_08,2024-03-30,,,,,,,,,,,,,,,0.0,0.0,,,,,,,,,,,,,,,,,,,,,,,,,0.0,0.0,,,,,,,,,,,,,0.0,0.0,0.0,0.0,0.0,0.0,0.0,0.0,0.0,0.0,0.003873139404243289,0.0,,,0.0,0.0,0.0,0.0,0.0,0.0,0.0,0.0,0.0,0.0,0.0,0.0,0.0,0.0,0.0,0.0,0.006835069460794277,0.0,0.0,0.0,0.0,0.0,0.0,0.0,0.0,0.0,0.0,0.0,0.0,0.0,0.0,0.0,0.0,0.0,0.0,0.0,0.0,0.0,0.0,0.0,0.0,0.0,0.0,0.0,0.0,0.0,0.0,0.0,0.0,0.0,0.0,0.0,0.0,0.0,0.6146771482058934,0.0,0.012501046493915527,0.0,0.0,0.0,0.009196262092639964,0.0,0.012468829285353375,0.0,0.0034420646594038465,0.0,0.015251714363694142,0.0,0.0,,0.016082970758101722,0.0,0.0,0.0,0.11519786768725937,0.0,0.0755637240196977,0.0,0.0033781554084270702,0.0,0.0,,0.0,,0.004082234956634496,0.0,0.0,,0.0,,0.0127818456052669,0.0,0.0,,0.012496466599404753,0.0,0.023064016302426608,0.0,0.0,,0.04003729378538468,0.0,0.0,,0.0,0.0,0.0,,0.0,,0.0,,0.0,,0.0,,0.0,,0.0,,0.0,,0.0,,0.0,,0.0,,0.0,,0.0,,0.0,,,,,,,,0.0,,,,,,,,,,,,0.0,0.0,0.0,0.0,0.00333565024193372,0.0,0.0,0.0,0.0,0.0,0.0,0.0,0.0,0.0,0.0,0.0,0.0,0.0,0.0,0.0,0.0,0.0,0.0,0.0,0.0,0.0,0.0,0.0,0.0,0.0,0.0,0.0,0.0,0.0,0.0,0.0,0.0,0.0,0.006884129318807749,0.0,0.0,,0.0,,0.0,,0.0,,0.0,,0.0,,0.0,,,,,,,,,,,,,,,,,,,,,,0,0,73,5
8,region_08,2024-04-06,,,,,,,,,,,,,,,0.0,0.0,,,,,,,,,,,,,,,,,,,,,,,,,0.0,0.0,,,,,,,,,,,,,0.0,0.0,0.0,0.0,0.0,0.0,0.0,0.0,0.0,0.0,0.0019365697021216444,0.0,,,0.0,0.0,0.0,0.0,0.0,0.0,0.0,0.0,0.0,0.0,0.0,0.0,0.0,0.0,0.0,0.0,0.0034175347303971385,0.0,0.0,0.0,0.0,0.0,0.0,0.0,0.0,0.0,0.0,0.0,0.0,0.0,0.0,0.0,0.0,0.0,0.004926288550320455,0.0,0.010743063473110544,0.0,0.0,0.0,0.0,0.0,0.0,0.0,0.0,0.0,0.004924737998018283,0.0,0.0,0.0,0.0,0.0,0.0,0.0,0.5474048932748181,0.0,0.009981866443662737,0.0,0.0,0.0,0.03614219223127707,0.0,0.01049348624455256,0.0,0.006677635554556813,0.0,0.022512214682225473,0.0,0.0,,0.012039530140879913,0.0,0.007115144834474257,0.0,0.12534241631094895,0.0,0.0798932622035442,0.0,0.0033871592464053456,0.0,0.0,,0.0,,0.022185735899724834,0.0,0.0,,0.0,,0.015225658359538187,0.0,0.0,,0.006248233299702376,0.0,0.01878835243312102,0.0,0.0,,0.021777374204248145,0.0,0.003998044761829051,2.0,0.0,0.0,0.0,,0.0,,0.0,,0.0,,0.0,,0.0,,0.0,,0.0,,0.0,,0.0,,0.0,,0.0,,0.0,,0.0,,,,,,,,0.0,,,,,,,,,,,,0.0,0.0,0.0,0.0,0.00166782512096686,0.0,0.0,0.0,0.0,0.0,0.0,0.0,0.0,0.0,0.0,0.0,0.0,0.0,0.0,0.0,0.0,0.0,0.0,0.0,0.0,0.0,0.0,0.0,0.0,0.0,0.0,0.0,0.0,0.0,0.0,0.0,0.0,0.0,0.008696156745177772,0.0,0.0052826809524385765,2.0,0.0,,0.0,,0.0,,0.0,,0.0,,0.0,,,,,,,,,,,,,,,,,,,,,,0,2,73,6
8,region_08,2024-04-13,,,,,,,,,,,,,,,0.0,0.0,,,,,,,,,,,,,,,,,,,,,,,,,0.0,0.0,,,,,,,,,,,,,0.0,0.0,0.0,0.0,0.0,0.0,0.0,0.0,0.0,0.0,0.0,0.0,,,0.0,0.0,0.0,0.0,0.0,0.0,0.0,0.0,0.0,0.0,0.0,0.0,0.0,0.0,0.0,0.0,0.0,0.0,0.0,0.0,0.0,0.0,0.0,0.0,0.0,0.0,0.0,0.0,0.0,0.0,0.0,0.0,0.0,0.0,0.00985257710064091,0.0,0.02148612694622109,0.0,0.0,0.0,0.0,0.0,0.0,0.0,0.0,0.0,0.009849475996036566,0.0,0.0,0.0,0.0,0.0,0.0,0.0,0.4801326383437429,0.0,0.00746268639340995,0.0,0.0,0.0,0.06308812236991418,0.0,0.008518143203751745,0.0,0.00991320644970978,0.0,0.029772715000756803,0.0,0.0,,0.007996089523658104,0.0,0.014230289668948515,0.0,0.13548696493463855,0.0,0.08422280038739069,0.0,0.0033961630843836205,0.0,0.0,,0.0,,0.04028923684281518,0.0,0.0,,0.0,,0.01766947111380947,0.0,0.0,,0.0,0.0,0.014512688563815431,0.0,0.0,,0.003517454623111607,0.0,0.007996089523658103,0.0,0.0,0.0,0.0,,0.0,,0.0,,0.0,,0.0,,0.0,,0.0,,0.0,,0.0,,0.0,,0.0,,0.0,,0.0,,0.0,,,,,,,,0.0,,,,,,,,,,,,0.0,0.0,0.0,0.0,0.0,0.0,0.0,0.0,0.0,0.0,0.0,0.0,0.0,0.0,0.0,0.0,0.0,0.0,0.0,0.0,0.0,0.0,0.0,0.0,0.0,0.0,0.0,0.0,0.0,0.0,0.0,0.0,0.0,0.0,0.0,0.0,0.0,0.0,0.010508184171547794,0.0,0.010565361904877153,0.0,0.0,,0.0,,0.0,,0.0,,0.0,,0.0,,,,,,,,,,,,,,,,,,,,,,0,0,75,7
8,region_08,2024-04-20,,,,,,,,,,,,,,,0.0,0.0,,,,,,,,,,,,,,,,,,,,,,,,,0.0,0.0,,,,,,,,,,,,,0.0,0.0,0.0,0.0,0.0,0.0,0.0,0.0,0.0,0.0,0.0,0.0,,,0.0,0.0,0.0,0.0,0.0,0.0,0.0,0.0,0.0,0.0,0.0,0.0,0.0,0.0,0.0,0.0,0.0,0.0,0.0,0.0,0.0,0.0,0.0,0.0,0.0,0.0,0.0,0.0,0.0,0.0,0.0,0.0,0.0,0.0,0.004926288550320455,0.0,0.010743063473110544,0.0,0.0,0.0,0.0,0.0,0.0,0.0,0.0,0.0,0.014586962044372044,0.0,0.0,0.0,0.0,0.0,0.0,0.0,0.39803411066532135,0.0,0.009137685460570633,0.0,0.0,0.0,0.04160118122009345,0.0,0.022125474466332028,0.0,0.012595353440181967,0.0,0.022819948776652575,0.0,0.0,,0.006734372457555846,0.0,0.01220512426354814,0.0,0.1464828333950468,0.0,0.08264477093121392,0.0,0.009532055845071188,0.0,0.0,,0.0,,0.06760029361181091,0.0,0.0,,0.0050717964574383935,2.0,0.02635455883241121,0.0,0.0,,0.002298084720969174,0.0,0.028359473405378303,0.0,0.0,,0.016451390160779813,0.0,0.003998044761829051,0.0,0.002687675680068335,0.0,0.0,,0.0,,0.0,,0.0,,0.0,,0.0,,0.0,,0.0,,0.0,,0.0,,0.0,,0.0,,0.0,,0.0,,,,,,,,0.0,,,,,,,,,,,,0.0,0.0,0.0,0.0,0.0,0.0,0.0,0.0,0.0,0.0,0.0,0.0,0.0,0.0,0.0,0.0,0.0,0.0,0.0,0.0,0.0,0.0,0.0,0.0,0.0,0.0,0.0,0.0,0.0,0.0,0.0,0.0,0.0,0.0,0.0,0.0,0.0,0.0,0.022937794839630647,0.0,0.015810790299265427,0.0,0.0,,0.0,,0.0,,0.0,,0.0,,0.0,,,,,,,,,,,,,,,,,,,,,,0,1,75,8
8,region_08,2024-04-27,,,,,,,,,,,,,,,0.0,0.0,,,,,,,,,,,,,,,,,,,,,,,,,0.0,0.0,,,,,,,,,,,,,0.0,0.0,0.0,0.0,0.0,0.0,0.0,0.0,0.0,0.0,0.0,0.0,,,0.0,0.0,0.0,0.0,0.0,0.0,0.0,0.0,0.0,0.0,0.0,0.0,0.0,0.0,0.0,0.0,0.0,0.0,0.0,0.0,0.0,0.0,0.0,0.0,0.0,0.0,0.0,0.0,0.0,0.0,0.0,0.0,0.0,0.0,0.0,0.0,0.0,0.0,0.0,0.0,0.0,0.0,0.0,0.0,0.0,0.0,0.019324448092707523,0.0,0.0,0.0,0.0,0.0,0.0,0.0,0.3159355829868997,0.0,0.010812684527731315,0.0,0.0,0.0,0.02011424007027272,0.0,0.035732805728912305,0.0,0.015277500430654152,0.0,0.01586718255254835,0.0,0.0,,0.005472655391453589,0.0,0.010179958858147766,0.0,0.1574787018554551,0.0,0.08106674147503713,0.0,0.015667948605758753,0.0,0.0,,0.0,,0.09491135038080666,0.0,0.0,,0.010143592914876787,0.0,0.035039646551012944,0.0,0.0,,0.004596169441938348,0.0,0.04220625824694118,0.0,0.0,,0.02938532569844802,0.0,0.0,0.0,0.00537535136013667,0.0,0.0,,0.0,,0.0,,0.0,,0.0,,0.0,,0.0,,0.0,,0.0,,0.0,,0.0,,0.0,,0.0,,0.0,,,,,,,,0.0,,,,,,,,,,,,0.0,0.0,0.0,0.0,0.0,0.0,0.0,0.0,0.0,0.0,0.0,0.0,0.0,0.0,0.0,0.0,0.0,0.0,0.0,0.0,0.0,0.0,0.0,0.0,0.0,0.0,0.0,0.0,0.0,0.0,0.0,0.0,0.0,0.0,0.0,0.0,0.0,0.0,0.0353674055077135,0.0,0.021056218693653702,0.0,0.0,,0.0,,0.0,,0.0,,0.0,,0.0,,,,,,,,,,,,,,,,,,,,,,0,0,76,9
8,region_08,2024-05-04,,,,,,,,,,,,,,,0.0,0.0,,,,,,,,,,,,,,,,,,,,,,,,,0.0,0.0,,,,,,,,,,,,,0.0,0.0,0.0,0.0,0.0,0.0,0.0,0.0,0.0,0.0,0.0015647450453360149,0.0,,,0.0,0.0,0.0,0.0,0.0,0.0,0.0,0.0,0.0,0.0,0.0,0.0,0.0,0.0,0.0,0.0,0.0,0.0,0.0,0.0,0.0,0.0,0.0,0.0,0.0,0.0,0.0,0.0,0.0,0.0,0.0,0.0,0.0,0.0,0.0,0.0,0.0,0.0,0.0,0.0,0.0,0.0,0.0,0.0,0.0,0.0,0.009662224046353762,0.0,0.0,0.0,0.0,0.0,0.0,0.0,0.2652497407025802,0.0,0.022139074822281633,0.0,0.0,0.0,0.021529436528451067,0.0,0.05030392338004372,0.0,0.017884401291012517,0.0,0.019449124551900475,0.0,0.0,,0.004146461823780202,0.0,0.015056111177222546,0.0,0.17246487577046665,0.0,0.06040369369404968,0.0,0.019549177619554638,0.0,0.0027863569557666566,2.0,0.0013931784778833166,2.0,0.08995728289324136,0.0,0.0,,0.011181572782030903,0.0,0.07958902374071916,0.0,0.0,,0.0064834011718630236,0.0,0.026080863882920524,0.0,0.0035724039017050128,2.0,0.023617300356457337,0.0,0.002801002369745165,0.0,0.008784514929478321,0.0,0.0,,0.0,,0.0,,0.0,,0.0,,0.0,,0.0,,0.0,,0.0,,0.0,,0.0,,0.0,,0.0,,0.0,,,,,,,,0.0,,,,,,,,,,,,0.0,0.0,0.0,0.0,0.0,0.0,0.0,0.0,0.0,0.0,0.0,0.0,0.0,0.0,0.0,0.0,0.0,0.0,0.0,0.0,0.0,0.0,0.0,0.0,0.0,0.0,0.0,0.0,0.0,0.0,0.0,0.0,0.0,0.0,0.0,0.0,0.0,0.0,0.03515560185985152,0.0,0.011986565444170004,0.0,0.0,,0.0,,0.0,,0.0,,0.0,,0.0,,,,,,,,,,,,,,,,,,,,,,0,3,76,10
8,region_08,2024-05-11,,,,,,,,,,,,,,,0.0,0.0,,,,,,,,,,,,,,,,,,,,,,,,,0.0,0.0,,,,,,,,,,,,,0.0,0.0,0.0,0.0,0.0,0.0,0.0,0.0,0.0,0.0,0.0031294900906720297,0.0,,,0.0,0.0,0.0,0.0,0.0,0.0,0.0,0.0,0.0,0.0,0.0,0.0,0.0,0.0,0.0,0.0,0.0,0.0,0.0,0.0,0.0,0.0,0.0,0.0,0.0,0.0,0.0,0.0,0.0,0.0,0.0,0.0,0.0,0.0,0.0,0.0,0.0,0.0,0.0,0.0,0.0,0.0,0.0,0.0,0.0,0.0,0.0,0.0,0.0,0.0,0.0,0.0,0.0,0.0,0.21456389841826062,0.0,0.03346546511683195,0.0,0.0,0.0,0.02294463298662941,0.0,0.06487504103117514,0.0,0.02049130215137088,0.0,0.0230310665512526,0.0,0.0,,0.002820268256106815,0.0,0.01993226349629733,0.0,0.18745104968547818,0.0,0.03974064591306223,0.0,0.023430406633350522,0.0,0.005572713911533313,0.0,0.002786356955766633,0.0,0.08500321540567606,0.0,0.0,,0.012219552649185018,0.0,0.12413840093042536,0.0,0.0,,0.0083706329017877,0.0,0.009955469518899866,0.0,0.0071448078034100256,0.0,0.01784927501446665,0.0,0.00560200473949033,0.0,0.012193678498819971,0.0,0.0,,0.0,,0.0,,0.0,,0.0,,0.0,,0.0,,0.0,,0.0,,0.0,,0.0,,0.0,,0.0,,0.0,,,,,,,,0.0,,,,,,,,,,,,0.0,0.0,0.0,0.0,0.0,0.0,0.0,0.0,0.0,0.0,0.0,0.0,0.0,0.0,0.0,0.0,0.0,0.0,0.0,0.0,0.0,0.0,0.0,0.0,0.0,0.0,0.0,0.0,0.0,0.0,0.0,0.0,0.0,0.0,0.0,0.0,0.0,0.0,0.034943798211989535,0.0,0.0029169121946863072,0.0,0.0,,0.0,,0.0,,0.0,,0.0,,0.0,,,,,,,,,,,,,,,,,,,,,,0,0,79,11
8,region_08,2024-05-18,,,,,,,,,,,,,,,0.000695439055562,0.0,,,,,,,,,,,,,,,,,,,,,,,,,0.0,0.0,,,,,,,,,,,,,0.001416121548973,0.0,0.0,0.0,0.0,0.0,0.0,0.0,0.0,0.0,0.002979895692853284,0.0,,,0.0,0.0,0.0,0.0,0.0,0.0,0.0,0.0,0.0,0.0,0.0,0.0,0.0,0.0,0.0,0.0,0.0,0.0,0.0,0.0,0.0,0.0,0.0,0.0,0.0,0.0,0.0,0.0,0.0,0.0,0.0,0.0,0.0,0.0,0.0,0.0,0.0,0.0,0.0,0.0,0.0,0.0,0.0,0.0,0.0,0.0,0.0,0.0,0.0,0.0,0.0,0.0,0.0,0.0,0.17773283480302143,0.0,0.026214571874668278,0.0,0.0,0.0,0.02068445115002595,0.0,0.05814978442926942,0.0,0.025157639503404657,0.0,0.03179707723083315,0.0,0.0,,0.008515744174875675,0.0,0.011381282395665934,0.0,0.12558992739234648,0.0,0.02989065434658985,0.0,0.028340375631983918,0.0,0.005595201024940811,0.0,0.007373129638532752,0.0,0.08106146281999013,0.0,0.0,,0.04544911428820338,0.0,0.16836086619807322,0.0,0.0012907851487397916,1.0,0.014156754016876168,0.0,0.017674054090793263,0.0,0.013368083111029017,0.0,0.014426473902267728,0.0,0.004746184017642837,0.0,0.01926352490970801,0.0,0.0,,0.01870317640714345,2.0,0.0,,0.0,,0.0,,0.0,,0.0,,0.0012419118769078604,2.0,0.0,,0.0,,0.0,,0.0,,0.0,,0.0,,,,,,,,0.0,,,,,,,,,,,,0.0,0.0,0.0,0.0,0.0,0.0,0.0,0.0,0.0,0.0,0.0,0.0,0.0,0.0,0.0,0.0,0.0,0.0,0.0,0.0,0.0,0.0,0.0,0.0,0.0,0.0,0.0,0.0,0.0,0.0,0.0,0.0,0.0,0.0,0.0,0.0,0.0,0.0,0.026309929776835897,0.0,0.0033194158600504814,0.0,0.0,,0.0,,0.0,,0.0,,0.0,,0.0,,,,,,,,,,,,,,,,,,,,,,1,2,79,0
8,region_08,2024-05-25,,,,,,,,,,,,,,,0.001390878111124,0.0,,,,,,,,,,,,,,,,,,,,,,,,,0.0,0.0,,,,,,,,,,,,,0.002832243097946,0.0,0.0,0.0,0.0,0.0,0.0,0.0,0.0,0.0,0.0028303012950345384,0.0,,,0.0,0.0,0.0,0.0,0.0,0.0,0.0,0.0,0.0,0.0,0.0,0.0,0.0,0.0,0.0,0.0,0.0,0.0,0.0,0.0,0.0,0.0,0.0,0.0,0.0,0.0,0.0,0.0,0.0,0.0,0.0,0.0,0.0,0.0,0.0,0.0,0.0,0.0,0.0,0.0,0.0,0.0,0.0,0.0,0.0,0.0,0.0,0.0,0.0,0.0,0.0,0.0,0.0,0.0,0.14090177118778224,0.0,0.01896367863250461,0.0,0.0,0.0,0.018424269313422493,0.0,0.0514245278273637,0.0,0.029823976855438434,0.0,0.0405630879104137,0.0,0.0,,0.014211220093644535,0.0,0.0028303012950345384,0.0,0.06372880509921477,0.0,0.020040662780117475,0.0,0.033250344630617316,0.0,0.0056176881383483085,0.0,0.011959902321298871,0.0,0.07711971023430422,0.0,0.0,,0.07867867592722173,0.0,0.2125833314657211,0.0,0.002581570297479583,0.0,0.019942875131964636,0.0,0.025392638662686665,0.0,0.01959135841864801,0.0,0.011003672790068805,0.0,0.0038903632957953457,0.0,0.02633337132059605,0.0,0.0,,0.0374063528142869,0.0,0.0,,0.0,,0.0,,0.0,,0.0,,0.002483823753815721,0.0,0.0,,0.0,,0.0,,0.0,,0.0,,0.0,,,,,,,,0.0,,,,,,,,,,,,0.0,0.0,0.0,0.0,0.0,0.0,0.0,0.0,0.0,0.0,0.0,0.0,0.0,0.0,0.0,0.0,0.0,0.0,0.0,0.0,0.0,0.0,0.0,0.0,0.0,0.0,0.0,0.0,0.0,0.0,0.0,0.0,0.0,0.0,0.0,0.0,0.0,0.0,0.01767606134168226,0.0,0.003721919525414656,0.0,0.0,,0.0,,0.0,,0.0,,0.0,,0.0,,,,,,,,,,,,,,,,,,,,,,0,0,82,1
8,region_08,2024-06-01,,,,,,,,,,,,,,,0.000695439055562,0.0,,,,,,,,,,,,,,,,,,,,,,,,,0.0,0.0,,,,,,,,,,,,,0.001416121548973,0.0,0.003065578662790334,0.0,0.0,0.0,0.0,0.0,0.0,0.0,0.0014151506475172692,0.0,,,0.0,0.0,0.0,0.0,0.0,0.0,0.0,0.0,0.0,0.0,0.0,0.0,0.0,0.0,0.0,0.0,0.0,0.0,0.0,0.0,0.0,0.0,0.0,0.0,0.0,0.0,0.0,0.0,0.0,0.0,0.0,0.0,0.0,0.0,0.0,0.0,0.0,0.0,0.0,0.0,0.0,0.0,0.0,0.0,0.0,0.0,0.0,0.0,0.0,0.0,0.0,0.0,0.0,0.0,0.10960633369243658,0.0,0.014667245934072544,0.0,0.0,0.0,0.01344326222243786,0.0,0.03523052509300978,0.0,0.02766441795401843,0.0,0.03968962295246971,0.0,0.0,,0.009014867411281578,0.0,0.0014151506475172692,0.0,0.05193421326045475,0.0,0.012332973949467854,0.0,0.04137545053488928,0.0,0.016126947302836876,0.0,0.008046678412938445,0.0,0.09072849489883447,0.0,0.0,,0.10654596736850702,0.0,0.2222488290071487,0.0,0.006204316741786849,0.0,0.02336887754499907,0.0,0.016891910337771314,0.0,0.01598117269718871,0.0,0.0064433106069022705,0.0,0.003716982890036839,0.0,0.05171235564809573,0.0,0.004645775848378711,2.0,0.03730372184266642,0.0,0.0,,0.0,,0.0,,0.0,,0.0,,0.0021235308643856813,0.0,0.0,,0.0,,0.0,,0.0,,0.0,,0.0,,,,,,,,0.0,,,,,,,,,,,,0.0,0.0,0.0,0.0,0.0,0.0,0.0,0.0,0.0,0.0,0.0,0.0,0.0,0.0,0.0,0.0,0.0,0.0,0.0,0.0,0.0,0.0,0.0,0.0,0.0,0.0,0.0,0.0,0.0,0.0,0.0,0.0,0.0,0.0,0.0,0.0,0.0,0.0,0.014572879022990237,0.0,0.007039724588394115,0.0,0.0,,0.0,,0.0,,0.0,,0.0,,0.0,,,,,,,,,,,,,,,,,,,,,,0,1,82,2
8,region_08,2024-06-08,,,,,,,,,,,,,,,0.0,0.0,,,,,,,,,,,,,,,,,,,,,,,,,0.0,0.0,,,,,,,,,,,,,0.0,0.0,0.006131157325580668,0.0,0.0,0.0,0.0,0.0,0.0,0.0,0.0,0.0,,,0.0,0.0,0.0,0.0,0.0,0.0,0.0,0.0,0.0,0.0,0.0,0.0,0.0,0.0,0.0,0.0,0.0,0.0,0.0,0.0,0.0,0.0,0.0,0.0,0.0,0.0,0.0,0.0,0.0,0.0,0.0,0.0,0.0,0.0,0.0,0.0,0.0,0.0,0.0,0.0,0.0,0.0,0.0,0.0,0.0,0.0,0.0,0.0,0.0,0.0,0.0,0.0,0.0,0.0,0.07831089619709093,0.0,0.010370813235640479,0.0,0.0,0.0,0.008462255131453229,0.0,0.019036522358655862,0.0,0.02550485905259843,0.0,0.038816157994525716,0.0,0.0,,0.00381851472891862,0.0,0.0,0.0,0.040139621421694714,0.0,0.004625285118818232,0.0,0.04950055643916125,0.0,0.02663620646732544,0.0,0.004133454504578021,0.0,0.10433727956336473,0.0,0.0,,0.13441325880979232,0.0,0.2319143265485763,0.0,0.009827063186094113,0.0,0.026794879958033507,0.0,0.008391182012855965,0.0,0.012370986975729413,0.0,0.0018829484237357361,0.0,0.003543602484278332,0.0,0.07709133997559542,0.0,0.009291551696757421,0.0,0.03720109087104594,0.0,0.0,,0.0,,0.0,,0.0,,0.0,,0.0017632379749556416,0.0,0.0,,0.0,,0.0,,0.0,,0.0,,0.0,,,,,,,,0.0,,,,,,,,,,,,0.0,0.0,0.0,0.0,0.0,0.0,0.0,0.0,0.0,0.0,0.0,0.0,0.0,0.0,0.0,0.0,0.0,0.0,0.0,0.0,0.0,0.0,0.0,0.0,0.0,0.0,0.0,0.0,0.0,0.0,0.0,0.0,0.0,0.0,0.0,0.0,0.0,0.0,0.011469696704298215,0.0,0.010357529651373576,0.0,0.0,,0.0,,0.0,,0.0,,0.0,,0.0,,,,,,,,,,,,,,,,,,,,,,0,0,83,3
8,region_08,2024-06-15,,,,,,,,,,,,,,,0.0006876675834064146,0.0,,,,,,,,,,,,,,,,,,,,,,,,,0.0,0.0,,,,,,,,,,,,,0.0006618962506763413,0.0,0.003065578662790334,0.0,0.0,0.0,0.0,0.0,0.0,0.0,0.0,0.0,,,0.0,0.0,0.0,0.0,0.0,0.0,0.0,0.0,0.0,0.0,0.0,0.0,0.0,0.0,0.0,0.0,0.0,0.0,0.0,0.0,0.0,0.0,0.0,0.0,0.0,0.0,0.0,0.0,0.0,0.0,0.0,0.0,0.0,0.0,0.0,0.0,0.0,0.0,0.0,0.0,0.0,0.0,0.0,0.0,0.0,0.0,0.0,0.0,0.0,0.0,0.0,0.0,0.0,0.0,0.06390592374879377,0.0,0.014092446228799673,0.0,0.0,0.0,0.007191091993978818,0.0,0.01821452945315584,0.0,0.02673115562104305,0.0,0.025549705186027175,0.0,0.0006649859357051845,2.0,0.008284471604662584,0.0,0.0,0.0,0.024308821219019543,0.0,0.0045330468937754154,0.0,0.046144744402595875,0.0,0.028371961376008836,0.0,0.012230566537861354,0.0,0.08909720680105823,0.0,0.004595330196686739,2.0,0.1276599047928335,0.0,0.27226644268502354,0.0,0.013828934839693784,0.0,0.019240683938454167,0.0,0.0041955910064279825,0.0,0.03502711535120999,0.0,0.0015945713171579639,0.0,0.004415770889415047,0.0,0.08816159216930032,0.0,0.004645775848378711,0.0,0.02898188071170197,0.0,0.0,,0.0,,0.0,,0.0,,0.0,,0.0036542213468540256,0.0,0.0,,0.0,,0.0,,0.0,,0.0,,0.0,,,,,,,,0.0,,,,,,,,,,,,0.0,0.0,0.0,0.0,0.0,0.0,0.0,0.0,0.0,0.0,0.0,0.0,0.0,0.0,0.0,0.0,0.0,0.0,0.0,0.0,0.0,0.0,0.0,0.0,0.0,0.0,0.0,0.0,0.0,0.0,0.0,0.0,0.0,0.0,0.0,0.0,0.0,0.0,0.006395840763968061,0.0,0.007153846744913555,0.0,0.0,,0.0,,0.0,,0.0,,0.0,,0.0,,,,,,,,,,,,,,,,,,,,,,0,2,83,4
8,region_08,2024-06-22,,,,,,,,,,,,,,,0.0013753351668128293,0.0,,,,,,,,,,,,,,,,,,,,,,,,,0.0,0.0,,,,,,,,,,,,,0.0013237925013526825,0.0,0.0,0.0,0.0,0.0,0.0,0.0,0.0,0.0,0.0,0.0,,,0.0,0.0,0.0,0.0,0.0,0.0,0.0,0.0,0.0,0.0,0.0,0.0,0.0,0.0,0.0,0.0,0.0,0.0,0.0,0.0,0.0,0.0,0.0,0.0,0.0,0.0,0.0,0.0,0.0,0.0,0.0,0.0,0.0,0.0,0.0,0.0,0.0,0.0,0.0,0.0,0.0,0.0,0.0,0.0,0.0,0.0,0.0,0.0,0.0,0.0,0.0,0.0,0.0,0.0,0.0495009513004966,0.0,0.017814079221958868,0.0,0.0,0.0,0.005919928856504408,0.0,0.017392536547655813,0.0,0.027957452189487673,0.0,0.012283252377528633,0.0,0.001329971871410369,0.0,0.012750428480406547,0.0,0.0,0.0,0.008478021016344374,0.0,0.0044408086687326,0.0,0.042788932366030506,0.0,0.03010771628469223,0.0,0.020327678571144685,0.0,0.07385713403875173,0.0,0.009190660393373478,0.0,0.1209065507758747,0.0,0.3126185588214708,0.0,0.017830806493293456,0.0,0.011686487918874826,0.0,0.0,0.0,0.057683243726690564,0.0,0.0013061942105801916,0.0,0.0052879392945517625,0.0,0.09923184436300522,0.0,0.0,0.0,0.020762670552357993,0.0,0.0,,0.0,,0.0,,0.0,,0.0,,0.005545204718752409,0.0,0.0,,0.0,,0.0,,0.0,,0.0,,0.0,,,,,,,,0.0,,,,,,,,,,,,0.0,0.0,0.0,0.0,0.0,0.0,0.0,0.0,0.0,0.0,0.0,0.0,0.0,0.0,0.0,0.0,0.0,0.0,0.0,0.0,0.0,0.0,0.0,0.0,0.0,0.0,0.0,0.0,0.0,0.0,0.0,0.0,0.0,0.0,0.0,0.0,0.0,0.0,0.001321984823637908,0.0,0.003950163838453533,0.0,0.0,,0.0,,0.0,,0.0,,0.0,,0.0,,,,,,,,,,,,,,,,,,,,,,0,0,85,5
8,region_08,2024-06-29,,,,,,,,,,,,,,,0.001343858655752143,0.0,,,,,,,,,,,,,,,,,,,,,,,,,0.0,0.0,,,,,,,,,,,,,0.0012907321797683367,0.0,0.0,0.0,0.0,0.0,0.0,0.0,0.0,0.0,0.0,0.0,,,0.0,0.0,0.0,0.0,0.0,0.0,0.0,0.0,0.0,0.0,0.0,0.0,0.0,0.0,0.0,0.0,0.0,0.0,0.0,0.0,0.0,0.0,0.0,0.0,0.0,0.0,0.0,0.0,0.0,0.0,0.0,0.0,0.0,0.0,0.0,0.0,0.0,0.0,0.0,0.0,0.0,0.0,0.0,0.0,0.0,0.0,0.003248855653826291,0.0,0.0,0.0,0.0,0.0,0.0,0.0,0.04445938846987223,0.0,0.013491323442144302,0.0,0.0,0.0,0.0035892236611697386,0.0,0.015263246738459812,0.0,0.02739414388391495,0.0,0.017418464436954963,0.0,0.0006649859357051845,0.0,0.006375214240203274,0.0,0.0,0.0,0.010431276497673999,0.0,0.003012684178943491,0.0,0.05070875310888567,0.0,0.03403199607020482,0.0,0.012702190870608056,0.0,0.07852723596222468,0.0,0.007822619761678936,0.0,0.13162884967247013,0.0,0.29629366358985065,0.0,0.03398370805856146,0.0,0.007729357344256935,0.0,0.0006284270759509717,0.0,0.04473021028536381,0.0,0.0006530971052900958,0.0,0.0037972178526114227,0.0,0.10494997352361675,0.0,0.0,0.0,0.021071355228069313,0.0,0.0,,0.0,,0.0,,0.0,,0.0,,0.010238302381037671,0.0,0.0,,0.0009007280168589001,2.0,0.0,,0.0,,0.0,,0.0,,,,,,,,0.0,,,,,,,,,,,,0.0,0.0,0.0,0.0,0.0,0.0,0.0,0.0,0.0,0.0,0.0,0.0,0.0,0.0,0.0,0.0,0.0,0.0,0.0,0.0,0.0,0.0,0.0,0.0,0.0,0.0,0.0,0.0,0.0,0.0,0.0,0.0,0.0,0.0,0.0,0.0,0.0,0.0,0.000660992411818954,0.0,0.005548841884339423,0.0,0.0,,0.0,,0.0,,0.0,,0.0,,0.0,,,,,,,,,,,,,,,,,,,,,,0,1,85,6
8,region_08,2024-07-06,,,,,,,,,,,,,,,0.0013123821446914565,0.0,,,,,,,,,,,,,,,,,,,,,,,,,0.0,0.0,,,,,,,,,,,,,0.0012576718581839908,0.0,0.0,0.0,0.0,0.0,0.0,0.0,0.0,0.0,0.0,0.0,,,0.0,0.0,0.0,0.0,0.0,0.0,0.0,0.0,0.0,0.0,0.0,0.0,0.0,0.0,0.0,0.0,0.0,0.0,0.0,0.0,0.0,0.0,0.0,0.0,0.0,0.0,0.0,0.0,0.0,0.0,0.0,0.0,0.0,0.0,0.0,0.0,0.0,0.0,0.0,0.0,0.0,0.0,0.0,0.0,0.0,0.0,0.006497711307652582,0.0,0.0,0.0,0.0,0.0,0.0,0.0,0.039417825639247846,0.0,0.009168567662329735,0.0,0.0,0.0,0.0012585184658350694,0.0,0.013133956929263809,0.0,0.026830835578342233,0.0,0.022553676496381295,0.0,0.0,0.0,0.0,0.0,0.0,0.0,0.012384531979003625,0.0,0.0015845596891543826,0.0,0.05862857385174083,0.0,0.03795627585571741,0.0,0.005076703170071426,0.0,0.08319733788569762,0.0,0.006454579129984395,0.0,0.14235114856906556,0.0,0.27996876835823054,0.0,0.05013660962382947,0.0,0.003772226769639043,0.0,0.0012568541519019435,0.0,0.031777176844037046,0.0,0.0,0.0,0.0023064964106710825,0.0,0.11066810268422828,0.0,0.0,0.0,0.02138003990378063,0.0,0.0,,0.0,,0.0,,0.0,,0.0,,0.014931400043322935,0.0,0.0,,0.0018014560337178001,0.0,0.0,,0.0,,0.0,,0.0,,,,,,,,0.0,,,,,,,,,,,,0.0,0.0,0.0,0.0,0.0,0.0,0.0,0.0,0.0,0.0,0.0,0.0,0.0,0.0,0.0,0.0,0.0,0.0,0.0,0.0,0.0,0.0,0.0,0.0,0.0,0.0,0.0,0.0,0.0,0.0,0.0,0.0,0.0,0.0,0.0,0.0,0.0,0.0,0.0,0.0,0.007147519930225313,0.0,0.0,,0.0,,0.0,,0.0,,0.0,,0.0,,,,,,,,,,,,,,,,,,,,,,0,0,86,7
8,region_08,2024-07-13,,,,,,,,,,,,,,,0.0008150755330342782,0.0,,,,,,,,,,,,,,,,,,,,,,,,,0.0,0.0,,,,,,,,,,,,,0.0009425233348294383,0.0,0.0,0.0,0.0,0.0,0.0,0.0,0.0,0.0,0.0,0.0,,,0.0,0.0,0.0,0.0,0.0,0.0,0.0,0.0,0.0,0.0,0.0,0.0,0.0,0.0,0.0,0.0,0.0,0.0,0.0,0.0,0.0003138729291756091,0.0,0.0,0.0,0.0,0.0,0.0,0.0,0.0,0.0,0.0,0.0,0.0,0.0,0.0,0.0,0.0,0.0,0.0,0.0,0.0,0.0,0.0,0.0,0.0,0.0,0.003248855653826291,0.0,0.0,0.0,0.0,0.0,0.0,0.0,0.03701812308281656,0.0,0.008044487763593743,0.0,0.0,0.0,0.0009292002740750872,0.0,0.010902775284970353,0.0,0.020144060735280273,0.0,0.01565108907072185,0.0,0.0003175371429488616,0.0,0.0002376364791416375,0.0,0.0005362727335357614,0.0,0.007742745834476308,0.0,0.0007922798445771913,0.0,0.04878984082019719,0.0,0.03497423339826547,0.0,0.002852224514211322,0.0,0.08591417793297401,0.0,0.005200185611928682,0.0,0.14171257314710273,0.0,0.283584675328298,0.0,0.09276350898047284,0.0,0.003939201702868048,0.0,0.0006284270759509717,0.0,0.03308875740619865,0.0,0.0,0.0,0.0014671211345111503,0.0,0.11184058948487471,0.0,0.0,0.0,0.022209691901847392,0.0,0.0,,0.0,,0.0,,0.0,,0.0,,0.01678671403751214,0.0,0.0,,0.0013936487731471556,0.0,0.0,,0.0,,0.0,,0.0,,,,,,,,0.0,,,,,,,,,,,,0.0,0.0,0.0,0.0,0.0,0.0,0.0,0.0,0.0,0.0,0.0,0.0,0.0,0.0,0.0,0.0,0.0,0.0,0.0,0.0,0.0,0.0,0.0,0.0,0.0005835187330376114,0.0,0.0,0.0,0.0,0.0,0.0,0.0,0.0,0.0,0.0,0.0,0.0,0.0,0.0,0.0,0.003982570995482306,0.0,0.0,,0.0,,0.0,,0.0,,0.0,,0.0,,,,,,,,,,,,,,,,,,,,,,0,0,86,8
8,region_08,2024-07-20,,,,,,,,,,,,,,,0.0003177689213771,0.0,,,,,,,,,,,,,,,,,,,,,,,,,0.0,0.0,,,,,,,,,,,,,0.0006273748114748858,0.0,0.0,0.0,0.0,0.0,0.0,0.0,0.0,0.0,0.0,0.0,,,0.0,0.0,0.0,0.0,0.0,0.0,0.0,0.0,0.0,0.0,0.0,0.0,0.0,0.0,0.0,0.0,0.0,0.0,0.0,0.0,0.0006277458583512182,0.0,0.0,0.0,0.0,0.0,0.0,0.0,0.0,0.0,0.0,0.0,0.0,0.0,0.0,0.0,0.0,0.0,0.0,0.0,0.0,0.0,0.0,0.0,0.0,0.0,0.0,0.0,0.0,0.0,0.0,0.0,0.0,0.0,0.034618420526385266,0.0,0.00692040786485775,0.0,0.0,0.0,0.000599882082315105,0.0,0.008671593640676899,0.0,0.013457285892218309,0.0,0.0087485016450624,0.0,0.0006350742858977232,0.0,0.000475272958283275,0.0,0.0010725454670715228,0.0,0.003100959689948991,0.0,0.0,0.0,0.03895110778865356,0.0,0.031992190940813535,0.0,0.0006277458583512182,0.0,0.0886310179802504,0.0,0.0039457920938729685,0.0,0.14107399772513993,0.0,0.2872005822983655,0.0,0.13539040833711619,0.0,0.004106176636097054,0.0,0.0,0.0,0.03440033796836025,0.0,0.0,0.0,0.0006277458583512182,0.0,0.11301307628552115,0.0,0.0,0.0,0.02303934389991415,0.0,0.0,,0.0,,0.0,,0.0,,0.0,,0.018642028031701344,0.0,0.0,,0.000985841512576511,0.0,0.0,,0.0,,0.0,,0.0,,,,,,,,0.0,,,,,,,,,,,,0.0,0.0,0.0,0.0,0.0,0.0,0.0,0.0,0.0,0.0,0.0,0.0,0.0,0.0,0.0,0.0,0.0,0.0,0.0,0.0,0.0,0.0,0.0,0.0,0.0011670374660752228,0.0,0.0,0.0,0.0,0.0,0.0,0.0,0.0,0.0,0.0,0.0,0.0,0.0,0.0,0.0,0.0008176220607392999,0.0,0.0,,0.0,,0.0,,0.0,,0.0,,0.0,,,,,,,,,,,,,,,,,,,,,,0,0,86,9
8,region_08,2024-07-27,,,,,,,,,,,,,,,0.00015888446068855,0.0,,,,,,,,,,,,,,,,,,,,,,,,,0.0,0.0,,,,,,,,,,,,,0.0003136874057374429,0.0,0.0,0.0,0.0,0.0,0.0,0.0,0.0,0.0,0.0,0.0,,,0.0,0.0,0.0,0.0,0.0,0.0,0.0,0.0,0.0,0.0,0.0,0.0,0.0,0.0,0.0,0.0,0.0,0.0,0.0,0.0,0.0003138729291756091,0.0,0.0,0.0,0.0,0.0,0.0,0.0,0.0,0.0,0.0,0.0,0.0,0.0,0.0,0.0,0.0,0.0,0.0,0.0,0.0,0.0,0.0,0.0,0.0,0.0,0.0,0.0,0.0,0.0,0.0,0.0,0.0,0.0,0.03118059062398966,0.0,0.006093250540714032,0.0,0.0,0.0,0.0002999410411575525,0.0,0.006077439981075233,0.0,0.016200946171634922,0.0,0.020838128455745147,0.0,0.0047260006921042924,0.0,0.0009205337191815,0.0,0.0005362727335357614,0.0,0.004295691121843274,0.0,0.0,0.0,0.038130817580081126,0.0,0.028495753595194212,0.0,0.0008585898126263365,0.0,0.07309956258635197,0.0,0.0045165089153063245,0.0,0.14217603329399767,0.0,0.27016448732707404,0.0,0.17552647367119784,0.0,0.003427697770454715,0.0,0.0002723584417253475,0.0,0.03176101204814199,0.0,0.0,0.0,0.0003138729291756091,0.0,0.10685433180381851,0.0,0.0,0.0,0.016351887420164135,0.0,0.0,,0.0,,0.0,,0.0,,0.0,,0.01576148342891507,0.0,0.0,,0.0016226082095979221,0.0,0.0,,0.0013639373758520925,2.0,0.0,,0.0,,,,,,,,0.0,,,,,,,,,,,,0.0,0.0,0.0,0.0,0.0,0.0,0.0,0.0,0.0,0.0,0.0,0.0,0.0,0.0,0.0,0.0,0.0,0.0,0.0,0.0,0.0,0.0,0.0,0.0,0.0005835187330376114,0.0,0.0,0.0,0.0,0.0,0.0,0.0,0.0,0.0,0.0,0.0,0.0,0.0,0.0,0.0,0.0007042942021256632,0.0,0.0014686257651957764,1.0,0.0,,0.0,,0.0,,0.0,,0.0,,,,,,,,,,,,,,,,,,,,,,1,1,86,0
8,region_08,2024-08-03,,,,,,,,,,,,,,,0.0,0.0,,,,,,,,,,,,,,,,,,,,,,,,,0.0,0.0,,,,,,,,,,,,,0.0,0.0,0.0,0.0,0.0,0.0,0.0,0.0,0.0,0.0,0.0,0.0,,,0.0,0.0,0.0,0.0,0.0,0.0,0.0,0.0,0.0,0.0,0.0,0.0,0.0,0.0,0.0,0.0,0.0,0.0,0.0,0.0,0.0,0.0,0.0,0.0,0.0,0.0,0.0,0.0,0.0,0.0,0.0,0.0,0.0,0.0,0.0,0.0,0.0,0.0,0.0,0.0,0.0,0.0,0.0,0.0,0.0,0.0,0.0,0.0,0.0,0.0,0.0,0.0,0.0,0.0,0.02774276072159405,0.0,0.005266093216570314,0.0,0.0,0.0,0.0,0.0,0.003483286321473567,0.0,0.018944606451051532,0.0,0.0329277552664279,0.0,0.008816927098310862,0.0,0.001365794480079725,0.0,0.0,0.0,0.0054904225537375576,0.0,0.0,0.0,0.037310527371508695,0.0,0.024999316249574893,0.0,0.001089433766901455,0.0,0.05756810719245354,0.0,0.005087225736739681,0.0,0.1432780688628554,0.0,0.2531283923557826,0.0,0.21566253900527949,0.0,0.0027492189048123764,0.0,0.000544716883450695,0.0,0.02912168612792373,0.0,0.0,0.0,0.0,0.0,0.10069558732211585,0.0,0.0,0.0,0.009664430940414123,0.0,0.0,,0.0,,0.0,,0.0,,0.0,,0.012880938826128799,0.0,0.0,,0.002259374906619333,0.0,0.0,,0.002727874751704185,0.0,0.0,,0.0,,,,,,,,0.0,,,,,,,,,,,,0.0,0.0,0.0,0.0,0.0,0.0,0.0,0.0,0.0,0.0,0.0,0.0,0.0,0.0,0.0,0.0,0.0,0.0,0.0,0.0,0.0,0.0,0.0,0.0,0.0,0.0,0.0,0.0,0.0,0.0,0.0,0.0,0.0,0.0,0.0,0.0,0.0,0.0,0.0,0.0,0.0005909663435120264,0.0,0.002937251530391553,0.0,0.0,,0.0,,0.0,,0.0,,0.0,,,,,,,,,,,,,,,,,,,,,,0,0,88,1
8,region_08,2024-08-10,,,,,,,,,,,,,,,0.0,0.0,,,,,,,,,,,,,,,,,,,,,,,,,0.0,0.0,,,,,,,,,,,,,0.0,0.0,0.0,0.0,0.0,0.0,0.0,0.0,0.0,0.0,0.0005118633533129225,0.0,,,0.0,0.0,0.0,0.0,0.0,0.0,0.0,0.0,0.0,0.0,0.0,0.0,0.0,0.0,0.0,0.0,0.0,0.0,0.0,0.0,0.0,0.0,0.0,0.0,0.0,0.0,0.0,0.0,0.0,0.0,0.0,0.0,0.0,0.0,0.0,0.0,0.0,0.0,0.0,0.0,0.0,0.0,0.0,0.0,0.0,0.0,0.00041280601688315264,0.0,0.0,0.0,0.0,0.0,0.0,0.0,0.02134580573894907,0.0,0.003372146473598752,0.0,0.00030689580440095455,0.0,0.0,0.0,0.004600105548824807,0.0,0.012252336594143032,0.0,0.01934333717217662,0.0,0.00721977652910233,0.0,0.0006828972400398625,0.0,0.0,0.0,0.0030821933967462314,0.0,0.0,0.0,0.03349954861083196,0.0,0.026035733469813034,0.0,0.0005447168834507275,0.0,0.05804481721532183,0.0,0.003586282687804918,0.0,0.13981821851216647,0.0,0.23773163607470071,0.0,0.26715169474482536,0.0,0.0021243975891668196,0.0,0.0008869768831094133,0.0,0.02401736866727111,0.0,0.0003199198334994972,0.0,0.0019465440040221198,0.0,0.09191342091285865,0.0,0.0035239364951848776,0.0,0.01051029153442115,0.0,0.0004333119307245286,2.0,0.0,,0.0,,0.0,,0.0,,0.013961654254951689,0.0,0.0,,0.0033827657397422,0.0,0.0,,0.0019353040399589425,0.0,0.0,,0.0,,,,,,,,0.0,,,,,,,,,,,,0.0,0.0,0.0,0.0,0.0,0.0,0.0,0.0,0.0,0.0,0.0,0.0,0.0,0.0,0.0,0.0,0.0,0.0,0.0,0.0,0.0,0.0,0.0,0.0,0.0,0.0,0.0,0.0,0.0,0.0,0.0,0.0,0.0,0.0,0.0,0.0,0.0,0.0,0.0,0.0,0.003706164965804278,0.0,0.005872881493384068,0.0,0.0,,0.0,,0.0,,0.0,,0.0,,,,,,,,,,,,,,,,,,,,,,0,1,88,2
8,region_08,2024-08-17,,,,,,,,,,,,,,,0.0,0.0,,,,,,,,,,,,,,,,,,,,,,,,,0.0,0.0,,,,,,,,,,,,,0.0,0.0,0.0,0.0,0.0,0.0,0.0,0.0,0.0,0.0,0.001023726706625845,0.0,,,0.0,0.0,0.0,0.0,0.0,0.0,0.0,0.0,0.0,0.0,0.0,0.0,0.0,0.0,0.0,0.0,0.0,0.0,0.0,0.0,0.0,0.0,0.0,0.0,0.0,0.0,0.0,0.0,0.0,0.0,0.0,0.0,0.0,0.0,0.0,0.0,0.0,0.0,0.0,0.0,0.0,0.0,0.0,0.0,0.0,0.0,0.0008256120337663053,0.0,0.0,0.0,0.0,0.0,0.0,0.0,0.014948850756304088,0.0,0.00147819973062719,0.0,0.0006137916088019091,0.0,0.0,0.0,0.005716924776176047,0.0,0.0055600667372345345,0.0,0.005758919077925339,0.0,0.0056226259598938,0.0,0.0,0.0,0.0,0.0,0.0006739642397549053,0.0,0.0,0.0,0.02968856985015523,0.0,0.027072150690051176,0.0,0.0,0.0,0.05852152723819012,0.0,0.002085339638870155,0.0,0.1363583681614775,0.0,0.2223348797936188,0.0,0.3186408504843712,0.0,0.001499576273521263,0.0,0.0012292368827681317,0.0,0.018913051206618493,0.0,0.0006398396669989944,0.0,0.0038930880080442396,0.0,0.08313125450360143,0.0,0.007047872990369755,0.0,0.011356152128428176,0.0,0.0008666238614490572,0.0,0.0,,0.0,,0.0,,0.0,,0.015042369683774577,0.0,0.0,,0.004506156572865067,0.0,0.0,,0.0011427333282137,0.0,0.0,,0.0,,,,,,,,0.0,,,,,,,,,,,,0.0,0.0,0.0,0.0,0.0,0.0,0.0,0.0,0.0,0.0,0.0,0.0,0.0,0.0,0.0,0.0,0.0,0.0,0.0,0.0,0.0,0.0,0.0,0.0,0.0,0.0,0.0,0.0,0.0,0.0,0.0,0.0,0.0,0.0,0.0,0.0,0.0,0.0,0.0,0.0,0.006821363588096529,0.0,0.008808511456376584,0.0,0.0,,0.0,,0.0,,0.0,,0.0,,,,,,,,,,,,,,,,,,,,,,0,0,89,3
8,region_08,2024-08-24,,,,,,,,,,,,,,,0.0,0.0,,,,,,,,,,,,,,,,,,,,,,,,,0.0,0.0,,,,,,,,,,,,,0.0,0.0,0.0,0.0,0.0,0.0,0.0,0.0,0.0,0.0,0.0005118633533129225,0.0,,,0.0,0.0,0.0,0.0,0.0,0.0,0.0,0.0,0.0,0.0,0.0,0.0,0.0,0.0,0.0,0.0,0.0,0.0,0.0,0.0,0.0,0.0,0.0,0.0,0.0,0.0,0.0,0.0,0.0,0.0,0.0,0.0,0.0,0.0,0.0,0.0,0.0,0.0,0.0,0.0,0.0,0.0,0.0,0.0,0.0,0.0,0.00041280601688315264,0.0,0.0,0.0,0.0,0.0,0.0,0.0,0.015079961924906229,0.0,0.0022445754239972344,0.0,0.00030689580440095455,0.0,0.0,0.0,0.0031779823640608763,0.0,0.013366663725556453,0.0,0.011135288409423044,0.0,0.007175790092263039,0.0,0.0,0.0,0.0,0.0,0.001066718982704129,0.0,0.0,0.0,0.0280091811691512,0.0,0.026099381635462757,0.0,0.0,0.0,0.04672989717995123,0.0,0.0020053643054173138,0.0,0.12713305727300933,0.0,0.2250190682665646,0.0,0.3195050549419487,0.0,0.0010693081127334842,0.0,0.0006146184413840658,0.0,0.01447525987842753,0.0,0.0003199198334994972,0.0,0.0027311700048525144,0.0,0.08225273314413636,0.0,0.004284610082524683,0.0,0.011649764253218661,0.0,0.0004333119307245286,0.0,0.0,,0.0,,0.0,,0.0,,0.01481765706604908,0.0,0.0,,0.007430724980723481,0.0,0.0,,0.0048094601866990536,0.0,0.003750869383414561,2.0,0.0,,,,,,,,0.0,,,,,,,,,,,,0.0,0.0,0.0,0.0,0.0,0.0,0.0,0.0,0.0,0.0,0.0,0.0,0.0,0.0,0.0,0.0,0.0,0.0,0.0,0.0,0.0,0.0,0.0,0.0,0.0,0.0,0.0,0.0,0.0,0.0,0.0,0.0,0.0,0.0,0.0,0.0,0.0,0.0,0.0,0.0,0.0039347431262476695,0.0,0.014540809990936153,0.0,0.0,,0.0,,0.0,,0.0,,0.0,,,,,,,,,,,,,,,,,,,,,,0,1,89,4
8,region_08,2024-08-31,,,,,,,,,,,,,,,0.0,0.0,,,,,,,,,,,,,,,,,,,,,,,,,0.0,0.0,,,,,,,,,,,,,0.0,0.0,0.0,0.0,0.0,0.0,0.0,0.0,0.0,0.0,0.0,0.0,,,0.0,0.0,0.0,0.0,0.0,0.0,0.0,0.0,0.0,0.0,0.0,0.0,0.0,0.0,0.0,0.0,0.0,0.0,0.0,0.0,0.0,0.0,0.0,0.0,0.0,0.0,0.0,0.0,0.0,0.0,0.0,0.0,0.0,0.0,0.0,0.0,0.0,0.0,0.0,0.0,0.0,0.0,0.0,0.0,0.0,0.0,0.0,0.0,0.0,0.0,0.0,0.0,0.0,0.0,0.01521107309350837,0.0,0.003010951117367279,0.0,0.0,0.0,0.0,0.0,0.0006390399519457055,0.0,0.021173260713878372,0.0,0.01651165774092075,0.0,0.008728954224632277,0.0,0.0,0.0,0.0,0.0,0.0014594737256533527,0.0,0.0,0.0,0.026329792488147177,0.0,0.025126612580874334,0.0,0.0,0.0,0.03493826712171233,0.0,0.0019253889719644723,0.0,0.11790774638454114,0.0,0.2277032567395104,0.0,0.32036925939952626,0.0,0.0006390399519457055,0.0,0.0,0.0,0.010037468550236567,0.0,0.0,0.0,0.0015692520016607895,0.0,0.0813742117846713,0.0,0.0015213471746796112,0.0,0.011943376378009147,0.0,0.0,0.0,0.0,,0.0,,0.0,,0.0,,0.014592944448323585,0.0,0.0,,0.010355293388581896,0.0,0.0,,0.008476187045184408,0.0,0.007501738766829122,0.0,0.0,,,,,,,,0.0,,,,,,,,,,,,0.0,0.0,0.0,0.0,0.0,0.0,0.0,0.0,0.0,0.0,0.0,0.0,0.0,0.0,0.0,0.0,0.0,0.0,0.0,0.0,0.0,0.0,0.0,0.0,0.0,0.0,0.0,0.0,0.0,0.0,0.0,0.0,0.0,0.0,0.0,0.0,0.0,0.0,0.0,0.0,0.0010481226643988106,0.0,0.02027310852549572,0.0,0.0,,0.0,,0.0,,0.0,,0.0,,,,,,,,,,,,,,,,,,,,,,0,0,90,5
8,region_08,2024-09-07,,,,,,,,,,,,,,,0.0,0.0,,,,,,,,,,,,,,,,,,,,,,,,,0.0,0.0,,,,,,,,,,,,,0.0,0.0,0.0005228549998719,0.0,0.0,0.0,0.0,0.0,0.0,0.0,0.0,0.0,,,0.0,0.0,0.0,0.0,0.0,0.0,0.0,0.0,0.0,0.0,0.0,0.0,0.0,0.0,0.0,0.0,0.0,0.0,0.0,0.0,0.0,0.0,0.0,0.0,0.0,0.0,0.0,0.0,0.0,0.0,0.0,0.0,0.0,0.0,0.0,0.0,0.0,0.0,0.0,0.0,0.0,0.0,0.0,0.0,0.0,0.0,0.0,0.0,0.0,0.0,0.0,0.0,0.0,0.0,0.011928866452630015,0.0,0.0033414130281569287,0.0,0.0,0.0,0.0,0.0,0.0006985958154674972,0.0,0.01530837867618669,0.0,0.010616164227637122,0.0,0.008760581831805926,0.0,0.0,0.0,0.0,0.0,0.0011088127023213207,0.0,0.0,0.0,0.019409079477495268,0.0,0.023529370534507616,0.0,0.0004816695211709,0.0,0.030392591608688187,0.0,0.002243701161609714,0.0,0.1090651159266046,0.0,0.21308801772575525,0.0,0.37371251369542613,0.0,0.0012717298361368805,0.0,0.0038195646797808116,0.0,0.007268869038943523,0.0,0.0,0.0,0.0007846260008303947,0.0,0.07696290379937953,0.0,0.0029101492998758974,0.0,0.009670884652765782,0.0,0.0,0.0,0.0,,0.0,,0.0,,0.0,,0.011441914835803126,0.0,0.0,,0.01877155524885485,0.0,0.0,,0.005540932403304204,0.0,0.003750869383414561,0.0,0.0,,,,,,,,0.0,,,,,,,,,,,,0.0,0.0,0.0,0.0,0.0,0.0,0.0,0.0,0.0,0.0,0.0,0.0,0.0,0.0,0.0,0.0,0.0,0.0,0.0,0.0,0.0,0.0,0.0,0.0,0.0,0.0,0.0,0.0,0.0,0.0,0.0,0.0,0.0,0.0,0.0,0.0,0.0,0.0,0.0,0.0,0.001999126179300319,0.0,0.0270729636533828,0.0,0.0,,0.0,,0.0013406561221927199,2.0,0.0,,0.0,,,,,,,,,,,,,,,,,,,,,,0,1,90,6
8,region_08,2024-09-14,,,,,,,,,,,,,,,0.0,0.0,,,,,,,,,,,,,,,,,,,,,,,,,0.0,0.0,,,,,,,,,,,,,0.0,0.0,0.0010457099997438,0.0,0.0,0.0,0.0,0.0,0.0,0.0,0.0,0.0,,,0.0,0.0,0.0,0.0,0.0,0.0,0.0,0.0,0.0,0.0,0.0,0.0,0.0,0.0,0.0,0.0,0.0,0.0,0.0,0.0,0.0,0.0,0.0,0.0,0.0,0.0,0.0,0.0,0.0,0.0,0.0,0.0,0.0,0.0,0.0,0.0,0.0,0.0,0.0,0.0,0.0,0.0,0.0,0.0,0.0,0.0,0.0,0.0,0.0,0.0,0.0,0.0,0.0,0.0,0.00864665981175166,0.0,0.003671874938946578,0.0,0.0,0.0,0.0,0.0,0.0007581516789892889,0.0,0.009443496638495006,0.0,0.0047206707143534945,0.0,0.008792209438979577,0.0,0.0,0.0,0.0,0.0,0.0007581516789892889,0.0,0.0,0.0,0.012488366466843362,0.0,0.021932128488140898,0.0,0.0009633390423418,0.0,0.025846916095664047,0.0,0.002562013351254956,0.0,0.10022248546866806,0.0,0.19847277871200014,0.0,0.42705576799132605,0.0,0.0019044197203280555,0.0,0.007639129359561623,0.0,0.0045002695276504774,0.0,0.0,0.0,0.0,0.0,0.07255159581408777,0.0,0.004298951425072184,0.0,0.007398392927522416,0.0,0.0,0.0,0.0,,0.0,,0.0,,0.0,,0.008290885223282666,0.0,0.0,,0.0271878171091278,0.0,0.0,,0.002605677761424,0.0,0.0,0.0,0.0,,,,,,,,0.0,,,,,,,,,,,,0.0,0.0,0.0,0.0,0.0,0.0,0.0,0.0,0.0,0.0,0.0,0.0,0.0,0.0,0.0,0.0,0.0,0.0,0.0,0.0,0.0,0.0,0.0,0.0,0.0,0.0,0.0,0.0,0.0,0.0,0.0,0.0,0.0,0.0,0.0,0.0,0.0,0.0,0.0,0.0,0.0029501296942018277,0.0,0.03387281878126988,0.0,0.0,,0.0,,0.0026813122443854398,0.0,0.0,,0.0,,,,,,,,,,,,,,,,,,,,,,0,0,91,7
8,region_08,2024-09-21,,,,,,,,,,,,,,,0.008119384176097788,0.0,,,,,,,,,,,,,,,,,,,,,,,,,0.0,0.0,,,,,,,,,,,,,0.0,0.0,0.0005228549998719,0.0,0.0,0.0,0.0,0.0,0.0,0.0,0.0,0.0,,,0.0,0.0,0.0,0.0,0.0,0.0,0.0,0.0,0.0,0.0,0.0,0.0,0.0,0.0,0.0,0.0,0.0,0.0,0.0,0.0,0.0,0.0,0.0,0.0,0.0,0.0,0.0,0.0,0.0,0.0,0.0,0.0,0.0,0.0,0.0,0.0,0.0,0.0,0.0,0.0,0.0,0.0,0.0,0.0,0.0,0.0,0.0,0.0,0.0,0.0,0.0,0.0,0.0,0.0,0.01043484781053083,0.0,0.001835937469473289,0.0,0.0,0.0,0.0,0.0,0.0010279445296396943,0.0,0.008198936119085135,0.0,0.005473205998229437,0.0,0.005808465129051023,0.0,0.0,0.0,0.0,0.0,0.00037907583949464447,0.0,0.0,0.0,0.010940135226834484,0.0,0.021052231289008044,0.0,0.0004816695211709,0.0,0.026916719662646398,0.0,0.001281006675627478,0.0,0.09879278720301737,0.0,0.1673801443051724,0.0,0.4478195219328909,0.0,0.0009522098601640278,0.0,0.0038195646797808116,0.0,0.006284915797984524,0.0,0.0,0.0,0.0,0.0,0.07048169950790262,0.0,0.005215734049747804,0.0,0.0066247145926656955,0.0,0.0006999427527521678,0.0,0.0,,0.0,,0.0,,0.0,,0.006363121608539977,0.0,0.0,,0.026357026491314134,0.0,0.0033907563103219305,2.0,0.0035345275223684536,0.0,0.0,0.0,0.0,,,,,,,,0.0,,,,,,,,,,,,0.0,0.0,0.0004770039085996969,0.0,0.0,0.0,0.0,0.0,0.0,0.0,0.0,0.0,0.0,0.0,0.0,0.0,0.0,0.0,0.0,0.0,0.0,0.0,0.0,0.0,0.0,0.0,0.0,0.0,0.0,0.0,0.0,0.0,0.0,0.0,0.0,0.0,0.0,0.0,0.0,0.0,0.0019520687557006108,0.0,0.041637139847605545,0.0,0.0,,0.0006987816663100538,2.0,0.00305243680486451,0.0,0.0,,0.0,,,,,,,,,,,,,,,,,,,,,,0,2,91,8
8,region_08,2024-09-28,,,,,,,,,,,,,,,0.016238768352195575,0.0,,,,,,,,,,,,,,,,,,,,,,,,,0.0,0.0,,,,,,,,,,,,,0.0,0.0,0.0,0.0,0.0,0.0,0.0,0.0,0.0,0.0,0.0,0.0,,,0.0,0.0,0.0,0.0,0.0,0.0,0.0,0.0,0.0,0.0,0.0,0.0,0.0,0.0,0.0,0.0,0.0,0.0,0.0,0.0,0.0,0.0,0.0,0.0,0.0,0.0,0.0,0.0,0.0,0.0,0.0,0.0,0.0,0.0,0.0,0.0,0.0,0.0,0.0,0.0,0.0,0.0,0.0,0.0,0.0,0.0,0.0,0.0,0.0,0.0,0.0,0.0,0.0,0.0,0.01222303580931,0.0,0.0,0.0,0.0,0.0,0.0,0.0,0.0012977373802901,0.0,0.006954375599675265,0.0,0.00622574128210538,0.0,0.0028247208191224693,0.0,0.0,0.0,0.0,0.0,0.0,0.0,0.0,0.0,0.009391903986825606,0.0,0.020172334089875194,0.0,0.0,0.0,0.02798652322962875,0.0,0.0,0.0,0.09736308893736667,0.0,0.13628750989834465,0.0,0.46858327587445575,0.0,0.0,0.0,0.0,0.0,0.00806956206831857,0.0,0.0,0.0,0.0,0.0,0.06841180320171746,0.0,0.0061325166744234235,0.0,0.005851036257808975,0.0,0.0013998855055043357,0.0,0.0,,0.0,,0.0,,0.0,,0.004435357993797288,0.0,0.0,,0.02552623587350047,0.0,0.006781512620643861,0.0,0.004463377283312907,0.0,0.0,0.0,0.0,,,,,,,,0.0,,,,,,,,,,,,0.0,0.0,0.0009540078171993938,0.0,0.0,0.0,0.0,0.0,0.0,0.0,0.0,0.0,0.0,0.0,0.0,0.0,0.0,0.0,0.0,0.0,0.0,0.0,0.0,0.0,0.0,0.0,0.0,0.0,0.0,0.0,0.0,0.0,0.0,0.0,0.0,0.0,0.0,0.0,0.0,0.0,0.0009540078171993938,0.0,0.04940146091394121,0.0,0.0,,0.0013975633326201076,0.0,0.0034235613653435804,0.0,0.0,,0.0,,,,,,,,,,,,,,,,,,,,,,0,0,93,9
8,region_08,2024-10-05,,,,,,,,,,,,,,,0.010452381482658236,0.0,,,,,,,,,,,,,,,,,,,,,,,,,0.0,0.0,,,,,,,,,,,,,0.0,0.0,0.0,0.0,0.0,0.0,0.0,0.0,0.0,0.0,0.0,0.0,,,0.0,0.0,0.0,0.0,0.0,0.0,0.0,0.0,0.0,0.0,0.0,0.0,0.0,0.0,0.0,0.0,0.0,0.0,0.0,0.0,0.0,0.0,0.0,0.0,0.0,0.0,0.0,0.0,0.0,0.0,0.0,0.0,0.0,0.0,0.0,0.0,0.0,0.0,0.0,0.0,0.0,0.0,0.0,0.0,0.0,0.0,0.0,0.0,0.0,0.0,0.0,0.0,0.0,0.0,0.0071282253989278215,0.0,0.0,0.0,0.0,0.0,0.0,0.0,0.0016568329038342,0.0,0.004478207824057759,0.0,0.005451118887867722,0.0,0.005840691290079355,0.0,0.0,0.0,0.0,0.0,0.0,0.0,0.0,0.0,0.007270119378489259,0.0,0.01956110968021673,0.0,0.0,0.0,0.022954381740419146,0.0,0.0,0.0,0.07719000322086841,0.0,0.1338965827443947,0.0,0.47756489156148374,0.0,0.0008982508016439599,0.0,0.0,0.0,0.0058382564517052565,0.0,0.0,0.0,0.0,0.0,0.043094388199011374,0.0,0.005561054138096865,0.0,0.0029255181289044876,0.0,0.0006999427527521678,0.0,0.0,,0.0,,0.0,,0.0,,0.003234386491171466,0.0,0.0,,0.029702053843842162,0.0,0.009152375645219073,0.0,0.004600097559607323,0.0,0.0,0.0,0.0,,,,,,,,0.0,,,,,,,,,,,,0.0,0.0,0.0004770039085996969,0.0,0.0,0.0,0.0,0.0,0.0,0.0,0.0,0.0,0.0,0.0,0.0,0.0,0.0,0.0,0.0,0.0,0.0,0.0,0.0,0.0,0.0,0.0,0.0,0.0,0.0,0.0,0.0,0.0,0.0,0.0,0.0,0.0,0.0,0.0,0.0,0.0,0.0004770039085996969,0.0,0.09851029037963595,0.0,0.0,,0.001646703261380546,0.0,0.00605194974923501,0.0,0.0,,0.0,,,,,,,,,,,,,,,,,,,,,,0,0,93,10
8,region_08,2024-10-12,,,,,,,,,,,,,,,0.004665994613120899,0.0,,,,,,,,,,,,,,,,,,,,,,,,,0.0,0.0,,,,,,,,,,,,,0.0,0.0,0.0,0.0,0.0,0.0,0.0,0.0,0.0,0.0,0.0,0.0,,,0.0,0.0,0.0,0.0,0.0,0.0,0.0,0.0,0.0,0.0,0.0,0.0,0.0,0.0,0.0,0.0,0.0,0.0,0.0,0.0,0.0,0.0,0.0,0.0,0.0,0.0,0.0,0.0,0.0,0.0,0.0,0.0,0.0,0.0,0.0,0.0,0.0,0.0,0.0,0.0,0.0,0.0,0.0,0.0,0.0,0.0,0.0,0.0,0.0,0.0,0.0,0.0,0.0,0.0,0.0020334149885456437,0.0,0.0,0.0,0.0,0.0,0.0,0.0,0.0020159284273783,0.0,0.002002040048440253,0.0,0.004676496493630063,0.0,0.00885666176103624,0.0,0.0,0.0,0.0,0.0,0.0,0.0,0.0,0.0,0.005148334770152914,0.0,0.01894988527055827,0.0,0.0,0.0,0.017922240251209545,0.0,0.0,0.0,0.057016917504370164,0.0,0.13150565559044478,0.0,0.4865465072485117,0.0,0.0017965016032879199,0.0,0.0,0.0,0.0036069508350919438,0.0,0.0,0.0,0.0,0.0,0.017776973196305293,0.0,0.004989591601770306,0.0,0.0,0.0,0.0,0.0,0.0,,0.0,,0.0,,0.0,,0.0020334149885456437,0.0,0.0,,0.03387787181418385,0.0,0.011523238669794284,0.0,0.004736817835901739,0.0,0.0,0.0,0.0,,,,,,,,0.0,,,,,,,,,,,,0.0,0.0,0.0,0.0,0.0,0.0,0.0,0.0,0.0,0.0,0.0,0.0,0.0,0.0,0.0,0.0,0.0,0.0,0.0,0.0,0.0,0.0,0.0,0.0,0.0,0.0,0.0,0.0,0.0,0.0,0.0,0.0,0.0,0.0,0.0,0.0,0.0,0.0,0.0,0.0,0.0,0.0,0.1476191198453307,0.0,0.0,,0.0018958431901409845,0.0,0.00868033813312644,0.0,0.0,,0.0,,,,,,,,,,,,,,,,,,,,,,0,0,93,11
8,region_08,2024-10-19,,,,,,,,,,,,,,,0.0023329973065604496,0.0,,,,,,,,,,,,,,,,,,,,,,,,,0.0,0.0,,,,,,,,,,,,,0.0,0.0,0.0,0.0,0.0,0.0,0.0,0.0,0.0,0.0,0.0,0.0,,,0.0,0.0,0.0,0.0,0.0,0.0,0.0,0.0,0.0,0.0,0.0,0.0,0.0,0.0,0.0,0.0,0.0,0.0,0.0,0.0,0.0,0.0,0.0,0.0,0.0,0.0,0.0,0.0,0.0,0.0,0.0,0.0,0.0,0.0,0.0,0.0,0.0,0.0,0.0,0.0,0.0,0.0,0.0,0.0,0.0,0.0,0.0,0.0,0.0,0.0,0.0,0.0,0.0,0.0,0.0038045450977126785,0.0,0.0,0.0,0.0,0.0,0.0,0.0,0.0021367809580017665,0.0,0.004685134622490074,0.0,0.010636518961594699,0.0,0.012656029152612233,0.0,0.0,0.0,0.0,0.0,0.0,0.0,0.0,0.0,0.0052888786098697575,0.0,0.01277400134519359,0.0,0.0,0.0,0.012173717393306966,0.0,0.0,0.0,0.05449626802777246,0.0,0.13838320242551463,0.0,0.4804570458747528,0.0,0.0008982508016439599,0.0,0.0,0.0,0.0018034754175459719,0.0,0.0,0.0,0.0,0.0,0.018005830092200345,0.0,0.005403904797276423,0.0,0.0010186944106992644,0.0,0.002164387094256043,0.0,0.0,,0.0,,0.0,,0.0,,0.002039803534474482,0.0,0.0,,0.03893671489398301,0.0,0.009556419896678226,0.0,0.0049746843556371465,0.0,0.0,0.0,0.0,,,,,,,,0.0,,,,,,,,,,,,0.0,0.0,0.0,0.0,0.0,0.0,0.0,0.0,0.0,0.0,0.0,0.0,0.0,0.0,0.0,0.0,0.0,0.0,0.0,0.0,0.0,0.0,0.0,0.0,0.0,0.0,0.0,0.0,0.0,0.0,0.0,0.0,0.0,0.0,0.0,0.0,0.0,0.0,0.0,0.0,0.0,0.0,0.16835066704079504,0.0,0.0,,0.0030898591010974155,0.0,0.01497001475654538,0.0,0.0,,0.0,,,,,,,,,,,,,,,,,,,,,,0,0,93,12
8,region_08,2024-10-26,,,,,,,,,,,,,,,0.0,0.0,,,,,,,,,,,,,,,,,,,,,,,,,0.0,0.0,,,,,,,,,,,,,0.0,0.0,0.0,0.0,0.0,0.0,0.0,0.0,0.0,0.0,0.0,0.0,,,0.0,0.0,0.0,0.0,0.0,0.0,0.0,0.0,0.0,0.0,0.0,0.0,0.0,0.0,0.0,0.0,0.0,0.0,0.0,0.0,0.0,0.0,0.0,0.0,0.0,0.0,0.0,0.0,0.0,0.0,0.0,0.0,0.0,0.0,0.0,0.0,0.0,0.0,0.0,0.0,0.0,0.0,0.0,0.0,0.0,0.0,0.0,0.0,0.0,0.0,0.0,0.0,0.0,0.0,0.0055756752068797134,0.0,0.0,0.0,0.0,0.0,0.0,0.0,0.002257633488625233,0.0,0.007368229196539893,0.0,0.016596541429559335,0.0,0.016455396544188226,0.0,0.0,0.0,0.0,0.0,0.0,0.0,0.0,0.0,0.0054294224495866,0.0,0.006598117419828913,0.0,0.0,0.0,0.006425194535404386,0.0,0.0,0.0,0.05197561855117475,0.0,0.1452607492605845,0.0,0.474367584500994,0.0,0.0,0.0,0.0,0.0,0.0,0.0,0.0,0.0,0.0,0.0,0.018234686988095394,0.0,0.00581821799278254,0.0,0.002037388821398529,0.0,0.004328774188512086,0.0,0.0,,0.0,,0.0,,0.0,,0.00204619208040332,0.0,0.0,,0.043995557973782164,0.0,0.00758960112356217,0.0,0.005212550875372554,0.0,0.0,0.0,0.0,,,,,,,,0.0,,,,,,,,,,,,0.0,0.0,0.0,0.0,0.0,0.0,0.0,0.0,0.0,0.0,0.0,0.0,0.0,0.0,0.0,0.0,0.0,0.0,0.0,0.0,0.0,0.0,0.0,0.0,0.0,0.0,0.0,0.0,0.0,0.0,0.0,0.0,0.0,0.0,0.0,0.0,0.0,0.0,0.0,0.0,0.0,0.0,0.18908221423625943,0.0,0.0,,0.004283875012053846,0.0,0.02125969137996432,0.0,0.0,,0.0,,,,,,,,,,,,,,,,,,,,,,0,0,93,13
8,region_08,2024-11-02,,,,,,,,,,,,,,,0.0016602832104333184,0.0,,,,,,,,,,,,,,,,,,,,,,,,,0.0,0.0,,,,,,,,,,,,,0.0,0.0,0.0,0.0,0.0,0.0,0.0,0.0,0.0,0.0,0.0,0.0,,,0.0,0.0,0.0,0.0,0.0,0.0,0.0,0.0,0.0,0.0,0.0,0.0,0.0,0.0,0.0,0.0,0.0,0.0,0.0,0.0,0.0,0.0,0.0,0.0,0.0,0.0,0.0,0.0,0.0,0.0,0.0,0.0,0.0,0.0,0.0,0.0,0.0,0.0,0.0,0.0,0.0,0.0,0.0,0.0,0.0,0.0,0.0,0.0,0.0,0.0,0.0,0.0,0.0,0.0,0.0027878376034398567,0.0,0.0,0.0,0.0020340719810602137,0.0,0.0,0.0,0.004366112972742692,0.0,0.0036841145982699467,0.0,0.013431302582224167,0.0,0.01401749793260999,0.0,0.0,0.0,0.0,0.0,0.0,0.0,0.0,0.0,0.004767022214807704,0.0,0.007445558235936175,0.0,0.0,0.0,0.0051765331100405865,0.0,0.0,0.0,0.03908778921745358,0.0,0.112937851746877,0.0,0.4796447945492608,0.0,0.0,0.0,0.0,0.0,0.0015077919233590167,0.0,0.0,0.0,0.0,0.0,0.015335439436048932,0.0,0.014311556438250148,0.0,0.0018922608169737645,0.0,0.002164387094256043,0.0,0.0,,0.0,,0.0,,0.0,,0.00102309604020166,0.0,0.002761932555586077,1.0,0.05084965369176292,0.0,0.017872884153173473,0.0,0.0038068143812079393,0.0,0.0,0.0,0.0,,,,,,,,0.0,,,,,,,,,,,,0.0,0.0,0.0,0.0,0.0,0.0,0.0,0.0,0.0,0.0,0.0,0.0,0.0,0.0,0.0,0.0,0.0,0.0,0.0,0.0,0.0,0.0,0.0,0.0,0.0,0.0,0.0,0.0,0.0,0.0,0.0,0.0,0.0,0.0,0.0,0.0,0.0,0.0,0.0,0.0,0.0,0.0,0.19492965957948138,0.0,0.0009256256744265292,2.0,0.006187022520372457,0.0,0.02806172752752896,0.0,0.0,,0.0,,,,,,,,,,,,,,,,,,,,,,1,1,93,0
8,region_08,2024-11-09,,,,,,,,,,,,,,,0.0033205664208666367,0.0,,,,,,,,,,,,,,,,,,,,,,,,,0.0,0.0,,,,,,,,,,,,,0.0,0.0,0.0,0.0,0.0,0.0,0.0,0.0,0.0,0.0,0.0,0.0,,,0.0,0.0,0.0,0.0,0.0,0.0,0.0,0.0,0.0,0.0,0.0,0.0,0.0,0.0,0.0,0.0,0.0,0.0,0.0,0.0,0.0,0.0,0.0,0.0,0.0,0.0,0.0,0.0,0.0,0.0,0.0,0.0,0.0,0.0,0.0,0.0,0.0,0.0,0.0,0.0,0.0,0.0,0.0,0.0,0.0,0.0,0.0,0.0,0.0,0.0,0.0,0.0,0.0,0.0,0.0,0.0,0.0,0.0,0.004068143962120427,0.0,0.0,0.0,0.00647459245686015,0.0,0.0,0.0,0.010266063734889,0.0,0.011579599321031753,0.0,0.0,0.0,0.0,0.0,0.0,0.0,0.0,0.0,0.004104621980028808,0.0,0.008292999052043436,0.0,0.0,0.0,0.003927871684676786,0.0,0.0,0.0,0.02619995988373241,0.0,0.0806149542331695,0.0,0.48492200459752766,0.0,0.0,0.0,0.0,0.0,0.0030155838467180334,0.0,0.0,0.0,0.0,0.0,0.012436191884002471,0.0,0.022804894883717758,0.0,0.0017471328125489999,0.0,0.0,0.0,0.0,,0.0,,0.0,,0.0,,0.0,0.0,0.005523865111172154,0.0,0.057703749409743675,0.0,0.028156167182784773,0.0,0.002401077887043325,0.0,0.0,0.0,0.0,,,,,,,,0.0,,,,,,,,,,,,0.0,0.0,0.0,0.0,0.0,0.0,0.0,0.0,0.0,0.0,0.0,0.0,0.0,0.0,0.0,0.0,0.0,0.0,0.0,0.0,0.0,0.0,0.0,0.0,0.0,0.0,0.0,0.0,0.0,0.0,0.0,0.0,0.0,0.0,0.0,0.0,0.0,0.0,0.0,0.0,0.0,0.0,0.20077710492270331,0.0,0.0018512513488530584,0.0,0.00809017002869107,0.0,0.0348637636750936,0.0,0.0,,0.0,,,,,,,,,,,,,,,,,,,,,,0,0,95,1
8,region_08,2024-11-16,,,,,,,,,,,,,,,0.0021004323710009684,0.0,,,,,,,,,,,,,,,,,,,,,,,,,0.0,0.0,,,,,,,,,,,,,0.0,0.0,0.0,0.0,0.0,0.0,0.0,0.0,0.0,0.0,0.0,0.0,,,0.0,0.0,0.0,0.0,0.0,0.0,0.0,0.0,0.0,0.0,0.0,0.0,0.0,0.0,0.0,0.0,0.0,0.0,0.0,0.0,0.0,0.0,0.0,0.0,0.0,0.0,0.0,0.0,0.0,0.0,0.0,0.0,0.0,0.0,0.0,0.0,0.0,0.0,0.0,0.0,0.0,0.0,0.0,0.0,0.0,0.0,0.0,0.0,0.0,0.0,0.0,0.0,0.0,0.0,0.0010941167129203374,0.0,0.0,0.0,0.0020340719810602137,0.0,0.0,0.0,0.007879989840868032,0.0,0.0,0.0,0.0051330318674445,0.0,0.011963880432841249,0.0,0.0,0.0,0.0,0.0,0.0,0.0,0.0,0.0,0.00472114826164515,0.0,0.006146565422538502,0.0,0.0,0.0,0.001963935842338393,0.0,0.0,0.0,0.017301314198258436,0.0,0.09387550588983751,0.0,0.43657250424007793,0.0,0.0,0.0,0.0,0.0,0.002424784380799263,0.0,0.0,0.0,0.0,0.0,0.010019366867369466,0.0,0.013483945050041374,0.0,0.0008735664062744999,0.0,0.0055941463663027585,0.0,0.0018765232719791167,2.0,0.0,,0.0,,0.0,,0.0026981310326267137,0.0,0.007820473589862716,0.0,0.05145829954890754,0.0,0.032773237818708736,0.0,0.003132889593521524,0.0,0.0,0.0,0.0,,,,,,,,0.0,,,,,,,,,,,,0.0,0.0,0.0,0.0,0.0,0.0,0.0,0.0,0.0,0.0,0.0,0.0,0.0,0.0,0.0,0.0,0.0,0.0,0.0,0.0,0.0,0.0,0.0,0.0,0.0,0.0,0.0,0.0,0.0,0.0,0.0,0.0,0.0,0.0,0.0,0.0,0.0,0.0,0.0,0.0,0.0,0.0,0.24144418939711554,0.0,0.0029003019444644,0.0,0.008914677712779734,0.0,0.03762833494693035,0.0,0.0,,0.0,,,,,,,,,,,,,,,,,,,,,,0,1,95,2
8,region_08,2024-11-23,,,,,,,,,,,,,,,0.0008802983211353,0.0,,,,,,,,,,,,,,,,,,,,,,,,,0.0,0.0,,,,,,,,,,,,,0.0,0.0,0.0,0.0,0.0,0.0,0.0,0.0,0.0,0.0,0.0,0.0,,,0.0,0.0,0.0,0.0,0.0,0.0,0.0,0.0,0.0,0.0,0.0,0.0,0.0,0.0,0.0,0.0,0.0,0.0,0.0,0.0,0.0,0.0,0.0,0.0,0.0,0.0,0.0,0.0,0.0,0.0,0.0,0.0,0.0,0.0,0.0,0.0,0.0,0.0,0.0,0.0,0.0,0.0,0.0,0.0,0.0,0.0,0.0,0.0,0.0,0.0,0.0,0.0,0.0,0.0,0.0021882334258406747,0.0,0.0,0.0,0.0,0.0,0.0,0.0,0.009285387224875916,0.0,0.0,0.0,0.0,0.0,0.012348161544650743,0.0,0.0,0.0,0.0,0.0,0.0,0.0,0.0,0.0,0.00533767454326149,0.0,0.004000131793033569,0.0,0.0,0.0,0.0,0.0,0.0,0.0,0.008402668512784461,0.0,0.10713605754650551,0.0,0.3882230038826282,0.0,0.0,0.0,0.0,0.0,0.0018339849148804922,0.0,0.0,0.0,0.0,0.0,0.007602541850736461,0.0,0.004162995216364992,0.0,0.0,0.0,0.011188292732605517,0.0,0.0037530465439582334,0.0,0.0,,0.0,,0.0,,0.005396262065253427,0.0,0.010117082068553277,0.0,0.04521284968807141,0.0,0.037390308454632704,0.0,0.003864701299999723,0.0,0.0,0.0,0.0,,,,,,,,0.0,,,,,,,,,,,,0.0,0.0,0.0,0.0,0.0,0.0,0.0,0.0,0.0,0.0,0.0,0.0,0.0,0.0,0.0,0.0,0.0,0.0,0.0,0.0,0.0,0.0,0.0,0.0,0.0,0.0,0.0,0.0,0.0,0.0,0.0,0.0,0.0,0.0,0.0,0.0,0.0,0.0,0.0,0.0,0.0,0.0,0.2821112738715278,0.0,0.003949352540075742,0.0,0.0097391853968684,0.0,0.04039290621876711,0.0,0.0,,0.0,,,,,,,,,,,,,,,,,,,,,,0,0,96,3
8,region_08,2024-11-30,,,,,,,,,,,,,,,0.005864179343916438,0.0,,,,,,,,,,,,,,,,,,,,,,,,,0.0,0.0,,,,,,,,,,,,,0.0,0.0,0.0012289683218113874,0.0,0.0,0.0,0.0,0.0,0.0,0.0,0.0,0.0,,,0.0,0.0,0.0,0.0,0.0,0.0,0.0,0.0,0.0,0.0,0.0,0.0,0.0,0.0,0.0,0.0,0.0,0.0,0.0,0.0,0.0,0.0,0.0,0.0,0.0,0.0,0.0,0.0,0.0,0.0,0.0,0.0,0.0,0.0,0.0,0.0,0.0,0.0,0.0,0.0,0.0,0.0,0.0,0.0,0.0,0.0,0.0,0.0,0.0,0.0,0.0,0.0,0.0,0.0,0.006328032546055762,0.0,0.00040430124499835,0.0,0.0,0.0,0.0,0.0,0.006119583025559708,0.0,0.0,0.0,0.0,0.0,0.023114917877440605,0.0,0.0,0.0,0.0,0.0,0.004261429072357687,0.0,0.0,0.0,0.002668837271630745,0.0,0.0037557655088722346,0.0,0.0,0.0,0.0019433631942691863,0.0,0.0,0.0,0.00839204651166273,0.0,0.10231229810951609,0.0,0.3248536010774282,0.0,0.0,0.0,0.0,0.0,0.005205010963926192,0.0,0.0,0.0,0.0,0.0,0.005308394935220814,0.0,0.0170235564359105,0.0,0.0,0.0,0.008835832749565013,0.0,0.0028628291232355666,0.0,0.0,,0.0,,0.0,,0.0031024322776250636,0.0,0.006036364040576255,0.0,0.04917871378935296,0.0,0.03245619226557508,0.0,0.004099667705864094,0.0,0.0,0.0,0.0,,,,,,,,0.0,,,,,,,,,,,,0.0,0.0,0.0,0.0,0.0,0.0,0.0,0.0,0.0,0.0,0.0,0.0,0.0,0.0,0.0,0.0,0.0,0.0,0.0,0.0,0.0,0.0,0.0,0.0,0.0,0.0,0.0,0.0,0.0,0.0,0.0,0.0,0.0,0.0,0.0,0.0,0.0,0.0,0.0,0.0,0.0,0.0,0.34079887800746494,0.0,0.00865989651841417,0.0,0.00632893507747953,0.0,0.044287534244358495,0.0,0.0,,0.0,,,,,,,,,,,,,,,,,,,,,,0,0,96,4
8,region_08,2024-12-07,,,,,,,,,,,,,,,0.010848060366697575,0.0,,,,,,,,,,,,,,,,,,,,,,,,,0.0,0.0,,,,,,,,,,,,,0.0,0.0,0.002457936643622775,0.0,0.0,0.0,0.0,0.0,0.0,0.0,0.0,0.0,,,0.0,0.0,0.0,0.0,0.0,0.0,0.0,0.0,0.0,0.0,0.0,0.0,0.0,0.0,0.0,0.0,0.0,0.0,0.0,0.0,0.0,0.0,0.0,0.0,0.0,0.0,0.0,0.0,0.0,0.0,0.0,0.0,0.0,0.0,0.0,0.0,0.0,0.0,0.0,0.0,0.0,0.0,0.0,0.0,0.0,0.0,0.0,0.0,0.0,0.0,0.0,0.0,0.0,0.0,0.01046783166627085,0.0,0.0008086024899967,0.0,0.0,0.0,0.0,0.0,0.0029537788262435,0.0,0.0,0.0,0.0,0.0,0.033881674210230465,0.0,0.0,0.0,0.0,0.0,0.008522858144715375,0.0,0.0,0.0,0.0,0.0,0.0035113992247108997,0.0,0.0,0.0,0.0038867263885383726,0.0,0.0,0.0,0.008381424510541,0.0,0.09748853867252665,0.0,0.2614841982722282,0.0,0.0,0.0,0.0,0.0,0.00857603701297189,0.0,0.0,0.0,0.0,0.0,0.0030142480197051665,0.0,0.02988411765545601,0.0,0.0,0.0,0.006483372766524508,0.0,0.0019726117025129,0.0,0.0,,0.0,,0.0,,0.0008086024899967,0.0,0.0019556460125992334,0.0,0.0531445778906345,0.0,0.02752207607651745,0.0,0.004334634111728466,0.0,0.0,0.0,0.0,,,,,,,,0.0,,,,,,,,,,,,0.0,0.0,0.0,0.0,0.0,0.0,0.0,0.0,0.0,0.0,0.0,0.0,0.0,0.0,0.0,0.0,0.0,0.0,0.0,0.0,0.0,0.0,0.0,0.0,0.0,0.0,0.0,0.0,0.0,0.0,0.0,0.0,0.0,0.0,0.0,0.0,0.0,0.0,0.0,0.0,0.0,0.0,0.3994864821434021,0.0,0.0133704404967526,0.0,0.0029186847580906588,0.0,0.04818216226994988,0.0,0.0,,0.0,,,,,,,,,,,,,,,,,,,,,,0,0,96,5
8,region_08,2024-12-14,,,,,,,,,,,,,,,0.006856010786058066,0.0,,,,,,,,,,,,,,,,,,,,,,,,,0.0,0.0,,,,,,,,,,,,,0.0,0.0,0.004711200458197145,0.0,0.0,0.0,0.0,0.0,0.0,0.0,0.0,0.0,,,0.0,0.0,0.0,0.0,0.0,0.0,0.0,0.0,0.0,0.0,0.0,0.0,0.0,0.0,0.0,0.0,0.0,0.0,0.0,0.0,0.0,0.0,0.0,0.0,0.0,0.0,0.0,0.0,0.0,0.0,0.0,0.0,0.0,0.0,0.0,0.0,0.0,0.0,0.0,0.0,0.0,0.0,0.0,0.0,0.0,0.0,0.0,0.0,0.0,0.0,0.0,0.0,0.0,0.0,0.005233915833135425,0.0,0.0008983597134439286,0.0,0.0,0.0,0.0,0.0,0.0025475365546298668,0.0,0.0,0.0,0.0,0.0,0.04341834162672357,0.0,0.0,0.0,0.0,0.0,0.004261429072357687,0.0,0.0,0.0,0.0015729543187522287,0.0,0.0017556996123554499,0.0,0.0,0.0,0.0019433631942691863,0.0,0.0,0.0,0.006214192855016587,0.0,0.07861222326755521,0.0,0.24697038655479744,0.0,0.0,0.0,0.0,0.0,0.011997431172692946,0.0,0.0,0.0,0.0,0.0,0.003075503191212142,0.0,0.02184506587218488,0.0,0.0,0.0,0.008004757187639624,0.0,0.00098630585125645,0.0,0.00091721507487816,2.0,0.0,,0.0,,0.0009200232598231874,0.0,0.016354152273076236,0.0,0.05625966501732663,0.0,0.04391261772252615,0.0,0.005830749335776346,0.0,0.0,0.0,0.0,,,,,,,,0.00183443014975635,2.0,,,,,,,,,,,0.0,0.0,0.0,0.0,0.0,0.0,0.0,0.0,0.0,0.0,0.0,0.0,0.0,0.0,0.0,0.0,0.0,0.0,0.0,0.0,0.0,0.0,0.0,0.0,0.0,0.0,0.0,0.0,0.0,0.0,0.0,0.0,0.0,0.0,0.0,0.0,0.0,0.0,0.0,0.0,0.0,0.0,0.3816629834473133,0.0,0.01333788452514752,0.0,0.01212461233565888,0.0,0.060599573142826525,0.0,0.0,,0.0,,,,,,,,,,,,,,,,,,,,,,0,2,96,6
8,region_08,2024-12-21,,,,,,,,,,,,,,,0.0028639612054185575,0.0,,,,,,,,,,,,,,,,,,,,,,,,,0.0,0.0,,,,,,,,,,,,,0.0,0.0,0.006964464272771515,0.0,0.0,0.0,0.0,0.0,0.0,0.0,0.0,0.0,,,0.0,0.0,0.0,0.0,0.0,0.0,0.0,0.0,0.0,0.0,0.0,0.0,0.0,0.0,0.0,0.0,0.0,0.0,0.0,0.0,0.0,0.0,0.0,0.0,0.0,0.0,0.0,0.0,0.0,0.0,0.0,0.0,0.0,0.0,0.0,0.0,0.0,0.0,0.0,0.0,0.0,0.0,0.0,0.0,0.0,0.0,0.0,0.0,0.0,0.0,0.0,0.0,0.0,0.0,0.0,0.0,0.0009881169368911571,0.0,0.0,0.0,0.0,0.0,0.0021412942830162335,0.0,0.0,0.0,0.0,0.0,0.05295500904321667,0.0,0.0,0.0,0.0,0.0,0.0,0.0,0.0,0.0,0.0031459086375044574,0.0,0.0,0.0,0.0,0.0,0.0,0.0,0.0,0.0,0.004046961199492175,0.0,0.05973590786258376,0.0,0.2324565748373667,0.0,0.0,0.0,0.0,0.0,0.015418825332414,0.0,0.0,0.0,0.0,0.0,0.003136758362719117,0.0,0.01380601408891375,0.0,0.0,0.0,0.009526141608754741,0.0,0.0,0.0,0.00183443014975632,0.0,0.0,,0.0,,0.001031444029649675,0.0,0.030752658533553235,0.0,0.05937475214401875,0.0,0.060303159368534844,0.0,0.007326864559824225,0.0,0.0,0.0,0.0,,,,,,,,0.0036688602995127,0.0,,,,,,,,,,,0.0,0.0,0.0,0.0,0.0,0.0,0.0,0.0,0.0,0.0,0.0,0.0,0.0,0.0,0.0,0.0,0.0,0.0,0.0,0.0,0.0,0.0,0.0,0.0,0.0,0.0,0.0,0.0,0.0,0.0,0.0,0.0,0.0,0.0,0.0,0.0,0.0,0.0,0.0,0.0,0.0,0.0,0.3638394847512245,0.0,0.013305328553542441,0.0,0.0213305399132271,0.0,0.07301698401570317,0.0,0.0,,0.0,,,,,,,,,,,,,,,,,,,,,,0,0,98,7
8,region_08,2024-12-28,,,,,,,,,,,,,,,0.0014319806027092788,0.0,,,,,,,,,,,,,,,,,,,,,,,,,0.0,0.0,,,,,,,,,,,,,0.0,0.0,0.0034822321363857573,0.0,0.0,0.0,0.0,0.0,0.0,0.0,0.0,0.0,,,0.0,0.0,0.0,0.0,0.0,0.0,0.0,0.0,0.0,0.0,0.0,0.0,0.0,0.0,0.0,0.0,0.0,0.0,0.0,0.0,0.0,0.0,0.0,0.0,0.0,0.0,0.0,0.0,0.0,0.0,0.0,0.0,0.0,0.0,0.0,0.0,0.0,0.0,0.0,0.0,0.0,0.0,0.0,0.0,0.0,0.0,0.00045800423443625,0.0,0.0,0.0,0.0,0.0,0.0,0.0,0.0033186979761177637,0.0,0.0004940584684455786,0.0,0.0,0.0,0.0,0.0,0.005267692116886389,0.0,0.0,0.0,0.0,0.0,0.03292406300481937,0.0,0.0,0.0,0.0,0.0,0.0,0.0,0.0,0.0,0.0015729543187522287,0.0,0.0010356808250600409,0.0,0.0,0.0,0.0,0.0,0.0,0.0,0.0026061166638761965,0.0,0.05905881089468793,0.0,0.2179607622551195,0.0,0.0,0.0,0.0,0.0,0.01118733817076477,0.0,0.0,0.0,0.0,0.0,0.003928093214441663,0.0,0.011307727894745712,0.0,0.0,0.0,0.01008027979652533,0.0,0.0,0.0,0.00091721507487816,0.0,0.0,,0.0,,0.0005157220148248375,0.0,0.03291273575671238,0.0,0.05934235594715128,0.0,0.05143683266854192,0.0,0.005575101688560608,0.0,0.0,0.0,0.0,,,,,,,,0.00354693718254561,0.0,,,,,,,,,,,0.0,0.0,0.0,0.0,0.0,0.0,0.0,0.0,0.0,0.0,0.0,0.0,0.0,0.0,0.0,0.0,0.0,0.0,0.0,0.0,0.0,0.0,0.0,0.0,0.0,0.0,0.0,0.0,0.0,0.0,0.0,0.0,0.0,0.0,0.0,0.0,0.0,0.0,0.0,0.0,0.0,0.0,0.3858499943532727,0.0,0.01799750866749403,0.0,0.021767657638216954,0.0,0.07700532265007493,0.0,0.0,,0.0,,,,,,,,,,,,,,,,,,,,,,0,0,98,8
8,region_08,2025-01-04,,,,,,,,,,,,,,,0.0,0.0,,,,,,,,,,,,,,,,,,,,,,,,,0.0,0.0,,,,,,,,,,,,,0.0,0.0,0.0,0.0,0.0,0.0,0.0,0.0,0.0,0.0,0.0,0.0,,,0.0,0.0,0.0,0.0,0.0,0.0,0.0,0.0,0.0,0.0,0.0,0.0,0.0,0.0,0.0,0.0,0.0,0.0,0.0,0.0,0.0,0.0,0.0,0.0,0.0,0.0,0.0,0.0,0.0,0.0,0.0,0.0,0.0,0.0,0.0,0.0,0.0,0.0,0.0,0.0,0.0,0.0,0.0,0.0,0.0,0.0,0.0009160084688725,0.0,0.0,0.0,0.0,0.0,0.0,0.0,0.006637395952235527,0.0,0.0,0.0,0.0,0.0,0.0,0.0,0.008394089950756545,0.0,0.0,0.0,0.0,0.0,0.012893116966422072,0.0,0.0,0.0,0.0,0.0,0.0,0.0,0.0,0.0,0.0,0.0,0.0020713616501200818,0.0,0.0,0.0,0.0,0.0,0.0,0.0,0.0011652721282602182,0.0,0.0583817139267921,0.0,0.20346494967287232,0.0,0.0,0.0,0.0,0.0,0.006955851009115541,0.0,0.0,0.0,0.0,0.0,0.00471942806616421,0.0,0.008809441700577673,0.0,0.0,0.0,0.010634417984295918,0.0,0.0,0.0,0.0,0.0,0.0,,0.0,,0.0,0.0,0.035072812979871526,0.0,0.05930995975028381,0.0,0.042570505968548986,0.0,0.003823338817296991,0.0,0.0,0.0,0.0,,,,,,,,0.00342501406557852,0.0,,,,,,,,,,,0.0,0.0,0.0,0.0,0.0,0.0,0.0,0.0,0.0,0.0,0.0,0.0,0.0,0.0,0.0,0.0,0.0,0.0,0.0,0.0,0.0,0.0,0.0,0.0,0.0,0.0,0.0,0.0,0.0,0.0,0.0,0.0,0.0,0.0,0.0,0.0,0.0,0.0,0.0,0.0,0.0,0.0,0.40786050395532086,0.0,0.02268968878144562,0.0,0.022204775363206808,0.0,0.08099366128444668,0.0,0.0,,0.0,,,,,,,,,,,,,,,,,,,,,,0,0,98,9
8,region_08,2025-01-11,,,,,,,,,,,,,,,0.00305713997222482,0.0,,,,,,,,,,,,,,,,,,,,,,,,,0.0,0.0,,,,,,,,,,,,,0.0,0.0,0.0,0.0,0.0,0.0,0.0,0.0,0.0,0.0,0.0,0.0,,,0.0,0.0,0.0,0.0,0.0,0.0,0.0,0.0,0.0,0.0,0.0,0.0,0.0,0.0,0.0,0.0,0.0,0.0,0.0,0.0,0.0,0.0,0.0,0.0,0.0,0.0,0.0,0.0,0.0,0.0,0.0,0.0,0.0,0.0,0.0,0.0,0.0,0.0,0.0,0.0,0.0,0.0,0.0,0.0,0.0,0.0,0.00045800423443625,0.0,0.0,0.0,0.0,0.0,0.0,0.0,0.004323144262360209,0.0,0.0,0.0,0.0,0.0,0.0,0.0,0.005565833116204172,0.0,0.0,0.0,0.0,0.0,0.006446558483211036,0.0,0.0,0.0,0.0,0.0,0.0,0.0,0.0,0.0,0.0,0.0,0.0010356808250600409,0.0,0.0,0.0,0.0,0.0,0.0,0.0,0.006327899066011628,0.0,0.04175951957170448,0.0,0.20782351967963303,0.0,0.0,0.0,0.0,0.0,0.006727366268751171,0.0,0.0,0.0,0.0,0.0,0.002359714033082105,0.0,0.015277414862066456,0.0,0.0,0.0,0.010280533630231509,0.0,0.0,0.0,0.0008272344479337199,0.0,0.0,,0.0,,0.0,0.0,0.045459590005603664,0.0,0.05908453146165063,0.0,0.05723012458871704,0.0,0.0032683013218708507,0.0,0.0008334467485029445,0.0,0.0,,,,,,,,0.00988607483450318,0.0,,,,,,,,,,,0.0,0.0,0.0,0.0,0.0,0.0,0.0,0.0,0.0,0.0,0.0,0.0,0.0,0.0,0.0,0.0,0.0,0.0,0.0,0.0,0.0,0.0,0.0,0.0,0.0,0.0,0.0,0.0,0.0,0.0,0.0,0.0,0.0,0.0,0.0,0.0,0.0,0.0,0.0,0.0,0.0,0.0,0.3943212989040396,0.0,0.019881869162517468,0.0,0.018170255329459855,0.0,0.09003499038517472,0.0,0.0009693617466837124,2.0,0.0,,,,,,,,,,,,,,,,,,,,,,0,1,98,10
8,region_08,2025-01-18,,,,,,,,,,,,,,,0.00611427994444964,0.0,,,,,,,,,,,,,,,,,,,,,,,,,0.0,0.0,,,,,,,,,,,,,0.0,0.0,0.0,0.0,0.0,0.0,0.0,0.0,0.0,0.0,0.0,0.0,,,0.0,0.0,0.0,0.0,0.0,0.0,0.0,0.0,0.0,0.0,0.0,0.0,0.0,0.0,0.0,0.0,0.0,0.0,0.0,0.0,0.0,0.0,0.0,0.0,0.0,0.0,0.0,0.0,0.0,0.0,0.0,0.0,0.0,0.0,0.0,0.0,0.0,0.0,0.0,0.0,0.0,0.0,0.0,0.0,0.0,0.0,0.0,0.0,0.0,0.0,0.0,0.0,0.0,0.0,0.00200889257248489,0.0,0.0,0.0,0.0,0.0,0.0,0.0,0.0027375762816518002,0.0,0.0,0.0,0.0,0.0,0.0,0.0,0.0,0.0,0.0,0.0,0.0,0.0,0.0,0.0,0.0,0.0,0.0,0.0,0.0,0.0,0.0,0.0,0.0,0.0,0.01149052600376304,0.0,0.025137325216616855,0.0,0.2121820896863937,0.0,0.0,0.0,0.0,0.0,0.0064988815283868,0.0,0.0,0.0,0.0,0.0,0.0,0.0,0.02174538802355524,0.0,0.0,0.0,0.0099266492761671,0.0,0.0,0.0,0.0016544688958674398,0.0,0.0,,0.0,,0.0,0.0,0.0558463670313358,0.0,0.05885910317301746,0.0,0.0718897432088851,0.0,0.00271326382644471,0.0,0.001666893497005889,0.0,0.0,,,,,,,,0.01634713560342784,0.0,,,,,,,,,,,0.0,0.0,0.0,0.0,0.0,0.0,0.0,0.0,0.0,0.0,0.0,0.0,0.0,0.0,0.0,0.0,0.0,0.0,0.0,0.0,0.0,0.0,0.0,0.0,0.0,0.0,0.0,0.0,0.0,0.0,0.0,0.0,0.0,0.0,0.0,0.0,0.0,0.0,0.0,0.0,0.0,0.0,0.38078209385275835,0.0,0.01707404954358932,0.0,0.0141357352957129,0.0,0.09907631948590276,0.0,0.0019387234933674249,0.0,0.0,,,,,,,,,,,,,,,,,,,,,,0,0,99,11
8,region_08,2025-01-25,,,,,,,,,,,,,,,0.004615733970422271,0.0,,,,,,,,,,,,,,,,,,,,,,,,,0.0,0.0,,,,,,,,,,,,,0.0,0.0,0.0,0.0,0.0,0.0,0.0,0.0,0.0,0.0,0.0,0.0,,,0.0,0.0,0.0,0.0,0.0,0.0,0.0,0.0,0.0,0.0,0.0,0.0,0.0,0.0,0.0,0.0,0.0,0.0,0.0,0.0,0.0,0.0,0.0,0.0,0.0,0.0,0.0,0.0,0.0,0.0,0.0,0.0,0.0,0.0,0.0,0.0,0.0,0.0,0.0,0.0,0.0,0.0,0.0,0.0,0.0,0.0,0.0,0.0,0.0,0.0,0.0,0.0,0.0,0.0,0.002125934763656273,0.0,0.0,0.0,0.0,0.0,0.0,0.0,0.0026781748540491944,0.0,0.0,0.0,0.0,0.0,0.0,0.0,0.0,0.0,0.0,0.0,0.0,0.0,0.0,0.0,0.000820726214442375,0.0,0.0,0.0,0.0,0.0,0.0,0.0,0.0,0.0,0.00574526300188152,0.0,0.027531583216928255,0.0,0.1837437935173511,0.0,0.0,0.0,0.0,0.0,0.0073886578077993256,0.0,0.000820726214442375,0.0,0.0,0.0,0.0068878689780831085,0.0,0.02681043099405033,0.0,0.0,0.0,0.00882763777756024,0.0,0.0,0.0,0.00256639686413105,0.0,0.0,,0.0,,0.0,0.0,0.11608112210200888,0.0,0.054560138078199455,0.0,0.049386609552635005,0.0,0.001356631913222355,0.0,0.0008334467485029445,0.0,0.0,,,,,,,,0.01585162123665209,0.0,,,,,,,,,,,0.0,0.0,0.0,0.0,0.0,0.0,0.0,0.0,0.0,0.0,0.0,0.0,0.0,0.0,0.0,0.0,0.0,0.0,0.0,0.0,0.0,0.0,0.0,0.0,0.0,0.0,0.0,0.0,0.0,0.0,0.0,0.0,0.0,0.0,0.0,0.0,0.0,0.0,0.0,0.0,0.0,0.0,0.37595965030292666,0.0,0.010677076987404749,0.0,0.012225951419936234,0.0,0.09926208129359612,0.0,0.00207564633456055,0.0,0.0,,,,,,,,,,,,,,,,,,,,,,0,0,99,12
8,region_08,2025-02-01,,,,,,,,,,,,,,,0.0031171879963949,0.0,,,,,,,,,,,,,,,,,,,,,,,,,0.0,0.0,,,,,,,,,,,,,0.0,0.0,0.0,0.0,0.0,0.0,0.0,0.0,0.0,0.0,0.0,0.0,,,0.0,0.0,0.0,0.0,0.0,0.0,0.0,0.0,0.0,0.0,0.0,0.0,0.0,0.0,0.0,0.0,0.0,0.0,0.0,0.0,0.0,0.0,0.0,0.0,0.0,0.0,0.0,0.0,0.0,0.0,0.0,0.0,0.0,0.0,0.0,0.0,0.0,0.0,0.0,0.0,0.0,0.0,0.0,0.0,0.0,0.0,0.0,0.0,0.0,0.0,0.0,0.0,0.0,0.0,0.0022429769548276556,0.0,0.0,0.0,0.0,0.0,0.0,0.0,0.002618773426446589,0.0,0.0,0.0,0.0,0.0,0.0,0.0,0.0,0.0,0.0,0.0,0.0,0.0,0.0,0.0,0.00164145242888475,0.0,0.0,0.0,0.0,0.0,0.0,0.0,0.0,0.0,0.0,0.0,0.029925841217239655,0.0,0.1553054973483085,0.0,0.0,0.0,0.0,0.0,0.00827843408721185,0.0,0.00164145242888475,0.0,0.0,0.0,0.013775737956166217,0.0,0.031875473964545424,0.0,0.0,0.0,0.007728626278953378,0.0,0.0,0.0,0.0034783248323946602,0.0,0.0,,0.0,,0.0,0.0,0.17631587717268196,0.0,0.050261172983381446,0.0,0.02688347589638492,0.0,0.0,0.0,0.0,0.0,0.0,,,,,,,,0.01535610686987634,0.0,,,,,,,,,,,0.0,0.0,0.0,0.0,0.0,0.0,0.0,0.0,0.0,0.0,0.0,0.0,0.0,0.0,0.0,0.0,0.0,0.0,0.0,0.0,0.0,0.0,0.0,0.0,0.0,0.0,0.0,0.0,0.0,0.0,0.0,0.0,0.0,0.0,0.0,0.0,0.0,0.0,0.0,0.0,0.0,0.0,0.371137206753095,0.0,0.0042801044312201775,0.0,0.010316167544159567,0.0,0.09944784310128948,0.0,0.002212569175753675,0.0,0.0,,,,,,,,,,,,,,,,,,,,,,0,0,99,13
8,region_08,2025-02-08,,,,,,,,,,,,,,,0.0023296708047079334,0.0,,,,,,,,,,,,,,,,,,,,,,,,,0.0,0.0,,,,,,,,,,,,,0.0,0.0,0.0,0.0,0.0,0.0,0.0,0.0,0.0,0.0,0.0,0.0,,,0.0,0.0,0.0,0.0,0.0,0.0,0.0,0.0,0.0,0.0,0.0,0.0,0.0,0.0,0.0,0.0,0.0,0.0,0.0,0.0,0.0,0.0,0.0,0.0,0.0,0.0,0.0,0.0,0.0,0.0,0.0,0.0,0.0,0.0,0.0,0.0,0.0,0.0,0.0,0.0,0.0,0.0,0.0,0.0,0.0,0.0,0.0,0.0,0.0,0.0,0.0,0.0,0.0,0.0,0.003478726304213778,0.0,0.0,0.0,0.0,0.0,0.0,0.0,0.005743730548096564,0.0,0.0,0.0,0.0,0.0,0.0,0.0,0.0,0.0,0.0,0.0,0.0,0.0,0.0,0.0,0.000820726214442375,0.0,0.0,0.0,0.0,0.0,0.0007167145377024834,0.0,0.0,0.0,0.0,0.0,0.02666002818538493,0.0,0.11995712241956161,0.0,0.0,0.0,0.0,0.0,0.004139217043605925,0.0,0.000820726214442375,0.0,0.0,0.0,0.009164408897049683,0.0,0.034324009230153385,0.0,0.0,0.0,0.011061521143548966,0.0,0.0011043000461843833,0.0,0.00717488045338536,0.0,0.0,,0.0,,0.0,0.0,0.23646188879178626,0.0,0.03082574481636075,0.0,0.047558210298625905,0.0,0.0017600882565602374,0.0,0.0,0.0,0.0,,,,,,,,0.01352646993473167,0.0,,,,,,,,,,,0.0,0.0,0.0,0.0,0.0,0.0,0.0,0.0,0.0,0.0,0.0,0.0,0.0,0.0,0.0,0.0,0.0,0.0,0.0,0.0,0.0,0.0,0.0,0.0,0.0,0.0,0.0,0.0,0.0,0.0,0.0,0.0,0.0,0.0,0.0,0.0,0.0,0.0,0.0,0.0,0.0,0.0,0.3324843576798836,0.0,0.012088552182022858,0.0,0.007410796676089721,0.0,0.10004421390800008,0.0,0.00197867059614505,0.0,0.0,,,,,,,,,,,,,,,,,,,,,,0,0,99,14
8,region_08,2025-02-15,,,,,,,,,,,,,,,0.0015421536130209666,0.0,,,,,,,,,,,,,,,,,,,,,,,,,0.0,0.0,,,,,,,,,,,,,0.0,0.0,0.0,0.0,0.0,0.0,0.0,0.0,0.0,0.0,0.0,0.0,,,0.0,0.0,0.0,0.0,0.0,0.0,0.0,0.0,0.0,0.0,0.0,0.0,0.0,0.0,0.0,0.0,0.0,0.0,0.0,0.0,0.0,0.0,0.0,0.0,0.0,0.0,0.0,0.0,0.0,0.0,0.0,0.0,0.0,0.0,0.0,0.0,0.0,0.0,0.0,0.0,0.0,0.0,0.0,0.0,0.0,0.0,0.0,0.0,0.0,0.0,0.0,0.0,0.0,0.0,0.0047144756535999,0.0,0.0,0.0,0.0,0.0,0.0,0.0,0.008868687669746538,0.0,0.0,0.0,0.0,0.0,0.0,0.0,0.0,0.0,0.0,0.0,0.0,0.0,0.0,0.0,0.0,0.0,0.0,0.0,0.0,0.0,0.0014334290754049667,0.0,0.0,0.0,0.0,0.0,0.023394215153530202,0.0,0.08460874749081472,0.0,0.0,0.0,0.0,0.0,0.0,0.0,0.0,0.0,0.0,0.0,0.00455307983793315,0.0,0.03677254449576134,0.0,0.0,0.0,0.014394416008144551,0.0,0.0022086000923687665,0.0,0.01087143607437606,0.0,0.0,,0.0,,0.0,0.0,0.2966079004108906,0.0,0.01139031664934005,0.0,0.06823294470086688,0.0,0.003520176513120475,0.0,0.0,0.0,0.0,,,,,,,,0.011696832999586999,0.0,,,,,,,,,,,0.0,0.0,0.0,0.0,0.0,0.0,0.0,0.0,0.0,0.0,0.0,0.0,0.0,0.0,0.0,0.0,0.0,0.0,0.0,0.0,0.0,0.0,0.0,0.0,0.0,0.0,0.0,0.0,0.0,0.0,0.0,0.0,0.0,0.0,0.0,0.0,0.0,0.0,0.0,0.0,0.0,0.0,0.2938315086066723,0.0,0.019896999932825538,0.0,0.004505425808019875,0.0,0.10064058471471067,0.0,0.001744772016536425,0.0,0.0,,,,,,,,,,,,,,,,,,,,,,0,0,99,15
8,region_08,2025-02-22,,,,,,,,,,,,,,,0.002255047593886633,0.0,,,,,,,,,,,,,,,,,,,,,,,,,0.0,0.0,,,,,,,,,,,,,0.0,0.0,0.00058335257926955,0.0,0.0,0.0,0.0,0.0,0.0,0.0,0.0,0.0,,,0.0,0.0,0.0,0.0,0.0,0.0,0.0,0.0,0.0,0.0,0.0,0.0,0.0,0.0,0.0,0.0,0.0,0.0,0.0,0.0,0.0,0.0,0.0,0.0,0.0,0.0,0.0,0.0,0.0,0.0,0.0,0.0,0.0,0.0,0.0,0.0,0.0,0.0,0.0,0.0,0.0,0.0,0.0,0.0,0.0,0.0,0.000741985393688075,0.0,0.0,0.0,0.0,0.0,0.0,0.0,0.004584726532422222,0.0,0.0,0.0,0.0,0.0,0.0,0.0,0.004434343834873269,0.0,0.0,0.0,0.0,0.0,0.001184166874736525,0.0,0.0,0.0,0.0,0.0,0.0,0.0,0.0,0.0,0.0,0.0,0.0,0.0,0.0,0.0,0.0007167145377024834,0.0,0.0,0.0,0.0,0.0,0.02282825303596573,0.0,0.06877397195923893,0.0,0.0,0.0,0.0,0.0,0.0,0.0,0.0,0.0,0.0,0.0,0.002276539918966575,0.0,0.030160097205745282,0.0,0.0,0.0,0.014960207743570146,0.0,0.00772003447248905,0.0,0.00817857119254764,0.0,0.0011892371578141798,2.0,0.0,,0.0,0.0,0.2795494142919779,0.0,0.016183978586923272,0.0,0.06206347484008538,0.0,0.004633436173511004,0.0,0.002896048361435515,0.0,0.0,,,,,,,,0.02124618962407107,0.0,,,,,,,,,,,0.0,0.0,0.0,0.0,0.0,0.0,0.0,0.0,0.0,0.0,0.0,0.0,0.0,0.0,0.0,0.0,0.0,0.0,0.0,0.0,0.0,0.0,0.0,0.0,0.0,0.0,0.0,0.0,0.0,0.0,0.0,0.0,0.0,0.0,0.0,0.0,0.0,0.0,0.0,0.0,0.000741985393688075,0.0,0.3229845839419535,0.0,0.02449214199025712,0.0,0.009390063974673681,0.0,0.0959632419981062,0.0,0.0008723860082682125,0.0,0.0,,,,,,,,,,,,,,,,,,,,,,0,1,99,16
8,region_08,2025-03-01,,,,,,,,,,,,,,,0.0029679415747523,0.0,,,,,,,,,,,,,,,,,,,,,,,,,0.0,0.0,,,,,,,,,,,,,0.0,0.0,0.0011667051585391,0.0,0.0,0.0,0.0,0.0,0.0,0.0,0.0,0.0,,,0.0,0.0,0.0,0.0,0.0,0.0,0.0,0.0,0.0,0.0,0.0,0.0,0.0,0.0,0.0,0.0,0.0,0.0,0.0,0.0,0.0,0.0,0.0,0.0,0.0,0.0,0.0,0.0,0.0,0.0,0.0,0.0,0.0,0.0,0.0,0.0,0.0,0.0,0.0,0.0,0.0,0.0,0.0,0.0,0.0,0.0,0.00148397078737615,0.0,0.0,0.0,0.0,0.0,0.0,0.0,0.0044549774112445425,0.0,0.0,0.0,0.0,0.0,0.0,0.0,0.0,0.0,0.0,0.0,0.0,0.0,0.00236833374947305,0.0,0.0,0.0,0.0,0.0,0.0,0.0,0.0,0.0,0.0,0.0,0.0,0.0,0.0,0.0,0.0,0.0,0.0,0.0,0.0,0.0,0.02226229091840126,0.0,0.05293919642766313,0.0,0.0,0.0,0.0,0.0,0.0,0.0,0.0,0.0,0.0,0.0,0.0,0.0,0.023547649915729225,0.0,0.0,0.0,0.015525999478995743,0.0,0.013231468852609334,0.0,0.005485706310719219,0.0,0.0023784743156283596,0.0,0.0,,0.0,0.0,0.26249092817306513,0.0,0.020977640524506496,0.0,0.05589400497930387,0.0,0.005746695833901533,0.0,0.00579209672287103,0.0,0.0,,,,,,,,0.03079554624855514,0.0,,,,,,,,,,,0.0,0.0,0.0,0.0,0.0,0.0,0.0,0.0,0.0,0.0,0.0,0.0,0.0,0.0,0.0,0.0,0.0,0.0,0.0,0.0,0.0,0.0,0.0,0.0,0.0,0.0,0.0,0.0,0.0,0.0,0.0,0.0,0.0,0.0,0.0,0.0,0.0,0.0,0.0,0.0,0.00148397078737615,0.0,0.35213765927723467,0.0,0.0290872840476887,0.0,0.014274702141327486,0.0,0.09128589928150173,0.0,0.0,0.0,0.0,,,,,,,,,,,,,,,,,,,,,,0,0,100,17
8,region_08,2025-03-08,,,,,,,,,,,,,,,0.00148397078737615,0.0,,,,,,,,,,,,,,,,,,,,,,,,,0.0,0.0,,,,,,,,,,,,,0.0,0.0,0.00058335257926955,0.0,0.0,0.0,0.0,0.0,0.0,0.0,0.0,0.0,,,0.0,0.0,0.0,0.0,0.0,0.0,0.0,0.0,0.0,0.0,0.0,0.0,0.0,0.0,0.0,0.0,0.0,0.0,0.0,0.0,0.0,0.0,0.0,0.0,0.0,0.0,0.0,0.0,0.0,0.0,0.0,0.0,0.0,0.0,0.0,0.0,0.0,0.0,0.0,0.0,0.0,0.0,0.0,0.0,0.0,0.0,0.000741985393688075,0.0,0.0,0.0,0.0,0.0,0.0,0.0,0.0022274887056222712,0.0,0.0,0.0,0.0,0.0,0.0,0.0,0.0045450889738276375,0.0,0.0,0.0,0.0,0.0,0.001184166874736525,0.0,0.0,0.0,0.0,0.0,0.0,0.0,0.0,0.0,0.0,0.0,0.0,0.0,0.0,0.0,0.0,0.0,0.0,0.0,0.0,0.0,0.018738077654104103,0.0,0.0618132983023921,0.0,0.0,0.0,0.0,0.0,0.0,0.0,0.0,0.0,0.0,0.0,0.0,0.0,0.011773824957864613,0.0,0.0,0.0,0.013657178729772523,0.0,0.008334339732148933,0.0,0.012854670872911759,0.0,0.0011892371578141798,0.0,0.0,,0.0,0.0,0.2912561744451523,0.0,0.025924374970296957,0.0,0.055151424304183,0.0,0.008228992247798755,0.0,0.01072467087457573,0.0,0.0,,,,,,,,0.0281241031363606,0.0,,,,,,,,,,,0.0,0.0,0.0,0.0,0.0,0.0,0.0,0.0,0.0,0.0,0.0,0.0,0.0,0.0,0.0,0.0,0.0,0.0,0.0,0.0,0.0,0.0,0.0,0.0,0.0,0.0,0.0,0.0,0.0,0.0,0.0,0.0,0.0,0.0,0.0,0.0,0.0,0.0,0.0,0.0,0.000741985393688075,0.0,0.33196455080594334,0.0,0.03479112658117493,0.0,0.0277201667028878,0.0,0.0723407100886106,0.0,0.0025795874535105875,0.0,0.0,,,,,,,,,,,,,,,,,,,,,,0,0,100,18
8,region_08,2025-03-15,,,,,,,,,,,,,,,0.0,0.0,,,,,,,,,,,,,,,,,,,,,,,,,0.0,0.0,,,,,,,,,,,,,0.0,0.0,0.0,0.0,0.0,0.0,0.0,0.0,0.0,0.0,0.0,0.0,,,0.0,0.0,0.0,0.0,0.0,0.0,0.0,0.0,0.0,0.0,0.0,0.0,0.0,0.0,0.0,0.0,0.0,0.0,0.0,0.0,0.0,0.0,0.0,0.0,0.0,0.0,0.0,0.0,0.0,0.0,0.0,0.0,0.0,0.0,0.0,0.0,0.0,0.0,0.0,0.0,0.0,0.0,0.0,0.0,0.0,0.0,0.0,0.0,0.0,0.0,0.0,0.0,0.0,0.0,0.0,0.0,0.0,0.0,0.0,0.0,0.0,0.0,0.009090177947655275,0.0,0.0,0.0,0.0,0.0,0.0,0.0,0.0,0.0,0.0,0.0,0.0,0.0,0.0,0.0,0.0,0.0,0.0,0.0,0.0,0.0,0.0,0.0,0.0,0.0,0.0,0.0,0.01521386438980695,0.0,0.07068740017712108,0.0,0.0,0.0,0.0,0.0,0.0,0.0,0.0,0.0,0.0,0.0,0.0,0.0,0.0,0.0,0.0,0.0,0.0117883579805493,0.0,0.003437210611688533,0.0,0.0202236354351043,0.0,0.0,0.0,0.0,,0.0,0.0,0.3200214207172394,0.0,0.03087110941608742,0.0,0.05440884362906213,0.0,0.010711288661695975,0.0,0.015657245026280433,0.0,0.0,,,,,,,,0.025452660024166063,0.0,,,,,,,,,,,0.0,0.0,0.0,0.0,0.0,0.0,0.0,0.0,0.0,0.0,0.0,0.0,0.0,0.0,0.0,0.0,0.0,0.0,0.0,0.0,0.0,0.0,0.0,0.0,0.0,0.0,0.0,0.0,0.0,0.0,0.0,0.0,0.0,0.0,0.0,0.0,0.0,0.0,0.0,0.0,0.0,0.0,0.31179144233465195,0.0,0.04049496911466117,0.0,0.04116563126444812,0.0,0.053395520895719466,0.0,0.005159174907021175,0.0,0.0,,,,,,,,,,,,,,,,,,,,,,0,0,100,19
8,region_08,2025-03-22,,,,,,,,,,,,,,,0.0,0.0,,,,,,,,,,,,,,,,,,,,,,,,,0.0,0.0,,,,,,,,,,,,,0.0,0.0,0.0,0.0,0.0,0.0,0.0,0.0,0.0,0.0,0.0,0.0,,,0.0,0.0,0.0,0.0,0.0,0.0,0.0,0.0,0.0,0.0,0.0,0.0,0.0,0.0,0.0,0.0,0.0,0.0,0.0,0.0,0.0,0.0,0.0,0.0,0.0,0.0,0.0,0.0,0.0,0.0,0.0,0.0,0.0,0.0,0.0,0.0,0.0,0.0,0.0,0.0,0.0,0.0,0.0,0.0,0.0,0.0,0.0,0.0,0.0,0.0,0.0,0.0,0.0,0.0,0.0018992013453195333,0.0,0.0,0.0,0.0,0.0,0.0,0.0,0.0045450889738276375,0.0,0.0,0.0,0.0,0.0,0.0,0.0,0.0,0.0,0.0,0.0,0.0,0.0,0.0,0.0,0.0,0.0,0.0,0.0,0.0,0.0,0.0,0.0,0.0,0.0,0.0,0.0,0.012878316501155455,0.0,0.06455640476196997,0.0,0.0,0.0,0.0,0.0,0.0,0.0,0.0,0.0,0.0,0.0,0.0,0.0,0.0,0.0,0.0,0.0,0.00589417899027465,0.0,0.0017186053058442666,0.0,0.01011181771755215,0.0,0.00304106888361273,0.0,0.0,,0.0,0.0,0.3552885502576828,0.0,0.02520726562167202,0.0,0.041821083705872245,0.0,0.007254845676167521,0.0,0.010869691396752947,0.0,0.0,,,,,,,,0.012726330012083032,0.0,,,,,,,,,,,0.0,0.0,0.0,0.0,0.0,0.0,0.0,0.0,0.0,0.0,0.0,0.0,0.0,0.0,0.0,0.0,0.0,0.0,0.0,0.0,0.0,0.0,0.0,0.0,0.0,0.0,0.0,0.0,0.0,0.0,0.0,0.0,0.0,0.0,0.0,0.0,0.0,0.0,0.0,0.0,0.0,0.0,0.35583485290408134,0.0,0.028559937886893705,0.0,0.03258484182879323,0.0,0.04368636794388289,0.0,0.0063809235580265,0.0,0.0,,,,,,,,,,,,,,,,,,,,,,0,0,100,20
8,region_08,2025-03-29,,,,,,,,,,,,,,,0.0,0.0,,,,,,,,,,,,,,,,,,,,,,,,,0.0,0.0,,,,,,,,,,,,,0.0,0.0,0.0,0.0,0.0,0.0,0.0,0.0,0.0,0.0,0.0,0.0,,,0.0,0.0,0.0,0.0,0.0,0.0,0.0,0.0,0.0,0.0,0.0,0.0,0.0,0.0,0.0,0.0,0.0,0.0,0.0,0.0,0.0,0.0,0.0,0.0,0.0,0.0,0.0,0.0,0.0,0.0,0.0,0.0,0.0,0.0,0.0,0.0,0.0,0.0,0.0,0.0,0.0,0.0,0.0,0.0,0.0,0.0,0.0,0.0,0.0,0.0,0.0,0.0,0.0,0.0,0.0037984026906390665,0.0,0.0,0.0,0.0,0.0,0.0,0.0,0.0,0.0,0.0,0.0,0.0,0.0,0.0,0.0,0.0,0.0,0.0,0.0,0.0,0.0,0.0,0.0,0.0,0.0,0.0,0.0,0.0,0.0,0.0,0.0,0.0,0.0,0.0,0.0,0.01054276861250396,0.0,0.058425409346818856,0.0,0.0,0.0,0.0,0.0,0.0,0.0,0.0,0.0,0.0,0.0,0.0,0.0,0.0,0.0,0.0,0.0,0.0,0.0,0.0,0.0,0.0,0.0,0.00608213776722546,0.0,0.0,,0.0,0.0,0.3905556797981262,0.0,0.01954342182725662,0.0,0.02923332378268236,0.0,0.0037984026906390665,0.0,0.00608213776722546,0.0,0.0,,,,,,,,0.0,0.0,,,,,,,,,,,0.0,0.0,0.0,0.0,0.0,0.0,0.0,0.0,0.0,0.0,0.0,0.0,0.0,0.0,0.0,0.0,0.0,0.0,0.0,0.0,0.0,0.0,0.0,0.0,0.0,0.0,0.0,0.0,0.0,0.0,0.0,0.0,0.0,0.0,0.0,0.0,0.0,0.0,0.0,0.0,0.0,0.0,0.3998782634735107,0.0,0.01662490665912624,0.0,0.02400405239313834,0.0,0.03397721499204632,0.0,0.007602672209031825,0.0,0.0,,,,,,,,,,,,,,,,,,,,,,0,0,100,21
8,region_08,2025-04-05,,,,,,,,,,,,,,,0.0,0.0,,,,,,,,,,,,,,,,,,,,,,,,,0.0,0.0,,,,,,,,,,,,,0.0,0.0,0.0,0.0,0.0,0.0,0.0,0.0,0.0,0.0,0.0,0.0,,,0.0,0.0,0.0,0.0,0.0,0.0,0.0,0.0,0.0,0.0,0.0,0.0,0.0,0.0,0.0,0.0,0.0,0.0,0.0,0.0,0.0,0.0,0.0,0.0,0.0,0.0,0.0,0.0,0.0,0.0,0.0,0.0,0.0,0.0,0.0,0.0,0.0,0.0,0.0,0.0,0.0,0.0,0.0,0.0,0.0,0.0,0.0,0.0,0.0,0.0,0.0,0.0,0.0,0.0,0.0018992013453195333,0.0,0.0,0.0,0.0,0.0,0.0,0.0,0.0,0.0,0.0,0.0,0.0,0.0,0.0,0.0,0.0,0.0,0.0,0.0,0.0,0.0,0.0,0.0,0.0,0.0,0.0,0.0,0.0,0.0,0.0,0.0,0.0,0.0,0.0,0.0,0.015453695831820317,0.0,0.04437515679746859,0.0,0.0,0.0,0.0,0.0,0.0,0.0,0.0,0.0,0.0,0.0,0.0,0.0,0.0,0.0,0.0,0.0,0.0,0.0,0.0,0.0,0.005202170461416212,0.0,0.019020734215155204,0.0,0.0,,0.0,0.0,0.4827752262353897,0.0,0.012967643979936785,0.0,0.02457694355398412,0.0,0.005335265072062583,0.0,0.009432935016229705,0.0,0.0,,,,,,,,0.003195933066308475,0.0,,,,,,,,,,,0.0,0.0,0.0,0.0,0.0,0.0,0.0,0.0,0.0,0.0,0.0,0.0,0.0,0.0,0.0,0.0,0.0,0.0,0.0,0.0,0.0,0.0,0.0,0.0,0.0,0.0,0.0,0.0,0.0,0.0,0.0,0.0,0.0,0.0,0.0,0.0,0.0,0.0,0.0,0.0,0.0,0.0,0.29042181186377997,0.0,0.013514623790979334,0.0,0.02694244915619487,0.0,0.03368925014510746,0.0,0.010612048499751787,0.0,0.00868462631478905,1.0,,,,,,,,,,,,,,,,,,,,,1,0,100,0
8,region_08,2025-04-12,,,,,,,,,,,,,,,0.0,0.0,,,,,,,,,,,,,,,,,,,,,,,,,0.0,0.0,,,,,,,,,,,,,0.0,0.0,0.0,0.0,0.0,0.0,0.0,0.0,0.0,0.0,0.0,0.0,,,0.0,0.0,0.0,0.0,0.0,0.0,0.0,0.0,0.0,0.0,0.0,0.0,0.0,0.0,0.0,0.0,0.0,0.0,0.0,0.0,0.0,0.0,0.0,0.0,0.0,0.0,0.0,0.0,0.0,0.0,0.0,0.0,0.0,0.0,0.0,0.0,0.0,0.0,0.0,0.0,0.0,0.0,0.0,0.0,0.0,0.0,0.0,0.0,0.0,0.0,0.0,0.0,0.0,0.0,0.0,0.0,0.0,0.0,0.0,0.0,0.0,0.0,0.0,0.0,0.0,0.0,0.0,0.0,0.0,0.0,0.0,0.0,0.0,0.0,0.0,0.0,0.0,0.0,0.0,0.0,0.0,0.0,0.0,0.0,0.0,0.0,0.0,0.0,0.0,0.0,0.020364623051136677,0.0,0.030324904248118324,0.0,0.0,0.0,0.0,0.0,0.0,0.0,0.0,0.0,0.0,0.0,0.0,0.0,0.0,0.0,0.0,0.0,0.0,0.0,0.0,0.0,0.010404340922832425,0.0,0.03195933066308495,0.0,0.0,,0.0,0.0,0.5749947726726532,0.0,0.00639186613261695,0.0,0.019920563325285877,0.0,0.006872127453486099,0.0,0.01278373226523395,0.0,0.0,,,,,,,,0.00639186613261695,0.0,,,,,,,,,,,0.0,0.0,0.0,0.0,0.0,0.0,0.0,0.0,0.0,0.0,0.0,0.0,0.0,0.0,0.0,0.0,0.0,0.0,0.0,0.0,0.0,0.0,0.0,0.0,0.0,0.0,0.0,0.0,0.0,0.0,0.0,0.0,0.0,0.0,0.0,0.0,0.0,0.0,0.0,0.0,0.0,0.0,0.18096536025404927,0.0,0.010404340922832425,0.0,0.0298808459192514,0.0,0.033401285298168604,0.0,0.01362142479047175,0.0,0.0173692526295781,0.0,,,,,,,,,,,,,,,,,,,,,0,0,101,1
8,region_08,2025-04-19,,,,,,,,,,,,,,,0.0,0.0,,,,,,,,,,,,,,,,,,,,,,,,,0.0,0.0,,,,,,,,,,,,,0.0,0.0,0.0,0.0,0.0,0.0,0.0,0.0,0.0,0.0,0.0,0.0,,,0.0,0.0,0.0,0.0,0.0,0.0,0.0,0.0,0.0,0.0,0.0,0.0,0.0,0.0,0.0,0.0,0.0,0.0,0.0,0.0,0.0,0.0,0.0,0.0,0.0,0.0,0.0,0.0,0.0,0.0,0.0,0.0,0.0,0.0,0.0,0.0,0.0,0.0,0.0,0.0,0.0,0.0,0.0,0.0,0.0,0.0,0.0,0.0,0.0,0.0,0.0,0.0,0.0,0.0,0.004483019467443225,0.0,0.0,0.0,0.0,0.0,0.0,0.0,0.0,0.0,0.0,0.0,0.0,0.0,0.0,0.0,0.0,0.0,0.0,0.0,0.0,0.0,0.0,0.0,0.0,0.0,0.0,0.0,0.0,0.0,0.0,0.0,0.0,0.0,0.0,0.0,0.016548296203836754,0.0,0.029085100007553846,0.0,0.0,0.0,0.0,0.0,0.0,0.0,0.0,0.0,0.0,0.0,0.0,0.0,0.006965552922338233,0.0,0.0,0.0,0.006690949667245133,0.0,0.0,0.0,0.011568155139684629,0.0,0.015979665331542475,0.0,0.014431213494390225,2.0,0.0,0.0,0.6163551956415176,0.0,0.0071732252836227,0.0,0.009960281662642938,0.0,0.0034360637267430495,0.0,0.021076945587992627,0.0,0.002030312782153475,2.0,,,,,,,0.02524904503176606,0.0,,,,,,,,,,,0.0,0.0,0.0,0.0,0.0,0.0,0.0,0.0,0.0,0.0,0.0,0.0,0.0,0.0,0.0,0.0,0.0,0.0,0.0,0.0,0.0,0.0,0.0,0.0,0.0,0.0,0.0,0.0,0.0,0.0,0.0,0.0,0.0,0.0,0.0,0.0,0.0,0.0,0.0,0.0,0.0,0.0,0.14380037225782866,0.0,0.011568155139684629,0.0,0.0149404229596257,0.0,0.03314174385741349,0.0,0.006810712395235875,0.0,0.00868462631478905,0.0,,,,,,,,,,,,,,,,,,,,,0,2,101,2
8,region_08,2025-04-26,,,,,,,,,,,,,,,0.0,0.0,,,,,,,,,,,,,,,,,,,,,,,,,0.0,0.0,,,,,,,,,,,,,0.0,0.0,0.0,0.0,0.0,0.0,0.0,0.0,0.0,0.0,0.0,0.0,,,0.0,0.0,0.0,0.0,0.0,0.0,0.0,0.0,0.0,0.0,0.0,0.0,0.0,0.0,0.0,0.0,0.0,0.0,0.0,0.0,0.0,0.0,0.0,0.0,0.0,0.0,0.0,0.0,0.0,0.0,0.0,0.0,0.0,0.0,0.0,0.0,0.0,0.0,0.0,0.0,0.0,0.0,0.0,0.0,0.0,0.0,0.0,0.0,0.0,0.0,0.0,0.0,0.0,0.0,0.00896603893488645,0.0,0.0,0.0,0.0,0.0,0.0,0.0,0.0,0.0,0.0,0.0,0.0,0.0,0.0,0.0,0.0,0.0,0.0,0.0,0.0,0.0,0.0,0.0,0.0,0.0,0.0,0.0,0.0,0.0,0.0,0.0,0.0,0.0,0.0,0.0,0.012731969356536832,0.0,0.027845295766989367,0.0,0.0,0.0,0.0,0.0,0.0,0.0,0.0,0.0,0.0,0.0,0.0,0.0,0.013931105844676467,0.0,0.0,0.0,0.013381899334490266,0.0,0.0,0.0,0.012731969356536832,0.0,0.0,0.0,0.02886242698878045,0.0,0.0,0.0,0.6577156186103821,0.0,0.00795458443462845,0.0,0.0,0.0,0.0,0.0,0.029370158910751298,0.0,0.00406062556430695,0.0,,,,,,,0.04410622393091517,0.0,,,,,,,,,,,0.0,0.0,0.0,0.0,0.0,0.0,0.0,0.0,0.0,0.0,0.0,0.0,0.0,0.0,0.0,0.0,0.0,0.0,0.0,0.0,0.0,0.0,0.0,0.0,0.0,0.0,0.0,0.0,0.0,0.0,0.0,0.0,0.0,0.0,0.0,0.0,0.0,0.0,0.0,0.0,0.0,0.0,0.10663538426160807,0.0,0.012731969356536832,0.0,0.0,0.0,0.03288220241665837,0.0,0.0,0.0,0.0,0.0,,,,,,,,,,,,,,,,,,,,,0,0,103,3
8,region_08,2025-05-03,,,,,,,,,,,,,,,0.0,0.0,,,,,,,,,,,,,,,,,,,,,,,,,0.0,0.0,,,,,,,,,,,,,0.0,0.0,0.0,0.0,0.0,0.0,0.0,0.0,0.0,0.0,0.0,0.0,,,0.0,0.0,0.0,0.0,0.0,0.0,0.0,0.0,0.0,0.0,0.0,0.0,0.0,0.0,0.0,0.0,0.0,0.0,0.0,0.0,0.0,0.0,0.0,0.0,0.0,0.0,0.0,0.0,0.0,0.0,0.0,0.0,0.0,0.0,0.0,0.0,0.0,0.0,0.0,0.0,0.0,0.0,0.0,0.0,0.0,0.0,0.0,0.0,0.0,0.0,0.0,0.0,0.0,0.0,0.004483019467443225,0.0,0.0,0.0,0.0,0.0,0.0,0.0,0.0,0.0,0.0,0.0,0.0,0.0,0.0,0.0,0.0,0.0,0.0,0.0,0.0,0.0,0.0,0.0,0.0,0.0,0.0,0.0,0.0,0.0,0.0,0.0,0.0,0.0,0.0,0.0,0.009279181482270341,0.0,0.11282338884969552,0.0,0.0,0.0,0.0,0.0,0.0,0.0,0.0,0.0,0.0,0.0,0.0,0.0,0.006965552922338233,0.0,0.0,0.0,0.006690949667245133,0.0,0.0,0.0,0.011787792667746516,0.0,0.0,0.0,0.014431213494390225,0.0,0.0,0.0,0.5907062217593193,0.0,0.003977292217314225,0.0,0.0,0.0,0.0,0.0,0.014685079455375649,0.0,0.01457336801104245,0.0,,,,,,,0.022053111965457586,0.0,,,,,,,,,,,0.0,0.0,0.0,0.0,0.0,0.0,0.0,0.0,0.0,0.0,0.0,0.0,0.0,0.0,0.0,0.0,0.0,0.0,0.0,0.0,0.0,0.0,0.0,0.0,0.0,0.0,0.0,0.0,0.0,0.0,0.0,0.0,0.0,0.0,0.0,0.0,0.0,0.0,0.0,0.0,0.0,0.0,0.07710894942283626,0.0,0.09261251729913055,0.0,0.0,0.0,0.016441101208329183,0.0,0.00582639360800385,0.0,0.002508610952645525,0.0,,,,,,,,,,,,,,,,,,,,,0,0,103,4
8,region_08,2025-05-10,,,,,,,,,,,,,,,0.0,0.0,,,,,,,,,,,,,,,,,,,,,,,,,0.0,0.0,,,,,,,,,,,,,0.0,0.0,0.0,0.0,0.0,0.0,0.0,0.0,0.0,0.0,0.0,0.0,,,0.0,0.0,0.0,0.0,0.0,0.0,0.0,0.0,0.0,0.0,0.0,0.0,0.0,0.0,0.0,0.0,0.0,0.0,0.0,0.0,0.0,0.0,0.0,0.0,0.0,0.0,0.0,0.0,0.0,0.0,0.0,0.0,0.0,0.0,0.0,0.0,0.0,0.0,0.0,0.0,0.0,0.0,0.0,0.0,0.0,0.0,0.0,0.0,0.0,0.0,0.0,0.0,0.0,0.0,0.0,0.0,0.0,0.0,0.0,0.0,0.0,0.0,0.0,0.0,0.0,0.0,0.0,0.0,0.0,0.0,0.0,0.0,0.0,0.0,0.0,0.0,0.0,0.0,0.0,0.0,0.0,0.0,0.0,0.0,0.0,0.0,0.0,0.0,0.0,0.0,0.00582639360800385,0.0,0.19780148193240166,0.0,0.0,0.0,0.0,0.0,0.0,0.0,0.0,0.0,0.0,0.0,0.0,0.0,0.0,0.0,0.0,0.0,0.0,0.0,0.0,0.0,0.0108436159789562,0.0,0.0,0.0,0.0,0.0,0.0,0.0,0.5236968249082565,0.0,0.0,0.0,0.0,0.0,0.0,0.0,0.0,0.0,0.02508611045777795,0.0,,,,,,,0.0,0.0,,,,,,,,,,,0.0,0.0,0.0,0.0,0.0,0.0,0.0,0.0,0.0,0.0,0.0,0.0,0.0,0.0,0.0,0.0,0.0,0.0,0.0,0.0,0.0,0.0,0.0,0.0,0.0,0.0,0.0,0.0,0.0,0.0,0.0,0.0,0.0,0.0,0.0,0.0,0.0,0.0,0.0,0.0,0.0,0.0,0.04758251458406445,0.0,0.17249306524172425,0.0,0.0,0.0,0.0,0.0,0.0116527872160077,0.0,0.00501722190529105,0.0,,,,,,,,,,,,,,,,,,,,,0,0,103,5
8,region_08,2025-05-17,,,,,,,,,,,,,,,0.0,0.0,,,,,,,,,,,,,,,,,,,,,,,,,0.0,0.0,,,,,,,,,,,,,0.0,0.0,0.0,0.0,0.0,0.0,0.0,0.0,0.0,0.0,0.0,0.0,,,0.0,0.0,0.0,0.0,0.0,0.0,0.0,0.0,0.0,0.0,0.0,0.0,0.0,0.0,0.0,0.0,0.0,0.0,0.0,0.0,0.0,0.0,0.0,0.0,0.0,0.0,0.0,0.0,0.0,0.0,0.0,0.0,0.0,0.0,0.0,0.0,0.0,0.0,0.0,0.0,0.0,0.0,0.0,0.0,0.0,0.0,0.0,0.0,0.0,0.0,0.0,0.0,0.0,0.0,0.0,0.0,0.0,0.0,0.0,0.0,0.0,0.0,0.0,0.0,0.0,0.0,0.0,0.0,0.0,0.0,0.0,0.0,0.0,0.0,0.0,0.0,0.0,0.0,0.0,0.0,0.0,0.0,0.0,0.0,0.0,0.0,0.0,0.0,0.0,0.0,0.002913196804001925,0.0,0.09890074096620083,0.0,0.0,0.0,0.0,0.0,0.0,0.0,0.0,0.0,0.0,0.0,0.0,0.0,0.0,0.0,0.0,0.0,0.0,0.0,0.0,0.0,0.02928393892943855,0.0,0.00624171504750845,0.0,0.00624171504750845,0.0,0.0,0.0,0.6118815466761589,0.0,0.0,0.0,0.00624171504750845,0.0,0.0,0.0,0.0,0.0,0.04154216963797802,0.0,,,,,,,0.0,0.0,,,,,,,,,,,0.0,0.0,0.0,0.0,0.0,0.0,0.0,0.0,0.0,0.0,0.0,0.0,0.0,0.0,0.0,0.0,0.0,0.0,0.0,0.0,0.0,0.0,0.0,0.0,0.0,0.0,0.0,0.0,0.0,0.0,0.0,0.0,0.0,0.0,0.0,0.0,0.0,0.0,0.0,0.0,0.0,0.0,0.05958445370197292,0.0,0.08624653262086213,0.0,0.0,0.0,0.0,0.0,0.00582639360800385,0.0,0.04509588750079273,0.0,,,,,,,,,,,,,,,,,,,,,0,0,103,6
8,region_08,2025-05-24,,,,,,,,,,,,,,,0.0,0.0,,,,,,,,,,,,,,,,,,,,,,,,,0.0,0.0,,,,,,,,,,,,,0.0,0.0,0.0,0.0,0.0,0.0,0.0,0.0,0.0,0.0,0.0,0.0,,,0.0,0.0,0.0,0.0,0.0,0.0,0.0,0.0,0.0,0.0,0.0,0.0,0.0,0.0,0.0,0.0,0.0,0.0,0.0,0.0,0.0,0.0,0.0,0.0,0.0,0.0,0.0,0.0,0.0,0.0,0.0,0.0,0.0,0.0,0.0,0.0,0.0,0.0,0.0,0.0,0.0,0.0,0.0,0.0,0.0,0.0,0.0,0.0,0.0,0.0,0.0,0.0,0.0,0.0,0.0,0.0,0.0,0.0,0.0,0.0,0.0,0.0,0.0,0.0,0.0,0.0,0.0,0.0,0.0,0.0,0.0,0.0,0.0,0.0,0.0,0.0,0.0,0.0,0.0,0.0,0.0,0.0,0.0,0.0,0.0,0.0,0.0,0.0,0.0,0.0,0.0,0.0,0.0,0.0,0.0,0.0,0.0,0.0,0.0,0.0,0.0,0.0,0.0,0.0,0.0,0.0,0.0,0.0,0.0,0.0,0.0,0.0,0.0,0.0,0.0477242618799209,0.0,0.0124834300950169,0.0,0.0124834300950169,0.0,0.0,0.0,0.7000662684440613,0.0,0.0,0.0,0.0124834300950169,0.0,0.0,0.0,0.0,0.0,0.0579982288181781,0.0,,,,,,,0.0,0.0,,,,,,,,,,,0.0,0.0,0.0,0.0,0.0,0.0,0.0,0.0,0.0,0.0,0.0,0.0,0.0,0.0,0.0,0.0,0.0,0.0,0.0,0.0,0.0,0.0,0.0,0.0,0.0,0.0,0.0,0.0,0.0,0.0,0.0,0.0,0.0,0.0,0.0,0.0,0.0,0.0,0.0,0.0,0.0,0.0,0.0715863928198814,0.0,0.0,0.0,0.0,0.0,0.0,0.0,0.0,0.0,0.0851745530962944,0.0,,,,,,,,,,,,,,,,,,,,,0,0,103,7
8,region_08,2025-05-31,,,,,,,,,,,,,,,0.0004956780234351701,0.0,,,,,,,,,,,,,,,,,,,,,,,,,,,,,,,,,,,,,,,,,5.528527339372353e-05,0.0,,,,,,,,,,,,,,,,,,,,,,,,,0.00263157906010745,0.0,,,,,,,,,,,,,,,,,,,,,,,,,,,,,,,,,,,,,,,0.0026109839091077247,0.0,,,,,,,,,0.00010204165092935357,0.0,,,,,,,,,,,,,,,,,,,,,,,,,0.004372234844292183,0.0,0.00263157906010745,0.0,,,,,,,,,,,,,,,,,0.007216211000923038,0.0,,,0.0317019477176169,0.0,0.008852698956616174,0.0,0.013231799006462052,0.0,,,0.6307104974985123,0.0,,,0.010600219946354583,0.0,,,0.0026178489594409667,0.0,0.06822522729635233,0.0,,,,,,,0.0018514236435294082,0.0,,,,,,,,,,,,,0.00014492752961814333,0.0,,,,,,,,,,,,,,,,,,,,,,,,,,,,,,,,,,,,,0.0068063401617109495,0.0,0.057585719972848864,0.0,0.0026178489594409667,0.0,,,0.0034950419794767835,0.0,0.009607932530343517,0.0,0.14742553979158401,0.0,,,,,,,,,,,,,,,,,,,,,0,0,23,8
8,region_08,2025-06-07,,,,,,,,,,,,,,,0.0009913560468703402,0.0,,,,,,,,,,,,,,,,,,,,,,,,,,,,,,,,,,,,,,,,,0.00011057054678744706,0.0,,,,,,,,,,,,,,,,,,,,,,,,,0.0052631581202149,0.0,,,,,,,,,,,,,,,,,,,,,,,,,,,,,,,,,,,,,,,0.0052219678182154495,0.0,,,,,,,,,0.00020408330185870714,0.0,,,,,,,,,,,,,,,,,,,,,,,,,0.008744469688584366,0.0,0.0052631581202149,0.0,,,,,,,,,,,,,,,,,0.014432422001846076,0.0,,,0.0156796335553129,0.0,0.0052219678182154495,0.0,0.013980167917907202,0.0,,,0.5613547265529633,0.0,,,0.008717009797692266,0.0,,,0.005235697918881933,0.0,0.07845222577452657,0.0,0.013980167917907202,2.0,,,,,0.0037028472870588164,0.0,,,,,0.0260416660457849,2.0,,,,,,,0.00028985505923628666,0.0,,,,,,,,,,,,,,,,,,,,,,,,,,,,,,,,,,,,,0.013612680323421899,0.0,0.04358504712581634,0.0,0.005235697918881933,0.0,,,0.006990083958953567,0.0,0.019215865060687034,0.0,0.2096765264868736,0.0,,,,,,,,,,,,,,,,,,,,,0,2,23,9
8,region_08,2025-06-14,,,,,,,,,,,,,,,0.0014870340703055103,0.0,,,,,,,,,,,,,,,,,,,,,,,,,,,,,,,,,,,,,,,,,0.00016585582018117058,0.0,,,,,,,,,,,,,,,,,,,,,,,,,0.005161037125314233,0.0,,,,,,,,,,,,,,,,,,,,,,,,,,,,,,,,,,,,,,,0.005191986041609162,0.0,,,,,,,,,0.0003061249527880607,0.0,,,,,,,,,,,,,,,,,,,,,,,,,0.009607983956811911,0.0,0.005161037125314233,0.0,,,,,,,,,,,,,,,,,0.013270069379359432,0.0,,,0.012973393701637734,0.0,,,0.01508276420645412,0.0,,,0.4871218129992485,0.0,,,,,,,,,0.10275841969996688,0.0,0.0159930154914036,0.0,,,,,0.005554270930588225,0.0,,,,,0.0279447115026414,0.0,,,,,,,0.00043478258885443,0.0,,,,,,,,,,,,,,,,,,,,,,,,,,,,,,,,,,,,,0.012671464058803343,0.0,0.03546592080965637,0.0,0.004937676235082673,0.0,,,0.006456231504368234,0.0,0.02205327688716349,0.0,0.2510073948651552,0.0,,,,,,,,,,,,,,,,,,,,,0,0,22,10
8,region_08,2025-06-21,,,,,,,,,,,,,,,0.0019827120937406803,0.0,,,,,,,,,,,,,,,,,,,,,,,,,,,,,,,,,,,,,,,,,0.00022114109357489412,0.0,,,,,,,,,,,,,,,,,,,,,,,,,0.005058916130413567,0.0,,,,,,,,,,,,,,,,,,,,,,,,,,,,,,,,,,,,,,,0.005162004265002875,0.0,,,,,,,,,0.0004081666037174143,0.0,,,,,,,,,,,,,,,,,,,,,,,,,0.010471498225039459,0.0,0.005058916130413567,0.0,,,,,,,,,,,,,,,,,0.012107716756872788,0.0,,,0.010267153847962568,0.0,,,0.01618536049500104,0.0,,,0.41288889944553375,0.0,,,,,,,,,0.12706461362540716,0.0,0.018005863064900002,0.0,,,,,0.007405694574117633,0.0,,,,,0.0298477569594979,0.0,,,,,,,0.0005797101184725733,0.0,,,,,,,,,,,,,,,,,,,,,,,,,,,,,,,,,,,,,0.011730247794184787,0.0,0.027346794493496394,0.0,0.004639654551283412,0.0,,,0.0059223790497829,0.0,0.02489068871363994,0.0,0.2923382632434368,0.0,,,,,,,,,,,,,,,,,,,,,0,0,22,11
8,region_08,2025-06-28,,,,,,,,,,,,,,,0.00247839011717585,0.0,,,,,,,,,,,,,,,,,,,,,,,,,,,,,,,,,,,,,,,,,0.00027642636696861763,0.0,,,,,,,,,,,,,,,,,,,,,,,,,0.0049567951355129,0.0,,,,,,,,,,,,,,,,,,,,,,,,,,,,,,,,,,,,,,,0.005132022488396587,0.0,,,,,,,,,0.0005102082546467678,0.0,,,,,,,,,,,,,,,,,,,,,,,,,0.011335012493267006,0.0,0.0049567951355129,0.0,,,,,,,,,,,,,,,,,0.010945364134386144,0.0,,,0.0075609139942874005,0.0,,,0.017287956783547956,0.0,,,0.33865598589181894,0.0,,,,,,,,,0.15137080755084747,0.0,0.0200187106383964,0.0,,,,,0.009257118217647041,0.0,,,,,0.031750802416354404,0.0,,,,,,,0.0007246376480907167,0.0,,,,,,,,,,,,,,,,,,,,,,,,,,,,,,,,,,,,,0.010789031529566232,0.0,0.01922766817733642,0.0,0.004341632867484152,0.0,,,0.005388526595197567,0.0,0.027728100540116395,0.0,0.3336691316217184,0.0,,,,,,,,,,,,,,,,,,,,,0,0,22,12
8,region_08,2025-07-05,,,,,,,,,,,,,,,0.0029740681406110205,0.0,,,,,,,,,,,,,,,,,,,,,,,,,,,,,,,,,,,,,,,,,0.00033171164036234117,0.0,,,,,,,,,,,,,,,,,,,,,,,,,0.0048546741406122335,0.0,,,,,,,,,,,,,,,,,,,,,,,,,,,,,,,,,,,,,,,0.0051020407117903,0.0,,,,,,,,,0.0006122499055761214,0.0,,,,,,,,,,,,,,,,,,,,,,,,,0.012198526761494551,0.0,0.0048546741406122335,0.0,,,,,,,,,,,,,,,,,0.0097830115118995,0.0,,,0.0048546741406122335,0.0,,,0.018390553072094876,0.0,,,0.2644230723381042,0.0,,,,,,,,,0.1756770014762878,0.0,0.0220315582118928,0.0,,,,,0.01110854186117645,0.0,,,,,0.0336538478732109,0.0,,,,,,,0.00086956517770886,0.0,,,,,,,,,,,,,,,,,,,,,,,,,,,,,,,,,,,,,0.009847815264947676,0.0,0.01110854186117645,0.0,0.004043611183684892,0.0,,,0.0048546741406122335,0.0,0.03056551236659285,0.0,0.375,0.0,,,,,,,0.0048310307320207,2.0,,,,,,,,,,,,,0,1,22,13
8,region_08,2025-07-12,,,,,,,,,,,,,,,0.003469746164046191,0.0,,,,,,,,,,,,,,,,,,,,,,,,,,,,,,,,,,,,,,,,,0.0003869969137560647,0.0,,,,,,,,,,,,,,,,,,,,,,,,,,,,,,,,,,,,,,,,,,,,,,,,,,,,,,,,,,,,,,,,,0.00467156070517373,0.0,,,,,,,,,0.000714291556505475,0.0,,,,,,,,,,,,,,,,,,,,,,,,,0.009861776183242875,0.0,,,,,,,,,,,,,,,,,,,0.00894958799472075,0.0,,,0.004432874486277139,0.0,,,0.01949596370104696,0.0,,,0.23361505717039105,0.0,,,,,,,,,0.16271746185209066,0.0,0.021831792430020827,0.0,,,,,0.0090442875080043,0.0,,,,,0.027987638721242526,0.0,,,,,,,0.0010144927073270033,0.0,,,,,,,,,,,,,,,,,,,,,,,,,,,,,,,,,,,,,0.009984285471728032,0.0,0.010799896856769877,0.0,0.0037455894998856313,0.0,,,,,0.027171693276613913,0.0,0.42342032492160797,0.0,,,,,,,0.005728528893087025,0.0,,,,,,,,,,,,,0,0,20,14
8,region_08,2025-07-19,,,,,,,,,,,,,,,0.003965424187481361,0.0,,,,,,,,,,,,,,,,,,,,,,,,,,,,,,,,,,,,,,,,,0.00044228218714978824,0.0,,,,,,,,,,,,,,,,,,,,,,,,,,,,,,,,,,,,,,,,,,,,,,,,,,,,,,,,,,,,,,,,,0.0042410806985571595,0.0,,,,,,,,,0.0008163332074348286,0.0,,,,,,,,,,,,,,,,,,,,,,,,,0.007525025604991201,0.0,,,,,,,,,,,,,,,,,,,0.008116164477542,0.0,,,0.004011074831942045,0.0,,,0.02060137432999905,0.0,,,0.20280704200267788,0.0,,,,,,,,,0.1497579222278935,0.0,0.021632026648148853,0.0,,,,,0.00698003315483215,0.0,,,,,0.02232142956927415,0.0,,,,,,,0.0011594202369451466,0.0,,,,,,,,,,,,,,,,,,,,,,,,,,,,,,,,,,,,,0.010120755678508387,0.0,0.010491251852363305,0.0,0.0034475678160863707,0.0,,,,,0.023777874186634976,0.0,0.47184064984321594,0.0,,,,,,,0.00662602705415335,0.0,,,,,,,,,,,,,0,0,20,15
8,region_08,2025-07-26,,,,,,,,,,,,,,,0.0044611022109165305,0.0,,,,,,,,,,,,,,,,,,,,,,,,,,,,,,,,,,,,,,,,,0.0004975674605435117,0.0,,,,,,,,,,,,,,,,,,,,,,,,,,,,,,,,,,,,,,,,,,,,,,,,,,,,,,,,,,,,,,,,,0.00381060069194059,0.0,,,,,,,,,0.0009183748583641822,0.0,,,,,,,,,,,,,,,,,,,,,,,,,0.0051882750267395255,0.0,,,,,,,,,,,,,,,,,,,0.00728274096036325,0.0,,,0.003589275177606951,0.0,,,0.02170678495895114,0.0,,,0.1719990268349647,0.0,,,,,,,,,0.13679838260369637,0.0,0.021432260866276875,0.0,,,,,0.00491577880166,0.0,,,,,0.01665522041730577,0.0,,,,,,,0.00130434776656329,0.0,,,,,,,,,,,,,,,,,,,,,,,,,,,,,,,,,,,,,0.010257225885288743,0.0,0.010182606847956733,0.0,0.0031495461322871105,0.0,,,,,0.020384055096656035,0.0,0.5202609747648239,0.0,,,,,,,0.007523525215219675,0.0,,,,,,,,,,,,,0,0,20,16
8,region_08,2025-08-02,,,,,,,,,,,,,,,0.0049567802343517,0.0,,,,,,,,,,,,,,,,,,,,,,,,,,,,,,,,,,,,,,,,,0.0005528527339372353,0.0,,,,,,,,,,,,,,,,,,,,,,,,,,,,,,,,,,,,,,,,,,,,,,,,,,,,,,,,,,,,,,,,,0.00338012068532402,0.0,,,,,,,,,0.0010204165092935356,0.0,,,,,,,,,,,,,,,,,,,,,,,,,0.00285152444848785,0.0,,,,,,,,,,,,,,,,,,,0.0064493174431845,0.0,,,0.0031674755232718567,0.0,,,0.022812195587903226,0.0,,,0.14119101166725156,0.0,,,,,,,,,0.12383884297949922,0.0,0.0212324950844049,0.0,,,,,0.00285152444848785,0.0,0.00279005698394025,2.0,,,0.0109890112653374,0.0,,,,,,,0.0014492752961814334,0.0,,,,,,,,,,,,,,,,,,,,,,,,,,,,,,,,,,,,,0.0103936960920691,0.0,0.00987396184355016,0.0,0.00285152444848785,0.0,,,,,0.0169902360066771,0.0,0.5686812996864319,0.0,0.002807007714485067,2.0,0.00279005698394025,2.0,,,0.008421023376286,0.0,,,,,0.002807007714485067,2.0,,,0.011228030857940467,2.0,,,0,5,20,17
8,region_08,2025-08-09,,,,,,,,,,,,,,,0.004087654402246645,0.0,,,,,,,,,,,,,,,,,,,,,,,,,,,,,,,,,,,,,,,,,0.0006081380073309588,0.0,,,,,,,,,,,,,,,,,,,,,,,,,,,,,,,,,,,,,,,,,,,,,,,,,,,,,,,,,,,,,,,,,0.00288425251492294,0.0,,,,,,,,,0.0011224581602228892,0.0,,,,,,,,,,,,,,,,,,,,,,,,,,,,,,,,,,,,,,,,,,,,,0.0061199073505121705,0.0,,,0.0027456758689367623,0.0,,,0.01952691965270784,0.0,,,0.11766975230226911,0.0,,,,,,,,,0.11441912271437187,0.0,0.023813781328499276,0.0,,,,,0.0028406827817282388,0.0,0.003857556682002371,0.0,,,0.009638406452722775,0.0,,,,,,,0.0015942028257995766,0.0,,,,,,,,,,,,,,,,,,,,,,,,,,,,,,,,,,,,,0.008537207887275095,0.0,0.00814560983562837,0.0,0.0028787817893316373,0.0,,,,,0.016747201404844675,0.0,0.6063111573457718,0.0,0.0024624015641165377,0.0,0.0024460097386811625,0.0,,,0.017574763623997538,0.0,,,,,0.002814539388054919,0.0,,,0.00913030674564647,0.0,,,0,0,24,18
8,region_08,2025-08-16,,,,,,,,,,,,,,,0.00321852857014159,0.0,,,,,,,,,,,,,,,,,,,,,,,,,,,,,,,,,,,,,,,,,0.0006634232807246823,0.0,,,,,,,,,,,,,,,,,,,,,,,,,,,,,,,,,,,,,,,,,,,,,,,,,,,,,,,,,,,,,,,,,0.00238838434452186,0.0,,,,,,,,,0.0012244998111522428,0.0,,,,,,,,,,,,,,,,,,,,,,,,,,,,,,,,,,,,,,,,,,,,,0.00579049725783984,0.0,,,0.0023238762146016684,0.0,,,0.016241643717512452,0.0,,,0.09414849293728667,0.0,,,,,,,,,0.1049994024492445,0.0,0.026395067572593647,0.0,,,,,0.0028298411149686275,0.0,0.004925056380064493,0.0,,,0.00828780164010815,0.0,,,,,,,0.00173913035541772,0.0,,,,,,,,,,,,,,,,,,,,,,,,,,,,,,,,,,,,,0.00668071968248109,0.0,0.00641725782770658,0.0,0.002906039130175425,0.0,,,,,0.016504166803012248,0.0,0.6439410150051117,0.0,0.0021177954137480085,0.0,0.002101962493422075,0.0,,,0.026728503871709074,0.0,,,,,0.002822071061624771,0.0,,,0.007032582633352471,0.0,,,0,0,24,19
8,region_08,2025-08-23,,,,,,,,,,,,,,,0.002349402738036535,0.0,,,,,,,,,,,,,,,,,,,,,,,,,,,,,,,,,,,,,,,,,0.0007187085541184059,0.0,,,,,,,,,,,,,,,,,,,,,,,,,,,,,,,,,,,,,,,,,,,,,,,,,,,,,,,,,,,,,,,,,0.0018925161741207802,0.0,,,,,,,,,0.0013265414620815964,0.0,,,,,,,,,,,,,,,,,,,,,,,,,,,,,,,,,,,,,,,,,,,,,0.00546108716516751,0.0,,,0.0019020765602665742,0.0,,,0.012956367782317067,0.0,,,0.07062723357230422,0.0,,,,,,,,,0.09557968218411714,0.0,0.028976353816688023,0.0,,,,,0.002818999448209016,0.0,0.005992556078126613,0.0,,,0.006937196827493525,0.0,,,,,,,0.0018840578850358634,0.0,,,,,,,,,,,,,,,,,,,,,,,,,,,,,,,,,,,,,0.004824231477687084,0.0,0.0046889058197847906,0.0,0.0029332964710192125,0.0,,,,,0.016261132201179824,0.0,0.6815708726644516,0.0,0.0017731892633794791,0.0,0.0017579152481629874,0.0,,,0.03588224411942061,0.0,,,,,0.002829602735194623,0.0,,,0.004934858521058473,0.0,,,0,0,24,20
8,region_08,2025-08-30,,,,,,,,,,,,,,,0.00148027690593148,0.0,,,,,,,,,,,,,,,,,,,,,,,,,,,,,,,,,,,,,,,,,0.0007739938275121294,0.0,,,,,,,,,,,,,,,,,,,,,,,,,,,,,,,,,,,,,,,,,,,,,,,,,,,,,,,,,,,,,,,,,0.0013966480037197,0.0,,,,,,,,,0.00142858311301095,0.0,,,,,,,,,,,,,,,,,,,,,,,,,,,,,,,,,,,,,,,,,,,,,0.00513167707249518,0.0,,,0.00148027690593148,0.0,,,0.00967109184712168,0.0,,,0.047105974207321766,0.0,,,,,,,,,0.08615996191898978,0.0,0.0315576400607824,0.0,,,,,0.0028081577814494047,0.0,0.007060055776188734,0.0,,,0.0055865920148789,0.0,,,,,,,0.0020289854146540065,0.0,,,,,,,,,,,,,,,,,,,,,,,,,,,,,,,,,,,,,0.00296774327289308,0.0,0.002960553811863,0.0,0.002960553811863,0.0,,,,,0.0160180975993474,0.0,0.7192007303237915,0.0,0.00142858311301095,0.0,0.0014138680029039,0.0,,,0.04503598436713215,0.0,,,,,0.0028371344087644752,0.0,0.0028371344087644752,2.0,0.0028371344087644752,0.0,0.0028371344087644752,2.0,0,2,24,21
8,region_08,2025-09-06,,,,,,,,,,,,,,,0.00156987778609613,0.0,,,,,,,,,,,,,,,,,,,,,,,,,,,,,,,,,,,,,,,,,0.0008292791009058529,0.0,,,,,,,,,,,,,,,,,,,,,,,,,,,,,,,,,,,,,,,,,,,,,,,,,,,,,,,,,,,,,,,,,0.00148531436570915,0.0,,,,,,,,,,,,,,,,,,,,,,,,,,,,,,,,,,,,,,,,,,,,,,,,,,,,,,,0.004308427911018905,0.0,,,,,,,0.00909199931193139,0.0,,,0.03888603076338764,0.0,,,,,,,,,0.08300876244902605,0.0,0.027805260941386183,0.0,,,,,0.0027973161146897935,0.0,0.008110820432193543,0.0,,,0.00462777237407855,0.0,,,,,,,0.00217391294427215,0.0,,,,,,,,,,,,,,,,,,,,,,,,,,,,,,,,,,,,,0.00266596057335841,0.0,,,,,,,,,0.014063010011644375,0.0,0.7300009777148565,0.0,0.002267848132760237,0.0,0.0023977456439751585,0.0,,,0.05025964882224795,0.0,,,,,0.0038419138116295814,0.0,0.0030471910198684162,0.0,0.002579889413027494,0.0,0.003270622721174673,0.0,0,0,22,22
8,region_08,2025-09-13,,,,,,,,,,,,,,,0.00165947866626078,0.0,,,,,,,,,,,,,,,,,,,,,,,,,,,,,,,,,,,,,,,,,0.0008845643742995765,0.0,,,,,,,,,,,,,,,,,,,,,,,,,,,,,,,,,,,,,,,,,,,,,,,,,,,,,,,,,,,,,,,,,0.0015739807276986002,0.0,,,,,,,,,,,,,,,,,,,,,,,,,,,,,,,,,,,,,,,,,,,,,,,,,,,,,,,0.0034851787495426305,0.0,,,,,,,0.0085129067767411,0.0,,,0.030666087319453514,0.0,,,,,,,,,0.07985756297906234,0.0,0.024052881821989967,0.0,,,,,0.0027864744479301823,0.0,0.009161585088198351,0.0,,,0.0036689527332782,0.0,,,,,,,0.0023188404738902933,0.0,,,,,,,,,,,,,,,,,,,,,,,,,,,,,,,,,,,,,0.0023641778738237402,0.0,,,,,,,,,0.012107922423941351,0.0,0.7408012251059215,0.0,0.003107113152509525,0.0,0.0033816232850464164,0.0,,,0.055483313277363736,0.0,,,,,0.004846693214494688,0.0,0.0032572476309723577,0.0,0.0023226444172905125,0.0,0.003704111033584871,0.0,0,0,22,23
8,region_08,2025-09-20,,,,,,,,,,,,,,,0.0017490795464254302,0.0,,,,,,,,,,,,,,,,,,,,,,,,,,,,,,,,,,,,,,,,,0.0009398496476933,0.0,,,,,,,,,,,,,,,,,,,,,,,,,,,,,,,,,,,,,,,,,,,,,,,,,,,,,,,,,,,,,,,,,0.0016626470896880501,0.0,,,,,,,,,,,,,,,,,,,,,,,,,,,,,,,,,,,,,,,,,,,,,,,,,,,,,,,0.002661929588066355,0.0,,,,,,,0.00793381424155081,0.0,,,0.022446143875519388,0.0,,,,,,,,,0.07670636350909862,0.0,0.020300502702593756,0.0,,,,,0.0027756327811705706,0.0,0.010212349744203158,0.0,,,0.00271013309247785,0.0,,,,,,,0.0024637680035084365,0.0,,,,,,,,,,,,,,,,,,,,,,,,,,,,,,,,,,,,,0.00206239517428907,0.0,,,,,,,,,0.010152834836238325,0.0,0.7516014724969864,0.0,0.003946378172258812,0.0,0.004365500926117675,0.0,,,0.06070697773247953,0.0,,,,,0.005851472617359793,0.0,0.003467304242076299,0.0,0.002065399421553531,0.0,0.004137599345995069,0.0,0,0,22,24
8,region_08,2025-09-27,,,,,,,,,,,,,,,0.0018386804265900802,0.0,,,,,,,,,,,,,,,,,,,,,,,,,,,,,,,,,,,,,,,,,0.0009951349210870234,0.0,,,,,,,,,,,,,,,,,,,,,,,,,,,,,,,,,,,,,,,,,,,,,,,,,,,,,,,,,,,,,,,,,0.0017513134516775,0.0,,,,,,,,,,,,,,,,,,,,,,,,,,,,,,,,,,,,,,,,,,,,,,,,,,,,,,,0.0018386804265900802,0.0,,,,,,,0.00735472170636052,0.0,,,0.014226200431585262,0.0,,,,,,,,,0.0735551640391349,0.0,0.01654812358319754,0.0,,,,,0.0027647911144109594,0.0,0.011263114400207967,0.0,,,0.0017513134516775,0.0,,,,,,,0.00260869553312658,0.0,,,,,,,,,,,,,,,,,,,,,,,,,,,,,,,,,,,,,0.0017606124747544,0.0,,,,,,,,,0.0081977472485353,0.0,0.7624017198880514,0.0,0.0047856431920080995,0.0,0.005349378567188933,0.0,,,0.06593064218759533,0.0,,,0.0017513134516775,2.0,0.0068562520202249,0.0,0.00367736085318024,0.0,0.00180815442581655,0.0,0.004571087658405267,0.0,0,1,22,25
8,region_08,2025-10-04,,,,,,,,,,,,,,,0.005897306482074717,0.0,,,,,,,,,,,,,,,,,,,,,,,,,,,,,,,,,,,,,,,,,0.001050420194480747,0.0,,,,,,,,,,,,,,,,,,,,,,,,,,,,,,,,,,,,,,,,,,,,,,,,,,,,,,,,,,,,,,,,,0.001980427943635675,0.0,,,,,,,,,,,,,,,,,,,,,,,,,,,,,,,,,,,,,,,,,,,,,,,,,,,,,,,0.0019427051447564096,0.0,,,,,,,0.006419700488913747,0.0,,,0.01176022475119675,0.0,,,,,,,,,0.07276878096163265,0.0,0.01331475189654151,0.0,,,,,0.002753949447651348,0.0,0.013335282914340463,0.0,,,0.0018207022803835,0.0,,,,,,,0.0027536230627447232,0.0,,,,,,,,,,,,,,,,,,,,,,,,,,,,,,,,,,,,,,,,,,,,,,,0.00723888486390928,0.0,0.7528109192848206,0.0,0.004657608515117275,0.0,0.00536660555129245,0.0,,,0.07296852115541694,0.0,,,0.002111781184794319,0.0,0.012105998152401265,0.0,0.004565339058171912,0.0,0.002750181079318222,0.0,0.0059943612432107,0.0,0,0,22,26
8,region_08,2025-10-11,,,,,,,,,,,,,,,0.009955932537559352,0.0,,,,,,,,,,,,,,,,,,,,,,,,,,,,,,,,,,,,,,,,,0.0011057054678744705,0.0,,,,,,,,,,,,,,,,,,,,,,,,,,,,,,,,,,,,,,,,,,,,,,,,,,,,,,,,,,,,,,,,,0.00220954243559385,0.0,,,,,,,,,,,,,,,,,,,,,,,,,,,,,,,,,,,,,,,,,,,,,,,,,,,,,,,0.002046729862922739,0.0,,,,,,,0.005484679271466973,0.0,,,0.00929424907080824,0.0,,,,,,,,,0.07198239788413041,0.0,0.010081380209885483,0.0,,,,,0.002743107780891737,0.0,0.015407451428472958,0.0,,,0.0018900911090895,0.0,,,,,,,0.002898550592362867,0.0,,,,,,,,,,,,,,,,,,,,,,,,,,,,,,,,,,,,,,,,,,,,,,,0.00628002247928326,0.0,0.7432201186815898,0.0,0.00452957383822645,0.0,0.005383832535395967,0.0,,,0.08000640012323854,0.0,,,0.0024722489179111375,0.0,0.01735574428457763,0.0,0.005453317263163582,0.0,0.0036922077328198945,0.0,0.007417634828016132,0.0,0,0,22,27
8,region_08,2025-10-18,,,,,,,,,,,,,,,0.014014558593043989,0.0,,,,,,,,,,,,,,,,,,,,,,,,,,,,,,,,,,,,,,,,,0.0011609907412681942,0.0,,,,,,,,,,,,,,,,,,,,,,,,,,,,,,,,,,,,,,,,,,,,,,,,,,,,,,,,,,,,,,,,,0.002438656927552025,0.0,,,,,,,,,,,,,,,,,,,,,,,,,,,,,,,,,,,,,,,,,,,,,,,,,,,,,,,0.0021507545810890683,0.0,,,,,,,0.004549658054020199,0.0,,,0.00682827339041973,0.0,,,,,,,,,0.07119601480662817,0.0,0.006848008523229455,0.0,,,,,0.0027322661141321257,0.0,0.017479619942605454,0.0,,,0.0019594799377955,0.0,,,,,,,0.00304347812198101,0.0,,,,,,,,,,,,,,,,,,,,,,,,,,,,,,,,,,,,,,,,,,,,,,,0.00532116009465724,0.0,0.733629318078359,0.0,0.004401539161335625,0.0,0.005401059519499483,0.0,,,0.08704427909106015,0.0,,,0.0028327166510279563,0.0,0.022605490416753995,0.0,0.0063412954681552535,0.0,0.004634234386321567,0.0,0.008840908412821567,0.0,0,0,22,28
8,region_08,2025-10-25,,,,,,,,,,,,,,,0.018073184648528626,0.0,,,,,,,,,,,,,,,,,,,,,,,,,,,,,,,,,,,,,,,,,0.0012162760146619176,0.0,,,,,,,,,,,,,,,,,,,,,,,,,,,,,,,,,,,,,,,,,,,,,,,,,,,,,,,,,,,,,,,,,0.0026677714195102002,0.0,,,,,,,,,,,,,,,,,,,,,,,,,,,,,,,,,,,,,,,,,,,,,,,,,,,,,,,0.0022547792992553975,0.0,,,,,,,0.003614636836573425,0.0,,,0.00436229771003122,0.0,,,,,,,,,0.07040963172912593,0.0,0.003614636836573425,0.0,,,,,0.002721424447372514,0.0,0.01955178845673795,0.0,,,0.0020288687665015,0.0,,,,,,,0.003188405651599153,0.0,,,,,,,,,,,,,,,,,,,,,,,,,,,,,,,,,,,,,,,,,,,,,,,0.00436229771003122,0.0,0.7240385174751282,0.0,0.0042735044844448,0.0,0.005418286503603,0.0,,,0.09408215805888176,0.0,0.0151745420880615,2.0,0.003193184384144775,0.0,0.027855236548930358,0.0,0.007229273673146925,0.0,0.005576261039823239,0.0,0.010264181997626999,0.0,0,1,22,29
8,region_08,2025-11-01,,,,,,,,,,,,,,,0.015451828061486532,0.0,,,,,,,,,,,,,,,,,,,,,,,,,,,,,,,,,,,,,,,,,0.0012715612880556412,0.0,,,,,,,,,,,,,,,,,,,,,,,,,,,,,,,,,,,,,,,,,,,,,,,,,,,,,,,,,,,,,,,,,0.002896885911468375,0.0,,,,,,,,,,,,,,,,,,,,,,,,,,,,,,,,,,,,,,,,,,,,,,,,,,,,,,,0.002358804017421727,0.0,,,,,,,0.0036970205061758023,0.0,,,0.004169392253970677,0.0,,,,,,,,,0.05997314774431283,0.0,0.007983921095728819,0.0,,,,,0.002710582780612903,0.0,0.02170017035678025,0.0,,,0.0020982575952075,0.0,,,,,,,0.0033333331812172968,0.0,,,,,,,,,,,,,,,,,,,,,,,,,,,,,,,,,,,,,,,,,,,,,,,0.00503295995683094,0.0,0.7186102837324142,0.0,0.017094017355702776,0.0,0.011564461009887308,0.0,,,0.08344455529004334,0.0,0.026641278876922962,0.0,0.0035536521172615937,0.0,0.03034182533156122,0.0,0.0067238010136255015,0.0,0.006615508142082589,0.0,0.020651715924032005,0.0,0,0,23,30
8,region_08,2025-11-08,,,,,,,,,,,,,,,0.012830471474444438,0.0,,,,,,,,,,,,,,,,,,,,,,,,,,,,,,,,,,,,,,,,,0.0013268465614493647,0.0,,,,,,,,,,,,,,,,,,,,,,,,,,,,,,,,,,,,,,,,,,,,,,,,,,,,,,,,,,,,,,,,,0.00312600040342655,0.0,,,,,,,,,,,,,,,,,,,,,,,,,,,,,,,,,,,,,,,,,,,,,,,,,,,,,,,0.0024628287355880564,0.0,,,,,,,0.0037794041757781794,0.0,,,0.003976486797910135,0.0,,,,,,,,,0.049536663759499736,0.0,0.012353205354884211,0.0,,,,,0.0026997411138532917,0.0,0.02384855225682255,0.0,,,0.0021676464239135003,0.0,,,,,,,0.00347826071083544,0.0,,,,,,,,,,,,,,,,,,,,,,,,,,,,,,,,,,,,,,,,,,,,,,,0.005703622203630659,0.0,0.7131820499897004,0.0,0.02991453022696075,0.0,0.017710635516171615,0.0,,,0.07280695252120493,0.0,0.03810801566578442,0.0,0.003914119850378412,0.0,0.03282841411419208,0.0,0.006218328354104077,0.0,0.007654755244341938,0.0,0.031039249850437014,0.0,0,0,23,31
8,region_08,2025-11-15,,,,,,,,,,,,,,,0.010209114887402344,0.0,,,,,,,,,,,,,,,,,,,,,,,,,,,,,,,,,,,,,,,,,0.0013821318348430883,0.0,,,,,,,,,,,,,,,,,,,,,,,,,,,,,,,,,,,,,,,,,,,,,,,,,,,,,,,,,,,,,,,,,0.003355114895384725,0.0,,,,,,,,,,,,,,,,,,,,,,,,,,,,,,,,,,,,,,,,,,,,,,,,,,,,,,,0.0025668534537543856,0.0,,,,,,,0.0038617878453805566,0.0,,,0.0037835813418495923,0.0,,,,,,,,,0.03910017977468665,0.0,0.016722489614039604,0.0,,,,,0.0026888994470936805,0.0,0.02599693415686485,0.0,,,0.0022370352526195,0.0,,,,,,,0.003623188240453583,0.0,,,,,,,,,,,,,,,,,,,,,,,,,,,,,,,,,,,,,,,,,,,,,,,0.00637428445043038,0.0,0.7077538162469864,0.0,0.042735043098218725,0.0,0.023856810022455925,0.0,,,0.062169349752366515,0.0,0.04957475245464589,0.0,0.004274587583495231,0.0,0.03531500289682294,0.0,0.005712855694582653,0.0,0.008694002346601289,0.0,0.04142678377684202,0.0,0,0,23,32
8,region_08,2025-11-22,,,,,,,,,,,,,,,0.00758775830036025,0.0,,,,,,,,,,,,,,,,,,,,,,,,,,,,,,,,,,,,,,,,,0.0014374171082368117,0.0,,,,,,,,,,,,,,,,,,,,,,,,,,,,,,,,,,,,,,,,,,,,,,,,,,,,,,,,,,,,,,,,,0.0035842293873429,0.0,,,,,,,,,,,,,,,,,,,,,,,,,,,,,,,,,,,,,,,,,,,,,,,,,,,,,,,0.0026708781719207153,0.0,,,,,,,0.003944171514982934,0.0,,,0.00359067588578905,0.0,,,,,,,,,0.02866369578987355,0.0,0.021091773873194997,0.0,,,,,0.0026780577803340692,0.0,0.02814531605690715,0.0,0.0107526881620287,2.0,0.0023064240813255,0.0,0.0035842293873429,2.0,,,,,0.0037681157700717267,0.0,,,,,,,,,,,,,,,,,,,,,,,,,,,,,,,,,,,,,,,,,,,,,,,0.0070449466972301,0.0,0.7023255825042725,0.0,0.0555555559694767,0.0,0.030002984528740232,0.0,,,0.0515317469835281,0.0,0.06104148924350735,0.0,0.00463505531661205,0.0,0.0378015916794538,0.0,0.005207383035061229,0.0,0.009733249448860637,0.0,0.05181431770324703,0.0,0,2,23,33
8,region_08,2025-11-29,,,,,,,,,,,,,,,0.0064871918245140705,0.0,,,,,,,,,,,,,,,,,,,,,,,,,,,,,,,,,,,,,,,,,0.0014927023816305354,0.0,,,,,,,,,,,,,,,,,,,,,,,,,,,,,,,,,,,,,,,,,,,,,,,,,,,,,,,,,,,,,,,,,,,,,,,,,,,,,,,,,,,,,,,,,,,,,,,,,,,,,,,,,,,,,,,,,,,,,,,,,0.0027749028900870445,0.0,,,,,,,0.0037545017354810835,0.0,,,0.003489380013585671,0.0,,,,,,,,,0.03513826623869434,0.0,0.017049257779338654,0.0,,,,,0.0026672161135744576,0.0,0.03596686781384049,0.0,0.0177544385660439,0.0,0.0023758129100315,0.0,0.003980161738581925,0.0,,,,,0.00391304329968987,0.0,,,,,,,,,,,,,,,,,,,,,,,,,,,,,,,,,,,,,,,,,,,,,,,0.006442401946211817,0.0,0.6601421236991882,0.0,0.0426783716926972,0.0,0.038006114307790974,0.0,,,0.05753017123788591,0.0,0.06193098798394199,0.0,0.004995523049728869,0.0,0.04007065901532765,0.0,0.004701910375539806,0.0,0.010772496551119986,0.0,0.04984265007078642,0.0,0,0,24,34
8,region_08,2025-12-06,,,,,,,,,,,,,,,0.005386625348667891,0.0,,,,,,,,,,,,,,,,,,,,,,,,,,,,,,,,,,,,,,,,,0.0015479876550242588,0.0,,,,,,,,,,,,,,,,,,,,,,,,,,,,,,,,,,,,,,,,,,,,,,,,,,,,,,,,,,,,,,,,,,,,,,,,,,,,,,,,,,,,,,,,,,,,,,,,,,,,,,,,,,,,,,,,,,,,,,,,,0.0028789276082533738,0.0,,,,,,,0.0035648319559792334,0.0,,,0.0033880841413822917,0.0,,,,,,,,,0.04161283668751514,0.0,0.013006741685482315,0.0,,,,,0.0026563744468148464,0.0,0.043788419570773826,0.0,0.0247561889700591,0.0,0.0024452017387375,0.0,0.00437609408982095,0.0,,,,,0.004057970829308013,0.0,,,,,,,,,,,,,,,,,,,,,,,,,,,,,,,,,,,,,,,,,,,,,,,0.005839857195193534,0.0,0.617958664894104,0.0,0.0298011874159177,0.0,0.04600924408684172,0.0,,,0.06352859549224373,0.0,0.06282048672437662,0.0,0.005355990782845687,0.0,0.042339726351201507,0.0,0.004196437716018382,0.0,0.011811743653379336,0.0,0.04787098243832581,0.0,0,0,24,35
8,region_08,2025-12-13,,,,,,,,,,,,,,,0.004286058872821712,0.0,,,,,,,,,,,,,,,,,,,,,,,,,,,,,,,,,,,,,,,,,0.0016032729284179825,0.0,,,,,,,,,,,,,,,,,,,,,,,,,,,,,,,,,,,,,,,,,,,,,,,,,,,,,,,,,,,,,,,,,,,,,,,,,,,,,,,,,,,,,,,,,,,,,,,,,,,,,,,,,,,,,,,,,,,,,,,,,0.002982952326419703,0.0,,,,,,,0.0033751621764773836,0.0,,,0.0032867882691789124,0.0,,,,,,,,,0.04808740713633594,0.0,0.008964225591625975,0.0,,,,,0.002645532780055235,0.0,0.051609971327707165,0.0,0.0317579393740743,0.0,0.0025145905674435003,0.0,0.004772026441059975,0.0,,,,,0.004202898358926156,0.0,,,,,,,,,,,,,,,,,,,,,,,,,,,,,,,,,,,,,,,,,,,,,,,0.00523731244417525,0.0,0.5757752060890198,0.0,0.0169240031391382,0.0,0.05401237386589246,0.0,,,0.06952701974660153,0.0,0.06370998546481127,0.0,0.005716458515962506,0.0,0.044608793687075356,0.0,0.0036909650564969578,0.0,0.012850990755638687,0.0,0.04589931480586521,0.0,0,0,24,36
8,region_08,2025-12-20,,,,,,,,,,,,,,,0.0031854923969755334,0.0,,,,,,,,,,,,,,,,,,,,,,,,,,,,,,,,,,,,,,,,,0.0016585582018117059,0.0,,,,,,,,,,,,,,,,,,,,,,,,,,,,,,,,,,,,,,,,,,,,,,,,,,,,,,,,,,,,,,,,,,,,,,,,,,,,,,,,,,,,,,,,,,,,,,,,,,,,,,,,,,,,,,,,,,,,,,,,,0.0030869770445860326,0.0,,,,,,,0.0031854923969755334,0.0,,,0.0031854923969755334,0.0,,,,,,,,,0.05456197758515673,0.0,0.0049217094977696335,0.0,,,,,0.002634691113295624,0.0,0.0594315230846405,0.0,0.0387596897780895,0.0,0.0025839793961495,0.0,0.005167958792299,0.0,,,,,0.0043478258885443,0.0,,,,,,,,,,,,,,,,,,,,,,,,,,,,,,,,,,,,,,,,,,,,,,,0.004634767693156966,0.0,0.5335917472839355,0.0,0.0040468188623587,0.0,0.0620155036449432,0.0,0.0025839793961495,2.0,0.07552544400095934,0.0,0.0645994842052459,0.0,0.006076926249079325,0.0,0.046877861022949205,0.0,0.0031854923969755334,0.0,0.013890237857898035,0.0,0.0439276471734046,0.0,0,1,24,37
8,region_08,2025-12-27,,,,,,,,,,,,,,,0.0028590441215783,0.0,,,,,,,,,,,,,,,,,,,,,,,,,,,,,,,,,,,,,,,,,0.0017138434752054295,0.0,,,,,,,,,,,,,,,,,,,,,,,,,,,,,,,,,,,,,,,,,,,,,,,,,,,,,,,,,,,,,,,,,,,,,,,,,,,,,,,,,,,,,,,,,,,,,,,,,,,,,,,,,,,,,,,,,,,,,,,,,0.003191001762752362,0.0,,,,,,,0.003328968945424975,0.0,,,0.0030299258651211502,0.0,,,,,,,,,0.05595907755196091,0.0,0.004624990532950771,0.0,,,,,0.0026238494465360123,0.0,0.05820146234085161,0.0,0.03517878986895083,0.0,0.0047575333737768,0.0,0.006695517920888925,0.0,,,,,,,,,,,,,,,,,,,,,,,,,,,,,,,,,,,,,,,,,,,,,,,,,,,,,0.004415925417561049,0.0,0.5038122311234474,0.0,,,0.07235749252140518,0.0,0.0033477589604444503,0.0,0.07206616131588811,0.0,0.08215603791177266,0.0,0.0064373939821961434,0.0,0.04220726806670425,0.0,0.0028590441215783,0.0,0.016975265345536127,0.0,0.03952468279749148,0.0,0,0,23,38
8,region_08,2026-01-03,,,,,,,,,,,,,,,0.0025325958461810665,0.0,,,,,,,,,,,,,,,,,,,,,,,,,,,,,,,,,,,,,,,,,0.001769128748599153,0.0,,,,,,,,,,,,,,,,,,,,,,,,,,,,,,,,,,,,,,,,,,,,,,,,,,,,,,,,,,,,,,,,,,,,,,,,,,,,,,,,,,,,,,,,,,,,,,,,,,,,,,,,,,,,,,,,,,,,,,,,,0.003295026480918691,0.0,,,,,,,0.0034724454938744164,0.0,,,0.0028743593332667666,0.0,,,,,,,,,0.057356177518765095,0.0,0.0043282715681319086,0.0,,,,,0.002613007779776401,0.0,0.056971401597062724,0.0,0.03159788995981215,0.0,0.006931087351404099,0.0,0.00822307704947885,0.0,,,,,,,,,,,,,,,,,,,,,,,,,,,,,,,,,,,,,,,,,,,,,,,,,,,,,0.004197083141965133,0.0,0.4740327149629593,0.0,,,0.08269948139786715,0.0,0.0041115385247394,0.0,0.0686068786308169,0.0,0.09971259161829943,0.0,0.006797861715312962,0.0,0.0375366751104593,0.0,0.0025325958461810665,0.0,0.020060292833174218,0.0,0.03512171842157835,0.0,0,0,23,39
8,region_08,2026-01-10,,,,,,,,,,,,,,,0.0022061475707838333,0.0,,,,,,,,,,,,,,,,,,,,,,,,,,,,,,,,,,,,,,,,,0.0018244140219928764,0.0,,,,,,,,,,,,,,,,,,,,,,,,,,,,,,,,,,,,,,,,,,,,,,,,,,,,,,,,,,,,,,,,,,,,,,,,,,,,,,,,,,,,,,,,,,,,,,,,,,,,,,,,,,,,,,,,,,,,,,,,,0.0033990511990850208,0.0,,,,,,,0.003615922042323858,0.0,,,0.0027187928014123833,0.0,,,,,,,,,0.05875327748556927,0.0,0.004031552603313046,0.0,,,,,0.00260216611301679,0.0,0.05574134085327383,0.0,0.028016990050673474,0.0,0.0091046413290314,0.0,0.009750636178068775,0.0,,,,,,,,,,,,,,,,,,,,,,,,,,,,,,,,,,,,,,,,,,,,,,,,,,,,,0.003978240866369217,0.0,0.44425319880247116,0.0,,,0.09304147027432913,0.0,0.00487531808903435,0.0,0.06514759594574568,0.0,0.11726914532482619,0.0,0.007158329448429781,0.0,0.03286608215421435,0.0,0.0022061475707838333,0.0,0.023145320320812308,0.0,0.030718754045665226,0.0,0,0,23,40
8,region_08,2026-01-17,,,,,,,,,,,,,,,0.0018796992953866,0.0,,,,,,,,,,,,,,,,,,,,,,,,,,,,,,,,,,,,,,,,,0.0018796992953866,0.0,,,,,,,,,0.0018796992953866,2.0,,,,,,,,,,,,,,,,,,,,,,,,,,,,,,,,,,,,,,,,,,,,,,,,,,,,,,,,,,,,,,,,,,,,,,,,,,,,,,,,,,,,,,,,,,,,,,,,,,,,,,,,,,,,,,,0.00350307591725135,0.0,,,,,,,0.0037593985907733,0.0,,,0.002563226269558,0.0,,,,,,,,,0.06015037745237345,0.0,0.0037348336384941836,0.0,,,,,0.0025913244462571787,0.0,0.05451128010948494,0.0,0.0244360901415348,0.0,0.0112781953066587,0.0,0.0112781953066587,0.0,,,,,,,,,,,,,,,,,,,,,,,,,,,,,,,,,,,,,,,,,,,,,,,,,,,,,0.0037593985907733,0.0,0.41447368264198303,0.0,,,0.1033834591507911,0.0,0.0056390976533293,0.0,0.06168831326067445,0.0,0.13482569903135294,0.0,0.0075187971815466,0.0,0.0281954891979694,0.0,0.0018796992953866,0.0,0.026230347808450398,0.0,0.0263157896697521,0.0,0,1,23,41
8,region_08,2026-01-24,,,,,,,,,,,,,,,,,,,,,,,,,,,,,,,,,,,,,,,,,,,,,,,,,,,,,,,,,,,,,,,,,,,0.002176651760237225,0.0,,,,,,,,,,,,,,,,,,,,,,,,,,,,,,,,,,,,,,,,,,,,,,,,,,,,,,,,,,,,,,,,,,,,,,,,,,,,,,,,,,,,,,,,,,,,,,,,,,,,,,,,,,,,,,,0.003901285827547888,0.0,,,,,,,0.0034565383878846583,0.0,,,0.0025594091469731835,0.0,,,,,,,,,0.057804083451628636,0.0,0.0034381146736753208,0.0,,,,,0.0025804827794975674,0.0,0.05196509882807726,0.0,0.02579833194613455,0.0,0.013749180361628487,0.0,0.014093246776610566,0.0,,,,,,,,,,,,,,,,,,,,,,,,,,,,,,,,,,,,,,,,,,,,,,,,,,,,,0.003983513393904969,0.0,0.4073636184136073,0.0,,,0.11736797603468095,0.0,0.004817160341190113,0.0,0.06434199912473557,0.0,0.1249814704060554,0.0,0.007403272863787841,0.0,0.027609777481605566,0.0,0.0030756447425421916,0.0,0.024915469771561463,0.0,0.026298307503263132,0.0,0,0,22,42
8,region_08,2026-01-31,,,,,,,,,,,,,,,,,,,,,,,,,,,,,,,,,,,,,,,,,,,,,,,,,,,,,,,,,,,,,,,,,,,0.00247360422508785,0.0,,,,,,,,,,,,,,,,,,,,,,,,,,,,,,,,,,,,,,,,,,,,,,,,,,,,,,,,,,,,,,,,,,,,,,,,,,,,,,,,,,,,,,,,,,,,,,,,,,,,,,,,,,,,,,,0.004299495737844425,0.0,,,,,,,0.003153678184996017,0.0,,,0.002555592024388367,0.0,,,,,,,,,0.055457789450883824,0.0,0.0031413957088564583,0.0,,,,,0.002569641112737956,0.0,0.049418917546669584,0.0,0.0271605737507343,0.0,0.016220165416598275,0.0,0.016908298246562432,0.0,,,,,,,,,,,,,,,,,,,,,,,,,,,,,,,,,,,,,,,,,,,,,,,,,,,,,0.004207628197036638,0.0,0.40025355418523156,0.0,,,0.1313524929185708,0.0,0.003995223029050926,0.0,0.06699568498879668,0.0,0.11513724178075785,0.0,0.007287748546029083,0.0,0.02702406576524173,0.0,0.004271590189697783,0.0,0.023600591734672532,0.0,0.026280825336774165,0.0,0,0,22,43
8,region_08,2026-02-07,,,,,,,,,,,,,,,,,,,,,,,,,,,,,,,,,,,,,,,,,,,,,,,,,,,,,,,,,,,,,,,,,,,0.002770556689938475,0.0,,,,,,,,,,,,,,,,,,,,,,,,,,,,,,,,,,,,,,,,,,,,,,,,,,,,,,,,,,,,,,,,,,,,,,,,,,,,,,,,,,,,,,,,,,,,,,,,,,,,,,,,,,,,,,,0.004697705648140963,0.0,,,,,,,0.002850817982107375,0.0,,,0.00255177490180355,0.0,,,,,,,,,0.05311149545013901,0.0,0.002844676744037596,0.0,,,,,0.0025587994459783446,0.0,0.04687273626526191,0.0,0.02852281555533405,0.0,0.018691150471568063,0.0,0.0197233497165143,0.0,,,,,,,,,,,,,,,,,,,,,,,,,,,,,,,,,,,,,,,,,,,,,,,,,,,,,0.0044317430001683065,0.0,0.3931434899568558,0.0,,,0.14533700980246064,0.0,0.003173285716911738,0.0,0.06964937085285781,0.0,0.10529301315546032,0.0,0.007172224228270326,0.0,0.0264383540488779,0.0,0.005467535636853375,0.0,0.0222857136977836,0.0,0.0262633431702852,0.0,0,0,22,44
8,region_08,2026-02-14,,,,,,,,,,,,,,,,,,,,,,,,,,,,,,,,,,,,,,,,,,,,,,,,,,,,,,,,,,,,,,,,,,,0.0030675091547891,0.0,,,,,,,,,,,,,,,,,,,,,,,,,,,,,,,,,,,,,,,,,,,,,,,,,,,,,,,,,,,,,,,,,,,,,,,,,,,,,,,,,,,,,,,,,,,,,,,,,,,,,,,,,,,,,,,0.005095915558437501,0.0,,,,,,,0.0025479577792187334,0.0,,,0.0025479577792187334,0.0,,,,,,,,,0.0507652014493942,0.0,0.0025479577792187334,0.0,,,,,0.0025479577792187334,0.0,0.04432655498385423,0.0,0.0298850573599338,0.0,0.02116213552653785,0.0,0.022538401186466165,0.0,0.009405393619090301,2.0,,,,,,,,,,,,,,,,,,,,,,,,,,,,,,,,,,,,,,,,,,,,,,,,,,,0.0046558578032999745,0.0,0.38603342572848004,0.0,,,0.1593215266863505,0.0,0.00235134840477255,0.0,0.07230305671691893,0.0,0.09544878453016277,0.0,0.007056699910511568,0.0,0.025852642332514067,0.0,0.006663481084008966,0.0,0.020970835660894666,0.0,0.026245861003796233,0.0,0,1,22,45
8,region_08,2026-02-21,,,,,,,,,,,,,,,,,,,,,,,,,,,,,,,,,,,,,,,,,,,,,,,,,,,,,,,,,,,,,,,,,,,0.003364461619639725,0.0,,,,,,,,,,,,,,,,,,,,,,,,,,,,,,,,,,,,,,,,,,,,,,,,,,,,,,,,,,,,,,,,,,,,,,,,,,,,,,,,,,,,,,,,,,,,,,,,,,,,,,,,,,,,,,,0.005210015922784788,0.0,,,,,,,,,,,,,,,,,,,,,0.053433854132890674,0.0,0.0032990475883707127,0.0,,,,,,,0.04307805513963098,0.0,0.035179750062525224,0.0,0.0310238897800445,0.0,0.020211874274536912,0.0,0.011750197852961702,0.0,,,,,,,,,,,,,,,,,,,,,,,,,,,,,,,,,,,,,,,,,,,,,,,,,,,0.004879972606431643,0.0,0.35364995896816254,0.0,,,0.16973524168133733,0.0,0.003151590557536075,0.0,0.06766725191846487,0.0,0.11748428642749782,0.0,,,0.022697555134072837,0.0,,,0.019036200130358286,0.0,0.025236712768673876,0.0,0,0,18,46
8,region_08,2026-02-28,,,,,,,,,,,,,,,,,,,,,,,,,,,,,,,,,,,,,,,,,,,,,,,,,,,,,,,,,,,,,,,,,,,0.0036614140844903496,0.0,,,,,,,,,,,,,,,,,,,,,,,,,,,,,,,,,,,,,,,,,,,,,,,,,,,,,,,,,,,,,,,,,,,,,,,,,,,,,,,,,,,,,,,,,,,,,,,,,,,,,,,,,,,,,,,0.005324116287132075,0.0,,,,,,,,,,,,,,,,,,,,,0.05610250681638715,0.0,0.0040501373975226915,0.0,,,,,,,0.04182955529540772,0.0,0.04047444276511665,0.0,0.04088564403355115,0.0,0.017885347362607655,0.0,0.0140950020868331,0.0,,,,,,,,,,,,,,,,,,,,,,,,,,,,,,,,,,,,,,,,,,,,,,,,,,,0.005104087409563312,0.0,0.3212664922078451,0.0,,,0.1801489566763242,0.0,0.0039518327102996,0.0,0.06303144712001083,0.0,0.1395197883248329,0.0,,,0.019542467935631608,0.0,,,0.017101564599821907,0.0,0.024227564533551516,0.0,0,0,18,47
8,region_08,2026-03-07,,,,,,,,,,,,,,,,,,,,,,,,,,,,,,,,,,,,,,,,,,,,,,,,,,,,,,,,,,,,,,,,,,,0.003958366549340975,0.0,,,,,,,,,,,,,,,,,,,,,,,,,,,,,,,,,,,,,,,,,,,,,,,,,,,,,,,,,,,,,,,,,,,,,,,,,,,,,,,,,,,,,,,,,,,,,,,,,,,,,,,,,,,,,,,0.005438216651479363,0.0,,,,,,,,,,,,,,,,,,,,,0.058771159499883624,0.0,0.004801227206674671,0.0,,,,,,,0.040581055451184456,0.0,0.045769135467708076,0.0,0.0507473982870578,0.0,0.015558820450678402,0.0,0.0164398063207045,0.0,,,,,,,,,,,,,,,,,,,,,,,,,,,,,,,,,,,,,,,,,,,,,,,,,,,0.005328202212694981,0.0,0.2888830254475276,0.0,,,0.19056267167131102,0.0,0.004752074863063125,0.0,0.058395642321556765,0.0,0.16155529022216794,0.0,,,0.016387380737190378,0.0,,,0.015166929069285528,0.0,0.02321841629842916,0.0,0,0,18,48
8,region_08,2026-03-14,,,,,,,,,,,,,,,,,,,,,,,,,,,,,,,,,,,,,,,,,,,,,,,,,,,,,,,,,,,,,,,,,,,0.0042553190141916,0.0,,,,,,,,,,,,,,,,,,,,,,,,,,,,,,,,,,,,,,,,,,,,,,,,,,,,,,,,,,,,,,,,,,,,,,,,,,,,,,,,,,,,,,,,,,,,,,,,,,,,,,,,,,,,,,,0.00555231701582665,0.0,,,,,,,,,,,,,,,,,,,,,0.0614398121833801,0.0,0.00555231701582665,0.0,,,,,,,0.0393325556069612,0.0,0.0510638281702995,0.0,0.060609152540564454,0.0,0.013232293538749149,0.0,0.0187846105545759,0.0,,,,,,,,,,,,,,,,,,,,,,,,,,,,,,,,,,,,,,,,,,,,,,,,,,,0.00555231701582665,0.0,0.2564995586872101,0.0,,,0.20097638666629786,0.0,0.00555231701582665,0.0,0.053759837523102705,0.0,0.183590792119503,0.0,,,0.013232293538749149,0.0,,,0.013232293538749149,0.0,0.0222092680633068,0.0,0,0,18,49
8,region_08,2026-03-21,,,,,,,,,,,,,,,,,,,,,,,,,,,,,,,,,,,,,,,,,,,,,,,,,,,,,,,,,,,,,,,,,,,,,,,,,,,,,,,,,,,,,,,,,,,,,,,,,,,,,,,,,,,,,,,,,,,,,,,,,,,,,,,,,,,,,,,,,,,,,,,,,,,,,,,,,,,,,,,,,,,,,,,,,,,,,,,,,,,,,,,,,,,,,,,,,,,,,,,,,,,,,,,,,,,,,,,,,,,,,,,,,,,,,,,,,,,,,,,,,,,,,,,,,,,,,,,,,,,,,,,,,,,,,,,,,0.44237466901540756,0.0,,,,,,,,,,,,,,,,,,,,,0,0,1,50
8,region_08,2026-03-28,,,,,,,,,,,,,,,,,,,,,,,,,,,,,,,,,,,,,,,,,,,,,,,,,,,,,,,,,,,,,,,,,,,,,,,,,,,,,,,,,,,,,,,,,,,,,,,,,,,,,,,,,,,,,,,,,,,,,,,,,,,,,,,,,,,,,,,,,,,,,,,,,,,,,,,,,,,,,,,,,,,,,,,,,,,,,,,,,,,,,,,,,,,,,,,,,,,,,,,,,,,,,,,,,,,,,,,,,,,,,,,,,,,,,,,,,,,,,,,,,,,,,,,,,,,,,,,,,,,,,,,,,,,,,,,,,0.628249779343605,0.0,,,,,,,,,,,,,,,,,,,,,0,0,1,51
8,region_08,2026-04-04,,,,,,,,,,,,,,,,,,,,,,,,,,,,,,,,,,,,,,,,,,,,,,,,,,,,,,,,,,,,,,,,,,,,,,,,,,,,,,,,,,,,,,,,,,,,,,,,,,,,,,,,,,,,,,,,,,,,,,,,,,,,,,,,,,,,,,,,,,,,,,,,,,,,,,,,,,,,,,,,,,,,,,,,,,,,,,,,,,,,,,,,,,,,,,,,,,,,,,,,,,,,,,,,,,,,,,,,,,,,,,,,,,,,,,,,,,,,,,,,,,,,,,,,,,,,,,,,,,,,,,,,,,,,,,,,,0.8141248896718025,0.0,,,,,,,,,,,,,,,,,,,,,0,0,1,52
8,region_08,2026-04-11,,,,,,,,,,,,,,,,,,,,,,,,,,,,,,,,,,,,,,,,,,,,,,,,,,,,,,,,,,,,,,,,,,,,,,,,,,,,,,,,,,,,,,,,,,,,,,,,,,,,,,,,,,,,,,,,,,,,,,,,,,,,,,,,,,,,,,,,,,,,,,,,,,,,,,,,,,,,,,,,,,,,,,,,,,,,,,,,,,,,,,,,,,,,,,,,,,,,,,,,,,,,,,,,,,,,,,,,,,,,,,,,,,,,,,,,,,,,,,,,,,,,,,,,,,,,,,,,,,,,,,,,,,,,,,,,,1.0,0.0,,,,,,,,,,,,,,,,,,,,,0,0,1,53
