usa_or_hhsregion,region,Date,A.2.5_share,A.2.5_marker,AY.1_share,AY.1_marker,AY.2_share,AY.2_marker,AY.3_share,AY.3_marker,B.1_share,B.1_marker,B.1.1_share,B.1.1_marker,B.1.1.519_share,B.1.1.519_marker,B.1.1.529_share,B.1.1.529_marker,B.1.1.7_share,B.1.1.7_marker,B.1.2_share,B.1.2_marker,B.1.351_share,B.1.351_marker,B.1.427_share,B.1.427_marker,B.1.429_share,B.1.429_marker,B.1.525_share,B.1.525_marker,B.1.526_share,B.1.526_marker,B.1.526.1_share,B.1.526.1_marker,B.1.526.2_share,B.1.526.2_marker,B.1.596_share,B.1.596_marker,B.1.617_share,B.1.617_marker,B.1.617.1_share,B.1.617.1_marker,B.1.617.2_share,B.1.617.2_marker,B.1.617.3_share,B.1.617.3_marker,B.1.621_share,B.1.621_marker,B.1.621.1_share,B.1.621.1_marker,B.1.626_share,B.1.626_marker,B.1.628_share,B.1.628_marker,B.1.637_share,B.1.637_marker,BA.1.1_share,BA.1.1_marker,BA.2_share,BA.2_marker,BA.2.12.1_share,BA.2.12.1_marker,BA.2.75_share,BA.2.75_marker,BA.2.75.2_share,BA.2.75.2_marker,BA.2.86_share,BA.2.86_marker,BA.3.2_share,BA.3.2_marker,BA.4_share,BA.4_marker,BA.4.6_share,BA.4.6_marker,BA.5_share,BA.5_marker,BA.5.2.6_share,BA.5.2.6_marker,BF.11_share,BF.11_marker,BF.7_share,BF.7_marker,BN.1_share,BN.1_marker,BQ.1_share,BQ.1_marker,BQ.1.1_share,BQ.1.1_marker,CH.1.1_share,CH.1.1_marker,EG.5_share,EG.5_marker,EG.5.1.8_share,EG.5.1.8_marker,EG.6.1_share,EG.6.1_marker,EU.1.1_share,EU.1.1_marker,FD.1.1_share,FD.1.1_marker,FD.2_share,FD.2_marker,FE.1.1_share,FE.1.1_marker,FL.1.5.1_share,FL.1.5.1_marker,GE.1_share,GE.1_marker,GK.1.1_share,GK.1.1_marker,GK.2_share,GK.2_marker,HF.1_share,HF.1_marker,HK.3_share,HK.3_marker,HV.1_share,HV.1_marker,JD.1.1_share,JD.1.1_marker,JF.1_share,JF.1_marker,JG.3_share,JG.3_marker,JN.1_share,JN.1_marker,JN.1.11.1_share,JN.1.11.1_marker,JN.1.13_share,JN.1.13_marker,JN.1.13.1_share,JN.1.13.1_marker,JN.1.16_share,JN.1.16_marker,JN.1.16.1_share,JN.1.16.1_marker,JN.1.18_share,JN.1.18_marker,JN.1.18.6_share,JN.1.18.6_marker,JN.1.32_share,JN.1.32_marker,JN.1.4.3_share,JN.1.4.3_marker,JN.1.7_share,JN.1.7_marker,JN.1.8.1_share,JN.1.8.1_marker,KP.1.1_share,KP.1.1_marker,KP.1.1.3_share,KP.1.1.3_marker,KP.1.2_share,KP.1.2_marker,KP.2_share,KP.2_marker,KP.2.15_share,KP.2.15_marker,KP.2.3_share,KP.2.3_marker,KP.3_share,KP.3_marker,KP.3.1.1_share,KP.3.1.1_marker,KP.4.1_share,KP.4.1_marker,KQ.1_share,KQ.1_marker,KS.1_share,KS.1_marker,KV.2_share,KV.2_marker,KW.1.1_share,KW.1.1_marker,LB.1_share,LB.1_marker,LB.1.3.1_share,LB.1.3.1_marker,LF.3.1_share,LF.3.1_marker,LF.7_share,LF.7_marker,LF.7.2.1_share,LF.7.2.1_marker,LF.7.7.1_share,LF.7.7.1_marker,LF.7.7.2_share,LF.7.7.2_marker,LF.7.9_share,LF.7.9_marker,LP.1_share,LP.1_marker,LP.8.1_share,LP.8.1_marker,MC.1_share,MC.1_marker,MC.10.1_share,MC.10.1_marker,MC.19_share,MC.19_marker,MC.28.1_share,MC.28.1_marker,NB.1.8.1_share,NB.1.8.1_marker,NW.1_share,NW.1_marker,P.1_share,P.1_marker,P.2_share,P.2_marker,PA.1_share,PA.1_marker,PQ.17_share,PQ.17_marker,PQ.17.11_share,PQ.17.11_marker,PQ.2.1.6_share,PQ.2.1.6_marker,PQ.2.8.1_share,PQ.2.8.1_marker,RV.1_share,RV.1_marker,XBB_share,XBB_marker,XBB.1.16_share,XBB.1.16_marker,XBB.1.16.1_share,XBB.1.16.1_marker,XBB.1.16.11_share,XBB.1.16.11_marker,XBB.1.16.15_share,XBB.1.16.15_marker,XBB.1.16.17_share,XBB.1.16.17_marker,XBB.1.16.6_share,XBB.1.16.6_marker,XBB.1.42.2_share,XBB.1.42.2_marker,XBB.1.5_share,XBB.1.5_marker,XBB.1.5.1_share,XBB.1.5.1_marker,XBB.1.5.10_share,XBB.1.5.10_marker,XBB.1.5.59_share,XBB.1.5.59_marker,XBB.1.5.68_share,XBB.1.5.68_marker,XBB.1.5.70_share,XBB.1.5.70_marker,XBB.1.5.72_share,XBB.1.5.72_marker,XBB.1.9.1_share,XBB.1.9.1_marker,XBB.1.9.2_share,XBB.1.9.2_marker,XBB.2.3_share,XBB.2.3_marker,XBB.2.3.8_share,XBB.2.3.8_marker,XDP_share,XDP_marker,XDV.1_share,XDV.1_marker,XEC_share,XEC_marker,XEC.4_share,XEC.4_marker,XEK_share,XEK_marker,XEQ_share,XEQ_marker,XFC_share,XFC_marker,XFG_share,XFG_marker,XFG.1_share,XFG.1_marker,XFG.1.1_share,XFG.1.1_marker,XFG.10.4_share,XFG.10.4_marker,XFG.14.1_share,XFG.14.1_marker,XFG.2.5.1_share,XFG.2.5.1_marker,XFG.23.1.3_share,XFG.23.1.3_marker,XFG.6_share,XFG.6_marker,XFV_share,XFV_marker,XFY_share,XFY_marker,XFZ_share,XFZ_marker,n_marker_1,n_marker_2,n_marker_0,n_marker_1_wk
7,region_07,2021-01-30,0.0036308176349848,2.0,0.0,,0.0,,0.0,,0.01705668400973078,2.0,0.0228131897747516,2.0,0.043788509650362815,2.0,,,0.0,,0.4903629459440708,1.0,0.0,,0.04066289635375137,2.0,0.037852352174619804,2.0,0.0,,0.0,,0.0,,0.0,,0.0944204796105623,2.0,0.0,,0.0,,0.0,,0.0,,0.0,,0.0,,0.0,,0.0,,,,,,,,,,,,,,,,,,,,,,,,,,,,,,,,,,,,,,,,,,,,,,,,,,,,,,,,,,,,,,,,,,,,,,,,,,,,,,,,,,,,,,,,,,,,,,,,,,,,,,,,,,,,,,,,,,,,,,,,,,,,,,,,,,,,,,,,,,,,,,,,,,,,,,,,,,0.0,,0.0020971278556518556,2.0,,,,,,,,,,,,,,,,,,,,,,,,,,,,,,,,,,,,,,,,,,,,,,,,,,,,,,,,,,,,,,,,,,,,,,,,,,,,,,,,,,,,,,,1,8,0,0
7,region_07,2021-02-06,0.00356569571886205,0.0,0.0,,0.0,,0.0,,0.0325435350881889,0.0,0.01461055548861615,0.0,0.03609755521433216,0.0,,,0.008798531605862058,1.0,0.5132082141935825,0.0,0.0,,0.03981661633588368,0.0,0.042601827066391665,0.0,0.0,,0.0008635166498909792,2.0,0.0,,0.0,,0.08214233955368397,0.0,0.0,,0.0,,0.0,,0.0,,0.0,,0.0,,0.0,,0.0,,,,,,,,,,,,,,,,,,,,,,,,,,,,,,,,,,,,,,,,,,,,,,,,,,,,,,,,,,,,,,,,,,,,,,,,,,,,,,,,,,,,,,,,,,,,,,,,,,,,,,,,,,,,,,,,,,,,,,,,,,,,,,,,,,,,,,,,,,,,,,,,,,,,,,,,,,0.0,,0.0010485639278259278,0.0,,,,,,,,,,,,,,,,,,,,,,,,,,,,,,,,,,,,,,,,,,,,,,,,,,,,,,,,,,,,,,,,,,,,,,,,,,,,,,,,,,,,,,,1,1,9,0
7,region_07,2021-02-13,0.0035005738027393,0.0,0.0,,0.0,,0.0,,0.04803038616664702,0.0,0.0064079212024807,0.0,0.028406600778301507,0.0,,,0.017597063211724117,0.0,0.5360534824430943,0.0,0.0,,0.038970336318016,0.0,0.04735130195816353,0.0,0.0,,0.0017270332997819584,0.0,0.0,,0.0,,0.06986419949680563,0.0,0.0,,0.0,,0.0,,0.0,,0.0,,0.0,,0.0,,0.0,,,,,,,,,,,,,,,,,,,,,,,,,,,,,,,,,,,,,,,,,,,,,,,,,,,,,,,,,,,,,,,,,,,,,,,,,,,,,,,,,,,,,,,,,,,,,,,,,,,,,,,,,,,,,,,,,,,,,,,,,,,,,,,,,,,,,,,,,,,,,,,,,,,,,,,,,,0.0,,0.0,0.0,,,,,,,,,,,,,,,,,,,,,,,,,,,,,,,,,,,,,,,,,,,,,,,,,,,,,,,,,,,,,,,,,,,,,,,,,,,,,,,,,,,,,,,0,0,11,1
7,region_07,2021-02-20,0.00175028690136965,0.0,0.0,,0.0,,0.0,,0.043277509836479974,0.0,0.0325369448401033,0.0,0.033046306731800194,0.0,,,0.05581123589737601,0.0,0.4703945219516754,0.0,0.0,,0.03410481310521176,0.0,0.07713839039206499,0.0,0.0,,0.00862482594578367,0.0,0.002629193710163225,2.0,0.0,,0.05341328820213671,0.0,0.0,,0.0,,0.0,,0.0,,0.0,,0.0,,0.0,,0.0,,,,,,,,,,,,,,,,,,,,,,,,,,,,,,,,,,,,,,,,,,,,,,,,,,,,,,,,,,,,,,,,,,,,,,,,,,,,,,,,,,,,,,,,,,,,,,,,,,,,,,,,,,,,,,,,,,,,,,,,,,,,,,,,,,,,,,,,,,,,,,,,,,,,,,,,,,0.0,,0.00561396591365335,0.0,,,,,,,,,,,,,,,,,,,,,,,,,,,,,,,,,,,,,,,,,,,,,,,,,,,,,,,,,,,,,,,,,,,,,,,,,,,,,,,,,,,,,,,0,1,11,2
7,region_07,2021-02-27,0.0,0.0,0.0,,0.0,,0.0,,0.038524633506312925,0.0,0.0586659684777259,0.0,0.03768601268529888,0.0,,,0.09402540858302791,0.0,0.4047355614602565,0.0,0.0,,0.029239289892407525,0.0,0.10692547882596647,0.0,0.0,,0.015522618591785381,0.0,0.00525838742032645,0.0,0.0,,0.0369623769074678,0.0,0.0,,0.0,,0.0,,0.0,,0.0,,0.0,,0.0,,0.0,,,,,,,,,,,,,,,,,,,,,,,,,,,,,,,,,,,,,,,,,,,,,,,,,,,,,,,,,,,,,,,,,,,,,,,,,,,,,,,,,,,,,,,,,,,,,,,,,,,,,,,,,,,,,,,,,,,,,,,,,,,,,,,,,,,,,,,,,,,,,,,,,,,,,,,,,,0.0,,0.0112279318273067,0.0,,,,,,,,,,,,,,,,,,,,,,,,,,,,,,,,,,,,,,,,,,,,,,,,,,,,,,,,,,,,,,,,,,,,,,,,,,,,,,,,,,,,,,,0,0,12,3
7,region_07,2021-03-06,0.0055518909357488,0.0,0.0,,0.0,,0.0,,,,,,,,,,0.10013282448053354,0.0,,,0.0,,0.0144199365749955,0.0,0.0785664841532707,0.0,0.0,,0.0055735368514433,0.0,,,,,,,,,0.0,,0.0,,0.0,,0.0,,0.0,,0.0,,0.0,,,,,,,,,,,,,,,,,,,,,,,,,,,,,,,,,,,,,,,,,,,,,,,,,,,,,,,,,,,,,,,,,,,,,,,,,,,,,,,,,,,,,,,,,,,,,,,,,,,,,,,,,,,,,,,,,,,,,,,,,,,,,,,,,,,,,,,,,,,,,,,,,,,,,,,,,,0.0,,,,,,,,,,,,,,,,,,,,,,,,,,,,,,,,,,,,,,,,,,,,,,,,,,,,,,,,,,,,,,,,,,,,,,,,,,,,,,,,,,,,,,,,,,0,0,5,4
7,region_07,2021-03-13,0.0,0.0,0.0,,0.0,,0.0,,,,,,,,,,0.17984551787376396,0.0,,,0.00467893956229086,2.0,0.0291792266070842,0.0,0.0558746643364429,0.0,0.0,,0.033323667943477575,0.0,,,,,,,,,0.0,,0.0,,0.0,,0.0,,0.0,,0.0,,0.0,,,,,,,,,,,,,,,,,,,,,,,,,,,,,,,,,,,,,,,,,,,,,,,,,,,,,,,,,,,,,,,,,,,,,,,,,,,,,,,,,,,,,,,,,,,,,,,,,,,,,,,,,,,,,,,,,,,,,,,,,,,,,,,,,,,,,,,,,,,,,,,,,,,,,,,,,,0.0,,,,,,,,,,,,,,,,,,,,,,,,,,,,,,,,,,,,,,,,,,,,,,,,,,,,,,,,,,,,,,,,,,,,,,,,,,,,,,,,,,,,,,,,,,0,1,5,5
7,region_07,2021-03-20,0.0,0.0,0.0,,0.0,,0.0,,,,,,,,,,0.34450610876083376,0.0,,,0.0070147179998457,0.0,0.0173733253031969,0.0,0.064030572772026,0.0,0.0,,0.05660548806190487,0.0,,,,,,,,,0.0,,0.0,,0.0,,0.0,,0.0,,0.0,,0.0,,,,,,,,,,,,,,,,,,,,,,,,,,,,,,,,,,,,,,,,,,,,,,,,,,,,,,,,,,,,,,,,,,,,,,,,,,,,,,,,,,,,,,,,,,,,,,,,,,,,,,,,,,,,,,,,,,,,,,,,,,,,,,,,,,,,,,,,,,,,,,,,,,,,,,,,,,0.0,,,,,,,,,,,,,,,,,,,,,,,,,,,,,,,,,,,,,,,,,,,,,,,,,,,,,,,,,,,,,,,,,,,,,,,,,,,,,,,,,,,,,,,,,,0,0,6,6
7,region_07,2021-03-27,0.0,0.0,0.0,,0.0,,0.0,,,,,,,,,,0.5210646629333496,0.0,,,0.0,0.0,0.051184382289648,0.0,0.0745011791586875,0.0,0.004663357394747375,2.0,0.01691749715246255,0.0,,,,,,,,,0.0,,0.00238272780552505,1.0,0.0,,0.0,,0.0,,0.0,,0.0,,,,,,,,,,,,,,,,,,,,,,,,,,,,,,,,,,,,,,,,,,,,,,,,,,,,,,,,,,,,,,,,,,,,,,,,,,,,,,,,,,,,,,,,,,,,,,,,,,,,,,,,,,,,,,,,,,,,,,,,,,,,,,,,,,,,,,,,,,,,,,,,,,,,,,,,,,0.0092259801924228,2.0,,,,,,,,,,,,,,,,,,,,,,,,,,,,,,,,,,,,,,,,,,,,,,,,,,,,,,,,,,,,,,,,,,,,,,,,,,,,,,,,,,,,,,,,,1,2,6,0
7,region_07,2021-04-03,0.0,0.0,0.0,,0.0,,0.0,,,,,,,,,,0.524916660785675,0.0,,,0.00475603360682722,0.0,0.0276443213224411,0.0,0.0746626257896423,0.0,0.0,0.0,0.05234328657388683,0.0,,,,,,,,,0.0,,0.0,0.0,0.0,,0.0,,0.0,,0.0,,0.0,,,,,,,,,,,,,,,,,,,,,,,,,,,,,,,,,,,,,,,,,,,,,,,,,,,,,,,,,,,,,,,,,,,,,,,,,,,,,,,,,,,,,,,,,,,,,,,,,,,,,,,,,,,,,,,,,,,,,,,,,,,,,,,,,,,,,,,,,,,,,,,,,,,,,,,,,,0.01308134887367482,0.0,,,,,,,,,,,,,,,,,,,,,,,,,,,,,,,,,,,,,,,,,,,,,,,,,,,,,,,,,,,,,,,,,,,,,,,,,,,,,,,,,,,,,,,,,0,0,9,1
7,region_07,2021-04-10,0.0,0.0,0.0,,0.0,,0.0,,,,,,,,,,0.7121256232261658,0.0,,,0.0015263621695339202,0.0,0.0284290630370378,0.0,0.0489252097904682,0.0,0.0,0.0,0.0491465171799063,0.0,,,,,,,,,0.0,,0.00075459433719515,0.0,0.0,,0.0,,0.0,,0.0,,0.0,,,,,,,,,,,,,,,,,,,,,,,,,,,,,,,,,,,,,,,,,,,,,,,,,,,,,,,,,,,,,,,,,,,,,,,,,,,,,,,,,,,,,,,,,,,,,,,,,,,,,,,,,,,,,,,,,,,,,,,,,,,,,,,,,,,,,,,,,,,,,,,,,,,,,,,,,,0.04278589040040966,0.0,,,,,,,,,,,,,,,,,,,,,,,,,,,,,,,,,,,,,,,,,,,,,,,,,,,,,,,,,,,,,,,,,,,,,,,,,,,,,,,,,,,,,,,,,0,0,9,2
7,region_07,2021-04-17,0.0,0.0,0.0,,0.0,,0.0,,,,,,,,,,0.717281174659729,0.0,,,0.01844766624271866,0.0,0.0,0.0,0.0331177860498428,0.0,0.0,0.0,0.05634181573987005,0.0,,,,,,,,,0.003227427291373333,2.0,0.00159987993538375,0.0,0.0,,0.0032158388756215,2.0,0.002598453662358175,2.0,0.0,,0.0032264535936216004,2.0,,,,,,,,,,,,,,,,,,,,,,,,,,,,,,,,,,,,,,,,,,,,,,,,,,,,,,,,,,,,,,,,,,,,,,,,,,,,,,,,,,,,,,,,,,,,,,,,,,,,,,,,,,,,,,,,,,,,,,,,,,,,,,,,,,,,,,,,,,,,,,,,,,,,,,,,,0.06578001677989952,0.0,,,,,,,,,,,,,,,,,,,,,,,,,,,,,,,,,,,,,,,,,,,,,,,,,,,,,,,,,,,,,,,,,,,,,,,,,,,,,,,,,,,,,,,,,0,4,9,3
7,region_07,2021-04-24,0.0,0.0,0.0,,0.0,,0.0017132220091298,2.0,,,,,,,,,0.780893349647522,0.0,,,0.00806655567139382,0.0,0.0,0.0,0.0298064835369586,0.0,0.0,0.0,0.04767020139843223,0.0,,,,,,,,,0.0,0.0,0.0062039112206548,0.0,0.0,,0.00344460001215334,0.0,0.0,0.0,0.0,,0.0,0.0,,,,,,,,,,,,,,,,,,,,,,,,,,,,,,,,,,,,,,,,,,,,,,,,,,,,,,,,,,,,,,,,,,,,,,,,,,,,,,,,,,,,,,,,,,,,,,,,,,,,,,,,,,,,,,,,,,,,,,,,,,,,,,,,,,,,,,,,,,,,,,,,,,,,,,,,,0.061669536679983095,0.0,,,,,,,,,,,,,,,,,,,,,,,,,,,,,,,,,,,,,,,,,,,,,,,,,,,,,,,,,,,,,,,,,,,,,,,,,,,,,,,,,,,,,,,,,0,1,13,4
7,region_07,2021-05-01,0.00250602338928725,0.0,0.0,,0.0,,0.0,0.0,,,,,,,,,0.8176202416419983,0.0,,,0.00771412001922722,0.0,0.0032570320181548,0.0,0.0025066174566745,0.0,0.0,0.0,0.0314022041857242,0.0,,,,,,,,,0.0,0.0,0.022263814881443918,0.0,0.0,,0.0,0.0,0.0,0.0,0.0,,0.0,0.0,,,,,,,,,,,,,,,,,,,,,,,,,,,,,,,,,,,,,,,,,,,,,,,,,,,,,,,,,,,,,,,,,,,,,,,,,,,,,,,,,,,,,,,,,,,,,,,,,,,,,,,,,,,,,,,,,,,,,,,,,,,,,,,,,,,,,,,,,,,,,,,,,,,,,,,,,0.05384166836738584,0.0,,,,,,,,,,,,,,,,,,,,,,,,,,,,,,,,,,,,,,,,,,,,,,,,,,,,,,,,,,,,,,,,,,,,,,,,,,,,,,,,,,,,,,,,,0,0,14,5
7,region_07,2021-05-08,0.0,0.0,0.0,,0.0,,0.0,0.0,,,,,,,0.0,,0.775704162461417,0.0,,,0.01866877675056454,0.0,0.008372907526791,0.0,0.0255367904901504,0.0,0.0,0.0,0.05266705900430675,0.0,,,,,,,,,0.0,0.0,0.007968422096660857,0.0,0.0,,0.0,0.0,0.0,0.0,0.0,,0.0114106504867474,0.0,,,0.0,,0.0,,0.0,,0.0,,0.0,,,,,,0.0,,0.0,,0.0,,0.0,,0.0,,0.0,,0.0,,0.0,,0.0,,0.0,,,,,,,,,,,,0.0,,,,,,,,,,,,,,,,,,,,,,,,,,,,,,,,,,,,,,,,,,,,,,,,,,,,,,,,,,,,,,,,,,,,,,,,,,,,,,,,,,,,,,,,,,,,,,,,,,,,,,,,,,0.07808919996023174,0.0,,,,,,,,,,,,,,,0.0,,0.0,,,,,,,,,,,,,,0.0,,0.0,,,,,,,,,,,,0.0,,0.0,,0.0,,,,,,,,,,,,,,,,,,,,,,,,,,,,,,,,,,,,,,,,0,0,14,6
7,region_07,2021-05-15,0.0,0.0,0.0,,0.0,,0.004935364704579051,0.0,,,,,,,0.0,,0.7765668034553528,0.0,,,0.0,0.0,0.0049342741258442,0.0,0.0049342741258442,0.0,0.0,0.0,0.03393815023203685,0.0,,,,,,,,,0.0,0.0,0.0316364438883189,0.0,0.0,,0.0,0.0,0.0,0.0,0.0,,0.007787993364036019,0.0,0.01778279338032005,2.0,0.0,,0.0,,0.0,,0.0,,0.0,,,,,,0.0,,0.0,,0.0,,0.0,,0.0,,0.0,,0.0,,0.0,,0.0,,0.0,,,,,,,,,,,,0.0,,,,,,,,,,,,,,,,,,,,,,,,,,,,,,,,,,,,,,,,,,,,,,,,,,,,,,,,,,,,,,,,,,,,,,,,,,,,,,,,,,,,,,,,,,,,,,,,,,,,,,,,,,0.09979125981529548,0.0,,,,,,,,,,,,,,,0.0,,0.0,,,,,,,,,,,,,,0.0,,0.0,,,,,,,,,,,,0.0,,0.0,,0.0,,,,,,,,,,,,,,,,,,,,,,,,,,,,,,,,,,,,,,,,0,1,14,7
7,region_07,2021-05-22,0.0,0.0,0.0,,0.0,,0.0648123621940612,0.0,,,,,,,0.0,,0.7294592393769158,0.0,,,0.011003308530364658,0.0,0.0,0.0,0.0,0.0,0.0,0.0,0.024030412857731134,0.0,,,,,,,,,0.0,0.0,0.12415184453129764,0.0,0.0,,0.00969910155981775,0.0,0.0,0.0,0.0,,0.009677406586706601,0.0,0.004254183964803751,0.0,0.0,,0.0,,0.0,,0.0,,0.0,,,,,,0.0,,0.0,,0.0,,0.0,,0.0,,0.0,,0.0,,0.0,,0.0,,0.0,,,,,,,,,,,,0.0,,,,,,,,,,,,,,,,,,,,,,,,,,,,,,,,,,,,,,,,,,,,,,,,,,,,,,,,,,,,,,,,,,,,,,,,,,,,,,,,,,,,,,,,,,,,,,,,,,,,,,,,,,0.04410832561552521,0.0,,,,,,,,,,,,,,,0.0,,0.0,,,,,,,,,,,,,,0.0,,0.0,,,,,,,,,,,,0.0,,0.0,,0.0,,,,,,,,,,,,,,,,,,,,,,,,,,,,,,,,,,,,,,,,0,0,15,8
7,region_07,2021-05-29,0.0,0.0,0.0,,0.0,,0.10670897737145421,0.0,,,,,,,0.0,,0.5334849134087563,0.0,,,0.022140230185219156,0.0,0.0,0.0,0.0,0.0,0.0,0.0,0.0078795937200387,0.0,,,,,,,,,0.0,0.0,0.2244292336205641,0.0,0.0,,0.02370676328428085,0.0,0.0,0.0,0.0,,0.00607448434457176,0.0,0.011823485605418651,0.0,0.0,,0.0,,0.0,,0.0,,0.0,,,,,,0.0,,0.0,,0.0,,0.0,,0.0,,0.0,,0.0,,0.0,,0.0,,0.0,,,,,,,,,,,,0.0,,,,,,,,,,,,,,,,,,,,,,,,,,,,,,,,,,,,,,,,,,,,,,,,,,,,,,,,,,,,,,,,,,,,,,,,,,,,,,,,,,,,,,,,,,,,,,,,,,,,,,,,,,0.11471098288893693,0.0,,,,,,,,,,,,,,,0.0,,0.0,,,,,,,,,,,,,,0.0,,0.0,,,,,,,,,,,,0.0,,0.0,,0.0,,,,,,,,,,,,,,,,,,,,,,,,,,,,,,,,,,,,,,,,0,0,15,9
7,region_07,2021-06-05,0.0,0.0,0.0,,0.0,,0.19929125905036926,0.0,,,,,,,0.0,,0.4304355051782396,0.0,,,0.0044647143222391,0.0,0.0,0.0,0.0,0.0,0.0,0.0,0.004459796939045133,0.0,,,,,,,,,0.0,0.0,0.4746986297161683,0.0,0.0,,0.0044643181608989245,0.0,0.0,0.0,0.0,,0.0,0.0,0.0,0.0,0.0,,0.0,,0.0,,0.0,,0.0,,,,,,0.0,,0.0,,0.0,,0.0,,0.0,,0.0,,0.0,,0.0,,0.0,,0.0,,,,,,,,,,,,0.0,,,,,,,,,,,,,,,,,,,,,,,,,,,,,,,,,,,,,,,,,,,,,,,,,,,,,,,,,,,,,,,,,,,,,,,,,,,,,,,,,,,,,,,,,,,,,,,,,,,,,,,,,,0.10470779115955027,0.0,,,,,,,,,,,,,,,0.0,,0.0,,,,,,,,,,,,,,0.0,,0.0,,,,,,,,,,,,0.0,,0.0,,0.0,,,,,,,,,,,,,,,,,,,,,,,,,,,,,,,,,,,,,,,,0,0,15,10
7,region_07,2021-06-12,0.00268472253810605,0.0,0.0,,0.0,,0.24148143827915186,0.0,,,,,,,0.0,,0.20533141162660382,0.0,,,0.0,0.0,0.0,0.0,0.0,0.0,0.0,0.0,0.00948016361022985,0.0,,,,,,,,,0.0,0.0,0.6883293993332806,0.0,0.0,,0.002922148181823975,0.0,0.0,0.0,0.0,,0.0,0.0,0.00832471670582885,0.0,0.0,,0.0,,0.0,,0.0,,0.0,,,,,,0.0,,0.0,,0.0,,0.0,,0.0,,0.0,,0.0,,0.0,,0.0,,0.0,,,,,,,,,,,,0.0,,,,,,,,,,,,,,,,,,,,,,,,,,,,,,,,,,,,,,,,,,,,,,,,,,,,,,,,,,,,,,,,,,,,,,,,,,,,,,,,,,,,,,,,,,,,,,,,,,,,,,,,,,0.0600528866052627,0.0,,,,,,,,,,,,,,,0.0,,0.0,,,,,,,,,,,,,,0.0,,0.0,,,,,,,,,,,,0.0,,0.0,,0.0,,,,,,,,,,,,,,,,,,,,,,,,,,,,,,,,,,,,,,,,0,0,15,11
7,region_07,2021-06-19,0.0,0.0,0.0,,0.0,,0.26817208528518677,0.0,,,,,,,0.0,,0.1563071701675653,0.0,,,0.0,0.0,0.0,0.0,0.0,0.0,0.0,0.0,0.0054156881524249495,0.0,,,,,,,,,0.0,0.0,0.7879531411237495,0.0,0.0,,0.014836728340014788,0.0,0.0,0.0,0.0,,0.0,0.0,0.008590681944042399,0.0,0.0,,0.0,,0.0,,0.0,,0.0,,,,,,0.0,,0.0,,0.0,,0.0,,0.0,,0.0,,0.0,,0.0,,0.0,,0.0,,,,,,,,,,,,0.0,,,,,,,,,,,,,,,,,,,,,,,,,,,,,,,,,,,,,,,,,,,,,,,,,,,,,,,,,,,,,,,,,,,,,,,,,,,,,,,,,,,,,,,,,,,,,,,,,,,,,,,,,,0.035530803725123364,0.0,,,,,,,,,,,,,,,0.0,,0.0,,,,,,,,,,,,,,0.0,,0.0,,,,,,,,,,,,0.0,,0.0,,0.0,,,,,,,,,,,,,,,,,,,,,,,,,,,,,,,,,,,,,,,,0,0,15,12
7,region_07,2021-06-26,0.0,0.0,0.0,,0.0027332039317115716,2.0,0.3701089769601822,0.0,,,,,,,0.0,,0.07003207628925635,0.0,,,0.0,0.0,0.0,0.0,0.0,0.0,0.0,0.0,0.0,0.0,,,,,,,,,0.0,0.0,0.8681731785452643,0.0,0.0,,0.0030806095455772624,0.0,0.0,0.0,0.0,,0.0054667106829583405,0.0,0.0,0.0,0.0,,0.0,,0.0,,0.0,,0.0,,,,,,0.0,,0.0,,0.0,,0.0,,0.0,,0.0,,0.0,,0.0,,0.0,,0.0,,,,,,,,,,,,0.0,,,,,,,,,,,,,,,,,,,,,,,,,,,,,,,,,,,,,,,,,,,,,,,,,,,,,,,,,,,,,,,,,,,,,,,,,,,,,,,,,,,,,,,,,,,,,,,,,,,,,,,,,,0.04071005185445145,0.0,,,,,,,,,,,,,,,0.0,,0.0,,,,,,,,,,,,,,0.0,,0.0,,,,,,,,,,,,0.0,,0.0,,0.0,,,,,,,,,,,,,,,,,,,,,,,,,,,,,,,,,,,,,,,,0,1,15,13
7,region_07,2021-07-03,0.0,0.0,0.0,,0.0,0.0,0.3560442179441452,0.0,,,,,,,0.0,,0.05333797819912428,0.0,,,0.0,0.0,0.0,0.0,0.0,0.0,0.0,0.0,0.0,0.0,,,,,,,,,0.0,0.0,0.9362486668608405,0.0,0.0,,0.0,0.0,0.0,0.0,0.0,,0.00200634077191348,0.0,0.0,0.0,0.0,,0.0,,0.0,,0.0,,0.0,,,,,,0.0,,0.0,,0.0,,0.0,,0.0,,0.0,,0.0,,0.0,,0.0,,0.0,,,,,,,,,,,,0.0,,,,,,,,,,,,,,,,,,,,,,,,,,,,,,,,,,,,,,,,,,,,,,,,,,,,,,,,,,,,,,,,,,,,,,,,,,,,,,,,,,,,,,,,,,,,,,,,,,,,,,,,,,0.002007846429478325,0.0,,,,,,,,,,,,,,,0.0,,0.0,,,,,,,,,,,,,,0.0,,0.0,,,,,,,,,,,,0.0,,0.0,,0.0,,,,,,,,,,,,,,,,,,,,,,,,,,,,,,,,,,,,,,,,0,0,16,14
7,region_07,2021-07-10,0.0,0.0,0.0,,0.0044053002493455624,0.0,0.4717601239681244,0.0,,,,,,,0.0,,0.014744264539331139,0.0,,,0.0,0.0,0.0,0.0,0.0,0.0,0.0,0.0,0.0,0.0,,,,,,,,,0.0,0.0,0.9373768696730788,0.0,0.0,,0.0139889968559145,0.0,0.009587798267602875,0.0,0.0,,0.0,0.0,0.0,0.0,0.0,,0.0,,0.0,,0.0,,0.0,,,,,,0.0,,0.0,,0.0,,0.0,,0.0,,0.0,,0.0,,0.0,,0.0,,0.0,,,,,,,,,,,,0.0,,,,,,,,,,,,,,,,,,,,,,,,,,,,,,,,,,,,,,,,,,,,,,,,,,,,,,,,,,,,,,,,,,,,,,,,,,,,,,,,,,,,,,,,,,,,,,,,,,,,,,,,,,0.01072335406206545,0.0,,,,,,,,,,,,,,,0.0,,0.0,,,,,,,,,,,,,,0.0,,0.0,,,,,,,,,,,,0.0,,0.0,,0.0,,,,,,,,,,,,,,,,,,,,,,,,,,,,,,,,,,,,,,,,0,0,16,15
7,region_07,2021-07-17,0.0,0.0,0.0,,0.00157778608263465,0.0,0.3640113025903702,0.0,,,,,,,0.0,,0.021128707565367184,0.0,,,0.0,0.0,0.0,0.0,0.0,0.0,0.0,0.0,0.0,0.0,,,,,,,,,0.0,0.0,0.9539974765344099,0.0,0.0,,0.004273394646588663,0.0,0.0,0.0,0.0,,0.00468218419700858,0.0,0.0,0.0,0.0,,0.0,,0.0,,0.0,,0.0,,,,,,0.0,,0.0,,0.0,,0.0,,0.0,,0.0,,0.0,,0.0,,0.0,,0.0,,,,,,,,,,,,0.0,,,,,,,,,,,,,,,,,,,,,,,,,,,,,,,,,,,,,,,,,,,,,,,,,,,,,,,,,,,,,,,,,,,,,,,,,,,,,,,,,,,,,,,,,,,,,,,,,,,,,,,,,,0.00112496656947765,0.0,,,,,,,,,,,,,,,0.0,,0.0,,,,,,,,,,,,,,0.0,,0.0,,,,,,,,,,,,0.0,,0.0,,0.0,,,,,,,,,,,,,,,,,,,,,,,,,,,,,,,,,,,,,,,,0,0,16,16
7,region_07,2021-07-24,0.0,0.0,0.0,,0.0,0.0,0.34792202711105347,0.0,,,,,,,0.0,,0.01010136846452946,0.0,,,0.0,0.0,0.0,0.0,0.0,0.0,0.0,0.0,0.0,0.0,,,,,,,,,0.0,0.0,0.9679275800784429,0.0,0.0,,0.005213687370996862,0.0,0.0,0.0,0.0,,0.00392057290300722,0.0,0.0,0.0,0.0,,0.0,,0.0,,0.0,,0.0,,,,,,0.0,,0.0,,0.0,,0.0,,0.0,,0.0,,0.0,,0.0,,0.0,,0.0,,,,,,,,,,,,0.0,,,,,,,,,,,,,,,,,,,,,,,,,,,,,,,,,,,,,,,,,,,,,,,,,,,,,,,,,,,,,,,,,,,,,,,,,,,,,,,,,,,,,,,,,,,,,,,,,,,,,,,,,,0.0,0.0,,,,,,,,,,,,,,,0.0,,0.0,,,,,,,,,,,,,,0.0,,0.0,,,,,,,,,,,,0.0,,0.0,,0.0,,,,,,,,,,,,,,,,,,,,,,,,,,,,,,,,,,,,,,,,0,0,16,17
7,region_07,2021-07-31,0.0,0.0,0.0,,0.0,0.0,0.3203331232070923,0.0,,,,,,,0.0,,0.003930148057406713,0.0,,,0.0,0.0,,,,,0.0,0.0,0.0,0.0,,,,,,,,,0.0,0.0,0.9742963027954101,0.0,0.0,,0.0021046628576835854,0.0,0.0,0.0,0.0,,0.0,0.0,0.0,0.0,0.0,,0.0,,0.0,,0.0,,0.0,,,,,,0.0,,0.0,,0.0,,0.0,,0.0,,0.0,,0.0,,0.0,,0.0,,0.0,,,,,,,,,,,,0.0,,,,,,,,,,,,,,,,,,,,,,,,,,,,,,,,,,,,,,,,,,,,,,,,,,,,,,,,,,,,,,,,,,,,,,,,,,,,,,,,,,,,,,,,,,,,,,,,,,,,,,,,,,0.0046919369404869,0.0,,,,,,,,,,,,,,,0.0,,0.0,,,,,,,,,,,,,,0.0,,0.0,,,,,,,,,,,,0.0,,0.0,,0.0,,,,,,,,,,,,,,,,,,,,,,,,,,,,,,,,,,,,,,,,0,0,14,18
7,region_07,2021-08-07,,,0.0,,0.0,0.0,,,,,,,,,0.0,,0.0038629822665825,0.0,,,0.0,0.0,,,,,0.0,0.0,0.0,0.0,,,,,,,,,0.0,0.0,0.9737563196350546,0.0,0.0,,0.0022539519898903335,0.0,0.0,0.0,,,0.0,0.0,0.0,0.0,0.0,,0.0,,0.0,,0.0,,0.0,,,,,,0.0,,0.0,,0.0,,0.0,,0.0,,0.0,,0.0,,0.0,,0.0,,0.0,,,,,,,,,,,,0.0,,,,,,,,,,,,,,,,,,,,,,,,,,,,,,,,,,,,,,,,,,,,,,,,,,,,,,,,,,,,,,,,,,,,,,,,,,,,,,,,,,,,,,,,,,,,,,,,,,,,,,,,,,0.0009847505328555333,0.0,,,,,,,,,,,,,,,0.0,,0.0,,,,,,,,,,,,,,0.0,,0.0,,,,,,,,,,,,0.0,,0.0,,0.0,,,,,,,,,,,,,,,,,,,,,,,,,,,,,,,,,,,,,,,,0,0,12,19
7,region_07,2021-08-14,,,0.0030361652995148833,2.0,0.002557806813946092,0.0,,,,,,,,,0.0,,0.0,0.0,,,0.0,0.0,,,,,0.0,0.0,0.0,0.0,,,,,,,,,0.0,0.0,0.9971651884376026,0.0,0.0,,0.0,0.0,0.0,0.0,,,0.00165205751545725,0.0,0.0,0.0,0.0,,0.0,,0.0,,0.0,,0.0,,,,,,0.0,,0.0,,0.0,,0.0,,0.0,,0.0,,0.0,,0.0,,0.0,,0.0,,,,,,,,,,,,0.0,,,,,,,,,,,,,,,,,,,,,,,,,,,,,,,,,,,,,,,,,,,,,,,,,,,,,,,,,,,,,,,,,,,,,,,,,,,,,,,,,,,,,,,,,,,,,,,,,,,,,,,,,,0.0,0.0,,,,,,,,,,,,,,,0.0,,0.0,,,,,,,,,,,,,,0.0,,0.0,,,,,,,,,,,,0.0,,0.0,,0.0,,,,,,,,,,,,,,,,,,,,,,,,,,,,,,,,,,,,,,,,0,1,12,20
7,region_07,2021-08-21,,,0.0,0.0,0.0,0.0,,,,,,,,,0.0,,0.0,0.0,,,0.0,0.0,,,,,0.0,0.0,0.0,0.0,,,,,,,,,0.0,0.0,0.9856677495297932,0.0,0.0,,0.0,0.0,0.0,0.0,,,0.0,0.0,0.0,0.0,0.0,,0.0,,0.0,,0.0,,0.0,,,,,,0.0,,0.0,,0.0,,0.0,,0.0,,0.0,,0.0,,0.0,,0.0,,0.0,,,,,,,,,,,,0.0,,,,,,,,,,,,,,,,,,,,,,,,,,,,,,,,,,,,,,,,,,,,,,,,,,,,,,,,,,,,,,,,,,,,,,,,,,,,,,,,,,,,,,,,,,,,,,,,,,,,,,,,,,0.0,0.0,,,,,,,,,,,,,,,0.0,,0.0,,,,,,,,,,,,,,0.0,,0.0,,,,,,,,,,,,0.0,,0.0,,0.0,,,,,,,,,,,,,,,,,,,,,,,,,,,,,,,,,,,,,,,,0,0,13,21
7,region_07,2021-08-28,,,0.0,0.0,0.0,0.0,,,,,,,,,0.0,,0.0011938543990254,0.0,,,0.0,0.0,,,,,0.0,0.0,0.0,0.0,,,,,,,,,0.0,0.0,0.9794505459290964,0.0,0.0,,0.0,0.0,,,,,0.0,0.0,0.0,0.0,0.0,,0.0,,0.0,,0.0,,0.0,,,,,,0.0,,0.0,,0.0,,0.0,,0.0,,0.0,,0.0,,0.0,,0.0,,0.0,,,,,,,,,,,,0.0,,,,,,,,,,,,,,,,,,,,,,,,,,,,,,,,,,,,,,,,,,,,,,,,,,,,,,,,,,,,,,,,,,,,,,,,,,,,,,,,,,,,,,,,,,,,,,,,,,,,,,,,,,0.0008971933275461001,0.0,,,,,,,,,,,,,,,0.0,,0.0,,,,,,,,,,,,,,0.0,,0.0,,,,,,,,,,,,0.0,,0.0,,0.0,,,,,,,,,,,,,,,,,,,,,,,,,,,,,,,,,,,,,,,,0,0,12,22
7,region_07,2021-09-04,,,0.0003568805987015,0.0,0.0,0.0,,,,,,,,,0.0,,0.0,0.0,,,0.0,0.0,,,,,,,0.0,0.0,,,,,,,,,0.0,0.0,0.9928525226661958,0.0,,,0.0008233673288486334,0.0,,,,,0.0,0.0,0.0,0.0,0.0,,0.0,,0.0,,0.0,,0.0,,,,,,0.0,,0.0,,0.0,,0.0,,0.0,,0.0,,0.0,,0.0,,0.0,,0.0,,,,,,,,,,,,0.0,,,,,,,,,,,,,,,,,,,,,,,,,,,,,,,,,,,,,,,,,,,,,,,,,,,,,,,,,,,,,,,,,,,,,,,,,,,,,,,,,,,,,,,,,,,,,,,,,,,,,,,,,,0.0,0.0,,,,,,,,,,,,,,,0.0,,0.0,,,,,,,,,,,,,,0.0,,0.0,,,,,,,,,,,,0.0,,0.0,,0.0,,,,,,,,,,,,,,,,,,,,,,,,,,,,,,,,,,,,,,,,0,0,11,23
7,region_07,2021-09-11,,,0.0,0.0,0.0,0.0,,,,,,,,,0.0,,0.0,0.0,,,0.0,0.0,,,,,,,0.0,0.0,,,,,,,,,0.0,0.0,0.9893066141663528,0.0,,,0.00022319449635685,0.0,,,,,0.0,0.0,0.0,0.0,0.0,,0.0,,0.0,,0.0,,0.0,,,,,,0.0,,0.0,,0.0,,0.0,,0.0,,0.0,,0.0,,0.0,,0.0,,0.0,,,,,,,,,,,,0.0,,,,,,,,,,,,,,,,,,,,,,,,,,,,,,,,,,,,,,,,,,,,,,,,,,,,,,,,,,,,,,,,,,,,,,,,,,,,,,,,,,,,,,,,,,,,,,,,,,,,,,,,,,0.0,0.0,,,,,,,,,,,,,,,0.0,,0.0,,,,,,,,,,,,,,0.0,,0.0,,,,,,,,,,,,0.0,,0.0,,0.0,,,,,,,,,,,,,,,,,,,,,,,,,,,,,,,,,,,,,,,,0,0,11,24
7,region_07,2021-09-18,,,0.0,0.0,0.0,0.0,,,,,,,,,0.0,,0.0,0.0,,,0.0,0.0,,,,,,,0.0,0.0,,,,,,,,,0.0,0.0,0.9946109936787532,0.0,,,0.0,0.0,,,,,0.0,0.0,0.0,0.0,0.0,,0.0,,0.0,,0.0,,0.0,,,,,,0.0,,0.0,,0.0,,0.0,,0.0,,0.0,,0.0,,0.0,,0.0,,0.0,,,,,,,,,,,,0.0,,,,,,,,,,,,,,,,,,,,,,,,,,,,,,,,,,,,,,,,,,,,,,,,,,,,,,,,,,,,,,,,,,,,,,,,,,,,,,,,,,,,,,,,,,,,,,,,,,,,,,,,,,0.0,0.0,,,,,,,,,,,,,,,0.0,,0.0,,,,,,,,,,,,,,0.0,,0.0,,,,,,,,,,,,0.0,,0.0,,0.0,,,,,,,,,,,,,,,,,,,,,,,,,,,,,,,,,,,,,,,,0,0,11,25
7,region_07,2021-09-25,,,0.0,0.0,0.0,0.0,,,,,,,,,0.0,,0.0,0.0,,,,,,,,,,,,,,,,,,,,,,,0.9883862525224686,0.0,,,0.0,0.0,,,,,,,,,0.0,,0.0,,0.0,,0.0,,0.0,,,,,,0.0,,0.0,,0.0,,0.0,,0.0,,0.0,,0.0,,0.0,,0.0,,0.0,,,,,,,,,,,,0.0,,,,,,,,,,,,,,,,,,,,,,,,,,,,,,,,,,,,,,,,,,,,,,,,,,,,,,,,,,,,,,,,,,,,,,,,,,,,,,,,,,,,,,,,,,,,,,,,,,,,,,,,,,0.0,0.0,,,,,,,,,,,,,,,0.0,,0.0,,,,,,,,,,,,,,0.0,,0.0,,,,,,,,,,,,0.0,,0.0,,0.0,,,,,,,,,,,,,,,,,,,,,,,,,,,,,,,,,,,,,,,,0,0,6,26
7,region_07,2021-10-02,,,0.0010054592348751124,0.0,0.0,0.0,,,,,,,,,0.0,,0.0,0.0,,,,,,,,,,,,,,,,,,,,,,,0.9937693369694245,0.0,,,,,,,,,,,,,0.0,,0.0,,0.0,,0.0,,0.0,,,,,,0.0,,0.0,,0.0,,0.0,,0.0,,0.0,,0.0,,0.0,,0.0,,0.0,,,,,,,,,,,,0.0,,,,,,,,,,,,,,,,,,,,,,,,,,,,,,,,,,,,,,,,,,,,,,,,,,,,,,,,,,,,,,,,,,,,,,,,,,,,,,,,,,,,,,,,,,,,,,,,,,,,,,,,,,,,,,,,,,,,,,,,,,0.0,,0.0,,,,,,,,,,,,,,0.0,,0.0,,,,,,,,,,,,0.0,,0.0,,0.0,,,,,,,,,,,,,,,,,,,,,,,,,,,,,,,,,,,,,,,,0,0,4,27
7,region_07,2021-10-09,,,0.0,0.0,0.0,0.0,,,,,,,,,0.0,,0.0,0.0,,,,,,,,,,,,,,,,,,,,,,,0.9924854660356367,0.0,,,,,,,,,,,,,0.0,,0.0,,0.0,,0.0,,0.0,,,,,,0.0,,0.0,,0.0,,0.0,,0.0,,0.0,,0.0,,0.0,,0.0,,0.0,,,,,,,,,,,,0.0,,,,,,,,,,,,,,,,,,,,,,,,,,,,,,,,,,,,,,,,,,,,,,,,,,,,,,,,,,,,,,,,,,,,,,,,,,,,,,,,,,,,,,,,,,,,,,,,,,,,,,,,,,,,,,,,,,,,,,,,,,0.0,,0.0,,,,,,,,,,,,,,0.0,,0.0,,,,,,,,,,,,0.0,,0.0,,0.0,,,,,,,,,,,,,,,,,,,,,,,,,,,,,,,,,,,,,,,,0,0,4,28
7,region_07,2021-10-16,,,0.0,0.0,0.0,0.0,,,,,,,,,0.0,,0.0,0.0,,,,,,,,,,,,,,,,,,,,,,,0.9885114315268281,0.0,,,,,,,,,,,,,0.0,,0.0,,0.0,,0.0,,0.0,,,,,,0.0,,0.0,,0.0,,0.0,,0.0,,0.0,,0.0,,0.0,,0.0,,0.0,,,,,,,,,,,,0.0,,,,,,,,,,,,,,,,,,,,,,,,,,,,,,,,,,,,,,,,,,,,,,,,,,,,,,,,,,,,,,,,,,,,,,,,,,,,,,,,,,,,,,,,,,,,,,,,,,,,,,,,,,,,,,,,,,,,,,,,,,0.0,,0.0,,,,,,,,,,,,,,0.0,,0.0,,,,,,,,,,,,0.0,,0.0,,0.0,,,,,,,,,,,,,,,,,,,,,,,,,,,,,,,,,,,,,,,,0,0,4,29
7,region_07,2021-10-23,,,0.0,0.0,0.0,0.0,,,,,,,,,0.0,,,,,,,,,,,,,,,,,,,,,,,,,,0.9841038139661153,0.0,,,,,,,,,,,,,0.0,,0.0,,0.0,,0.0,,0.0,,,,,,0.0,,0.0,,0.0,,0.0,,0.0,,0.0,,0.0,,0.0,,0.0,,0.0,,,,,,,,,,,,0.0,,,,,,,,,,,,,,,,,,,,,,,,,,,,,,,,,,,,,,,,,,,,,,,,,,,,,,,,,,,,,,,,,,,,,,,,,,,,,,,,,,,,,,,,,,,,,,,,,,,,,,,,,,,,,,,,,,,,,,,,,,0.0,,0.0,,,,,,,,,,,,,,0.0,,0.0,,,,,,,,,,,,0.0,,0.0,,0.0,,,,,,,,,,,,,,,,,,,,,,,,,,,,,,,,,,,,,,,,0,0,3,30
7,region_07,2021-10-30,,,0.0006485890364274,0.0,0.0,0.0,,,,,,,,,0.0,,,,,,,,,,,,,,,,,,,,,,,,,,0.9946763881047567,0.0,,,,,,,,,,,,,0.0,,0.0,,0.0,,0.0,,0.0,,,,,,0.0,,0.0,,0.0,,0.0,,0.0,,0.0,,0.0,,0.0,,0.0,,0.0,,,,,,,,,,,,0.0,,,,,,,,,,,,,,,,,,,,,,,,,,,,,,,,,,,,,,,,,,,,,,,,,,,,,,,,,,,,,,,,,,,,,,,,,,,,,,,,,,,,,,,,,,,,,,,,,,,,,,,,,,,,,,,,,,,,,,,,,,0.0,,0.0,,,,,,,,,,,,,,0.0,,0.0,,,,,,,,,,,,0.0,,0.0,,0.0,,,,,,,,,,,,,,,,,,,,,,,,,,,,,,,,,,,,,,,,0,0,3,31
7,region_07,2021-11-06,,,0.0006945518034626,0.0,0.0,0.0,,,,,,,,,0.0,,,,,,,,,,,,,,,,,,,,,,,,,,0.9876556865374247,0.0,,,,,,,,,,,,,0.0,,0.0,,0.0,,0.0,,0.0,,,,,,0.0,,0.0,,0.0,,0.0,,0.0,,0.0,,0.0,,0.0,,0.0,,0.0,,,,,,,,,,,,0.0,,,,,,,,,,,,,,,,,,,,,,,,,,,,,,,,,,,,,,,,,,,,,,,,,,,,,,,,,,,,,,,,,,,,,,,,,,,,,,,,,,,,,,,,,,,,,,,,,,,,,,,,,,,,,,,,,,,,,,,,,,0.0,,0.0,,,,,,,,,,,,,,0.0,,0.0,,,,,,,,,,,,0.0,,0.0,,0.0,,,,,,,,,,,,,,,,,,,,,,,,,,,,,,,,,,,,,,,,0,0,3,32
7,region_07,2021-11-13,,,0.00016678471001795,0.0,0.0,0.0,,,,,,,,,0.0,,,,,,,,,,,,,,,,,,,,,,,,,,0.98362566087697,0.0,,,,,,,,,,,,,0.0,,0.0,,0.0,,0.0,,0.0,,,,,,0.0,,0.0,,0.0,,0.0,,0.0,,0.0,,0.0,,0.0,,0.0,,0.0,,,,,,,,,,,,0.0,,,,,,,,,,,,,,,,,,,,,,,,,,,,,,,,,,,,,,,,,,,,,,,,,,,,,,,,,,,,,,,,,,,,,,,,,,,,,,,,,,,,,,,,,,,,,,,,,,,,,,,,,,,,,,,,,,,,,,,,,,0.0,,0.0,,,,,,,,,,,,,,0.0,,0.0,,,,,,,,,,,,0.0,,0.0,,0.0,,,,,,,,,,,,,,,,,,,,,,,,,,,,,,,,,,,,,,,,0,0,3,33
7,region_07,2021-11-20,,,0.00070304935798045,0.0,0.0,0.0,,,,,,,,,0.0,,,,,,,,,,,,,,,,,,,,,,,,,,0.9789492798523164,0.0,,,,,,,,,,,,,0.0,,0.0,,0.0,,0.0,,0.0,,,,,,0.0,,0.0,,0.0,,0.0,,0.0,,0.0,,0.0,,0.0,,0.0,,0.0,,,,,,,,,,,,0.0,,,,,,,,,,,,,,,,,,,,,,,,,,,,,,,,,,,,,,,,,,,,,,,,,,,,,,,,,,,,,,,,,,,,,,,,,,,,,,,,,,,,,,,,,,,,,,,,,,,,,,,,,,,,,,,,,,,,,,,,,,0.0,,0.0,,,,,,,,,,,,,,0.0,,0.0,,,,,,,,,,,,0.0,,0.0,,0.0,,,,,,,,,,,,,,,,,,,,,,,,,,,,,,,,,,,,,,,,0,0,3,34
7,region_07,2021-11-27,,,0.0,0.0,0.0,0.0,,,,,,,,,0.0014153306391599945,1.0,,,,,,,,,,,,,,,,,,,,,,,,,0.988291958064744,0.0,,,,,,,,,,,,,0.0,,0.0,,0.0,,0.0,,0.0,,,,,,0.0,,0.0,,0.0,,0.0,,0.0,,0.0,,0.0,,0.0,,0.0,,0.0,,,,,,,,,,,,0.0,,,,,,,,,,,,,,,,,,,,,,,,,,,,,,,,,,,,,,,,,,,,,,,,,,,,,,,,,,,,,,,,,,,,,,,,,,,,,,,,,,,,,,,,,,,,,,,,,,,,,,,,,,,,,,,,,,,,,,,,,,0.0,,0.0,,,,,,,,,,,,,,0.0,,0.0,,,,,,,,,,,,0.0,,0.0,,0.0,,,,,,,,,,,,,,,,,,,,,,,,,,,,,,,,,,,,,,,,1,0,3,0
7,region_07,2021-12-04,,,,,,,,,,,,,,,0.001812074571919014,0.0,,,,,,,,,,,,,,,,,,,,,,,,,0.9958351130286852,0.0,,,,,,,,,,,,,0.0016873469199601206,1.0,0.0,,0.0,,0.0,,0.0,,,,,,0.0,,0.0,,0.0,,0.0,,0.0,,0.0,,0.0,,0.0,,0.0,,0.0,,,,,,,,,,,,0.0,,,,,,,,,,,,,,,,,,,,,,,,,,,,,,,,,,,,,,,,,,,,,,,,,,,,,,,,,,,,,,,,,,,,,,,,,,,,,,,,,,,,,,,,,,,,,,,,,,,,,,,,,,,,,,,,,,,,,,,,,,0.0,,0.0,,,,,,,,,,,,,,0.0,,0.0,,,,,,,,,,,,0.0,,0.0,,0.0,,,,,,,,,,,,,,,,,,,,,,,,,,,,,,,,,,,,,,,,1,0,2,0
7,region_07,2021-12-11,,,,,,,,,,,,,,,0.00914670113788939,0.0,,,,,,,,,,,,,,,,,,,,,,,,,0.9876882915987688,0.0,,,,,,,,,,,,,0.002646000864093744,0.0,0.0,,0.0,,0.0,,0.0,,,,,,0.0,,0.0,,0.0,,0.0,,0.0,,0.0,,0.0,,0.0,,0.0,,0.0,,,,,,,,,,,,0.0,,,,,,,,,,,,,,,,,,,,,,,,,,,,,,,,,,,,,,,,,,,,,,,,,,,,,,,,,,,,,,,,,,,,,,,,,,,,,,,,,,,,,,,,,,,,,,,,,,,,,,,,,,,,,,,,,,,,,,,,,,0.0,,0.0,,,,,,,,,,,,,,0.0,,0.0,,,,,,,,,,,,0.0,,0.0,,0.0,,,,,,,,,,,,,,,,,,,,,,,,,,,,,,,,,,,,,,,,0,0,3,1
7,region_07,2021-12-18,,,,,,,,,,,,,,,0.09048070429879072,0.0,,,,,,,,,,,,,,,,,,,,,,,,,0.8860257319041661,0.0,,,,,,,,,,,,,0.03539867484659855,0.0,0.0,,0.0,,0.0,,0.0,,,,,,0.0,,0.0,,0.0,,0.0,,0.0,,0.0,,0.0,,0.0,,0.0,,0.0,,,,,,,,,,,,0.0,,,,,,,,,,,,,,,,,,,,,,,,,,,,,,,,,,,,,,,,,,,,,,,,,,,,,,,,,,,,,,,,,,,,,,,,,,,,,,,,,,,,,,,,,,,,,,,,,,,,,,,,,,,,,,,,,,,,,,,,,,0.0,,0.0,,,,,,,,,,,,,,0.0,,0.0,,,,,,,,,,,,0.0,,0.0,,0.0,,,,,,,,,,,,,,,,,,,,,,,,,,,,,,,,,,,,,,,,0,0,3,2
7,region_07,2021-12-25,,,,,,,,,,,,,,,0.3096845348676045,0.0,,,,,,,,,,,,,,,,,,,,,,,,,0.6162220904792565,0.0,,,,,,,,,,,,,0.13876230532632153,0.0,0.0,,0.0,,0.0,,0.0,,,,,,0.0,,0.0,,0.0,,0.0,,0.0,,0.0,,0.0,,0.0,,0.0,,0.0,,,,,,,,,,,,0.0,,,,,,,,,,,,,,,,,,,,,,,,,,,,,,,,,,,,,,,,,,,,,,,,,,,,,,,,,,,,,,,,,,,,,,,,,,,,,,,,,,,,,,,,,,,,,,,,,,,,,,,,,,,,,,,,,,,,,,,,,,0.0,,0.0,,,,,,,,,,,,,,0.0,,0.0,,,,,,,,,,,,0.0,,0.0,,0.0,,,,,,,,,,,,,,,,,,,,,,,,,,,,,,,,,,,,,,,,0,0,3,3
7,region_07,2022-01-01,,,,,,,,,,,,,,,0.5367335241232345,0.0,,,,,,,,,,,,,,,,,,,,,,,,,0.2986980089369942,0.0,,,,,,,,,,,,,0.29910835886702813,0.0,0.0019153809725221819,1.0,0.0,,0.0,,0.0,,,,,,0.0,,0.0,,0.0,,0.0,,0.0,,0.0,,0.0,,0.0,,0.0,,0.0,,,,,,,,,,,,0.0,,,,,,,,,,,,,,,,,,,,,,,,,,,,,,,,,,,,,,,,,,,,,,,,,,,,,,,,,,,,,,,,,,,,,,,,,,,,,,,,,,,,,,,,,,,,,,,,,,,,,,,,,,,,,,,,,,,,,,,,,,0.0,,0.0,,,,,,,,,,,,,,0.0,,0.0,,,,,,,,,,,,0.0,,0.0,,0.0,,,,,,,,,,,,,,,,,,,,,,,,,,,,,,,,,,,,,,,,1,0,3,0
7,region_07,2022-01-08,,,,,,,,,,,,,,,0.6557699691003828,0.0,,,,,,,,,,,,,,,,,,,,,,,,,0.1023262321059383,0.0,,,,,,,,,,,,,0.47014408777741823,0.0,0.0004204998066207625,0.0,0.0,,0.0,,0.0,,,,,,0.0,,0.0,,0.0,,0.0,,0.0,,0.0,,0.0,,9.094546882857647e-05,2.0,0.0,,0.0,,,,,,,,,,,,0.0,,,,,,,,,,,,,,,,,,,,,,,,,,,,,,,,,,,,,,,,,,,,,,,,,,,,,,,,,,,,,,,,,,,,,,,,,,,,,,,,,,,,,,,,,,,,,,,,,,,,,,,,,,,,,,,,,,,,,,,,,,0.0,,0.0,,,,,,,,,,,,,,0.0,,0.0,,,,,,,,,,,,0.0,,0.0,,0.0,,,,,,,,,,,,,,,,,,,,,,,,,,,,,,,,,,,,,,,,0,1,4,1
7,region_07,2022-01-15,,,,,,,,,,,,,,,0.6883774359724415,0.0,,,,,,,,,,,,,,,,,,,,,,,,,0.03412818270876548,0.0,,,,,,,,,,,,,0.5437150457326103,0.0,0.001135188759001147,0.0,0.0,,0.0,,0.0,,,,,,0.0,,0.0,,0.0,,0.0,,0.0,,0.0,,0.0,,0.0,0.0,0.0,,0.0,,,,,,,,,,,,0.0,,,,,,,,,,,,,,,,,,,,,,,,,,,,,,,,,,,,,,,,,,,,,,,,,,,,,,,,,,,,,,,,,,,,,,,,,,,,,,,,,,,,,,,,,,,,,,,,,,,,,,,,,,,,,,,,,,,,,,,,,,0.0,,0.0,,,,,,,,,,,,,,0.0,,0.0,,,,,,,,,,,,0.0,,0.0,,0.0,,,,,,,,,,,,,,,,,,,,,,,,,,,,,,,,,,,,,,,,0,0,5,2
7,region_07,2022-01-22,,,,,,,,,,,,,,,0.6664888262748718,0.0,,,,,,,,,,,,,,,,,,,,,,,,,0.027714874736513108,0.0,,,,,,,,,,,,,0.5924158499521368,0.0,0.0005115670805724862,0.0,0.0,,0.0,,0.0,,,,,,0.0,,0.0,,0.0,,0.0,,0.0,,0.0,,0.0,,0.0,0.0,0.0,,0.0,,,,,,,,,,,,0.0,,,,,,,,,,,,,,,,,,,,,,,,,,,,,,,,,,,,,,,,,,,,,,,,,,,,,,,,,,,,,,,,,,,,,,,,,,,,,,,,,,,,,,,,,,,,,,,,,,,,,,,,,,,,,,,,,,,,,,,,,,0.0,,0.0,,,,,,,,,,,,,,0.0,,0.0,,,,,,,,,,,,0.0,,0.0,,0.0,,,,,,,,,,,,,,,,,,,,,,,,,,,,,,,,,,,,,,,,0,0,5,3
7,region_07,2022-01-29,,,,,,,,,,,,,,,0.6330271766735958,0.0,,,,,,,,,,,,,,,,,,,,,,,,,0.007944568686070805,0.0,,,,,,,,,,,,,0.6823605018503526,0.0,0.0020947523638963797,0.0,0.0,,0.0,,0.0,,,,,,0.0,,0.0,,0.0,,0.0,,0.0,,0.0,,0.0,,0.0,0.0,0.0,,0.0,,,,,,,,,,,,0.0,,,,,,,,,,,,,,,,,,,,,,,,,,,,,,,,,,,,,,,,,,,,,,,,,,,,,,,,,,,,,,,,,,,,,,,,,,,,,,,,,,,,,,,,,,,,,,,,,,,,,,,,,,,,,,,,,,,,,,,,,,0.0,,0.0,,,,,,,,,,,,,,0.0,,0.0,,,,,,,,,,,,0.0,,0.0,,0.0,,,,,,,,,,,,,,,,,,,,,,,,,,,,,,,,,,,,,,,,0,0,5,4
7,region_07,2022-02-05,,,,,,,,,,,,,,,0.6205984386615455,0.0,,,,,,,,,,,,,,,,,,,,,,,,,0.005829020628880195,0.0,,,,,,,,,,,,,0.6906711914960075,0.0,0.00665347090034625,0.0,0.0,,0.0,,0.0,,,,,,0.0,,0.0,,0.0,,0.0,,0.0,,0.0,,0.0,,0.0,0.0,0.0,,0.0,,,,,,,,,,,,0.0,,,,,,,,,,,,,,,,,,,,,,,,,,,,,,,,,,,,,,,,,,,,,,,,,,,,,,,,,,,,,,,,,,,,,,,,,,,,,,,,,,,,,,,,,,,,,,,,,,,,,,,,,,,,,,,,,,,,,,,,,,0.0,,0.0,,,,,,,,,,,,,,0.0,,0.0,,,,,,,,,,,,0.0,,0.0,,0.0,,,,,,,,,,,,,,,,,,,,,,,,,,,,,,,,,,,,,,,,0,0,5,5
7,region_07,2022-02-12,,,,,,,,,,,,,,,0.5951740571430751,0.0,,,,,,,,,,,,,,,,,,,,,,,,,0.0007680443241186523,0.0,,,,,,,,,,,,,0.7219769544899464,0.0,0.01414681106273612,0.0,0.0,,0.0,,0.0,,,,,,0.0,,0.0,,0.0,,0.0,,0.0,,0.0,,0.0,,0.0,0.0,0.0,,0.0,,,,,,,,,,,,0.0,,,,,,,,,,,,,,,,,,,,,,,,,,,,,,,,,,,,,,,,,,,,,,,,,,,,,,,,,,,,,,,,,,,,,,,,,,,,,,,,,,,,,,,,,,,,,,,,,,,,,,,,,,,,,,,,,,,,,,,,,,0.0,,0.0,,,,,,,,,,,,,,0.0,,0.0,,,,,,,,,,,,0.0,,0.0,,0.0,,,,,,,,,,,,,,,,,,,,,,,,,,,,,,,,,,,,,,,,0,0,5,6
7,region_07,2022-02-19,,,,,,,,,,,,,,,0.5893680844150606,0.0,,,,,,,,,,,,,,,,,,,,,,,,,0.0035517426966238355,0.0,,,,,,,,,,,,,0.7121954682995292,0.0,0.02191261754881946,0.0,0.0,,0.0,,0.0,,,,,,0.0,,0.0,,0.0,,0.0,,0.0,,0.0,,0.0,,0.0,0.0,0.0,,0.0,,,,,,,,,,,,0.0,,,,,,,,,,,,,,,,,,,,,,,,,,,,,,,,,,,,,,,,,,,,,,,,,,,,,,,,,,,,,,,,,,,,,,,,,,,,,,,,,,,,,,,,,,,,,,,,,,,,,,,,,,,,,,,,,,,,,,,,,,0.0,,0.0,,,,,,,,,,,,,,0.0,,0.0,,,,,,,,,,,,0.0,,0.0,,0.0,,,,,,,,,,,,,,,,,,,,,,,,,,,,,,,,,,,,,,,,0,0,5,7
7,region_07,2022-02-26,,,,,,,,,,,,,,,0.5454924751500614,0.0,,,,,,,,,,,,,,,,,,,,,,,,,0.0038161401705602165,0.0,,,,,,,,,,,,,0.7109418020528906,0.0,0.051598902046680384,0.0,0.0,,0.0,,0.0,,,,,,0.0,,0.0,,0.0,,0.0,,0.0,,0.0,,0.0,,0.0,0.0,0.0,,0.0,,,,,,,,,,,,0.0,,,,,,,,,,,,,,,,,,,,,,,,,,,,,,,,,,,,,,,,,,,,,,,,,,,,,,,,,,,,,,,,,,,,,,,,,,,,,,,,,,,,,,,,,,,,,,,,,,,,,,,,,,,,,,,,,,,,,,,,,,0.0,,0.0,,,,,,,,,,,,,,0.0,,0.0,,,,,,,,,,,,0.0,,0.0,,0.0,,,,,,,,,,,,,,,,,,,,,,,,,,,,,,,,,,,,,,,,0,0,5,8
7,region_07,2022-03-05,,,,,,,,,,,,,,,0.5337280561526616,0.0,,,,,,,,,,,,,,,,,,,,,,,,,0.004859029951815756,0.0,,,,,,,,,,,,,0.6896193290458006,0.0,0.07119790529995629,0.0,0.0,,0.0,,0.0,,,,,,0.0,,0.0,,0.0,,0.0,,0.0,,0.0,,0.0,,0.0,0.0,0.0,,0.0,,,,,,,,,,,,0.0,,,,,,,,,,,,,,,,,,,,,,,,,,,,,,,,,,,,,,,,,,,,,,,,,,,,,,,,,,,,,,,,,,,,,,,,,,,,,,,,,,,,,,,,,,,,,,,,,,,,,,,,,,,,,,,,,,,,,,,,,,0.0,,0.0,,,,,,,,,,,,,,0.0,,0.0,,,,,,,,,,,,0.0,,0.0,,0.0,,,,,,,,,,,,,,,,,,,,,,,,,,,,,,,,,,,,,,,,0,0,5,9
7,region_07,2022-03-12,,,,,,,,,,,,,,,0.4874218990237026,0.0,,,,,,,,,,,,,,,,,,,,,,,,,0.0,0.0,,,,,,,,,,,,,0.6193337241808573,0.0,0.15598152502108426,0.0,0.0,,0.0,,0.0,,,,,,0.0,,0.0,,0.0,,0.0,,0.0,,0.0,,0.0,,0.0,0.0,0.0,,0.0,,,,,,,,,,,,0.0,,,,,,,,,,,,,,,,,,,,,,,,,,,,,,,,,,,,,,,,,,,,,,,,,,,,,,,,,,,,,,,,,,,,,,,,,,,,,,,,,,,,,,,,,,,,,,,,,,,,,,,,,,,,,,,,,,,,,,,,,,0.0,,0.0,,,,,,,,,,,,,,0.0,,0.0,,,,,,,,,,,,0.0,,0.0,,0.0,,,,,,,,,,,,,,,,,,,,,,,,,,,,,,,,,,,,,,,,0,0,5,10
7,region_07,2022-03-19,,,,,,,,,,,,,,,0.35660784957664354,0.0,,,,,,,,,,,,,,,,,,,,,,,,,0.009168876559826783,0.0,,,,,,,,,,,,,0.6261167648960563,0.0,0.2543079773230212,0.0,0.0,,0.0,,0.0,,,,,,0.0,,0.0,,0.0,,0.0,,0.0,,0.0,,0.0,,0.0,0.0,0.0,,0.0,,,,,,,,,,,,0.0,,,,,,,,,,,,,,,,,,,,,,,,,,,,,,,,,,,,,,,,,,,,,,,,,,,,,,,,,,,,,,,,,,,,,,,,,,,,,,,,,,,,,,,,,,,,,,,,,,,,,,,,,,,,,,,,,,,,,,,,,,0.0,,0.0,,,,,,,,,,,,,,0.0,,0.0,,,,,,,,,,,,0.0,,0.0,,0.0,,,,,,,,,,,,,,,,,,,,,,,,,,,,,,,,,,,,,,,,0,0,5,11
7,region_07,2022-03-26,,,,,,,,,,,,,,,0.4835472585576953,0.0,,,,,,,,,,,,,,,,,,,,,,,,,0.0,0.0,,,,,,,,,,,,,0.5696575238424189,0.0,0.34095716685579536,0.0,0.0,,0.0,,0.0,,,,,,0.0,,0.0,,0.00653583388775582,1.0,0.0,,0.0,,0.0,,0.0,,0.0,0.0,0.0,,0.0,,,,,,,,,,,,0.0,,,,,,,,,,,,,,,,,,,,,,,,,,,,,,,,,,,,,,,,,,,,,,,,,,,,,,,,,,,,,,,,,,,,,,,,,,,,,,,,,,,,,,,,,,,,,,,,,,,,,,,,,,,,,,,,,,,,,,,,,,0.0,,0.0,,,,,,,,,,,,,,0.0,,0.0,,,,,,,,,,,,0.0,,0.0,,0.0,,,,,,,,,,,,,,,,,,,,,,,,,,,,,,,,,,,,,,,,1,0,5,0
7,region_07,2022-04-02,,,,,,,,,,,,,,,0.31662875549359754,0.0,,,,,,,,,,,,,,,,,,,,,,,,,0.0,0.0,,,,,,,,,,,,,0.28818328766261825,0.0,0.6599647211578658,0.0,0.017317952554939,1.0,0.0,,0.0,,,,,,0.0,,0.0,,0.0,0.0,0.0,,0.0,,0.0,,0.0,,0.0,0.0,0.0,,0.0,,,,,,,,,,,,0.0,,,,,,,,,,,,,,,,,,,,,,,,,,,,,,,,,,,,,,,,,,,,,,,,,,,,,,,,,,,,,,,,,,,,,,,,,,,,,,,,,,,,,,,,,,,,,,,,,,,,,,,,,,,,,,,,,,,,,,,,,,0.0,,0.0,,,,,,,,,,,,,,0.0,,0.0,,,,,,,,,,,,0.0,,0.0,,0.0,,,,,,,,,,,,,,,,,,,,,,,,,,,,,,,,,,,,,,,,1,0,6,0
7,region_07,2022-04-09,,,,,,,,,,,,,,,0.10466630898770828,0.0,,,,,,,,,,,,,,,,,,,,,,,,,0.0,0.0,,,,,,,,,,,,,0.09813416289056044,0.0,0.631852038340135,0.0,0.2696911245584488,0.0,0.0,,0.0,,,,,,0.0,,0.0,,0.002381302991273702,0.0,0.0,,0.0,,0.0,,0.0,,0.0,0.0,0.0,,0.0,,,,,,,,,,,,0.0,,,,,,,,,,,,,,,,,,,,,,,,,,,,,,,,,,,,,,,,,,,,,,,,,,,,,,,,,,,,,,,,,,,,,,,,,,,,,,,,,,,,,,,,,,,,,,,,,,,,,,,,,,,,,,,,,,,,,,,,,,0.0,,0.0,,,,,,,,,,,,,,0.0,,0.0,,,,,,,,,,,,0.0,,0.0,,0.0,,,,,,,,,,,,,,,,,,,,,,,,,,,,,,,,,,,,,,,,0,0,7,1
7,region_07,2022-04-16,,,,,,,,,,,,,,,0.11714663654565807,0.0,,,,,,,,,,,,,,,,,,,,,,,,,0.0,0.0,,,,,,,,,,,,,0.09494583150654123,0.0,0.6999668909443749,0.0,0.18442436771572757,0.0,0.0,,0.0,,,,,,0.0,,0.0,,0.0,0.0,0.0,,0.0,,0.0,,0.0,,0.0,0.0,0.0,,0.0,,,,,,,,,,,,0.0,,,,,,,,,,,,,,,,,,,,,,,,,,,,,,,,,,,,,,,,,,,,,,,,,,,,,,,,,,,,,,,,,,,,,,,,,,,,,,,,,,,,,,,,,,,,,,,,,,,,,,,,,,,,,,,,,,,,,,,,,,0.0,,0.0,,,,,,,,,,,,,,0.0,,0.0,,,,,,,,,,,,0.0,,0.0,,0.0,,,,,,,,,,,,,,,,,,,,,,,,,,,,,,,,,,,,,,,,0,0,7,2
7,region_07,2022-04-23,,,,,,,,,,,,,,,0.054018686422043334,0.0,,,,,,,,,,,,,,,,,,,,,,,,,0.0,0.0,,,,,,,,,,,,,0.05157080895322206,0.0,0.6418367378851947,0.0,0.30203305550341336,0.0,0.0,,0.0,,,,,,0.0,,0.0,,0.0006519173990321342,0.0,0.0,,0.0,,0.0,,0.0,,0.0,0.0,0.0,,0.0,,,,,,,,,,,,0.0,,,,,,,,,,,,,,,,,,,,,,,,,,,,,,,,,,,,,,,,,,,,,,,,,,,,,,,,,,,,,,,,,,,,,,,,,,,,,,,,,,,,,,,,,,,,,,,,,,,,,,,,,,,,,,,,,,,,,,,,,,0.0,,0.0,,,,,,,,,,,,,,0.0,,0.0,,,,,,,,,,,,0.0,,0.0,,0.0,,,,,,,,,,,,,,,,,,,,,,,,,,,,,,,,,,,,,,,,0,0,7,3
7,region_07,2022-04-30,,,,,,,,,,,,,,,0.0337298182661042,0.0,,,,,,,,,,,,,,,,,,,,,,,,,0.0,0.0,,,,,,,,,,,,,0.032540797310716914,0.0,0.5787139359642478,0.0,0.38224731328395695,0.0,0.0,,0.0,,,,,,0.002768771931985155,2.0,0.0,,0.0006246376053277551,0.0,0.0,,0.0,,0.0,,0.0,,0.0,0.0,0.0,,0.0,,,,,,,,,,,,0.0,,,,,,,,,,,,,,,,,,,,,,,,,,,,,,,,,,,,,,,,,,,,,,,,,,,,,,,,,,,,,,,,,,,,,,,,,,,,,,,,,,,,,,,,,,,,,,,,,,,,,,,,,,,,,,,,,,,,,,,,,,0.0,,0.0,,,,,,,,,,,,,,0.0,,0.0,,,,,,,,,,,,0.0,,0.0,,0.0,,,,,,,,,,,,,,,,,,,,,,,,,,,,,,,,,,,,,,,,0,1,7,4
7,region_07,2022-05-07,,,,,,,,,,,,,,,0.005217848483737808,0.0,,,,,,,,,,,,,,,,,,,,,,,,,0.0,0.0,,,,,,,,,,,,,0.01106600044295187,0.0,0.5713730921932295,0.0,0.40139540737750484,0.0,0.0,,0.0,,,,,,0.01273448881218015,0.0,0.0,,0.002499231973624908,0.0,0.0,,0.0,,0.0,,0.0,,0.0,0.0,0.0,,0.0,,,,,,,,,,,,0.0,,,,,,,,,,,,,,,,,,,,,,,,,,,,,,,,,,,,,,,,,,,,,,,,,,,,,,,,,,,,,,,,,,,,,,,,,,,,,,,,,,,,,,,,,,,,,,,,,,,,,,,,,,,,,,,,,,,,,,,,,,0.0,,0.0,,,,,,,,,,,,,,0.0,,0.0,,,,,,,,,,,,0.0,,0.0,,0.0,,,,,,,,,,,,,,,,,,,,,,,,,,,,,,,,,,,,,,,,0,0,8,5
7,region_07,2022-05-14,,,,,,,,,,,,,,,0.0729330703616142,0.0,,,,,,,,,,,,,,,,,,,,,,,,,0.0,0.0,,,,,,,,,,,,,0.009074513033470644,0.0,0.4703236997127533,0.0,0.48443402171134947,0.0,0.0,,0.0,,,,,,0.014205432630010967,0.0,0.0,,0.017857343642687262,0.0,0.0,,0.0,,0.0,,0.0,,0.0,0.0,0.0,,0.0,,,,,,,,,,,,0.0,,,,,,,,,,,,,,,,,,,,,,,,,,,,,,,,,,,,,,,,,,,,,,,,,,,,,,,,,,,,,,,,,,,,,,,,,,,,,,,,,,,,,,,,,,,,,,,,,,,,,,,,,,,,,,,,,,,,,,,,,,0.0,,0.0,,,,,,,,,,,,,,0.0,,0.0,,,,,,,,,,,,0.0,,0.0,,0.0,,,,,,,,,,,,,,,,,,,,,,,,,,,,,,,,,,,,,,,,0,0,8,6
7,region_07,2022-05-21,,,,,,,,,,,,,,,0.0008244898428009041,0.0,,,,,,,,,,,,,,,,,,,,,,,,,0.00041471078590370815,0.0,,,,,,,,,,,,,0.0018087567946434853,0.0,0.3838636347403129,0.0,0.5838699535447724,0.0,0.0,,0.0,,,,,,0.00740788281153958,0.0,0.0,,0.022401389045019898,0.0,0.0,,0.0,,0.0,,0.0,,0.0,0.0,0.0,,0.0,,,,,,,,,,,,0.0,,,,,,,,,,,,,,,,,,,,,,,,,,,,,,,,,,,,,,,,,,,,,,,,,,,,,,,,,,,,,,,,,,,,,,,,,,,,,,,,,,,,,,,,,,,,,,,,,,,,,,,,,,,,,,,,,,,,,,,,,,0.0,,0.0,,,,,,,,,,,,,,0.0,,0.0,,,,,,,,,,,,0.0,,0.0,,0.0,,,,,,,,,,,,,,,,,,,,,,,,,,,,,,,,,,,,,,,,0,0,8,7
7,region_07,2022-05-28,,,,,,,,,,,,,,,0.00251878585355972,0.0,,,,,,,,,,,,,,,,,,,,,,,,,0.0,0.0,,,,,,,,,,,,,0.002054711009430491,0.0,0.28437831236961036,0.0,0.6305085103562538,0.0,0.0,,0.0,,,,,,0.02004337195861842,0.0,0.005961181573206278,2.0,0.05568508099278674,0.0,0.0,,0.0,,0.0,,0.0,,0.0,0.0,0.0,,0.0,,,,,,,,,,,,0.0,,,,,,,,,,,,,,,,,,,,,,,,,,,,,,,,,,,,,,,,,,,,,,,,,,,,,,,,,,,,,,,,,,,,,,,,,,,,,,,,,,,,,,,,,,,,,,,,,,,,,,,,,,,,,,,,,,,,,,,,,,0.0,,0.0,,,,,,,,,,,,,,0.0,,0.0,,,,,,,,,,,,0.0,,0.0,,0.0,,,,,,,,,,,,,,,,,,,,,,,,,,,,,,,,,,,,,,,,0,1,8,8
7,region_07,2022-06-04,,,,,,,,,,,,,,,0.0,0.0,,,,,,,,,,,,,,,,,,,,,,,,,0.0,0.0,,,,,,,,,,,,,0.0,0.0,0.22895665013271826,0.0,0.6061621652709113,0.0,0.0,,0.0,,,,,,0.07020686037010612,0.0,0.007582553719147629,0.0,0.08876020732251078,0.0,0.0,,0.0,,0.0,,0.0,,0.0,0.0,0.0,,0.0,,,,,,,,,,,,0.0,,,,,,,,,,,,,,,,,,,,,,,,,,,,,,,,,,,,,,,,,,,,,,,,,,,,,,,,,,,,,,,,,,,,,,,,,,,,,,,,,,,,,,,,,,,,,,,,,,,,,,,,,,,,,,,,,,,,,,,,,,0.0,,0.0,,,,,,,,,,,,,,0.0,,0.0,,,,,,,,,,,,0.0,,0.0,,0.0,,,,,,,,,,,,,,,,,,,,,,,,,,,,,,,,,,,,,,,,0,0,9,9
7,region_07,2022-06-11,,,,,,,,,,,,,,,0.0008881241172694923,0.0,,,,,,,,,,,,,,,,,,,,,,,,,0.0,0.0,,,,,,,,,,,,,0.0006587767840006471,0.0,0.1382091547483983,0.0,0.5441251722249117,0.0,0.0,,0.0,,,,,,0.08882014064685152,0.0,0.006085993858372242,0.0,0.22096614669198572,0.0,0.0,,0.0,,0.0,,0.0,,0.0,0.0,0.0,,0.0,,,,,,,,,,,,0.0,,,,,,,,,,,,,,,,,,,,,,,,,,,,,,,,,,,,,,,,,,,,,,,,,,,,,,,,,,,,,,,,,,,,,,,,,,,,,,,,,,,,,,,,,,,,,,,,,,,,,,,,,,,,,,,,,,,,,,,,,,0.0,,0.0,,,,,,,,,,,,,,0.0,,0.0,,,,,,,,,,,,0.0,,0.0,,0.0,,,,,,,,,,,,,,,,,,,,,,,,,,,,,,,,,,,,,,,,0,0,9,10
7,region_07,2022-06-18,,,,,,,,,,,,,,,0.0005770223779108625,0.0,,,,,,,,,,,,,,,,,,,,,,,,,0.0,0.0,,,,,,,,,,,,,0.0003331332999924765,0.0,0.08890478143637827,0.0,0.48353293254261925,0.0,0.0,,0.0,,,,,,0.10308627902784127,0.0,0.023850191066541276,0.0,0.30156824853685166,0.0,0.0,,0.0,,0.0,,0.0,,0.0,0.0,0.0,,0.0,,,,,,,,,,,,0.0,,,,,,,,,,,,,,,,,,,,,,,,,,,,,,,,,,,,,,,,,,,,,,,,,,,,,,,,,,,,,,,,,,,,,,,,,,,,,,,,,,,,,,,,,,,,,,,,,,,,,,,,,,,,,,,,,,,,,,,,,,0.0,,0.0,,,,,,,,,,,,,,0.0,,0.0,,,,,,,,,,,,0.0,,0.0,,0.0,,,,,,,,,,,,,,,,,,,,,,,,,,,,,,,,,,,,,,,,0,0,9,11
7,region_07,2022-06-25,,,,,,,,,,,,,,,0.0018301556516565273,0.0,,,,,,,,,,,,,,,,,,,,,,,,,0.0,0.0,,,,,,,,,,,,,0.002185362199430903,0.0,0.0816194203703902,0.0,0.3221812241456725,0.0,0.0,,0.0,,,,,,0.16084708065487613,0.0,0.02593473163319792,0.0,0.4093914485790513,0.0,0.0,,0.0,,0.0,,0.0,,0.0,0.0,0.0,,0.0,,,,,,,,,,,,0.0,,,,,,,,,,,,,,,,,,,,,,,,,,,,,,,,,,,,,,,,,,,,,,,,,,,,,,,,,,,,,,,,,,,,,,,,,,,,,,,,,,,,,,,,,,,,,,,,,,,,,,,,,,,,,,,,,,,,,,,,,,0.0,,0.0,,,,,,,,,,,,,,0.0,,0.0,,,,,,,,,,,,0.0,,0.0,,0.0,,,,,,,,,,,,,,,,,,,,,,,,,,,,,,,,,,,,,,,,0,0,9,12
7,region_07,2022-07-02,,,,,,,,,,,,,,,0.0,0.0,,,,,,,,,,,,,,,,,,,,,,,,,0.0,0.0,,,,,,,,,,,,,0.0,0.0,0.03528233224878435,0.0,0.24931674779847607,0.0,0.0,,0.0,,,,,,0.12062912850185878,0.0,0.07793132633697691,0.0,0.5196083322876975,0.0,0.0,,0.0,,0.0,,0.0,,0.0,0.0,0.0,,0.0,,,,,,,,,,,,0.0,,,,,,,,,,,,,,,,,,,,,,,,,,,,,,,,,,,,,,,,,,,,,,,,,,,,,,,,,,,,,,,,,,,,,,,,,,,,,,,,,,,,,,,,,,,,,,,,,,,,,,,,,,,,,,,,,,,,,,,,,,0.0,,0.0,,,,,,,,,,,,,,0.0,,0.0,,,,,,,,,,,,0.0,,0.0,,0.0,,,,,,,,,,,,,,,,,,,,,,,,,,,,,,,,,,,,,,,,0,0,9,13
7,region_07,2022-07-09,,,,,,,,,,,,,,,0.0003635421190188595,0.0,,,,,,,,,,,,,,,,,,,,,,,,,0.0,0.0,,,,,,,,,,,,,0.0,0.0,0.024003290012478785,0.0,0.16884478713784895,0.0,0.0016762351528193118,2.0,0.0,,,,,,0.14888366098914824,0.0,0.06694660753738585,0.0,0.5899114722297305,0.0,0.0,,0.0,,0.0013412129962542471,2.0,0.0,,0.0,0.0,0.0,,0.0,,,,,,,,,,,,0.0,,,,,,,,,,,,,,,,,,,,,,,,,,,,,,,,,,,,,,,,,,,,,,,,,,,,,,,,,,,,,,,,,,,,,,,,,,,,,,,,,,,,,,,,,,,,,,,,,,,,,,,,,,,,,,,,,,,,,,,,,,0.0,,0.0,,,,,,,,,,,,,,0.0,,0.0,,,,,,,,,,,,0.0,,0.0,,0.0,,,,,,,,,,,,,,,,,,,,,,,,,,,,,,,,,,,,,,,,0,2,9,14
7,region_07,2022-07-16,,,,,,,,,,,,,,,0.00071498885517935,0.0,,,,,,,,,,,,,,,,,,,,,,,,,0.0,0.0,,,,,,,,,,,,,0.0014533625662271413,0.0,0.02443150349143071,0.0,0.0822765552779523,0.0,0.0,0.0,0.0,,,,,,0.11658858507871624,0.0,0.06807998801980696,0.0,0.7080262243747711,0.0,0.0,,0.0,,0.0,0.0,0.0,,0.0,0.0,0.0,,0.0,,,,,,,,,,,,0.0,,,,,,,,,,,,,,,,,,,,,,,,,,,,,,,,,,,,,,,,,,,,,,,,,,,,,,,,,,,,,,,,,,,,,,,,,,,,,,,,,,,,,,,,,,,,,,,,,,,,,,,,,,,,,,,,,,,,,,,,,,0.0,,0.0,,,,,,,,,,,,,,0.0,,0.0,,,,,,,,,,,,0.0,,0.0,,0.0,,,,,,,,,,,,,,,,,,,,,,,,,,,,,,,,,,,,,,,,0,0,11,15
7,region_07,2022-07-23,,,,,,,,,,,,,,,0.0002634709278936075,0.0,,,,,,,,,,,,,,,,,,,,,,,,,0.0,0.0,,,,,,,,,,,,,0.0,0.0,0.016439767102045626,0.0,0.06053066588938231,0.0,0.00025388457202896175,0.0,0.0,,,,,,0.09115147124975916,0.0,0.08740328151631996,0.0,0.7449488517565604,0.0,0.0,,0.0,,0.0,0.0,0.0,,0.0,0.0,0.0,,0.0,,,,,,,,,,,,0.0,,,,,,,,,,,,,,,,,,,,,,,,,,,,,,,,,,,,,,,,,,,,,,,,,,,,,,,,,,,,,,,,,,,,,,,,,,,,,,,,,,,,,,,,,,,,,,,,,,,,,,,,,,,,,,,,,,,,,,,,,,0.0,,0.0,,,,,,,,,,,,,,0.0,,0.0,,,,,,,,,,,,0.0,,0.0,,0.0,,,,,,,,,,,,,,,,,,,,,,,,,,,,,,,,,,,,,,,,0,0,11,16
7,region_07,2022-07-30,,,,,,,,,,,,,,,0.00249713161028918,0.0,,,,,,,,,,,,,,,,,,,,,,,,,0.0,0.0,,,,,,,,,,,,,0.0029836391537066322,0.0,0.004167065097901335,0.0,0.043579195479029054,0.0,0.0029558563906260556,0.0,0.0,,,,,,0.10098113668592348,0.0,0.09927407950162882,0.0,0.7471192275222979,0.0,0.0,,0.0,,0.0,0.0,0.0,,0.0,0.0,0.0,,0.0,,,,,,,,,,,,0.0,,,,,,,,,,,,,,,,,,,,,,,,,,,,,,,,,,,,,,,,,,,,,,,,,,,,,,,,,,,,,,,,,,,,,,,,,,,,,,,,,,,,,,,,,,,,,,,,,,,,,,,,,,,,,,,,,,,,,,,,,,0.0,,0.0,,,,,,,,,,,,,,0.0,,0.0,,,,,,,,,,,,0.0,,0.0,,0.0,,,,,,,,,,,,,,,,,,,,,,,,,,,,,,,,,,,,,,,,0,0,11,17
7,region_07,2022-08-06,,,,,,,,,,,,,,,0.0,0.0,,,,,,,,,,,,,,,,,,,,,,,,,0.0,0.0,,,,,,,,,,,,,0.0,0.0,0.007521116099244794,0.0,0.02487430567650687,0.0,0.0009346233410349324,0.0,0.0,,,,,,0.07489548965885828,0.0,0.08930212964077248,0.0,0.7992799555933153,0.0,0.0019969204828763497,2.0,0.0,,0.0023990608957212174,0.0,0.0,,0.0,0.0,0.0014168327355658895,1.0,0.0,,,,,,,,,,,,0.0,,,,,,,,,,,,,,,,,,,,,,,,,,,,,,,,,,,,,,,,,,,,,,,,,,,,,,,,,,,,,,,,,,,,,,,,,,,,,,,,,,,,,,,,,,,,,,,,,,,,,,,,,,,,,,,,,,,,,,,,,,0.0,,0.0,,,,,,,,,,,,,,0.0,,0.0,,,,,,,,,,,,0.0,,0.0,,0.0,,,,,,,,,,,,,,,,,,,,,,,,,,,,,,,,,,,,,,,,1,1,11,0
7,region_07,2022-08-13,,,,,,,,,,,,,,,0.0002933519588420639,0.0,,,,,,,,,,,,,,,,,,,,,,,,,0.0,0.0,,,,,,,,,,,,,0.0,0.0,0.0035365814045588504,0.0,0.0026615078418722083,0.0,0.0006214725915068117,0.0,0.0004178514682279875,2.0,,,,,0.06621711317981988,0.0,0.1019601423074217,0.0,0.8223055881612441,0.0,0.0030409679498656,0.0,0.0,,0.0,0.0,0.0,,0.0,0.0,0.0,0.0,0.0,,,,,,,,,,,,0.0,,,,,,,,,,,,,,,,,,,,,,,,,,,,,,,,,,,,,,,,,,,,,,,,,,,,,,,,,,,,,,,,,,,,,,,,,,,,,,,,,,,,,,,,,,,,,,,,,,,,,,,,,,,,,,,,,,,,,,,,,,0.0,,0.0,,,,,,,,,,,,,,0.0,,0.0,,,,,,,,,,,,0.0,,0.0,,0.0,,,,,,,,,,,,,,,,,,,,,,,,,,,,,,,,,,,,,,,,0,1,13,1
7,region_07,2022-08-20,,,,,,,,,,,,,,,0.0,0.0,,,,,,,,,,,,,,,,,,,,,,,,,0.0,0.0,,,,,,,,,,,,,0.0,0.0,0.007043652968215052,0.0,0.00470992165085456,0.0,0.0,0.0,0.000548730560694775,0.0,,,,,0.04105550934161454,0.0,0.07735952053751259,0.0,0.8662751640592302,0.0,0.0,0.0,0.0,,0.003873489714497958,0.0,0.0,,0.0,0.0,0.0,0.0,0.0,,,,,,,,,,,,0.0,,,,,,,,,,,,,,,,,,,,,,,,,,,,,,,,,,,,,,,,,,,,,,,,,,,,,,,,,,,,,,,,,,,,,,,,,,,,,,,,,,,,,,,,,,,,,,,,,,,,,,,,,,,,,,,,,,,,,,,,,,0.0,,0.0,,,,,,,,,,,,,,0.0,,0.0,,,,,,,,,,,,0.0,,0.0,,0.0,,,,,,,,,,,,,,,,,,,,,,,,,,,,,,,,,,,,,,,,0,0,14,2
7,region_07,2022-08-27,,,,,,,,,,,,,,,0.0,0.0,,,,,,,,,,,,,,,,,,,,,,,,,0.0,0.0,,,,,,,,,,,,,0.0007608983056235706,0.0,0.00086846314370628,0.0,0.003380266031907703,0.0,0.0018458135426044,0.0,0.0016301570731835566,0.0,,,,,0.029265713056220673,0.0,0.10693895488100888,0.0,0.8470391841495738,0.0,0.0002895104626077,0.0,0.000984601355157744,2.0,0.006840607630746282,0.0,0.0,,0.002614136086776803,0.0,0.0,0.0,0.0,,,,,,,,,,,,0.0,,,,,,,,,,,,,,,,,,,,,,,,,,,,,,,,,,,,,,,,,,,,,,,,,,,,,,,,,,,,,,,,,,,,,,,,,,,,,,,,,,,,,,,,,,,,,,,,,,,,,,,,,,,,,,,,,,,,,,,,,,0.0,,0.0,,,,,,,,,,,,,,0.0,,0.0,,,,,,,,,,,,0.0,,0.0,,0.0,,,,,,,,,,,,,,,,,,,,,,,,,,,,,,,,,,,,,,,,0,1,14,3
7,region_07,2022-09-03,,,,,,,,,,,,,,,0.0,0.0,,,,,,,,,,,,,,,,,,,,,,,,,0.0,0.0,,,,,,,,,,,,,0.0,0.0,0.002133776883552315,0.0,0.0003694025270471,0.0,0.002891030141406388,0.0,0.0,0.0,,,,,0.03664406428508682,0.0,0.10441381755200295,0.0,0.8431459285996177,0.0,0.0011373001450140142,0.0,0.00340383404865856,0.0,0.006858334368602742,0.0,0.0,,0.0,0.0,0.0,0.0,0.0,,,,,,,,,,,,0.0,,,,,,,,,,,,,,,,,,,,,,,,,,,,,,,,,,,,,,,,,,,,,,,,,,,,,,,,,,,,,,,,,,,,,,,,,,,,,,,,,,,,,,,,,,,,,,,,,,,,,,,,,,,,,,,,,,,,,,,,,,0.0,,0.0,,,,,,,,,,,,,,0.0,,0.0,,,,,,,,,,,,0.0,,0.0,,0.0,,,,,,,,,,,,,,,,,,,,,,,,,,,,,,,,,,,,,,,,0,0,15,4
7,region_07,2022-09-10,,,,,,,,,,,,,,,0.0,0.0,,,,,,,,,,,,,,,,,,,,,,,,,0.0,0.0,,,,,,,,,,,,,0.0,0.0,0.0030181492949204643,0.0,0.002500068937097774,0.0,0.0,0.0,0.0,0.0,,,,,0.0122467869368847,0.0,0.12145378254353996,0.0,0.8531030900776386,0.0,0.005214239994529578,0.0,0.0,0.0,0.0033941766051875486,0.0,0.0,,0.0,0.0,0.0,0.0,0.0,,,,,,,,,,,,0.0,,,,,,,,,,,,,,,,,,,,,,,,,,,,,,,,,,,,,,,,,,,,,,,,,,,,,,,,,,,,,,,,,,,,,,,,,,,,,,,,,,,,,,,,,,,,,,,,,,,,,,,,,,,,,,,,,,,,,,,,,,0.0,,0.0,,,,,,,,,,,,,,0.0,,0.0,,,,,,,,,,,,0.0,,0.0,,0.0,,,,,,,,,,,,,,,,,,,,,,,,,,,,,,,,,,,,,,,,0,0,15,5
7,region_07,2022-09-17,,,,,,,,,,,,,,,0.0,0.0,,,,,,,,,,,,,,,,,,,,,,,,,0.0,0.0,,,,,,,,,,,,,0.0,0.0,0.001002285917125147,0.0,0.0016012164396083225,0.0,0.005646917833796391,0.0,0.002845255378633697,0.0,,,,,0.01192832266491262,0.0,0.12162174572867727,0.0,0.8247689835486873,0.0,0.0016188371976437893,0.0,0.0,0.0,0.027832719683647103,0.0,0.0,,0.0010035804136552166,0.0,0.0,0.0,0.0,,,,,,,,,,,,0.0,,,,,,,,,,,,,,,,,,,,,,,,,,,,,,,,,,,,,,,,,,,,,,,,,,,,,,,,,,,,,,,,,,,,,,,,,,,,,,,,,,,,,,,,,,,,,,,,,,,,,,,,,,,,,,,,,,,,,,,,,,0.0,,0.0,,,,,,,,,,,,,,0.0,,0.0,,,,,,,,,,,,0.0,,0.0,,0.0,,,,,,,,,,,,,,,,,,,,,,,,,,,,,,,,,,,,,,,,0,0,15,6
7,region_07,2022-09-24,,,,,,,,,,,,,,,0.0,0.0,,,,,,,,,,,,,,,,,,,,,,,,,0.0,0.0,,,,,,,,,,,,,0.0,0.0,0.0005640134773345,0.0,0.0011637212359346069,0.0,0.0023320004266375732,0.0,0.0031933189214517167,0.0,,,,,0.0212667852897068,0.0,0.11063200004141902,0.0,0.8211270868778229,0.0,0.010466796678623932,0.0,0.0,0.0,0.017273759469389863,0.0,0.0,,0.008533188235014637,0.0,0.00406636530921479,0.0,0.0,,,,,,,,,,,,0.0,,,,,,,,,,,,,,,,,,,,,,,,,,,,,,,,,,,,,,,,,,,,,,,,,,,,,,,,,,,,,,,,,,,,,,,,,,,,,,,,,,,,,,,,,,,,,,,,,,,,,,,,,,,,,,,,,,,,,,,,,,0.0,,0.0,,,,,,,,,,,,,,0.0,,0.0,,,,,,,,,,,,0.0,,0.0,,0.0,,,,,,,,,,,,,,,,,,,,,,,,,,,,,,,,,,,,,,,,0,0,15,7
7,region_07,2022-10-01,,,,,,,,,,,,,,,0.0,0.0,,,,,,,,,,,,,,,,,,,,,,,,,0.0,0.0,,,,,,,,,,,,,0.0,0.0,0.0,0.0,0.0,0.0,0.0070432029857203345,0.0,0.0,0.0,,,,,0.007400883522270003,0.0,0.10101057486287474,0.0,0.8556640559229357,0.0,0.00243471942459495,0.0,0.003238874617963976,0.0,0.020834221183482892,0.0,0.003239261004357331,2.0,0.0,0.0,0.0,0.0,0.0,,,,,,,,,,,,0.0,,,,,,,,,,,,,,,,,,,,,,,,,,,,,,,,,,,,,,,,,,,,,,,,,,,,,,,,,,,,,,,,,,,,,,,,,,,,,,,,,,,,,,,,,,,,,,,,,,,,,,,,,,,,,,,,,,,,,,,,,,0.0,,0.0,,,,,,,,,,,,,,0.0,,0.0,,,,,,,,,,,,0.0,,0.0,,0.0,,,,,,,,,,,,,,,,,,,,,,,,,,,,,,,,,,,,,,,,0,1,15,8
7,region_07,2022-10-08,,,,,,,,,,,,,,,0.0,0.0,,,,,,,,,,,,,,,,,,,,,,,,,0.0,0.0,,,,,,,,,,,,,0.0,0.0,0.004639623869609575,0.0,0.0,0.0,0.007828564882012303,0.0,0.0,0.0,,,,,0.0048534079370173185,0.0,0.10069062294704569,0.0,0.830832472869328,0.0,0.005822147525447775,0.0,0.005620077457278923,0.0,0.039923630654811804,0.0,0.0,0.0,0.005733228255329347,0.0,0.006713516910427333,0.0,0.0,,,,,,,,,,,,0.0,,,,,,,,,,,,,,,,,,,,,,,,,,,,,,,,,,,,,,,,,,,,,,,,,,,,,,,,,,,,,,,,,,,,,,,,,,,,,,,,,,,,,,,,,,,,,,,,,,,,,,,,,,,,,,,,,,,,,,,,,,0.0,,0.0,,,,,,,,,,,,,,0.0,,0.0,,,,,,,,,,,,0.0,,0.0,,0.0,,,,,,,,,,,,,,,,,,,,,,,,,,,,,,,,,,,,,,,,0,0,16,9
7,region_07,2022-10-15,,,,,,,,,,,,,,,0.0,0.0,,,,,,,,,,,,,,,,,,,,,,,,,0.0,0.0,,,,,,,,,,,,,0.0,0.0,0.011844980633921044,0.0,0.0,0.0,0.008573110974221275,0.0,0.0,0.0,,,,,0.008334646622339837,0.0,0.12086923365239739,0.0,0.7833950232576441,0.0,0.006716778501868204,0.0,0.00121749525656918,0.0,0.03698331930420612,0.0,0.005754732401468393,0.0,0.005945496312859944,0.0,0.01111482266612622,0.0,0.0,,,,,,,,,,,,0.0,,,,,,,,,,,,,,,,,,,,,,,,,,,,,,,,,,,,,,,,,,,,,,,,,,,,,,,,,,,,,,,,,,,,,,,,,,,,,,,,,,,,,,,,,,,,,,,,,,,,,,,,,,,,,,,,,,,,,,,,,,0.00208723222749535,2.0,0.0,,,,,,,,,,,,,,0.0,,0.0,,,,,,,,,,,,0.0,,0.0,,0.0,,,,,,,,,,,,,,,,,,,,,,,,,,,,,,,,,,,,,,,,0,1,16,10
7,region_07,2022-10-22,,,,,,,,,,,,,,,0.0,0.0,,,,,,,,,,,,,,,,,,,,,,,,,0.0,0.0,,,,,,,,,,,,,0.0,0.0,0.0,0.0,0.0,0.0,0.015078903963932577,0.0,0.006949977143309396,0.0,,,,,0.00510103219242475,0.0,0.13076581204166776,0.0,0.70109619140625,0.0,0.010973539454146015,0.0,0.004145177360624016,0.0,0.06502846399178867,0.0,0.005088931289859642,0.0,0.030990984362478397,0.0,0.018939782005663045,0.0,0.0,,,,,,,,,,,,0.0,,,,,,,,,,,,,,,,,,,,,,,,,,,,,,,,,,,,,,,,,,,,,,,,,,,,,,,,,,,,,,,,,,,,,,,,,,,,,,,,,,,,,,,,,,,,,,,,,,,,,,,,,,,,,,,,,,,,,,,,,,0.005865627472909737,0.0,0.0,,,,,,,,,,,,,,0.0,,0.0,,,,,,,,,,,,0.0,,0.0,,0.0,,,,,,,,,,,,,,,,,,,,,,,,,,,,,,,,,,,,,,,,0,0,17,11
7,region_07,2022-10-29,,,,,,,,,,,,,,,0.0,0.0,,,,,,,,,,,,,,,,,,,,,,,,,0.0,0.0,,,,,,,,,,,,,0.0,0.0,0.0026759725343435442,0.0,0.0,0.0,0.005671040192246391,0.0,0.0069362437538802125,0.0,,,,,0.005034684408456036,0.0,0.05382502198219294,0.0,0.7720375657081604,0.0,0.008485374841839019,0.0,0.0072565150447189315,0.0,0.03146881777793166,0.0,0.016334642320871305,0.0,0.05364195480942722,0.0,0.03837277988592779,0.0,0.0,,,,,,,,,,,,0.0,,,,,,,,,,,,,,,,,,,,,,,,,,,,,,,,,,,,,,,,,,,,,,,,,,,,,,,,,,,,,,,,,,,,,,,,,,,,,,,,,,,,,,,,,,,,,,,,,,,,,,,,,,,,,,,,,,,,,,,,,,0.0,0.0,0.0,,,,,,,,,,,,,,0.0,,0.0,,,,,,,,,,,,0.0,,0.0,,0.0,,,,,,,,,,,,,,,,,,,,,,,,,,,,,,,,,,,,,,,,0,0,17,12
7,region_07,2022-11-05,,,,,,,,,,,,,,,0.0,0.0,,,,,,,,,,,,,,,,,,,,,,,,,0.0,0.0,,,,,,,,,,,,,0.0,0.0,0.005387493098775491,0.0,0.0,0.0,0.008063426590524567,0.0,0.0034307861545433,0.0,,,,,0.007099768360300563,0.0,0.08054042079796389,0.0,0.6735716909170151,0.0,0.01079836522694672,0.0,0.013668941760746095,0.0,0.05897724612926438,0.0,0.006170549449355595,0.0,0.05337241627275938,0.0,0.06852592124293244,0.0,0.0035887853863338136,2.0,,,,,,,,,,,0.0,,,,,,,,,,,,,,,,,,,,,,,,,,,,,,,,,,,,,,,,,,,,,,,,,,,,,,,,,,,,,,,,,,,,,,,,,,,,,,,,,,,,,,,,,,,,,,,,,,,,,,,,,,,,,,,,,,,,,,,,,,0.0023134585256532583,0.0,0.0,,,,,,,,,,,,,,0.0,,0.0,,,,,,,,,,,,0.0,,0.0,,0.0,,,,,,,,,,,,,,,,,,,,,,,,,,,,,,,,,,,,,,,,0,1,17,13
7,region_07,2022-11-12,,,,,,,,,,,,,,,0.0,0.0,,,,,,,,,,,,,,,,,,,,,,,,,0.0,0.0,,,,,,,,,,,,,0.0,0.0,0.008226780959850369,0.0,0.0,0.0,0.007462919183561283,0.0,0.004303439682268544,0.0,,,,,0.002839948477533917,0.0,0.09318439597668851,0.0,0.602430100026338,0.0,0.010024050108926407,0.0,0.00939079732431661,0.0,0.05824300206520336,0.0,0.019248245405438104,0.0,0.09295372859291405,0.0,0.08916405458813124,0.0,0.0,0.0,,,,,,,,,,,0.0,,,,,,,,,,,,,,,,,,,,,,,,,,,,,,,,,,,,,,,,,,,,,,,,,,,,,,,,,,,,,,,,,,,,,,,,,,,,,,,,,,,,,,,,,,,,,,,,,,,,,,,,,,,,,,,,,,,,,,,,,,0.004303439682268544,0.0,0.0,,,,,,,,,,,,,,0.0,,0.0,,,,,,,,,,,,0.0,,0.0,,0.0,,,,,,,,,,,,,,,,,,,,,,,,,,,,,,,,,,,,,,,,0,0,18,14
7,region_07,2022-11-19,,,,,,,,,,,,,,,0.0,0.0,,,,,,,,,,,,,,,,,,,,,,,,,0.0,0.0,,,,,,,,,,,,,0.0,0.0,0.003408017352090307,0.0,0.0,0.0,0.003563273232430173,0.0,0.006030311723324341,0.0,,,,,0.0027110699447802727,0.0,0.06213797698728735,0.0,0.5219038084149361,0.0,0.0182036287574605,0.0,0.013375858098945793,0.0,0.08371343971653414,0.0,0.03366558865777079,0.0,0.12884384596889664,0.0,0.119605578482151,0.0,0.0,0.0,,,,,,,,,,,0.0,,,,,,,,,,,,,,,,,,,,,,,,,,,,,,,,,,,,,,,,,,,,,,,,,,,,,,,,,,,,,,,,,,,,,,,,,,,,,,,,,,,,,,,,,,,,,,,,,,,,,,,,,,,,,,,,,,,,,,,,,,0.009388475276699063,0.0,0.0,,,,,,,,,,,,,,0.0,,0.0,,,,,,,,,,,,0.0,,0.0,,0.0,,,,,,,,,,,,,,,,,,,,,,,,,,,,,,,,,,,,,,,,0,0,18,15
7,region_07,2022-11-26,,,,,,,,,,,,,,,0.0,0.0,,,,,,,,,,,,,,,,,,,,,,,,,0.0,0.0,,,,,,,,,,,,,0.0,0.0,0.002331505814153239,0.0,0.0,0.0,0.007724281400442086,0.0,0.0026259292499162,0.0,,,,,0.001085981205549219,0.0,0.06767014396332555,0.0,0.48761906368391855,0.0,0.010988503650185562,0.0,0.008788418423916552,0.0,0.06887360569089647,0.0,0.023899238379228634,0.0,0.13216936836640036,0.0,0.17002711267698375,0.0,0.011573951443036348,0.0,,,,,,,,,,,0.0,,,,,,,,,,,,,,,,,,,,,,,,,,,,,,,,,,,,,,,,,,,,,,,,,,,,,,,,,,,,,,,,,,,,,,,,,,,,,,,,,,,,,,,,,,,,,,,,,,,,,,,,,,,,,,,,,,,,,,,,,,0.007416648479799377,0.0,0.0,,,,,,,,,,,,,,0.004598863900786137,1.0,0.0,,,,,,,,,,,,0.0,,0.0,,0.0,,,,,,,,,,,,,,,,,,,,,,,,,,,,,,,,,,,,,,,,1,0,18,0
7,region_07,2022-12-03,,,,,,,,,,,,,,,0.0,0.0,,,,,,,,,,,,,,,,,,,,,,,,,0.0,0.0,,,,,,,,,,,,,0.0,0.0,0.0,0.0,0.0,0.0,0.0,0.0,0.003689805627800485,0.0,,,,,0.0008177052863174549,0.0,0.041586443968117184,0.0,0.38800465422017233,0.0,0.011815907247364475,0.0,0.011691173911094626,0.0,0.10971745393342437,0.0,0.0202208720147609,0.0,0.17386769801378246,0.0,0.22134553715586658,0.0,0.0,0.0,,,,,,,,,,,0.0,,,,,,,,,,,,,,,,,,,,,,,,,,,,,,,,,,,,,,,,,,,,,,,,,,,,,,,,,,,,,,,,,,,,,,,,,,,,,,,,,,,,,,,,,,,,,,,,,,,,,,,,,,,,,,,,,,,,,,,,,,0.011735306773334685,0.0,0.0,,,,,,,,,,,,,,0.0037605817748331315,0.0,0.0,,,,,,,,,,,,0.0,,0.0,,0.0,,,,,,,,,,,,,,,,,,,,,,,,,,,,,,,,,,,,,,,,0,0,19,1
7,region_07,2022-12-10,,,,,,,,,,,,,,,0.0,0.0,,,,,,,,,,,,,,,,,,,,,,,,,0.0,0.0,,,,,,,,,,,,,0.0,0.0,0.0,0.0,0.0,0.0,0.00339082777500148,0.0,0.0,0.0,,,,,0.004735820448810274,0.0,0.025992903310586374,0.0,0.3474643230438232,0.0,0.021145250275731033,0.0,0.010212572119933937,0.0,0.08213292062282558,0.0,0.04319988116621966,0.0,0.19641023952709996,0.0,0.23448254403315089,0.0,0.0054493440004686,0.0,,,,,,,,,,,0.0,,,,,,,,,,,,,,,,,,,,,,,,,,,,,,,,,,,,,,,,,,,,,,,,,,,,,,,,,,,,,,,,,,,,,,,,,,,,,,,,,,,,,,,,,,,,,,,,,,,,,,,,,,,,,,,,,,,,,,,,,,0.027904719114303544,0.0,0.0,,,,,,,,,,,,,,0.004206320589506264,0.0,0.0,,,,,,,,,,,,0.0,,0.0,,0.0,,,,,,,,,,,,,,,,,,,,,,,,,,,,,,,,,,,,,,,,0,0,19,2
7,region_07,2022-12-17,,,,,,,,,,,,,,,0.0,0.0,,,,,,,,,,,,,,,,,,,,,,,,,0.0,0.0,,,,,,,,,,,,,0.0,0.0,0.0,0.0,0.0,0.0,0.00748229461411631,0.0,0.006452771731548794,0.0,,,,,0.0,0.0,0.013584438452704033,0.0,0.26811136864125723,0.0,0.007662012914402562,0.0,0.019680887460708577,0.0,0.07550510996952649,0.0,0.02261605132371183,0.0,0.20773205078310433,0.0,0.3436768187416924,0.0,0.005500422449161547,0.0,,,,,,,,,,,0.0,,,,,,,,,,,,,,,,,,,,,,,,,,,,,,,,,,,,,,,,,,,,,,,,,,,,,,,,,,,,,,,,,,,,,,,,,,,,,,,,,,,,,,,,,,,,,,,,,,,,,,,,,,,,,,,,,,,,,,,,,,0.014860005790574634,0.0,0.0,,,,,,,,,,,,,,0.0030694055409791004,0.0,0.0,,,,,,,,,,,,0.0,,0.0,,0.0,,,,,,,,,,,,,,,,,,,,,,,,,,,,,,,,,,,,,,,,0,0,19,3
7,region_07,2022-12-24,,,,,,,,,,,,,,,0.0,0.0,,,,,,,,,,,,,,,,,,,,,,,,,0.0,0.0,,,,,,,,,,,,,0.001417951126183743,0.0,0.006099073764155853,0.0,0.0028359022523675283,0.0,0.006149398875148806,0.0,0.0,0.0,,,,,0.001417951126183743,0.0,0.011690421687329476,0.0,0.21372233418857348,0.0,0.02296803508173013,0.0,0.021466680199784344,0.0,0.03765926673077043,0.0,0.048020485555753056,0.0,0.22363045723999245,0.0,0.36015163624987884,0.0,0.0038195162235448135,0.0,,,,,,,,,,,0.0,,,,,,,,,,,,,,,,,,,,,,,,,,,,,,,,,,,,,,,,,,,,,,,,,,,,,,,,,,,,,,,,,,,,,,,,,,,,,,,,,,,,,,,,,,,,,,,,,,,,,,,,,,,,,,,,,,,,,,,,,,0.016256956438369552,0.0,0.0,,,,,,,,,,,,,,0.017694827662233004,0.0,0.0,,,,,,,,,,,,0.0,,0.0,,0.0,,,,,,,,,,,,,,,,,,,,,,,,,,,,,,,,,,,,,,,,0,0,19,4
7,region_07,2022-12-31,,,,,,,,,,,,,,,0.0,0.0,,,,,,,,,,,,,,,,,,,,,,,,,0.0,0.0,,,,,,,,,,,,,0.0017343250635478715,0.0,0.0023276255378731937,0.0,0.0,0.0,0.006352300970600162,0.0,0.001204878470161875,0.0,,,,,0.0,0.0,0.0,0.0,0.20528228456775344,0.0,0.029713575611822255,0.0,0.0056061269715427875,0.0,0.01863272592891003,0.0,0.06733553409576411,0.0,0.16193844377994535,0.0,0.4552905485033989,0.0,0.0023951937444507535,0.0,,,,,,,,,,,0.0,,,,,,,,,,,,,,,,,,,,,,,,,,,,,,,,,,,,,,,,,,,,,,,,,,,,,,,,,,,,,,,,,,,,,,,,,,,,,,,,,,,,,,,,,,,,,,,,,,,,,,,,,,,,,,,,,,,,,,,,,,0.03222031006589528,0.0,0.0,,,,,,,,,,,,,,0.013893375988118307,0.0,0.0,,,,,,,,,,,,0.0,,0.0,,0.0,,,,,,,,,,,,,,,,,,,,,,,,,,,,,,,,,,,,,,,,0,0,19,5
7,region_07,2023-01-07,,,,,,,,,,,,,,,0.0,0.0,,,,,,,,,,,,,,,,,,,,,,,,,0.0,0.0,,,,,,,,,,,,,0.0,0.0,0.0028443920697706,0.0,0.0,0.0,0.0,0.0,0.0,0.0,,,,,0.0,0.0,0.010622849726738966,0.0,0.18681536714235938,0.0,0.010969709480802179,0.0,0.004020472445214734,0.0,0.03886995757264744,0.0,0.05999909740473538,0.0,0.13470283044236045,0.0,0.42471466745649067,0.0,0.018881694972515062,0.0,,,,,,,,,,,0.0,,,,,,,,,,,,,,,,,,,,,,,,,,,,,,,,,,,,,,,,,,,,,,,,,,,,,,,,,,,,,,,,,,,,,,,,,,,,,,,,,,,,,,,,,,,,,,,,,,,,,,,,,,,,,,,,,,,,,,,,,,0.014826329611241768,0.0,0.0,,,,,,,,,,,,,,0.09788654223084445,0.0,0.0,,,,,,,,,,,,0.0,,0.0,,0.0,,,,,,,,,,,,,,,,,,,,,,,,,,,,,,,,,,,,,,,,0,0,19,6
7,region_07,2023-01-14,,,,,,,,,,,,,,,0.0,0.0,,,,,,,,,,,,,,,,,,,,,,,,,0.0,0.0,,,,,,,,,,,,,0.0,0.0,0.011243767504181134,0.0,0.0,0.0,0.005957726488954222,0.0,0.0,0.0,,,,,0.0,0.0,0.0,0.0,0.17724765034822315,0.0,0.013062131058956858,0.0,0.0,0.0,0.024062726380569558,0.0,0.05831041903449933,0.0,0.18939255497285296,0.0,0.3384566456079483,0.0,0.004458496164131342,0.0,,,,,,,,,,,0.0,,,,,,,,,,,,,,,,,,,,,,,,,,,,,,,,,,,,,,,,,,,,,,,,,,,,,,,,,,,,,,,,,,,,,,,,,,,,,,,,,,,,,,,,,,,,,,,,,,,,,,,,,,,,,,,,,,,,,,,,,,0.03277971622134953,0.0,0.0,,,,,,,,,,,,,,0.133651142673833,0.0,0.010469725665946755,2.0,,,,,,,,,,,0.0,,0.0,,0.0,,,,,,,,,,,,,,,,,,,,,,,,,,,,,,,,,,,,,,,,0,1,19,7
7,region_07,2023-01-21,,,,,,,,,,,,,,,0.0,0.0,,,,,,,,,,,,,,,,,,,,,,,,,0.0,0.0,,,,,,,,,,,,,0.0,0.0,0.0,0.0,0.0,0.0,0.006756700897732554,0.0,0.0,0.0,,,,,0.0,0.0,0.0,0.0,0.1065342359244823,0.0,0.021824707348759305,0.0,0.005333195941952507,0.0,0.017739815637469247,0.0,0.009252360627914808,0.0,0.18130244887792143,0.0,0.37232255438963574,0.0,0.010666391883905068,0.0,,,,,,,,,,,0.0,,,,,,,,,,,,,,,,,,,,,,,,,,,,,,,,,,,,,,,,,,,,,,,,,,,,,,,,,,,,,,,,,,,,,,,,,,,,,,,,,,,,,,,,,,,,,,,,,,,,,,,,,,,,,,,,,,,,,,,,,,0.015228515849090483,0.0,0.0,,,,,,,,,,,,,,0.2499259675924594,0.0,0.0,0.0,,,,,,,,,,,0.0,,0.0,,0.0,,,,,,,,,,,,,,,,,,,,,,,,,,,,,,,,,,,,,,,,0,0,20,8
7,region_07,2023-01-28,,,,,,,,,,,,,,,0.0,0.0,,,,,,,,,,,,,,,,,,,,,,,,,0.0,0.0,,,,,,,,,,,,,0.0,0.0,0.0,0.0,0.0,0.0,0.006194684615669116,0.0,0.0,0.0,,,,,0.0,0.0,0.005333862345044766,0.0,0.10498268902301784,0.0,0.0,0.0,0.006194684615669116,0.0,0.00702160732665405,0.0,0.0291694618451098,0.0,0.12445152054230367,0.0,0.3133190746108691,0.0,0.00702160732665405,0.0,,,,,,,,,,,0.0,,,,,,,,,,,,,,,,,,,,,,,,,,,,,,,,,,,,,,,,,,,,,,,,,,,,,,,,,,,,,,,,,,,,,,,,,,,,,,,,,,,,,,,,,,,,,,,,,,,,,,,,,,,,,,,,,,,,,,,,,,0.029741085289667,0.0,0.0,,,,,,,,,,,,,,0.33590587228536606,0.0,0.01845257004929908,0.0,,,,,,,,,,,0.019543824451310244,2.0,0.0,,0.0,,,,,,,,,,,,,,,,,,,,,,,,,,,,,,,,,,,,,,,,0,1,20,9
7,region_07,2023-02-04,,,,,,,,,,,,,,,0.0,0.0,,,,,,,,,,,,,,,,,,,,,,,,,0.0,0.0,,,,,,,,,,,,,0.0,0.0,0.0,0.0,0.0,0.0,0.005489519924264019,0.0,0.0,0.0,,,,,0.0,0.0,0.0,0.0,0.04677417203783984,0.0,0.0,0.0,0.0,0.0,0.0,0.0,0.007258000952953592,0.0,0.10144104469906196,0.0,0.2553003647110679,0.0,0.00707392356443129,0.0,,,,,,,,,,,0.0,,,,,,,,,,,,,,,,,,,,,,,,,,,,,,,,,,,,,,,,,,,,,,,,,,,,,,,,,,,,,,,,,,,,,,,,,,,,,,,,,,,,,,,,,,,,,,,,,,,,,,,,,,,,,,,,,,,,,,,,,,0.04297266832806842,0.0,0.0,,,,,,,,,,,,,,0.507331517609683,0.0,0.008383957927839567,0.0,,,,,,,,,,,0.020988366965736614,0.0,0.0,,0.0,,,,,,,,,,,,,,,,,,,,,,,,,,,,,,,,,,,,,,,,0,0,21,10
7,region_07,2023-02-11,,,,,,,,,,,,,,,0.0,0.0,,,,,,,,,,,,,,,,,,,,,,,,,0.0,0.0,,,,,,,,,,,,,0.0,0.0,0.0,0.0,0.0,0.0,0.0,0.0,0.0,0.0,,,,,0.0,0.0,0.0,0.0,0.0372118670493364,0.0,0.0,0.0,0.004185592023921829,0.0,0.0035578013630583397,0.0,0.01680876296013591,0.0,0.06580934748053546,0.0,0.1360105291008949,0.0,0.01148018115200097,0.0,,,,,,,,,,,0.00285555364098395,2.0,,,,,,,,,,,,,,,,,,,,,,,,,,,,,,,,,,,,,,,,,,,,,,,,,,,,,,,,,,,,,,,,,,,,,,,,,,,,,,,,,,,,,,,,,,,,,,,,,,,,,,,,,,,,,,,,,,,,,,,,,0.02491515595465893,0.0,0.0,,,,,,,,,,,,,,0.684354156255722,0.0,0.00822876642147695,0.0,,,,,,,,,,,0.0082031529662864,0.0,0.0,,0.0,,,,,,,,,,,,,,,,,,,,,,,,,,,,,,,,,,,,,,,,0,1,21,11
7,region_07,2023-02-18,,,,,,,,,,,,,,,0.0,0.0,,,,,,,,,,,,,,,,,,,,,,,,,0.0,0.0,,,,,,,,,,,,,0.0,0.0,0.0,0.0,0.0,0.0,0.005077925717665045,0.0,0.0,0.0,,,,,0.0,0.0,0.0,0.0,0.025832297073470165,0.0,0.0,0.0,0.0,0.0,0.005103980501492767,0.0,0.005103980501492767,0.0,0.019178568695982254,0.0,0.12136233184072702,0.0,0.019721372673908822,0.0,,,,,,,,,,,0.0,0.0,,,,,,,,,,,,,,,,,,,,,,,,,,,,,,,,,,,,,,,,,,,,,,,,,,,,,,,,,,,,,,,,,,,,,,,,,,,,,,,,,,,,,,,,,,,,,,,,,,,,,,,,,,,,,,,,,,,,,,,,,0.015611786705752168,0.0,0.0,,,,,,,,,,,,,,0.735576762093438,0.0,0.0045757584480775335,0.0,,,,,,,,,,,0.04333336917417386,0.0,0.0,,0.0,,,,,,,,,,,,,,,,,,,,,,,,,,,,,,,,,,,,,,,,0,0,22,12
7,region_07,2023-02-25,,,,,,,,,,,,,,,0.0,0.0,,,,,,,,,,,,,,,,,,,,,,,,,0.0,0.0,,,,,,,,,,,,,0.0,0.0,0.0,0.0,0.0,0.0,0.0,0.0,0.0,0.0,,,,,0.0,0.0,0.0,0.0,0.013961619115434537,0.0,0.0,0.0,0.0,0.0,0.0,0.0,0.01046089106239375,0.0,0.018373768427409187,0.0,0.1042791679501533,0.0,0.010803845711052374,0.0,,,,,,,,,,,0.011433667270466625,0.0,,,,,,,,,,,,,,,,,,,,,,,,,,,,,,,,,,,,,,,,,,,,,,,,,,,,,,,,,,,,,,,,,,,,,,,,,,,,,,,,,,,,,,,,,,,,,,,,,,,,,,,,,,,,,,,,,,,,,,,,,0.010160302394069688,0.0,0.0,,,,,,,,,,,,,,0.8086285665631294,0.0,0.00674933437258,0.0,,,,,,,,,,,0.04411349764892029,0.0,0.0,,0.0,,,,,,,,,,,,,,,,,,,,,,,,,,,,,,,,,,,,,,,,0,0,22,13
7,region_07,2023-03-04,,,,,,,,,,,,,,,0.0,0.0,,,,,,,,,,,,,,,,,,,,,,,,,0.0,0.0,,,,,,,,,,,,,0.0,0.0,0.0,0.0,0.0,0.0,0.0,0.0,0.0,0.0,,,,,0.0,0.0,0.0,0.0,0.0008153965297553571,0.0,0.0,0.0,0.0,0.0,0.0,0.0,0.005581990948745129,0.0,0.010976725923163514,0.0,0.12077640990416205,0.0,0.013764441653620386,0.0,,,,,,,,,,,0.0,0.0,,,,,,,,,,,,,,,,,,,,,,,,,,,,,,,,,,,,,,,,,,,,,,,,,,,,,,,,,,,,,,,,,,,,,,,,,,,,,,,,,,,,,,,,,,,,,,,,,,,,,,,,,,,,,,,,,,,,,,,,,0.01626250959400614,0.0,0.0,,,,,,,,,,,,,,0.7731727872576032,0.0,0.02112861563052446,0.0,,,,,,,,,,,0.0346360462052481,0.0,0.0,,0.0087803918868303,2.0,,,,,,,,,,,,,,,,,,,,,,,,,,,,,,,,,,,,,,,0,1,22,14
7,region_07,2023-03-11,,,,,,,,,,,,,,,0.0,0.0,,,,,,,,,,,,,,,,,,,,,,,,,0.0,0.0,,,,,,,,,,,,,0.0,0.0,0.0,0.0,0.0,0.0,0.0,0.0,0.0,0.0,,,,,0.0,0.0,0.003729314659722117,0.0,0.0,0.0,0.0,0.0,0.0,0.0,0.006726441672071767,0.0,0.0011279268267874335,0.0,0.0,0.0,0.0371847786009311,0.0,0.0,0.0,,,,,,,,,,,0.02736296318471425,0.0,,,,,,,,,,,,,,,,,,,,,,,,,,,,,,,,,,,,,,,,,,,,,,,,,,,,,,,,,,,,,,,,,,,,,,,,,,,,,,,,,,,,,,,,,,,,,,,,,,,,,,,,,,,,,,,,,,,,,,,,,0.013223637516299852,0.0,0.006012009456753675,1.0,,,,,,,,,,,,,0.8281729221343994,0.0,0.0393693223595619,0.0,,,,,,,,,,,0.035245919134467785,0.0,0.00432275910861785,2.0,0.0,0.0,,,,,,,,,,,,,,,,,,,,,,,,,,,,,,,,,,,,,,,1,1,23,0
7,region_07,2023-03-18,,,,,,,,,,,,,,,0.0017697667935862801,0.0,,,,,,,,,,,,,,,,,,,,,,,,,0.0,0.0,,,,,,,,,,,,,0.0,0.0,0.0,0.0,0.0,0.0,0.0,0.0,0.0,0.0,,,,,0.0,0.0,0.0,0.0,0.00530930040404198,0.0,0.0,0.0,0.0,0.0,0.0,0.0,0.0,0.0,0.044817590713500936,0.0,0.01976354904472824,0.0,0.00978613104671236,0.0,,,,,,,,,,,0.0,0.0,,,,,,,,,,,,,,,,,,,,,,,,,,,,,,,,,,,,,,,,,,,,,,,,,,,,,,,,,,,,,,,,,,,,,,,,,,,,,,,,,,,,,,,,,,,,,,,,,,,,,,,,,,,,,,,,,,,,,,,,,0.0058934871107339405,0.0,0.0,0.0,,,,,,,,,,,,,0.832072639465332,0.0,0.00804141396656626,0.0,,,,,,,,,,,0.07254611849784845,0.0,0.0,0.0,0.0,0.0,,,,,,,,,,,,,,,,,,,,,,,,,,,,,,,,,,,,,,,0,0,25,1
7,region_07,2023-03-25,,,,,,,,,,,,,,,0.0,0.0,,,,,,,,,,,,,,,,,,,,,,,,,0.0,0.0,,,,,,,,,,,,,0.0,0.0,0.0,0.0,0.0,0.0,0.0,0.0,0.0,0.0,,,,,0.0,0.0,0.0,0.0,0.0,0.0,0.0,0.0,0.0,0.0,0.0,0.0,0.00205236891633825,0.0,0.014778406359255274,0.0,0.01282167574390765,0.0,0.016830775421112727,0.0,,,,,,,,,,,0.0101592671126127,0.0,,,,,,,,,,,,,,,,,,,,,,,,,,,,,,,,,,,,,,,,,,,,,,,,,,,,,,,,,,,,,,,,,,,,,,,,,,,,,,,,,,,,,,,,,,,,,,,,,,,,,,,,,,,,,,,,,,,,,,,,,0.018358262255787825,0.0,0.02791768452152605,0.0,,,,,,,,,,,,,0.8004188537597656,0.0,0.014778406359255276,0.0,,,,,,,,,,,0.0827810131013393,0.0,0.0,0.0,0.0126771908253431,0.0,,,,,,,,,,,,,,,,,,,,,,,,,,,,,,,,,,,,,,,0,0,25,2
7,region_07,2023-04-01,,,,,,,,,,,,,,,0.0,0.0,,,,,,,,,,,,,,,,,,,,,,,,,0.0,0.0,,,,,,,,,,,,,0.0,0.0,0.0,0.0,0.0,0.0,0.0,0.0,0.0,0.0,,,,,0.0,0.0,0.0,0.0,0.0,0.0,0.0,0.0,0.0,0.0,0.0,0.0,0.0,0.0,0.003196323212857,0.0,0.017726258995632266,0.0,0.0100796222686767,0.0,,,,,,,,,,,0.014529936015605866,0.0,,,,,,,,,,,,,,,,,,,,,,,,,,,,,,,,,,,,,,,,,,,,,,,,,,,,,,,,,,,,,,,,,,,,,,,,,,,,,,,,,,,,,,,,,,,,,,,,,,,,,,,,,,,,,,,,,,,,,,,,,0.005441667977720467,0.0,0.0,0.0,,,,,,,,,,,,,0.8893027702967325,0.0,0.010651757474988666,0.0,,,,,,,,,,,0.04427815228700633,0.0,0.0,0.0,0.0143805481493473,0.0,,,,,,,,,,,,,,,,,,,,,,,,,,,,,,,,,,,,,,,0,0,25,3
7,region_07,2023-04-08,,,,,,,,,,,,,,,0.0,0.0,,,,,,,,,,,,,,,,,,,,,,,,,0.0,0.0,,,,,,,,,,,,,0.0,0.0,0.0,0.0,0.0,0.0,0.0,0.0,0.0,0.0,,,,,0.0,0.0,0.0,0.0,0.0,0.0,0.0,0.0,0.0,0.0,0.0,0.0,0.0,0.0,0.0,0.0,0.0197995081543922,0.0,0.0,0.0,,,,,,,,,,,0.013129608705639801,0.0,,,,,,,,,,,,,,,,,,,,,,,,,,,,,,,,,,,,,,,,,,,,,,,,,,,,,,,,,,,,,,,,,,,,,,,,,,,,,,,,,,,,,,,,,,,,,,,,,,,,,,,,,,,,,,,,,,,,,,,,,0.01268725609406825,0.0,0.013129608705639801,0.0,,,,,,,,,,,,,0.9412540197372437,0.0,0.0,0.0,,,,,,,,,,,0.0,0.0,0.0,0.0,0.0,0.0,,,,,,,,,,,,,,,,,,,,,,,,,,,,,,,,,,,,,,,0,0,25,4
7,region_07,2023-04-15,,,,,,,,,,,,,,,0.0,0.0,,,,,,,,,,,,,,,,,,,,,,,,,0.0,0.0,,,,,,,,,,,,,0.0,0.0,0.0,0.0,0.0,0.0,0.0,0.0,0.0,0.0,0.0,,,,0.0,0.0,0.0,0.0,0.0,0.0,0.0,0.0,0.0,0.0,0.0,0.0,0.003224898760460942,0.0,0.0,0.0,0.015818512117998115,0.0,0.008468483981083694,0.0,0.0,,0.0,,0.0,,0.0,,0.0,,0.010766662657260846,0.0,0.0,,0.0,,0.0,,0.0,,0.0,,0.0,,0.0,,0.0,,0.0,,0.0,,0.0,,0.0,,0.0,,0.0,,0.0,,0.0,,0.0,,0.0,,0.0,,0.0,,0.0,,0.0,,0.0,,0.0,,0.0,,0.0,,0.0,,0.0,,0.0,,0.0,,0.0,,0.0,,0.0,,0.0,,0.0,,0.0,,0.0,,0.0,,0.0,,0.0,,0.0,,0.0,,0.0,,0.0,,0.0,,0.0,,0.0,,0.0,,0.0,,0.0,,0.0,,,,,,,,0.0,,,,,,,,,,,,0.0080935519188642,0.0,0.0038634017871861655,0.0,0.01265384603498706,2.0,0.0,,0.0,,0.0,,0.0,,0.0,,0.8731039697473699,0.0,0.019371525299819982,0.0,0.0,,0.0,,0.0031992630191290078,2.0,0.0,,0.0,,0.02093717328865415,0.0,0.012298427268185353,0.0,0.008604862676425361,0.0,0.0,,0.0,,0.0,,0.0,,0.0,,0.0,,0.0,,0.0,,0.0,,,,,,,,,,,,,,,,,,,,,,0,2,25,5
7,region_07,2023-04-22,,,,,,,,,,,,,,,0.0,0.0,,,,,,,,,,,,,,,,,,,,,,,,,0.0,0.0,,,,,,,,,,,,,0.0,0.0,0.0,0.0,0.0,0.0,0.0,0.0,0.0,0.0,0.0,,,,0.0,0.0,0.0,0.0,0.0,0.0,0.0,0.0,0.0,0.0,0.0,0.0,0.001612449380230471,0.0,0.0,0.0,0.014368997446515295,0.0,0.007692229990637268,0.0,0.0,,0.0,,0.0,,0.0034674281666341664,2.0,0.0,,0.005383331328630423,0.0,0.0,,0.0,,0.0,,0.0,,0.0,,0.0,,0.0,,0.0,,0.0,,0.0,,0.0,,0.0,,0.0,,0.0,,0.0,,0.0,,0.0,,0.0,,0.0,,0.0,,0.0,,0.0,,0.0,,0.0,,0.0,,0.0,,0.0,,0.0,,0.0,,0.0,,0.0,,0.0,,0.0,,0.0,,0.0,,0.0,,0.0,,0.0,,0.0,,0.0,,0.0,,0.0,,0.0,,0.0,,0.0,,0.0,,0.0,,0.0,,0.0,,0.0,,0.0,,,,,,,,0.0,,,,,,,,,,,,0.01174174543918554,0.0,0.00839144228110932,0.0,0.013294662348926022,0.0,0.0,,0.0,,0.0,,0.0,,0.0,,0.8324863182775901,0.0,0.017173032378871887,0.0,0.0,,0.0063796440760294365,2.0,0.0015996315095645039,0.0,0.0,,0.0,,0.04632370033114505,0.0,0.027779661819827932,0.0,0.004302431338212681,0.0,0.0,,0.0,,0.0,,0.0,,0.0,,0.0,,0.0,,0.0,,0.0,,,,,,,,,,,,,,,,,,,,,,0,2,27,6
7,region_07,2023-04-29,,,,,,,,,,,,,,,0.0,0.0,,,,,,,,,,,,,,,,,,,,,,,,,0.0,0.0,,,,,,,,,,,,,0.0,0.0,0.0,0.0,0.0,0.0,0.0,0.0,0.0,0.0,0.0,,,,0.0,0.0,0.0,0.0,0.0,0.0,0.0,0.0,0.0,0.0,0.0,0.0,0.0,0.0,0.0,0.0,0.012919482775032475,0.0,0.006915976000190841,0.0,0.0,,0.0,,0.0,,0.006934856333268333,0.0,0.0,,0.0,0.0,0.0,,0.0,,0.0,,0.0,,0.0,,0.0,,0.0,,0.0,,0.0,,0.0,,0.0,,0.0,,0.0,,0.0,,0.0,,0.0,,0.0,,0.0,,0.0,,0.0,,0.0,,0.0,,0.0,,0.0,,0.0,,0.0,,0.0,,0.0,,0.0,,0.0,,0.0,,0.0,,0.0,,0.0,,0.0,,0.0,,0.0,,0.0,,0.0,,0.0,,0.0,,0.0,,0.0,,0.0,,0.0,,0.0,,0.0,,0.0,,0.0,,0.0,,0.0,,,,,,,,0.0,,,,,,,,,,,,0.015389938959506879,0.0,0.012919482775032475,0.0,0.013935478662864985,0.0,0.0,,0.0,,0.0,,0.0,,0.0,,0.7918686668078104,0.0,0.01497453945792379,0.0,0.0,,0.012759288152058873,0.0,0.0,0.0,0.0,,0.0,,0.07171022737363596,0.0,0.043260896371470514,0.0,0.0,0.0,0.0,,0.0,,0.0,,0.0,,0.0,,0.0,,0.0,,0.0,,0.0,,,,,,,,,,,,,,,,,,,,,,0,0,29,7
7,region_07,2023-05-06,,,,,,,,,,,,,,,0.0,0.0,,,,,,,,,,,,,,,,,,,,,,,,,0.0,0.0,,,,,,,,,,,,,0.0,0.0,0.0,0.0,0.0,0.0,0.0,0.0,0.0,0.0,0.0,,,,0.0,0.0,0.0,0.0,0.006319143686373253,0.0,0.0,0.0,0.0,0.0,0.0,0.0,0.0,0.0,0.0,0.0,0.010120226773169755,0.0,0.018144091242562436,0.0,0.0,,0.0,,0.0,,0.010309998429595235,0.0,0.0,,0.0,0.0,0.0,,0.0,,0.0,,0.0,,0.0,,0.0,,0.0,,0.0,,0.0,,0.0,,0.0,,0.0,,0.0,,0.0,,0.0,,0.0,,0.0,,0.0,,0.0,,0.0,,0.0,,0.0,,0.0,,0.0,,0.0,,0.0,,0.0,,0.0,,0.0,,0.0,,0.0,,0.0,,0.0,,0.0,,0.0,,0.0,,0.0,,0.0,,0.0,,0.0,,0.0,,0.0,,0.0,,0.0,,0.0,,0.0,,0.0,,0.0,,0.0,,0.0,,0.0,,,,,,,,0.0,,,,,,,,,,,,0.038377833077072224,0.0,0.024175087209650323,0.0,0.013657467402185831,0.0,0.0,,0.0,,0.0,,0.0,,0.0,,0.7091260886042372,0.0,0.022129211289148173,0.0,0.0,,0.01041636678079761,0.0,0.0,0.0,0.006166349310660708,2.0,0.0,,0.06669214796626338,0.0,0.05277682283983036,0.0,0.013642922254665821,0.0,0.0,,0.0,,0.0,,0.0,,0.0,,0.0,,0.0,,0.0,,0.0,,,,,,,,,,,,,,,,,,,,,,0,1,29,8
7,region_07,2023-05-13,,,,,,,,,,,,,,,0.0,0.0,,,,,,,,,,,,,,,,,,,,,,,,,0.0,0.0,,,,,,,,,,,,,0.0,0.0,0.0,0.0,0.0,0.0,0.0,0.0,0.0,0.0,0.0,,,,0.0,0.0,0.0,0.0,0.012638287372746505,0.0,0.0,0.0,0.0,0.0,0.0,0.0,0.0,0.0,0.0,0.0,0.007320970771307034,0.0,0.02937220648493403,0.0,0.0,,0.0,,0.0,,0.01368514052592214,0.0,0.0,,0.0,0.0,0.0,,0.0,,0.0,,0.0,,0.0,,0.0,,0.0,,0.0,,0.0,,0.0,,0.0,,0.0,,0.0,,0.0,,0.0,,0.0,,0.0,,0.0,,0.0,,0.0,,0.0,,0.0,,0.0,,0.0,,0.0,,0.0,,0.0,,0.0,,0.0,,0.0,,0.0,,0.0,,0.0,,0.0,,0.0,,0.0,,0.0,,0.0,,0.0,,0.0,,0.0,,0.0,,0.0,,0.0,,0.0,,0.0,,0.0,,0.0,,0.0,,0.0,,0.0,,,,,,,,0.0,,,,,,,,,,,,0.06136572719463758,0.0,0.03543069164426817,0.0,0.013379456141506678,0.0,0.0,,0.0,,0.0,,0.0,,0.0,,0.6263835104006641,0.0,0.02928388312037256,0.0,0.0,,0.00807344540953635,0.0,0.0,0.0,0.012332698621321416,0.0,0.0,,0.06167406855889082,0.0,0.06229274930819021,0.0,0.027285844509331643,0.0,0.0,,0.0,,0.0,,0.0,,0.0,,0.0,,0.0,,0.0,,0.0,,,,,,,,,,,,,,,,,,,,,,0,0,30,9
7,region_07,2023-05-20,,,,,,,,,,,,,,,0.0,0.0,,,,,,,,,,,,,,,,,,,,,,,,,0.0,0.0,,,,,,,,,,,,,0.0,0.0,0.0,0.0,0.0,0.0,0.0,0.0,0.0,0.0,0.0,,,,0.0,0.0,0.0,0.0,0.016213984014359546,0.0,0.0,0.0,0.0,0.0,0.0,0.0,0.0,0.0,0.0,0.0,0.003660485385653517,0.0,0.024534613094954867,0.0,0.0,,0.0,,0.0,,0.00684257026296107,0.0,0.0,,0.0,0.0,0.0,,0.0,,0.0,,0.0,,0.0,,0.0,,0.0,,0.0,,0.0,,0.0,,0.0,,0.0,,0.0,,0.0,,0.0,,0.0,,0.0,,0.0,,0.0,,0.0,,0.0,,0.0,,0.0,,0.0,,0.0,,0.0,,0.0,,0.0,,0.0,,0.0,,0.0,,0.0,,0.0,,0.0,,0.0,,0.0,,0.0,,0.0,,0.0,,0.0,,0.0,,0.0,,0.0,,0.0,,0.0,,0.0,,0.0,,0.0,,0.0,,0.0,,0.0,,,,,,,,0.0,,,,,,,,,,,,0.0770579289228632,0.0,0.017715345822134083,0.0,0.03144625235275943,0.0,0.0,,0.0,,0.0,,0.0,,0.0,,0.5952794039667135,0.0,0.024379179334934234,0.0,0.01505196939867274,2.0,0.004036722704768175,0.0,0.0,0.0,0.006166349310660708,0.0,0.0,,0.07524164484108217,0.0,0.05762129557942115,0.0,0.0538467423090135,0.0,0.0,,0.0,,0.0,,0.0,,0.0,,0.0,,0.0,,0.0,,0.0,,,,,,,,,,,,,,,,,,,,,,0,1,30,10
7,region_07,2023-05-27,,,,,,,,,,,,,,,0.0,0.0,,,,,,,,,,,,,,,,,,,,,,,,,0.0,0.0,,,,,,,,,,,,,0.0,0.0,0.0,0.0,0.0,0.0,0.0,0.0,0.0,0.0,0.0,,,,0.0,0.0,0.0,0.0,0.019789680655972586,0.0,0.0,0.0,0.0,0.0,0.0,0.0,0.0,0.0,0.0,0.0,0.0,0.0,0.01969701970497571,0.0,0.0,,0.0,,0.0,,0.0,0.0,0.0,,0.0,0.0,0.0,,0.0,,0.0,,0.0,,0.0,,0.0,,0.0,,0.0,,0.0,,0.0,,0.0,,0.0,,0.0,,0.0,,0.0,,0.0,,0.0,,0.0,,0.0,,0.0,,0.0,,0.0,,0.0,,0.0,,0.0,,0.0,,0.0,,0.0,,0.0,,0.0,,0.0,,0.0,,0.0,,0.0,,0.0,,0.0,,0.0,,0.0,,0.0,,0.0,,0.0,,0.0,,0.0,,0.0,,0.0,,0.0,,0.0,,0.0,,0.0,,0.0,,0.0,,,,,,,,0.0,,,,,,,,,,,,0.09275013065108882,0.0,0.0,0.0,0.04951304856401218,0.0,0.0,,0.0,,0.0,,0.0,,0.0,,0.5641752975327629,0.0,0.01947447554949591,0.0,0.03010393879734548,0.0,0.0,0.0,0.0,0.0,0.0,0.0,0.0,,0.08880922112327352,0.0,0.0529498418506521,0.0,0.08040764010869535,0.0,0.0,,0.0,,0.0,,0.0,,0.0,,0.0,,0.0,,0.0,,0.0,,,,,,,,,,,,,,,,,,,,,,0,0,31,11
7,region_07,2023-06-03,,,,,,,,,,,,,,,0.0,0.0,,,,,,,,,,,,,,,,,,,,,,,,,0.0,0.0,,,,,,,,,,,,,0.0,0.0,0.0,0.0,0.0,0.0,0.0,0.0,0.0,0.0,0.0,,,,0.0,0.0,0.0,0.0,0.009894840327986293,0.0,0.0,0.0,0.0,0.0,0.0,0.0,0.0,0.0,0.01596181878918093,0.0,0.0,0.0,0.009848509852487855,0.0,0.030496730158726348,1.0,0.0,,0.0,,0.0,0.0,0.0,,0.0,0.0,0.0,,0.0,,0.0,,0.0,,0.0,,0.0,,0.0,,0.0,,0.0,,0.0,,0.0,,0.0,,0.0,,0.0,,0.0,,0.0,,0.0,,0.0,,0.0,,0.0,,0.0,,0.0,,0.0,,0.0,,0.0,,0.0,,0.0,,0.0,,0.0,,0.0,,0.0,,0.0,,0.0,,0.0,,0.0,,0.0,,0.0,,0.0,,0.0,,0.0,,0.0,,0.0,,0.0,,0.0,,0.0,,0.0,,0.0,,0.0,,0.0,,0.0,,0.0,,,,,,,,0.0,,,,,,,,,,,,0.0694634953356815,0.0,0.06821767169804797,0.0,0.05319020313111848,0.0,0.0,,0.0,,0.0,,0.0,,0.0,,0.47983793190547397,0.0,0.009737237774747954,0.0,0.01505196939867274,0.0,0.0,0.0,0.0,0.0,0.0,0.0,0.0,,0.14050445414315427,0.0,0.04956335093546313,0.0,0.058587107834689296,0.0,0.0,,0.0,,0.0,,0.0,,0.0,,0.0,,0.0,,0.0,,0.0,,,,,,,,,,,,,,,,,,,,,,1,0,31,0
7,region_07,2023-06-10,,,,,,,,,,,,,,,0.0,0.0,,,,,,,,,,,,,,,,,,,,,,,,,0.0,0.0,,,,,,,,,,,,,0.0,0.0,0.0,0.0,0.0,0.0,0.0,0.0,0.0,0.0,0.0,,,,0.0,0.0,0.0,0.0,0.0,0.0,0.0,0.0,0.0,0.0,0.0,0.0,0.0,0.0,0.03192363757836186,0.0,0.0,0.0,0.0,0.0,0.060993460317452695,0.0,0.0,,0.0,,0.0,0.0,0.0,,0.0,0.0,0.0,,0.0,,0.0,,0.0,,0.0,,0.0,,0.0,,0.0,,0.0,,0.0,,0.0,,0.0,,0.0,,0.0,,0.0,,0.0,,0.0,,0.0,,0.0,,0.0,,0.0,,0.0,,0.0,,0.0,,0.0,,0.0,,0.0,,0.0,,0.0,,0.0,,0.0,,0.0,,0.0,,0.0,,0.0,,0.0,,0.0,,0.0,,0.0,,0.0,,0.0,,0.0,,0.0,,0.0,,0.0,,0.0,,0.0,,0.0,,0.0,,0.0,,0.0,,,,,,,,0.0,,,,,,,,,,,,0.04617686002027416,0.0,0.13643534339609595,0.0,0.05686735769822478,0.0,0.0,,0.0,,0.0,,0.0,,0.0,,0.39550056627818514,0.0,0.0,0.0,0.0,0.0,0.0,0.0,0.0,0.0,0.0,0.0,0.0,,0.19219968716303504,0.0,0.04617686002027416,0.0,0.036766575560683246,0.0,0.0,,0.0,,0.0,,0.0,,0.0,,0.0,,0.0,,0.0,,0.0,,,,,,,,,,,,,,,,,,,,,,0,0,32,1
7,region_07,2023-06-17,,,,,,,,,,,,,,,0.0,0.0,,,,,,,,,,,,,,,,,,,,,,,,,0.0,0.0,,,,,,,,,,,,,0.0,0.0,0.0,0.0,0.0,0.0,0.0,0.0,0.0,0.0,0.0,,,,0.0,0.0,0.0,0.0,0.0,0.0,0.0,0.0,0.0,0.0,0.0,0.0,0.0,0.0,0.01596181878918093,0.0,0.0,0.0,0.0,0.0,0.05730769117750844,0.0,0.0,,0.0,,0.0,0.0,0.0,,0.0,0.0,0.0,,0.0,,0.0,,0.0,,0.0,,0.0,,0.0,,0.0,,0.0,,0.0,,0.0,,0.0,,0.0,,0.0,,0.0,,0.0,,0.0,,0.0,,0.0,,0.0,,0.0,,0.0,,0.0,,0.0,,0.0,,0.0,,0.0,,0.0,,0.0,,0.0,,0.0,,0.0,,0.0,,0.0,,0.0,,0.0,,0.0,,0.0,,0.0,,0.0,,0.0,,0.0,,0.0,,0.0,,0.0,,0.0,,0.0,,0.0,,0.0,,0.0,,0.0,,,,,,,,0.0,,,,,,,,,,,,0.06880944523782953,0.0,0.1621575037638346,0.0,0.05234227517531026,0.0,0.0,,0.0,,0.0,,0.007028432097285975,2.0,0.0,,0.3397800577538354,0.0,0.0,0.0,0.0,0.0,0.0,0.0,0.0,0.0,0.0,0.0,0.0,,0.16975130105302444,0.0,0.0974350619883764,0.0,0.04902844499087046,0.0,0.01967206195695323,2.0,0.0,,0.0,,0.0,,0.0,,0.0,,0.0,,0.0,,0.0,,,,,,,,,,,,,,,,,,,,,,0,2,32,2
7,region_07,2023-06-24,,,,,,,,,,,,,,,0.0,0.0,,,,,,,,,,,,,,,,,,,,,,,,,0.0,0.0,,,,,,,,,,,,,0.0,0.0,0.0,0.0,0.0,0.0,0.0,0.0,0.0,0.0,0.0,,,,0.0,0.0,0.0,0.0,0.0,0.0,0.0,0.0,0.0,0.0,0.0,0.0,0.0,0.0,0.0,0.0,0.0,0.0,0.0,0.0,0.05362192203756418,0.0,0.0,,0.0,,0.0,0.0,0.0,,0.0,0.0,0.0,,0.0,,0.0,,0.0,,0.0,,0.0,,0.0,,0.0,,0.0,,0.0,,0.0,,0.0,,0.0,,0.0,,0.0,,0.0,,0.0,,0.0,,0.0,,0.0,,0.0,,0.0,,0.0,,0.0,,0.0,,0.0,,0.0,,0.0,,0.0,,0.0,,0.0,,0.0,,0.0,,0.0,,0.0,,0.0,,0.0,,0.0,,0.0,,0.0,,0.0,,0.0,,0.0,,0.0,,0.0,,0.0,,0.0,,0.0,,0.0,,0.0,,0.0,,,,,,,,0.0,,,,,,,,,,,,0.09144203045538489,0.0,0.18787966413157323,0.0,0.04781719265239574,0.0,0.0,,0.0,,0.0,,0.01405686419457195,0.0,0.0,,0.2840595492294857,0.0,0.0,0.0,0.0,0.0,0.0,0.0,0.0,0.0,0.0,0.0,0.0,,0.14730291494301384,0.0,0.14869326395647864,0.0,0.06129031442105767,0.0,0.03934412391390646,0.0,0.0,,0.0,,0.0,,0.0,,0.0,,0.0,,0.0,,0.0,,,,,,,,,,,,,,,,,,,,,,0,0,34,3
7,region_07,2023-07-01,,,,,,,,,,,,,,,0.0,0.0,,,,,,,,,,,,,,,,,,,,,,,,,0.0,0.0,,,,,,,,,,,,,0.0,0.0,0.0,0.0,0.0,0.0,0.0,0.0,0.0,0.0,0.0,,,,0.0,0.0,0.0,0.0,0.0,0.0,0.0,0.0,0.0,0.0,0.0,0.0,0.0,0.0,0.0,0.0,0.008591298546109856,0.0,0.0,0.0,0.104673314488863,0.0,0.0,,0.0,,0.0,0.0,0.0,,0.0,0.0,0.0,,0.0,,0.0,,0.0,,0.0,,0.0,,0.0,,0.0,,0.0,,0.0,,0.0,,0.0,,0.0,,0.0,,0.0,,0.0,,0.0,,0.0,,0.0,,0.0,,0.0,,0.0,,0.0,,0.0,,0.0,,0.0,,0.0,,0.0,,0.0,,0.0,,0.0,,0.0,,0.0,,0.0,,0.0,,0.0,,0.0,,0.0,,0.0,,0.0,,0.0,,0.0,,0.0,,0.0,,0.0,,0.0,,0.0,,0.0,,0.0,,0.0,,0.0,,,,,,,,0.0,,,,,,,,,,,,0.07153510636821081,0.0,0.2281970919161052,0.0,0.0752311098712439,0.0,0.0,,0.0,,0.0,,0.023588977212428405,0.0,0.0,,0.20647456614034515,0.0,0.0,0.0,0.0,0.0,0.0,0.0,0.018067329855901832,0.0,0.0,0.0,0.02494504606845425,2.0,0.08695226865915616,0.0,0.11413150849390999,0.0,0.06284937093376501,0.0,0.01967206195695323,0.0,0.0,,0.0,,0.0,,0.0,,0.0,,0.0,,0.0,,0.0,,,,,,,,,,,,,,,,,,,,,,0,1,34,4
7,region_07,2023-07-08,,,,,,,,,,,,,,,0.0,0.0,,,,,,,,,,,,,,,,,,,,,,,,,0.0,0.0,,,,,,,,,,,,,0.0,0.0,0.0,0.0,0.0,0.0,0.0,0.0,0.0,0.0,0.0,,,,0.0,0.0,0.0,0.0,0.0,0.0,0.0,0.0,0.0,0.0,0.0,0.0,0.0,0.0,0.0,0.0,0.017182597092219712,0.0,0.0,0.0,0.15572470694016183,0.0,0.0,,0.0,,0.0,0.0,0.0,,0.0,0.0,0.0,,0.0,,0.0,,0.0,,0.0,,0.0,,0.0,,0.0,,0.0,,0.0,,0.0,,0.0,,0.0,,0.0,,0.0,,0.0,,0.0,,0.0,,0.0,,0.0,,0.0,,0.0,,0.0,,0.0,,0.0,,0.0,,0.0,,0.0,,0.0,,0.0,,0.0,,0.0,,0.0,,0.0,,0.0,,0.0,,0.0,,0.0,,0.0,,0.0,,0.0,,0.0,,0.0,,0.0,,0.0,,0.0,,0.0,,0.0,,0.0,,0.0,,0.0,,,,,,,,0.0,,,,,,,,,,,,0.05162818228103672,0.0,0.2685145197006372,0.0,0.10264502709009206,0.0,0.0,,0.0,,0.0,,0.03312109023028486,0.0,0.0,,0.12888958305120465,0.0,0.0,0.0,0.0,0.0,0.0,0.0,0.036134659711803664,0.0,0.0,0.0,0.0498900921369085,0.0,0.026601622375298475,0.0,0.07956975303134135,0.0,0.06440842744647235,0.0,0.0,0.0,0.0,,0.0,,0.0,,0.0,,0.0,,0.0,,0.0,,0.0,,,,,,,,,,,,,,,,,,,,,,0,0,35,5
7,region_07,2023-07-15,,,,,,,,,,,,,,,0.0,0.0,,,,,,,,,,,,,,,,,,,,,,,,,0.0,0.0,,,,,,,,,,,,,0.0,0.0,0.0,0.0,0.0,0.0,0.0,0.0,0.0,0.0,0.0,,,,0.0,0.0,0.0,0.0,0.00849904604062125,0.0,0.0,0.0,0.0,0.0,0.0,0.0,0.0,0.0,0.0,0.0,0.008591298546109856,0.0,0.007527581736212575,0.0,0.17395098233124706,0.0,0.0,,0.0110121508381174,2.0,0.0,0.0,0.007527581736212575,2.0,0.0,0.0,0.0,,0.008759261545492312,2.0,0.0,,0.0,,0.027586354025536088,2.0,0.0,,0.0,,0.0,,0.0,,0.0,,0.0,,0.0,,0.0,,0.0,,0.0,,0.0,,0.0,,0.0,,0.0,,0.0,,0.0,,0.0,,0.0,,0.0,,0.0,,0.0,,0.0,,0.0,,0.0,,0.0,,0.0,,0.0,,0.0,,0.0,,0.0,,0.0,,0.0,,0.0,,0.0,,0.0,,0.0,,0.0,,0.0,,0.0,,0.0,,0.0,,0.0,,0.0,,0.0,,0.0,,0.0,,,,,,,,0.0,,,,,,,,,,,,0.06285660300042704,0.0,0.17957369936033127,0.0,0.06988652554367583,0.0,0.0,,0.0,,0.0,,0.023565839793331888,0.0,0.0,,0.14760287168125308,0.0,0.02956313046161083,0.0,0.0,0.0,0.007005294678189458,0.0,0.018067329855901832,0.0,0.009487570806716856,0.0,0.04000020957968453,0.0,0.04238422352228259,0.0,0.05079702735378808,0.0,0.06203018894916408,0.0,0.0,0.0,0.0,,0.0,,0.0,,0.0,,0.0,,0.0,,0.0,,0.0,,,,,,,,,,,,,,,,,,,,,,0,4,35,6
7,region_07,2023-07-22,,,,,,,,,,,,,,,0.0,0.0,,,,,,,,,,,,,,,,,,,,,,,,,0.0,0.0,,,,,,,,,,,,,0.0,0.0,0.0,0.0,0.0,0.0,0.0,0.0,0.0,0.0,0.0,,,,0.0,0.0,0.0,0.0,0.0169980920812425,0.0,0.0,0.0,0.0,0.0,0.0,0.0,0.0,0.0,0.0,0.0,0.0,0.0,0.01505516347242515,0.0,0.19217725772233232,0.0,0.0,,0.0220243016762348,0.0,0.0,0.0,0.01505516347242515,0.0,0.0,0.0,0.0,,0.017518523090984624,0.0,0.0,,0.0,,0.055172708051072175,0.0,0.0,,0.0,,0.0,,0.0,,0.0,,0.0,,0.0,,0.0,,0.0,,0.0,,0.0,,0.0,,0.0,,0.0,,0.0,,0.0,,0.0,,0.0,,0.0,,0.0,,0.0,,0.0,,0.0,,0.0,,0.0,,0.0,,0.0,,0.0,,0.0,,0.0,,0.0,,0.0,,0.0,,0.0,,0.0,,0.0,,0.0,,0.0,,0.0,,0.0,,0.0,,0.0,,0.0,,0.0,,0.0,,0.0,,,,,,,,0.0,,,,,,,,,,,,0.07408502371981736,0.0,0.0906328790200253,0.0,0.03712802399725959,0.0,0.0,,0.0,,0.0,,0.014010589356378916,0.0,0.0,,0.1663161603113015,0.0,0.05912626092322166,0.0,0.0,0.0,0.014010589356378916,0.0,0.0,0.0,0.01897514161343371,0.0,0.030110327022460553,0.0,0.0581668246692667,0.0,0.0220243016762348,0.0,0.05965195045185582,0.0,0.0,0.0,0.0,,0.0,,0.0,,0.0,,0.0,,0.0,,0.0,,0.0,,,,,,,,,,,,,,,,,,,,,,0,0,39,7
7,region_07,2023-07-29,,,,,,,,,,,,,,,0.0,0.0,,,,,,,,,,,,,,,,,,,,,,,,,0.0,0.0,,,,,,,,,,,,,0.0,0.0,0.0,0.0,0.0,0.0,0.0,0.0,0.0,0.0,0.0,,,,0.0,0.0,0.0,0.0,0.00849904604062125,0.0,0.0,0.0,0.0,0.0,0.0,0.0,0.0,0.0,0.0,0.0,0.0,0.0,0.020612905914721806,0.0,0.19409405012980047,0.0,0.0,,0.0110121508381174,0.0,0.0,0.0,0.007527581736212575,0.0,0.0,0.0,0.0,,0.02134623439509437,0.0,0.008800426342835017,2.0,0.0,,0.05416360472639396,0.0,0.0,,0.0,,0.0,,0.004327218286648728,2.0,0.0,,0.0,,0.0,,0.0,,0.0,,0.0,,0.0,,0.0,,0.0,,0.0,,0.0,,0.0,,0.0,,0.0,,0.0,,0.0,,0.0,,0.0,,0.0,,0.0,,0.0,,0.0,,0.0,,0.0,,0.0,,0.0,,0.0,,0.0,,0.0,,0.0,,0.0,,0.0,,0.0,,0.0,,0.0,,0.0,,0.0,,0.0,,0.0,,0.0,,0.0,,0.0,,,,,,,,0.0,,,,,,,,,,,,0.0641624817297734,0.0,0.09577146002712346,0.0,0.06292483315378727,0.0,0.0,,0.0,,0.008536256175782311,2.0,0.04178018013163175,0.0,0.013085324178509232,2.0,0.13144514147813116,0.0,0.02956313046161083,0.0,0.004264843283577782,0.0,0.007005294678189458,0.0,0.0,0.0,0.014851986666718546,0.0,0.01932000679480806,0.0,0.08278275185969106,0.0,0.019541837415180674,0.0,0.056836628909090636,0.0,0.01735016751162547,0.0,0.0,,0.0,,0.0,,0.0,,0.0,,0.0,,0.0,,0.0,,,,,,,,,,,,,,,,,,,,,,0,4,39,8
7,region_07,2023-08-05,,,,,,,,,,,,,,,0.0,0.0,,,,,,,,,,,,,,,,,,,,,,,,,0.0,0.0,,,,,,,,,,,,,0.0,0.0,0.0,0.0,0.0,0.0,0.0,0.0,0.0,0.0,0.0,,,,0.0,0.0,0.0,0.0,0.0,0.0,0.0,0.0,0.0,0.0,0.0,0.0,0.0,0.0,0.0,0.0,0.0,0.0,0.026170648357018465,0.0,0.19601084253726858,0.0,0.0,,0.0,0.0,0.0,0.0,0.0,0.0,0.0,0.0,0.0,,0.025173945699204114,0.0,0.017600852685670035,0.0,0.0,,0.05315450140171576,0.0,0.0,,0.0,,0.0,,0.008654436573297456,0.0,0.0,,0.0,,0.0,,0.0,,0.0,,0.0,,0.0,,0.0,,0.0,,0.0,,0.0,,0.0,,0.0,,0.0,,0.0,,0.0,,0.0,,0.0,,0.0,,0.0,,0.0,,0.0,,0.0,,0.0,,0.0,,0.0,,0.0,,0.0,,0.0,,0.0,,0.0,,0.0,,0.0,,0.0,,0.0,,0.0,,0.0,,0.0,,0.0,,0.0,,0.0,,0.0,,,,,,,,0.0,,,,,,,,,,,,0.05423993973972946,0.0,0.10091004103422162,0.0,0.08872164231031496,0.0,0.0,,0.0,,0.017072512351564623,0.0,0.06954977090688458,0.0,0.026170648357018465,0.0,0.09657412264496083,0.0,0.0,0.0,0.008529686567155564,0.0,0.0,0.0,0.0,0.0,0.01072883172000338,0.0,0.008529686567155564,0.0,0.10739867905011542,0.0,0.017059373154126544,0.0,0.054021307366325454,0.0,0.03470033502325094,0.0,0.0,,0.0,,0.0,,0.0,,0.0,,0.0,,0.0,,0.0,,,,,,,,,,,,,,,,,,,,,,0,0,43,9
7,region_07,2023-08-12,,,,,,,,,,,,,,,0.0,0.0,,,,,,,,,,,,,,,,,,,,,,,,,0.0,0.0,,,,,,,,,,,,,0.0,0.0,0.0,0.0,0.0,0.0,0.0,0.0,0.0,0.0,0.0,,,,0.0,0.0,0.0,0.0,0.0,0.0,0.0,0.0,0.0,0.0,0.0,0.0,0.0,0.0,0.0,0.0,0.0,0.0,0.013085324178509232,0.0,0.17495174395333696,0.0,0.0,,0.012273395494760357,0.0,0.0022264990054637586,0.0,0.0,0.0,0.0,0.0,0.00721241792906883,2.0,0.03579457696534993,0.0,0.013103307170820377,0.0,0.0,,0.039934626242352805,0.0,0.016178786423471217,2.0,0.0018930544093664946,2.0,0.018724463151200934,1.0,0.004327218286648728,0.0,0.0,,0.0,,0.0,,0.0,,0.0,,0.0,,0.0,,0.0,,0.0,,0.0,,0.0,,0.0,,0.0,,0.0,,0.0,,0.0,,0.0,,0.0,,0.0,,0.0,,0.0,,0.0,,0.0,,0.0,,0.0,,0.0,,0.0,,0.0,,0.0,,0.0,,0.0,,0.0,,0.0,,0.0,,0.0,,0.0,,0.0,,0.0,,0.0,,0.0,,0.0,,0.0,,,,,,,,0.0,,,,,,,,,,,,0.05726111563013916,0.0,0.08656257256865499,0.0,0.07744550099553302,0.0,0.02476485073566435,2.0,0.011966740112337776,2.0,0.008536256175782311,0.0,0.07421882258371466,0.0,0.013085324178509232,0.0,0.08587171023549589,0.0,0.004377939384025698,0.0,0.008717841284382256,0.0,0.0,0.0,0.005256010340931591,0.0,0.010704894809898332,0.0,0.009520853624509374,0.0,0.08136763688749989,0.0,0.02597880206104436,0.0,0.06645138604375846,0.0,0.021803165512429945,0.0,0.0,,0.0,,0.0,,0.0,,0.0,,0.0,,0.0,,0.0,,,,,,,,,,,,,,,,,,,,,,1,5,43,0
7,region_07,2023-08-19,,,,,,,,,,,,,,,0.0,0.0,,,,,,,,,,,,,,,,,,,,,,,,,0.0,0.0,,,,,,,,,,,,,0.0,0.0,0.0,0.0,0.0,0.0,0.0,0.0,0.0,0.0,0.0,,,,0.0,0.0,0.0,0.0,0.0,0.0,0.0,0.0,0.0,0.0,0.0,0.0,0.0,0.0,0.0,0.0,0.0,0.0,0.0,0.0,0.1538926453694053,0.0,0.0,,0.024546790989520714,0.0,0.004452998010927517,0.0,0.0,0.0,0.0,0.0,0.01442483585813766,0.0,0.04641520823149574,0.0,0.008605761655970717,0.0,0.0,,0.026714751082989856,0.0,0.032357572846942434,0.0,0.0037861088187329892,0.0,0.03744892630240187,0.0,0.0,0.0,0.0,,0.0,,0.0,,0.0,,0.0,,0.0,,0.0,,0.0,,0.0,,0.0,,0.0,,0.0,,0.0,,0.0,,0.0,,0.0,,0.0,,0.0,,0.0,,0.0,,0.0,,0.0,,0.0,,0.0,,0.0,,0.0,,0.0,,0.0,,0.0,,0.0,,0.0,,0.0,,0.0,,0.0,,0.0,,0.0,,0.0,,0.0,,0.0,,0.0,,0.0,,0.0,,,,,,,,0.0,,,,,,,,,,,,0.060282291520548856,0.0,0.07221510410308835,0.0,0.06616935968075106,0.0,0.0495297014713287,0.0,0.023933480224675553,0.0,0.0,0.0,0.07888787426054475,0.0,0.0,0.0,0.07516929782603095,0.0,0.008755878768051397,0.0,0.008905996001608948,0.0,0.0,0.0,0.010512020681863183,0.0,0.010680957899793285,0.0,0.010512020681863183,0.0,0.05533659472488436,0.0,0.03489823096796218,0.0,0.07888146472119145,0.0,0.008905996001608948,0.0,0.0,,0.0,,0.0,,0.0,,0.0,,0.0,,0.0,,0.0,,,,,,,,,,,,,,,,,,,,,,0,0,49,1
7,region_07,2023-08-26,,,,,,,,,,,,,,,0.0,0.0,,,,,,,,,,,,,,,,,,,,,,,,,0.0,0.0,,,,,,,,,,,,,0.0,0.0,0.0,0.0,0.0,0.0,0.0,0.0,0.0,0.0,0.0,,,,0.0,0.0,0.0,0.0,0.0,0.0,0.0,0.0,0.0,0.0,0.0,0.0,0.0,0.0,0.0022473980724397368,0.0,0.0,0.0,0.004717097659077888,0.0,0.16209928797207013,0.0,0.0,,0.012273395494760357,0.0,0.0022264990054637586,0.0,0.0,0.0,0.0,0.0,0.009459816001508567,0.0,0.06483074473891998,0.0,0.010522215335139425,0.0,0.007645594019612099,2.0,0.015604773613934666,0.0,0.025342346531235467,0.0,0.0032249042350384503,0.0,0.043807053891102385,0.0,0.0,0.0,0.0,,0.0,,0.0,,0.0,,0.0,,0.0,,0.0,,0.0,,0.0,,0.0,,0.0,,0.0,,0.0,,0.0,,0.0,,0.0,,0.0,,0.0,,0.0,,0.0,,0.0,,0.0,,0.0,,0.0,,0.0,,0.0,,0.0,,0.0,,0.0,,0.0,,0.0,,0.0,,0.0,,0.0,,0.0,,0.0,,0.0,,0.0,,0.0,,0.0,,0.0,,0.0,,,,,,,,0.0,,,,,,,,,,,,0.056518068446787056,0.0,0.073555972994793,0.0,0.06525630014476133,0.0,0.062403546873389185,0.0,0.014133242215029842,0.0,0.0,0.0,0.09623402796153507,0.0,0.0,0.0,0.04891275452080984,0.0,0.004377939384025698,0.0,0.006619500103496541,0.0,0.0011236990362198556,0.0,0.010487236348903065,0.0,0.009733607653969318,0.0,0.008860814532462971,0.0,0.048483674951757344,0.0,0.01744911548398109,0.0,0.10119315181370997,0.0,0.013369924260600276,0.0,0.0,,0.0,,0.0,,0.0,,0.0,,0.0,,0.0,,0.0,,,,,,,,,,,,,,,,,,,,,,0,1,49,2
7,region_07,2023-09-02,,,,,,,,,,,,,,,0.0,0.0,,,,,,,,,,,,,,,,,,,,,,,,,0.0,0.0,,,,,,,,,,,,,0.0,0.0,0.0,0.0,0.0,0.0,0.0,0.0,0.0,0.0,0.0,,,,0.0,0.0,0.0,0.0,0.0,0.0,0.0,0.0,0.0,0.0,0.0,0.0,0.0,0.0,0.0044947961448794736,0.0,0.0,0.0,0.009434195318155775,0.0,0.17030593057473498,0.0,0.0,,0.0,0.0,0.0,0.0,0.0,0.0,0.0,0.0,0.0044947961448794736,0.0,0.0832462812463442,0.0,0.012438669014308134,0.0,0.015291188039224198,0.0,0.0044947961448794736,0.0,0.018327120215528497,0.0,0.002663699651343911,0.0,0.0501651814798029,0.0,0.0,0.0,0.0,,0.0,,0.0,,0.0,,0.0,,0.0,,0.0,,0.0,,0.0,,0.0,,0.0,,0.0,,0.0,,0.0,,0.0,,0.0,,0.0,,0.0,,0.0,,0.0,,0.0,,0.0,,0.0,,0.0,,0.0,,0.0,,0.0,,0.0,,0.0,,0.0,,0.0,,0.0,,0.0,,0.0,,0.0,,0.0,,0.0,,0.0,,0.0,,0.0,,0.0,,0.0,,,,,,,,0.0,,,,,,,,,,,,0.05275384537302526,0.0,0.07489684188649763,0.0,0.0643432406087716,0.0,0.07527739227544966,0.0,0.004333004205384133,0.0,0.0,0.0,0.1135801816625254,0.0,0.0,0.0,0.022656211215588737,0.0,0.0,0.0,0.004333004205384133,0.0,0.002247398072439711,0.0,0.010462452015942947,0.0,0.00878625740814535,0.0,0.007209608383062758,0.0,0.041630755178630324,0.0,0.0,0.0,0.12350483890622849,0.0,0.017833852519591603,0.0,0.0,,0.0,,0.0,,0.0,,0.0,,0.0,,0.0,,0.0,,,,,,,,,,,,,,,,,,,,,,0,0,50,3
7,region_07,2023-09-09,,,,,,,,,,,,,,,0.0,0.0,,,,,,,,,,,,,,,,,,,,,,,,,0.0,0.0,,,,,,,,,,,,,0.0,0.0,0.0,0.0,0.0,0.0,0.0,0.0,0.0,0.0,0.0,,,,0.0,0.0,0.0,0.0,0.0,0.0,0.0,0.0,0.0,0.0,0.0,0.0,0.0,0.0,0.0022473980724397368,0.0,0.0,0.0,0.0060319421189657975,0.0,0.18103765534857907,0.0,0.0,,0.0014936145903034386,0.0,0.0,0.0,0.0,0.0,0.0,0.0,0.0022473980724397368,0.0,0.07653914546650463,0.0,0.00830958361720962,0.0,0.011350678523409721,0.0,0.02262906987229451,0.0,0.03378133066455787,0.0,0.0028078365786414552,0.0,0.0814663537565263,0.0,0.0,0.0,0.0013153444576476084,2.0,0.0,,0.0,,0.0,,0.0,,0.0,,0.0,,0.0,,0.0,,0.0,,0.0,,0.0,,0.0,,0.0,,0.0,,0.0,,0.0,,0.0,,0.0,,0.0,,0.0,,0.0,,0.0,,0.0,,0.0,,0.0,,0.0,,0.0,,0.0,,0.0,,0.0,,0.0,,0.0,,0.0,,0.0,,0.0,,0.0,,0.0,,0.0,,0.0,,0.0,,0.0,,,,,,,,0.0,,,,,,,,,,,,0.034423903887765755,0.0,0.07679256155327832,0.0,0.05506803976992762,0.0,0.08890587859219162,0.0,0.0034813465625799767,0.0,0.0,0.0,0.09476980506502958,0.0,0.0,0.0,0.029668298342989518,0.0,0.0,0.0,0.007612868084224131,0.0,0.0011236990362198556,0.0,0.006546070467859384,0.0,0.004393128704072675,0.0,0.008831590990244238,0.0,0.02921077363531694,0.0,0.002629688919775842,0.0,0.11091410534988552,0.0,0.014160008578928084,0.0,0.0,,0.0,,0.0,,0.0,,0.0,,0.0,,0.0,,0.0,,,,,,,,,,,,,,,,,,,,,,0,1,50,4
7,region_07,2023-09-16,,,,,,,,,,,,,,,0.0,0.0,,,,,,,,,,,,,,,,,,,,,,,,,0.0,0.0,,,,,,,,,,,,,0.0,0.0,0.0,0.0,0.0,0.0,0.0,0.0,0.0,0.0,0.0,,,,0.0,0.0,0.0,0.0,0.0,0.0,0.0,0.0,0.0,0.0,0.0,0.0,0.0,0.0,0.0,0.0,0.0,0.0,0.0026296889197758204,0.0,0.19176938012242314,0.0,0.0,,0.002987229180606877,0.0,0.0,0.0,0.0,0.0,0.0,0.0,0.0,0.0,0.06983200968666506,0.0,0.004180498220111107,0.0,0.007410169007595246,0.0,0.04076334359970954,0.0,0.04923554111358725,0.0,0.002951973505939,0.0,0.11276752603324973,0.0,0.0,0.0,0.0026306889152952167,0.0,0.0,,0.0,,0.0,,0.0,,0.0,,0.0,,0.0,,0.0,,0.0,,0.0,,0.0,,0.0,,0.0,,0.0,,0.0,,0.0,,0.0,,0.0,,0.0,,0.0,,0.0,,0.0,,0.0,,0.0,,0.0,,0.0,,0.0,,0.0,,0.0,,0.0,,0.0,,0.0,,0.0,,0.0,,0.0,,0.0,,0.0,,0.0,,0.0,,0.0,,0.0,,,,,,,,0.0,,,,,,,,,,,,0.01609396240250626,0.0,0.07868828122005903,0.0,0.04579283893108364,0.0,0.10253436490893358,0.0,0.0026296889197758204,0.0,0.0,0.0,0.07595942846753376,0.0,0.0,0.0,0.0366803854703903,0.0,0.0,0.0,0.01089273196306413,0.0,0.0,0.0,0.0026296889197758204,0.0,0.0,0.0,0.010453573597425716,0.0,0.016790792092003556,0.0,0.005259377839551684,0.0,0.09832337179354254,0.0,0.010486164638264565,0.0,0.0,,0.0,,0.0,,0.0,,0.0,,0.0,,0.0,,0.0,,,,,,,,,,,,,,,,,,,,,,0,0,51,5
7,region_07,2023-09-23,,,,,,,,,,,,,,,0.0,0.0,,,,,,,,,,,,,,,,,,,,,,,,,0.0,0.0,,,,,,,,,,,,,0.0,0.0,0.0,0.0,0.0,0.0,0.0,0.0,0.0,0.0,0.0,,,,0.0,0.0,0.0,0.0,0.0,0.0,0.0,0.0,0.0,0.0,0.0,0.0,0.0,0.0,0.0,0.0,0.0,0.0,0.0013148444598879102,0.0,0.2360794540321411,0.0,0.0,,0.0014936145903034386,0.0,0.0,0.0,0.0,0.0,0.0,0.0,0.0,0.0,0.07920713482885351,0.0,0.010944231280276256,0.0,0.003705084503797623,0.0,0.024634267076511226,0.0,0.048430249181597676,0.0,0.004035228291208727,0.0,0.12092982404658578,0.0,0.001535278027101082,0.0,0.0013153444576476084,0.0,0.001262800802090523,2.0,0.0,,0.0,,0.0,,0.0,,0.0,,0.0,,0.0,,0.0,,0.0,,0.0,,0.0,,0.0,,0.0,,0.0,,0.0,,0.0,,0.0,,0.0,,0.0,,0.0,,0.0,,0.0,,0.0,,0.0,,0.0,,0.0,,0.0,,0.0,,0.0,,0.0,,0.0,,0.0,,0.0,,0.0,,0.0,,0.0,,0.0,,0.0,,0.0,,0.0,,,,,,,,0.0,,,,,,,,,,,,0.01910794876618247,0.0,0.07411006445885823,0.0,0.03702360502292593,0.0,0.07336759480626079,0.0,0.008683687281975942,0.0,0.0,0.0,0.0955849307299794,0.0,0.0,0.0,0.033893169813551144,0.0,0.0,0.0,0.005446365981532065,0.0,0.0,0.0,0.0013148444598879102,0.0,0.0007672880608371616,0.0,0.009653777894652531,0.0,0.021856475841001918,0.0,0.005096714849382919,0.0,0.07664730240191728,0.0,0.006010370379969444,0.0,0.0,,0.0,,0.0,,0.0,,0.0,,0.0,,0.0,,0.0,,,,,,,,,,,,,,,,,,,,,,0,1,51,6
7,region_07,2023-09-30,,,,,,,,,,,,,,,0.0,0.0,,,,,,,,,,,,,,,,,,,,,,,,,0.0,0.0,,,,,,,,,,,,,0.0,0.0,0.0,0.0,0.0,0.0,0.0,0.0,0.0,0.0,0.0,,,,0.0,0.0,0.0,0.0,0.0,0.0,0.0,0.0,0.0,0.0,0.0,0.0,0.0,0.0,0.0,0.0,0.0,0.0,0.0,0.0,0.280389527941859,0.0,0.0,,0.0,0.0,0.0,0.0,0.0,0.0,0.0,0.0,0.0,0.0,0.08858225997104197,0.0,0.017707964340441404,0.0,0.0,0.0,0.008505190553312912,0.0,0.0476249572496081,0.0,0.005118483076478456,0.0,0.12909212205992185,0.0,0.003070556054202164,0.0,0.0,0.0,0.002525601604181046,0.0,0.0,,0.0,,0.0,,0.0,,0.0,,0.0,,0.0,,0.0,,0.0,,0.0,,0.0,,0.0,,0.0,,0.0,,0.0,,0.0,,0.0,,0.0,,0.0,,0.0,,0.0,,0.0,,0.0,,0.0,,0.0,,0.0,,0.0,,0.0,,0.0,,0.0,,0.0,,0.0,,0.0,,0.0,,0.0,,0.0,,0.0,,0.0,,0.0,,0.0,,,,,,,,0.0,,,,,,,,,,,,0.02212193512985868,0.0,0.06953184769765745,0.0,0.02825437111476822,0.0,0.044200824703588,0.0,0.01473768564417606,0.0,0.0,0.0,0.11521043299242503,0.0,0.0,0.0,0.031105954156711992,0.0,0.0,0.0,0.0,0.0,0.0,0.0,0.0,0.0,0.0015345761216743231,0.0,0.008853982191879346,0.0,0.02692215959000028,0.0,0.004934051859214153,0.0,0.054971233010292,0.0,0.0015345761216743231,0.0,0.0,,0.0,,0.0,,0.0,,0.0,,0.0,,0.0,,0.0,,,,,,,,,,,,,,,,,,,,,,0,0,52,7
7,region_07,2023-10-07,,,,,,,,,,,,,,,0.0,0.0,,,,,,,,,,,,,,,,,,,,,,,,,0.0,0.0,,,,,,,,,,,,,0.0,0.0,0.0,0.0,0.0,0.0,0.0,0.0,0.0,0.0,0.0,,,,0.0,0.0,0.0,0.0,0.0,0.0,0.0,0.0,0.0,0.0,0.0,0.0,0.0,0.0,0.0,0.0,0.0,0.0,0.0,0.0,0.268363967647758,0.0,0.0,,0.003315321701977906,0.0,0.0,0.0,0.0,0.0,0.0,0.0,0.0,0.0,0.09425056045658362,0.0,0.008853982170220702,0.0,0.0,0.0,0.011517966547134204,0.0,0.051905615006161934,0.0,0.005309847526067607,0.0,0.16650777324984634,0.0,0.007467346493451044,0.0,0.017085268450457398,0.0,0.001262800802090523,0.0,0.0,,0.0,,0.0,,0.0,,0.0,,0.0,,0.0,,0.0,,0.0,,0.0,,0.0,,0.0,,0.0,,0.0,,0.0,,0.0,,0.0,,0.0,,0.0,,0.0,,0.0,,0.0,,0.0,,0.0,,0.0,,0.0,,0.0,,0.0,,0.0,,0.0,,0.0,,0.0,,0.0,,0.0,,0.0,,0.0,,0.0,,0.0,,0.0,,0.0,,,,,,,,0.0,,,,,,,,,,,,0.01106096756492934,0.0,0.04434868849531061,0.0,0.01412718555738411,0.0,0.03478258122934451,0.0,0.013434770534068694,0.0,0.0,0.0,0.10618981926940202,0.0,0.0,0.0,0.0245340416279589,0.0,0.0,0.0,0.0,0.0,0.011581951486212843,0.0,0.0,0.0,0.01688713172013874,0.0,0.004426991095939673,0.0,0.02284232916461004,0.0,0.010773955372106419,0.0,0.05513203557347874,0.0,0.0035178940486655414,0.0,0.0,,0.0,,0.0,,0.0,,0.0,,0.0,,0.0,,0.0,,,,,,,,,,,,,,,,,,,,,,0,0,52,8
7,region_07,2023-10-14,,,,,,,,,,,,,,,0.0,0.0,,,,,,,,,,,,,,,,,,,,,,,,,0.0,0.0,,,,,,,,,,,,,0.0,0.0,0.0,0.0,0.0,0.0,0.0,0.0,0.0,0.0,0.0,,,,0.0,0.0,0.0,0.0,0.0,0.0,0.0,0.0,0.0,0.0,0.0,0.0,0.0,0.0,0.0,0.0,0.0,0.0,0.0,0.0,0.256338407353657,0.0,0.0,,0.006630643403955812,0.0,0.0,0.0,0.0,0.0,0.0,0.0,0.0,0.0,0.09991886094212528,0.0,0.0,0.0,0.0,0.0,0.014530742540955497,0.0,0.056186272762715775,0.0,0.00550121197565676,0.0,0.2039234244397708,0.0,0.011864136932699923,0.0,0.034170536900914796,0.0,0.0,0.0,0.0,,0.0,,0.0,,0.0,,0.0,,0.0,,0.0,,0.0,,0.0,,0.0,,0.0,,0.0,,0.0,,0.0,,0.0,,0.0,,0.0,,0.0,,0.0,,0.0,,0.0,,0.0,,0.0,,0.0,,0.0,,0.0,,0.0,,0.0,,0.0,,0.0,,0.0,,0.0,,0.0,,0.0,,0.0,,0.0,,0.0,,0.0,,0.0,,0.0,,,,,,,,0.0,,,,,,,,,,,,0.0,0.0,0.01916552929296376,0.0,0.0,0.0,0.025364337755101024,0.0,0.012131855423961327,0.0,0.0,0.0,0.097169205546379,0.0,0.0,0.0,0.017962129099205804,0.0,0.0,0.0,0.0,0.0,0.023163902972425685,0.0,0.0,0.0,0.032239687318603154,0.0,0.0,0.0,0.0187624987392198,0.0,0.016613858884998684,0.0,0.05529283813666548,0.0,0.00550121197565676,0.0,0.0,,0.0,,0.0,,0.0,,0.0,,0.0,,0.0,,0.0,,,,,,,,,,,,,,,,,,,,,,0,0,52,9
7,region_07,2023-10-21,,,,,,,,,,,,,,,0.0,0.0,,,,,,,,,,,,,,,,,,,,,,,,,0.0,0.0,,,,,,,,,,,,,0.0,0.0,0.0,0.0,0.0,0.0,0.0,0.0,0.0,0.0,0.0,,,,0.0,0.0,0.0,0.0,0.0,0.0,0.0,0.0,0.0,0.0,0.0,0.0,0.0,0.0,0.0,0.0,0.0,0.0,0.0,0.0,0.24084894922448363,0.0,0.0028302261581350067,2.0,0.003315321701977906,0.0,0.0,0.0,0.0,0.0,0.0,0.0,0.0,0.0,0.13114647826225287,0.0,0.0,0.0,0.00803816596772974,0.0,0.01997301753655798,0.0,0.035438146533035605,0.0,0.00814202536464287,0.0,0.19475287101669592,0.0,0.008292959579861973,0.0,0.0378415238314484,0.0,0.0,0.0,0.0,,0.0,,0.0,,0.0,,0.0,,0.0,,0.0,,0.0,,0.0,,0.0,,0.0,,0.0,,0.0,,0.0,,0.0,,0.0,,0.0,,0.0,,0.0,,0.0,,0.0,,0.0,,0.0,,0.0,,0.0,,0.0,,0.0,,0.0,,0.0,,0.0,,0.0,,0.0,,0.0,,0.0,,0.0,,0.0,,0.0,,0.0,,0.0,,0.0,,,,,,,,0.0,,,,,,,,,,,,0.002535801011750951,0.0,0.05040185698973278,0.0,0.008466953610456187,0.0,0.024486624541650206,0.0,0.008601728723731614,0.0,0.0,0.0,0.07982617880149578,0.0,0.0,0.0,0.02082064509003459,0.0,0.0,0.0,0.0,0.0,0.011581951486212843,0.0,0.002360891113512011,0.0,0.018827443139824394,0.0,0.0,0.0,0.029875111793201375,0.0,0.008306929442499342,0.0,0.041611358567379464,0.0,0.00796711542097356,0.0,0.0,,0.0,,0.0,,0.0,,0.0,,0.0,,0.0,,0.0,,,,,,,,,,,,,,,,,,,,,,0,1,52,10
7,region_07,2023-10-28,,,,,,,,,,,,,,,0.0,0.0,,,,,,,,,,,,,,,,,,,,,,,,,0.0,0.0,,,,,,,,,,,,,0.0,0.0,0.0,0.0,0.0,0.0,0.0,0.0,0.0,0.0,0.0,,,,0.0,0.0,0.0,0.0,0.0,0.0,0.0,0.0,0.0,0.0,0.0,0.0,0.0,0.0,0.0,0.0,0.0,0.0,0.0,0.0,0.22535949109531025,0.0,0.0056604523162700135,0.0,0.0,0.0,0.0,0.0,0.0,0.0,0.0,0.0,0.0,0.0,0.16237409558238047,0.0,0.0,0.0,0.01607633193545948,0.0,0.025415292532160468,0.0,0.014690020303355433,0.0,0.010782838753628982,0.0,0.185582317593621,0.0,0.004721782227024022,0.0,0.04151251076198201,0.0,0.0,0.0,0.0,,0.0,,0.0,,0.0,,0.0,,0.0,,0.0,,0.0,,0.0,,0.0,,0.0,,0.0,,0.0,,0.0,,0.0,,0.0,,0.0,,0.0,,0.0,,0.0,,0.0,,0.0,,0.0,,0.0,,0.0,,0.0,,0.0,,0.0,,0.0,,0.0,,0.0,,0.0,,0.0,,0.0,,0.0,,0.0,,0.0,,0.0,,0.0,,0.0,,,,,,,,0.0,,,,,,,,,,,,0.005071602023501902,0.0,0.08163818468650179,0.0,0.016933907220912373,0.0,0.023608911328199388,0.0,0.005071602023501902,0.0,0.0,0.0,0.062483152056612576,0.0,0.0,0.0,0.023679161080863376,0.0,0.0,0.0,0.0,0.0,0.0,0.0,0.004721782227024022,0.0,0.0054151989610456315,0.0,0.0,0.0,0.04098772484718295,0.0,0.0,0.0,0.02792987899809345,0.0,0.01043301886629036,0.0,0.0,,0.0,,0.0,,0.0,,0.0,,0.0,,0.0,,0.0,,,,,,,,,,,,,,,,,,,,,,0,0,53,11
7,region_07,2023-11-04,,,,,,,,,,,,,,,0.0,0.0,,,,,,,,,,,,,,,,,,,,,,,,,0.0,0.0,,,,,,,,,,,,,0.0,0.0,0.0,0.0,0.0,0.0,0.0,0.0,0.0,0.0,0.0,,,,0.0,0.0,0.0,0.0,0.0,0.0,0.0,0.0,0.0,0.0,0.0,0.0,0.0,0.0,0.0,0.0,0.0,0.0,0.0,0.0,0.1904567023187564,0.0,0.004552405312240662,0.0,0.0,0.0,0.0,0.0,0.0,0.0,0.0,0.0,0.0013590339891379488,0.0,0.1389361169539677,0.0,0.0031024124007671887,0.0,0.012901179001343728,0.0,0.014451024660247147,0.0,0.04181377580162224,0.0,0.03386741541382829,0.0,0.210392911636793,0.0,0.007111954507872231,0.0,0.024588265857608125,0.0,0.009366984153166386,0.0,0.009006784996017793,1.0,0.0,,0.0,,0.0,,0.0,,0.0,,0.0,,0.0,,0.0,,0.0,,0.0,,0.0,,0.0,,0.0,,0.0,,0.0,,0.0,,0.0,,0.0,,0.0,,0.0,,0.0,,0.0,,0.0,,0.0,,0.0,,0.0,,0.0,,0.0,,0.0,,0.0,,0.0,,0.0,,0.0,,0.0,,0.0,,0.0,,0.0,,0.0,,0.0,,,,,,,,0.0,,,,,,,,,,,,0.01570581142200016,0.0,0.06928235680485761,0.0,0.010054809158588376,0.0,0.039598021941350314,0.0,0.007958312187607853,0.0,0.001763476483599334,0.0,0.059407103440767176,0.0,0.0,0.0,0.021476941694009807,0.0,0.0,0.0,0.0,0.0,0.0,0.0,0.002360891113512011,0.0,0.0027075994805228158,0.0,0.0,0.0,0.02641732571135475,0.0,0.009637361153578118,0.0,0.02627871363401045,0.0,0.00521650943314518,0.0,0.0,,0.0,,0.0,,0.0,,0.0,,0.0,,0.0,,0.0,,,,,,,,,,,,,,,,,,,,,,1,0,53,0
7,region_07,2023-11-11,,,,,,,,,,,,,,,0.0,0.0,,,,,,,,,,,,,,,,,,,,,,,,,0.0,0.0,,,,,,,,,,,,,0.0,0.0,0.0,0.0,0.0,0.0,0.0,0.0,0.0,0.0,0.0,,,,0.0,0.0,0.0,0.0,0.0,0.0,0.0,0.0,0.0,0.0,0.0,0.0,0.0,0.0,0.0,0.0,0.0,0.0,0.0,0.0,0.15555391354220252,0.0,0.003444358308211311,0.0,0.0,0.0,0.0,0.0,0.0,0.0,0.0,0.0,0.0027180679782758976,0.0,0.11549813832555493,0.0,0.006204824801534377,0.0,0.009726026067227975,0.0,0.003486756788333827,0.0,0.06893753129988904,0.0,0.0569519920740276,0.0,0.23520350567996498,0.0,0.00950212678872044,0.0,0.00766402095323424,0.0,0.018733968306332772,0.0,0.018013569992035586,0.0,0.0,,0.0,,0.0,,0.0,,0.0,,0.0,,0.0,,0.0,,0.0,,0.0,,0.0,,0.0,,0.0,,0.0,,0.0,,0.0,,0.0,,0.0,,0.0,,0.0,,0.0,,0.0,,0.0,,0.0,,0.0,,0.0,,0.0,,0.0,,0.0,,0.0,,0.0,,0.0,,0.0,,0.0,,0.0,,0.0,,0.0,,0.0,,0.0,,,,,,,,0.0,,,,,,,,,,,,0.02634002082049842,0.0,0.056926528923213426,0.0,0.0031757110962643774,0.0,0.05558713255450124,0.0,0.010845022351713805,0.0,0.003526952967198668,0.0,0.05633105482492177,0.0,0.0,0.0,0.019274722307156236,0.0,0.0,0.0,0.0,0.0,0.0,0.0,0.0,0.0,0.0,0.0,0.0,0.0,0.011846926575526547,0.0,0.019274722307156236,0.0,0.02462754826992745,0.0,0.0,0.0,0.0,,0.0,,0.0,,0.0,,0.0,,0.0,,0.0,,0.0,,,,,,,,,,,,,,,,,,,,,,0,0,54,1
7,region_07,2023-11-18,,,,,,,,,,,,,,,0.0,0.0,,,,,,,,,,,,,,,,,,,,,,,,,0.0,0.0,,,,,,,,,,,,,0.0,0.0,0.0,0.0,0.0,0.0,0.0,0.0,0.0,0.0,0.000641558711858777,2.0,,,0.0,0.0,0.0,0.0,0.0,0.0,0.0,0.0,0.0,0.0,0.0,0.0,0.0,0.0,0.0,0.0,0.001399322057194575,0.0,0.0014614156829431833,0.0,0.15391508790053726,0.0,0.002549205905157341,0.0,0.0,0.0,0.0,0.0,0.0,0.0,0.0,0.0,0.0013590339891379488,0.0,0.09909990323441363,0.0,0.0058710973494900676,0.0,0.013264586263290601,0.0,0.0017433783941669136,0.0,0.07338880859076591,0.0,0.0637630637450557,0.0,0.2009830020033778,0.0,0.01784465155170223,0.0,0.02380444173513048,0.0,0.015101027313189956,0.0,0.05402847800332189,0.0,0.0,,0.0,,0.0,,0.0,,0.0,,0.0,,0.0,,0.0,,0.0,,0.0,,0.0,,0.0,,0.0,,0.0,,0.0,,0.0,,0.0,,0.0,,0.0,,0.0,,0.0,,0.0,,0.0,,0.0,,0.0,,0.0,,0.0,,0.0,,0.0,,0.0,,0.0,,0.0,,0.0,,0.0,,0.0,,0.0,,0.0,,0.0,,0.0,,,,,,,,0.0,,,,,,,,,,,,0.020987337753654245,0.0,0.04034141590818756,0.0,0.0015878555481321887,0.0,0.04881189294183287,0.0,0.018707666583941254,0.0,0.0032153360436836956,0.0,0.06241806200904465,0.0,0.0,0.0,0.012676967558665864,0.0,0.0,0.0,0.0,0.0,0.0,0.0,0.011474983432354048,0.0,0.006998697349515077,0.0,0.0,0.0,0.007206580711480848,0.0,0.013556345879362889,0.0,0.01919365743688565,0.0,0.0,0.0,0.0,,0.0,,0.0,,0.0,,0.0,,0.0,,0.0,,0.0,,,,,,,,,,,,,,,,,,,,,,0,1,54,2
7,region_07,2023-11-25,,,,,,,,,,,,,,,0.0,0.0,,,,,,,,,,,,,,,,,,,,,,,,,0.0,0.0,,,,,,,,,,,,,0.0,0.0,0.0,0.0,0.0,0.0,0.0,0.0,0.0,0.0,0.001283117423717554,0.0,,,0.0,0.0,0.0,0.0,0.0,0.0,0.0,0.0,0.0,0.0,0.0,0.0,0.0,0.0,0.0,0.0,0.00279864411438915,0.0,0.0029228313658863666,0.0,0.15227626225887197,0.0,0.001654053502103371,0.0,0.0,0.0,0.0,0.0,0.0,0.0,0.0,0.0,0.0,0.0,0.08270166814327233,0.0,0.005537369897445757,0.0,0.016803146459353227,0.0,0.0,0.0,0.07784008588164278,0.0,0.07057413541608382,0.0,0.1667624983267906,0.0,0.026187176314684014,0.0,0.03994486251702672,0.0,0.01146808632004714,0.0,0.09004338601460819,0.0,0.0,,0.0,,0.0,,0.0,,0.0,,0.0,,0.0,,0.0,,0.0,,0.0,,0.0,,0.0,,0.0,,0.0,,0.0,,0.0,,0.0,,0.0,,0.0,,0.0,,0.0,,0.0,,0.0,,0.0,,0.0,,0.0,,0.0,,0.0,,0.0,,0.0,,0.0,,0.0,,0.0,,0.0,,0.0,,0.0,,0.0,,0.0,,0.0,,,,,,,,0.0,,,,,,,,,,,,0.015634654686810065,0.0,0.023756302893161697,0.0,0.0,0.0,0.04203665332916451,0.0,0.026570310816168702,0.0,0.002903719120168724,0.0,0.06850506919316753,0.0,0.0,0.0,0.006079212810175492,0.0,0.0,0.0,0.0,0.0,0.0,0.0,0.022949966864708096,0.0,0.013997394699030155,0.0,0.0,0.0,0.0025662348474351487,0.0,0.00783796945156954,0.0,0.01375976660384385,0.0,0.0,0.0,0.0,,0.0,,0.0,,0.0,,0.0,,0.0,,0.0,,0.0,,,,,,,,,,,,,,,,,,,,,,0,0,55,3
7,region_07,2023-12-02,,,,,,,,,,,,,,,0.0,0.0,,,,,,,,,,,,,,,,,,,,,,,,,0.0,0.0,,,,,,,,,,,,,0.0,0.0,0.0005747828108723922,0.0,0.0,0.0,0.0,0.0,0.0,0.0,0.01465796573911117,0.0,,,0.0,0.0,0.0,0.0,0.0,0.0,0.0,0.0,0.0,0.0,0.0,0.0,0.0,0.0,0.0,0.0,0.001399322057194575,0.0,0.0024801618844558057,0.0,0.13559737968712277,0.0,0.0022877264280778526,0.0,0.0,0.0,0.0,0.0,0.0,0.0,0.0,0.0,0.0,0.0,0.06577602867037052,0.0,0.005952640980018277,0.0,0.014766095229078855,0.0,0.004332138360232875,0.0,0.055607828904470705,0.0,0.07579159817238992,0.0,0.18564275890970838,0.0,0.027788488605334886,0.0,0.04381172556848627,0.0,0.023510170770575232,0.0,0.13567608617517626,0.0,0.0,,0.0,,0.0,,0.0,,0.0,,0.0,,0.0,,0.0,,0.0,,0.0,,0.0039911221247166135,2.0,0.0,,0.0,,0.0,,0.0,,0.0,,0.0,,0.0,,0.0,,0.0,,0.0,,0.0,,0.0,,0.0,,0.0,,0.0,,0.0,,0.0,,0.0,,0.0,,0.0,,0.0,,0.0,,0.0,,0.0,,0.0,,0.0,,0.0,,0.0,,,,,,,,0.0,,,,,,,,,,,,0.023532119257232264,0.0,0.016174290586556977,0.0,0.0,0.0,0.032293150117859576,0.0,0.01465989524608863,0.0,0.00931392237441938,0.0,0.04406799287843173,0.0,0.0,0.0,0.003039606405087746,0.0,0.0,0.0,0.0,0.0,0.0,0.0,0.011474983432354048,0.0,0.012299219987436192,0.0,0.0,0.0,0.0025297874335309676,0.0,0.00391898472578477,0.0,0.02647332261192674,0.0,0.0,0.0,0.0,,0.0,,0.0,,0.0,,0.0,,0.0,,0.0,,0.0,,,,,,,,,,,,,,,,,,,,,,0,1,55,4
7,region_07,2023-12-09,,,,,,,,,,,,,,,0.0,0.0,,,,,,,,,,,,,,,,,,,,,,,,,0.0,0.0,,,,,,,,,,,,,0.0,0.0,0.0011495656217447843,0.0,0.0,0.0,0.0,0.0,0.0,0.0,0.028032814054504786,0.0,,,0.0,0.0,0.0,0.0,0.0,0.0,0.0,0.0,0.0,0.0,0.0,0.0,0.0,0.0,0.0,0.0,0.0,0.0,0.002037492403025245,0.0,0.11891849711537357,0.0,0.002921399354052334,0.0,0.0,0.0,0.0,0.0,0.0,0.0,0.0,0.0,0.0,0.0,0.048850389197468716,0.0,0.006367912062590797,0.0,0.012729043998804482,0.0,0.00866427672046575,0.0,0.033375571927298626,0.0,0.08100906092869603,0.0,0.20452301949262616,0.0,0.02938980089598576,0.0,0.04767858861994582,0.0,0.03555225522110332,0.0,0.18130878633574432,0.0,0.0,,0.0,,0.0,,0.0,,0.0,,0.0,,0.0,,0.0,,0.0,,0.0,,0.007982244249433227,0.0,0.0,,0.0,,0.0,,0.0,,0.0,,0.0,,0.0,,0.0,,0.0,,0.0,,0.0,,0.0,,0.0,,0.0,,0.0,,0.0,,0.0,,0.0,,0.0,,0.0,,0.0,,0.0,,0.0,,0.0,,0.0,,0.0,,0.0,,0.0,,,,,,,,0.0,,,,,,,,,,,,0.03142958382765446,0.0,0.00859227827995226,0.0,0.0,0.0,0.02254964690655465,0.0,0.0027494796760085577,0.0,0.015724125628670035,0.0,0.019630916563695932,0.0,0.0,0.0,0.0,0.0,0.0,0.0,0.0,0.0,0.0,0.0,0.0,0.0,0.010601045275842231,0.0,0.0,0.0,0.002493340019626787,0.0,0.0,0.0,0.03918687862000963,0.0,0.0,0.0,0.0,,0.0,,0.0,,0.0,,0.0,,0.0,,0.0,,0.0,,,,,,,,,,,,,,,,,,,,,,0,0,56,5
7,region_07,2023-12-16,,,,,,,,,,,,,,,0.0,0.0,,,,,,,,,,,,,,,,,,,,,,,,,0.0,0.0,,,,,,,,,,,,,0.0,0.0,0.0005747828108723922,0.0,0.0,0.0,0.0,0.0,0.0,0.0,0.025916122165700623,0.0,,,0.0,0.0,0.0,0.0,0.0,0.0,0.0,0.0,0.0,0.0,0.0,0.0,0.0,0.0,0.0,0.0,0.0,0.0,0.0010187462015126224,0.0,0.11504216960354427,0.0,0.0018747529471925721,0.0,0.0,0.0,0.0,0.0,0.0,0.0,0.0,0.0,0.0,0.0,0.042765747730594994,0.0,0.009391293961489806,0.0,0.006364521999402241,0.0,0.004332138360232875,0.0,0.026007205155950543,0.0,0.06641255596336734,0.0,0.19234010949730868,0.0,0.035981168235210956,0.0,0.03274945715630414,0.0,0.03197696536466751,0.0,0.25274244460620376,0.0,0.0,,0.0,,0.0,,0.0,,0.0,,0.0,,0.0,,0.00047051014241460896,2.0,0.0,,0.0,,0.008574195376907737,0.0,0.0,,0.0,,0.0,,0.0,,0.0,,0.0,,0.0,,0.0,,0.0,,0.0,,0.0,,0.0,,0.0,,0.0,,0.0,,0.0,,0.0,,0.0,,0.0,,0.0,,0.0,,0.0,,0.0,,0.0,,0.0,,0.0,,0.0,,0.0,,,,,,,,0.0,,,,,,,,,,,,0.03404720299583561,0.0,0.0050023581363507945,0.0,0.0,0.0,0.022201055648258364,0.0,0.0022493941587021843,0.0,0.008980166599907465,0.0,0.025518633674957332,0.0,0.0008746543206979054,0.0,0.0013119814763273257,0.0,0.0,0.0,0.0,0.0,0.0,0.0,0.0,0.0,0.0064209293631887964,0.0,0.0,0.0,0.0048502614453176,0.0,0.0,0.0,0.027642572065484088,0.0,0.0,0.0,0.0,,0.0,,0.0,,0.0,,0.0,,0.0,,0.0,,0.0,,,,,,,,,,,,,,,,,,,,,,0,1,56,6
7,region_07,2023-12-23,,,,,,,,,,,,,,,0.0,0.0,,,,,,,,,,,,,,,,,,,,,,,,,0.0,0.0,,,,,,,,,,,,,0.0,0.0,0.0,0.0,0.0,0.0,0.0,0.0,0.0,0.0,0.02379943027689646,0.0,,,0.0,0.0,0.0,0.0,0.0,0.0,0.0,0.0,0.0,0.0,0.0,0.0,0.0,0.0,0.0,0.0,0.0,0.0,0.0,0.0,0.11116584209171497,0.0,0.0008281065403328101,0.0,0.0,0.0,0.0,0.0,0.0,0.0,0.0,0.0,0.0,0.0,0.036681106263721265,0.0,0.012414675860388814,0.0,0.0,0.0,0.0,0.0,0.018638838384602462,0.0,0.051816050998038654,0.0,0.18015719950199122,0.0,0.042572535574436146,0.0,0.017820325692662464,0.0,0.028401675508231694,0.0,0.32417610287666315,0.0,0.0,,0.0,,0.0,,0.0,,0.0,,0.0,,0.0,,0.0009410202848292179,0.0,0.0,,0.0,,0.009166146504382246,0.0,0.0,,0.0,,0.0,,0.0,,0.0,,0.0,,0.0,,0.0,,0.0,,0.0,,0.0,,0.0,,0.0,,0.0,,0.0,,0.0,,0.0,,0.0,,0.0,,0.0,,0.0,,0.0,,0.0,,0.0,,0.0,,0.0,,0.0,,0.0,,,,,,,,0.0,,,,,,,,,,,,0.036664822164016744,0.0,0.0014124379927493297,0.0,0.0,0.0,0.02185246438996208,0.0,0.0017493086413958108,0.0,0.002236207571144895,0.0,0.03140635078621873,0.0,0.0017493086413958108,0.0,0.0026239629526546514,0.0,0.0,0.0,0.0,0.0,0.0,0.0,0.0,0.0,0.0022408134505353624,0.0,0.0,0.0,0.007207182871008415,0.0,0.0,0.0,0.016098265510958547,0.0,0.0,0.0,0.0,,0.0,,0.0,,0.0,,0.0,,0.0,,0.0,,0.0,,,,,,,,,,,,,,,,,,,,,,0,0,57,7
7,region_07,2023-12-30,,,,,,,,,,,,,,,0.0,0.0,,,,,,,,,,,,,,,,,,,,,,,,,0.0,0.0,,,,,,,,,,,,,0.0,0.0,0.0010156173326928528,0.0,0.0,0.0,0.0,0.0,0.0,0.0,0.015286743046849356,0.0,,,0.0,0.0,0.0,0.0,0.0,0.0,0.0,0.0,0.0,0.0,0.0,0.0,0.0,0.0,0.0,0.0,0.0,0.0,0.004423959206582748,0.0,0.08572003967058771,0.0,0.0014296706028592578,0.0,0.0,0.0,0.0,0.0,0.0,0.0,0.0,0.0,0.0,0.0,0.030541147338925583,0.0,0.012413291471406166,0.0,0.0019193756646321166,0.0,0.0,0.0,0.009319419192301231,0.0,0.04144753143191332,0.0,0.1464692275039851,0.0,0.03642333606775432,0.0,0.009460255112194798,0.0,0.023639987470363936,0.0,0.45910823924673927,0.0,0.0,,0.0,,0.0,,0.0034322417341172418,2.0,0.0,,0.0,,0.0,,0.0011963777474842422,0.0,0.0,,0.0,,0.01698066145181651,0.0,0.0,,0.0,,0.0,,0.0,,0.0,,0.0,,0.0,,0.0,,0.0,,0.0,,0.0,,0.0,,0.0,,0.0,,0.0,,0.0,,0.0,,0.0,,0.0,,0.0,,0.0,,0.0,,0.0,,0.0,,0.0,,0.0,,0.0,,0.0,,,,,,,,0.0,,,,,,,,,,,,0.02684363385485187,0.0,0.0017287569256780677,0.0,0.0,0.0,0.012757109345881468,0.0,0.0018902716533907582,0.0,0.0011181037855724474,0.0,0.016379096275216408,0.0,0.0008746543206979054,0.0,0.0013119814763273257,0.0,0.0,0.0,0.0,0.0,0.0,0.0,0.0,0.0,0.0063596257031685,0.0,0.0,0.0,0.004418851242393605,0.0,0.0,0.0,0.01699699438212004,0.0,0.0,0.0,0.0,,0.0,,0.0,,0.0,,0.0,,0.0,,0.0,,0.0,,,,,,,,,,,,,,,,,,,,,,0,1,57,8
7,region_07,2024-01-06,,,,,,,,,,,,,,,0.0,0.0,,,,,,,,,,,,,,,,,,,,,,,,,0.0,0.0,,,,,,,,,,,,,0.0,0.0,0.0020312346653857056,0.0,0.0,0.0,0.0,0.0,0.0,0.0,0.00677405581680225,0.0,,,0.0,0.0,0.0,0.0,0.0,0.0,0.0,0.0,0.0,0.0,0.0,0.0,0.0,0.0,0.0,0.0,0.0,0.0,0.008847918413165496,0.0,0.06027423724946045,0.0,0.0020312346653857056,0.0,0.0,0.0,0.0,0.0,0.0,0.0,0.0,0.0,0.0,0.0,0.0244011884141299,0.0,0.012411907082423517,0.0,0.003838751329264233,0.0,0.0,0.0,0.0,0.0,0.031079011865787994,0.0,0.11278125550597902,0.0,0.030274136561072487,0.0,0.0011001845317271306,0.0,0.01887829943249618,0.0,0.5940403756168153,0.0,0.0,,0.0,,0.0,,0.0068644834682344835,0.0,0.0,,0.0,,0.0,,0.0014517352101392667,0.0,0.0,,0.0,,0.024795176399250773,0.0,0.0,,0.0,,0.0,,0.0,,0.0,,0.0,,0.0,,0.0,,0.0,,0.0,,0.0,,0.0,,0.0,,0.0,,0.0,,0.0,,0.0,,0.0,,0.0,,0.0,,0.0,,0.0,,0.0,,0.0,,0.0,,0.0,,0.0,,0.0,,,,,,,,0.0,,,,,,,,,,,,0.01702244554568699,0.0,0.002045075858606806,0.0,0.0,0.0,0.0036617543018008583,0.0,0.0020312346653857056,0.0,0.0,0.0,0.0013518417642140916,0.0,0.0,0.0,0.0,0.0,0.0,0.0,0.0,0.0,0.0,0.0,0.0,0.0,0.010478437955801636,0.0,0.0,0.0,0.0016305196137787945,0.0,0.0,0.0,0.017895723253281526,0.0,0.0,0.0,0.0,,0.0,,0.0,,0.0,,0.0,,0.0,,0.0,,0.0,,,,,,,,,,,,,,,,,,,,,,0,0,58,9
7,region_07,2024-01-13,,,,,,,,,,,,,,,0.0,0.0,,,,,,,,,,,,,,,,,,,,,,,,,0.0,0.0,,,,,,,,,,,,,0.0,0.0,0.0019167587065991169,0.0,0.0,0.0,0.0,0.0,0.0,0.0,0.014410297462202942,0.0,,,0.0,0.0,0.0,0.0,0.0,0.0,0.0,0.0,0.0,0.0,0.0,0.0,0.0,0.0,0.0,0.0,0.0,0.0,0.004423959206582748,0.0,0.03504481061568687,0.0,0.0010156173326928528,0.0,0.0,0.0,0.0,0.0,0.0,0.0,0.0,0.0,0.0,0.0,0.023416573174356893,0.0,0.008300976465190048,0.0,0.0019193756646321166,0.0,0.0,0.0,0.0,0.0,0.034390762809013514,0.0,0.07785946829244492,0.0,0.022699052419897767,0.0,0.006017053501203693,0.0,0.013329537503332555,0.0,0.6610053734700312,0.0,0.0,,0.0,,0.0,,0.0034322417341172418,0.0,0.0,,0.0036128898055347203,1.0,0.0,,0.0023806543218337388,0.0,0.0008312990604382277,2.0,0.0014163063994298167,2.0,0.02805350311100478,0.0,0.0,,0.0,,0.0,,0.0,,0.0,,0.0,,0.0,,0.0,,0.0,,0.005463591404259178,2.0,0.0,,0.0,,0.0,,0.0,,0.0,,0.0,,0.0,,0.0,,0.0,,0.0,,0.0,,0.0,,0.0,,0.0,,0.0,,0.0,,0.0,,0.0,,,,,,,,0.0,,,,,,,,,,,,0.019042536207989777,0.0,0.001022537929303403,0.0,0.0,0.0,0.0018308771509004292,0.0,0.0010156173326928528,0.0,0.0,0.0,0.005941577599680171,0.0,0.0,0.0,0.0,0.0,0.0,0.0,0.0,0.0,0.0,0.0,0.0,0.0,0.005239218977900818,0.0,0.0,0.0,0.0017897377757998172,0.0,0.0,0.0,0.008947861626640763,0.0,0.0,0.0,0.0020291564952848017,2.0,0.0,,0.0012198949380862272,1.0,0.0,,0.0,,0.0,,0.0,,0.0,,,,,,,,,,,,,,,,,,,,,,2,4,58,0
7,region_07,2024-01-20,,,,,,,,,,,,,,,0.0,0.0,,,,,,,,,,,,,,,,,,,,,,,,,0.0,0.0,,,,,,,,,,,,,0.0,0.0,0.0018022827478125281,0.0,0.0,0.0,0.0,0.0,0.0,0.0,0.022046539107603635,0.0,,,0.0,0.0,0.0,0.0,0.0,0.0,0.0,0.0,0.0,0.0,0.0,0.0,0.0,0.0,0.0,0.0,0.0,0.0,0.0,0.0,0.009815383981913292,0.0,0.0,0.0,0.0,0.0,0.0,0.0,0.0,0.0,0.0,0.0,0.0,0.0,0.02243195793458389,0.0,0.004190045847956577,0.0,0.0,0.0,0.0,0.0,0.0,0.0,0.03770251375223904,0.0,0.0429376810789108,0.0,0.01512396827872305,0.0,0.010933922470680254,0.0,0.007780775574168931,0.0,0.7279703713232472,0.0,0.0,,0.0,,0.0,,0.0,0.0,0.0,,0.007225779611069441,0.0,0.0,,0.0033095734335282104,0.0,0.0016625981208764555,0.0,0.0028326127988596334,0.0,0.031311829822758784,0.0,0.0,,0.0,,0.0,,0.0,,0.0,,0.0,,0.0,,0.0,,0.0,,0.010927182808518355,0.0,0.0,,0.0,,0.0,,0.0,,0.0,,0.0,,0.0,,0.0,,0.0,,0.0,,0.0,,0.0,,0.0,,0.0,,0.0,,0.0,,0.0,,0.0,,,,,,,,0.0,,,,,,,,,,,,0.02106262687029256,0.0,0.0,0.0,0.0,0.0,0.0,0.0,0.0,0.0,0.0,0.0,0.010531313435146251,0.0,0.0,0.0,0.0,0.0,0.0,0.0,0.0,0.0,0.0,0.0,0.0,0.0,0.0,0.0,0.0,0.0,0.00194895593782084,0.0,0.0,0.0,0.0,0.0,0.0,0.0,0.0040583129905696035,0.0,0.0,,0.0024397898761724544,0.0,0.0,,0.0,,0.0,,0.0,,0.0,,,,,,,,,,,,,,,,,,,,,,0,0,64,1
7,region_07,2024-01-27,,,,,,,,,,,,,,,0.0,0.0,,,,,,,,,,,,,,,,,,,,,,,,,0.0,0.0,,,,,,,,,,,,,0.0,0.0,0.0009011413739062641,0.0,0.0,0.0,0.0,0.0,0.0,0.0,0.07637348813396098,0.0,,,0.0,0.0,0.0,0.0,0.0,0.0,0.0,0.0,0.0,0.0,0.0,0.0,0.0,0.0,0.0,0.0,0.0,0.0,0.0,0.0,0.00889960865024473,0.0,0.0,0.0,0.0,0.0,0.0,0.0,0.0,0.0,0.0,0.0,0.0,0.0,0.011215978967291944,0.0,0.00860643601905894,0.0,0.0,0.0,0.0,0.0,0.0,0.0,0.01885125687611952,0.0,0.03482230818446941,0.0,0.008927098868665148,0.0,0.005466961235340127,0.0,0.007244463795561193,0.0,0.8103209782031275,0.0,0.0019014997368988651,2.0,0.0,,0.0,,0.006318563967943181,0.0,0.0,,0.0036128898055347203,0.0,0.0,,0.002910832696389136,0.0,0.0008312990604382277,0.0,0.0027303430950268636,0.0,0.04252698666726545,0.0,0.0,,0.0,,0.0,,0.0,,0.0,,0.0,,0.0,,0.0010808302957395091,1.0,0.0,,0.005463591404259178,0.0,0.0,,0.004554060221250543,2.0,0.0,,0.0,,0.0,,0.0,,0.0,,0.0,,0.0,,0.0,,0.0,,0.0,,0.0,,0.0,,0.0,,0.0,,0.0,,0.0,,,,,,,,0.0,,,,,,,,,,,,0.01580480126833784,0.0,0.0,0.0,0.0,0.0,0.0,0.0,0.0,0.0,0.0,0.0,0.0052656567175731256,0.0,0.0,0.0,0.0,0.0,0.0,0.0,0.0,0.0,0.0,0.0,0.0,0.0,0.002730229458607274,0.0,0.0,0.0,0.00097447796891042,0.0,0.0,0.0,0.0,0.0,0.0,0.0,0.006200790687996318,0.0,0.0,,0.0023007252338257365,0.0,0.0,,0.0,,0.0,,0.0,,0.0,,,,,,,,,,,,,,,,,,,,,,1,2,64,0
7,region_07,2024-02-03,,,,,,,,,,,,,,,0.0,0.0,,,,,,,,,,,,,,,,,,,,,,,,,0.0,0.0,,,,,,,,,,,,,0.0,0.0,0.0,0.0,0.0,0.0,0.0,0.0,0.0,0.0,0.13070043716031834,0.0,,,0.0,0.0,0.0,0.0,0.0,0.0,0.0,0.0,0.0,0.0,0.0,0.0,0.0,0.0,0.0,0.0,0.0,0.0,0.0,0.0,0.007983833318576165,0.0,0.0,0.0,0.0,0.0,0.0,0.0,0.0,0.0,0.0,0.0,0.0,0.0,0.0,0.0,0.013022826190161305,0.0,0.0,0.0,0.0,0.0,0.0,0.0,0.0,0.0,0.026706935290028017,0.0,0.002730229458607247,0.0,0.0,0.0,0.006708152016953455,0.0,0.8926715850830078,0.0,0.0038029994737977303,0.0,0.0,,0.0,,0.012637127935886361,0.0,0.0,,0.0,0.0,0.0,,0.002512091959250062,0.0,0.0,0.0,0.0026280733911940935,0.0,0.05374214351177211,0.0,0.0,,0.0,,0.0,,0.0,,0.0,,0.0,,0.0,,0.0021616605914790183,0.0,0.0,,0.0,0.0,0.0,,0.009108120442501085,0.0,0.0,,0.0,,0.0,,0.0,,0.0,,0.0,,0.0,,0.0,,0.0,,0.0,,0.0,,0.0,,0.0,,0.0,,0.0,,0.0,,,,,,,,0.0,,,,,,,,,,,,0.010546975666383112,0.0,0.0,0.0,0.0,0.0,0.0,0.0,0.0,0.0,0.0,0.0,0.0,0.0,0.0,0.0,0.0,0.0,0.0,0.0,0.0,0.0,0.0,0.0,0.0,0.0,0.005460458917214548,0.0,0.0,0.0,0.0,0.0,0.0,0.0,0.0,0.0,0.0,0.0,0.008343268385423033,0.0,0.0,,0.0021616605914790183,0.0,0.0,,0.0,,0.0,,0.0,,0.0,,,,,,,,,,,,,,,,,,,,,,0,0,67,1
7,region_07,2024-02-10,,,,,,,,,,,,,,,0.0,0.0,,,,,,,,,,,,,,,,,,,,,,,,,0.0,0.0,,,,,,,,,,,,,0.0,0.0,0.0,0.0,0.0,0.0,0.0,0.0,0.0,0.0,0.06850737274322262,0.0,,,0.0,0.0,0.0,0.0,0.0,0.0,0.0,0.0,0.0,0.0,0.0,0.0,0.0,0.0,0.0,0.0,0.0,0.0,0.0,0.0,0.003991916659288082,0.0,0.0,0.0,0.0,0.0,0.0,0.0,0.0,0.0,0.0,0.0,0.0,0.0,0.0,0.0,0.01363949181135148,0.0,0.005735792558301552,0.0,0.0,0.0,0.0,0.0,0.005929082505066259,0.0,0.01599620584043239,0.0,0.003607785010896246,0.0,0.0,0.0,0.01066844565536549,0.0,0.8178644035801743,0.0,0.0019014997368988651,0.0,0.0,,0.0,,0.010808395314961642,0.0,0.0,,0.0,0.0,0.0,,0.010046689133603253,0.0,0.0019679490683807113,0.0,0.031512518188295216,0.0,0.05768508613109584,0.0,0.0,,0.0,,0.0,,0.0,,0.0,,0.0,,0.0,,0.0010808302957395091,0.0,0.0,,0.0022017299973716136,0.0,0.0,,0.007140929020741639,0.0,0.0,,0.0,,0.0,,0.0,,0.0,,0.0,,0.0,,0.0,,0.0,,0.0,,0.0,,0.0,,0.0,,0.0,,0.0,,0.0,,,,,,,,0.0,,,,,,,,,,,,0.011009280391493109,0.0,0.0,0.0,0.0,0.0,0.0,0.0,0.0,0.0,0.0,0.0,0.0,0.0,0.0,0.0,0.0,0.0,0.0,0.0,0.0,0.0,0.0,0.0,0.0,0.0,0.002730229458607274,0.0,0.0,0.0,0.0,0.0,0.0,0.0,0.0,0.0,0.0,0.0,0.02071568492933039,0.0,0.0,,0.0010808302957395091,0.0,0.0,,0.0,,0.0,,0.0,,0.0,,,,,,,,,,,,,,,,,,,,,,0,0,67,2
7,region_07,2024-02-17,,,,,,,,,,,,,,,0.0,0.0,,,,,,,,,,,,,,,,,,,,,,,,,0.0,0.0,,,,,,,,,,,,,0.0,0.0,0.0,0.0,0.0,0.0,0.0,0.0,0.0,0.0,0.0063143083261268905,0.0,,,0.0,0.0,0.0,0.0,0.0,0.0,0.0,0.0,0.0,0.0,0.0,0.0,0.0,0.0,0.0,0.0,0.0,0.0,0.0,0.0,0.0,0.0,0.0,0.0,0.0,0.0,0.0,0.0,0.0,0.0,0.0,0.0,0.0,0.0,0.0,0.0,0.014256157432541654,0.0,0.011471585116603103,0.0,0.0,0.0,0.0,0.0,0.011858165010132518,0.0,0.0052854763908367665,0.0,0.004485340563185245,0.0,0.0,0.0,0.014628739293777525,0.0,0.7430572220773408,0.0,0.0,0.0,0.0,,0.0,,0.008979662694036921,0.0,0.0,,0.0,0.0,0.0,,0.017581286307956443,0.0,0.003935898136761423,0.0,0.06039696298539633,0.0,0.061628028750419575,0.0,0.0,,0.0,,0.0,,0.0,,0.0,,0.0,,0.0,,0.0,0.0,0.0,,0.004403459994743227,0.0,0.0,,0.005173737598982193,0.0,0.0,,0.0,,0.0,,0.0,,0.0,,0.0,,0.0,,0.0,,0.0,,0.0,,0.0,,0.0,,0.0,,0.0,,0.0,,0.0,,,,,,,,0.0,,,,,,,,,,,,0.011471585116603103,0.0,0.0,0.0,0.0,0.0,0.0,0.0,0.0,0.0,0.0,0.0,0.0,0.0,0.0,0.0,0.0,0.0,0.0,0.0,0.0,0.0,0.0,0.0,0.0,0.0,0.0,0.0,0.0,0.0,0.0,0.0,0.0,0.0,0.0,0.0,0.0,0.0,0.03308810147323775,0.0,0.0,,0.0,0.0,0.0,,0.0,,0.0,,0.0,,0.0,,,,,,,,,,,,,,,,,,,,,,0,0,67,3
7,region_07,2024-02-24,,,,,,,,,,,,,,,0.0,0.0,,,,,,,,,,,,,,,,,,,,,,,,,0.0,0.0,,,,,,,,,,,,,0.0,0.0,0.0,0.0,0.0,0.0,0.0,0.0,0.0,0.0,0.012680063679881313,0.0,,,0.0,0.0,0.0,0.0,0.0,0.0,0.0,0.0,0.0,0.0,0.0,0.0,0.0,0.0,0.0,0.0,0.0,0.0,0.0,0.0,0.0,0.0,0.0,0.0,0.0,0.0,0.0,0.0,0.0,0.0,0.0,0.0,0.0,0.0,0.0,0.0,0.01744604779400322,0.0,0.005735792558301552,0.0,0.0,0.0,0.0,0.0,0.005929082505066259,0.0,0.0026427381954183832,0.0,0.010122398762067622,0.0,0.005158984538866189,0.0,0.013826008359143091,0.0,0.7410826054260586,0.0,0.0,0.0,0.0046500725050767164,2.0,0.005037909590949597,2.0,0.007962939116571591,0.0,0.0,,0.0,0.0,0.0,,0.012098440442014415,0.0,0.009468795845491977,0.0,0.04862274645517264,0.0,0.08464502456287538,0.0,0.0,,0.0,,0.0,,0.0,,0.0,,0.0,,0.0,,0.0,0.0,0.0,,0.0022017299973716136,0.0,0.0,,0.006123875134757539,0.0,0.0,,0.0,,0.0,,0.0,,0.0,,0.0,,0.0,,0.0,,0.0,,0.0,,0.0,,0.0,,0.0,,0.0,,0.0,,0.0,,,,,,,,0.0,,,,,,,,,,,,0.016754813656337846,0.0,0.0,0.0,0.0,0.0,0.0,0.0,0.0,0.0,0.0,0.0,0.0,0.0,0.0,0.0,0.0,0.0,0.0,0.0,0.0,0.0,0.0,0.0,0.0,0.0,0.0,0.0,0.0,0.0,0.0,0.0,0.0,0.0,0.00723576184362171,0.0,0.0,0.0,0.023173985271049354,0.0,0.0,,0.0,0.0,0.0,,0.0,,0.0,,0.0,,0.0,,,,,,,,,,,,,,,,,,,,,,0,2,67,4
7,region_07,2024-03-02,,,,,,,,,,,,,,,0.0,0.0,,,,,,,,,,,,,,,,,,,,,,,,,0.0,0.0,,,,,,,,,,,,,0.0,0.0,0.0,0.0,0.0,0.0,0.0,0.0,0.0,0.0,0.019045819033635735,0.0,,,0.0,0.0,0.0,0.0,0.0,0.0,0.0,0.0,0.0,0.0,0.0,0.0,0.0,0.0,0.0,0.0,0.0,0.0,0.0,0.0,0.0,0.0,0.0,0.0,0.0,0.0,0.0,0.0,0.0,0.0,0.0,0.0,0.0,0.0,0.0,0.0,0.020635938155464786,0.0,0.0,0.0,0.0,0.0,0.0,0.0,0.0,0.0,0.0,0.0,0.01575945696095,0.0,0.010317969077732378,0.0,0.013023277424508659,0.0,0.7391079887747765,0.0,0.0,0.0,0.009300145010153433,0.0,0.010075819181899193,0.0,0.006946215539106261,0.0,0.0,,0.0,0.0,0.0,,0.006615594576072387,0.0,0.015001693554222532,0.0,0.03684852992494894,0.0,0.1076620203753312,0.0,0.0,,0.0,,0.0,,0.0,,0.0,,0.0,,0.0,,0.0,0.0,0.0,,0.0,0.0,0.0,,0.0070740126705328855,0.0,0.0,,0.0,,0.0,,0.0,,0.0,,0.0,,0.0,,0.0,,0.0,,0.0,,0.0,,0.0,,0.0,,0.0,,0.0,,0.0,,,,,,,,0.0,,,,,,,,,,,,0.02203804219607259,0.0,0.0,0.0,0.0,0.0,0.0,0.0,0.0,0.0,0.0,0.0,0.0,0.0,0.0,0.0,0.0,0.0,0.0,0.0,0.0,0.0,0.0,0.0,0.0,0.0,0.0,0.0,0.0,0.0,0.0,0.0,0.0,0.0,0.01447152368724342,0.0,0.0,0.0,0.013259869068860957,0.0,0.0,,0.0,0.0,0.0,,0.0,,0.0,,0.0,,0.0,,,,,,,,,,,,,,,,,,,,,,0,0,69,5
7,region_07,2024-03-09,,,,,,,,,,,,,,,0.00383137771859765,0.0,,,,,,,,,,,,,,,,,,,,,,,,,0.0,0.0,,,,,,,,,,,,,0.007953641563653925,0.0,0.0,0.0,0.0,0.0,0.0,0.0,0.0,0.0,0.013452892905690721,0.0,,,0.0,0.0,0.0,0.0,0.0,0.0,0.0,0.0,0.0,0.0,0.0,0.0,0.0,0.0,0.0,0.0,0.0,0.0,0.0,0.0,0.0,0.0,0.0,0.0,0.0,0.0,0.0,0.0,0.0,0.0,0.0,0.0,0.0,0.0,0.0,0.0,0.010317969077732393,0.0,0.0,0.0,0.0,0.0,0.0,0.0,0.0,0.0,0.0038202961666449226,0.0,0.007879728480475,0.0,0.005158984538866189,0.0,0.0065116387122543294,0.0,0.6861316519639185,0.0,0.0,0.0,0.0046500725050767164,0.0,0.005037909590949597,0.0,0.0034731077695531304,0.0,0.0,,0.0,0.0,0.0,,0.0072370286870411865,0.0,0.024588999003861738,0.0,0.0618579773853222,0.0,0.10937259445587791,0.0,0.007799575274640838,2.0,0.0,,0.0,,0.0,,0.0,,0.0,,0.0,,0.0,0.0,0.0,,0.0,0.0,0.0,,0.03472832948734447,0.0,0.0,,0.0,,0.0,,0.0,,0.0,,0.0,,0.0,,0.0,,0.0,,0.0,,0.0,,0.0,,0.0,,0.0,,0.0,,0.0,,,,,,,,0.0,,,,,,,,,,,,0.019069659258914885,0.0,0.0,0.0,0.0,0.0,0.0,0.0,0.0,0.0,0.0,0.0,0.0,0.0,0.0,0.0,0.0,0.0,0.0,0.0,0.0,0.0,0.0,0.0,0.0,0.0,0.0,0.0,0.0,0.0,0.0,0.0,0.0,0.0,0.00723576184362171,0.0,0.0,0.0,0.01838298181870149,0.0,0.0,,0.0,0.0,0.0,,0.0,,0.0,,0.0,,0.0,,,,,,,,,,,,,,,,,,,,,,0,1,69,6
7,region_07,2024-03-16,,,,,,,,,,,,,,,0.0076627554371953,0.0,,,,,,,,,,,,,,,,,,,,,,,,,0.0,0.0,,,,,,,,,,,,,0.01590728312730785,0.0,0.0,0.0,0.0,0.0,0.0,0.0,0.0,0.0,0.00785996677774571,0.0,,,0.0,0.0,0.0,0.0,0.0,0.0,0.0,0.0,0.0,0.0,0.0,0.0,0.0,0.0,0.0,0.0,0.0,0.0,0.0,0.0,0.0,0.0,0.0,0.0,0.0,0.0,0.0,0.0,0.0,0.0,0.0,0.0,0.0,0.0,0.0,0.0,0.0,0.0,0.0,0.0,0.0,0.0,0.0,0.0,0.0,0.0,0.007640592333289845,0.0,0.0,0.0,0.0,0.0,0.0,0.0,0.6331553151530604,0.0,0.0,0.0,0.0,0.0,0.0,0.0,0.0,0.0,0.0,,0.0,0.0,0.0,,0.007858462798009986,0.0,0.03417630445350094,0.0,0.08686742484569546,0.0,0.11108316853642461,0.0,0.015599150549281677,0.0,0.0,,0.0,,0.0,,0.0,,0.0,,0.0,,0.0,0.0,0.0,,0.0,0.0,0.0,,0.06238264630415606,0.0,0.0,,0.0,,0.0,,0.0,,0.0,,0.0,,0.0,,0.0,,0.0,,0.0,,0.0,,0.0,,0.0,,0.0,,0.0,,0.0,,,,,,,,0.0,,,,,,,,,,,,0.016101276321757178,0.0,0.0,0.0,0.0,0.0,0.0,0.0,0.0,0.0,0.0,0.0,0.0,0.0,0.0,0.0,0.0,0.0,0.0,0.0,0.0,0.0,0.0,0.0,0.0,0.0,0.0,0.0,0.0,0.0,0.0,0.0,0.0,0.0,0.0,0.0,0.0,0.0,0.023506094568542024,0.0,0.0,,0.0,0.0,0.0,,0.0,,0.0,,0.0,,0.0,,,,,,,,,,,,,,,,,,,,,,0,0,70,7
7,region_07,2024-03-23,,,,,,,,,,,,,,,0.005700952373445025,0.0,,,,,,,,,,,,,,,,,,,,,,,,,0.0,0.0,,,,,,,,,,,,,0.011934169532795358,0.0,0.0,0.0,0.0,0.0,0.0,0.0,0.0,0.0,0.003929983388872855,0.0,,,0.0,0.0,0.0,0.0,0.0,0.0,0.0,0.0,0.0,0.0,0.0,0.0,0.0,0.0,0.0,0.0,0.0,0.0,0.0,0.0,0.0,0.0,0.0,0.0,0.0,0.0,0.0,0.0,0.0,0.0,0.0,0.0,0.0,0.0,0.0,0.0,0.0,0.0,0.0,0.0,0.0,0.0,0.0,0.0,0.0,0.0,0.0038202961666449226,0.0,0.0,0.0,0.0,0.0,0.0,0.0,0.6382523936836272,0.0,0.0,0.0,0.0,0.0,0.0,0.0,0.003972482013826545,0.0,0.0,,0.02391910009707011,0.0,0.0,,0.003929231399004993,0.0,0.01708815222675047,0.0,0.0898960181822379,0.0,0.09878683661421137,0.0,0.01864590400999238,0.0,0.010559681337326743,2.0,0.0,,0.009583541471511104,2.0,0.0,,0.0,,0.0,,0.0,0.0,0.0,,0.0,0.0,0.0,,0.04202476366689158,0.0,0.0,,0.0,,0.0,,0.0,,0.0,,0.0,,0.0,,0.0,,0.0,,0.0,,0.0,,0.0,,0.0,,0.0,,0.0,,0.0,,,,,,,,0.0,,,,,,,,,,,,0.008050638160878589,0.0,0.0,0.0,0.0,0.0,0.0,0.0,0.0,0.0,0.0,0.0,0.0,0.0,0.0,0.0,0.0,0.0,0.0,0.0,0.0,0.0,0.0,0.0,0.0,0.0,0.0,0.0,0.0,0.0,0.0,0.0,0.0,0.0,0.0,0.0,0.0,0.0,0.028436331144933137,0.0,0.0,,0.0,0.0,0.0,,0.0,,0.0,,0.0,,0.0,,,,,,,,,,,,,,,,,,,,,,0,2,70,8
7,region_07,2024-03-30,,,,,,,,,,,,,,,0.00373914930969475,0.0,,,,,,,,,,,,,,,,,,,,,,,,,0.0,0.0,,,,,,,,,,,,,0.007961055938282868,0.0,0.0,0.0,0.0,0.0,0.0,0.0,0.0,0.0,0.0,0.0,,,0.0,0.0,0.0,0.0,0.0,0.0,0.0,0.0,0.0,0.0,0.0,0.0,0.0,0.0,0.0,0.0,0.0,0.0,0.0,0.0,0.0,0.0,0.0,0.0,0.0,0.0,0.0,0.0,0.0,0.0,0.0,0.0,0.0,0.0,0.0,0.0,0.0,0.0,0.0,0.0,0.0,0.0,0.0,0.0,0.0,0.0,0.0,0.0,0.0,0.0,0.0,0.0,0.0,0.0,0.6433494722141939,0.0,0.0,0.0,0.0,0.0,0.0,0.0,0.00794496402765309,0.0,0.0,,0.04783820019414022,0.0,0.0,,0.0,0.0,0.0,0.0,0.09292461151878034,0.0,0.08649050469199812,0.0,0.02169265747070308,0.0,0.021119362674653485,0.0,0.0,,0.019167082943022207,0.0,0.0,,0.0,,0.0,,0.0,0.0,0.0,,0.0,0.0,0.0,,0.021666881029627105,0.0,0.0,,0.0,,0.0,,0.0,,0.0,,0.0,,0.0,,0.0,,0.0,,0.0,,0.0,,0.0,,0.0,,0.0,,0.0,,0.0,,,,,,,,0.0,,,,,,,,,,,,0.0,0.0,0.0,0.0,0.0,0.0,0.0,0.0,0.0,0.0,0.0,0.0,0.0,0.0,0.0,0.0,0.0,0.0,0.0,0.0,0.0,0.0,0.0,0.0,0.0,0.0,0.0,0.0,0.0,0.0,0.0,0.0,0.0,0.0,0.0,0.0,0.0,0.0,0.03336656772132425,0.0,0.0,,0.0,0.0,0.0,,0.0,,0.0,,0.0,,0.0,,,,,,,,,,,,,,,,,,,,,,0,0,72,9
7,region_07,2024-04-06,,,,,,,,,,,,,,,0.001869574654847375,0.0,,,,,,,,,,,,,,,,,,,,,,,,,0.0,0.0,,,,,,,,,,,,,0.003980527969141434,0.0,0.0,0.0,0.0,0.0,0.0,0.0,0.0,0.0,0.009582702497330784,0.0,,,0.0,0.0,0.0,0.0,0.0,0.0,0.0,0.0,0.0,0.0,0.0,0.0,0.0,0.0,0.0,0.0,0.0,0.0,0.0,0.0,0.0,0.0,0.0,0.0,0.0,0.0,0.0,0.0,0.0,0.0,0.0,0.0,0.0,0.0,0.0,0.0,0.0,0.0,0.0,0.0,0.0,0.0,0.0,0.0,0.0,0.0,0.0,0.0,0.0,0.0,0.0,0.0,0.0,0.0,0.6297671037561754,0.0,0.0,0.0,0.0,0.0,0.0,0.0,0.003972482013826545,0.0,0.0,,0.054073640396925526,0.0,0.0,,0.021624266502580453,0.0,0.012181317470967748,0.0,0.06656533239045358,0.0,0.08419575207791791,0.0,0.01084632873535154,0.0,0.010559681337326743,0.0,0.0,,0.0433873859747987,0.0,0.0,,0.0,,0.0,,0.0,0.0,0.0,,0.04048830694679554,0.0,0.0,,0.010833440514813553,0.0,0.0,,0.0,,0.0,,0.0,,0.0,,0.0,,0.0,,0.0,,0.0,,0.0,,0.0,,0.0,,0.0,,0.0,,0.0,,0.0,,,,,,,,0.0,,,,,,,,,,,,0.0,0.0,0.0,0.0,0.0,0.0,0.0,0.0,0.0,0.0,0.0,0.0,0.0,0.0,0.0,0.0,0.0,0.0,0.0,0.0,0.0,0.0,0.0,0.0,0.0,0.0,0.0,0.0,0.0,0.0,0.0,0.0,0.0,0.0,0.0,0.0,0.0,0.0,0.02659585842463582,0.0,0.0,,0.0,0.0,0.0,,0.0,,0.0,,0.0,,0.0,,,,,,,,,,,,,,,,,,,,,,0,0,72,10
7,region_07,2024-04-13,,,,,,,,,,,,,,,0.0,0.0,,,,,,,,,,,,,,,,,,,,,,,,,0.0,0.0,,,,,,,,,,,,,0.0,0.0,0.0,0.0,0.0,0.0,0.0,0.0,0.0,0.0,0.01916540499466157,0.0,,,0.0,0.0,0.0,0.0,0.0,0.0,0.0,0.0,0.0,0.0,0.0,0.0,0.0,0.0,0.0,0.0,0.0,0.0,0.0,0.0,0.0,0.0,0.0,0.0,0.0,0.0,0.0,0.0,0.0,0.0,0.0,0.0,0.0,0.0,0.0,0.0,0.0,0.0,0.0,0.0,0.0,0.0,0.0,0.0,0.0,0.0,0.0,0.0,0.0,0.0,0.0,0.0,0.0,0.0,0.6161847352981568,0.0,0.0,0.0,0.0,0.0,0.0,0.0,0.0,0.0,0.0,,0.060309080599710824,0.0,0.0,,0.043248533005160905,0.0,0.024362634941935496,0.0,0.04020605326212681,0.0,0.08190099946383769,0.0,0.0,0.0,0.0,0.0,0.0,,0.0676076890065752,0.0,0.0,,0.0,,0.0,,0.0,0.0,0.0,,0.08097661389359108,0.0,0.0,,0.0,0.0,0.0,,0.0,,0.0,,0.0,,0.0,,0.0,,0.0,,0.0,,0.0,,0.0,,0.0,,0.0,,0.0,,0.0,,0.0,,0.0,,,,,,,,0.0,,,,,,,,,,,,0.0,0.0,0.0,0.0,0.0,0.0,0.0,0.0,0.0,0.0,0.0,0.0,0.0,0.0,0.0,0.0,0.0,0.0,0.0,0.0,0.0,0.0,0.0,0.0,0.0,0.0,0.0,0.0,0.0,0.0,0.0,0.0,0.0,0.0,0.0,0.0,0.0,0.0,0.019825149127947386,0.0,0.0,,0.0,0.0,0.0,,0.0,,0.0,,0.0,,0.0,,,,,,,,,,,,,,,,,,,,,,0,0,72,11
7,region_07,2024-04-20,,,,,,,,,,,,,,,0.0,0.0,,,,,,,,,,,,,,,,,,,,,,,,,0.0,0.0,,,,,,,,,,,,,0.0,0.0,0.0,0.0,0.0,0.0,0.0,0.0,0.0,0.0,0.009582702497330784,0.0,,,0.0,0.0,0.0,0.0,0.0,0.0,0.0,0.0,0.0,0.0,0.0,0.0,0.0,0.0,0.0,0.0,0.0,0.0,0.0,0.0,0.0,0.0,0.0,0.0,0.0,0.0,0.0,0.0,0.0,0.0,0.0,0.0,0.0,0.0,0.0,0.0,0.0,0.0,0.0,0.0,0.0,0.0,0.0,0.0,0.0,0.0,0.0,0.0,0.0,0.0,0.0,0.0,0.0,0.0,0.4919439673423767,0.0,0.06031617149710653,0.0,0.0,0.0,0.0,0.0,0.030158085748553252,0.0,0.031570670993200343,2.0,0.030154540299855412,0.0,0.0,,0.07477027200724157,0.0,0.012181317470967748,0.0,0.034514735702865625,0.0,0.09832045250497327,0.0,0.014411709071802217,0.0,0.0,0.0,0.0,,0.0649816943225504,0.0,0.0,,0.015520302077325465,2.0,0.0,,0.0,0.0,0.0,,0.07205897793999588,0.0,0.0,,0.0,0.0,0.0,,0.0,,0.0,,0.0,,0.0,,0.0,,0.0,,0.0,,0.0,,0.0,,0.0,,0.0,,0.0,,0.0,,0.0,,0.0,,,,,,,,0.0,,,,,,,,,,,,0.0,0.0,0.0,0.0,0.0,0.0,0.0,0.0,0.0,0.0,0.0,0.0,0.0,0.0,0.0,0.0,0.0,0.0,0.0,0.0,0.0,0.0,0.0,0.0,0.0,0.0,0.0,0.0,0.0,0.0,0.0,0.0,0.0,0.0,0.0,0.0,0.0,0.0,0.009912574563973693,0.0,0.0,,0.0,0.0,0.0,,0.0,,0.0,,0.0,,0.0,,,,,,,,,,,,,,,,,,,,,,0,2,72,12
7,region_07,2024-04-27,,,,,,,,,,,,,,,0.0,0.0,,,,,,,,,,,,,,,,,,,,,,,,,0.0,0.0,,,,,,,,,,,,,0.0,0.0,0.0,0.0,0.0,0.0,0.0,0.0,0.0,0.0,0.0,0.0,,,0.0,0.0,0.0,0.0,0.0,0.0,0.0,0.0,0.0,0.0,0.0,0.0,0.0,0.0,0.0,0.0,0.0,0.0,0.0,0.0,0.0,0.0,0.0,0.0,0.0,0.0,0.0,0.0,0.0,0.0,0.0,0.0,0.0,0.0,0.0,0.0,0.0,0.0,0.0,0.0,0.0,0.0,0.0,0.0,0.0,0.0,0.0,0.0,0.0,0.0,0.0,0.0,0.0,0.0,0.3677031993865967,0.0,0.12063234299421306,0.0,0.0,0.0,0.0,0.0,0.060316171497106504,0.0,0.06314134198640069,0.0,0.0,0.0,0.0,,0.10629201100932223,0.0,0.0,0.0,0.028823418143604434,0.0,0.11473990554610886,0.0,0.028823418143604434,0.0,0.0,0.0,0.0,,0.0623556996385256,0.0,0.0,,0.03104060415465093,0.0,0.0,,0.0,0.0,0.0,,0.06314134198640069,0.0,0.0,,0.0,0.0,0.0,,0.0,,0.0,,0.0,,0.0,,0.0,,0.0,,0.0,,0.0,,0.0,,0.0,,0.0,,0.0,,0.0,,0.0,,0.0,,,,,,,,0.0,,,,,,,,,,,,0.0,0.0,0.0,0.0,0.0,0.0,0.0,0.0,0.0,0.0,0.0,0.0,0.0,0.0,0.0,0.0,0.0,0.0,0.0,0.0,0.0,0.0,0.0,0.0,0.0,0.0,0.0,0.0,0.0,0.0,0.0,0.0,0.0,0.0,0.0,0.0,0.0,0.0,0.0,0.0,0.0,,0.0,0.0,0.0,,0.0,,0.0,,0.0,,0.0,,,,,,,,,,,,,,,,,,,,,,0,0,74,13
7,region_07,2024-05-04,,,,,,,,,,,,,,,0.0,0.0,,,,,,,,,,,,,,,,,,,,,,,,,0.0,0.0,,,,,,,,,,,,,0.0,0.0,0.0,0.0,0.0,0.0,0.0,0.0,0.0,0.0,0.0,0.0,,,0.0,0.0,0.0,0.0,0.0,0.0,0.0,0.0,0.0,0.0,0.0,0.0,0.0,0.0,0.0,0.0,0.0,0.0,0.0,0.0,0.0,0.0,0.0,0.0,0.0,0.0,0.0,0.0,0.0,0.0,0.0,0.0,0.0,0.0,0.0,0.0,0.0,0.0,0.0,0.0,0.0,0.0,0.0,0.0,0.0,0.0,0.0,0.0,0.0,0.0,0.0,0.0,0.0,0.0,0.3201660462655127,0.0,0.09906466222471656,0.0,0.0,0.0,0.012603109081586182,0.0,0.030158085748553252,0.0,0.05218519912490606,0.0,0.032997681103922684,0.0,0.0,,0.053146005504661115,0.0,0.0,0.0,0.052221036454534506,0.0,0.09777382005144045,0.0,0.024484557272600224,0.0,0.0,0.0,0.0,,0.08439825502810651,0.0,0.0,,0.015520302077325465,0.0,0.03170930449333454,1.0,0.0,0.0,0.0,,0.06477384643983977,0.0,0.010307264065852847,2.0,0.0,0.0,0.012603109081586182,2.0,0.03453774113828935,2.0,0.0,,0.0,,0.0,,0.0,,0.0,,0.0,,0.0,,0.0,,0.0,,0.0,,0.0,,0.0,,0.0,,0.0,,,,,,,,0.0,,,,,,,,,,,,0.0,0.0,0.0,0.0,0.0,0.0,0.0,0.0,0.0,0.0,0.0,0.0,0.0,0.0,0.0,0.0,0.0,0.0,0.0,0.0,0.0,0.0,0.0,0.0,0.0,0.0,0.0,0.0,0.0,0.0,0.0,0.0,0.0,0.0,0.0,0.0,0.0,0.0,0.0,0.0,0.0,,0.0,0.0,0.0,,0.0,,0.0,,0.0,,0.0,,,,,,,,,,,,,,,,,,,,,,1,3,74,0
7,region_07,2024-05-11,,,,,,,,,,,,,,,0.0,0.0,,,,,,,,,,,,,,,,,,,,,,,,,0.0,0.0,,,,,,,,,,,,,0.0,0.0,0.0,0.0,0.0,0.0,0.0,0.0,0.0,0.0,0.0,0.0,,,0.0,0.0,0.0,0.0,0.0,0.0,0.0,0.0,0.0,0.0,0.0,0.0,0.0,0.0,0.0,0.0,0.0,0.0,0.0,0.0,0.0,0.0,0.0,0.0,0.0,0.0,0.0,0.0,0.0,0.0,0.0,0.0,0.0,0.0,0.0,0.0,0.0,0.0,0.0,0.0,0.0,0.0,0.0,0.0,0.0,0.0,0.0,0.0,0.0,0.0,0.0,0.0,0.0,0.0,0.27262889314442873,0.0,0.07749698145522006,0.0,0.0,0.0,0.025206218163172363,0.0,0.0,0.0,0.04122905626341144,0.0,0.06599536220784537,0.0,0.0,,0.0,0.0,0.0,0.0,0.07561865476546459,0.0,0.08080773455677204,0.0,0.020145696401596015,0.0,0.0,0.0,0.0,,0.10644081041768742,0.0,0.0,,0.0,0.0,0.06341860898666908,0.0,0.0,0.0,0.0,,0.06640635089327887,0.0,0.020614528131705695,0.0,0.0,0.0,0.025206218163172363,0.0,0.0690754822765787,0.0,0.0,,0.0,,0.0,,0.0,,0.0,,0.0,,0.0,,0.0,,0.0,,0.0,,0.0,,0.0,,0.0,,0.0,,,,,,,,0.0,,,,,,,,,,,,0.0,0.0,0.0,0.0,0.0,0.0,0.0,0.0,0.0,0.0,0.0,0.0,0.0,0.0,0.0,0.0,0.0,0.0,0.0,0.0,0.0,0.0,0.0,0.0,0.0,0.0,0.0,0.0,0.0,0.0,0.0,0.0,0.0,0.0,0.0,0.0,0.0,0.0,0.0,0.0,0.0,,0.0,0.0,0.0,,0.0,,0.0,,0.0,,0.0,,,,,,,,,,,,,,,,,,,,,,0,0,78,1
7,region_07,2024-05-18,,,,,,,,,,,,,,,0.0,0.0,,,,,,,,,,,,,,,,,,,,,,,,,0.0,0.0,,,,,,,,,,,,,0.0,0.0,0.0,0.0,0.0,0.0,0.0,0.0,0.0,0.0,0.0,0.0,,,0.0,0.0,0.0,0.0,0.0,0.0,0.0,0.0,0.0,0.0,0.0,0.0,0.0,0.0,0.0,0.0,0.0,0.0,0.0,0.0,0.0,0.0,0.0,0.0,0.0,0.0,0.0,0.0,0.0,0.0,0.0,0.0,0.0,0.0,0.0,0.0,0.0,0.0,0.0,0.0,0.0,0.0,0.0,0.0,0.0,0.0,0.0,0.0,0.0,0.0,0.0,0.0,0.0,0.0,0.17252040743971098,0.0,0.08399050972527922,0.0,0.0,0.0,0.012603109081586182,0.0,0.018353723883628822,0.0,0.0614632344791437,0.0,0.10253792398335923,0.0,0.0,,0.007937924237921825,0.0,0.0,0.0,0.037809327382732294,0.0,0.09871809492073418,0.0,0.020927190221846075,0.0,0.03167116742891568,0.0,0.010557055861378688,2.0,0.08427336393056853,0.0,0.0,,0.010557055861378688,0.0,0.08956533597193209,0.0,0.0,0.0,0.0,,0.043874959077424606,0.0,0.010307264065852847,0.0,0.020152659585269576,0.0,0.012603109081586182,0.0,0.08768259713617269,0.0,0.0,,0.0,,0.0,,0.0,,0.0,,0.0,,0.0,,0.0,,0.0,,0.0,,0.0,,0.0,,0.0,,0.0,,,,,,,,0.0,,,,,,,,,,,,0.0,0.0,0.0,0.0,0.0,0.0,0.0,0.0,0.0,0.0,0.0,0.0,0.0,0.0,0.0,0.0,0.0,0.0,0.0,0.0,0.0,0.0,0.0,0.0,0.0,0.0,0.0,0.0,0.0,0.0,0.0,0.0,0.0,0.0,0.0,0.0,0.0,0.0,0.010997398720624336,0.0,0.0,,0.0,0.0,0.0,,0.0,,0.0,,0.0,,0.0,,,,,,,,,,,,,,,,,,,,,,0,1,78,2
7,region_07,2024-05-25,,,,,,,,,,,,,,,0.0,0.0,,,,,,,,,,,,,,,,,,,,,,,,,0.0,0.0,,,,,,,,,,,,,0.0,0.0,0.0,0.0,0.0,0.0,0.0,0.0,0.0,0.0,0.0,0.0,,,0.0,0.0,0.0,0.0,0.0,0.0,0.0,0.0,0.0,0.0,0.0,0.0,0.0,0.0,0.0,0.0,0.0,0.0,0.0,0.0,0.0,0.0,0.0,0.0,0.0,0.0,0.0,0.0,0.0,0.0,0.0,0.0,0.0,0.0,0.0,0.0,0.0,0.0,0.0,0.0,0.0,0.0,0.0,0.0,0.0,0.0,0.0,0.0,0.0,0.0,0.0,0.0,0.0,0.0,0.07241192173499324,0.0,0.09048403799533838,0.0,0.0,0.0,0.0,0.0,0.036707447767257644,0.0,0.08169741269487597,0.0,0.1390804857588731,0.0,0.0,,0.01587584847584365,0.0,0.0,0.0,0.0,0.0,0.11662845528469631,0.0,0.021708684042096135,0.0,0.06334233485783136,0.0,0.021114111722757376,0.0,0.06210591744344965,0.0,0.0,,0.021114111722757376,0.0,0.1157120629571951,0.0,0.0,0.0,0.0,,0.021343567261570343,0.0,0.0,0.0,0.04030531917053915,0.0,0.0,0.0,0.10628971199576666,0.0,0.0,,0.0,,0.0,,0.0,,0.0,,0.0,,0.0,,0.0,,0.0,,0.0,,0.0,,0.0,,0.0,,0.0,,,,,,,,0.0,,,,,,,,,,,,0.0,0.0,0.0,0.0,0.0,0.0,0.0,0.0,0.0,0.0,0.0,0.0,0.0,0.0,0.0,0.0,0.0,0.0,0.0,0.0,0.0,0.0,0.0,0.0,0.0,0.0,0.0,0.0,0.0,0.0,0.0,0.0,0.0,0.0,0.0,0.0,0.0,0.0,0.021994797441248673,0.0,0.0,,0.0,0.0,0.0,,0.0,,0.0,,0.0,,0.0,,,,,,,,,,,,,,,,,,,,,,0,0,79,3
7,region_07,2024-06-01,,,,,,,,,,,,,,,0.0,0.0,,,,,,,,,,,,,,,,,,,,,,,,,0.0,0.0,,,,,,,,,,,,,0.0,0.0,0.0,0.0,0.0,0.0,0.0,0.0,0.0,0.0,0.0,0.0,,,0.0,0.0,0.0,0.0,0.0,0.0,0.0,0.0,0.0,0.0,0.0,0.0,0.0,0.0,0.0,0.0,0.0,0.0,0.0,0.0,0.0,0.0,0.0,0.0,0.0,0.0,0.0,0.0,0.0,0.0,0.0,0.0,0.0,0.0,0.0,0.0,0.0,0.0,0.0,0.0,0.0,0.0,0.0,0.0,0.0,0.0,0.0,0.0,0.0,0.0,0.0,0.0,0.0,0.0,0.08042573288847236,0.0,0.05629696184769269,0.0,0.0,0.0,0.0,0.0,0.018353723883628822,0.0,0.07032855394750068,0.0,0.06954024287943655,0.0,0.0,,0.007937924237921825,0.0,0.0,0.0,0.0,0.0,0.08779407524241084,0.0,0.04986578070869048,0.0,0.04596855312896268,0.0,0.02485444156142569,0.0,0.10825884206077226,0.0,0.0,,0.06733810381653406,0.0,0.2494750402581233,0.0,0.0,0.0,0.0,,0.010671783630785171,0.0,0.0,0.0,0.020152659585269576,0.0,0.0,0.0,0.05314485599788333,0.0,0.0,,0.0,,0.0,,0.0,,0.0,,0.0,,0.0,,0.0,,0.0,,0.0,,0.0,,0.0,,0.0,,0.0,,,,,,,,0.0,,,,,,,,,,,,0.0,0.0,0.0,0.0,0.0,0.0,0.0,0.0,0.0,0.0,0.0,0.0,0.0,0.0,0.0,0.0,0.0,0.0,0.0,0.0,0.0,0.0,0.0,0.0,0.0,0.0,0.0,0.0,0.0,0.0,0.0,0.0,0.0,0.0,0.0,0.0,0.0,0.0,0.02573732252065567,0.0,0.0,,0.0,0.0,0.0,,0.0,,0.0,,0.0,,0.0,,,,,,,,,,,,,,,,,,,,,,0,0,79,4
7,region_07,2024-06-08,,,,,,,,,,,,,,,0.0,0.0,,,,,,,,,,,,,,,,,,,,,,,,,0.0,0.0,,,,,,,,,,,,,0.0,0.0,0.0,0.0,0.0,0.0,0.0,0.0,0.0,0.0,0.0,0.0,,,0.0,0.0,0.0,0.0,0.0,0.0,0.0,0.0,0.0,0.0,0.0,0.0,0.0,0.0,0.0,0.0,0.0,0.0,0.0,0.0,0.0,0.0,0.0,0.0,0.0,0.0,0.0,0.0,0.0,0.0,0.0,0.0,0.0,0.0,0.0,0.0,0.0,0.0,0.0,0.0,0.0,0.0,0.0,0.0,0.0,0.0,0.0,0.0,0.0,0.0,0.0,0.0,0.0,0.0,0.08843954404195149,0.0,0.022109885700047002,0.0,0.0,0.0,0.0,0.0,0.0,0.0,0.05895969520012537,0.0,0.0,0.0,0.0,,0.0,0.0,0.0,0.0,0.0,0.0,0.05895969520012537,0.0,0.07802287737528484,0.0,0.028594771400094,0.0,0.028594771400094,0.0,0.15441176667809486,0.0,0.0,,0.11356209591031075,0.0,0.3832380175590515,0.0,0.0,0.0,0.0,,0.0,0.0,0.0,0.0,0.0,0.0,0.0,0.0,0.0,0.0,0.0,,0.0,,0.0,,0.0,,0.0,,0.0,,0.0,,0.0,,0.0,,0.0,,0.0,,0.0,,0.0,,0.0,,,,,,,,0.0,,,,,,,,,,,,0.0,0.0,0.0,0.0,0.0,0.0,0.0,0.0,0.0,0.0,0.0,0.0,0.0,0.0,0.0,0.0,0.0,0.0,0.0,0.0,0.0,0.0,0.0,0.0,0.0,0.0,0.0,0.0,0.0,0.0,0.0,0.0,0.0,0.0,0.0,0.0,0.0,0.0,0.02947984760006267,0.0,0.0,,0.0,0.0,0.0,,0.0,,0.0,,0.0,,0.0,,,,,,,,,,,,,,,,,,,,,,0,0,79,5
7,region_07,2024-06-15,,,,,,,,,,,,,,,0.0,0.0,,,,,,,,,,,,,,,,,,,,,,,,,0.0,0.0,,,,,,,,,,,,,0.0,0.0,0.0,0.0,0.0,0.0,0.0,0.0,0.0,0.0,0.0,0.0,,,0.0,0.0,0.0,0.0,0.0,0.0,0.0,0.0,0.0,0.0,0.0,0.0,0.0,0.0,0.0,0.0,0.0,0.0,0.0,0.0,0.0,0.0,0.0,0.0,0.0,0.0,0.0,0.0,0.0,0.0,0.0,0.0,0.0,0.0,0.0,0.0,0.0,0.0,0.0,0.0,0.0,0.0,0.0,0.0,0.0,0.0,0.0,0.0,0.0,0.0,0.0,0.0,0.0,0.0,0.09992411779239771,0.0,0.017587363506512067,0.0,0.0,0.0,0.0,0.0,0.006641529190043583,0.0,0.03722540439659916,0.0,0.0,0.0,0.0,,0.0,0.0,0.0,0.0,0.0,0.0,0.029479847600062684,0.0,0.06554530669624604,0.0,0.02932231558952477,0.0,0.014297385700047,0.0,0.15101201459765434,0.0,0.0,,0.1505450066179037,0.0,0.2898823721334338,0.0,0.017232849961146688,0.0,0.0,,0.0,0.0,0.014943843241780976,0.0,0.0,0.0,0.007578947076884388,0.0,0.05273805401827157,0.0,0.0,,0.015927584143355464,2.0,0.0,,0.0,,0.0,,0.0,,0.0,,0.015207971717851832,2.0,0.0,,0.0,,0.0,,0.0,,0.0,,0.0,,,,,,,,0.0,,,,,,,,,,,,0.0,0.0,0.0,0.0,0.0,0.0,0.0,0.0,0.0,0.0,0.0,0.0,0.0,0.0,0.0,0.0,0.0,0.0,0.0,0.0,0.0,0.0,0.0,0.0,0.0,0.0,0.0,0.0,0.0,0.0,0.0,0.0,0.0,0.0,0.0,0.0,0.0,0.0,0.014739923800031335,0.0,0.0,,0.0,0.0,0.0,,0.0,,0.0,,0.0,,0.0,,,,,,,,,,,,,,,,,,,,,,0,2,79,6
7,region_07,2024-06-22,,,,,,,,,,,,,,,0.0,0.0,,,,,,,,,,,,,,,,,,,,,,,,,0.0,0.0,,,,,,,,,,,,,0.0,0.0,0.0,0.0,0.0,0.0,0.0,0.0,0.0,0.0,0.0,0.0,,,0.0,0.0,0.0,0.0,0.0,0.0,0.0,0.0,0.0,0.0,0.0,0.0,0.0,0.0,0.0,0.0,0.0,0.0,0.0,0.0,0.0,0.0,0.0,0.0,0.0,0.0,0.0,0.0,0.0,0.0,0.0,0.0,0.0,0.0,0.0,0.0,0.0,0.0,0.0,0.0,0.0,0.0,0.0,0.0,0.0,0.0,0.0,0.0,0.0,0.0,0.0,0.0,0.0,0.0,0.11140869154284394,0.0,0.013064841312977133,0.0,0.0,0.0,0.0,0.0,0.013283058380087165,0.0,0.015491113593072951,0.0,0.0,0.0,0.0,,0.0,0.0,0.0,0.0,0.0,0.0,0.0,0.0,0.05306773601720726,0.0,0.030049859778955537,0.0,0.0,0.0,0.1476122625172138,0.0,0.0,,0.18752791732549665,0.0,0.1965267267078161,0.0,0.034465699922293376,0.0,0.0,,0.0,0.0,0.02988768648356195,0.0,0.0,0.0,0.015157894153768775,0.0,0.10547610803654314,0.0,0.0,,0.03185516828671093,0.0,0.0,,0.0,,0.0,,0.0,,0.0,,0.030415943435703665,0.0,0.0,,0.0,,0.0,,0.0,,0.0,,0.0,,,,,,,,0.0,,,,,,,,,,,,0.0,0.0,0.0,0.0,0.0,0.0,0.0,0.0,0.0,0.0,0.0,0.0,0.0,0.0,0.0,0.0,0.0,0.0,0.0,0.0,0.0,0.0,0.0,0.0,0.0,0.0,0.0,0.0,0.0,0.0,0.0,0.0,0.0,0.0,0.0,0.0,0.0,0.0,0.0,0.0,0.0,,0.0,0.0,0.0,,0.0,,0.0,,0.0,,0.0,,,,,,,,,,,,,,,,,,,,,,0,0,81,7
7,region_07,2024-06-29,,,,,,,,,,,,,,,0.0,0.0,,,,,,,,,,,,,,,,,,,,,,,,,0.0,0.0,,,,,,,,,,,,,0.0,0.0,0.0,0.0,0.0,0.0,0.0,0.0,0.0,0.0,0.0,0.0,,,0.0,0.0,0.0,0.0,0.0,0.0,0.0,0.0,0.0,0.0,0.0,0.0,0.0,0.0,0.0,0.0,0.0,0.0,0.0,0.0,0.0,0.0,0.0,0.0,0.0,0.0,0.0,0.0,0.0,0.0,0.0,0.0,0.0,0.0,0.0,0.0,0.0,0.0,0.0,0.0,0.0,0.0,0.0,0.0,0.0,0.0,0.0,0.0,0.0,0.0,0.0,0.0,0.0,0.0,0.08049852506972953,0.0,0.006532420656488566,0.0,0.0,0.0,0.0,0.0,0.010240606967008795,0.0,0.02572406546982081,0.0,0.0,0.0,0.0,,0.008989254336642152,0.0,0.0,0.0,0.007198155553930452,0.0,0.0,0.0,0.07454794613590487,0.0,0.03555796713993435,0.0,0.0,0.0,0.10332842284570566,0.0,0.0,,0.1847328464298144,0.0,0.20901801677322698,0.0,0.06938914558850223,0.0,0.0,,0.009254120209294798,0.0,0.03547688049223756,0.0,0.0,0.0,0.007578947076884388,0.0,0.0833217750774436,0.0,0.0,,0.015927584143355464,0.0,0.0,,0.0,,0.0,,0.0,,0.0,,0.026005205079116737,0.0,0.0,,0.0,,0.0,,0.0,,0.0,,0.0,,,,,,,,0.0,,,,,,,,,,,,0.0,0.0,0.0,0.0,0.0,0.0,0.0,0.0,0.0,0.0,0.0,0.0,0.0,0.0,0.0,0.0,0.0,0.0,0.0,0.0,0.0,0.0,0.0,0.0,0.0,0.0,0.0,0.0,0.0,0.0,0.0,0.0,0.0,0.0,0.0,0.0,0.0,0.0,0.009254120209294798,0.0,0.0,,0.0,0.0,0.0,,0.0,,0.0,,0.0,,0.0,,,,,,,,,,,,,,,,,,,,,,0,0,81,8
7,region_07,2024-07-06,,,,,,,,,,,,,,,0.0,0.0,,,,,,,,,,,,,,,,,,,,,,,,,0.0,0.0,,,,,,,,,,,,,0.0,0.0,0.0,0.0,0.0,0.0,0.0,0.0,0.0,0.0,0.0,0.0,,,0.0,0.0,0.0,0.0,0.0,0.0,0.0,0.0,0.0,0.0,0.0,0.0,0.0,0.0,0.0,0.0,0.0,0.0,0.0,0.0,0.0,0.0,0.0,0.0,0.0,0.0,0.0,0.0,0.0,0.0,0.0,0.0,0.0,0.0,0.0,0.0,0.0,0.0,0.0,0.0,0.0,0.0,0.0,0.0,0.0,0.0,0.0,0.0,0.0,0.0,0.0,0.0,0.0,0.0,0.049588358596615124,0.0,0.0,0.0,0.0,0.0,0.0,0.0,0.007198155553930426,0.0,0.03595701734656868,0.0,0.0,0.0,0.0,,0.017978508673284304,0.0,0.0,0.0,0.014396311107860904,0.0,0.0,0.0,0.09602815625460248,0.0,0.04106607450091316,0.0,0.0,0.0,0.05904458317419752,0.0,0.0,,0.1819377755341322,0.0,0.22150930683863787,0.0,0.1043125912547111,0.0,0.0,,0.018508240418589596,0.0,0.04106607450091316,0.0,0.0,0.0,0.0,0.0,0.06116744211834405,0.0,0.0,,0.0,0.0,0.0,,0.0,,0.0,,0.0,,0.0,,0.021594466722529813,0.0,0.0,,0.0,,0.0,,0.0,,0.0,,0.0,,,,,,,,0.0,,,,,,,,,,,,0.0,0.0,0.0,0.0,0.0,0.0,0.0,0.0,0.0,0.0,0.0,0.0,0.0,0.0,0.0,0.0,0.0,0.0,0.0,0.0,0.0,0.0,0.0,0.0,0.0,0.0,0.0,0.0,0.0,0.0,0.0,0.0,0.0,0.0,0.0,0.0,0.0,0.0,0.018508240418589596,0.0,0.0,,0.0,0.0,0.0,,0.0,,0.0,,0.0,,0.0,,,,,,,,,,,,,,,,,,,,,,0,0,81,9
7,region_07,2024-07-13,,,,,,,,,,,,,,,0.0,0.0,,,,,,,,,,,,,,,,,,,,,,,,,0.0,0.0,,,,,,,,,,,,,0.0,0.0,0.0,0.0,0.0,0.0,0.0,0.0,0.0,0.0,0.0,0.0,,,0.0,0.0,0.0,0.0,0.0,0.0,0.0,0.0,0.0,0.0,0.0,0.0,0.0,0.0,0.0,0.0,0.0,0.0,0.0,0.0,0.0,0.0,0.0,0.0,0.0,0.0,0.0,0.0,0.0,0.0,0.0,0.0,0.0,0.0,0.0,0.0,0.0,0.0,0.0,0.0,0.0,0.0,0.0,0.0,0.0,0.0,0.0,0.0,0.0,0.0,0.0,0.0,0.0,0.0,0.04951543160695798,0.0,0.0,0.0,0.0,0.0,0.0,0.0,0.009147872784811759,0.0,0.019970626618621985,0.0,0.004054350947791857,0.0,0.0,,0.008989254336642152,0.0,0.0,0.0,0.010544839085506684,0.0,0.0,0.0,0.060988238427360966,0.0,0.03191274764907096,0.0,0.0,0.0,0.06700585269380223,0.0,0.002118822774553477,2.0,0.16246419114322055,0.0,0.2681747131740539,0.0,0.13070309331471264,0.0,0.003346683531576232,2.0,0.009254120209294798,0.0,0.03638566793918076,0.0,0.0,0.0,0.0,0.0,0.07199207076426505,0.0,0.0,,0.0,0.0,0.0,,0.0,,0.0,,0.0,,0.0,,0.02840275753274732,0.0,0.0,,0.007777613225496459,2.0,0.0,,0.0,,0.0,,0.0,,,,,,,,0.0,,,,,,,,,,,,0.0,0.0,0.0,0.0,0.0,0.0,0.0,0.0,0.0,0.0,0.0,0.0,0.0,0.0,0.0,0.0,0.0,0.0,0.0,0.0,0.0,0.0,0.0,0.0,0.0,0.0,0.0,0.0,0.0,0.0,0.0,0.0,0.0,0.0,0.0,0.0,0.0,0.0,0.009254120209294798,0.0,0.0,,0.0,0.0,0.0,,0.0,,0.0,,0.0,,0.0,,,,,,,,,,,,,,,,,,,,,,0,3,81,10
7,region_07,2024-07-20,,,,,,,,,,,,,,,0.0,0.0,,,,,,,,,,,,,,,,,,,,,,,,,0.0,0.0,,,,,,,,,,,,,0.0,0.0,0.0,0.0,0.0,0.0,0.0,0.0,0.0,0.0,0.0,0.0,,,0.0,0.0,0.0,0.0,0.0,0.0,0.0,0.0,0.0,0.0,0.0,0.0,0.0,0.0,0.0,0.0,0.0,0.0,0.0,0.0,0.0,0.0,0.0,0.0,0.0,0.0,0.0,0.0,0.0,0.0,0.0,0.0,0.0,0.0,0.0,0.0,0.0,0.0,0.0,0.0,0.0,0.0,0.0,0.0,0.0,0.0,0.0,0.0,0.0,0.0,0.0,0.0,0.0,0.0,0.04944250461730084,0.0,0.0,0.0,0.0,0.0,0.0,0.0,0.011097590015693092,0.0,0.0039842358906752905,0.0,0.008108701895583714,0.0,0.0,,0.0,0.0,0.0,0.0,0.006693367063152464,0.0,0.0,0.0,0.025948320600119455,0.0,0.02275942079722876,0.0,0.0,0.0,0.07496712221340694,0.0,0.004237645549106954,0.0,0.1429906067523089,0.0,0.3148401195094699,0.0,0.1570935953747142,0.0,0.006693367063152464,0.0,0.0,0.0,0.03170526137744835,0.0,0.0,0.0,0.0,0.0,0.08281669941018605,0.0,0.0,,0.0,0.0,0.0,,0.0,,0.0,,0.0,,0.0,,0.035211048342964825,0.0,0.0,,0.015555226450992918,0.0,0.0,,0.0,,0.0,,0.0,,,,,,,,0.0,,,,,,,,,,,,0.0,0.0,0.0,0.0,0.0,0.0,0.0,0.0,0.0,0.0,0.0,0.0,0.0,0.0,0.0,0.0,0.0,0.0,0.0,0.0,0.0,0.0,0.0,0.0,0.0,0.0,0.0,0.0,0.0,0.0,0.0,0.0,0.0,0.0,0.0,0.0,0.0,0.0,0.0,0.0,0.0,,0.0,0.0,0.0,,0.0,,0.0,,0.0,,0.0,,,,,,,,,,,,,,,,,,,,,,0,0,84,11
7,region_07,2024-07-27,,,,,,,,,,,,,,,0.0,0.0,,,,,,,,,,,,,,,,,,,,,,,,,0.0,0.0,,,,,,,,,,,,,0.0,0.0,0.0,0.0,0.0,0.0,0.0,0.0,0.0,0.0,0.0,0.0,,,0.0,0.0,0.0,0.0,0.0,0.0,0.0,0.0,0.0,0.0,0.0,0.0,0.0,0.0,0.0,0.0,0.0,0.0,0.0,0.0,0.0,0.0,0.0,0.0,0.0,0.0,0.0,0.0,0.0,0.0,0.0,0.0,0.0,0.0,0.0,0.0,0.0,0.0,0.0,0.0,0.0,0.0,0.0,0.0,0.0,0.0,0.0,0.0,0.0,0.0,0.0,0.0,0.0,0.0,0.034078563938473666,0.0,0.0,0.0,0.0,0.0,0.0,0.0,0.005548795007846546,0.0,0.03312523909096069,0.0,0.005690314190525682,0.0,0.0,,0.0,0.0,0.0,0.0,0.006270050200698158,0.0,0.0,0.0,0.027772721233757493,0.0,0.03490838377426063,0.0,0.0,0.0,0.05842971964638466,0.0,0.006863758843583579,0.0,0.1589782596632624,0.0,0.2778376057034447,0.0,0.16749205911185314,0.0,0.005361040324391943,0.0,0.0,0.0,0.021629331075058187,0.0,0.0,0.0,0.0,0.0,0.10580770852153787,0.0,0.0,,0.004408533119463471,0.0,0.0,,0.0,,0.0,,0.0,,0.0,,0.032850395150289084,0.0,0.0,,0.007777613225496459,0.0,0.0,,0.004245870460111335,2.0,0.0,,0.0,,,,,,,,0.0,,,,,,,,,,,,0.0,0.0,0.0,0.0,0.0,0.0,0.0,0.0,0.0,0.0,0.0,0.0,0.0,0.0,0.0,0.0,0.0,0.0,0.0,0.0,0.0,0.0,0.0,0.0,0.0,0.0,0.0,0.0,0.0,0.0,0.0,0.0,0.0,0.0,0.0,0.0,0.0,0.0,0.0,0.0,0.0,,0.0,0.0,0.0,,0.0,,0.0,,0.0,,0.0,,,,,,,,,,,,,,,,,,,,,,0,1,84,12
7,region_07,2024-08-03,,,,,,,,,,,,,,,0.0,0.0,,,,,,,,,,,,,,,,,,,,,,,,,0.0,0.0,,,,,,,,,,,,,0.0,0.0,0.0,0.0,0.0,0.0,0.0,0.0,0.0,0.0,0.0,0.0,,,0.0,0.0,0.0,0.0,0.0,0.0,0.0,0.0,0.0,0.0,0.0,0.0,0.0,0.0,0.0,0.0,0.0,0.0,0.0,0.0,0.0,0.0,0.0,0.0,0.0,0.0,0.0,0.0,0.0,0.0,0.0,0.0,0.0,0.0,0.0,0.0,0.0,0.0,0.0,0.0,0.0,0.0,0.0,0.0,0.0,0.0,0.0,0.0,0.0,0.0,0.0,0.0,0.0,0.0,0.0187146232596465,0.0,0.0,0.0,0.0,0.0,0.0,0.0,0.0,0.0,0.062266242291246096,0.0,0.00327192648546765,0.0,0.0,,0.0,0.0,0.0,0.0,0.005846733338243852,0.0,0.0,0.0,0.029597121867395534,0.0,0.0470573467512925,0.0,0.0,0.0,0.041892317079362376,0.0,0.009489872138060204,0.0,0.1749659125742159,0.0,0.24083509189741947,0.0,0.17789052284899207,0.0,0.004028713585631423,0.0,0.0,0.0,0.011553400772668023,0.0,0.0,0.0,0.0,0.0,0.1287987176328897,0.0,0.0,,0.008817066238926943,0.0,0.0,,0.0,,0.0,,0.0,,0.0,,0.030489741957613344,0.0,0.0,,0.0,0.0,0.0,,0.00849174092022267,0.0,0.0,,0.0,,,,,,,,0.0,,,,,,,,,,,,0.0,0.0,0.0,0.0,0.0,0.0,0.0,0.0,0.0,0.0,0.0,0.0,0.0,0.0,0.0,0.0,0.0,0.0,0.0,0.0,0.0,0.0,0.0,0.0,0.0,0.0,0.0,0.0,0.0,0.0,0.0,0.0,0.0,0.0,0.0,0.0,0.0,0.0,0.0,0.0,0.0,,0.0,0.0,0.0,,0.0,,0.0,,0.0,,0.0,,,,,,,,,,,,,,,,,,,,,,0,0,85,13
7,region_07,2024-08-10,,,,,,,,,,,,,,,0.0,0.0,,,,,,,,,,,,,,,,,,,,,,,,,0.0,0.0,,,,,,,,,,,,,0.0,0.0,0.0,0.0,0.0,0.0,0.0,0.0,0.0,0.0,0.0,0.0,,,0.0,0.0,0.0,0.0,0.0,0.0,0.0,0.0,0.0,0.0,0.0,0.0,0.0,0.0,0.0,0.0,0.0,0.0,0.0,0.0,0.0,0.0,0.0,0.0,0.0,0.0,0.0,0.0,0.0,0.0,0.0,0.0,0.0,0.0,0.0,0.0,0.0,0.0,0.0,0.0,0.0,0.0,0.0,0.0,0.0,0.0,0.0,0.0,0.0,0.0,0.0,0.0,0.0,0.0,0.02308206740500667,0.0,0.0008811223836216358,0.0,0.0,0.0,0.0,0.0,0.001526888881070406,0.0,0.0417930981942585,0.0,0.0026227738853776376,0.0,0.001051434611256846,2.0,0.0,0.0,0.0,0.0,0.004936476648574464,0.0,0.0,0.0,0.03168033781417064,0.0,0.04130308997506892,0.0,0.0,0.0,0.043702455308465685,0.0,0.004744936069030102,0.0,0.1632693270711522,0.0,0.23678331694432664,0.0,0.2150030143913768,0.0,0.009343072596848669,0.0,0.0,0.0,0.014040369363058136,0.0,0.0,0.0,0.002073325379751598,0.0,0.12936056740581986,0.0,0.0010532149462960418,2.0,0.004408533119463471,0.0,0.0010384674200654858,2.0,0.0,,0.0,,0.0,,0.0,,0.021508682399455942,0.0,0.0,,0.0,0.0,0.0,,0.007261049790451116,0.0,0.0,,0.0,,,,,,,,0.0,,,,,,,,,,,,0.0,0.0,0.0,0.0,0.0,0.0,0.0,0.0,0.0,0.0,0.0,0.0,0.0,0.0,0.0,0.0,0.0,0.0,0.0,0.0,0.0,0.0,0.0,0.0,0.0,0.0,0.0,0.0,0.0,0.0,0.0,0.0,0.0,0.0,0.0,0.0,0.0,0.0,0.0,0.0,0.0,,0.0,0.0,0.0,,0.0,,0.0,,0.0,,0.0,,,,,,,,,,,,,,,,,,,,,,0,3,85,14
7,region_07,2024-08-17,,,,,,,,,,,,,,,0.0,0.0,,,,,,,,,,,,,,,,,,,,,,,,,0.0,0.0,,,,,,,,,,,,,0.0,0.0,0.0,0.0,0.0,0.0,0.0,0.0,0.0,0.0,0.0,0.0,,,0.0,0.0,0.0,0.0,0.0,0.0,0.0,0.0,0.0,0.0,0.0,0.0,0.0,0.0,0.0,0.0,0.0,0.0,0.0,0.0,0.0,0.0,0.0,0.0,0.0,0.0,0.0,0.0,0.0,0.0,0.0,0.0,0.0,0.0,0.0,0.0,0.0,0.0,0.0,0.0,0.0,0.0,0.0,0.0,0.0,0.0,0.0,0.0,0.0,0.0,0.0,0.0,0.0,0.0,0.027449511550366838,0.0,0.0017622447672432716,0.0,0.0,0.0,0.0,0.0,0.003053777762140812,0.0,0.02131995409727091,0.0,0.001973621285287625,0.0,0.002102869222513692,0.0,0.0,0.0,0.0,0.0,0.004026219958905075,0.0,0.0,0.0,0.033763553760945746,0.0,0.035548833198845345,0.0,0.0,0.0,0.045512593537569,0.0,0.0,0.0,0.15157274156808848,0.0,0.23273154199123378,0.0,0.25211550593376153,0.0,0.014657431608065916,0.0,0.0,0.0,0.016527337953448247,0.0,0.0,0.0,0.004146650759503196,0.0,0.12992241717875,0.0,0.0021064298925920835,0.0,0.0,0.0,0.0020769348401309716,0.0,0.0,,0.0,,0.0,,0.0,,0.012527622841298536,0.0,0.0,,0.0,0.0,0.0,,0.006030358660679562,0.0,0.0,,0.0,,,,,,,,0.0,,,,,,,,,,,,0.0,0.0,0.0,0.0,0.0,0.0,0.0,0.0,0.0,0.0,0.0,0.0,0.0,0.0,0.0,0.0,0.0,0.0,0.0,0.0,0.0,0.0,0.0,0.0,0.0,0.0,0.0,0.0,0.0,0.0,0.0,0.0,0.0,0.0,0.0,0.0,0.0,0.0,0.0,0.0,0.0,,0.0,0.0,0.0,,0.0,,0.0,,0.0,,0.0,,,,,,,,,,,,,,,,,,,,,,0,0,88,15
7,region_07,2024-08-24,,,,,,,,,,,,,,,0.0,0.0,,,,,,,,,,,,,,,,,,,,,,,,,0.0,0.0,,,,,,,,,,,,,0.0,0.0,0.0,0.0,0.0,0.0,0.0,0.0,0.0,0.0,0.0,0.0,,,0.0,0.0,0.0,0.0,0.0,0.0,0.0,0.0,0.0,0.0,0.0,0.0,0.0,0.0,0.0,0.0,0.0,0.0,0.0,0.0,0.0,0.0,0.0,0.0,0.0,0.0,0.0,0.0,0.0,0.0,0.0,0.0,0.0,0.0,0.0,0.0,0.0,0.0,0.0,0.0,0.0,0.0,0.0,0.0,0.0,0.0,0.0,0.0,0.0,0.0,0.0,0.0,0.0,0.0,0.02684270897880192,0.0,0.0008811223836216358,0.0,0.0,0.0,0.0,0.0,0.0037804676975619032,0.0,0.011347298871260104,0.0,0.00763172839443927,0.0,0.010289822642404807,0.0,0.0,0.0,0.0,0.0,0.0031717117309055113,0.0,0.0,0.0,0.033766176164346254,0.0,0.03310250490903849,0.0,0.0,0.0,0.051294262589592646,0.0,0.009555974681126414,0.0,0.1426970827344216,0.0,0.19915349961895687,0.0,0.2902446925640106,0.0,0.014999881378178882,0.0,0.0,0.0,0.012490418298464024,0.0,0.0,0.0,0.002073325379751598,0.0,0.12237549354567336,0.0,0.004520642331853045,0.0,0.0,0.0,0.0010384674200654858,0.0,0.0,,0.0,,0.0,,0.0,,0.01166613305379681,0.0,0.0,,0.0023116182484146357,0.0,0.0037609851704193693,2.0,0.003015179330339781,0.0,0.0,,0.0,,,,,,,,0.0,,,,,,,,,,,,0.0,0.0,0.0,0.0,0.0,0.0,0.0,0.0,0.0,0.0,0.0,0.0,0.0,0.0,0.0,0.0,0.0,0.0,0.0,0.0,0.0,0.0,0.0,0.0,0.0,0.0,0.0,0.0,0.0,0.0,0.0,0.0,0.0,0.0,0.0,0.0,0.0,0.0,0.0,0.0,0.0,,0.005736883092475537,0.0,0.0,,0.0,,0.0,,0.0,,0.0,,,,,,,,,,,,,,,,,,,,,,0,1,88,16
7,region_07,2024-08-31,,,,,,,,,,,,,,,0.0,0.0,,,,,,,,,,,,,,,,,,,,,,,,,0.0,0.0,,,,,,,,,,,,,0.0,0.0,0.0,0.0,0.0,0.0,0.0,0.0,0.0,0.0,0.0,0.0,,,0.0,0.0,0.0,0.0,0.0,0.0,0.0,0.0,0.0,0.0,0.0,0.0,0.0,0.0,0.0,0.0,0.0,0.0,0.0,0.0,0.0,0.0,0.0,0.0,0.0,0.0,0.0,0.0,0.0,0.0,0.0,0.0,0.0,0.0,0.0,0.0,0.0,0.0,0.0,0.0,0.0,0.0,0.0,0.0,0.0,0.0,0.0,0.0,0.0,0.0,0.0,0.0,0.0,0.0,0.026235906407237,0.0,0.0,0.0,0.0,0.0,0.0,0.0,0.0045071576329829945,0.0,0.0013746436452493,0.0,0.013289835503590915,0.0,0.018476776062295922,0.0,0.0,0.0,0.0,0.0,0.0023172035029059472,0.0,0.0,0.0,0.03376879856774677,0.0,0.030656176619231625,0.0,0.0,0.0,0.0570759316416163,0.0,0.019111949362252828,0.0,0.13382142390075477,0.0,0.16557545724667996,0.0,0.32837387919425964,0.0,0.015342331148291848,0.0,0.0,0.0,0.0084534986434798,0.0,0.0,0.0,0.0,0.0,0.11482856991259671,0.0,0.006934854771114006,0.0,0.0,0.0,0.0,0.0,0.0,,0.0,,0.0,,0.0,,0.010804643266295084,0.0,0.0,,0.0046232364968292715,0.0,0.0075219703408387385,0.0,0.0,0.0,0.0,,0.0,,,,,,,,0.0,,,,,,,,,,,,0.0,0.0,0.0,0.0,0.0,0.0,0.0,0.0,0.0,0.0,0.0,0.0,0.0,0.0,0.0,0.0,0.0,0.0,0.0,0.0,0.0,0.0,0.0,0.0,0.0,0.0,0.0,0.0,0.0,0.0,0.0,0.0,0.0,0.0,0.0,0.0,0.0,0.0,0.0,0.0,0.0,,0.011473766184951073,0.0,0.0,,0.0,,0.0,,0.0,,0.0,,,,,,,,,,,,,,,,,,,,,,0,0,89,17
7,region_07,2024-09-07,,,,,,,,,,,,,,,0.0,0.0,,,,,,,,,,,,,,,,,,,,,,,,,0.0,0.0,,,,,,,,,,,,,0.0,0.0,0.0,0.0,0.0,0.0,0.0,0.0,0.0,0.0,0.0,0.0,,,0.0,0.0,0.0,0.0,0.0,0.0,0.0,0.0,0.0,0.0,0.0,0.0,0.0,0.0,0.0,0.0,0.0,0.0,0.0,0.0,0.0,0.0,0.0,0.0,0.0,0.0,0.0,0.0,0.0,0.0,0.0,0.0,0.0,0.0,0.0,0.0,0.0,0.0,0.0,0.0,0.0,0.0,0.0,0.0,0.0,0.0,0.0,0.0,0.0,0.0,0.0,0.0,0.0,0.0,0.01733348298714388,0.0,0.0,0.0,0.0,0.0,0.0,0.0,0.0022535788164914972,0.0,0.0038318717140807586,0.0,0.00879738770521404,0.0,0.009238388031147961,0.0,0.0,0.0,0.0,0.0,0.0011586017514529736,0.0,0.0,0.0,0.02644742191333472,0.0,0.027558755491756674,0.0,0.0,0.0,0.04127414423798083,0.0,0.014408670408019405,0.0,0.10513795633413633,0.0,0.14182851428699766,0.0,0.3825947377416823,0.0,0.007671165574145924,0.0,0.0,0.0,0.0042267493217399,0.0,0.0,0.0,0.0,0.0,0.143517586451612,0.0,0.014439490649642162,0.0,0.0,0.0,0.0,0.0,0.0,,0.0,,0.0,,0.0,,0.011934415479490146,0.0,0.0,,0.010557769409691239,0.0,0.01264666701452085,0.0,0.0,0.0,0.0,,0.0,,,,,,,,0.0,,,,,,,,,,,,0.0,0.0,0.0,0.0,0.0,0.0,0.0,0.0,0.0,0.0,0.0,0.0,0.0,0.0,0.0,0.0,0.0,0.0,0.0,0.0,0.0,0.0,0.0,0.0,0.0,0.0,0.0,0.0,0.0,0.0,0.0,0.0,0.0,0.0,0.0,0.0,0.0,0.0,0.0,0.0,0.0,,0.01951191365740621,0.0,0.0,,0.0,,0.0,,0.0,,0.0,,,,,,,,,,,,,,,,,,,,,,0,0,89,18
7,region_07,2024-09-14,,,,,,,,,,,,,,,0.0,0.0,,,,,,,,,,,,,,,,,,,,,,,,,0.0,0.0,,,,,,,,,,,,,0.0,0.0,0.0,0.0,0.0,0.0,0.0,0.0,0.0,0.0,0.0,0.0,,,0.0,0.0,0.0,0.0,0.0,0.0,0.0,0.0,0.0,0.0,0.0,0.0,0.0,0.0,0.0,0.0,0.0,0.0,0.0,0.0,0.0,0.0,0.0,0.0,0.0,0.0,0.0,0.0,0.0,0.0,0.0,0.0,0.0,0.0,0.0,0.0,0.0,0.0,0.0,0.0,0.0,0.0,0.0,0.0,0.0,0.0,0.0,0.0,0.0,0.0,0.0,0.0,0.0,0.0,0.008431059567050762,0.0,0.0,0.0,0.0,0.0,0.0,0.0,0.0,0.0,0.006289099782912217,0.0,0.004304939906837167,0.0,0.0,0.0,0.0,0.0,0.0,0.0,0.0,0.0,0.0,0.0,0.019126045258922673,0.0,0.024461334364281728,0.0,0.0,0.0,0.02547235683434535,0.0,0.009705391453785983,0.0,0.07645448876751788,0.0,0.1180815713273154,0.0,0.4368155962891049,0.0,0.0,0.0,0.0,0.0,0.0,0.0,0.0,0.0,0.0,0.0,0.17220660299062726,0.0,0.02194412652817032,0.0,0.0,0.0,0.0,0.0,0.0,,0.0,,0.0,,0.0,,0.013064187692685206,0.0,0.0,,0.016492302322553207,0.0,0.01777136368820296,0.0,0.0,0.0,0.0,,0.0,,,,,,,,0.0,,,,,,,,,,,,0.0,0.0,0.0,0.0,0.0,0.0,0.0,0.0,0.0,0.0,0.0,0.0,0.0,0.0,0.0,0.0,0.0,0.0,0.0,0.0,0.0,0.0,0.0,0.0,0.0,0.0,0.0,0.0,0.0,0.0,0.0,0.0,0.0,0.0,0.0,0.0,0.0,0.0,0.0,0.0,0.0,,0.027550061129861355,0.0,0.0,,0.0,,0.0,,0.0,,0.0,,,,,,,,,,,,,,,,,,,,,,0,0,89,19
7,region_07,2024-09-21,,,,,,,,,,,,,,,0.0,0.0,,,,,,,,,,,,,,,,,,,,,,,,,0.0,0.0,,,,,,,,,,,,,0.0,0.0,0.0,0.0,0.0,0.0,0.0,0.0,0.0,0.0,0.0,0.0,,,0.0,0.0,0.0,0.0,0.0,0.0,0.0,0.0,0.0,0.0,0.0,0.0,0.0,0.0,0.0,0.0,0.0,0.0,0.0,0.0,0.0,0.0,0.0,0.0,0.0,0.0,0.0,0.0,0.0,0.0,0.0,0.0,0.0,0.0,0.0,0.0,0.0,0.0,0.0,0.0,0.0,0.0,0.0,0.0,0.0,0.0,0.0,0.0,0.0,0.0,0.0,0.0,0.0,0.0,0.016212324111180627,0.0,0.0,0.0,0.0,0.0,0.0,0.0,0.0,0.0,0.011853858829305453,0.0,0.003695389035985651,0.0,0.0,0.0,0.0,0.0,0.0,0.0,0.0,0.0,0.0,0.0,0.009563022629461336,0.0,0.012230667182140864,0.0,0.0,0.0,0.026148805644338774,0.0,0.004852695726892992,0.0,0.07437334155552403,0.0,0.1123483702053431,0.0,0.4956509698914666,0.0,0.0,0.0,0.0,0.0,0.0037050759282839436,0.0,0.0,0.0,0.0,0.0,0.12326235868609867,0.0,0.020620798241663546,0.0,0.0,0.0,0.0041724256007000535,0.0,0.0,,0.0,,0.0,,0.0,,0.010237169774626546,0.0,0.0,,0.010057189165511009,0.0,0.016269915164090078,0.0,0.0036921166599942845,0.0,0.0,,0.0,,,,,,,,0.0,,,,,,,,,,,,0.0,0.0,0.0,0.0,0.0,0.0,0.0,0.0,0.0,0.0,0.0,0.0,0.0,0.0,0.0,0.0,0.0,0.0,0.0,0.0,0.0,0.0,0.0,0.0,0.0,0.0,0.0,0.0,0.0,0.0,0.0,0.0,0.0,0.0,0.0,0.0,0.0,0.0,0.0,0.0,0.0,,0.04424654448928392,0.0,0.0,,0.0,,0.0,,0.0,,0.0,,,,,,,,,,,,,,,,,,,,,,0,0,89,20
7,region_07,2024-09-28,,,,,,,,,,,,,,,0.0,0.0,,,,,,,,,,,,,,,,,,,,,,,,,0.0,0.0,,,,,,,,,,,,,0.0,0.0,0.0,0.0,0.0,0.0,0.0,0.0,0.0,0.0,0.0,0.0,,,0.0,0.0,0.0,0.0,0.0,0.0,0.0,0.0,0.0,0.0,0.0,0.0,0.0,0.0,0.0,0.0,0.0,0.0,0.0,0.0,0.0,0.0,0.0,0.0,0.0,0.0,0.0,0.0,0.0,0.0,0.0,0.0,0.0,0.0,0.0,0.0,0.0,0.0,0.0,0.0,0.0,0.0,0.0,0.0,0.0,0.0,0.0,0.0,0.0,0.0,0.0,0.0,0.0,0.0,0.02399358865531049,0.0,0.0,0.0,0.0,0.0,0.0,0.0,0.0,0.0,0.017418617875698688,0.0,0.003085838165134135,0.0,0.0,0.0,0.0,0.0,0.0,0.0,0.0,0.0,0.0,0.0,0.0,0.0,0.0,0.0,0.0,0.0,0.026825254454332193,0.0,0.0,0.0,0.07229219434353017,0.0,0.10661516908337083,0.0,0.5544863434938284,0.0,0.0,0.0,0.0,0.0,0.007410151856567887,0.0,0.0,0.0,0.0,0.0,0.07431811438157006,0.0,0.019297469955156774,0.0,0.0,0.0,0.008344851201400107,0.0,0.0,,0.0,,0.0,,0.0,,0.007410151856567887,0.0,0.0,,0.0036220760084688117,0.0,0.014768466639977192,0.0,0.007384233319988569,0.0,0.0,,0.0,,,,,,,,0.0,,,,,,,,,,,,0.0,0.0,0.0,0.0,0.0,0.0,0.0,0.0,0.0,0.0,0.0,0.0,0.0,0.0,0.0,0.0,0.0,0.0,0.0,0.0,0.0,0.0,0.0,0.0,0.0,0.0,0.0,0.0,0.0,0.0,0.0,0.0,0.0,0.0,0.0,0.0,0.0,0.0,0.0,0.0,0.0,,0.060943027848706484,0.0,0.0,,0.0,,0.0,,0.0,,0.0,,,,,,,,,,,,,,,,,,,,,,0,0,89,21
7,region_07,2024-10-05,,,,,,,,,,,,,,,0.0,0.0,,,,,,,,,,,,,,,,,,,,,,,,,0.0,0.0,,,,,,,,,,,,,0.0,0.0,0.0,0.0,0.0,0.0,0.0,0.0,0.0,0.0,0.0,0.0,,,0.0,0.0,0.0,0.0,0.0,0.0,0.0,0.0,0.0,0.0,0.0,0.0,0.0,0.0,0.0,0.0,0.0,0.0,0.0,0.0,0.0,0.0,0.0,0.0,0.0,0.0,0.0,0.0,0.0,0.0,0.0,0.0,0.0,0.0,0.0,0.0,0.0,0.0,0.0,0.0,0.0,0.0,0.0,0.0,0.0,0.0,0.00445690431321658,0.0,0.0,0.0,0.0,0.0,0.0,0.0,0.02371442674056569,0.0,0.0,0.0,0.0,0.0,0.0,0.0,0.0,0.0,0.008709308937849344,0.0,0.0015429190825670676,0.0,0.0,0.0,0.0,0.0,0.0,0.0,0.0,0.0,0.0,0.0,0.0,0.0,0.0045779916981700565,0.0,0.0,0.0,0.019215930874719622,0.0,0.0,0.0,0.05203503422224173,0.0,0.11814695571129225,0.0,0.5827202228112862,0.0,0.0,0.0,0.0,0.0,0.0037050759282839436,0.0,0.0,0.0,0.0,0.0,0.04962337922412326,0.0,0.012262452332994521,0.0,0.0,0.0,0.0041724256007000535,0.0,0.0,,0.0,,0.0,,0.0,,0.006318793283700078,0.0,0.0,,0.0018110380042344059,0.0,0.016476252761024653,0.0,0.006473171220232615,0.0,0.0,,0.0,,,,,,,,0.0,,,,,,,,,,,,0.0,0.0,0.0,0.0,0.0,0.0,0.0,0.0,0.0,0.0,0.0,0.0,0.0,0.0,0.0,0.0,0.0,0.0,0.0,0.0,0.0,0.0,0.0,0.0,0.0,0.0,0.0,0.0,0.0,0.0,0.0,0.0,0.0,0.0,0.0,0.0,0.0,0.0,0.0,0.0,0.0,,0.0906260540781944,0.0,0.0,,0.0,,0.0,,0.0,,0.0,,,,,,,,,,,,,,,,,,,,,,0,0,89,22
7,region_07,2024-10-12,,,,,,,,,,,,,,,0.0,0.0,,,,,,,,,,,,,,,,,,,,,,,,,0.0,0.0,,,,,,,,,,,,,0.0,0.0,0.0,0.0,0.0,0.0,0.0,0.0,0.0,0.0,0.0,0.0,,,0.0,0.0,0.0,0.0,0.0,0.0,0.0,0.0,0.0,0.0,0.0,0.0,0.0,0.0,0.0,0.0,0.0,0.0,0.0,0.0,0.0,0.0,0.0,0.0,0.0,0.0,0.0,0.0,0.0,0.0,0.0,0.0,0.0,0.0,0.0,0.0,0.0,0.0,0.0,0.0,0.0,0.0,0.0,0.0,0.0,0.0,0.00891380862643316,0.0,0.0,0.0,0.0,0.0,0.0,0.0,0.023435264825820888,0.0,0.0,0.0,0.0,0.0,0.0,0.0,0.0,0.0,0.0,0.0,0.0,0.0,0.0,0.0,0.0,0.0,0.0,0.0,0.0,0.0,0.0,0.0,0.0,0.0,0.009155983396340113,0.0,0.0,0.0,0.01160660729510705,0.0,0.0,0.0,0.03177787410095329,0.0,0.12967874233921364,0.0,0.6109541021287441,0.0,0.0,0.0,0.0,0.0,0.0,0.0,0.0,0.0,0.0,0.0,0.024928644066676463,0.0,0.0052274347108322685,0.0,0.0,0.0,0.0,0.0,0.0,,0.0,,0.0,,0.0,,0.0052274347108322685,0.0,0.0,,0.0,0.0,0.018184038882072116,0.0,0.005562109120476662,0.0,0.0,,0.0,,,,,,,,0.0,,,,,,,,,,,,0.0,0.0,0.0,0.0,0.0,0.0,0.0,0.0,0.0,0.0,0.0,0.0,0.0,0.0,0.0,0.0,0.0,0.0,0.0,0.0,0.0,0.0,0.0,0.0,0.0,0.0,0.0,0.0,0.0,0.0,0.0,0.0,0.0,0.0,0.0,0.0,0.0,0.0,0.0,0.0,0.0,,0.12030908030768232,0.0,0.0,,0.0,,0.0,,0.0,,0.0,,,,,,,,,,,,,,,,,,,,,,0,0,89,23
7,region_07,2024-10-19,,,,,,,,,,,,,,,0.0,0.0,,,,,,,,,,,,,,,,,,,,,,,,,0.0,0.0,,,,,,,,,,,,,0.0,0.0,0.0,0.0,0.0,0.0,0.0,0.0,0.0,0.0,0.0,0.0,,,0.0,0.0,0.0,0.0,0.0,0.0,0.0,0.0,0.0,0.0,0.0,0.0,0.0,0.0,0.0,0.0,0.0,0.0,0.0,0.0,0.0,0.0,0.0,0.0,0.0,0.0,0.0,0.0,0.0,0.0,0.0,0.0,0.0,0.0,0.0,0.0,0.0,0.0,0.0,0.0,0.0,0.0,0.0,0.0,0.0,0.0,0.00445690431321658,0.0,0.0,0.0,0.0,0.0,0.0,0.0,0.038187689706683126,0.0,0.0,0.0,0.0,0.0,0.0,0.0,0.0,0.0,0.0,0.0,0.0,0.0,0.0,0.0,0.0,0.0,0.0,0.0,0.0,0.0,0.0,0.0,0.0,0.0,0.013285786679868225,0.0,0.0,0.0,0.014511098629251692,0.0,0.0,0.0,0.03787082009948786,0.0,0.07525421964625512,0.0,0.5838039796799421,0.0,0.0,0.0,0.0,0.0,0.0,0.0,0.0,0.0,0.0,0.0,0.012464322033338231,0.0,0.023107349848335863,0.0,0.0,0.0,0.0,0.0,0.0,,0.0,,0.0,,0.0,,0.0026137173554161342,0.0,0.0,,0.02842651630441346,0.0,0.009092019441036058,0.0,0.002781054560238331,0.0,0.0,,0.0,,,,,,,,0.0,,,,,,,,,,,,0.0,0.0,0.0,0.0,0.0,0.0,0.0,0.0,0.0,0.0,0.0,0.0,0.0,0.0,0.0,0.0,0.0,0.0,0.0,0.0,0.0,0.0,0.0,0.0,0.0,0.0,0.0,0.0,0.0,0.0,0.0,0.0,0.0,0.0,0.0,0.0,0.0,0.0,0.0,0.0,0.0,,0.156625083896021,0.0,0.0,,0.0,,0.0,,0.0,,0.0,,,,,,,,,,,,,,,,,,,,,,0,0,89,24
7,region_07,2024-10-26,,,,,,,,,,,,,,,0.0,0.0,,,,,,,,,,,,,,,,,,,,,,,,,0.0,0.0,,,,,,,,,,,,,0.0,0.0,0.0,0.0,0.0,0.0,0.0,0.0,0.0,0.0,0.0,0.0,,,0.0,0.0,0.0,0.0,0.0,0.0,0.0,0.0,0.0,0.0,0.0,0.0,0.0,0.0,0.0,0.0,0.0,0.0,0.0,0.0,0.0,0.0,0.0,0.0,0.0,0.0,0.0,0.0,0.0,0.0,0.0,0.0,0.0,0.0,0.0,0.0,0.0,0.0,0.0,0.0,0.0,0.0,0.0,0.0,0.0,0.0,0.0,0.0,0.0,0.0,0.0,0.0,0.0,0.0,0.052940114587545356,0.0,0.0,0.0,0.0,0.0,0.0,0.0,0.0,0.0,0.0,0.0,0.0,0.0,0.0,0.0,0.0,0.0,0.0,0.0,0.0,0.0,0.0,0.0,0.0,0.0,0.017415589963396337,0.0,0.0,0.0,0.017415589963396337,0.0,0.0,0.0,0.043963766098022425,0.0,0.020829696953296607,0.0,0.5566538572311401,0.0,0.0,0.0,0.0,0.0,0.0,0.0,0.0,0.0,0.0,0.0,0.0,0.0,0.04098726498583946,0.0,0.0,0.0,0.0,0.0,0.0,,0.0,,0.0,,0.0,,0.0,0.0,0.0,,0.05685303260882692,0.0,0.0,0.0,0.0,0.0,0.0,,0.0,,,,,,,,0.0,,,,,,,,,,,,0.0,0.0,0.0,0.0,0.0,0.0,0.0,0.0,0.0,0.0,0.0,0.0,0.0,0.0,0.0,0.0,0.0,0.0,0.0,0.0,0.0,0.0,0.0,0.0,0.0,0.0,0.0,0.0,0.0,0.0,0.0,0.0,0.0,0.0,0.0,0.0,0.0,0.0,0.0,0.0,0.0,,0.1929410874843597,0.0,0.0,,0.0,,0.0,,0.0,,0.0,,,,,,,,,,,,,,,,,,,,,,0,0,89,25
7,region_07,2024-11-02,,,,,,,,,,,,,,,0.0,0.0,,,,,,,,,,,,,,,,,,,,,,,,,0.0,0.0,,,,,,,,,,,,,0.0,0.0,0.0,0.0,0.0,0.0,0.0,0.0,0.0,0.0,0.0,0.0,,,0.0,0.0,0.0,0.0,0.0,0.0,0.0,0.0,0.0,0.0,0.0,0.0,0.0,0.0,0.0,0.0,0.0,0.0,0.0,0.0,0.0,0.0,0.0,0.0,0.0,0.0,0.0,0.0,0.0,0.0,0.0,0.0,0.0,0.0,0.0,0.0,0.0,0.0,0.0,0.0,0.0,0.0,0.0,0.0,0.0,0.0,0.0,0.0,0.0,0.0,0.0,0.0,0.0,0.0,0.026470057293772678,0.0,0.0,0.0,0.0,0.0,0.0,0.0,0.0,0.0,0.0,0.0,0.0,0.0,0.0,0.0,0.0,0.0,0.0,0.0,0.0,0.0,0.0077718255872075955,0.0,0.0,0.0,0.016715625156870143,0.0,0.0,0.0,0.008707794981698169,0.0,0.0,0.0,0.02661241519797057,0.0,0.013929288741201116,0.0,0.6171430902821677,0.0,0.0,0.0,0.0,0.0,0.0,0.0,0.0,0.0,0.0,0.0,0.004630532148959358,0.0,0.028857970455040474,0.0,0.010932162636890985,0.0,0.0,0.0,0.0,,0.0,,0.0,,0.0,,0.0,0.0,0.0,,0.04481407258482202,0.0,0.01657793670892713,0.0,0.0,0.0,0.0,,0.0,,,,,,,,0.0,,,,,,,,,,,,0.0,0.0,0.0,0.0,0.0,0.0,0.0,0.0,0.0,0.0,0.0,0.0,0.0,0.0,0.0,0.0,0.0,0.0,0.0,0.0,0.0,0.0,0.0,0.0,0.0,0.0,0.0,0.0,0.0,0.0,0.0,0.0,0.0,0.0,0.0,0.0,0.0,0.0,0.0,0.0,0.0,,0.17912827740822518,0.0,0.0,,0.0,,0.0,,0.0,,0.0,,,,,,,,,,,,,,,,,,,,,,0,0,89,26
7,region_07,2024-11-09,,,,,,,,,,,,,,,0.0,0.0,,,,,,,,,,,,,,,,,,,,,,,,,0.0,0.0,,,,,,,,,,,,,0.0,0.0,0.0,0.0,0.0,0.0,0.0,0.0,0.0,0.0,0.0,0.0,,,0.0,0.0,0.0,0.0,0.0,0.0,0.0,0.0,0.0,0.0,0.0,0.0,0.0,0.0,0.0,0.0,0.0,0.0,0.0,0.0,0.0,0.0,0.0,0.0,0.0,0.0,0.0,0.0,0.0,0.0,0.0,0.0,0.0,0.0,0.0,0.0,0.0,0.0,0.0,0.0,0.0,0.0,0.0,0.0,0.0,0.0,0.0,0.0,0.0,0.0,0.0,0.0,0.0,0.0,0.0,0.0,0.0,0.0,0.0,0.0,0.0,0.0,0.0,0.0,0.0,0.0,0.0,0.0,0.0,0.0,0.0,0.0,0.0,0.0,0.0,0.0,0.015543651174415191,0.0,0.0,0.0,0.01601566035034395,0.0,0.0,0.0,0.0,0.0,0.0,0.0,0.009261064297918715,0.0,0.007028880529105625,0.0,0.6776323233331952,0.0,0.0,0.0,0.0,0.0,0.0,0.0,0.0,0.0,0.0,0.0,0.009261064297918715,0.0,0.016728675924241484,0.0,0.02186432527378197,0.0,0.0,0.0,0.0,,0.0,,0.0,,0.0,,0.0,0.0,0.0,,0.03277511256081713,0.0,0.03315587341785426,0.0,0.0,0.0,0.0,,0.0,,,,,,,,0.0,,,,,,,,,,,,0.0,0.0,0.0,0.0,0.0,0.0,0.0,0.0,0.0,0.0,0.0,0.0,0.0,0.0,0.0,0.0,0.0,0.0,0.0,0.0,0.0,0.0,0.0,0.0,0.0,0.0,0.0,0.0,0.0,0.0,0.0,0.0,0.0,0.0,0.0,0.0,0.0,0.0,0.0,0.0,0.0,,0.16531546733209063,0.0,0.0,,0.0,,0.0,,0.0,,0.0,,,,,,,,,,,,,,,,,,,,,,0,0,89,27
7,region_07,2024-11-16,,,,,,,,,,,,,,,0.0,0.0,,,,,,,,,,,,,,,,,,,,,,,,,0.0,0.0,,,,,,,,,,,,,0.0,0.0,0.0,0.0,0.0,0.0,0.0,0.0,0.0,0.0,0.0,0.0,,,0.0,0.0,0.0,0.0,0.0,0.0,0.0,0.0,0.0,0.0,0.0,0.0,0.0,0.0,0.0,0.0,0.0,0.0,0.0,0.0,0.0,0.0,0.0,0.0,0.0,0.0,0.0,0.0,0.0,0.0,0.0,0.0,0.0,0.0,0.0,0.0,0.0,0.0,0.0,0.0,0.0,0.0,0.0,0.0,0.0,0.0,0.0,0.0,0.0,0.0,0.0,0.0,0.0,0.0,0.0,0.0,0.0,0.0,0.0,0.0,0.0,0.0,0.0,0.0,0.0,0.0,0.0,0.0,0.0,0.0,0.0,0.0,0.0,0.0,0.0,0.0,0.01721960674933708,0.0,0.0,0.0,0.008007830175171975,0.0,0.0,0.0,0.0,0.0,0.0,0.0,0.004630532148959358,0.0,0.008595468592829975,0.0,0.5356087859842803,0.0,0.0,0.0,0.0,0.0,0.0,0.0,0.0,0.0,0.0,0.0,0.004630532148959358,0.0,0.031518777796568725,0.0,0.010932162636890985,0.0,0.01048286603047295,0.0,0.0,,0.0,,0.0,,0.0,,0.0,0.0,0.0,,0.016387556280408565,0.0,0.022563687704790048,0.0,0.0,0.0,0.0,,0.0,,,,,,,,0.0,,,,,,,,,,,,0.0,0.0,0.0,0.0,0.0,0.0,0.0,0.0,0.0,0.0,0.0,0.0,0.0,0.0,0.0,0.0,0.0,0.0,0.0,0.0,0.0,0.0,0.0,0.0,0.0,0.0,0.0,0.0,0.0,0.0,0.0,0.0,0.0,0.0,0.0,0.0,0.0,0.0,0.0,0.0,0.0,,0.3321521372667381,0.0,0.0,,0.005985750995862919,2.0,0.0,,0.0,,0.0,,,,,,,,,,,,,,,,,,,,,,0,1,89,28
7,region_07,2024-11-23,,,,,,,,,,,,,,,0.0,0.0,,,,,,,,,,,,,,,,,,,,,,,,,0.0,0.0,,,,,,,,,,,,,0.0,0.0,0.0,0.0,0.0,0.0,0.0,0.0,0.0,0.0,0.0,0.0,,,0.0,0.0,0.0,0.0,0.0,0.0,0.0,0.0,0.0,0.0,0.0,0.0,0.0,0.0,0.0,0.0,0.0,0.0,0.0,0.0,0.0,0.0,0.0,0.0,0.0,0.0,0.0,0.0,0.0,0.0,0.0,0.0,0.0,0.0,0.0,0.0,0.0,0.0,0.0,0.0,0.0,0.0,0.0,0.0,0.0,0.0,0.0,0.0,0.0,0.0,0.0,0.0,0.0,0.0,0.0,0.0,0.0,0.0,0.0,0.0,0.0,0.0,0.0,0.0,0.0,0.0,0.0,0.0,0.0,0.0,0.0,0.0,0.0,0.0,0.0,0.0,0.018895562324258968,0.0,0.0,0.0,0.0,0.0,0.0,0.0,0.0,0.0,0.0,0.0,0.0,0.0,0.010162056656554324,0.0,0.3935852486353654,0.0,0.0,0.0,0.0,0.0,0.0,0.0,0.0,0.0,0.0,0.0,0.0,0.0,0.046308879668895964,0.0,0.0,0.0,0.0209657320609459,0.0,0.0,,0.0,,0.0,,0.0,,0.0,0.0,0.0,,0.0,0.0,0.011971501991725838,0.0,0.0,0.0,0.0,,0.0,,,,,,,,0.0,,,,,,,,,,,,0.0,0.0,0.0,0.0,0.0,0.0,0.0,0.0,0.0,0.0,0.0,0.0,0.0,0.0,0.0,0.0,0.0,0.0,0.0,0.0,0.0,0.0,0.0,0.0,0.0,0.0,0.0,0.0,0.0,0.0,0.0,0.0,0.0,0.0,0.0,0.0,0.0,0.0,0.0,0.0,0.0,,0.4989888072013855,0.0,0.0,,0.011971501991725838,0.0,0.0,,0.0,,0.0,,,,,,,,,,,,,,,,,,,,,,0,0,90,29
7,region_07,2024-11-30,,,,,,,,,,,,,,,0.0,0.0,,,,,,,,,,,,,,,,,,,,,,,,,0.0,0.0,,,,,,,,,,,,,0.0,0.0,0.0,0.0,0.0,0.0,0.0,0.0,0.0,0.0,0.0,0.0,,,0.0,0.0,0.0,0.0,0.0,0.0,0.0,0.0,0.0,0.0,0.0,0.0,0.0,0.0,0.0,0.0,0.0,0.0,0.0,0.0,0.0,0.0,0.0,0.0,0.0,0.0,0.0,0.0,0.0,0.0,0.0,0.0,0.0,0.0,0.0,0.0,0.0,0.0,0.0,0.0,0.0,0.0,0.0,0.0,0.0,0.0,0.0,0.0,0.0,0.0,0.0,0.0,0.0,0.0,0.005710036299812275,0.0,0.0,0.0,0.0,0.0,0.0,0.0,0.0,0.0,0.0,0.0,0.0,0.0,0.0039149289950728165,0.0,0.0,0.0,0.0,0.0,0.0,0.0,0.009447781162129484,0.0,0.0,0.0,0.0,0.0,0.0,0.0,0.0,0.0,0.0,0.0,0.0,0.0,0.01223315170500424,0.0,0.39802636468148495,0.0,0.0,0.0,0.0,0.0,0.0,0.0,0.0,0.0,0.0,0.0,0.0,0.0,0.03295938286763157,0.0,0.0,0.0,0.03180882694104156,0.0,0.0,,0.0,,0.0,,0.0,,0.0,0.0,0.0,,0.008996301873897487,0.0,0.011695787295675194,0.0,0.007152123376727079,0.0,0.0,,0.0,,,,,,,,0.0,,,,,,,,,,,,0.0,0.0,0.0,0.0,0.0,0.0,0.0,0.0,0.0,0.0,0.0,0.0,0.0,0.0,0.0,0.0,0.0,0.0,0.0,0.0,0.0,0.0,0.0,0.0,0.0,0.0,0.0,0.0,0.0,0.0,0.0,0.0,0.0,0.0,0.0,0.0,0.0,0.0,0.0,0.0,0.0,,0.43176956226428354,0.0,0.014173837611451722,2.0,0.020159588607314642,0.0,0.005677564861252885,2.0,0.0,,0.0,,,,,,,,,,,,,,,,,,,,,,0,2,90,30
7,region_07,2024-12-07,,,,,,,,,,,,,,,0.0,0.0,,,,,,,,,,,,,,,,,,,,,,,,,0.0,0.0,,,,,,,,,,,,,0.0,0.0,0.0,0.0,0.0,0.0,0.0,0.0,0.0,0.0,0.0,0.0,,,0.0,0.0,0.0,0.0,0.0,0.0,0.0,0.0,0.0,0.0,0.0,0.0,0.0,0.0,0.0,0.0,0.0,0.0,0.0,0.0,0.0,0.0,0.0,0.0,0.0,0.0,0.0,0.0,0.0,0.0,0.0,0.0,0.0,0.0,0.0,0.0,0.0,0.0,0.0,0.0,0.0,0.0,0.0,0.0,0.0,0.0,0.0,0.0,0.0,0.0,0.0,0.0,0.0,0.0,0.01142007259962455,0.0,0.0,0.0,0.0,0.0,0.0,0.0,0.0,0.0,0.0,0.0,0.0,0.0,0.007829857990145633,0.0,0.0,0.0,0.0,0.0,0.0,0.0,0.0,0.0,0.0,0.0,0.0,0.0,0.0,0.0,0.0,0.0,0.0,0.0,0.0,0.0,0.014304246753454158,0.0,0.40246748072760447,0.0,0.0,0.0,0.0,0.0,0.0,0.0,0.0,0.0,0.0,0.0,0.0,0.0,0.019609886066367176,0.0,0.0,0.0,0.04265192182113722,0.0,0.0,,0.0,,0.0,,0.0,,0.0,0.0,0.0,,0.017992603747794975,0.0,0.01142007259962455,0.0,0.014304246753454158,0.0,0.0,,0.0,,,,,,,,0.0,,,,,,,,,,,,0.0,0.0,0.0,0.0,0.0,0.0,0.0,0.0,0.0,0.0,0.0,0.0,0.0,0.0,0.0,0.0,0.0,0.0,0.0,0.0,0.0,0.0,0.0,0.0,0.0,0.0,0.0,0.0,0.0,0.0,0.0,0.0,0.0,0.0,0.0,0.0,0.0,0.0,0.0,0.0,0.0,,0.3645503173271815,0.0,0.028347675222903445,0.0,0.028347675222903445,0.0,0.01135512972250577,0.0,0.0,,0.0,,,,,,,,,,,,,,,,,,,,,,0,0,92,31
7,region_07,2024-12-14,,,,,,,,,,,,,,,0.001431953012278007,0.0,,,,,,,,,,,,,,,,,,,,,,,,,0.0,0.0,,,,,,,,,,,,,0.0,0.0,0.0,0.0,0.0,0.0,0.0,0.0,0.0,0.0,0.0,0.0,,,0.0,0.0,0.0,0.0,0.0,0.0,0.0,0.0,0.0,0.0,0.0,0.0,0.0,0.0,0.0,0.0,0.0,0.0,0.0,0.0,0.0,0.0,0.0,0.0,0.0,0.0,0.0,0.0,0.0,0.0,0.0,0.0,0.0,0.0,0.0,0.0,0.0,0.0,0.0,0.0,0.0,0.0,0.0,0.0,0.0,0.0,0.0,0.0,0.0,0.0,0.0,0.0,0.0,0.0,0.005710036299812275,0.0,0.0,0.0,0.0,0.0,0.0,0.0,0.0,0.0,0.0,0.0,0.0,0.0,0.00517209103175745,0.0,0.0,0.0,0.0,0.0,0.0,0.0,0.0,0.0,0.0,0.0,0.0,0.0,0.0,0.0,0.0,0.0,0.0,0.0,0.0,0.0,0.01332484131368493,0.0,0.40464164742401665,0.0,0.0,0.0,0.0,0.0,0.0015348723920231273,0.0,0.0,0.0,0.0,0.0,0.009717212058603738,0.0,0.03912473493255671,0.0,0.0,0.0,0.02132596091056861,0.0,0.0,,0.0,,0.0,,0.0,,0.0,0.0,0.027043359664579204,1.0,0.012254609978602525,0.0,0.04517944820690896,0.0,0.007152123376727079,0.0,0.0,,0.0,,,,,,,,0.0,,,,,,,,,,,,0.0,0.0,0.0,0.0,0.0,0.0,0.0,0.0,0.0,0.0,0.0,0.0,0.0,0.0,0.0,0.0,0.0,0.0,0.0,0.0,0.0,0.0,0.0,0.0,0.0,0.0,0.0,0.0,0.0,0.0,0.0,0.0,0.0,0.0,0.0,0.0,0.0,0.0,0.0,0.0,0.0,,0.3525837336977323,0.0,0.015711396656115498,0.0,0.015894838269256625,0.0,0.00736561703961338,0.0,0.0,,0.0,,,,,,,,,,,,,,,,,,,,,,1,0,92,0
7,region_07,2024-12-21,,,,,,,,,,,,,,,0.002863906024556014,0.0,,,,,,,,,,,,,,,,,,,,,,,,,0.0,0.0,,,,,,,,,,,,,0.0,0.0,0.0,0.0,0.0,0.0,0.0,0.0,0.0,0.0,0.0,0.0,,,0.0,0.0,0.0,0.0,0.0,0.0,0.0,0.0,0.0,0.0,0.0,0.0,0.0,0.0,0.0,0.0,0.0,0.0,0.0,0.0,0.0,0.0,0.0,0.0,0.0,0.0,0.0,0.0,0.0,0.0,0.0,0.0,0.0,0.0,0.0,0.0,0.0,0.0,0.0,0.0,0.0,0.0,0.0,0.0,0.0,0.0,0.0,0.0,0.0,0.0,0.0,0.0,0.0,0.0,0.0,0.0,0.0,0.0,0.0,0.0,0.0,0.0,0.0,0.0,0.0,0.0,0.0,0.0,0.002514324073369267,0.0,0.0,0.0,0.0,0.0,0.0,0.0,0.0,0.0,0.0,0.0,0.0,0.0,0.0,0.0,0.0,0.0,0.0,0.0,0.0,0.0,0.0123454358739157,0.0,0.4068158141204289,0.0,0.0,0.0,0.0,0.0,0.0030697447840462547,0.0,0.0,0.0,0.0,0.0,0.019434424117207475,0.0,0.05863958379874623,0.0,0.0,0.0,0.0,0.0,0.0,,0.0,,0.0,,0.0,,0.0,0.0,0.05408671932915841,0.0,0.0065166162094100755,0.0,0.07893882381419337,0.0,0.0,0.0,0.0,,0.0,,,,,,,,0.0,,,,,,,,,,,,0.0,0.0,0.0,0.0,0.0,0.0,0.0,0.0,0.0,0.0,0.0,0.0,0.0,0.0,0.0,0.0,0.0,0.0,0.0,0.0,0.0,0.0,0.0,0.0,0.0,0.0,0.0,0.0,0.0,0.0,0.0,0.0,0.0,0.0,0.0,0.0,0.0,0.0,0.0,0.0,0.0,,0.3406171500682831,0.0,0.00307511808932755,0.0,0.003442001315609808,0.0,0.00337610435672099,0.0,0.0,,0.0,,,,,,,,,,,,,,,,,,,,,,0,0,93,1
7,region_07,2024-12-28,,,,,,,,,,,,,,,0.001431953012278007,0.0,,,,,,,,,,,,,,,,,,,,,,,,,0.0,0.0,,,,,,,,,,,,,0.0,0.0,0.0,0.0,0.0,0.0,0.0,0.0,0.0,0.0,0.0,0.0,,,0.0,0.0,0.0,0.0,0.0,0.0,0.0,0.0,0.0,0.0,0.0,0.0,0.0,0.0,0.0,0.0,0.0,0.0,0.0,0.0,0.0,0.0,0.0,0.0,0.0,0.0,0.0,0.0,0.0,0.0,0.0,0.0,0.0,0.0,0.0,0.0,0.0,0.0,0.0,0.0,0.0,0.0,0.0,0.0,0.0,0.0,0.0,0.0,0.0,0.0,0.0,0.0,0.0,0.0,0.014686232686720086,0.0,0.0,0.0,0.0,0.0,0.0,0.0,0.0,0.0,0.0,0.0,0.0,0.0,0.0033952372226242833,0.0,0.0,0.0,0.0,0.0,0.0,0.0,0.0,0.0,0.0,0.0,0.0015844826353713752,0.0,0.0,0.0,0.0031226558203343124,0.0,0.0,0.0,0.007576777472753391,0.0,0.020184622110911793,0.0,0.32956903060148285,0.0,0.0,0.0,0.0,0.0,0.0015348723920231273,0.0,0.0,0.0,0.0,0.0,0.009717212058603738,0.0,0.04911285056027043,0.0,0.0,0.0,0.0,0.0,0.0,,0.0,,0.0,,0.0,,0.0,0.0,0.08131089719068818,0.0,0.04874782847140778,0.0,0.0488443520823211,0.0,0.0,0.0,0.0,,0.0,,,,,,,,0.0,,,,,,,,,,,,0.0,0.0,0.0,0.0,0.0,0.0,0.0,0.0,0.0,0.0,0.0,0.0,0.0,0.0,0.0,0.0,0.0,0.0,0.0,0.0,0.0,0.0,0.0,0.0,0.0,0.0,0.0,0.0,0.0,0.0,0.0,0.0,0.0,0.0,0.0,0.0,0.0,0.0,0.0,0.0,0.0,,0.3546381511471488,0.0,0.001537559044663775,0.0,0.017916886494882975,0.0,0.0052163952961563655,0.0,0.0,,0.0,,,,,,,,,,,,,,,,,,,,,,0,0,93,2
7,region_07,2025-01-04,,,,,,,,,,,,,,,0.0,0.0,,,,,,,,,,,,,,,,,,,,,,,,,0.0,0.0,,,,,,,,,,,,,0.0,0.0,0.0,0.0,0.0,0.0,0.0,0.0,0.0,0.0,0.0,0.0,,,0.0,0.0,0.0,0.0,0.0,0.0,0.0,0.0,0.0,0.0,0.0,0.0,0.0,0.0,0.0,0.0,0.0,0.0,0.0,0.0,0.0,0.0,0.0,0.0,0.0,0.0,0.0,0.0,0.0,0.0,0.0,0.0,0.0,0.0,0.0,0.0,0.0,0.0,0.0,0.0,0.0,0.0,0.0,0.0,0.0,0.0,0.0,0.0,0.0,0.0,0.0,0.0,0.0,0.0,0.02937246537344017,0.0,0.0,0.0,0.0,0.0,0.0,0.0,0.0,0.0,0.0,0.0,0.0,0.0,0.0042761503718793,0.0,0.0,0.0,0.0,0.0,0.0,0.0,0.0,0.0,0.0,0.0,0.0031689652707427504,0.0,0.0,0.0,0.006245311640668625,0.0,0.0,0.0,0.015153554945506782,0.0,0.028023808347907884,0.0,0.2523222470825368,0.0,0.0,0.0,0.0,0.0,0.0,0.0,0.0,0.0,0.0,0.0,0.0,0.0,0.03958611732179463,0.0,0.0,0.0,0.0,0.0,0.0,,0.0,,0.0,,0.0,,0.0,0.0,0.10853507505221796,0.0,0.09097904073340549,0.0,0.01874988035044883,0.0,0.0,0.0,0.0,,0.0,,,,,,,,0.0,,,,,,,,,,,,0.0,0.0,0.0,0.0,0.0,0.0,0.0,0.0,0.0,0.0,0.0,0.0,0.0,0.0,0.0,0.0,0.0,0.0,0.0,0.0,0.0,0.0,0.0,0.0,0.0,0.0,0.0,0.0,0.0,0.0,0.0,0.0,0.0,0.0,0.0,0.0,0.0,0.0,0.0,0.0,0.0,,0.3686591522260146,0.0,0.0,0.0,0.03239177167415614,0.0,0.00705668623559174,0.0,0.0,,0.0,,,,,,,,,,,,,,,,,,,,,,0,0,93,3
7,region_07,2025-01-11,,,,,,,,,,,,,,,0.0,0.0,,,,,,,,,,,,,,,,,,,,,,,,,0.0,0.0,,,,,,,,,,,,,0.0,0.0,0.0,0.0,0.0,0.0,0.0,0.0,0.0,0.0,0.0,0.0,,,0.0,0.0,0.0,0.0,0.0,0.0,0.0,0.0,0.0,0.0,0.0,0.0,0.0,0.0,0.0,0.0,0.0,0.0,0.0,0.0,0.0,0.0,0.0,0.0,0.0,0.0,0.0,0.0,0.0,0.0,0.0,0.0,0.0,0.0,0.0,0.0,0.0,0.0,0.0,0.0,0.0,0.0,0.0,0.0,0.0,0.0,0.0,0.0,0.0,0.0,0.0,0.0,0.0,0.0,0.02085856173441486,0.0,0.0,0.0,0.0,0.0,0.0,0.0,0.0,0.0,0.0,0.0,0.0,0.0,0.00213807518593965,0.0,0.0,0.0,0.0,0.0,0.0,0.0,0.0,0.0,0.0,0.0,0.004330299171205159,0.0,0.0,0.0,0.0031226558203343124,0.0,0.0,0.0,0.007576777472753391,0.0,0.035051259906454475,0.0,0.20716221081939606,0.0,0.0,0.0,0.0,0.0,0.0,0.0,0.0,0.0,0.0,0.0,0.0,0.0,0.034996294424953736,0.0,0.0,0.0,0.00437690347898749,0.0,0.0014964131793628,2.0,0.0,,0.0,,0.0,,0.0,0.0,0.13350498992385282,0.0,0.06859879584184711,0.0,0.0108935362087901,0.0,0.0,0.0,0.0,,0.0,,,,,,,,0.0,,,,,,,,,,,,0.0,0.0,0.0,0.0,0.0,0.0,0.0,0.0,0.0,0.0,0.0,0.0,0.0,0.0,0.0,0.0,0.0,0.0,0.0,0.0,0.0,0.0,0.0,0.0,0.0,0.0,0.0,0.0,0.0,0.0,0.0,0.0,0.0,0.0,0.0,0.0,0.0,0.0,0.0,0.0,0.0,,0.4197707020423629,0.0,0.003918587074925484,0.0,0.03139912160113449,0.0,0.01587300121318545,0.0,0.0,,0.0,,,,,,,,,,,,,,,,,,,,,,0,1,93,4
7,region_07,2025-01-18,,,,,,,,,,,,,,,0.0,0.0,,,,,,,,,,,,,,,,,,,,,,,,,0.0,0.0,,,,,,,,,,,,,0.0,0.0,0.0,0.0,0.0,0.0,0.0,0.0,0.0,0.0,0.0,0.0,,,0.0,0.0,0.0,0.0,0.0,0.0,0.0,0.0,0.0,0.0,0.0,0.0,0.0,0.0,0.0,0.0,0.0,0.0,0.0,0.0,0.0,0.0,0.0,0.0,0.0,0.0,0.0,0.0,0.0,0.0,0.0,0.0,0.0,0.0,0.0,0.0,0.0,0.0,0.0,0.0,0.0,0.0,0.0,0.0,0.0,0.0,0.0,0.0,0.0,0.0,0.0,0.0,0.0,0.0,0.01234465809538955,0.0,0.0,0.0,0.0,0.0,0.0,0.0,0.0,0.0,0.0,0.0,0.0,0.0,0.0,0.0,0.0,0.0,0.0,0.0,0.0,0.0,0.0,0.0,0.0,0.0,0.005491633071667567,0.0,0.0,0.0,0.0,0.0,0.0,0.0,0.0,0.0,0.04207871146500106,0.0,0.16200217455625532,0.0,0.0,0.0,0.0,0.0,0.0,0.0,0.0,0.0,0.0,0.0,0.0,0.0,0.03040647152811284,0.0,0.0,0.0,0.00875380695797498,0.0,0.0029928263587256,0.0,0.0,,0.0,,0.0,,0.0,0.0,0.15847490479548768,0.0,0.04621855095028872,0.0,0.00303719206713137,0.0,0.0,0.0,0.0,,0.0,,,,,,,,0.0,,,,,,,,,,,,0.0,0.0,0.0,0.0,0.0,0.0,0.0,0.0,0.0,0.0,0.0,0.0,0.0,0.0,0.0,0.0,0.0,0.0,0.0,0.0,0.0,0.0,0.0,0.0,0.0,0.0,0.0,0.0,0.0,0.0,0.0,0.0,0.0,0.0,0.0,0.0,0.0,0.0,0.0,0.0,0.0,,0.47088225185871124,0.0,0.007837174149850967,0.0,0.03040647152811284,0.0,0.02468931619077916,0.0,0.0,,0.0,,,,,,,,,,,,,,,,,,,,,,0,0,94,5
7,region_07,2025-01-25,,,,,,,,,,,,,,,0.0,0.0,,,,,,,,,,,,,,,,,,,,,,,,,0.0,0.0,,,,,,,,,,,,,0.0,0.0,0.0,0.0,0.0,0.0,0.0,0.0,0.0,0.0,0.0,0.0,,,0.0,0.0,0.0,0.0,0.0,0.0,0.0,0.0,0.0,0.0,0.0,0.0,0.0,0.0,0.0,0.0,0.0,0.0,0.0,0.0,0.0,0.0,0.0,0.0,0.0,0.0,0.0,0.0,0.0,0.0,0.0,0.0,0.0,0.0,0.0,0.0,0.0,0.0,0.0,0.0,0.0,0.0,0.0,0.0,0.0,0.0,0.0,0.0,0.0,0.0,0.0,0.0,0.0,0.0,0.009005854542677558,0.0,0.0,0.0,0.0,0.0,0.0,0.0,0.0,0.0,0.0,0.0,0.0,0.0,0.0,0.0,0.0,0.0,0.0,0.0,0.0,0.0,0.0,0.0,0.0,0.0,0.006593186260452305,0.0,0.0,0.0,0.0,0.0,0.0,0.0,0.0,0.0,0.03406495930006102,0.0,0.12864367123693224,0.0,0.0,0.0,0.0,0.0,0.0,0.0,0.0,0.0,0.0,0.0,0.0,0.0,0.052223067616836844,0.0,0.0,0.0,0.00437690347898749,0.0,0.0014964131793628,0.0,0.0,,0.0,,0.0,,0.0,0.0,0.19769484425584471,0.0,0.04269775669607846,0.0,0.020361735348382714,0.0,0.0,0.0,0.0,,0.0,,,,,,,,0.006546053569763869,2.0,,,,,,,,,,,0.0,0.0,0.0,0.0,0.0,0.0,0.0,0.0,0.0,0.0,0.0,0.0,0.0,0.0,0.0,0.0,0.0,0.0,0.0,0.0,0.0,0.0,0.0,0.0,0.0,0.0,0.0,0.0,0.0,0.0,0.0,0.0,0.0,0.0,0.0,0.0,0.0,0.0,0.0,0.0,0.0,,0.4461505804210901,0.0,0.005457141304699044,0.0,0.01520323576405642,0.0,0.03608059110119932,0.0,0.0,,0.0,,,,,,,,,,,,,,,,,,,,,,0,1,94,6
7,region_07,2025-02-01,,,,,,,,,,,,,,,0.0,0.0,,,,,,,,,,,,,,,,,,,,,,,,,0.0,0.0,,,,,,,,,,,,,0.0,0.0,0.0,0.0,0.0,0.0,0.0,0.0,0.0,0.0,0.0,0.0,,,0.0,0.0,0.0,0.0,0.0,0.0,0.0,0.0,0.0,0.0,0.0,0.0,0.0,0.0,0.0,0.0,0.0,0.0,0.0,0.0,0.0,0.0,0.0,0.0,0.0,0.0,0.0,0.0,0.0,0.0,0.0,0.0,0.0,0.0,0.0,0.0,0.0,0.0,0.0,0.0,0.0,0.0,0.0,0.0,0.0,0.0,0.0,0.0,0.0,0.0,0.0,0.0,0.0,0.0,0.005667050989965567,0.0,0.0,0.0,0.0,0.0,0.0,0.0,0.0,0.0,0.0,0.0,0.0,0.0,0.0,0.0,0.0,0.0,0.0,0.0,0.0,0.0,0.0,0.0,0.0,0.0,0.0076947394492370425,0.0,0.0,0.0,0.0,0.0,0.0,0.0,0.0,0.0,0.026051207135120977,0.0,0.09528516791760917,0.0,0.0,0.0,0.0,0.0,0.0,0.0,0.0,0.0,0.0,0.0,0.0,0.0,0.07403966370556084,0.0,0.0,0.0,0.0,0.0,0.0,0.0,0.0,,0.0,,0.0,,0.0,0.0,0.23691478371620175,0.0,0.039176962441868204,0.0,0.03768627862963406,0.0,0.0,0.0,0.0,,0.0,,,,,,,,0.013092107139527739,0.0,,,,,,,,,,,0.0,0.0,0.0,0.0,0.0,0.0,0.0,0.0,0.0,0.0,0.0,0.0,0.0,0.0,0.0,0.0,0.0,0.0,0.0,0.0,0.0,0.0,0.0,0.0,0.0,0.0,0.0,0.0,0.0,0.0,0.0,0.0,0.0,0.0,0.0,0.0,0.0,0.0,0.0,0.0,0.0,,0.421418908983469,0.0,0.0030771084595471202,0.0,0.0,0.0,0.04747186601161949,0.0,0.0,,0.0,,,,,,,,,,,,,,,,,,,,,,0,0,95,7
7,region_07,2025-02-08,,,,,,,,,,,,,,,0.0,0.0,,,,,,,,,,,,,,,,,,,,,,,,,0.0,0.0,,,,,,,,,,,,,0.0,0.0,0.0,0.0,0.0,0.0,0.0,0.0,0.0,0.0,0.0,0.0,,,0.0,0.0,0.0,0.0,0.0,0.0,0.0,0.0,0.0,0.0,0.0,0.0,0.0,0.0,0.0,0.0,0.0,0.0,0.0,0.0,0.0,0.0,0.0,0.0,0.0,0.0,0.0,0.0,0.0,0.0,0.0,0.0,0.0,0.0,0.0,0.0,0.0,0.0,0.0,0.0,0.0,0.0,0.0,0.0,0.0,0.0,0.0,0.0,0.0,0.0,0.0,0.0,0.0,0.0,0.0028335254949827834,0.0,0.0,0.0,0.0,0.0,0.0,0.0,0.0,0.0,0.0,0.0,0.0010038335652401002,0.0,0.0,0.0,0.0,0.0,0.0,0.0,0.0,0.0,0.0,0.0,0.0,0.0,0.0038473697246185212,0.0,0.0,0.0,0.0,0.0,0.0,0.0,0.0,0.0,0.014396540025093857,0.0,0.09432042343541976,0.0,0.0,0.0,0.0,0.0,0.0,0.0,0.0,0.0,0.0,0.0,0.0,0.0,0.07784854506866795,0.0,0.0,0.0,0.0024720164365135,0.0,0.0,0.0,0.00137163272593168,2.0,0.00154121490195391,2.0,0.0,,0.0,0.0,0.2806014865636825,0.0,0.03360688796318649,0.0,0.03283813237471294,0.0,0.0050801954930648,0.0,0.0,,0.0,,,,,,,,0.00808726847171778,0.0,,,,,,,,,,,0.0,0.0,0.0,0.0,0.0,0.0,0.0,0.0,0.0,0.0,0.0,0.0,0.0,0.0,0.0,0.0,0.0,0.0,0.0,0.0,0.0,0.0,0.0,0.0,0.0,0.0,0.0,0.0,0.0,0.0,0.0,0.0,0.0,0.0,0.0,0.0,0.0,0.0,0.0,0.0,0.0010038335652401002,2.0,0.38920546509325504,0.0,0.0048401621403172165,0.0,0.012985717621631894,0.0,0.04260484222322697,0.0,0.0,,0.0,,,,,,,,,,,,,,,,,,,,,,0,3,95,8
7,region_07,2025-02-15,,,,,,,,,,,,,,,0.0,0.0,,,,,,,,,,,,,,,,,,,,,,,,,0.0,0.0,,,,,,,,,,,,,0.0,0.0,0.0,0.0,0.0,0.0,0.0,0.0,0.0,0.0,0.0,0.0,,,0.0,0.0,0.0,0.0,0.0,0.0,0.0,0.0,0.0,0.0,0.0,0.0,0.0,0.0,0.0,0.0,0.0,0.0,0.0,0.0,0.0,0.0,0.0,0.0,0.0,0.0,0.0,0.0,0.0,0.0,0.0,0.0,0.0,0.0,0.0,0.0,0.0,0.0,0.0,0.0,0.0,0.0,0.0,0.0,0.0,0.0,0.0,0.0,0.0,0.0,0.0,0.0,0.0,0.0,0.0,0.0,0.0,0.0,0.0,0.0,0.0,0.0,0.0,0.0,0.0,0.0,0.0020076671304802003,0.0,0.0,0.0,0.0,0.0,0.0,0.0,0.0,0.0,0.0,0.0,0.0,0.0,0.0,0.0,0.0,0.0,0.0,0.0,0.0,0.0,0.0,0.0,0.0027418729150667375,0.0,0.09335567895323034,0.0,0.0,0.0,0.0,0.0,0.0,0.0,0.0,0.0,0.0,0.0,0.0,0.0,0.08165742643177505,0.0,0.0,0.0,0.004944032873027,0.0,0.0,0.0,0.00274326545186336,0.0,0.00308242980390782,0.0,0.0,,0.0,0.0,0.3242881894111633,0.0,0.028036813484504774,0.0,0.027989986119791824,0.0,0.0101603909861296,0.0,0.0,,0.0,,,,,,,,0.00308242980390782,0.0,,,,,,,,,,,0.0,0.0,0.0,0.0,0.0,0.0,0.0,0.0,0.0,0.0,0.0,0.0,0.0,0.0,0.0,0.0,0.0,0.0,0.0,0.0,0.0,0.0,0.0,0.0,0.0,0.0,0.0,0.0,0.0,0.0,0.0,0.0,0.0,0.0,0.0,0.0,0.0,0.0,0.0,0.0,0.0020076671304802003,0.0,0.3569920212030411,0.0,0.006603215821087313,0.0,0.02597143524326379,0.0,0.03773781843483445,0.0,0.0,,0.0,,,,,,,,,,,,,,,,,,,,,,0,0,98,9
7,region_07,2025-02-22,,,,,,,,,,,,,,,0.0,0.0,,,,,,,,,,,,,,,,,,,,,,,,,0.0,0.0,,,,,,,,,,,,,0.0,0.0,0.0,0.0,0.0,0.0,0.0,0.0,0.0,0.0,0.0,0.0,,,0.0,0.0,0.0,0.0,0.0,0.0,0.0,0.0,0.0,0.0,0.0,0.0,0.0,0.0,0.0,0.0,0.0,0.0,0.0,0.0,0.0,0.0,0.0,0.0,0.0,0.0,0.0,0.0,0.0,0.0,0.0,0.0,0.0,0.0,0.0,0.0,0.0,0.0,0.0,0.0,0.0,0.0,0.0,0.0,0.0,0.0,0.0,0.0,0.0,0.0,0.0,0.0,0.0,0.0,0.010695922720645136,0.0,0.0,0.0,0.0,0.0,0.0,0.0,0.0,0.0,0.0,0.0,0.0010038335652401002,0.0,0.0,0.0,0.0,0.0,0.0,0.0,0.0,0.0,0.0,0.0,0.0,0.0,0.0033338841361303835,0.0,0.0,0.0,0.0,0.0,0.0,0.0,0.0,0.0,0.005321150570775205,0.0,0.08784988941624755,0.0,0.0,0.0,0.0,0.0,0.0,0.0,0.0,0.0,0.0,0.0,0.0,0.0,0.08346565781782066,0.0,0.0,0.0,0.006492584286856293,0.0,0.0020582377134511667,0.0,0.00392961616162206,0.0,0.00409919833764429,0.0,0.0,,0.0,0.0,0.34250204690865105,0.0,0.022006990570974085,0.0,0.025348051401254283,0.0,0.012229176587425134,0.0,0.0,,0.0,,,,,,,,0.00154121490195391,0.0,,,,,,,,,,,0.0,0.0,0.0,0.0,0.0,0.0,0.0,0.0,0.0,0.0,0.0,0.0,0.0,0.0,0.0,0.0,0.0,0.0,0.0,0.0,0.0,0.0,0.0,0.0,0.0,0.0,0.0,0.0,0.0,0.0,0.0,0.0,0.0,0.0,0.0,0.0,0.0,0.0,0.0,0.0,0.0010038335652401002,0.0,0.3557106969611985,0.0,0.005148582393303473,0.0,0.012985717621631894,0.0,0.03187340524579793,0.0,0.0,,0.0,,,,,,,,,,,,,,,,,,,,,,0,0,98,10
7,region_07,2025-03-01,,,,,,,,,,,,,,,0.0,0.0,,,,,,,,,,,,,,,,,,,,,,,,,0.0,0.0,,,,,,,,,,,,,0.0,0.0,0.0,0.0,0.0,0.0,0.0,0.0,0.0,0.0,0.0,0.0,,,0.0,0.0,0.0,0.0,0.0,0.0,0.0,0.0,0.0,0.0,0.0,0.0,0.0,0.0,0.0,0.0,0.0,0.0,0.0,0.0,0.0,0.0,0.0,0.0,0.0,0.0,0.0,0.0,0.0,0.0,0.0,0.0,0.0,0.0,0.0,0.0,0.0,0.0,0.0,0.0,0.0,0.0,0.0,0.0,0.0,0.0,0.0,0.0,0.0,0.0,0.0,0.0,0.0,0.0,0.02139184544129027,0.0,0.0,0.0,0.0,0.0,0.0,0.0,0.0,0.0,0.0,0.0,0.0,0.0,0.0,0.0,0.0,0.0,0.0,0.0,0.0,0.0,0.0,0.0,0.0,0.0,0.006667768272260767,0.0,0.0,0.0,0.0,0.0,0.0,0.0,0.0,0.0,0.007900428226483671,0.0,0.08234409987926478,0.0,0.0,0.0,0.0,0.0,0.0,0.0,0.0,0.0,0.0,0.0,0.0,0.0,0.08527388920386626,0.0,0.0,0.0,0.008041135700685586,0.0,0.0041164754269023334,0.0,0.0051159668713807605,0.0,0.0051159668713807605,0.0,0.0,,0.0,0.0,0.3607159044061388,0.0,0.0159771676574434,0.0,0.022706116682716743,0.0,0.014297962188720667,0.0,0.0,,0.0,,,,,,,,0.0,0.0,,,,,,,,,,,0.0,0.0,0.0,0.0,0.0,0.0,0.0,0.0,0.0,0.0,0.0,0.0,0.0,0.0,0.0,0.0,0.0,0.0,0.0,0.0,0.0,0.0,0.0,0.0,0.0,0.0,0.0,0.0,0.0,0.0,0.0,0.0,0.0,0.0,0.0,0.0,0.0,0.0,0.0,0.0,0.0,0.0,0.35442937271935593,0.0,0.0036939489655196333,0.0,0.0,0.0,0.026008992056761413,0.0,0.0,,0.0,,,,,,,,,,,,,,,,,,,,,,0,0,98,11
7,region_07,2025-03-08,,,,,,,,,,,,,,,0.0,0.0,,,,,,,,,,,,,,,,,,,,,,,,,0.0,0.0,,,,,,,,,,,,,0.0,0.0,0.0,0.0,0.0,0.0,0.0,0.0,0.0,0.0,0.0,0.0,,,0.0,0.0,0.0,0.0,0.0,0.0,0.0,0.0,0.0,0.0,0.0,0.0,0.0,0.0,0.0,0.0,0.0,0.0,0.0,0.0,0.0,0.0,0.0,0.0,0.0,0.0,0.0,0.0,0.0,0.0,0.0,0.0,0.0,0.0,0.0,0.0,0.0,0.0,0.0,0.0,0.0,0.0,0.0,0.0,0.0,0.0,0.0,0.0,0.0,0.0,0.0,0.0,0.0,0.0,0.014160797625247886,0.0,0.0,0.0,0.0,0.0,0.0,0.0,0.0,0.0,0.0,0.0,0.0,0.0,0.0,0.0,0.0,0.0,0.0,0.0,0.0,0.0,0.0,0.0,0.0,0.0,0.0033338841361303835,0.0,0.0,0.0,0.0,0.0,0.0,0.0,0.0,0.0,0.003950214113241836,0.0,0.08223354505995906,0.0,0.0,0.0,0.0,0.0,0.0,0.0,0.0,0.0,0.0,0.0,0.0,0.0,0.06373236328363413,0.0,0.0,0.0,0.010200277613919367,0.0,0.0020582377134511667,0.0,0.0025579834356903803,0.0,0.0025579834356903803,0.0,0.0,,0.0,0.0,0.3223069700456801,0.0,0.01465404133445445,0.0,0.07111808990261381,0.0,0.010454333852976533,0.0,0.0,,0.0,,,,,,,,0.0,0.0,,,,,,,,,,,0.0,0.0,0.0,0.0,0.0,0.0,0.0,0.0,0.0,0.0,0.0,0.0,0.0,0.0,0.0,0.0,0.0,0.0,0.0,0.0,0.0,0.0,0.0,0.0,0.0,0.0,0.0,0.0,0.0,0.0,0.0,0.0,0.0,0.0,0.0,0.0,0.0,0.0,0.0,0.0,0.0,0.0,0.3555241840935889,0.0,0.02651876622500515,0.0,0.0,0.0,0.02881228127738545,0.0,0.0,,0.0,,,,,,,,,,,,,,,,,,,,,,0,0,98,12
7,region_07,2025-03-15,,,,,,,,,,,,,,,0.0,0.0,,,,,,,,,,,,,,,,,,,,,,,,,0.0,0.0,,,,,,,,,,,,,0.0,0.0,0.0,0.0,0.0,0.0,0.0,0.0,0.0,0.0,0.0,0.0,,,0.0,0.0,0.0,0.0,0.0,0.0,0.0,0.0,0.0,0.0,0.0,0.0,0.0,0.0,0.0,0.0,0.0,0.0,0.0,0.0,0.0,0.0,0.0,0.0,0.0,0.0,0.0,0.0,0.0,0.0,0.0,0.0,0.0,0.0,0.0,0.0,0.0,0.0,0.0,0.0,0.0,0.0,0.0,0.0,0.0,0.0,0.0,0.0,0.0,0.0,0.0,0.0,0.0,0.0,0.0069297498092055,0.0,0.0,0.0,0.0,0.0,0.0,0.0,0.0,0.0,0.0,0.0,0.0,0.0,0.0,0.0,0.0,0.0,0.0,0.0,0.0,0.0,0.0,0.0,0.0,0.0,0.0,0.0,0.0,0.0,0.0,0.0,0.0,0.0,0.0,0.0,0.0,0.0,0.08212299024065332,0.0,0.0,0.0,0.0,0.0,0.0,0.0,0.0,0.0,0.0,0.0,0.0,0.0,0.042190837363402005,0.0,0.0,0.0,0.012359419527153151,0.0,0.0,0.0,0.0,0.0,0.0,0.0,0.0,,0.0,0.0,0.2838980356852213,0.0,0.0133309150114655,0.0,0.1195300631225109,0.0,0.0066107055172324,0.0,0.0,,0.0,,,,,,,,0.0,0.0,,,,,,,,,,,0.0,0.0,0.0,0.0,0.0,0.0,0.0,0.0,0.0,0.0,0.0,0.0,0.0,0.0,0.0,0.0,0.0,0.0,0.0,0.0,0.0,0.0,0.0,0.0,0.0,0.0,0.0,0.0,0.0,0.0,0.0,0.0,0.0,0.0,0.0,0.0,0.0,0.0,0.0,0.0,0.0,0.0,0.3566189954678218,0.0,0.049343583484490666,0.0,0.0,0.0,0.03161557049800948,0.0,0.0,,0.0,,,,,,,,,,,,,,,,,,,,,,0,0,98,13
7,region_07,2025-03-22,,,,,,,,,,,,,,,0.0,0.0,,,,,,,,,,,,,,,,,,,,,,,,,0.0,0.0,,,,,,,,,,,,,0.0,0.0,0.0,0.0,0.0,0.0,0.0,0.0,0.0,0.0,0.0,0.0,,,0.0,0.0,0.0,0.0,0.0,0.0,0.0,0.0,0.0,0.0,0.0,0.0,0.0,0.0,0.0,0.0,0.0,0.0,0.0,0.0,0.0,0.0,0.0,0.0,0.0,0.0,0.0,0.0,0.0,0.0,0.0,0.0,0.0,0.0,0.0,0.0,0.0,0.0,0.0,0.0,0.0,0.0,0.0,0.0,0.0,0.0,0.0,0.0,0.0,0.0,0.0,0.0,0.0,0.0,0.00346487490460275,0.0,0.0,0.0,0.0,0.0,0.0,0.0,0.0,0.0,0.0,0.0,0.0,0.0,0.0,0.0,0.0,0.0,0.0,0.0,0.0,0.0,0.0,0.0,0.0,0.0,0.0,0.0,0.0,0.0,0.0,0.0,0.0,0.0,0.0,0.0,0.00950036793947219,0.0,0.046300812872747545,0.0,0.0,0.0,0.0,0.0,0.0,0.0,0.0,0.0,0.0,0.0,0.0,0.0,0.04311212239166096,0.0,0.0,0.0,0.0061797097635765755,0.0,0.0,0.0,0.0,0.0,0.0,0.0,0.0,,0.0,0.0,0.482631774743398,0.0,0.00666545750573275,0.0,0.05976503156125545,0.0,0.0033053527586162,0.0,0.0,,0.0,,,,,,,,0.00523931775242088,0.0,,,,,,,,,,,0.0,0.0,0.0,0.0,0.0,0.0,0.0,0.0,0.0,0.0,0.0,0.0,0.0,0.0,0.0,0.0,0.0,0.0,0.0,0.0,0.0,0.0,0.0,0.0,0.0,0.0,0.0,0.0,0.0,0.0,0.0,0.0,0.0,0.0,0.0,0.0,0.0,0.0,0.0,0.0,0.0,0.0,0.24660208572944003,0.0,0.04367252762118971,0.0,0.0,0.0,0.01580778524900474,0.0,0.005629240651614938,2.0,0.0,,,,,,,,,,,,,,,,,,,,,,0,1,98,14
7,region_07,2025-03-29,,,,,,,,,,,,,,,0.0,0.0,,,,,,,,,,,,,,,,,,,,,,,,,0.0,0.0,,,,,,,,,,,,,0.0,0.0,0.0,0.0,0.0,0.0,0.0,0.0,0.0,0.0,0.0,0.0,,,0.0,0.0,0.0,0.0,0.0,0.0,0.0,0.0,0.0,0.0,0.0,0.0,0.0,0.0,0.0,0.0,0.0,0.0,0.0,0.0,0.0,0.0,0.0,0.0,0.0,0.0,0.0,0.0,0.0,0.0,0.0,0.0,0.0,0.0,0.0,0.0,0.0,0.0,0.0,0.0,0.0,0.0,0.0,0.0,0.0,0.0,0.0,0.0,0.0,0.0,0.0,0.0,0.0,0.0,0.0,0.0,0.0,0.0,0.0,0.0,0.0,0.0,0.0,0.0,0.0,0.0,0.0,0.0,0.0,0.0,0.0,0.0,0.0,0.0,0.0,0.0,0.0,0.0,0.0,0.0,0.0,0.0,0.0,0.0,0.0,0.0,0.0,0.0,0.0,0.0,0.01900073587894438,0.0,0.01047863550484176,0.0,0.0,0.0,0.0,0.0,0.0,0.0,0.0,0.0,0.0,0.0,0.0,0.0,0.04403340741991992,0.0,0.0,0.0,0.0,0.0,0.0,0.0,0.0,0.0,0.0,0.0,0.0,,0.0,0.0,0.6813655138015747,0.0,0.0,0.0,0.0,0.0,0.0,0.0,0.0,,0.0,,,,,,,,0.01047863550484176,0.0,,,,,,,,,,,0.0,0.0,0.0,0.0,0.0,0.0,0.0,0.0,0.0,0.0,0.0,0.0,0.0,0.0,0.0,0.0,0.0,0.0,0.0,0.0,0.0,0.0,0.0,0.0,0.0,0.0,0.0,0.0,0.0,0.0,0.0,0.0,0.0,0.0,0.0,0.0,0.0,0.0,0.0,0.0,0.0,0.0,0.13658517599105832,0.0,0.03800147175788876,0.0,0.0,0.0,0.0,0.0,0.011258481303229876,0.0,0.0,,,,,,,,,,,,,,,,,,,,,,0,0,99,15
7,region_07,2025-04-05,,,,,,,,,,,,,,,0.0,0.0,,,,,,,,,,,,,,,,,,,,,,,,,0.0,0.0,,,,,,,,,,,,,0.0,0.0,0.0,0.0,0.0,0.0,0.0,0.0,0.0,0.0,0.0,0.0,,,0.0,0.0,0.0,0.0,0.0,0.0,0.0,0.0,0.0,0.0,0.0,0.0,0.0,0.0,0.0,0.0,0.0,0.0,0.0,0.0,0.0,0.0,0.0,0.0,0.0,0.0,0.0,0.0,0.0,0.0,0.0,0.0,0.0,0.0,0.0,0.0,0.0,0.0,0.0,0.0,0.0,0.0,0.0,0.0,0.0,0.0,0.0,0.0,0.0,0.0,0.0,0.0,0.0,0.0,0.004692930728197075,0.0,0.0,0.0,0.0,0.0,0.0,0.0,0.0,0.0,0.0,0.0,0.0,0.0,0.0,0.0,0.0,0.0,0.0,0.0,0.0,0.0,0.0,0.0,0.0,0.0,0.0,0.0,0.0,0.0,0.0,0.0,0.0,0.0,0.0,0.0,0.03841068493202325,0.0,0.012618990009650544,0.0,0.0,0.0,0.0,0.0,0.0,0.0,0.0,0.0,0.0,0.0,0.0,0.0,0.029215160966850763,0.0,0.0,0.0,0.013386210426688175,0.0,0.0,0.0,0.0042459276737645,0.0,0.0,0.0,0.0,,0.0,0.0,0.6985794723033905,0.0,0.0,0.0,0.021776586305350037,0.0,0.0,0.0,0.0071984572568908,2.0,0.0,,,,,,,,0.00523931775242088,0.0,,,,,,,,,,,0.0,0.0,0.0,0.0,0.0,0.0,0.0,0.0,0.0,0.0,0.0,0.0,0.0,0.0,0.0,0.0,0.0,0.0,0.0,0.0,0.0,0.0,0.0,0.0,0.0,0.0,0.0,0.0,0.0,0.0,0.0,0.0,0.0,0.0,0.0,0.0,0.0,0.0,0.0,0.0,0.0,0.0,0.09118135785683987,0.0,0.01900073587894438,0.0,0.0,0.0,0.0,0.0,0.0324016615049913,0.0,0.0,,,,,,,,,,,,,,,,,,,,,,0,1,99,16
7,region_07,2025-04-12,,,,,,,,,,,,,,,0.0,0.0,,,,,,,,,,,,,,,,,,,,,,,,,0.0,0.0,,,,,,,,,,,,,0.0,0.0,0.0,0.0,0.0,0.0,0.0,0.0,0.0,0.0,0.0,0.0,,,0.0,0.0,0.0,0.0,0.0,0.0,0.0,0.0,0.0,0.0,0.0,0.0,0.0,0.0,0.0,0.0,0.0,0.0,0.0,0.0,0.0,0.0,0.0,0.0,0.0,0.0,0.0,0.0,0.0,0.0,0.0,0.0,0.0,0.0,0.0,0.0,0.0,0.0,0.0,0.0,0.0,0.0,0.0,0.0,0.0,0.0,0.0,0.0,0.0,0.0,0.0,0.0,0.0,0.0,0.00938586145639415,0.0,0.0,0.0,0.0,0.0,0.0,0.0,0.0,0.0,0.0,0.0,0.0,0.0,0.0,0.0,0.0,0.0,0.0,0.0,0.0,0.0,0.0,0.0,0.0,0.0,0.0,0.0,0.0,0.0,0.0,0.0,0.0,0.0,0.0,0.0,0.05782063398510213,0.0,0.014759344514459326,0.0,0.0,0.0,0.0,0.0,0.0,0.0,0.0,0.0,0.0,0.0,0.0,0.0,0.0143969145137816,0.0,0.0,0.0,0.02677242085337635,0.0,0.0,0.0,0.008491855347529,0.0,0.0,0.0,0.0,,0.0,0.0,0.7157934308052063,0.0,0.0,0.0,0.043553172610700075,0.0,0.0,0.0,0.0143969145137816,0.0,0.0,,,,,,,,0.0,0.0,,,,,,,,,,,0.0,0.0,0.0,0.0,0.0,0.0,0.0,0.0,0.0,0.0,0.0,0.0,0.0,0.0,0.0,0.0,0.0,0.0,0.0,0.0,0.0,0.0,0.0,0.0,0.0,0.0,0.0,0.0,0.0,0.0,0.0,0.0,0.0,0.0,0.0,0.0,0.0,0.0,0.0,0.0,0.0,0.0,0.0457775397226214,0.0,0.0,0.0,0.0,0.0,0.0,0.0,0.05354484170675272,0.0,0.0,,,,,,,,,,,,,,,,,,,,,,0,0,100,17
7,region_07,2025-04-19,,,,,,,,,,,,,,,0.0,0.0,,,,,,,,,,,,,,,,,,,,,,,,,0.0,0.0,,,,,,,,,,,,,0.0,0.0,0.0,0.0,0.0,0.0,0.0,0.0,0.0,0.0,0.0,0.0,,,0.0,0.0,0.0,0.0,0.0,0.0,0.0,0.0,0.0,0.0,0.0,0.0,0.0,0.0,0.0,0.0,0.0,0.0,0.0,0.0,0.0,0.0,0.0,0.0,0.0,0.0,0.0,0.0,0.0,0.0,0.0,0.0,0.0,0.0,0.0,0.0,0.0,0.0,0.0,0.0,0.0,0.0,0.0,0.0,0.0,0.0,0.0,0.0,0.0,0.0,0.0,0.0,0.0,0.0,0.004692930728197075,0.0,0.0,0.0,0.0,0.0,0.0,0.0,0.0,0.0,0.0,0.0,0.0,0.0,0.0,0.0,0.0,0.0,0.0,0.0,0.0,0.0,0.0,0.0,0.0,0.0,0.0,0.0,0.0,0.0,0.0,0.0,0.0,0.0,0.0,0.0,0.028910316992551064,0.0,0.007379672257229663,0.0,0.0,0.0,0.0,0.0,0.0,0.0,0.0,0.0,0.0,0.0,0.0,0.0,0.0071984572568908,0.0,0.0,0.0,0.013386210426688175,0.0,0.0,0.0,0.0042459276737645,0.0,0.0,0.0,0.0,,0.0,0.0,0.7669876217842102,0.0,0.0,0.0,0.021776586305350037,0.0,0.0,0.0,0.0071984572568908,0.0,0.0,,,,,,,,0.0,0.0,,,,,,,,,,,0.0,0.0,0.0,0.0,0.0,0.0,0.0,0.0,0.0,0.0,0.0,0.0,0.0,0.0,0.0,0.0,0.0,0.0,0.0,0.0,0.0,0.0,0.0,0.0,0.0,0.0,0.0,0.0,0.0,0.0,0.0,0.0,0.0,0.0,0.0,0.0,0.0,0.0,0.0,0.0,0.0,0.0,0.06834331667050715,0.0,0.0,0.0,0.0,0.0,0.04545454680919645,0.0,0.02677242085337636,0.0,0.0,,,,,,,,,,,,,,,,,,,,,,0,0,100,18
7,region_07,2025-04-26,,,,,,,,,,,,,,,0.0,0.0,,,,,,,,,,,,,,,,,,,,,,,,,0.0,0.0,,,,,,,,,,,,,0.0,0.0,0.0,0.0,0.0,0.0,0.0,0.0,0.0,0.0,0.0,0.0,,,0.0,0.0,0.0,0.0,0.0,0.0,0.0,0.0,0.0,0.0,0.0,0.0,0.0,0.0,0.0,0.0,0.0,0.0,0.0,0.0,0.0,0.0,0.0,0.0,0.0,0.0,0.0,0.0,0.0,0.0,0.0,0.0,0.0,0.0,0.0,0.0,0.0,0.0,0.0,0.0,0.0,0.0,0.0,0.0,0.0,0.0,0.0,0.0,0.0,0.0,0.0,0.0,0.0,0.0,0.0,0.0,0.0,0.0,0.0,0.0,0.0,0.0,0.0,0.0,0.0,0.0,0.0,0.0,0.0,0.0,0.0,0.0,0.0,0.0,0.0,0.0,0.0,0.0,0.0,0.0,0.0,0.0,0.0,0.0,0.0,0.0,0.0,0.0,0.0,0.0,0.0,0.0,0.0,0.0,0.0,0.0,0.0,0.0,0.0,0.0,0.0,0.0,0.0,0.0,0.0,0.0,0.0,0.0,0.0,0.0,0.0,0.0,0.0,0.0,0.0,0.0,0.0,0.0,0.0,,0.0,0.0,0.8181818127632141,0.0,0.0,0.0,0.0,0.0,0.0,0.0,0.0,0.0,0.0,,,,,,,,0.0,0.0,,,,,,,,,,,0.0,0.0,0.0,0.0,0.0,0.0,0.0,0.0,0.0,0.0,0.0,0.0,0.0,0.0,0.0,0.0,0.0,0.0,0.0,0.0,0.0,0.0,0.0,0.0,0.0,0.0,0.0,0.0,0.0,0.0,0.0,0.0,0.0,0.0,0.0,0.0,0.0,0.0,0.0,0.0,0.0,0.0,0.0909090936183929,0.0,0.0,0.0,0.0,0.0,0.0909090936183929,0.0,0.0,0.0,0.0,,,,,,,,,,,,,,,,,,,,,,0,0,100,19
7,region_07,2025-05-03,,,,,,,,,,,,,,,0.0,0.0,,,,,,,,,,,,,,,,,,,,,,,,,0.0,0.0,,,,,,,,,,,,,0.0,0.0,0.0,0.0,0.0,0.0,0.0,0.0,0.0,0.0,0.0,0.0,,,0.0,0.0,0.0,0.0,0.0,0.0,0.0,0.0,0.0,0.0,0.0,0.0,0.0,0.0,0.0,0.0,0.0,0.0,0.0,0.0,0.0,0.0,0.0,0.0,0.0,0.0,0.0,0.0,0.0,0.0,0.0,0.0,0.0,0.0,0.0,0.0,0.0,0.0,0.0,0.0,0.0,0.0,0.0,0.0,0.0,0.0,0.0,0.0,0.0,0.0,0.0,0.0,0.0,0.0,0.0,0.0,0.0,0.0,0.0,0.0,0.0,0.0,0.0,0.0,0.0,0.0,0.0,0.0,0.0,0.0,0.0,0.0,0.0,0.0,0.0,0.0,0.0,0.0,0.0,0.0,0.0,0.0,0.0,0.0,0.0,0.0,0.0,0.0,0.0,0.0,0.0,0.0,0.0,0.0,0.0,0.0,0.0,0.0,0.0,0.0,0.0,0.0,0.0,0.0,0.0,0.0,0.0,0.0,0.0,0.0,0.0,0.0,0.0,0.0,0.0,0.0,0.0,0.0,0.0,,0.0,0.0,0.40909090638160706,0.0,0.0,0.0,0.0,0.0,0.0,0.0,0.0,0.0,0.0,,,,,,,,0.0,0.0,,,,,,,,,,,0.0,0.0,0.0,0.0,0.0,0.0,0.0,0.0,0.0,0.0,0.0,0.0,0.0,0.0,0.0,0.0,0.0,0.0,0.0,0.0,0.0,0.0,0.0,0.0,0.0,0.0,0.0,0.0,0.0,0.0,0.0,0.0,0.0,0.0,0.0,0.0,0.0,0.0,0.0,0.0,0.0,0.0,0.04545454680919645,0.0,0.0,0.0,0.0,0.0,0.04545454680919645,0.0,0.0,0.0,0.0,,,,,,,,,,,,,,,,,,,,,,0,0,100,20
7,region_07,2025-05-10,,,,,,,,,,,,,,,0.0,0.0,,,,,,,,,,,,,,,,,,,,,,,,,0.0,0.0,,,,,,,,,,,,,0.0,0.0,0.0,0.0,0.0,0.0,0.0,0.0,0.0,0.0,0.0,0.0,,,0.0,0.0,0.0,0.0,0.0,0.0,0.0,0.0,0.0,0.0,0.0,0.0,0.0,0.0,0.0,0.0,0.0,0.0,0.0,0.0,0.0,0.0,0.0,0.0,0.0,0.0,0.0,0.0,0.0,0.0,0.0,0.0,0.0,0.0,0.0,0.0,0.0,0.0,0.0,0.0,0.0,0.0,0.0,0.0,0.0,0.0,0.0,0.0,0.0,0.0,0.0,0.0,0.0,0.0,0.0,0.0,0.0,0.0,0.0,0.0,0.0,0.0,0.0,0.0,0.0,0.0,0.0,0.0,0.0,0.0,0.0,0.0,0.0,0.0,0.0,0.0,0.0,0.0,0.0,0.0,0.0,0.0,0.0,0.0,0.0,0.0,0.0,0.0,0.0,0.0,0.0,0.0,0.0,0.0,0.0,0.0,0.0,0.0,0.0,0.0,0.0,0.0,0.0,0.0,0.0,0.0,0.0,0.0,0.0,0.0,0.0,0.0,0.0,0.0,0.0,0.0,0.0,0.0,0.0,,0.0,0.0,0.0,0.0,0.0,0.0,0.0,0.0,0.0,0.0,0.0,0.0,0.0,,,,,,,,0.0,0.0,,,,,,,,,,,0.0,0.0,0.0,0.0,0.0,0.0,0.0,0.0,0.0,0.0,0.0,0.0,0.0,0.0,0.0,0.0,0.0,0.0,0.0,0.0,0.0,0.0,0.0,0.0,0.0,0.0,0.0,0.0,0.0,0.0,0.0,0.0,0.0,0.0,0.0,0.0,0.0,0.0,0.0,0.0,0.0,0.0,0.0,0.0,0.0,0.0,0.0,0.0,0.0,0.0,0.0,0.0,0.0,,,,,,,,,,,,,,,,,,,,,,0,0,100,21
7,region_07,2025-05-17,,,,,,,,,,,,,,,0.0,0.0,,,,,,,,,,,,,,,,,,,,,,,,,0.0,0.0,,,,,,,,,,,,,0.0,0.0,0.0,0.0,0.0,0.0,0.0,0.0,0.0,0.0,0.0,0.0,,,0.0,0.0,0.0,0.0,0.0,0.0,0.0,0.0,0.0,0.0,0.0,0.0,0.0,0.0,0.0,0.0,0.0,0.0,0.0,0.0,0.0,0.0,0.0,0.0,0.0,0.0,0.0,0.0,0.0,0.0,0.0,0.0,0.0,0.0,0.0,0.0,0.0,0.0,0.0,0.0,0.0,0.0,0.0,0.0,0.0,0.0,0.0,0.0,0.0,0.0,0.0,0.0,0.0,0.0,0.0,0.0,0.0,0.0,0.0,0.0,0.0,0.0,0.0,0.0,0.0,0.0,0.0,0.0,0.0,0.0,0.0,0.0,0.0,0.0,0.0,0.0,0.0,0.0,0.0,0.0,0.0,0.0,0.0,0.0,0.0,0.0,0.0,0.0,0.0,0.0,0.0,0.0,0.0,0.0,0.0,0.0,0.0,0.0,0.0,0.0,0.0,0.0,0.0,0.0,0.0,0.0,0.0,0.0,0.0,0.0,0.0,0.0,0.0,0.0,0.0,0.0,0.0,0.0,0.0,,0.0,0.0,0.0,0.0,0.0,0.0,0.0,0.0,0.0,0.0,0.0,0.0,0.0,,,,,,,,0.0,0.0,,,,,,,,,,,0.0,0.0,0.0,0.0,0.0,0.0,0.0,0.0,0.0,0.0,0.0,0.0,0.0,0.0,0.0,0.0,0.0,0.0,0.0,0.0,0.0,0.0,0.0,0.0,0.0,0.0,0.0,0.0,0.0,0.0,0.0,0.0,0.0,0.0,0.0,0.0,0.0,0.0,0.0,0.0,0.0,0.0,0.0,0.0,0.0,0.0,0.0,0.0,0.0,0.0,0.0,0.0,0.0,,,,,,,,,,,,,,,,,,,,,,0,0,100,22
7,region_07,2025-05-24,,,,,,,,,,,,,,,0.0,0.0,,,,,,,,,,,,,,,,,,,,,,,,,0.0,0.0,,,,,,,,,,,,,0.0,0.0,0.0,0.0,0.0,0.0,0.0,0.0,0.0,0.0,0.0,0.0,,,0.0,0.0,0.0,0.0,0.0,0.0,0.0,0.0,0.0,0.0,0.0,0.0,0.0,0.0,0.0,0.0,0.0,0.0,0.0,0.0,0.0,0.0,0.0,0.0,0.0,0.0,0.0,0.0,0.0,0.0,0.0,0.0,0.0,0.0,0.0,0.0,0.0,0.0,0.0,0.0,0.0,0.0,0.0,0.0,0.0,0.0,0.0,0.0,0.0,0.0,0.0,0.0,0.0,0.0,0.0,0.0,0.0,0.0,0.0,0.0,0.0,0.0,0.0,0.0,0.0,0.0,0.0,0.0,0.0,0.0,0.0,0.0,0.0,0.0,0.0,0.0,0.0,0.0,0.0,0.0,0.0,0.0,0.0,0.0,0.0,0.0,0.0,0.0,0.0,0.0,0.0,0.0,0.0,0.0,0.0,0.0,0.0,0.0,0.0,0.0,0.0,0.0,0.0,0.0,0.0,0.0,0.0,0.0,0.0,0.0,0.0,0.0,0.0,0.0,0.0,0.0,0.0,0.0,0.0,,0.0,0.0,0.0,0.0,0.0,0.0,0.0,0.0,0.0,0.0,0.0,0.0,0.0,,,,,,,,0.0,0.0,,,,,,,,,,,0.0,0.0,0.0,0.0,0.0,0.0,0.0,0.0,0.0,0.0,0.0,0.0,0.0,0.0,0.0,0.0,0.0,0.0,0.0,0.0,0.0,0.0,0.0,0.0,0.0,0.0,0.0,0.0,0.0,0.0,0.0,0.0,0.0,0.0,0.0,0.0,0.0,0.0,0.0,0.0,0.0,0.0,0.0,0.0,0.0,0.0,0.0,0.0,0.0,0.0,0.0,0.0,0.0,,,,,,,,,,,,,,,,,,,,,,0,0,100,23
7,region_07,2025-05-31,,,,,,,,,,,,,,,,,,,,,,,,,,,,,,,,,,,,,,,,,,,,,,,,,,,,,,,,,,,,,,,,,,,,,,,,,,,,,,,,,,,,,,,,,0.0006092376009161929,0.0,,,,,,,,,,,,,,,,,,,,,,,,,,,,,,,,,,,,,,,,,,,,,,,,,,,,,,,,,,,,,,,,,,,,,0.0263157896697521,0.0,0.0006938126376446543,0.0,,,,,,,,,,,,,,,,,0.0001695209280832807,0.0,,,,,,,0.0004629629871083611,2.0,,,0.29784689098596573,0.0,,,0.0061728395521640665,0.0,,,,,0.05861244164407252,2.0,,,,,,,0.0005123654483920978,0.0,,,,,,,,,,,,,,,,,,,,,,,,,,,,,,,,,,,,,,,,,,,,,,,,,,,,,0.0006092376009161929,0.0,0.0061728395521640665,0.0,,,,,0.0010013965047186285,0.0,0.0944976098835468,1.0,,,,,,,,,,,,,,,,,,,,,1,2,10,0
7,region_07,2025-06-07,,,,,,,,,,,,,,,,,,,,,,,,,,,,,,,,,,,,,,,,,,,,,,,,,,,,,,,,,,,,,,,,,,,,,,,,,,,,,,,,,,,,,,,,,0.0012184752018323858,0.0,,,,,,,,,,,,,,,,,,,,,,,,,,,,,,,,,,,,,,,,,,,,,,,,,,,,,,,,,,,,,,,,,,,,,0.0526315793395042,0.0,0.0013876252752893087,0.0,,,,,,,,,,,,,,,,,0.0003390418561665614,0.0,,,,,,,0.0009259259742167222,0.0,,,0.5956937819719315,0.0,,,0.012345679104328133,0.0,,,,,0.11722488328814504,0.0,,,,,,,0.0010247308967841957,0.0,,,,,,,,,,,,,,,,,,,,,,,,,,,,,,,,,,,,,,,,,,,,,,,,,,,,,0.0012184752018323858,0.0,0.012345679104328133,0.0,,,,,0.002002793009437257,0.0,0.1889952197670936,0.0,,,,,,,,,,,,,,,,,,,,,0,0,13,1
7,region_07,2025-06-14,,,,,,,,,,,,,,,,,,,,,,,,,,,,,,,,,,,,,,,,,,,,,,,,,,,,,,,,,,,,,,,,,,,,,,,,,,,,,,,,,,,,,,,,,0.0018277128027485785,0.0,,,,,,,,,,,,,,,,,,,,,,,,,,,,,,,,,,,,,,,,,,,,,,,,,,,,,,,,,,,,,,,,,,,,,,,0.002081437912933963,0.0,,,,,,,,,,,,,,,,,0.0005085627842498421,0.0,,,,,,,0.0013888889613250834,0.0,,,0.6041777431964874,0.0,,,0.0185185186564922,0.0,,,,,0.15273347590118644,0.0,,,,,,,0.0015370963451762935,0.0,,,,,,,,,,,,,,,,,,,,,,,,,,,,,,,,,,,,,,,,,,,,,,,,,,,,,0.0018277128027485785,0.0,0.0185185186564922,0.0,,,,,0.0030041895141558854,0.0,0.24359826557338232,0.0,,,,,,,,,,,,,,,,,,,,,0,0,12,2
7,region_07,2025-06-21,,,,,,,,,,,,,,,,,,,,,,,,,,,,,,,,,,,,,,,,,,,,,,,,,,,,,,,,,,,,,,,,,,,,,,,,,,,,,,,,,,,,,,,,,0.0024369504036647715,0.0,,,,,,,,,,,,,,,,,,,,,,,,,,,,,,,,,,,,,,,,,,,,,,,,,,,,,,,,,,,,,,,,,,,,,,,0.0027752505505786174,0.0,,,,,,,,,,,,,,,,,0.0006780837123331228,0.0,,,,,,,0.0018518519484334445,0.0,,,0.6126617044210434,0.0,,,0.024691358208656266,0.0,,,,,0.1882420685142278,0.0,,,,,,,0.0020494617935683914,0.0,,,,,,,,,,,,,,,,,,,,,,,,,,,,,,,,,,,,,,,,,,,,,,,,,,,,,0.0024369504036647715,0.0,0.024691358208656266,0.0,,,,,0.004005586018874514,0.0,0.29820131137967104,0.0,,,,,,,,,,,,,,,,,,,,,0,0,12,3
7,region_07,2025-06-28,,,,,,,,,,,,,,,,,,,,,,,,,,,,,,,,,,,,,,,,,,,,,,,,,,,,,,,,,,,,,,,,,,,,,,,,,,,,,,,,,,,,,,,,,0.0030461880045809645,0.0,,,,,,,,,,,,,,,,,,,,,,,,,,,,,,,,,,,,,,,,,,,,,,,,,,,,,,,,,,,,,,,,,,,,,,,0.0034690631882232717,0.0,,,,,,,,,,,,,,,,,0.0008476046404164036,0.0,,,,,,,0.0023148149355418056,0.0,,,0.6211456656455994,0.0,,,0.030864197760820333,0.0,,,,,0.2237506611272692,0.0,,,,,,,0.002561827241960489,0.0,,,,,,,,,,,,,,,,,,,,,,,,,,,,,,,,,,,,,,,,,,,,,,,,,,,,,0.0030461880045809645,0.0,0.030864197760820333,0.0,,,,,0.005006982523593143,0.0,0.35280435718595976,0.0,,,,,,,,,,,,,,,,,,,,,0,0,12,4
7,region_07,2025-07-05,,,,,,,,,,,,,,,,,,,,,,,,,,,,,,,,,,,,,,,,,,,,,,,,,,,,,,,,,,,,,,,,,,,,,,,,,,,,,,,,,,,,,,,,,0.003655425605497157,0.0,,,,,,,,,,,,,,,,,,,,,,,,,,,,,,,,,,,,,,,,,,,,,,,,,,,,,,,,,,,,,,,,,,,,,,,0.004162875825867926,0.0,,,,,,,,,,,,,,,,,0.0010171255684996842,0.0,,,,,,,0.0027777779226501667,0.0,,,0.6296296268701553,0.0,,,0.0370370373129844,0.0,,,,,0.2592592537403106,0.0,,,,,,,0.003074192690352587,0.0,,,,,,,,,,,,,,,,,,,,,,,,,,,,,,,,,,,,,,,,,,,,,,,,,,,,,0.003655425605497157,0.0,0.0370370373129844,0.0,,,,,0.006008379028311771,0.0,0.4074074029922485,0.0,,,,,,,,,,,,,,,,,,,,,0,0,12,5
7,region_07,2025-07-12,,,,,,,,,,,,,,,,,,,,,,,,,,,,,,,,,,,,,,,,,,,,,,,,,,,,,,,,,,,,,,,,,,,,,,,,,,,,,,,,,,,,,,,,,0.00426466320641335,0.0,,,,,,,,,,,,,,,,,,,,,,,,,,,,,,,,,,,,,,,,,,,,,,,,,,,,,,,,,,,,,,,,,,,,,,,0.00485668846351258,0.0,,,,,,,,,,,,,,,,,0.001186646496582965,0.0,,,,,,,0.003240740909758528,0.0,,,0.5166824211676916,0.0,,,,,,,,,0.226201727365454,0.0,,,,,,,0.003586558138744685,0.0,,,,,,,,,,,,,,,,,,,,,,,,,,,,,,,,,,,,,,,,,,,,,,,,,,,,,0.00426466320641335,0.0,,,,,,,0.0070097755330303995,0.0,0.4670781244834264,0.0,,,,,,,,,,,,,,,,,,,,,0,0,10,6
7,region_07,2025-07-19,,,,,,,,,,,,,,,,,,,,,,,,,,,,,,,,,,,,,,,,,,,,,,,,,,,,,,,,,,,,,,,,,,,,,,,,,,,,,,,,,,,,,,,,,0.004873900807329543,0.0,,,,,,,,,,,,,,,,,,,,,,,,,,,,,,,,,,,,,,,,,,,,,,,,,,,,,,,,,,,,,,,,,,,,,,,0.005550501101157235,0.0,,,,,,,,,,,,,,,,,0.0013561674246662457,0.0,,,,,,,0.003703703896866889,0.0,,,0.4037352154652278,0.0,,,,,,,,,0.19314420099059737,0.0,,,,,,,0.004098923587136783,0.0,,,,,,,,,,,,,,,,,,,,,,,,,,,,,,,,,,,,,,,,,,,,,,,,,,,,,0.004873900807329543,0.0,,,,,,,0.008011172037749028,0.0,0.5267488459746043,0.0,,,,,,,,,,,,,,,,,,,,,0,0,10,7
7,region_07,2025-07-26,,,,,,,,,,,,,,,,,,,,,,,,,,,,,,,,,,,,,,,,,,,,,,,,,,,,,,,,,,,,,,,,,,,,,,,,,,,,,,,,,,,,,,,,,0.005483138408245736,0.0,,,,,,,,,,,,,,,,,,,,,,,,,,,,,,,,,,,,,,,,,,,,,,,,,,,,,,,,,,,,,,,,,,,,,,,0.006244313738801889,0.0,,,,,,,,,,,,,,,,,0.0015256883527495263,0.0,,,,,,,0.00416666688397525,0.0,,,0.290788009762764,0.0,,,,,,,,,0.16008667461574072,0.0,,,,,,,0.00461128903552888,0.0,,,,,,,,,,,,,,,,,,,,,,,,,,,,,,,,,,,,,,,,,,,,,,,,,,,,,0.005483138408245736,0.0,,,,,,,0.009012568542467656,0.0,0.5864195674657822,0.0,,,,,,,,,,,,,,,,,,,,,0,0,10,8
7,region_07,2025-08-02,,,,,,,,,,,,,,,,,,,,,,,,,,,,,,,,,,,,,,,,,,,,,,,,,,,,,,,,,,,,,,,,,,,,,,,,,,,,,,,,,,,,,,,,,0.006092376009161929,0.0,,,,,,,,,,,,,,,,,,,,,,,,,,,,,,,,,,,,,,,,,,,,,,,,,,,,,,,,,,,,,,,,,,,,,,,0.006938126376446543,0.0,,,,,,,,,,,,,,,,,0.0016952092808328071,0.0,,,,,,,0.004629629871083611,0.0,,,0.1778408040603002,0.0,,,,,,,,,0.1270291482408841,0.0,0.049039786681532804,2.0,,,,,0.005123654483920978,0.0,,,,,,,,,,,,,,,,,,,,,,,,,,,,,,,,,,,,,,,,,,,,,,,,,,,,,0.006092376009161929,0.0,,,,,,,0.010013965047186286,0.0,0.6460902889569601,0.0,,,,,,,,,,,,,,,,,,,,,0,1,10,9
7,region_07,2025-08-09,,,,,,,,,,,,,,,,,,,,,,,,,,,,,,,,,,,,,,,,,,,,,,,,,,,,,,,,,,,,,,,,,,,,,,,,,,,,,,,,,,,,,,,,,0.006701613610078122,0.0,,,,,,,,,,,,,,,,,,,,,,,,,,,,,,,,,,,,,,,,,,,,,,,,,,,,,,,,,,,,,,,,,,,,,,,0.007631939014091198,0.0,,,,,,,,,,,,,,,,,0.0018647302089160878,0.0,,,,,,,0.005092592858191972,0.0,,,0.15442565704385441,0.0,,,,,,,,,0.11520870793610807,0.0,0.0417062821798026,0.0,,,,,0.0056360199323130765,0.0,,,,,,,,,,,,,,,,,,,,,,,,,,,,,,,,,,,,,,,,,,,,,,,,,,,,,0.006701613610078122,0.0,,,,,,,0.011015361551904914,0.0,0.6593644618988037,0.0,,,,,,,,,,,,,,,,,,,,,0,0,11,10
7,region_07,2025-08-16,,,,,,,,,,,,,,,,,,,,,,,,,,,,,,,,,,,,,,,,,,,,,,,,,,,,,,,,,,,,,,,,,,,,,,,,,,,,,,,,,,,,,,,,,0.007310851210994314,0.0,,,,,,,,,,,,,,,,,,,,,,,,,,,,,,,,,,,,,,,,,,,,,,,,,,,,,,,,,,,,,,,,,,,,,,,0.008325751651735852,0.0,,,,,,,,,,,,,,,,,0.0020342511369993684,0.0,,,,,,,0.005555555845300333,0.0,,,0.1310105100274086,0.0,,,,,,,,,0.10338826763133205,0.0,0.034372777678072404,0.0,,,,,0.006148385380705174,0.0,,,,,,,,,,,,,,,,,,,,,,,,,,,,,,,,,,,,,,,,,,,,,,,,,,,,,0.007310851210994314,0.0,,,,,,,0.012016758056623542,0.0,0.6726386348406475,0.0,,,,,,,,,,,,,,,,,,,,,0,0,11,11
7,region_07,2025-08-23,,,,,,,,,,,,,,,,,,,,,,,,,,,,,,,,,,,,,,,,,,,,,,,,,,,,,,,,,,,,,,,,,,,,,,,,,,,,,,,,,,,,,,,,,0.007920088811910508,0.0,,,,,,,,,,,,,,,,,,,,,,,,,,,,,,,,,,,,,,,,,,,,,,,,,,,,,,,,,,,,,,,,,,,,,,,0.009019564289380506,0.0,,,,,,,,,,,,,,,,,0.002203772065082649,0.0,,,,,,,0.0060185188324086945,0.0,,,0.10759536301096281,0.0,,,,,,,,,0.09156782732655602,0.0,0.0270392731763422,0.0,,,,,0.006660750829097272,0.0,,,,,,,,,,,,,,,,,,,,,,,,,,,,,,,,,,,,,,,,,,,,,,,,,,,,,0.007920088811910508,0.0,,,,,,,0.013018154561342171,0.0,0.6859128077824911,0.0,,,,,,,,,,,,,,,,,,,,,0,0,11,12
7,region_07,2025-08-30,,,,,,,,,,,,,,,,,,,,,,,,,,,,,,,,,,,,,,,,,,,,,,,,,,,,,,,,,,,,,,,,,,,,,,,,,,,,,,,,,,,,,,,,,0.0085293264128267,0.0,,,,,,,,,,,,,,,,,,,,,,,,,,,,,,,,,,,,,,,,,,,,,,,,,,,,,,,,,,,,,,,,,,,,,,,0.00971337692702516,0.0,,,,,,,,,,,,,,,,,0.00237329299316593,0.0,,,,,,,0.006481481819517056,0.0,,,0.08418021599451701,0.0,,,,,,,,,0.07974738702178,0.0,0.019705768674612,0.0,,,,,0.00717311627748937,0.0,0.0085293264128267,1.0,,,0.0081300809979438,2.0,,,,,,,,,,,,,,,,,,,,,,,,,,,,,,,,,,,,,,,,,,,,,,,0.0085293264128267,0.0,,,,,,,0.014019551066060799,0.0,0.6991869807243347,0.0,0.0178571436554193,2.0,0.0170586528256535,2.0,,,0.0170586528256535,2.0,,,,,0.059705285355448695,2.0,0.0085293264128267,2.0,,,0.0170586528256535,2.0,1,7,11,0
7,region_07,2025-09-06,,,,,,,,,,,,,,,,,,,,,,,,,,,,,,,,,,,,,,,,,,,,,,,,,,,,,,,,,,,,,,,,,,,,,,,,,,,,,,,,,,,,,,,,,,,,,,,,,,,,,,,,,,,,,,,,,,,,,,,,,,,,,,,,,,,,,,,,,,,,,,,,,,,,,,,,,,,,,,,,,0.010407189564669815,0.0,,,,,,,,,,,,,,,,,0.0025428139212492107,0.0,,,,,,,0.006944444806625417,0.0,,,0.0654408065136522,0.0,,,,,,,,,0.07440969217568634,0.0,0.01792898816056545,0.0,,,,,0.007685481725881468,0.0,0.010686887253541425,0.0,,,0.007956135086715145,0.0,,,,,,,,,,,,,,,,,,,,,,,,,,,,,,,,,,,,,,,,,,,,,,,,,,,,,,,0.013579357376632531,0.0,0.7056656777858734,0.0,0.01585644995793695,0.0,0.01505104528041552,0.0,,,0.024322212068363977,0.0,,,,,0.05630718646571037,0.0,0.017925217258743874,0.0,,,0.015099634137004566,0.0,0,0,17,1
7,region_07,2025-09-13,,,,,,,,,,,,,,,,,,,,,,,,,,,,,,,,,,,,,,,,,,,,,,,,,,,,,,,,,,,,,,,,,,,,,,,,,,,,,,,,,,,,,,,,,,,,,,,,,,,,,,,,,,,,,,,,,,,,,,,,,,,,,,,,,,,,,,,,,,,,,,,,,,,,,,,,,,,,,,,,,0.01110100220231447,0.0,,,,,,,,,,,,,,,,,0.0027123348493324913,0.0,,,,,,,0.007407407793733778,0.0,,,0.04670139703278739,0.0,,,,,,,,,0.06907199732959268,0.0,0.0161522076465189,0.0,,,,,0.008197847174273565,0.0,0.01284444809425615,0.0,,,0.00778218917548649,0.0,,,,,,,,,,,,,,,,,,,,,,,,,,,,,,,,,,,,,,,,,,,,,,,,,,,,,,,0.013139163687204263,0.0,0.7121443748474121,0.0,0.013855756260454601,0.0,0.013043437735177538,0.0,,,0.03158577131107445,0.0,,,,,0.05290908757597205,0.0,0.02732110810466105,0.0,,,0.013140615448355632,0.0,0,0,17,2
7,region_07,2025-09-20,,,,,,,,,,,,,,,,,,,,,,,,,,,,,,,,,,,,,,,,,,,,,,,,,,,,,,,,,,,,,,,,,,,,,,,,,,,,,,,,,,,,,,,,,,,,,,,,,,,,,,,,,,,,,,,,,,,,,,,,,,,,,,,,,,,,,,,,,,,,,,,,,,,,,,,,,,,,,,,,,0.011794814839959124,0.0,,,,,,,,,,,,,,,,,0.002881855777415772,0.0,,,,,,,0.007870370780842139,0.0,,,0.027961987551922578,0.0,,,,,,,,,0.06373430248349901,0.0,0.014375427132472349,0.0,,,,,0.008710212622665664,0.0,0.015002008934970876,0.0,,,0.007608243264257835,0.0,,,,,,,,,,,,,,,,,,,,,,,,,,,,,,,,,,,,,,,,,,,,,,,,,,,,,,,0.012698969997775995,0.0,0.7186230719089508,0.0,0.011855062562972252,0.0,0.011035830189939555,0.0,,,0.03884933055378493,0.0,,,,,0.04951098868623373,0.0,0.03671699895057823,0.0,,,0.011181596759706695,0.0,0,0,17,3
7,region_07,2025-09-27,,,,,,,,,,,,,,,,,,,,,,,,,,,,,,,,,,,,,,,,,,,,,,,,,,,,,,,,,,,,,,,,,,,,,,,,,,,,,,,,,,,,,,,,,,,,,,,,,,,,,,,,,,,,,,,,,,,,,,,,,,,,,,,,,,,,,,,,,,,,,,,,,,,,,,,,,,,,,,,,,0.012488627477603778,0.0,,,,,,,,,,,,,,,,,0.0030513767054990526,0.0,,,,,,,0.0083333337679505,0.0,,,0.00922257807105776,0.0,,,,,,,,,0.058396607637405354,0.0,0.012598646618425798,0.0,,,,,0.00922257807105776,0.0,0.0171595697756856,0.0,,,0.00743429735302918,0.0,,,,,,,,,,,,,,,,,,,,,,,,,,,,,,,,,,,,,,,,,,,,,,,,,,,,,,,0.012258776308347727,0.0,0.7251017689704895,0.0,0.0098543688654899,0.0,0.009028222644701574,0.0,,,0.0461128897964954,0.0,,,,,0.0461128897964954,0.0,0.0461128897964954,0.0,0.00922257807105776,2.0,0.00922257807105776,0.0,0,1,17,4
7,region_07,2025-10-04,,,,,,,,,,,,,,,,,,,,,,,,,,,,,,,,,,,,,,,,,,,,,,,,,,,,,,,,,,,,,,,,,,,,,,,,,,,,,,,,,,,,,,,,,,,,,,,,,,,,,,,,,,,,,,,,,,,,,,,,,,,,,,,,,,,,,,,,,,,,,,,,,,,,,,,,,,,,,,,,,0.013182440115248432,0.0,,,,,,,,,,,,,,,,,0.0032208976335823336,0.0,,,,,,,0.008277615115124076,0.0,,,0.0157702557975426,0.0,,,,,,,,,0.06345722521655257,0.0,,,,,,,,,0.019317130616400325,0.0,,,0.007260351441800525,0.0,,,,,,,,,,,,,,,,,,,,,,,,,,,,,,,,,,,,,,,,,,,,,,,,,,,,,,,0.011818582618919458,0.0,0.7229690067470074,0.0,,,0.018491644729187476,0.0,,,0.043260185793042145,0.0,,,,,0.0499446285422891,0.0,0.04712551074723399,0.0,0.013819402409717404,0.0,0.0157702557975426,0.0,0,0,15,5
7,region_07,2025-10-11,,,,,,,,,,,,,,,,,,,,,,,,,,,,,,,,,,,,,,,,,,,,,,,,,,,,,,,,,,,,,,,,,,,,,,,,,,,,,,,,,,,,,,,,,,,,,,,,,,,,,,,,,,,,,,,,,,,,,,,,,,,,,,,,,,,,,,,,,,,,,,,,,,,,,,,,,,,,,,,,,0.013876252752893087,0.0,,,,,,,,,,,,,,,,,0.0033904185616656143,0.0,,,,,,,0.008221896462297651,0.0,,,0.02231793352402743,0.0,,,,,,,,,0.06851784279569978,0.0,,,,,,,,,0.02147469145711505,0.0,,,0.00708640553057187,0.0,,,,,,,,,,,,,,,,,,,,,,,,,,,,,,,,,,,,,,,,,,,,,,,,,,,,,,,0.011378388929491189,0.0,0.7208362445235252,0.0,,,0.02795506681367338,0.0,,,0.04040748178958889,0.0,,,,,0.0537763672880828,0.0,0.04813813169797258,0.0,0.01841622674837705,0.0,0.02231793352402743,0.0,0,0,15,6
7,region_07,2025-10-18,,,,,,,,,,,,,,,,,,,,,,,,,,,,,,,,,,,,,,,,,,,,,,,,,,,,,,,,,,,,,,,,,,,,,,,,,,,,,,,,,,,,,,,,,,,,,,,,,,,,,,,,,,,,,,,,,,,,,,,,,,,,,,,,,,,,,,,,,,,,,,,,,,,,,,,,,,,,,,,,,0.014570065390537741,0.0,,,,,,,,,,,,,,,,,0.003559939489748895,0.0,,,,,,,0.008166177809471225,0.0,,,0.02886561125051227,0.0,,,,,,,,,0.073578460374847,0.0,,,,,,,,,0.023632252297829774,0.0,,,0.006912459619343215,0.0,,,,,,,,,,,,,,,,,,,,,,,,,,,,,,,,,,,,,,,,,,,,,,,,,,,,,,,0.01093819524006292,0.0,0.7187034823000431,0.0,,,0.03741848889815928,0.0,,,0.037554777786135626,0.0,,,,,0.057608106033876505,0.0,0.04915075264871117,0.0,0.02301305108703669,0.0,0.02886561125051227,0.0,0,0,15,7
7,region_07,2025-10-25,,,,,,,,,,,,,,,,,,,,,,,,,,,,,,,,,,,,,,,,,,,,,,,,,,,,,,,,,,,,,,,,,,,,,,,,,,,,,,,,,,,,,,,,,,,,,,,,,,,,,,,,,,,,,,,,,,,,,,,,,,,,,,,,,,,,,,,,,,,,,,,,,,,,,,,,,,,,,,,,,0.015263878028182395,0.0,,,,,,,,,,,,,,,,,0.0037294604178321755,0.0,,,,,,,0.0081104591566448,0.0,,,0.0354132889769971,0.0,,,,,,,,,0.07863907795399422,0.0,,,,,,,,,0.0257898131385445,0.0,,,0.00673851370811456,0.0,,,,,,,,,,,,,,,,,,,,,,,,,,,,,,,,,,,,,,,,,,,,,,,,,,,,,,,0.010498001550634652,0.0,0.716570720076561,0.0,,,0.04688191098264518,0.0,,,0.03470207378268237,0.0,,,,,0.061439844779670204,0.0,0.05016337359944976,0.0,0.027609875425696335,0.0,0.0354132889769971,0.0,0,0,15,8
7,region_07,2025-11-01,,,,,,,,,,,,,,,,,,,,,,,,,,,,,,,,,,,,,,,,,,,,,,,,,,,,,,,,,,,,,,,,,,,,,,,,,,,,,,,,,,,,,,,,,,,,,,,,,,,,,,,,,,,,,,,,,,,,,,,,,,,,,,,,,,,,,,,,,,,,,,,,,,,,,,,,,,,,,,,,,0.01595769066582705,0.0,,,,,,,,,,,,,,,,,0.003898981345915456,0.0,,,,,,,0.008054740503818375,0.0,,,0.032855342045271116,0.0,,,,,,,,,0.08078290405683214,0.0,,,,,,,,,0.03307651379145676,0.0,,,0.006564567796885906,0.0,,,,,,,,,,,,,,,,,,,,,,,,,,,,,,,,,,,,,,,,,,,,,,,,,,,,,,,0.010057807861206384,0.0,0.7249280400574207,0.0,,,0.05634533306713108,0.0,,,0.04229839681647714,0.0,,,,,0.0562361336778849,0.0,0.05117599455018835,0.0,0.028843327309004928,0.0,0.04484793718438592,0.0,0,0,15,9
7,region_07,2025-11-08,,,,,,,,,,,,,,,,,,,,,,,,,,,,,,,,,,,,,,,,,,,,,,,,,,,,,,,,,,,,,,,,,,,,,,,,,,,,,,,,,,,,,,,,,,,,,,,,,,,,,,,,,,,,,,,,,,,,,,,,,,,,,,,,,,,,,,,,,,,,,,,,,,,,,,,,,,,,,,,,,0.016651503303471704,0.0,,,,,,,,,,,,,,,,,0.004068502273998737,0.0,,,,,,,0.00799902185099195,0.0,,,0.030297395113545126,0.0,,,,,,,,,0.08292673015967007,0.0,,,,,,,,,0.04036321444436902,0.0,,,0.006390621885657251,0.0,,,,,,,,,,,,,,,,,,,,,,,,,,,,,,,,,,,,,,,,,,,,,,,,,,,,,,,0.009617614171778116,0.0,0.7332853600382805,0.0,,,0.06580875515161698,0.0,,,0.0498947198502719,0.0,,,,,0.051032422576099606,0.0,0.05218861550092693,0.0,0.030076779192313517,0.0,0.054282585391774746,0.0,0,0,15,10
7,region_07,2025-11-15,,,,,,,,,,,,,,,,,,,,,,,,,,,,,,,,,,,,,,,,,,,,,,,,,,,,,,,,,,,,,,,,,,,,,,,,,,,,,,,,,,,,,,,,,,,,,,,,,,,,,,,,,,,,,,,,,,,,,,,,,,,,,,,,,,,,,,,,,,,,,,,,,,,,,,,,,,,,,,,,,0.01734531594111636,0.0,,,,,,,,,,,,,,,,,0.004238023202082017,0.0,,,,,,,0.007943303198165524,0.0,,,0.02773944818181914,0.0,,,,,,,,,0.08507055626250801,0.0,,,,,,,,,0.04764991509728129,0.0,,,0.006216675974428596,0.0,,,,,,,,,,,,,,,,,,,,,,,,,,,,,,,,,,,,,,,,,,,,,,,,,,,,,,,0.009177420482349848,0.0,0.7416426800191402,0.0,,,0.07527217723610288,0.0,,,0.057491042884066666,0.0,,,,,0.045828711474314304,0.0,0.05320123645166552,0.0,0.031310231075622114,0.0,0.06371723359916356,0.0,0,0,15,11
7,region_07,2025-11-22,,,,,,,,,,,,,,,,,,,,,,,,,,,,,,,,,,,,,,,,,,,,,,,,,,,,,,,,,,,,,,,,,,,,,,,,,,,,,,,,,,,,,,,,,,,,,,,,,,,,,,,,,,,,,,,,,,,,,,,,,,,,,,,,,,,,,,,,,,,,,,,,,,,,,,,,,,,,,,,,,0.018039128578761013,0.0,,,,,,,,,,,,,,,,,0.004407544130165298,0.0,,,,,,,0.0078875845453391,0.0,,,0.02518150125009315,0.0,,,,,,,,,0.08721438236534593,0.0,,,,,,,,,0.05493661575019355,0.0,,,0.006042730063199941,0.0,,,,,,,,,,,,,,,,,,,,,,,,,,,,,,,,,,,,,,,,,,,,,,,,,,,,,,,0.00873722679292158,0.0,0.75,0.0,,,0.08473559932058879,0.0,,,0.06508736591786143,0.0,,,,,0.040625000372529,0.0,0.054213857402404114,0.0,0.0325436829589307,0.0,0.07315188180655238,0.0,0,0,15,12
7,region_07,2025-11-29,,,,,,,,,,,,,,,,,,,,,,,,,,,,,,,,,,,,,,,,,,,,,,,,,,,,,,,,,,,,,,,,,,,,,,,,,,,,,,,,,,,,,,,,,,,,,,,,,,,,,,,,,,,,,,,,,,,,,,,,,,,,,,,,,,,,,,,,,,,,,,,,,,,,,,,,,,,,,,,,,0.018732941216405667,0.0,,,,,,,,,,,,,,,,,0.0045770650582485795,0.0,,,,,,,0.007831865892512675,0.0,,,0.022623554318367163,0.0,,,,,,,,,0.0719938587862998,0.0,,,,,,,,,0.062223316403105806,0.0,,,0.0058687841519712855,0.0,,,,,,,,,,,,,,,,,,,,,,,,,,,,,,,,,,,,,,,,,,,,,,,,,,,,,,,0.008297033103493312,0.0,0.711895818511645,0.0,,,0.09419902140507469,0.0,,,0.08948347802894809,0.0,,,,,0.03724395514776306,0.0,0.055226478353142705,0.0,0.031061640746581028,0.0,0.06034176680259404,0.0,0,0,15,13
7,region_07,2025-12-06,,,,,,,,,,,,,,,,,,,,,,,,,,,,,,,,,,,,,,,,,,,,,,,,,,,,,,,,,,,,,,,,,,,,,,,,,,,,,,,,,,,,,,,,,,,,,,,,,,,,,,,,,,,,,,,,,,,,,,,,,,,,,,,,,,,,,,,,,,,,,,,,,,,,,,,,,,,,,,,,,0.01942675385405032,0.0,,,,,,,,,,,,,,,,,0.00474658598633186,0.0,,,,,,,0.00777614723968625,0.0,,,0.020065607386641177,0.0,,,,,,,,,0.05677333520725367,0.0,,,,,,,,,0.06951001705601807,0.0,,,0.0056948382407426305,0.0,,,,,,,,,,,,,,,,,,,,,,,,,,,,,,,,,,,,,,,,,,,,,,,,,,,,,,,0.007856839414065044,0.0,0.6737916370232899,0.0,,,0.1036624434895606,0.0,,,0.11387959014003474,0.0,,,,,0.03386290992299712,0.0,0.056239099303881296,0.0,0.029579598534231352,0.0,0.04753165179863569,0.0,0,0,15,14
7,region_07,2025-12-13,,,,,,,,,,,,,,,,,,,,,,,,,,,,,,,,,,,,,,,,,,,,,,,,,,,,,,,,,,,,,,,,,,,,,,,,,,,,,,,,,,,,,,,,,,,,,,,,,,,,,,,,,,,,,,,,,,,,,,,,,,,,,,,,,,,,,,,,,,,,,,,,,,,,,,,,,,,,,,,,,0.020120566491694976,0.0,,,,,,,,,,,,,,,,,0.004916106914415141,0.0,,,,,,,0.007720428586859825,0.0,,,0.017507660454915187,0.0,,,,,,,,,0.04155281162820753,0.0,,,,,,,,,0.07679671770893033,0.0,,,0.0055208923295139755,0.0,,,,,,,,,,,,,,,,,,,,,,,,,,,,,,,,,,,,,,,,,,,,,,,,,,,,,,,0.0074166457246367746,0.0,0.635687455534935,0.0,,,0.1131258655740465,0.0,,,0.1382757022511214,0.0,,,,,0.030481864698231175,0.0,0.05725172025461988,0.0,0.028097556321881677,0.0,0.03472153679467734,0.0,0,0,15,15
7,region_07,2025-12-20,,,,,,,,,,,,,,,,,,,,,,,,,,,,,,,,,,,,,,,,,,,,,,,,,,,,,,,,,,,,,,,,,,,,,,,,,,,,,,,,,,,,,,,,,,,,,,,,,,,,,,,,,,,,,,,,,,,,,,,,,,,,,,,,,,,,,,,,,,,,,,,,,,,,,,,,,,,,,,,,,0.02081437912933963,0.0,,,,,,,,,,,,,,,,,0.005085627842498421,0.0,,,,,,,0.0076647099340334,0.0,,,0.0149497135231892,0.0,,,,,,,,,0.0263322880491614,0.0,,,,,,,,,0.08408341836184259,0.0,,,0.00534694641828532,0.0,,,0.0181818176060915,2.0,,,,,,,,,,,,,,,,,,,,,,,,,,,,,,,,,,,,,,,,,,,,,,,,,,,0.006976452035208506,0.0,0.59758327404658,0.0,,,0.12258928765853239,0.0,,,0.16267181436220804,0.0,0.0181818176060915,2.0,0.0181818176060915,2.0,0.027100819473465234,0.0,0.05826434120535847,0.0,0.026615514109532,0.0,0.021911421790718998,0.0,0,3,15,16
7,region_07,2025-12-27,,,,,,,,,,,,,,,,,,,,,,,,,,,,,,,,,,,,,,,,,,,,,,,,,,,,,,,,,,,,,,,,,,,,,,,,,,,,,,,,,,,,,,,,,,,,,,,,,,,,,,,,,,,,,,,,,,,,,,,,,,,,,,,,,,,,,,,,,,,,,,,,,,,,,,,,,,,,,,,,,0.021508191766984285,0.0,,,,,,,,,,,,,,,,,0.005255148770581702,0.0,,,,,,,0.007608991281206975,0.0,,,0.012391766591463212,0.0,,,,,,,,,0.02664768982989089,0.0,,,,,,,,,0.09137011901475485,0.0,,,0.005173000507056665,0.0,,,0.017124735284596675,0.0,,,,,,,,,,,,,,,,,,,,,,,,,,,,,,,,,,,,,,,,,,,,,,,,,,,0.006536258345780238,0.0,0.5637766383588314,0.0,,,0.1261302381753921,0.0,,,0.13908130582422015,0.0,0.01775620295666156,0.0,0.017224879935383776,0.0,0.023719774248699293,0.0,0.05179049447178837,0.0,0.025133471897182326,0.0,0.026347322544703847,0.0,0,0,18,17
7,region_07,2026-01-03,,,,,,,,,,,,,,,,,,,,,,,,,,,,,,,,,,,,,,,,,,,,,,,,,,,,,,,,,,,,,,,,,,,,,,,,,,,,,,,,,,,,,,,,,,,,,,,,,,,,,,,,,,,,,,,,,,,,,,,,,,,,,,,,,,,,,,,,,,,,,,,,,,,,,,,,,,,,,,,,,0.02220200440462894,0.0,,,,,,,,,,,,,,,,,0.005424669698664983,0.0,,,,,,,0.0075532726283805505,0.0,,,0.009833819659737224,0.0,,,,,,,,,0.026963091610620382,0.0,,,,,,,,,0.09865681966766712,0.0,,,0.00499905459582801,0.0,,,0.01606765296310185,0.0,,,,,,,,,,,,,,,,,,,,,,,,,,,,,,,,,,,,,,,,,,,,,,,,,,,0.00609606465635197,0.0,0.5299700026710827,0.0,,,0.12967118869225178,0.0,,,0.11549079728623227,0.0,0.017330588307231623,0.0,0.01626794226467605,0.0,0.020338729023933348,0.0,0.045316647738218266,0.0,0.02365142968483265,0.0,0.030783223298688697,0.0,0,0,18,18
7,region_07,2026-01-10,,,,,,,,,,,,,,,,,,,,,,,,,,,,,,,,,,,,,,,,,,,,,,,,,,,,,,,,,,,,,,,,,,,,,,,,,,,,,,,,,,,,,,,,,,,,,,,,,,,,,,,,,,,,,,,,,,,,,,,,,,,,,,,,,,,,,,,,,,,,,,,,,,,,,,,,,,,,,,,,,0.022895817042273593,0.0,,,,,,,,,,,,,,,,,0.005594190626748263,0.0,,,,,,,0.007497553975554125,0.0,,,0.007275872728011237,0.0,,,,,,,,,0.027278493391349877,0.0,,,,,,,,,0.10594352032057938,0.0,,,0.004825108684599355,0.0,,,0.015010570641607025,0.0,,,,,,,,,,,,,,,,,,,,,,,,,,,,,,,,,,,,,,,,,,,,,,,,,,,0.005655870966923701,0.0,0.4961633669833342,0.0,,,0.13321213920911146,0.0,,,0.09190028874824438,0.0,0.01690497365780169,0.0,0.015311004593968325,0.0,0.016957683799167407,0.0,0.03884280100464817,0.0,0.022169387472482975,0.0,0.03521912405267355,0.0,0,0,18,19
7,region_07,2026-01-17,,,,,,,,,,,,,,,,,,,,,,,,,,,,,,,,,,,,,,,,,,,,,,,,,,,,,,,,,,,,,,,,,,,,,,,,,,,,,,,,,,,,,,,,,,,,,,,,,,,,,,,,,,,,,,,,,,,,,,,,,,,,,,,,,,,,,,,,,,,,,,,,,,,,,,,,,,,,,,,,,0.023589629679918248,0.0,,,,,,,,,,,,,,,,,0.005763711554831544,0.0,,,,,,,0.0074418353227277,0.0,,,0.00471792579628525,0.0,,,,,,,,,0.02759389517207937,0.0,,,,,,,,,0.11323022097349164,0.0,,,0.0046511627733707,0.0,0.037743406370282145,2.0,0.0139534883201122,0.0,,,,,,,,,,,,,,,,,,,,,,,,,,,,,,,,,,,,,,,,,,,,,,,,,,,0.005215677277495434,0.0,0.46235673129558563,0.0,,,0.13675308972597117,0.0,,,0.0683097802102565,0.0,0.01647935900837175,0.0,0.0143540669232606,0.0,0.013576638574401468,0.0,0.03236895427107807,0.0,0.0206873452601333,0.0,0.0396550248066584,0.0,0,1,18,20
7,region_07,2026-01-24,,,,,,,,,,,,,,,,,,,,,,,,,,,,,,,,,,,,,,,,,,,,,,,,,,,,,,,,,,,,,,,,,,,,,,,,,,,,,,,,,,,,,,,,,,,,,,,,,,,,,,,,,,,,,,,,,,,,,,,,,,,,,,,,,,,,,,,,,,,,,,,,,,,,,,,,,,,,,,,,,0.02454153727740046,0.0,,,,,,,,,,,,,,,,,0.0059332324829148245,0.0,,,,,,,0.007386116669901275,0.0,,,0.005877206596778681,0.0,,,,,,,,,0.025019169038083985,0.0,,,,,,,,,0.1319477551927169,0.0,,,0.004671893431805026,0.0,0.043066731188446256,0.0,0.012832158943638176,0.0,,,,,,,,,,,,,,,,,,,,,,,,,,,,,,,,,,,,,,,,,,,,,,,,,,,0.005141689286877676,0.0,0.43601879850029945,0.0,,,0.14589851349592203,0.0,,,0.061832820996642036,0.0,0.019739107461646137,0.0,0.01341105275787405,0.0,0.018791998581339852,0.0,0.029196441018333002,0.0,0.019205303047783624,0.0,0.03790987127770977,0.0,0,0,19,21
7,region_07,2026-01-31,,,,,,,,,,,,,,,,,,,,,,,,,,,,,,,,,,,,,,,,,,,,,,,,,,,,,,,,,,,,,,,,,,,,,,,,,,,,,,,,,,,,,,,,,,,,,,,,,,,,,,,,,,,,,,,,,,,,,,,,,,,,,,,,,,,,,,,,,,,,,,,,,,,,,,,,,,,,,,,,,0.025493444874882674,0.0,,,,,,,,,,,,,,,,,0.006102753410998105,0.0,,,,,,,0.00733039801707485,0.0,,,0.007036487397272112,0.0,,,,,,,,,0.0224444429040886,0.0,,,,,,,,,0.15066528941194215,0.0,,,0.00469262409023935,0.0,0.048390056006610366,0.0,0.011710829567164151,0.0,,,,,,,,,,,,,,,,,,,,,,,,,,,,,,,,,,,,,,,,,,,,,,,,,,,0.005067701296259917,0.0,0.4096808657050133,0.0,,,0.1550439372658729,0.0,,,0.05535586178302758,0.0,0.022998855914920523,0.0,0.0124680385924875,0.0,0.024007358588278238,0.0,0.026023927765587936,0.0,0.01772326083543395,0.0,0.03616471774876115,0.0,0,0,19,22
7,region_07,2026-02-07,,,,,,,,,,,,,,,,,,,,,,,,,,,,,,,,,,,,,,,,,,,,,,,,,,,,,,,,,,,,,,,,,,,,,,,,,,,,,,,,,,,,,,,,,,,,,,,,,,,,,,,,,,,,,,,,,,,,,,,,,,,,,,,,,,,,,,,,,,,,,,,,,,,,,,,,,,,,,,,,,0.02644535247236489,0.0,,,,,,,,,,,,,,,,,0.006272274339081386,0.0,,,,,,,0.007274679364248425,0.0,,,0.008195768197765543,0.0,,,,,,,,,0.019869716770093217,0.0,,,,,,,,,0.1693828236311674,0.0,,,0.004713354748673675,0.0,0.05371338082477448,0.0,0.010589500190690125,0.0,,,,,,,,,,,,,,,,,,,,,,,,,,,,,,,,,,,,,,,,,,,,,,,,,,,0.004993713305642158,0.0,0.3833429329097271,0.0,,,0.1641893610358238,0.0,,,0.04887890256941312,0.0,0.02625860436819491,0.0,0.01152502442710095,0.0,0.02922271859521662,0.0,0.022851414512842866,0.0,0.016241218623084273,0.0,0.03441956421981253,0.0,0,0,19,23
7,region_07,2026-02-14,,,,,,,,,,,,,,,,,,,,,,,,,,,,,,,,,,,,,,,,,,,,,,,,,,,,,,,,,,,,,,,,,,,,,,,,,,,,,,,,,,,,,,,,,,,,,,,,,,,,,,,,,,,,,,,,,,,,,,,,,,,,,,,,,,,,,,,,,,,,,,,,,,,,,,,,,,,,,,,,,0.0273972600698471,0.0,,,,,,,,,,,,,,,,,0.006441795267164666,0.0,,,,,,,0.007218960711422,0.0,,,0.009355048998258973,0.0,,,,,,,,,0.017294990636097834,0.0,,,,,,,,,0.18810035785039267,0.0,,,0.004734085407108,0.0,0.05903670564293859,0.0,0.0094681708142161,0.0,,,,,,,,,,,,,,,,,,,,,,,,,,,,,,,,,,,,,,,,,,,,,,,,,,,0.0049197253150244,0.0,0.3570050001144409,0.0,,,0.17333478480577466,0.0,,,0.042401943355798666,0.0,0.029518352821469297,0.0,0.0105820102617144,0.0,0.034438078602155,0.0,0.0196789012600978,0.0,0.0147591764107346,0.0,0.0326744106908639,0.0,0,0,19,24
7,region_07,2026-02-21,,,,,,,,,,,,,,,,,,,,,,,,,,,,,,,,,,,,,,,,,,,,,,,,,,,,,,,,,,,,,,,,,,,,,,,,,,,,,,,,,,,,,,,,,,,,,,,,,,,,,,,,,,,,,,,,,,,,,,,,,,,,,,,,,,,,,,,,,,,,,,,,,,,,,,,,,,,,,,,,,0.02226027380675075,0.0,,,,,,,,,,,,,,,,,0.006580367975402575,0.0,,,,,,,0.007163242058595575,0.0,,,0.010514329798752406,0.0,,,,,,,,,0.01472026450210245,0.0,,,,,,,,,0.20614375919103622,0.0,,,0.005299585580360075,0.0,0.056520679965615245,0.0,0.012348192743957,0.0,,,,,,,,,,,,,,,,,,,,,,,,,,,,,,,,,,,,,,,,,,,,,,,,,,,,,0.32368574663996696,0.0,,,0.17623396404087538,0.0,,,0.04054656531661743,0.0,0.029991015093401047,0.0,,,0.04331877455115314,0.0,0.016508197470102424,0.0,0.01367456821026275,0.0,0.03150189411826429,0.0,0,0,17,25
7,region_07,2026-02-28,,,,,,,,,,,,,,,,,,,,,,,,,,,,,,,,,,,,,,,,,,,,,,,,,,,,,,,,,,,,,,,,,,,,,,,,,,,,,,,,,,,,,,,,,,,,,,,,,,,,,,,,,,,,,,,,,,,,,,,,,,,,,,,,,,,,,,,,,,,,,,,,,,,,,,,,,,,,,,,,,0.0171232875436544,0.0,,,,,,,,,,,,,,,,,0.006718940683640483,0.0,,,,,,,0.00710752340576915,0.0,,,0.011673610599245836,0.0,,,,,,,,,0.012145538368107067,0.0,,,,,,,,,0.2241871605316798,0.0,,,0.00586508575361215,0.0,0.054004654288291896,0.0,0.0152282146736979,0.0,,,,,,,,,,,,,,,,,,,,,,,,,,,,,,,,,,,,,,,,,,,,,,,,,,,,,0.290366493165493,0.0,,,0.17913314327597613,0.0,,,0.03869118727743621,0.0,0.0304636773653328,0.0,,,0.05219947050015128,0.0,0.01333749368010705,0.0,0.0125899600097909,0.0,0.030329377545664678,0.0,0,0,17,26
7,region_07,2026-03-07,,,,,,,,,,,,,,,,,,,,,,,,,,,,,,,,,,,,,,,,,,,,,,,,,,,,,,,,,,,,,,,,,,,,,,,,,,,,,,,,,,,,,,,,,,,,,,,,,,,,,,,,,,,,,,,,,,,,,,,,,,,,,,,,,,,,,,,,,,,,,,,,,,,,,,,,,,,,,,,,,0.01198630128055805,0.0,,,,,,,,,,,,,,,,,0.006857513391878392,0.0,,,,,,,0.007051804752942725,0.0,,,0.012832891399739267,0.0,,,,,,,,,0.009570812234111683,0.0,,,,,,,,,0.24223056187232336,0.0,,,0.006430585926864225,0.0,0.05148862861096855,0.0,0.0181082366034388,0.0,,,,,,,,,,,,,,,,,,,,,,,,,,,,,,,,,,,,,,,,,,,,,,,,,,,,,0.257047239691019,0.0,,,0.18203232251107687,0.0,,,0.03683580923825498,0.0,0.03093633963726455,0.0,,,0.06108016644914942,0.0,0.010166789890111674,0.0,0.01150535180931905,0.0,0.029156860973065062,0.0,0,0,17,27
7,region_07,2026-03-14,,,,,,,,,,,,,,,,,,,,,,,,,,,,,,,,,,,,,,,,,,,,,,,,,,,,,,,,,,,,,,,,,,,,,,,,,,,,,,,,,,,,,,,,,,,,,,,,,,,,,,,,,,,,,,,,,,,,,,,,,,,,,,,,,,,,,,,,,,,,,,,,,,,,,,,,,,,,,,,,,0.0068493150174617,0.0,,,,,,,,,,,,,,,,,0.0069960861001163,0.0,,,,,,,0.0069960861001163,0.0,,,0.013992172200232699,0.0,,,,,,,,,0.0069960861001163,0.0,,,,,,,,,0.2602739632129669,0.0,,,0.0069960861001163,0.0,0.0489726029336452,0.0,0.020988258533179698,0.0,,,,,,,,,,,,,,,,,,,,,,,,,,,,,,,,,,,,,,,,,,,,,,,,,,,,,0.22372798621654505,0.0,,,0.1849315017461776,0.0,,,0.03498043119907375,0.0,0.0314090019091963,0.0,,,0.06996086239814756,0.0,0.0069960861001163,0.0,0.0104207436088472,0.0,0.02798434440046545,0.0,0,0,17,28
7,region_07,2026-03-21,,,,,,,,,,,,,,,,,,,,,,,,,,,,,,,,,,,,,,,,,,,,,,,,,,,,,,,,,,,,,,,,,,,,,,,,,,,,,,,,,,,,,,,,,,,,,,,,,,,,,,,,,,,,,,,,,,,,,,,,,,,,,,,,,,,,,,,,,,,,,,,,,,,,,,,,,,,,,,,,,0.0109509397298097,0.0,,,,,,,,,,,,,,,,,,,,,,,,,0.01106101804180065,0.0,,,,,,,,,,,,,,,,,,,,,,,0.3289264068007469,0.0,,,,,0.04835735913366075,0.0,,,,,,,,,,,,,,,,,,,,,,,,,,,,,,,,,,,,,,,,,,,,,,,,,,,,,,,0.1736099431291222,0.0,,,0.1677683945745229,0.0,,,0.04367718473076816,0.0,,,,,0.06409855373203752,0.0,,,,,0.04424407216720279,0.0,0,0,9,29
7,region_07,2026-03-28,,,,,,,,,,,,,,,,,,,,,,,,,,,,,,,,,,,,,,,,,,,,,,,,,,,,,,,,,,,,,,,,,,,,,,,,,,,,,,,,,,,,,,,,,,,,,,,,,,,,,,,,,,,,,,,,,,,,,,,,,,,,,,,,,,,,,,,,,,,,,,,,,,,,,,,,,,,,,,,,,0.0150525644421577,0.0,,,,,,,,,,,,,,,,,,,,,,,,,0.015125949983485001,0.0,,,,,,,,,,,,,,,,,,,,,,,0.3975788503885269,0.0,,,,,0.0477421153336763,0.0,,,,,,,,,,,,,,,,,,,,,,,,,,,,,,,,,,,,,,,,,,,,,,,,,,,,,,,0.12349190004169938,0.0,,,0.1506052874028682,0.0,,,0.052373938262462574,0.0,,,,,0.05823624506592748,0.0,,,,,0.06050379993394013,0.0,0,0,9,30
7,region_07,2026-04-04,,,,,,,,,,,,,,,,,,,,,,,,,,,,,,,,,,,,,,,,,,,,,,,,,,,,,,,,,,,,,,,,,,,,,,,,,,,,,,,,,,,,,,,,,,,,,,,,,,,,,,,,,,,,,,,,,,,,,,,,,,,,,,,,,,,,,,,,,,,,,,,,,,,,,,,,,,,,,,,,,0.019154189154505702,0.0,,,,,,,,,,,,,,,,,,,,,,,,,0.01919088192516935,0.0,,,,,,,,,,,,,,,,,,,,,,,0.4662312939763069,0.0,,,,,0.04712687153369185,0.0,,,,,,,,,,,,,,,,,,,,,,,,,,,,,,,,,,,,,,,,,,,,,,,,,,,,,,,0.07337385695427655,0.0,,,0.1334421802312135,0.0,,,0.06107069179415699,0.0,,,,,0.05237393639981744,0.0,,,,,0.07676352770067746,0.0,0,0,9,31
7,region_07,2026-04-11,,,,,,,,,,,,,,,,,,,,,,,,,,,,,,,,,,,,,,,,,,,,,,,,,,,,,,,,,,,,,,,,,,,,,,,,,,,,,,,,,,,,,,,,,,,,,,,,,,,,,,,,,,,,,,,,,,,,,,,,,,,,,,,,,,,,,,,,,,,,,,,,,,,,,,,,,,,,,,,,,0.0232558138668537,0.0,,,,,,,,,,,,,,,,,,,,,,,,,0.0232558138668537,0.0,,,,,,,,,,,,,,,,,,,,,,,0.5348837375640869,0.0,,,,,0.0465116277337074,0.0,,,,,,,,,,,,,,,,,,,,,,,,,,,,,,,,,,,,,,,,,,,,,,,,,,,,,,,0.0232558138668537,0.0,,,0.1162790730595588,0.0,0.0232558138668537,2.0,0.0697674453258514,0.0,,,,,0.0465116277337074,0.0,,,,,0.0930232554674148,0.0,0,1,9,32
