Date,A.2.5_share,A.2.5_marker,AY.1_share,AY.1_marker,AY.2_share,AY.2_marker,AY.3_share,AY.3_marker,B.1_share,B.1_marker,B.1.1_share,B.1.1_marker,B.1.1.519_share,B.1.1.519_marker,B.1.1.529_share,B.1.1.529_marker,B.1.1.7_share,B.1.1.7_marker,B.1.2_share,B.1.2_marker,B.1.351_share,B.1.351_marker,B.1.427_share,B.1.427_marker,B.1.429_share,B.1.429_marker,B.1.525_share,B.1.525_marker,B.1.526_share,B.1.526_marker,B.1.526.1_share,B.1.526.1_marker,B.1.526.2_share,B.1.526.2_marker,B.1.596_share,B.1.596_marker,B.1.617_share,B.1.617_marker,B.1.617.1_share,B.1.617.1_marker,B.1.617.2_share,B.1.617.2_marker,B.1.617.3_share,B.1.617.3_marker,B.1.621_share,B.1.621_marker,B.1.621.1_share,B.1.621.1_marker,B.1.626_share,B.1.626_marker,B.1.628_share,B.1.628_marker,B.1.637_share,B.1.637_marker,BA.1.1_share,BA.1.1_marker,BA.2_share,BA.2_marker,BA.2.12.1_share,BA.2.12.1_marker,BA.2.75_share,BA.2.75_marker,BA.2.75.2_share,BA.2.75.2_marker,BA.2.86_share,BA.2.86_marker,BA.3.2_share,BA.3.2_marker,BA.4_share,BA.4_marker,BA.4.6_share,BA.4.6_marker,BA.5_share,BA.5_marker,BA.5.2.6_share,BA.5.2.6_marker,BF.11_share,BF.11_marker,BF.7_share,BF.7_marker,BN.1_share,BN.1_marker,BQ.1_share,BQ.1_marker,BQ.1.1_share,BQ.1.1_marker,CH.1.1_share,CH.1.1_marker,EG.5_share,EG.5_marker,EG.5.1.8_share,EG.5.1.8_marker,EG.6.1_share,EG.6.1_marker,EU.1.1_share,EU.1.1_marker,FD.1.1_share,FD.1.1_marker,FD.2_share,FD.2_marker,FE.1.1_share,FE.1.1_marker,FL.1.5.1_share,FL.1.5.1_marker,GE.1_share,GE.1_marker,GK.1.1_share,GK.1.1_marker,GK.2_share,GK.2_marker,HF.1_share,HF.1_marker,HK.3_share,HK.3_marker,HV.1_share,HV.1_marker,JD.1.1_share,JD.1.1_marker,JF.1_share,JF.1_marker,JG.3_share,JG.3_marker,JN.1_share,JN.1_marker,JN.1.11.1_share,JN.1.11.1_marker,JN.1.13_share,JN.1.13_marker,JN.1.13.1_share,JN.1.13.1_marker,JN.1.16_share,JN.1.16_marker,JN.1.16.1_share,JN.1.16.1_marker,JN.1.18_share,JN.1.18_marker,JN.1.18.6_share,JN.1.18.6_marker,JN.1.32_share,JN.1.32_marker,JN.1.4.3_share,JN.1.4.3_marker,JN.1.7_share,JN.1.7_marker,JN.1.8.1_share,JN.1.8.1_marker,KP.1.1_share,KP.1.1_marker,KP.1.1.3_share,KP.1.1.3_marker,KP.1.2_share,KP.1.2_marker,KP.2_share,KP.2_marker,KP.2.15_share,KP.2.15_marker,KP.2.3_share,KP.2.3_marker,KP.3_share,KP.3_marker,KP.3.1.1_share,KP.3.1.1_marker,KP.4.1_share,KP.4.1_marker,KQ.1_share,KQ.1_marker,KS.1_share,KS.1_marker,KV.2_share,KV.2_marker,KW.1.1_share,KW.1.1_marker,LB.1_share,LB.1_marker,LB.1.3.1_share,LB.1.3.1_marker,LF.3.1_share,LF.3.1_marker,LF.7_share,LF.7_marker,LF.7.2.1_share,LF.7.2.1_marker,LF.7.7.1_share,LF.7.7.1_marker,LF.7.7.2_share,LF.7.7.2_marker,LF.7.9_share,LF.7.9_marker,LP.1_share,LP.1_marker,LP.8.1_share,LP.8.1_marker,MC.1_share,MC.1_marker,MC.10.1_share,MC.10.1_marker,MC.19_share,MC.19_marker,MC.28.1_share,MC.28.1_marker,NB.1.8.1_share,NB.1.8.1_marker,NW.1_share,NW.1_marker,P.1_share,P.1_marker,P.2_share,P.2_marker,PA.1_share,PA.1_marker,PQ.17_share,PQ.17_marker,PQ.17.11_share,PQ.17.11_marker,PQ.2.1.6_share,PQ.2.1.6_marker,PQ.2.8.1_share,PQ.2.8.1_marker,RV.1_share,RV.1_marker,XBB_share,XBB_marker,XBB.1.16_share,XBB.1.16_marker,XBB.1.16.1_share,XBB.1.16.1_marker,XBB.1.16.11_share,XBB.1.16.11_marker,XBB.1.16.15_share,XBB.1.16.15_marker,XBB.1.16.17_share,XBB.1.16.17_marker,XBB.1.16.6_share,XBB.1.16.6_marker,XBB.1.42.2_share,XBB.1.42.2_marker,XBB.1.5_share,XBB.1.5_marker,XBB.1.5.1_share,XBB.1.5.1_marker,XBB.1.5.10_share,XBB.1.5.10_marker,XBB.1.5.59_share,XBB.1.5.59_marker,XBB.1.5.68_share,XBB.1.5.68_marker,XBB.1.5.70_share,XBB.1.5.70_marker,XBB.1.5.72_share,XBB.1.5.72_marker,XBB.1.9.1_share,XBB.1.9.1_marker,XBB.1.9.2_share,XBB.1.9.2_marker,XBB.2.3_share,XBB.2.3_marker,XBB.2.3.8_share,XBB.2.3.8_marker,XDP_share,XDP_marker,XDV.1_share,XDV.1_marker,XEC_share,XEC_marker,XEC.4_share,XEC.4_marker,XEK_share,XEK_marker,XEQ_share,XEQ_marker,XFC_share,XFC_marker,XFG_share,XFG_marker,XFG.1_share,XFG.1_marker,XFG.1.1_share,XFG.1.1_marker,XFG.10.4_share,XFG.10.4_marker,XFG.14.1_share,XFG.14.1_marker,XFG.2.5.1_share,XFG.2.5.1_marker,XFG.23.1.3_share,XFG.23.1.3_marker,XFG.6_share,XFG.6_marker,XFV_share,XFV_marker,XFY_share,XFY_marker,XFZ_share,XFZ_marker,n_marker_1,n_marker_2,n_marker_0,n_marker_1_wk
2021-01-30,0.0015479510184377,2.0,0.0,,0.0,,0.0,,0.04473452195525164,2.0,0.0141326962038874,2.0,0.016513120486504454,2.0,,,0.011580339244877233,1.0,0.407959695905447,1.0,0.0007443079327155167,2.0,0.0384496861758331,2.0,0.0801246408373117,2.0,0.0007837176090106,2.0,0.010673239051053865,2.0,0.002067194417274183,2.0,0.0033080890619505664,2.0,0.09253296752770736,2.0,0.0,,0.0,,0.00012051138037345,1.0,0.0,,0.0,,0.0,,0.0,,0.0,,,,,,,,,,,,,,,,,,,,,,,,,,,,,,,,,,,,,,,,,,,,,,,,,,,,,,,,,,,,,,,,,,,,,,,,,,,,,,,,,,,,,,,,,,,,,,,,,,,,,,,,,,,,,,,,,,,,,,,,,,,,,,,,,,,,,,,,,,,,,,,,,,,,,,,,,,0.00042067981970219997,2.0,0.005243128165602655,2.0,,,,,,,,,,,,,,,,,,,,,,,,,,,,,,,,,,,,,,,,,,,,,,,,,,,,,,,,,,,,,,,,,,,,,,,,,,,,,,,,,,,,,,,3,14,0,0
2021-02-06,0.00111036887392395,0.0,0.0,,1.7224039766e-05,2.0,0.0,,0.0412297878414392,0.0,0.012631052173674051,0.0,0.023714854640679184,0.0,,,0.027874886950788345,0.0,0.4040007069706917,0.0,0.001511901284781396,0.0,0.040219679552440796,0.0,0.0889039952307939,0.0,0.0009030854562296999,0.0,0.016670083471884284,0.0,0.0032520596190199914,0.0,0.0035123873385600165,0.0,0.08294983456532157,0.0,0.0,,0.0,,7.28948416508e-05,0.0,0.0,,0.0,,0.0,,0.0,,1.3704069715425e-05,2.0,,,,,,,,,,,,,,,,,,,,,,,,,,,,,,,,,,,,,,,,,,,,,,,,,,,,,,,,,,,,,,,,,,,,,,,,,,,,,,,,,,,,,,,,,,,,,,,,,,,,,,,,,,,,,,,,,,,,,,,,,,,,,,,,,,,,,,,,,,,,,,,,,,,,,,,,,0.00032496865666565,0.0,0.006716522310549967,0.0,,,,,,,,,,,,,,,,,,,,,,,,,,,,,,,,,,,,,,,,,,,,,,,,,,,,,,,,,,,,,,,,,,,,,,,,,,,,,,,,,,,,,,,0,2,17,1
2021-02-13,0.0006727867294102,0.0,0.0,,3.4448079532e-05,0.0,0.0,,0.03772505372762676,0.0,0.0111294081434607,0.0,0.03091658879485391,0.0,,,0.04416943465669946,0.0,0.40004171803593636,0.0,0.002279494636847275,0.0,0.04198967292904849,0.0,0.0976833496242761,0.0,0.0010224533034488,0.0,0.0226669278927147,0.0,0.0044369248207658,0.0,0.0037166856151694665,0.0,0.07336670160293578,0.0,0.0,,0.0,,2.527830292815e-05,0.0,0.0,,0.0,,0.0,,0.0,,2.740813943085e-05,0.0,,,,,,,,,,,,,,,,,,,,,,,,,,,,,,,,,,,,,,,,,,,,,,,,,,,,,,,,,,,,,,,,,,,,,,,,,,,,,,,,,,,,,,,,,,,,,,,,,,,,,,,,,,,,,,,,,,,,,,,,,,,,,,,,,,,,,,,,,,,,,,,,,,,,,,,,,0.0002292574936291,0.0,0.008189916455497277,0.0,,,,,,,,,,,,,,,,,,,,,,,,,,,,,,,,,,,,,,,,,,,,,,,,,,,,,,,,,,,,,,,,,,,,,,,,,,,,,,,,,,,,,,,0,0,19,2
2021-02-20,0.0010503524099476,0.0,0.0,,1.7224039766e-05,0.0,0.0,,0.035759144276380495,0.0,0.01481304084882135,0.0,0.03447981520245469,0.0,,,0.0784553770596782,0.0,0.36169579066336155,0.0,0.003608657289684388,0.0,0.04381359647959465,0.0,0.09567255464692906,0.0,0.0018541588409182416,0.0,0.03806439996697004,0.0,0.008250892201128058,0.0,0.00829526500698795,0.0,0.06625195359811184,0.0,0.0,,0.0,,0.00012242101474835502,0.0,0.0,,0.0,,5.4391999583425e-05,2.0,0.0,,6.80894190736e-05,0.0,,,,,,,,,,,,,,,,,,,,,,,,,,,,,,,,,,,,,,,,,,,,,,,,,,,,,,,,,,,,,,,,,,,,,,,,,,,,,,,,,,,,,,,,,,,,,,,,,,,,,,,,,,,,,,,,,,,,,,,,,,,,,,,,,,,,,,,,,,,,,,,,,,,,,,,,,0.0004885965681750916,0.0,0.008018801609675032,0.0,,,,,,,,,,,,,,,,,,,,,,,,,,,,,,,,,,,,,,,,,,,,,,,,,,,,,,,,,,,,,,,,,,,,,,,,,,,,,,,,,,,,,,,0,1,19,3
2021-02-27,0.001427918090485,0.0,0.0,,0.0,0.0,0.0,,0.03379323482513422,0.0,0.018496673554182,0.0,0.03804304161005547,0.0,,,0.11274131946265693,0.0,0.32334986329078674,0.0,0.0049378199425215005,0.0,0.04563752003014082,0.0,0.09366175966958201,0.0,0.002685864378387683,0.0,0.05346187204122538,0.0,0.012064859581490317,0.0,0.012873844398806433,0.0,0.0591372055932879,0.0,0.0,,0.0,,0.00021956372656856002,0.0,0.0,,0.0,,0.00010878399916685,0.0,0.0,,0.00010877069871635,0.0,,,,,,,,,,,,,,,,,,,,,,,,,,,,,,,,,,,,,,,,,,,,,,,,,,,,,,,,,,,,,,,,,,,,,,,,,,,,,,,,,,,,,,,,,,,,,,,,,,,,,,,,,,,,,,,,,,,,,,,,,,,,,,,,,,,,,,,,,,,,,,,,,,,,,,,,,0.0007479356427210833,0.0,0.007847686763852788,0.0,,,,,,,,,,,,,,,,,,,,,,,,,,,,,,,,,,,,,,,,,,,,,,,,,,,,,,,,,,,,,,,,,,,,,,,,,,,,,,,,,,,,,,,0,0,20,4
2021-03-06,0.00168844737345345,0.0,0.0,,0.0,0.0,0.0,,,,,,,,,,0.21287390291690822,0.0,,,0.00416812933981412,0.0,0.042620800435543,0.0,0.0940327569842338,0.0,0.00337129191029815,0.0,0.0786799900233745,0.0,,,,,,,,,7.791994236560001e-05,2.0,8.3264290879e-05,0.0,3.4247265527166666e-05,2.0,0.0,,0.0,0.0,4.84633092128e-05,2.0,0.0004267886591454,0.0,,,,,,,,,,,,,,,,,,,,,,,,,,,,,,,,,,,,,,,,,,,,,,,,,,,,,,,,,,,,,,,,,,,,,,,,,,,,,,,,,,,,,,,,,,,,,,,,,,,,,,,,,,,,,,,,,,,,,,,,,,,,,,,,,,,,,,,,,,,,,,,,,,,,,,,,,0.0035520754754543,0.0,,,,,,,,,,,,,,,,,,,,,,,,,,,,,,,,,,,,,,,,,,,,,,,,,,,,,,,,,,,,,,,,,,,,,,,,,,,,,,,,,,,,,,,,,0,3,12,5
2021-03-13,0.0011943127610720499,0.0,0.0,,0.0,0.0,0.0,,,,,,,,,,0.30108730792999266,0.0,,,0.006344497203826879,0.0,0.0393467135727405,0.0,0.083436943590641,0.0,0.003979955858085275,0.0,0.10734470374882217,0.0,,,,,,,,,0.00015143160029156667,0.0,8.837487512206e-05,0.0,0.0,0.0,9.675077453716e-05,2.0,0.0,0.0,0.0,0.0,0.0005601478818182667,0.0,,,,,,,,,,,,,,,,,,,,,,,,,,,,,,,,,,,,,,,,,,,,,,,,,,,,,,,,,,,,,,,,,,,,,,,,,,,,,,,,,,,,,,,,,,,,,,,,,,,,,,,,,,,,,,,,,,,,,,,,,,,,,,,,,,,,,,,,,,,,,,,,,,,,,,,,,0.0063934310339390805,0.0,,,,,,,,,,,,,,,,,,,,,,,,,,,,,,,,,,,,,,,,,,,,,,,,,,,,,,,,,,,,,,,,,,,,,,,,,,,,,,,,,,,,,,,,,0,1,15,6
2021-03-20,0.0013976913178339,0.0,0.0,,0.0,0.0,0.0,,,,,,,,,,0.38315661549568175,0.0,,,0.007355119939893439,0.0,0.0328825488686561,0.0,0.0721949264407157,0.0,0.0047929298598319,0.0,0.12436311133205888,0.0,,,,,,,,,0.0005796276770221,0.0,0.00020444025576574,0.0,0.0,0.0,0.000488781748572325,0.0,0.0,0.0,0.0,0.0,0.0008959054442432666,0.0,,,,,,,,,,,,,,,,,,,,,,,,,,,,,,,,,,,,,,,,,,,,,,,,,,,,,,,,,,,,,,,,,,,,,,,,,,,,,,,,,,,,,,,,,,,,,,,,,,,,,,,,,,,,,,,,,,,,,,,,,,,,,,,,,,,,,,,,,,,,,,,,,,,,,,,,,0.010661032050847941,0.0,,,,,,,,,,,,,,,,,,,,,,,,,,,,,,,,,,,,,,,,,,,,,,,,,,,,,,,,,,,,,,,,,,,,,,,,,,,,,,,,,,,,,,,,,0,0,16,7
2021-03-27,0.0014414702309295,0.0,0.0,,0.0,0.0,0.0,,,,,,,,,,0.48308259844779966,0.0,,,0.00798766724765298,0.0,0.024100411683321,0.0,0.0597007013857364,0.0,0.0049961418844759005,0.0,0.14055412821471686,0.0,,,,,,,,,0.00046164455125099997,0.0,0.00010167566385156667,0.0,0.0,0.0,0.00025081399944606,0.0,0.0,0.0,0.0,0.0,0.0008584855822846,0.0,,,,,,,,,,,,,,,,,,,,,,,,,,,,,,,,,,,,,,,,,,,,,,,,,,,,,,,,,,,,,,,,,,,,,,,,,,,,,,,,,,,,,,,,,,,,,,,,,,,,,,,,,,,,,,,,,,,,,,,,,,,,,,,,,,,,,,,,,,,,,,,,,,,,,,,,,0.01930104233324522,0.0,,,,,,,,,,,,,,,,,,,,,,,,,,,,,,,,,,,,,,,,,,,,,,,,,,,,,,,,,,,,,,,,,,,,,,,,,,,,,,,,,,,,,,,,,0,0,16,8
2021-04-03,0.00123811553930855,0.0,0.0,,0.0,0.0,0.0,,,,,,,,,,0.5553517460823059,0.0,,,0.009948952868580779,0.0,0.0199870225042104,0.0,0.0501285083591938,0.0,0.00427290366496885,0.0,0.13734110631048674,0.0,,,,,,,,,0.000630229517507,0.0,0.00059535040054464,0.0,3.1344306383566667e-05,0.0,0.00077123303199182,0.0,0.0,0.0,0.0,0.0,0.0011819289065896667,0.0,,,,,,,,,,,,,,,,,,,,,,,,,,,,,,,,,,,,,,,,,,,,,,,,,,,,,,,,,,,,,,,,,,,,,,,,,,,,,,,,,,,,,,,,,,,,,,,,,,,,,,,,,,,,,,,,,,,,,,,,,,,,,,,,,,,,,,,,,,,,,,,,,,,,,,,,,0.03075011111795898,0.0,,,,,,,,,,,,,,,,,,,,,,,,,,,,,,,,,,,,,,,,,,,,,,,,,,,,,,,,,,,,,,,,,,,,,,,,,,,,,,,,,,,,,,,,,0,0,16,9
2021-04-10,0.00117200036766,0.0,3.262110840295e-05,2.0,0.0,0.0,2.03752160814e-05,2.0,,,,,,,,,0.6221887946128846,0.0,,,0.00997084286063904,0.0,0.0147861838340759,0.0,0.0364383272826671,0.0,0.0046153599396347505,0.0,0.13015266507863996,0.0,,,,,,,,,0.0014320426853372998,0.0,0.00137769293505694,0.0,0.0,0.0,0.00076278552878642,0.0,0.00010242558892055,0.0,0.0,0.0,0.0018302946506688665,0.0,,,,,,,,,,,,,,,,,,,,,,,,,,,,,,,,,,,,,,,,,,,,,,,,,,,,,,,,,,,,,,,,,,,,,,,,,,,,,,,,,,,,,,,,,,,,,,,,,,,,,,,,,,,,,,,,,,,,,,,,,,,,,,,,,,,,,,,,,,,,,,,,,,,,,,,,,0.03787046968936914,0.0,,,,,,,,,,,,,,,,,,,,,,,,,,,,,,,,,,,,,,,,,,,,,,,,,,,,,,,,,,,,,,,,,,,,,,,,,,,,,,,,,,,,,,,,,0,2,16,10
2021-04-17,0.00113486399641255,0.0,1.56065525516e-05,0.0,0.0,0.0,1.8461787476500002e-05,0.0,,,,,,,,,0.642410135269165,0.0,,,0.00932908840477462,0.0,0.0105006350204348,0.0,0.0268212482333183,0.0,0.0036914282245561,0.0,0.12712819315493104,0.0,,,,,,,,,0.0018069528353710333,0.0,0.00329100266098972,0.0,0.0,0.0,0.00169957724865522,0.0,0.00028333265800025,0.0,0.0,0.0,0.0022762615699320667,0.0,,,,,,,,,,,,,,,,,,,,,,,,,,,,,,,,,,,,,,,,,,,,,,,,,,,,,,,,,,,,,,,,,,,,,,,,,,,,,,,,,,,,,,,,,,,,,,,,,,,,,,,,,,,,,,,,,,,,,,,,,,,,,,,,,,,,,,,,,,,,,,,,,,,,,,,,,0.04602839201688762,0.0,,,,,,,,,,,,,,,,,,,,,,,,,,,,,,,,,,,,,,,,,,,,,,,,,,,,,,,,,,,,,,,,,,,,,,,,,,,,,,,,,,,,,,,,,0,0,18,11
2021-04-24,0.00122688413830465,0.0,7.144396658980001e-05,0.0,0.0,0.0,0.00020643258176275,0.0,,,,,,,,,0.6660762310028077,0.0,,,0.00773183386772866,0.0,0.0104358773678541,0.0,0.0197579022496938,0.0,0.003685077768750425,0.0,0.11891231499612326,0.0,,,,,,,,,0.0014899208520848999,0.0,0.008608478493988481,0.0,0.00015573061925039998,0.0,0.0025435617193579198,0.0,0.0001438284707546,0.0,7.653905868149999e-06,0.0,0.0038870052279283,0.0,,,,,,,,,,,,,,,,,,,,,,,,,,,,,,,,,,,,,,,,,,,,,,,,,,,,,,,,,,,,,,,,,,,,,,,,,,,,,,,,,,,,,,,,,,,,,,,,,,,,,,,,,,,,,,,,,,,,,,,,,,,,,,,,,,,,,,,,,,,,,,,,,,,,,,,,,0.05591285526752469,0.0,,,,,,,,,,,,,,,,,,,,,,,,,,,,,,,,,,,,,,,,,,,,,,,,,,,,,,,,,,,,,,,,,,,,,,,,,,,,,,,,,,,,,,,,,0,0,18,12
2021-05-01,0.00142364698695015,0.0,0.0,0.0,0.0,0.0,0.0002198253423557,0.0,,,,,,,,,0.6939022541046143,0.0,,,0.00813798066228624,0.0,0.007172564510256,0.0,0.0155205260962247,0.0,0.0031021093600429,0.0,0.10782439075410362,0.0,,,,,,,,,0.0005276413479198667,0.0,0.01156059522181746,0.0,0.0,0.0,0.00485604377463452,0.0,0.00093618678511115,0.0,7.46413638805e-06,0.0,0.0055157626047729995,0.0,,,,,,,,,,,,,,,,,,,,,,,,,,,,,,,,,,,,,,,,,,,,,,,,,,,,,,,,,,,,,,,,,,,,,,,,,,,,,,,,,,,,,,,,,,,,,,,,,,,,,,,,,,,,,,,,,,,,,,,,,,,,,,,,,,,,,,,,,,,,,,,,,,,,,,,,,0.061207555979490236,0.0,,,,,,,,,,,,,,,,,,,,,,,,,,,,,,,,,,,,,,,,,,,,,,,,,,,,,,,,,,,,,,,,,,,,,,,,,,,,,,,,,,,,,,,,,0,0,18,13
2021-05-08,0.0010738980490714,0.0,4.997863008885385e-05,0.0,0.0,0.0,0.0007609719177708,0.0,,,,,,,0.0,,0.6958341939108712,0.0,,,0.00923445969820018,0.0,0.0070202425122261,0.0,0.0097317500039935,0.0,0.002223447721917125,0.0,0.1012596078217029,0.0,,,,,,,,,0.0008243272701898667,0.0,0.01728659482563238,0.0,0.0,0.0,0.0055402773432433,0.0,0.00118357333121815,0.0,5.04894451296e-05,0.0,0.004839101961503367,0.0,,,0.0,,0.0,,0.0,,0.0,,0.0,,,,,,0.0,,0.0,,0.0,,0.0,,0.0,,0.0,,0.0,,0.0,,0.0,,0.0,,,,,,,,,,,,0.0,,,,,,,,,,,,,,,,,,,,,,,,,,,,,,,,,,,,,,,,,,,,,,,,,,,,,,,,,,,,,,,,,,,,,,,,,,,,,,,,,,,,,,,,,,,,,,,,,,,,,,,,,,0.07171949297189709,0.0,,,,,,,,,,,,,,,0.0,,0.0,,,,,,,,,,,,,,0.0,,0.0,,,,,,,,,,,,0.0,,0.0,,0.0,,,,,,,,,,,,,,,,,,,,,,,,,,,,,,,,,,,,,,,,0,0,18,14
2021-05-15,0.0011951135238632,0.0,3.936647505416667e-05,0.0,6.871320365458666e-05,0.0,0.0016152942553162,0.0,,,,,,,0.00011040310280138181,1.0,0.6980113208293914,0.0,,,0.007180376444011886,0.0,0.004860867280513,0.0,0.0068164430558681,0.0,0.0012357954110484,0.0,0.0908703388025363,0.0,,,,,,,,,0.000758375012082925,0.0,0.023974823151630388,0.0,0.0,0.0,0.009236851416062512,0.0,0.0019552643061614998,0.0,0.00019916620658474998,0.0,0.008483952842652739,0.0,0.0294021954759955,2.0,0.00020571553856517036,1.0,0.0,,0.0,,0.0,,0.0,,,,,,0.0,,0.0,,0.0,,0.0,,0.0,,0.0,,0.0,,0.0,,0.0,,0.0,,,,,,,,,,,,0.0,,,,,,,,,,,,,,,,,,,,,,,,,,,,,,,,,,,,,,,,,,,,,,,,,,,,,,,,,,,,,,,,,,,,,,,,,,,,,,,,,,,,,,,,,,,,,,,,,,,,,,,,,,0.07912291772663588,0.0,,,,,,,,,,,,,,,0.0,,0.0,,,,,,,,,,,,,,0.0,,0.0,,,,,,,,,,,,0.0,,0.0,,0.0,,,,,,,,,,,,,,,,,,,,,,,,,,,,,,,,,,,,,,,,2,1,18,0
2021-05-22,0.0012908301432616501,0.0,0.0002904394950746375,0.0,0.00026754861755756877,0.0,0.0041783188935369,0.0,,,,,,,0.0002450390673736225,0.0,0.6775962471961975,0.0,,,0.006176126455622,0.0,0.0019942985381931,0.0,0.0047596478834748,0.0,0.0015908065543044,0.0,0.08248210015396273,0.0,,,,,,,,,0.00034135729656552,0.0,0.03909997747872359,0.0,0.0,0.0,0.011479754350148075,0.0,0.00347352738026525,0.0,8.271541446445e-05,0.0,0.00901046134531494,0.0,0.02711412776261565,0.0,0.0002466056439852648,0.0,0.0,,0.0,,0.0,,0.0,,,,,,0.0,,0.0,,0.0,,0.0,,0.0,,0.0,,0.0,,0.0,,0.0,,0.0,,,,,,,,,,,,0.0,,,,,,,,,,,,,,,,,,,,,,,,,,,,,,,,,,,,,,,,,,,,,,,,,,,,,,,,,,,,,,,,,,,,,,,,,,,,,,,,,,,,,,,,,,,,,,,,,,,,,,,,,,0.09551757015287869,0.0,,,,,,,,,,,,,,,0.0,,0.0,,,,,,,,,,,,,,0.0,,0.0,,,,,,,,,,,,0.0,,0.0,,0.0,,,,,,,,,,,,,,,,,,,,,,,,,,,,,,,,,,,,,,,,0,0,21,1
2021-05-29,0.00402132968883955,0.0,0.00109679155139015,0.0,0.0013791544479317668,0.0,0.00752870505675665,0.0,,,,,,,0.00022261476230907756,0.0,0.6245377480983734,0.0,,,0.005331049340643985,0.0,0.0033269012346863,0.0,0.0041815605945885,0.0,0.000362421924364675,0.0,0.08057958322266734,0.0,,,,,,,,,0.00037055462598794,0.0,0.07144581014290448,0.0,0.0,0.0,0.021819331217557164,0.0,0.004108047927729725,0.0,0.0003301747201476,0.0,0.01188024021685118,0.0,0.0325336251407861,0.0,0.00022732778701793876,0.0,0.0,,0.0,,0.0,,0.0,,,,,,0.0,,0.0,,0.0,,0.0,,0.0,,0.0,,0.0,,0.0,,0.0,,0.0,,,,,,,,,,,,0.0,,,,,,,,,,,,,,,,,,,,,,,,,,,,,,,,,,,,,,,,,,,,,,,,,,,,,,,,,,,,,,,,,,,,,,,,,,,,,,,,,,,,,,,,,,,,,,,,,,,,,,,,,,0.09901864174753422,0.0,,,,,,,,,,,,,,,0.0,,0.0,,,,,,,,,,,,,,0.0,,0.0,,,,,,,,,,,,0.0,,0.0,,0.0,,,,,,,,,,,,,,,,,,,,,,,,,,,,,,,,,,,,,,,,0,0,21,2
2021-06-05,0.0030970879597589,0.0,0.000103335975381875,0.0,0.00664045064089195,0.0,0.02279388997703785,0.0,,,,,,,0.0001474145246902,0.0,0.5622960746288299,0.0,,,0.003177468066236757,0.0,0.0021206627134233,0.0,0.0023592836223542,0.0,0.0016984055691863999,0.0,0.06568706097702182,0.0,,,,,,,,,0.0,0.0,0.14094047527760264,0.0,0.0,0.0,0.02795503824017939,0.0,0.0099750000517815,0.0,0.000648127606837,0.0,0.01364214699715372,0.0,0.02753281593322745,0.0,0.0005643013300497163,0.0,0.0,,0.0,,0.0,,0.0,,,,,,0.0,,0.0,,0.0,,0.0,,0.0,,0.0,,0.0,,0.0,,0.0,,0.0,,,,,,,,,,,,0.0,,,,,,,,,,,,,,,,,,,,,,,,,,,,,,,,,,,,,,,,,,,,,,,,,,,,,,,,,,,,,,,,,,,,,,,,,,,,,,,,,,,,,,,,,,,,,,,,,,,,,,,,,,0.11566012259572742,0.0,,,,,,,,,,,,,,,0.0,,0.0,,,,,,,,,,,,,,0.0,,0.0,,,,,,,,,,,,0.0,,0.0,,0.0,,,,,,,,,,,,,,,,,,,,,,,,,,,,,,,,,,,,,,,,0,0,21,3
2021-06-12,0.00490294839255505,0.0,0.0004053158281749,0.0,0.006130352461089634,0.0,0.0411343518644571,0.0,,,,,,,0.0,0.0,0.4627824157476425,0.0,,,0.0015803412534296,0.0,0.0011422977549955,0.0,0.0018194522708654,0.0,0.001321748219197575,0.0,0.047843143654366295,0.0,,,,,,,,,0.0,0.0,0.2592501421882347,0.0,0.0,0.0,0.03658815845847125,0.0,0.009921303484588825,0.0,0.0,0.0,0.01796929128468032,0.0,0.02232589386403555,0.0,0.00015375691873485,0.0,0.0,,0.0,,0.0,,0.0,,,,,,0.0,,0.0,,0.0,,0.0,,0.0,,0.0,,0.0,,0.0,,0.0,,0.0,,,,,,,,,,,,0.0,,,,,,,,,,,,,,,,,,,,,,,,,,,,,,,,,,,,,,,,,,,,,,,,,,,,,,,,,,,,,,,,,,,,,,,,,,,,,,,,,,,,,,,,,,,,,,,,,,,,,,,,,,0.10498645715415472,0.0,,,,,,,,,,,,,,,0.0,,0.0,,,,,,,,,,,,,,0.0,,0.0,,,,,,,,,,,,0.0,,0.0,,0.0,,,,,,,,,,,,,,,,,,,,,,,,,,,,,,,,,,,,,,,,0,0,21,4
2021-06-19,0.005373724270611949,0.0,0.0011048357118851834,0.0,0.013663993042428,0.0,0.05292660370469085,0.0,,,,,,,0.0,0.0,0.3924028933048248,0.0,,,0.0022668680176138,0.0,0.0003601917414925,0.0,0.000559484178666,0.0,0.00137562624877315,0.0,0.034346316009759834,0.0,,,,,,,,,0.00054394069593395,0.0,0.37180024080655794,0.0,0.0,0.0,0.042595208622515146,0.0,0.0122138841543346,0.0,0.0002442709883325,0.0,0.01650657989084716,0.0,0.0162475565448403,0.0,0.0009582268340400555,0.0,0.0,,0.0,,0.0,,0.0,,,,,,0.0,,0.0,,0.0,,0.0,,0.0,,0.0,,0.0,,0.0,,0.0,,0.0,,,,,,,,,,,,0.0,,,,,,,,,,,,,,,,,,,,,,,,,,,,,,,,,,,,,,,,,,,,,,,,,,,,,,,,,,,,,,,,,,,,,,,,,,,,,,,,,,,,,,,,,,,,,,,,,,,,,,,,,,0.08266649022698397,0.0,,,,,,,,,,,,,,,0.0,,0.0,,,,,,,,,,,,,,0.0,,0.0,,,,,,,,,,,,0.0,,0.0,,0.0,,,,,,,,,,,,,,,,,,,,,,,,,,,,,,,,,,,,,,,,0,0,21,5
2021-06-26,0.00464720977470275,0.0,0.0007572000031359,0.0,0.012973413628060326,0.0,0.0771495699882507,0.0,,,,,,,0.00022110672060594695,0.0,0.26242854893207546,0.0,,,0.00015137160413095717,0.0,0.0004599517269525,0.0,0.0002699358446989,0.0,0.0,0.0,0.02332934333632385,0.0,,,,,,,,,0.0,0.0,0.543984438885342,0.0,9.128730016525e-05,0.0,0.03914709109812969,0.0,0.008086730027571275,0.0,0.00037401188455985,0.0,0.016415871679782826,0.0,0.0136524364352226,0.0,0.00022110672060594695,0.0,0.0,,0.0,,0.0,,0.0,,,,,,0.0,,0.0,,0.0,,0.0,,0.0,,0.0,,0.0,,0.0,,0.0,,0.0,,,,,,,,,,,,0.0,,,,,,,,,,,,,,,,,,,,,,,,,,,,,,,,,,,,,,,,,,,,,,,,,,,,,,,,,,,,,,,,,,,,,,,,,,,,,,,,,,,,,,,,,,,,,,,,,,,,,,,,,,0.07058701850473875,0.0,,,,,,,,,,,,,,,0.0,,0.0,,,,,,,,,,,,,,0.0,,0.0,,,,,,,,,,,,0.0,,0.0,,0.0,,,,,,,,,,,,,,,,,,,,,,,,,,,,,,,,,,,,,,,,0,0,21,6
2021-07-03,0.00315169349778435,0.0,0.00120448032005995,0.0,0.01162643166026095,0.0,0.09074095636606215,0.0,,,,,,,0.0,0.0,0.1597615480422973,0.0,,,0.0003653485036920428,0.0,0.0001214022704516,0.0,0.0001214022704516,0.0,0.000294397446850725,0.0,0.014640923744688382,0.0,,,,,,,,,0.0,0.0,0.6997962654991583,0.0,0.0,0.0,0.02758814278058705,0.0,0.00643683492671695,0.0,0.0001943750248756,0.0,0.01389696206897494,0.0,0.00763828493654725,0.0,0.0,0.0,0.0,,0.0,,0.0,,0.0,,,,,,0.0,,0.0,,0.0,,0.0,,0.0,,0.0,,0.0,,0.0,,0.0,,0.0,,,,,,,,,,,,0.0,,,,,,,,,,,,,,,,,,,,,,,,,,,,,,,,,,,,,,,,,,,,,,,,,,,,,,,,,,,,,,,,,,,,,,,,,,,,,,,,,,,,,,,,,,,,,,,,,,,,,,,,,,0.05295671522617335,0.0,,,,,,,,,,,,,,,0.0,,0.0,,,,,,,,,,,,,,0.0,,0.0,,,,,,,,,,,,0.0,,0.0,,0.0,,,,,,,,,,,,,,,,,,,,,,,,,,,,,,,,,,,,,,,,0,0,21,7
2021-07-10,0.0026036993367597,0.0,0.0013848103893299333,0.0,0.00956733326893295,0.0,0.12249846011400216,0.0,,,,,,,0.0,0.0,0.07983656972646709,0.0,,,1.14000004032e-05,0.0,3.93384252674e-05,0.0,0.0001260164572158,0.0,0.0,0.0,0.006024062129047967,0.0,,,,,,,,,0.0,0.0,0.8173139135945927,0.0,0.0,0.0,0.02373610972426826,0.0,0.0061514875851571005,0.0,0.0,0.0,0.00890673995018,0.0,0.004043321590870549,0.0,0.0,0.0,0.0,,0.0,,0.0,,0.0,,,,,,0.0,,0.0,,0.0,,0.0,,0.0,,0.0,,0.0,,0.0,,0.0,,0.0,,,,,,,,,,,,0.0,,,,,,,,,,,,,,,,,,,,,,,,,,,,,,,,,,,,,,,,,,,,,,,,,,,,,,,,,,,,,,,,,,,,,,,,,,,,,,,,,,,,,,,,,,,,,,,,,,,,,,,,,,0.0317752009723335,0.0,,,,,,,,,,,,,,,0.0,,0.0,,,,,,,,,,,,,,0.0,,0.0,,,,,,,,,,,,0.0,,0.0,,0.0,,,,,,,,,,,,,,,,,,,,,,,,,,,,,,,,,,,,,,,,0,0,21,8
2021-07-17,0.00180878833634775,0.0,0.0005824719846713834,0.0,0.006535779481055169,0.0,0.11971862986683846,0.0,,,,,,,0.0,0.0,0.04523649029433721,0.0,,,0.00030290962812218574,0.0,0.0,0.0,0.0,0.0,0.0,0.0,0.0031862801600557496,0.0,,,,,,,,,0.00012039989087495,0.0,0.8743611194870688,0.0,0.0,0.0,0.018234630464576126,0.0,0.0049599094782024,0.0,0.0,0.0,0.006926182191818925,0.0,0.0025923375505954,0.0,0.0,0.0,0.0,,0.0,,0.0,,0.0,,,,,,0.0,,0.0,,0.0,,0.0,,0.0,,0.0,,0.0,,0.0,,0.0,,0.0,,,,,,,,,,,,0.0,,,,,,,,,,,,,,,,,,,,,,,,,,,,,,,,,,,,,,,,,,,,,,,,,,,,,,,,,,,,,,,,,,,,,,,,,,,,,,,,,,,,,,,,,,,,,,,,,,,,,,,,,,0.022431185701861936,0.0,,,,,,,,,,,,,,,0.0,,0.0,,,,,,,,,,,,,,0.0,,0.0,,,,,,,,,,,,0.0,,0.0,,0.0,,,,,,,,,,,,,,,,,,,,,,,,,,,,,,,,,,,,,,,,0,0,21,9
2021-07-24,0.00066804667585525,0.0,0.0007592590603355834,0.0,0.006075469282222856,0.0,0.12852209433913225,0.0,,,,,,,3.57318143263e-05,0.0,0.020577816292643488,0.0,,,5.6832903023157146e-05,0.0,0.0,0.0,1.74397446244e-05,0.0,0.0,0.0,0.0010982391443879,0.0,,,,,,,,,2.89366689685e-05,0.0,0.9398434954610738,0.0,0.0,0.0,0.010689971502870262,0.0,0.0029728254885412,0.0,6.656694313275e-05,0.0,0.0036463149823247804,0.0,0.0014149695052765002,0.0,0.0,0.0,0.0,,0.0,,0.0,,0.0,,,,,,0.0,,0.0,,0.0,,0.0,,0.0,,0.0,,0.0,,0.0,,0.0,,0.0,,,,,,,,,,,,0.0,,,,,,,,,,,,,,,,,,,,,,,,,,,,,,,,,,,,,,,,,,,,,,,,,,,,,,,,,,,,,,,,,,,,,,,,,,,,,,,,,,,,,,,,,,,,,,,,,,,,,,,,,,0.0091124271275475,0.0,,,,,,,,,,,,,,,0.0,,0.0,,,,,,,,,,,,,,0.0,,0.0,,,,,,,,,,,,0.0,,0.0,,0.0,,,,,,,,,,,,,,,,,,,,,,,,,,,,,,,,,,,,,,,,0,0,21,10
2021-07-31,0.000236733656493,0.0,0.00120989147108044,0.0,0.00341820732379948,0.0,0.1206705197691917,0.0,,,,,,,0.0,0.0,0.011080952464706311,0.0,,,0.0,0.0,,,,,0.0,0.0,0.00035600013507060003,0.0,,,,,,,,,0.0,0.0,0.9625957830007686,0.0,0.0,0.0,0.0067623133904167,0.0,0.0014956891924763334,0.0,5.7447182371e-06,0.0,0.001247557636816,0.0,0.0005545580061152,0.0,0.0,0.0,0.0,,0.0,,0.0,,0.0,,,,,,0.0,,0.0,,0.0,,0.0,,0.0,,0.0,,0.0,,0.0,,0.0,,0.0,,,,,,,,,,,,0.0,,,,,,,,,,,,,,,,,,,,,,,,,,,,,,,,,,,,,,,,,,,,,,,,,,,,,,,,,,,,,,,,,,,,,,,,,,,,,,,,,,,,,,,,,,,,,,,,,,,,,,,,,,0.006057625436889228,0.0,,,,,,,,,,,,,,,0.0,,0.0,,,,,,,,,,,,,,0.0,,0.0,,,,,,,,,,,,0.0,,0.0,,0.0,,,,,,,,,,,,,,,,,,,,,,,,,,,,,,,,,,,,,,,,0,0,19,11
2021-08-07,,,0.001609746599569857,0.0,0.0024470978782378714,0.0,,,,,,,,,0.0,0.0,0.006669244437944075,0.0,,,1.7703337289199998e-05,0.0,,,,,0.0,0.0,0.00027251092251385,0.0,,,,,,,,,0.0,0.0,0.9677368206136366,0.0,0.0,0.0,0.004056816804222717,0.0,0.0008292562561109499,0.0,,,0.0011327210425709333,0.0,0.0003342629934195,0.0,4.3056509942566664e-05,0.0,0.0,,0.0,,0.0,,0.0,,,,,,0.0,,0.0,,0.0,,0.0,,0.0,,0.0,,0.0,,0.0,,0.0,,0.0,,,,,,,,,,,,0.0,,,,,,,,,,,,,,,,,,,,,,,,,,,,,,,,,,,,,,,,,,,,,,,,,,,,,,,,,,,,,,,,,,,,,,,,,,,,,,,,,,,,,,,,,,,,,,,,,,,,,,,,,,0.003843863843940133,0.0,,,,,,,,,,,,,,,0.0,,0.0,,,,,,,,,,,,,,0.0,,0.0,,,,,,,,,,,,0.0,,0.0,,0.0,,,,,,,,,,,,,,,,,,,,,,,,,,,,,,,,,,,,,,,,0,0,16,12
2021-08-14,,,0.0016362143572992384,0.0,0.0019490359476408692,0.0,,,,,,,,,0.0,0.0,0.0032483570477259715,0.0,,,1.9977214378725e-05,0.0,,,,,0.0,0.0,0.00016163229399046664,0.0,,,,,,,,,0.0,0.0,0.9867914702211108,0.0,0.0,0.0,0.0026780641637742,0.0,0.0007370860548689,0.0,,,0.0009378285030834,0.0,7.642399668835e-05,0.0,0.0,0.0,0.0,,0.0,,0.0,,0.0,,,,,,0.0,,0.0,,0.0,,0.0,,0.0,,0.0,,0.0,,0.0,,0.0,,0.0,,,,,,,,,,,,0.0,,,,,,,,,,,,,,,,,,,,,,,,,,,,,,,,,,,,,,,,,,,,,,,,,,,,,,,,,,,,,,,,,,,,,,,,,,,,,,,,,,,,,,,,,,,,,,,,,,,,,,,,,,0.00191968639846886,0.0,,,,,,,,,,,,,,,0.0,,0.0,,,,,,,,,,,,,,0.0,,0.0,,,,,,,,,,,,0.0,,0.0,,0.0,,,,,,,,,,,,,,,,,,,,,,,,,,,,,,,,,,,,,,,,0,0,16,13
2021-08-21,,,0.0008767566372019,0.0,0.001139744068495877,0.0,,,,,,,,,0.0,0.0,0.0012065099851626857,0.0,,,3.326666652956667e-05,0.0,,,,,0.0,0.0,2.1338646244299998e-05,0.0,,,,,,,,,1.0116157985333333e-05,0.0,0.9867532430660158,0.0,0.0,0.0,0.00105893795844164,0.0,0.0005567416083067,0.0,,,0.000548883981537,0.0,5.09400006194e-05,0.0,0.0,0.0,0.0,,0.0,,0.0,,0.0,,,,,,0.0,,0.0,,0.0,,0.0,,0.0,,0.0,,0.0,,0.0,,0.0,,0.0,,,,,,,,,,,,0.0,,,,,,,,,,,,,,,,,,,,,,,,,,,,,,,,,,,,,,,,,,,,,,,,,,,,,,,,,,,,,,,,,,,,,,,,,,,,,,,,,,,,,,,,,,,,,,,,,,,,,,,,,,0.00113636706955726,0.0,,,,,,,,,,,,,,,0.0,,0.0,,,,,,,,,,,,,,0.0,,0.0,,,,,,,,,,,,0.0,,0.0,,0.0,,,,,,,,,,,,,,,,,,,,,,,,,,,,,,,,,,,,,,,,0,0,16,14
2021-08-28,,,0.0021244225208647,0.0,0.0008328177916284857,0.0,,,,,,,,,0.0,0.0,0.00064895108807826,0.0,,,3.0100000003533333e-05,0.0,,,,,0.0,0.0,0.0,0.0,,,,,,,,,0.0,0.0,0.9814059819493975,0.0,0.0,0.0,0.0010636309937884,0.0,,,,,0.0005369700083974,0.0,0.0,0.0,8.095493409961315e-05,0.0,0.0,,0.0,,0.0,,0.0,,,,,,0.0,,0.0,,0.0,,0.0,,0.0,,0.0,,0.0,,0.0,,0.0,,0.0,,,,,,,,,,,,0.0,,,,,,,,,,,,,,,,,,,,,,,,,,,,,,,,,,,,,,,,,,,,,,,,,,,,,,,,,,,,,,,,,,,,,,,,,,,,,,,,,,,,,,,,,,,,,,,,,,,,,,,,,,0.00092559590120795,0.0,,,,,,,,,,,,,,,0.0,,0.0,,,,,,,,,,,,,,0.0,,0.0,,,,,,,,,,,,0.0,,0.0,,0.0,,,,,,,,,,,,,,,,,,,,,,,,,,,,,,,,,,,,,,,,0,0,15,15
2021-09-04,,,0.0007835539872758,0.0,0.0010091568216342363,0.0,,,,,,,,,0.0,0.0,0.00071351707447315,0.0,,,0.0,0.0,,,,,,,0.0,0.0,,,,,,,,,0.0,0.0,0.9892949105762854,0.0,,,0.0007619680060694333,0.0,,,,,8.399999933315e-05,0.0,3.195000044795e-05,0.0,0.0,0.0,0.0,,0.0,,0.0,,0.0,,,,,,0.0,,0.0,,0.0,,0.0,,0.0,,0.0,,0.0,,0.0,,0.0,,0.0,,,,,,,,,,,,0.0,,,,,,,,,,,,,,,,,,,,,,,,,,,,,,,,,,,,,,,,,,,,,,,,,,,,,,,,,,,,,,,,,,,,,,,,,,,,,,,,,,,,,,,,,,,,,,,,,,,,,,,,,,0.0004720854922197,0.0,,,,,,,,,,,,,,,0.0,,0.0,,,,,,,,,,,,,,0.0,,0.0,,,,,,,,,,,,0.0,,0.0,,0.0,,,,,,,,,,,,,,,,,,,,,,,,,,,,,,,,,,,,,,,,0,0,13,16
2021-09-11,,,0.00085408448358061,0.0,0.0008447250002063,0.0,,,,,,,,,7.908497745222917e-06,0.0,0.0001043745440256,0.0,,,0.0,0.0,,,,,,,0.0,0.0,,,,,,,,,0.0,0.0,0.9903510787138124,0.0,,,0.0005863554979441,0.0,,,,,6.105000102245001e-05,0.0,0.0,0.0,0.0,0.0,0.0,,0.0,,0.0,,0.0,,,,,,0.0,,0.0,,0.0,,0.0,,0.0,,0.0,,0.0,,0.0,,0.0,,0.0,,,,,,,,,,,,0.0,,,,,,,,,,,,,,,,,,,,,,,,,,,,,,,,,,,,,,,,,,,,,,,,,,,,,,,,,,,,,,,,,,,,,,,,,,,,,,,,,,,,,,,,,,,,,,,,,,,,,,,,,,0.0002446343326785333,0.0,,,,,,,,,,,,,,,0.0,,0.0,,,,,,,,,,,,,,0.0,,0.0,,,,,,,,,,,,0.0,,0.0,,0.0,,,,,,,,,,,,,,,,,,,,,,,,,,,,,,,,,,,,,,,,0,0,13,17
2021-09-18,,,0.0007529830992487428,0.0,0.000641954480670325,0.0,,,,,,,,,0.0,0.0,0.000326968125591475,0.0,,,0.0,0.0,,,,,,,0.0003139420005027,0.0,,,,,,,,,0.0,0.0,0.9876791349163762,0.0,,,0.00011315349729549999,0.0,,,,,6.3900001805e-06,0.0,0.0,0.0,2.779582914622e-05,0.0,0.0,,0.0,,0.0,,0.0,,,,,,0.0,,0.0,,0.0,,0.0,,0.0,,0.0,,0.0,,0.0,,0.0,,0.0,,,,,,,,,,,,0.0,,,,,,,,,,,,,,,,,,,,,,,,,,,,,,,,,,,,,,,,,,,,,,,,,,,,,,,,,,,,,,,,,,,,,,,,,,,,,,,,,,,,,,,,,,,,,,,,,,,,,,,,,,0.0001492849987698,0.0,,,,,,,,,,,,,,,0.0,,0.0,,,,,,,,,,,,,,0.0,,0.0,,,,,,,,,,,,0.0,,0.0,,0.0,,,,,,,,,,,,,,,,,,,,,,,,,,,,,,,,,,,,,,,,0,0,13,18
2021-09-25,,,0.0005013499919893778,0.0,0.0001785207892276111,0.0,,,,,,,,,0.0,0.0,0.0001513011617741,0.0,,,,,,,,,,,,,,,,,,,,,,,0.9901472021032263,0.0,,,0.0001072540035238,0.0,,,,,,,,,2.3176551318683333e-05,0.0,0.0,,0.0,,0.0,,0.0,,,,,,0.0,,0.0,,9.812611642649999e-06,1.0,0.0,,0.0,,0.0,,0.0,,0.0,,0.0,,0.0,,,,,,,,,,,,0.0,,,,,,,,,,,,,,,,,,,,,,,,,,,,,,,,,,,,,,,,,,,,,,,,,,,,,,,,,,,,,,,,,,,,,,,,,,,,,,,,,,,,,,,,,,,,,,,,,,,,,,,,,,8.859999798e-05,0.0,,,,,,,,,,,,,,,0.0,,0.0,,,,,,,,,,,,,,0.0,,0.0,,,,,,,,,,,,0.0,,0.0,,0.0,,,,,,,,,,,,,,,,,,,,,,,,,,,,,,,,,,,,,,,,1,0,8,0
2021-10-02,,,0.0006359764748984142,0.0,0.0001300038438784625,0.0,,,,,,,,,8.732845234392274e-05,0.0,0.0,0.0,,,,,,,,,,,,,,,,,,,,,,,0.9896640991553282,0.0,,,,,,,,,,,,,0.00017055235355195624,0.0,0.0,,8.018427078713333e-05,1.0,0.0,,0.0,,,,,,0.0,,0.0,,0.0,0.0,0.0,,0.0,,0.0,,0.0,,0.0,,0.0,,0.0,,,,,,,,,,,,0.0,,,,,,,,,,,,,,,,,,,,,,,,,,,,,,,,,,,,,,,,,,,,,,,,,,,,,,,,,,,,,,,,,,,,,,,,,,,,,,,,,,,,,,,,,,,,,,,,,,,,,,,,,,,,,,,,,,,,,,,,,,0.0,,0.0,,,,,,,,,,,,,,0.0,,0.0,,,,,,,,,,,,0.0,,0.0,,0.0,,,,,,,,,,,,,,,,,,,,,,,,,,,,,,,,,,,,,,,,1,0,7,0
2021-10-09,,,0.0007431169651681125,0.0,9.878758783083749e-05,0.0,,,,,,,,,4.9658228451075804e-05,0.0,0.0,0.0,,,,,,,,,,,,,,,,,,,,,,,0.988420835778683,0.0,,,,,,,,,,,,,2.4922309194101786e-05,0.0,3.6561255699211626e-05,1.0,0.0,0.0,0.0,,0.0,,,,,,0.0,,0.0,,0.0,0.0,0.0,,0.0,,0.0,,0.0,,0.0,,0.0,,0.0,,,,,,,,,,,,0.0,,,,,,,,,,,,,,,,,,,,,,,,,,,,,,,,,,,,,,,,,,,,,,,,,,,,,,,,,,,,,,,,,,,,,,,,,,,,,,,,,,,,,,,,,,,,,,,,,,,,,,,,,,,,,,,,,,,,,,,,,,0.0,,0.0,,,,,,,,,,,,,,1.631653249201e-05,1.0,0.0,,,,,,,,,,,,0.0,,0.0,,0.0,,,,,,,,,,,,,,,,,,,,,,,,,,,,,,,,,,,,,,,,2,0,8,0
2021-10-16,,,0.0007615308742969799,0.0,0.00019783763543398573,0.0,,,,,,,,,0.0,0.0,0.0,0.0,,,,,,,,,,,,,,,,,,,,,,,0.9891889853910967,0.0,,,,,,,,,,,,,0.0,0.0,0.0,0.0,0.0,0.0,0.0,,0.0,,,,,,0.0,,0.0,,0.0,0.0,0.0,,0.0,,0.0,,0.0,,0.0,,0.0,,0.0,,,,,,,,,,,,0.0,,,,,,,,,,,,,,,,,,,,,,,,,,,,,,,,,,,,,,,,,,,,,,,,,,,,,,,,,,,,,,,,,,,,,,,,,,,,,,,,,,,,,,,,,,,,,,,,,,,,,,,,,,,,,,,,,,,,,,,,,,0.0,,0.0,,,,,,,,,,,,,,0.0,0.0,0.0,,,,,,,,,,,,0.0,,0.0,,0.0,,,,,,,,,,,,,,,,,,,,,,,,,,,,,,,,,,,,,,,,0,0,10,1
2021-10-23,,,0.0008249100452909333,0.0,2.959644407378e-05,0.0,,,,,,,,,1.4217846122193333e-05,0.0,,,,,,,,,,,,,,,,,,,,,,,,,0.9877619025034782,0.0,,,,,,,,,,,,,1.554007571235577e-05,0.0,0.0,0.0,0.0,0.0,0.0,,0.0,,,,,,0.0,,0.0,,2.5177504843004443e-05,0.0,0.0,,0.0,,0.0,,0.0,,0.0,,0.0,,0.0,,,,,,,,,,,,0.0,,,,,,,,,,,,,,,,,,,,,,,,,,,,,,,,,,,,,,,,,,,,,,,,,,,,,,,,,,,,,,,,,,,,,,,,,,,,,,,,,,,,,,,,,,,,,,,,,,,,,,,,,,,,,,,,,,,,,,,,,,0.0,,0.0,,,,,,,,,,,,,,0.0,0.0,0.0,,,,,,,,,,,,0.0,,0.0,,0.0,,,,,,,,,,,,,,,,,,,,,,,,,,,,,,,,,,,,,,,,0,0,9,2
2021-10-30,,,0.001105670380638875,0.0,1.841334642445e-05,0.0,,,,,,,,,2.9488061941276116e-05,0.0,,,,,,,,,,,,,,,,,,,,,,,,,0.9904506731974451,0.0,,,,,,,,,,,,,1.0859734265928e-05,0.0,3.4596611770238464e-05,0.0,0.0,0.0,0.0,,0.0,,,,,,0.0,,0.0,,0.0,0.0,0.0,,0.0,,0.0,,0.0,,0.0,,0.0,,0.0,,,,,,,,,,,,0.0,,,,,,,,,,,,,,,,,,,,,,,,,,,,,,,,,,,,,,,,,,,,,,,,,,,,,,,,,,,,,,,,,,,,,,,,,,,,,,,,,,,,,,,,,,,,,,,,,,,,,,,,,,,,,,,,,,,,,,,,,,0.0,,0.0,,,,,,,,,,,,,,0.0,0.0,0.0,,,,,,,,,,,,0.0,,0.0,,0.0,,,,,,,,,,,,,,,,,,,,,,,,,,,,,,,,,,,,,,,,0,0,9,3
2021-11-06,,,0.0008237301371991,0.0,4.35237707279e-05,0.0,,,,,,,,,0.0,0.0,,,,,,,,,,,,,,,,,,,,,,,,,0.9847262986501057,0.0,,,,,,,,,,,,,0.0,0.0,7.807272561838148e-05,0.0,8.046727788653847e-06,0.0,0.0,,0.0,,,,,,0.0,,0.0,,0.0,0.0,0.0,,0.0,,0.0,,0.0,,0.0,,0.0,,0.0,,,,,,,,,,,,0.0,,,,,,,,,,,,,,,,,,,,,,,,,,,,,,,,,,,,,,,,,,,,,,,,,,,,,,,,,,,,,,,,,,,,,,,,,,,,,,,,,,,,,,,,,,,,,,,,,,,,,,,,,,,,,,,,,,,,,,,,,,0.0,,0.0,,,,,,,,,,,,,,0.0,0.0,0.0,,,,,,,,,,,,0.0,,0.0,,0.0,,,,,,,,,,,,,,,,,,,,,,,,,,,,,,,,,,,,,,,,0,0,9,4
2021-11-13,,,0.0008726110099814,0.0,8.996541388716667e-05,0.0,,,,,,,,,0.0,0.0,,,,,,,,,,,,,,,,,,,,,,,,,0.9840566380818685,0.0,,,,,,,,,,,,,8.1814039804112e-05,0.0,2.8464449696280644e-05,0.0,0.0,0.0,0.0,,0.0,,,,,,0.0,,0.0,,2.5210789317442306e-05,0.0,0.0,,0.0,,0.0,,0.0,,8.403596369157693e-06,2.0,0.0,,0.0,,,,,,,,,,,,0.0,,,,,,,,,,,,,,,,,,,,,,,,,,,,,,,,,,,,,,,,,,,,,,,,,,,,,,,,,,,,,,,,,,,,,,,,,,,,,,,,,,,,,,,,,,,,,,,,,,,,,,,,,,,,,,,,,,,,,,,,,,0.0,,0.0,,,,,,,,,,,,,,0.0,0.0,0.0,,,,,,,,,,,,0.0,,0.0,,0.0,,,,,,,,,,,,,,,,,,,,,,,,,,,,,,,,,,,,,,,,0,1,9,5
2021-11-20,,,0.0005611578962998,0.0,1.4293049162e-06,0.0,,,,,,,,,7.45374357527537e-05,0.0,,,,,,,,,,,,,,,,,,,,,,,,,0.9811838776678652,0.0,,,,,,,,,,,,,0.00020784057755552222,0.0,0.0,0.0,0.0,0.0,0.0,,0.0,,,,,,2.8901743875854547e-05,2.0,0.0,,3.89300546605e-05,0.0,0.0,,0.0,,0.0,,0.0,,0.0,0.0,0.0,,0.0,,,,,,,,,,,,0.0,,,,,,,,,,,,,,,,,,,,,,,,,,,,,,,,,,,,,,,,,,,,,,,,,,,,,,,,,,,,,,,,,,,,,,,,,,,,,,,,,,,,,,,,,,,,,,,,,,,,,,,,,,,,,,,,,,,,,,,,,,0.0,,0.0,,,,,,,,,,,,,,0.0,0.0,0.0,,,,,,,,,,,,0.0,,0.0,,0.0,,,,,,,,,,,,,,,,,,,,,,,,,,,,,,,,,,,,,,,,0,1,10,6
2021-11-27,,,0.0010552745079621,0.0,0.0,0.0,,,,,,,,,0.0006010254967816905,0.0,,,,,,,,,,,,,,,,,,,,,,,,,0.9893312909536891,0.0,,,,,,,,,,,,,0.00023544766963818595,0.0,0.0,0.0,0.0,0.0,0.0,,0.0,,,,,,3.521099609889091e-05,0.0,0.0,,7.042199219783637e-05,0.0,0.0,,0.0,,0.0,,0.0,,0.0,0.0,0.0,,0.0,,,,,,,,,,,,0.0,,,,,,,,,,,,,,,,,,,,,,,,,,,,,,,,,,,,,,,,,,,,,,,,,,,,,,,,,,,,,,,,,,,,,,,,,,,,,,,,,,,,,,,,,,,,,,,,,,,,,,,,,,,,,,,,,,,,,,,,,,0.0,,0.0,,,,,,,,,,,,,,0.0,0.0,0.0,,,,,,,,,,,,0.0,,0.0,,0.0,,,,,,,,,,,,,,,,,,,,,,,,,,,,,,,,,,,,,,,,0,0,11,7
2021-12-04,,,,,,,,,,,,,,,0.00626305109148633,0.0,,,,,,,,,,,,,,,,,,,,,,,,,0.9898058010472192,0.0,,,,,,,,,,,,,0.0009008403608782,0.0,0.0,0.0,0.0,0.0,0.0,,0.0,,,,,,0.0,0.0,0.0,,0.0,0.0,0.0,,0.0,,0.0,,0.0,,0.0,0.0,0.0,,0.0,,,,,,,,,,,,0.0,,,,,,,,,,,,,,,,,,,,,,,,,,,,,,,,,,,,,,,,,,,,,,,,,,,,,,,,,,,,,,,,,,,,,,,,,,,,,,,,,,,,,,,,,,,,,,,,,,,,,,,,,,,,,,,,,,,,,,,,,,0.0,,0.0,,,,,,,,,,,,,,0.0,0.0,0.0,,,,,,,,,,,,0.0,,0.0,,0.0,,,,,,,,,,,,,,,,,,,,,,,,,,,,,,,,,,,,,,,,0,0,9,8
2021-12-11,,,,,,,,,,,,,,,0.056440776345175706,0.0,,,,,,,,,,,,,,,,,,,,,,,,,0.9199972001599593,0.0,,,,,,,,,,,,,0.02294886033632788,0.0,0.0003170424051032091,0.0,0.0,0.0,0.0,,0.0,,,,,,0.0,0.0,0.0,,0.0,0.0,0.0,,0.0,,0.0,,0.0,,0.0,0.0,0.0,,0.0,,,,,,,,,,,,0.0,,,,,,,,,,,,,,,,,,,,,,,,,,,,,,,,,,,,,,,,,,,,,,,,,,,,,,,,,,,,,,,,,,,,,,,,,,,,,,,,,,,,,,,,,,,,,,,,,,,,,,,,,,,,,,,,,,,,,,,,,,0.0,,0.0,,,,,,,,,,,,,,0.0,0.0,0.0,,,,,,,,,,,,0.0,,0.0,,0.0,,,,,,,,,,,,,,,,,,,,,,,,,,,,,,,,,,,,,,,,0,0,9,9
2021-12-18,,,,,,,,,,,,,,,0.24386128016880576,0.0,,,,,,,,,,,,,,,,,,,,,,,,,0.6166434228420258,0.0,,,,,,,,,,,,,0.14639184437692163,0.0,0.0003145035924976714,0.0,6.374872360975405e-05,0.0,0.0,,0.0,,,,,,1.8991193943850002e-05,0.0,2.693616616765e-05,2.0,4.459820547703548e-05,0.0,0.0,,0.0,,0.0,,0.0,,0.0,0.0,0.0,,0.0,,,,,,,,,,,,0.0,,,,,,,,,,,,,,,,,,,,,,,,,,,,,,,,,,,,,,,,,,,,,,,,,,,,,,,,,,,,,,,,,,,,,,,,,,,,,,,,,,,,,,,,,,,,,,,,,,,,,,,,,,,,,,,,,,,,,,,,,,0.0,,0.0,,,,,,,,,,,,,,0.0,0.0,0.0,,,,,,,,,,,,0.0,,0.0,,0.0,,,,,,,,,,,,,,,,,,,,,,,,,,,,,,,,,,,,,,,,0,1,9,10
2021-12-25,,,,,,,,,,,,,,,0.424583381500797,0.0,,,,,,,,,,,,,,,,,,,,,,,,,0.25884653779043665,0.0,,,,,,,,,,,,,0.3327157348394394,0.0,0.0004095976421712015,0.0,3.3176215809823534e-06,0.0,0.0,,0.0,,,,,,2.3118429040004544e-05,0.0,0.0,0.0,0.0,0.0,0.0,,0.0,,0.0,,0.0,,0.0,0.0,0.0,,0.0,,,,,,,,,,,,0.0,,,,,,,,,,,,,,,,,,,,,,,,,,,,,,,,,,,,,,,,,,,,,,,,,,,,,,,,,,,,,,,,,,,,,,,,,,,,,,,,,,,,,,,,,,,,,,,,,,,,,,,,,,,,,,,,,,,,,,,,,,0.0,,0.0,,,,,,,,,,,,,,0.0,0.0,0.0,,,,,,,,,,,,0.0,,0.0,,0.0,,,,,,,,,,,,,,,,,,,,,,,,,,,,,,,,,,,,,,,,0,0,10,11
2022-01-01,,,,,,,,,,,,,,,0.46534263956196165,0.0,,,,,,,,,,,,,,,,,,,,,,,,,0.1014780557769186,0.0,,,,,,,,,,,,,0.44804162299260497,0.0,0.0036914729746058096,0.0,2.446720463917609e-05,0.0,0.0,,0.0,,,,,,6.257958852934999e-06,0.0,0.0,0.0,1.5252011255297224e-05,0.0,0.0,,0.0,,0.0,,0.0,,0.0,0.0,0.0,,0.0,,,,,,,,,,,,0.0,,,,,,,,,,,,,,,,,,,,,,,,,,,,,,,,,,,,,,,,,,,,,,,,,,,,,,,,,,,,,,,,,,,,,,,,,,,,,,,,,,,,,,,,,,,,,,,,,,,,,,,,,,,,,,,,,,,,,,,,,,0.0,,0.0,,,,,,,,,,,,,,0.0,0.0,0.0,,,,,,,,,,,,0.0,,0.0,,0.0,,,,,,,,,,,,,,,,,,,,,,,,,,,,,,,,,,,,,,,,0,0,10,12
2022-01-08,,,,,,,,,,,,,,,0.4442470945529084,0.0,,,,,,,,,,,,,,,,,,,,,,,,,0.04482369525219073,0.0,,,,,,,,,,,,,0.5290428623557091,0.0,0.0027691662733559,0.0,0.0001525196063262413,0.0,0.0,,0.0,,,,,,1.1449688599875e-05,0.0,2.077143160147714e-05,0.0,4.697455404393572e-05,0.0,3.6946786267962967e-06,2.0,0.0,,0.0,,0.0,,3.742837661194118e-06,0.0,2.0164960233112498e-05,1.0,0.0,,,,,,,,,,,,0.0,,,,,,,,,,,,,,,,,,,,,,,,,,,,,,,,,,,,,,,,,,,,,,,,,,,,,,,,,,,,,,,,,,,,,,,,,,,,,,,,,,,,,,,,,,,,,,,,,,,,,,,,,,,,,,,,,,,,,,,,,,0.0,,0.0,,,,,,,,,,,,,,0.0,0.0,0.0,,,,,,,,,,,,0.0,,0.0,,0.0,,,,,,,,,,,,,,,,,,,,,,,,,,,,,,,,,,,,,,,,1,1,10,0
2022-01-15,,,,,,,,,,,,,,,0.37841709958973213,0.0,,,,,,,,,,,,,,,,,,,,,,,,,0.01898832861056074,0.0,,,,,,,,,,,,,0.6169617020166838,0.0,0.002309631085319567,0.0,0.0,0.0,0.0,,0.0,,,,,,0.0,0.0,1.7203842507979998e-05,0.0,1.2787405778044737e-05,0.0,0.0,0.0,0.0,,0.0,,0.0,,0.0,0.0,0.0,0.0,0.0,,,,,,,,,,,,0.0,,,,,,,,,,,,,,,,,,,,,,,,,,,,,,,,,,,,,,,,,,,,,,,,,,,,,,,,,,,,,,,,,,,,,,,,,,,,,,,,,,,,,,,,,,,,,,,,,,,,,,,,,,,,,,,,,,,,,,,,,,0.0,,0.0,,,,,,,,,,,,,,0.0,0.0,0.0,,,,,,,,,,,,0.0,,0.0,,0.0,,,,,,,,,,,,,,,,,,,,,,,,,,,,,,,,,,,,,,,,0,0,12,1
2022-01-22,,,,,,,,,,,,,,,0.33507692859028326,0.0,,,,,,,,,,,,,,,,,,,,,,,,,0.008225584896563536,0.0,,,,,,,,,,,,,0.6614921010457553,0.0,0.004388012355334564,0.0,0.0004656495571705111,0.0,0.0,,0.0,,,,,,2.7469790438724444e-05,0.0,0.0,0.0,0.00013490243323349558,0.0,0.0,0.0,0.0,,0.0,,0.0,,0.0,0.0,1.1276542234223076e-05,0.0,0.0,,,,,,,,,,,,0.0,,,,,,,,,,,,,,,,,,,,,,,,,,,,,,,,,,,,,,,,,,,,,,,,,,,,,,,,,,,,,,,,,,,,,,,,,,,,,,,,,,,,,,,,,,,,,,,,,,,,,,,,,,,,,,,,,,,,,,,,,,0.0,,0.0,,,,,,,,,,,,,,0.0,0.0,0.0,,,,,,,,,,,,0.0,,0.0,,0.0,,,,,,,,,,,,,,,,,,,,,,,,,,,,,,,,,,,,,,,,0,0,12,2
2022-01-29,,,,,,,,,,,,,,,0.28645636989520146,0.0,,,,,,,,,,,,,,,,,,,,,,,,,0.005229140402605857,0.0,,,,,,,,,,,,,0.6992409788645231,0.0,0.00818921094760294,0.0,0.0,0.0,0.0,,0.0,,,,,,0.0,0.0,0.0,0.0,9.2297831694125e-06,0.0,0.0,0.0,0.0,,0.0,,0.0,,1.0904560267114286e-05,0.0,0.0,0.0,0.0,,,,,,,,,,,,0.0,,,,,,,,,,,,,,,,,,,,,,,,,,,,,,,,,,,,,,,,,,,,,,,,,,,,,,,,,,,,,,,,,,,,,,,,,,,,,,,,,,,,,,,,,,,,,,,,,,,,,,,,,,,,,,,,,,,,,,,,,,1.0483472882041667e-05,2.0,0.0,,,,,,,,,,,,,,2.7582152352546155e-05,0.0,0.0,,,,,,,,,,,,0.0,,0.0,,0.0,,,,,,,,,,,,,,,,,,,,,,,,,,,,,,,,,,,,,,,,0,1,12,3
2022-02-05,,,,,,,,,,,,,,,0.2568490360863506,0.0,,,,,,,,,,,,,,,,,,,,,,,,,0.0022431936103668366,0.0,,,,,,,,,,,,,0.7287971489131451,0.0,0.010080069725518066,0.0,0.0,0.0,0.0,,0.0,,,,,,0.0,0.0,0.0,0.0,0.0,0.0,0.0,0.0,0.0,,0.0,,0.0,,0.0,0.0,1.0078674746984615e-05,0.0,0.0,,,,,,,,,,,,0.0,,,,,,,,,,,,,,,,,,,,,,,,,,,,,,,,,,,,,,,,,,,,,,,,,,,,,,,,,,,,,,,,,,,,,,,,,,,,,,,,,,,,,,,,,,,,,,,,,,,,,,,,,,,,,,,,,,,,,,,,,,0.0,0.0,0.0,,,,,,,,,,,,,,0.0,0.0,0.0,,,,,,,,,,,,0.0,,0.0,,0.0,,,,,,,,,,,,,,,,,,,,,,,,,,,,,,,,,,,,,,,,0,0,13,4
2022-02-12,,,,,,,,,,,,,,,0.22194340754122957,0.0,,,,,,,,,,,,,,,,,,,,,,,,,0.001456971804145684,0.0,,,,,,,,,,,,,0.7547233407459562,0.0,0.021480335987039925,0.0,1.1624433444995652e-05,0.0,0.0,,0.0,,,,,,5.180887867180869e-05,0.0,0.0,0.0,6.546916182347715e-05,0.0,0.0,0.0,0.0,,0.0,,0.0,,0.0,0.0,0.0,0.0,0.0,,,,,,,,,,,,0.0,,,,,,,,,,,,,,,,,,,,,,,,,,,,,,,,,,,,,,,,,,,,,,,,,,,,,,,,,,,,,,,,,,,,,,,,,,,,,,,,,,,,,,,,,,,,,,,,,,,,,,,,,,,,,,,,,,,,,,,,,,0.0,0.0,0.0,,,,,,,,,,,,,,0.0,0.0,0.0,,,,,,,,,,,,0.0,,0.0,,0.0,,,,,,,,,,,,,,,,,,,,,,,,,,,,,,,,,,,,,,,,0,0,13,5
2022-02-19,,,,,,,,,,,,,,,0.19680295235687684,0.0,,,,,,,,,,,,,,,,,,,,,,,,,0.0010583938460140016,0.0,,,,,,,,,,,,,0.7633354625394267,0.0,0.03814905196908976,0.0,7.027305004412857e-05,0.0,0.0,,0.0,,,,,,0.0,0.0,0.0,0.0,0.0,0.0,0.0,0.0,0.0,,0.0,,0.0,,0.0,0.0,0.0,0.0,0.0,,,,,,,,,,,,0.0,,,,,,,,,,,,,,,,,,,,,,,,,,,,,,,,,,,,,,,,,,,,,,,,,,,,,,,,,,,,,,,,,,,,,,,,,,,,,,,,,,,,,,,,,,,,,,,,,,,,,,,,,,,,,,,,,,,,,,,,,,0.0,0.0,0.0,,,,,,,,,,,,,,2.9752864429580002e-05,0.0,0.0,,,,,,,,,,,,0.0,,0.0,,0.0,,,,,,,,,,,,,,,,,,,,,,,,,,,,,,,,,,,,,,,,0,0,13,6
2022-02-26,,,,,,,,,,,,,,,0.17154364190140706,0.0,,,,,,,,,,,,,,,,,,,,,,,,,0.001853263170535945,0.0,,,,,,,,,,,,,0.7522463065678956,0.0,0.07200339717454593,0.0,0.0008398073940562232,0.0,0.0,,0.0,,,,,,9.765293361847347e-05,0.0,0.0,0.0,0.00046433076125173916,0.0,0.0,0.0,0.0,,0.0,,0.0,,0.0,0.0,0.0,0.0,0.0,,,,,,,,,,,,0.0,,,,,,,,,,,,,,,,,,,,,,,,,,,,,,,,,,,,,,,,,,,,,,,,,,,,,,,,,,,,,,,,,,,,,,,,,,,,,,,,,,,,,,,,,,,,,,,,,,,,,,,,,,,,,,,,,,,,,,,,,,0.0,0.0,0.0,,,,,,,,,,,,,,4.598721655683333e-05,0.0,0.0,,,,,,,,,,,,0.0,,0.0,,0.0,,,,,,,,,,,,,,,,,,,,,,,,,,,,,,,,,,,,,,,,0,0,13,7
2022-03-05,,,,,,,,,,,,,,,0.14239468872547148,0.0,,,,,,,,,,,,,,,,,,,,,,,,,0.0011814012095176434,0.0,,,,,,,,,,,,,0.7157867570718129,0.0,0.13844281782706575,0.0,0.001202183986606502,0.0,0.0,,0.0,,,,,,0.0,0.0,0.0,0.0,0.0,0.0,0.0,0.0,0.0,,0.0,,0.0,,0.0,0.0,0.0,0.0,0.0,,,,,,,,,,,,0.0,,,,,,,,,,,,,,,,,,,,,,,,,,,,,,,,,,,,,,,,,,,,,,,,,,,,,,,,,,,,,,,,,,,,,,,,,,,,,,,,,,,,,,,,,,,,,,,,,,,,,,,,,,,,,,,,,,,,,,,,,,0.0,0.0,0.0,,,,,,,,,,,,,,0.0,0.0,0.0,,,,,,,,,,,,0.0,,0.0,,0.0,,,,,,,,,,,,,,,,,,,,,,,,,,,,,,,,,,,,,,,,0,0,13,8
2022-03-12,,,,,,,,,,,,,,,0.11563216680187285,0.0,,,,,,,,,,,,,,,,,,,,,,,,,0.0008702387005263864,0.0,,,,,,,,,,,,,0.6182472008769795,0.0,0.25950628771620277,0.0,0.005195088493305075,0.0,0.0,,0.0,,,,,,0.0,0.0,0.0,0.0,0.0,0.0,0.0,0.0,0.0,,0.0,,0.0,,0.0,0.0,0.0,0.0,0.0,,,,,,,,,,,,0.0,,,,,,,,,,,,,,,,,,,,,,,,,,,,,,,,,,,,,,,,,,,,,,,,,,,,,,,,,,,,,,,,,,,,,,,,,,,,,,,,,,,,,,,,,,,,,,,,,,,,,,,,,,,,,,,,,,,,,,,,,,0.0,0.0,0.0,,,,,,,,,,,,,,0.0,0.0,0.0,,,,,,,,,,,,0.0,,0.0,,0.0,,,,,,,,,,,,,,,,,,,,,,,,,,,,,,,,,,,,,,,,0,0,13,9
2022-03-19,,,,,,,,,,,,,,,0.07458333491251383,0.0,,,,,,,,,,,,,,,,,,,,,,,,,0.0013399577342326466,0.0,,,,,,,,,,,,,0.49488701183220435,0.0,0.41156565731969375,0.0,0.016989284044792535,0.0,0.0,,0.0,,,,,,0.0,0.0,0.0,0.0,4.497681480378286e-05,0.0,0.0,0.0,0.0,,0.0,,0.0,,0.0,0.0,0.0,0.0,0.0,,,,,,,,,,,,0.0,,,,,,,,,,,,,,,,,,,,,,,,,,,,,,,,,,,,,,,,,,,,,,,,,,,,,,,,,,,,,,,,,,,,,,,,,,,,,,,,,,,,,,,,,,,,,,,,,,,,,,,,,,,,,,,,,,,,,,,,,,0.0,0.0,0.0,,,,,,,,,,,,,,0.0,0.0,0.0,,,,,,,,,,,,0.0,,0.0,,0.0,,,,,,,,,,,,,,,,,,,,,,,,,,,,,,,,,,,,,,,,0,0,13,10
2022-03-26,,,,,,,,,,,,,,,0.04317868442127575,0.0,,,,,,,,,,,,,,,,,,,,,,,,,0.0007370119182220895,0.0,,,,,,,,,,,,,0.32386408563245805,0.0,0.5927668454354269,0.0,0.03888468376614826,0.0,0.0,,0.0,,,,,,0.0,0.0,0.0,0.0,0.000451815080305045,0.0,0.0,0.0,0.0,,0.0,,0.0,,0.0,0.0,0.0,0.0,0.0,,,,,,,,,,,,0.0,,,,,,,,,,,,,,,,,,,,,,,,,,,,,,,,,,,,,,,,,,,,,,,,,,,,,,,,,,,,,,,,,,,,,,,,,,,,,,,,,,,,,,,,,,,,,,,,,,,,,,,,,,,,,,,,,,,,,,,,,,0.0,0.0,0.0,,,,,,,,,,,,,,0.0,0.0,0.0,,,,,,,,,,,,0.0,,0.0,,0.0,,,,,,,,,,,,,,,,,,,,,,,,,,,,,,,,,,,,,,,,0,0,13,11
2022-04-02,,,,,,,,,,,,,,,0.02040582419639182,0.0,,,,,,,,,,,,,,,,,,,,,,,,,0.0003229126742942786,0.0,,,,,,,,,,,,,0.18848515488207337,0.0,0.707275275673185,0.0,0.08022157235869334,0.0,0.0,,0.0,,,,,,3.793556517880816e-05,0.0,0.0,0.0,0.0006985499830060754,0.0,0.0,0.0,0.0,,0.0,,0.0,,0.0,0.0,0.0,0.0,0.0,,,,,,,,,,,,0.0,,,,,,,,,,,,,,,,,,,,,,,,,,,,,,,,,,,,,,,,,,,,,,,,,,,,,,,,,,,,,,,,,,,,,,,,,,,,,,,,,,,,,,,,,,,,,,,,,,,,,,,,,,,,,,,,,,,,,,,,,,0.0,0.0,0.0,,,,,,,,,,,,,,0.0,0.0,0.0,,,,,,,,,,,,0.0,,0.0,,0.0,,,,,,,,,,,,,,,,,,,,,,,,,,,,,,,,,,,,,,,,0,0,13,12
2022-04-09,,,,,,,,,,,,,,,0.009216819822110868,0.0,,,,,,,,,,,,,,,,,,,,,,,,,0.00019170265189705817,0.0,,,,,,,,,,,,,0.09879419221119443,0.0,0.7360937031832608,0.0,0.1531319217248396,0.0,0.0,,0.0,,,,,,0.00021725669039921838,0.0,0.0,0.0,0.0001305882074769898,0.0,0.0,0.0,0.0,,0.0,,0.0,,0.0,0.0,0.0,0.0,0.0,,,,,,,,,,,,0.0,,,,,,,,,,,,,,,,,,,,,,,,,,,,,,,,,,,,,,,,,,,,,,,,,,,,,,,,,,,,,,,,,,,,,,,,,,,,,,,,,,,,,,,,,,,,,,,,,,,,,,,,,,,,,,,,,,,,,,,,,,0.0,0.0,0.0,,,,,,,,,,,,,,1.368780976915e-05,0.0,0.0,,,,,,,,,,,,0.0,,0.0,,0.0,,,,,,,,,,,,,,,,,,,,,,,,,,,,,,,,,,,,,,,,0,0,13,13
2022-04-16,,,,,,,,,,,,,,,0.005896693302525367,0.0,,,,,,,,,,,,,,,,,,,,,,,,,0.00027735923329056484,0.0,,,,,,,,,,,,,0.049552261760389314,0.0,0.7374216461623156,0.0,0.20296364829496097,0.0,0.0,,0.0,,,,,,0.0004879305761649123,0.0,0.0,0.0,0.0007896096818623776,0.0,0.0,0.0,0.0,,0.0,,0.0,,0.0,0.0,0.0,0.0,0.0,,,,,,,,,,,,0.0,,,,,,,,,,,,,,,,,,,,,,,,,,,,,,,,,,,,,,,,,,,,,,,,,,,,,,,,,,,,,,,,,,,,,,,,,,,,,,,,,,,,,,,,,,,,,,,,,,,,,,,,,,,,,,,,,,,,,,,,,,0.0,0.0,0.0,,,,,,,,,,,,,,0.0,0.0,0.0,,,,,,,,,,,,0.0,,0.0,,0.0,,,,,,,,,,,,,,,,,,,,,,,,,,,,,,,,,,,,,,,,0,0,13,14
2022-04-23,,,,,,,,,,,,,,,0.002145841704540887,0.0,,,,,,,,,,,,,,,,,,,,,,,,,0.00018737481452326982,0.0,,,,,,,,,,,,,0.02662817068960302,0.0,0.703142042429942,0.0,0.26348742224135485,0.0,0.0,,0.0,,,,,,0.0012225582364147898,0.0,0.0,0.0,0.0002549306682339542,0.0,0.0,0.0,0.0,,0.0,,0.0,,0.0,0.0,0.0,0.0,0.0,,,,,,,,,,,,0.0,,,,,,,,,,,,,,,,,,,,,,,,,,,,,,,,,,,,,,,,,,,,,,,,,,,,,,,,,,,,,,,,,,,,,,,,,,,,,,,,,,,,,,,,,,,,,,,,,,,,,,,,,,,,,,,,,,,,,,,,,,0.0,0.0,0.0,,,,,,,,,,,,,,0.0,0.0,0.0,,,,,,,,,,,,0.0,,0.0,,0.0,,,,,,,,,,,,,,,,,,,,,,,,,,,,,,,,,,,,,,,,0,0,13,15
2022-04-30,,,,,,,,,,,,,,,0.0019602895906875137,0.0,,,,,,,,,,,,,,,,,,,,,,,,,9.850985909848628e-05,0.0,,,,,,,,,,,,,0.013951449511715954,0.0,0.6261918189433905,0.0,0.35016985122974104,0.0,0.0,,0.0,,,,,,0.002535774743146382,0.0,0.0,0.0,0.002577271245952118,0.0,0.0,0.0,0.0,,0.0,,0.0,,0.0,0.0,0.0,0.0,0.0,,,,,,,,,,,,0.0,,,,,,,,,,,,,,,,,,,,,,,,,,,,,,,,,,,,,,,,,,,,,,,,,,,,,,,,,,,,,,,,,,,,,,,,,,,,,,,,,,,,,,,,,,,,,,,,,,,,,,,,,,,,,,,,,,,,,,,,,,0.0,0.0,0.0,,,,,,,,,,,,,,0.0,0.0,0.0,,,,,,,,,,,,0.0,,0.0,,0.0,,,,,,,,,,,,,,,,,,,,,,,,,,,,,,,,,,,,,,,,0,0,13,16
2022-05-07,,,,,,,,,,,,,,,0.0008787315002538599,0.0,,,,,,,,,,,,,,,,,,,,,,,,,0.0,0.0,,,,,,,,,,,,,0.005888111295872411,0.0,0.538738353579652,0.0,0.44127397560605813,0.0,0.0,,0.0,,,,,,0.005929942442370265,0.0,0.0,0.0,0.004500434429821876,0.0,0.0,0.0,0.0,,0.0,,0.0,,0.0,0.0,0.0,0.0,0.0,,,,,,,,,,,,0.0,,,,,,,,,,,,,,,,,,,,,,,,,,,,,,,,,,,,,,,,,,,,,,,,,,,,,,,,,,,,,,,,,,,,,,,,,,,,,,,,,,,,,,,,,,,,,,,,,,,,,,,,,,,,,,,,,,,,,,,,,,0.0,0.0,0.0,,,,,,,,,,,,,,0.0,0.0,0.0,,,,,,,,,,,,0.0,,0.0,,0.0,,,,,,,,,,,,,,,,,,,,,,,,,,,,,,,,,,,,,,,,0,0,13,17
2022-05-14,,,,,,,,,,,,,,,0.0100006608699914,0.0,,,,,,,,,,,,,,,,,,,,,,,,,8.963990471872245e-05,0.0,,,,,,,,,,,,,0.0031004042550921,0.0,0.4626080856031301,0.0,0.5094360154867172,0.0,0.0,,0.0,,,,,,0.010211391754600424,0.0,9.744787583741951e-05,0.0,0.011351460210826886,0.0,0.0,0.0,0.0,,0.0,,0.0,,0.0,0.0,0.0,0.0,0.0,,,,,,,,,,,,0.0,,,,,,,,,,,,,,,,,,,,,,,,,,,,,,,,,,,,,,,,,,,,,,,,,,,,,,,,,,,,,,,,,,,,,,,,,,,,,,,,,,,,,,,,,,,,,,,,,,,,,,,,,,,,,,,,,,,,,,,,,,0.0,0.0,0.0,,,,,,,,,,,,,,0.0,0.0,0.0,,,,,,,,,,,,0.0,,0.0,,0.0,,,,,,,,,,,,,,,,,,,,,,,,,,,,,,,,,,,,,,,,0,0,13,18
2022-05-21,,,,,,,,,,,,,,,0.0004804164060742571,0.0,,,,,,,,,,,,,,,,,,,,,,,,,0.00011915093358650203,0.0,,,,,,,,,,,,,0.0016545797019109855,0.0,0.3732078762686982,0.0,0.5774875404883404,0.0,0.0,,0.0,,,,,,0.01881980713532891,0.0,0.0005194224337705951,0.0,0.02481968541230469,0.0,0.0,0.0,0.0,,2.9137709498140004e-05,2.0,0.0,,0.0,0.0,0.0,0.0,0.0,,,,,,,,,,,,0.0,,,,,,,,,,,,,,,,,,,,,,,,,,,,,,,,,,,,,,,,,,,,,,,,,,,,,,,,,,,,,,,,,,,,,,,,,,,,,,,,,,,,,,,,,,,,,,,,,,,,,,,,,,,,,,,,,,,,,,,,,,0.0,0.0,0.0,,,,,,,,,,,,,,0.0,0.0,0.0,,,,,,,,,,,,0.0,,0.0,,0.0,,,,,,,,,,,,,,,,,,,,,,,,,,,,,,,,,,,,,,,,0,1,13,19
2022-05-28,,,,,,,,,,,,,,,0.0002721089795158583,0.0,,,,,,,,,,,,,,,,,,,,,,,,,0.0,0.0,,,,,,,,,,,,,0.000979246076894875,0.0,0.29093599381546176,0.0,0.6244733321170012,0.0,0.0,,0.0,,,,,,0.03423308619918918,0.0,0.0009585260399389513,0.0,0.04571861828056469,0.0,0.0,0.0,0.0,,0.0,0.0,0.0,,0.0,0.0,0.0,0.0,0.0,,,,,,,,,,,,0.0,,,,,,,,,,,,,,,,,,,,,,,,,,,,,,,,,,,,,,,,,,,,,,,,,,,,,,,,,,,,,,,,,,,,,,,,,,,,,,,,,,,,,,,,,,,,,,,,,,,,,,,,,,,,,,,,,,,,,,,,,,0.0,0.0,0.0,,,,,,,,,,,,,,0.0,0.0,0.0,,,,,,,,,,,,0.0,,0.0,,0.0,,,,,,,,,,,,,,,,,,,,,,,,,,,,,,,,,,,,,,,,0,0,14,20
2022-06-04,,,,,,,,,,,,,,,0.0007412490197159596,0.0,,,,,,,,,,,,,,,,,,,,,,,,,0.0001847198024946447,0.0,,,,,,,,,,,,,0.0013539751668390787,0.0,0.22332706349961298,0.0,0.6128734553113897,0.0,0.0,,0.0,,,,,,0.06215912127431398,0.0,0.0022747758037705516,0.0,0.09518930934211037,0.0,0.0,0.0,0.0,,0.0,0.0,0.0,,0.0,0.0,0.0,0.0,0.0,,,,,,,,,,,,0.0,,,,,,,,,,,,,,,,,,,,,,,,,,,,,,,,,,,,,,,,,,,,,,,,,,,,,,,,,,,,,,,,,,,,,,,,,,,,,,,,,,,,,,,,,,,,,,,,,,,,,,,,,,,,,,,,,,,,,,,,,,0.0,0.0,0.0,,,,,,,,,,,,,,0.0,0.0,0.0,,,,,,,,,,,,0.0,,0.0,,0.0,,,,,,,,,,,,,,,,,,,,,,,,,,,,,,,,,,,,,,,,0,0,14,21
2022-06-11,,,,,,,,,,,,,,,0.00013155947129663912,0.0,,,,,,,,,,,,,,,,,,,,,,,,,0.0,0.0,,,,,,,,,,,,,0.00023920675859851956,0.0,0.16508169310248413,0.0,0.5664834950281226,0.0,0.0,,0.0,,,,,,0.08668327347739878,0.0,0.003654572590276902,0.0,0.1762898382933243,0.0,0.0,0.0,0.0,,0.0,0.0,0.0,,0.0,0.0,0.0,0.0,0.0,,,,,,,,,,,,0.0,,,,,,,,,,,,,,,,,,,,,,,,,,,,,,,,,,,,,,,,,,,,,,,,,,,,,,,,,,,,,,,,,,,,,,,,,,,,,,,,,,,,,,,,,,,,,,,,,,,,,,,,,,,,,,,,,,,,,,,,,,0.0,0.0,0.0,,,,,,,,,,,,,,0.0,0.0,0.0,,,,,,,,,,,,0.0,,0.0,,0.0,,,,,,,,,,,,,,,,,,,,,,,,,,,,,,,,,,,,,,,,0,0,14,22
2022-06-18,,,,,,,,,,,,,,,0.00018057590027128,0.0,,,,,,,,,,,,,,,,,,,,,,,,,5.063290825540625e-05,0.0,,,,,,,,,,,,,0.00023268201039166887,0.0,0.11017118055712088,0.0,0.4813631514708201,0.0,0.00011626805366279707,2.0,0.0,,,,,,0.11099243495199411,0.0,0.006821046594712014,0.0,0.28952624599138893,0.0,0.00018764830487526428,0.0,0.0,,0.0,0.0,0.0,,0.0,0.0,0.0,0.0,0.0,,,,,,,,,,,,0.0,,,,,,,,,,,,,,,,,,,,,,,,,,,,,,,,,,,,,,,,,,,,,,,,,,,,,,,,,,,,,,,,,,,,,,,,,,,,,,,,,,,,,,,,,,,,,,,,,,,,,,,,,,,,,,,,,,,,,,,,,,0.0,0.0,0.0,,,,,,,,,,,,,,0.0,0.0,0.0,,,,,,,,,,,,0.0,,0.0,,0.0,,,,,,,,,,,,,,,,,,,,,,,,,,,,,,,,,,,,,,,,0,1,14,23
2022-06-25,,,,,,,,,,,,,,,9.617182290221592e-05,0.0,,,,,,,,,,,,,,,,,,,,,,,,,1.1683814908597673e-05,0.0,,,,,,,,,,,,,0.0001420490724822523,0.0,0.07524326782334931,0.0,0.3560015613382512,0.0,0.00015465279284394707,0.0,0.0,,,,,,0.1299989142201163,0.0,0.009872924968055065,0.0,0.42796228555115784,0.0,6.958952989013214e-05,0.0,0.0,,3.1196235153461764e-05,0.0,0.0,,0.0,0.0,0.0,0.0,0.0,,,,,,,,,,,,0.0,,,,,,,,,,,,,,,,,,,,,,,,,,,,,,,,,,,,,,,,,,,,,,,,,,,,,,,,,,,,,,,,,,,,,,,,,,,,,,,,,,,,,,,,,,,,,,,,,,,,,,,,,,,,,,,,,,,,,,,,,,0.0,0.0,0.0,,,,,,,,,,,,,,1.1512649507466666e-05,0.0,0.0,,,,,,,,,,,,0.0,,0.0,,0.0,,,,,,,,,,,,,,,,,,,,,,,,,,,,,,,,,,,,,,,,0,0,15,24
2022-07-02,,,,,,,,,,,,,,,0.00012052798876194883,0.0,,,,,,,,,,,,,,,,,,,,,,,,,3.791965448108605e-05,0.0,,,,,,,,,,,,,0.00014415204214999303,0.0,0.04620659819176026,0.0,0.24095368697199707,0.0,0.0001394806120729147,0.0,0.0,,,,,,0.13175120152706318,0.0,0.018830607031903566,0.0,0.5620684415795082,0.0,0.00014560050268686787,0.0,0.0,,5.006318711173529e-05,0.0,0.0,,0.0,0.0,0.0,0.0,0.0,,,,,,,,,,,,0.0,,,,,,,,,,,,,,,,,,,,,,,,,,,,,,,,,,,,,,,,,,,,,,,,,,,,,,,,,,,,,,,,,,,,,,,,,,,,,,,,,,,,,,,,,,,,,,,,,,,,,,,,,,,,,,,,,,,,,,,,,,0.0,0.0,0.0,,,,,,,,,,,,,,2.877922815966667e-05,0.0,0.0,,,,,,,,,,,,0.0,,0.0,,0.0,,,,,,,,,,,,,,,,,,,,,,,,,,,,,,,,,,,,,,,,0,0,15,25
2022-07-09,,,,,,,,,,,,,,,8.856661848503809e-05,0.0,,,,,,,,,,,,,,,,,,,,,,,,,6.452698976818335e-05,0.0,,,,,,,,,,,,,0.000189748236425615,0.0,0.029109883743027802,0.0,0.15573390289431524,0.0,0.00041711821583752354,0.0,0.0,,,,,,0.12802899416003904,0.0,0.02279251723027806,0.0,0.6631496094522022,0.0,0.00026291599871387144,0.0,7.11848941864e-05,2.0,0.00010166042557097352,0.0,0.0,,0.0,0.0,0.0,0.0,0.0,,,,,,,,,,,,0.0,,,,,,,,,,,,,,,,,,,,,,,,,,,,,,,,,,,,,,,,,,,,,,,,,,,,,,,,,,,,,,,,,,,,,,,,,,,,,,,,,,,,,,,,,,,,,,,,,,,,,,,,,,,,,,,,,,,,,,,,,,0.0,0.0,0.0,,,,,,,,,,,,,,0.0,0.0,0.0,,,,,,,,,,,,0.0,,0.0,,0.0,,,,,,,,,,,,,,,,,,,,,,,,,,,,,,,,,,,,,,,,0,1,15,26
2022-07-16,,,,,,,,,,,,,,,0.0001009031672388,0.0,,,,,,,,,,,,,,,,,,,,,,,,,0.0,0.0,,,,,,,,,,,,,0.00014528971800374391,0.0,0.019713106633322944,0.0,0.0950049263675038,0.0,0.0005259931392227618,0.0,0.0,,,,,,0.1162635455044304,0.0,0.030833033935689296,0.0,0.7359318805903923,0.0,0.0002908951168397143,0.0,0.00024482159700705603,0.0,0.0005620740480747794,0.0,0.0,,0.0,0.0,0.0,0.0,0.0,,,,,,,,,,,,0.0,,,,,,,,,,,,,,,,,,,,,,,,,,,,,,,,,,,,,,,,,,,,,,,,,,,,,,,,,,,,,,,,,,,,,,,,,,,,,,,,,,,,,,,,,,,,,,,,,,,,,,,,,,,,,,,,,,,,,,,,,,0.0,0.0,0.0,,,,,,,,,,,,,,0.0,0.0,0.0,,,,,,,,,,,,0.0,,0.0,,0.0,,,,,,,,,,,,,,,,,,,,,,,,,,,,,,,,,,,,,,,,0,0,16,27
2022-07-23,,,,,,,,,,,,,,,0.00015871990126465498,0.0,,,,,,,,,,,,,,,,,,,,,,,,,0.0,0.0,,,,,,,,,,,,,0.00019536278276245642,0.0,0.01351701105013485,0.0,0.05723769646137948,0.0,0.0007807835268869736,0.0,0.0,,,,,,0.09848497677594419,0.0,0.035686511453241074,0.0,0.7917100965976716,0.0,0.00045996622689660716,0.0,0.000302070376928844,0.0,0.0009499925894059648,0.0,0.0,,0.0,0.0,0.0,0.0,0.0,,,,,,,,,,,,0.0,,,,,,,,,,,,,,,,,,,,,,,,,,,,,,,,,,,,,,,,,,,,,,,,,,,,,,,,,,,,,,,,,,,,,,,,,,,,,,,,,,,,,,,,,,,,,,,,,,,,,,,,,,,,,,,,,,,,,,,,,,0.0,0.0,0.0,,,,,,,,,,,,,,0.0,0.0,0.0,,,,,,,,,,,,0.0,,0.0,,0.0,,,,,,,,,,,,,,,,,,,,,,,,,,,,,,,,,,,,,,,,0,0,16,28
2022-07-30,,,,,,,,,,,,,,,7.096271027955455e-05,0.0,,,,,,,,,,,,,,,,,,,,,,,,,0.0,0.0,,,,,,,,,,,,,0.0001683018061540237,0.0,0.009989717754682376,0.0,0.03470488578865398,0.0,0.0017678340629893206,0.0,2.7571360684853333e-05,2.0,,,,,0.08441559499815887,0.0,0.04430400727218699,0.0,0.8222991667295757,0.0,0.0006419655629932143,0.0,0.00034544272697526005,0.0,0.0009161241212174412,0.0,0.0,,0.0001075567544224,0.0,0.0,0.0,0.0,,,,,,,,,,,,0.0,,,,,,,,,,,,,,,,,,,,,,,,,,,,,,,,,,,,,,,,,,,,,,,,,,,,,,,,,,,,,,,,,,,,,,,,,,,,,,,,,,,,,,,,,,,,,,,,,,,,,,,,,,,,,,,,,,,,,,,,,,0.0,0.0,0.0,,,,,,,,,,,,,,0.0,0.0,0.0,,,,,,,,,,,,0.0,,0.0,,0.0,,,,,,,,,,,,,,,,,,,,,,,,,,,,,,,,,,,,,,,,0,1,16,29
2022-08-06,,,,,,,,,,,,,,,4.454997218307027e-05,0.0,,,,,,,,,,,,,,,,,,,,,,,,,4.2767607010280005e-05,0.0,,,,,,,,,,,,,7.876594679902973e-05,0.0,0.006275831960846397,0.0,0.022923921159393037,0.0,0.0018153882017084735,0.0,0.0,0.0,,,,,0.0721713066906542,0.0,0.05001587360291862,0.0,0.8426580541842693,0.0,0.0007763027991001429,0.0,0.000354045508429352,0.0,0.002242246560533209,0.0,0.0,,6.36187029158e-05,0.0,7.920094263417143e-05,0.0,0.0,,,,,,,,,,,,0.0,,,,,,,,,,,,,,,,,,,,,,,,,,,,,,,,,,,,,,,,,,,,,,,,,,,,,,,,,,,,,,,,,,,,,,,,,,,,,,,,,,,,,,,,,,,,,,,,,,,,,,,,,,,,,,,,,,,,,,,,,,0.0,0.0,0.0,,,,,,,,,,,,,,0.0,0.0,0.0,,,,,,,,,,,,0.0,,0.0,,0.0,,,,,,,,,,,,,,,,,,,,,,,,,,,,,,,,,,,,,,,,0,0,17,30
2022-08-13,,,,,,,,,,,,,,,0.0002275358456244611,0.0,,,,,,,,,,,,,,,,,,,,,,,,,5.5785657928488886e-05,0.0,,,,,,,,,,,,,0.00015468134329739723,0.0,0.004572767557369289,0.0,0.011916582653712853,0.0,0.0018096837687634326,0.0,0.00016375486205404667,0.0,,,,,0.05941192805767056,0.0,0.06389716816031266,0.0,0.8525150865316391,0.0,0.0008794575987848875,0.0,0.000997064970433664,0.0,0.003426289720022447,0.0,0.0,,9.531501588446001e-05,0.0,2.3968948620890476e-05,0.0,0.0,,,,,,,,,,,,0.0,,,,,,,,,,,,,,,,,,,,,,,,,,,,,,,,,,,,,,,,,,,,,,,,,,,,,,,,,,,,,,,,,,,,,,,,,,,,,,,,,,,,,,,,,,,,,,,,,,,,,,,,,,,,,,,,,,,,,,,,,,7.639349219274286e-05,0.0,0.0,,,,,,,,,,,,,,0.0,0.0,0.0,,,,,,,,,,,,0.0,,0.0,,0.0,,,,,,,,,,,,,,,,,,,,,,,,,,,,,,,,,,,,,,,,0,0,17,31
2022-08-20,,,,,,,,,,,,,,,6.162675812703428e-05,0.0,,,,,,,,,,,,,,,,,,,,,,,,,0.0,0.0,,,,,,,,,,,,,3.4451689342417146e-05,0.0,0.00349929405243264,0.0,0.006049176318837006,0.0,0.0037100999753045204,0.0,0.00042850147583517337,0.0,,,,,0.04494826772383276,0.0,0.07004093102046417,0.0,0.8635908007621765,0.0,0.0009555371548880214,0.0,0.001290172929875504,0.0,0.004047555444926421,0.0,1.0080416532604762e-05,2.0,0.0007131181599106166,0.0,7.05629153387381e-05,0.0,0.0,,,,,,,,,,,,0.0,,,,,,,,,,,,,,,,,,,,,,,,,,,,,,,,,,,,,,,,,,,,,,,,,,,,,,,,,,,,,,,,,,,,,,,,,,,,,,,,,,,,,,,,,,,,,,,,,,,,,,,,,,,,,,,,,,,,,,,,,,0.0,0.0,0.0,,,,,,,,,,,,,,0.0,0.0,0.0,,,,,,,,,,,,0.0,,0.0,,0.0,,,,,,,,,,,,,,,,,,,,,,,,,,,,,,,,,,,,,,,,0,1,17,32
2022-08-27,,,,,,,,,,,,,,,5.435722746563478e-05,0.0,,,,,,,,,,,,,,,,,,,,,,,,,0.0,0.0,,,,,,,,,,,,,0.0002139577447771794,0.0,0.0024232564733899366,0.0,0.00409146572244075,0.0,0.0035533389788777823,0.0,0.0012611942199457573,0.0,,,,,0.04082379347699526,0.0,0.07929829529979646,0.0,0.8580174691536847,0.0,0.0011373741377610099,0.0,0.001976105449721172,0.0,0.006295102456694097,0.0,0.0,0.0,0.0009385647426824533,0.0,0.0,0.0,0.0,,,,,,,,,,,,0.0,,,,,,,,,,,,,,,,,,,,,,,,,,,,,,,,,,,,,,,,,,,,,,,,,,,,,,,,,,,,,,,,,,,,,,,,,,,,,,,,,,,,,,,,,,,,,,,,,,,,,,,,,,,,,,,,,,,,,,,,,,2.2851654800083335e-05,0.0,0.0,,,,,,,,,,,,,,0.0,0.0,0.0,,,,,,,,,,,,0.0,,0.0,,0.0,,,,,,,,,,,,,,,,,,,,,,,,,,,,,,,,,,,,,,,,0,0,18,33
2022-09-03,,,,,,,,,,,,,,,9.281928743633939e-05,0.0,,,,,,,,,,,,,,,,,,,,,,,,,2.8101572366445456e-05,0.0,,,,,,,,,,,,,0.0004200288403256636,0.0,0.002412232739681497,0.0,0.002487398676969291,0.0,0.0042928435529271305,0.0,0.002022380419075432,0.0,,,,,0.0338434404270215,0.0,0.09174043007872318,0.0,0.8495447093790228,0.0,0.001284562454592118,0.0,0.002181582935154392,0.0,0.008131479999671332,0.0,5.713065813599615e-05,0.0,0.0009634344993779534,0.0,0.0001604354494095567,0.0,0.0,,,,,,,,,,,,0.0,,,,,,,,,,,,,,,,,,,,,,,,,,,,,,,,,,,,,,,,,,,,,,,,,,,,,,,,,,,,,,,,,,,,,,,,,,,,,,,,,,,,,,,,,,,,,,,,,,,,,,,,,,,,,,,,,,,,,,,,,,2.353452365842917e-05,0.0,0.0,,,,,,,,,,,,,,0.0,0.0,0.0,,,,,,,,,,,,0.0,,0.0,,0.0,,,,,,,,,,,,,,,,,,,,,,,,,,,,,,,,,,,,,,,,0,0,18,34
2022-09-10,,,,,,,,,,,,,,,6.493434698813333e-05,0.0,,,,,,,,,,,,,,,,,,,,,,,,,6.640041344019999e-05,0.0,,,,,,,,,,,,,8.59169858813e-05,0.0,0.001836860701587225,0.0,0.0019792287457675657,0.0,0.00477080990094686,0.0,0.00188052006997163,0.0,,,,,0.025776413560379248,0.0,0.10241355188190934,0.0,0.8389474134892225,0.0,0.0018380460956983781,0.0,0.003177510825917064,0.0,0.012352571415249203,0.0,0.00029803982425405,0.0,0.0032620378304272367,0.0,0.0009214571182383,0.0,0.0,,,,,,,,,,,,0.0,,,,,,,,,,,,,,,,,,,,,,,,,,,,,,,,,,,,,,,,,,,,,,,,,,,,,,,,,,,,,,,,,,,,,,,,,,,,,,,,,,,,,,,,,,,,,,,,,,,,,,,,,,,,,,,,,,,,,,,,,,4.6632900800075005e-05,0.0,0.0,,,,,,,,,,,,,,0.0,0.0,0.0,,,,,,,,,,,,0.0,,0.0,,0.0,,,,,,,,,,,,,,,,,,,,,,,,,,,,,,,,,,,,,,,,0,0,18,35
2022-09-17,,,,,,,,,,,,,,,6.070854754891936e-05,0.0,,,,,,,,,,,,,,,,,,,,,,,,,8.518175473582258e-05,0.0,,,,,,,,,,,,,0.00018216888870919355,0.0,0.0026243719452570934,0.0,0.0006476656774118516,0.0,0.006848971164154371,0.0,0.0036509632288167404,0.0,,,,,0.024593530282858832,0.0,0.10637794891672746,0.0,0.822453950681994,0.0,0.003345738738841725,0.0,0.003757991446182084,0.0,0.018462214438665248,0.0,0.00018036818801187693,0.0,0.00523149115033443,0.0,0.0016900284720273765,0.0,0.0,,,,,,,,,,,,0.0,,,,,,,,,,,,,,,,,,,,,,,,,,,,,,,,,,,,,,,,,,,,,,,,,,,,,,,,,,,,,,,,,,,,,,,,,,,,,,,,,,,,,,,,,,,,,,,,,,,,,,,,,,,,,,,,,,,,,,,,,,8.008657884294167e-05,0.0,0.0,,,,,,,,,,,,,,0.0,0.0,0.0,,,,,,,,,,,,0.0,,0.0,,0.0,,,,,,,,,,,,,,,,,,,,,,,,,,,,,,,,,,,,,,,,0,0,18,36
2022-09-24,,,,,,,,,,,,,,,5.3296969781449995e-05,0.0,,,,,,,,,,,,,,,,,,,,,,,,,5.19048445615e-05,0.0,,,,,,,,,,,,,0.00011031132186564,0.0,0.0024157637807850564,0.0,0.00050539956719144,0.0,0.007977311468372699,0.0,0.0037476610857992863,0.0,,,,,0.013665324697891827,0.0,0.11107495625813797,0.0,0.8119142591953278,0.0,0.003872470414665082,0.0,0.004934734888374748,0.0,0.02156188711524004,0.0,0.0006802832358516269,0.0,0.011609697000433957,0.0,0.00510484540524576,0.0,0.0,,,,,,,,,,,,0.0,,,,,,,,,,,,,,,,,,,,,,,,,,,,,,,,,,,,,,,,,,,,,,,,,,,,,,,,,,,,,,,,,,,,,,,,,,,,,,,,,,,,,,,,,,,,,,,,,,,,,,,,,,,,,,,,,,,,,,,,,,0.00020064223523750833,0.0,0.0,,,,,,,,,,,,,,0.0,0.0,0.0,,,,,,,,,,,,0.0,,0.0,,0.0,,,,,,,,,,,,,,,,,,,,,,,,,,,,,,,,,,,,,,,,0,0,18,37
2022-10-01,,,,,,,,,,,,,,,7.507554431047931e-05,0.0,,,,,,,,,,,,,,,,,,,,,,,,,0.0,0.0,,,,,,,,,,,,,0.00043404612266121425,0.0,0.0036646400835236067,0.0,0.00032903884581669655,0.0,0.010070915205468342,0.0,0.004813860620147142,0.0,,,,,0.012868825667377131,0.0,0.1072110004466155,0.0,0.7897858434710009,0.0,0.007375702062355564,0.0,0.0046031940914690005,0.0,0.02962942318669677,0.0,0.0016945136236384615,0.0,0.017535388469696003,0.0,0.008411051609135852,0.0,0.00016423976630898667,2.0,,,,,,,,,,,0.0,,,,,,,,,,,,,,,,,,,,,,,,,,,,,,,,,,,,,,,,,,,,,,,,,,,,,,,,,,,,,,,,,,,,,,,,,,,,,,,,,,,,,,,,,,,,,,,,,,,,,,,,,,,,,,,,,,,,,,,,,,0.0011231707903788875,0.0,0.0,,,,,,,,,,,,,,0.0,0.0,0.0,,,,,,,,,,,,0.0,,0.0,,0.0,,,,,,,,,,,,,,,,,,,,,,,,,,,,,,,,,,,,,,,,0,1,18,38
2022-10-08,,,,,,,,,,,,,,,0.00015665519380745355,0.0,,,,,,,,,,,,,,,,,,,,,,,,,4.028111822356e-05,0.0,,,,,,,,,,,,,0.00012229194492512858,0.0,0.005150403062413793,0.0,0.00010699192824644075,0.0,0.011378654711214508,0.0,0.00533572742382859,0.0,,,,,0.009142185893974086,0.0,0.10402484504239896,0.0,0.7458687722682953,0.0,0.008480567085955765,0.0,0.008612547442316964,0.0,0.042149858150098966,0.0,0.0027993774710921,0.0,0.03421691791819669,0.0,0.018615129369276482,0.0,6.635873675496001e-05,0.0,,,,,,,,,,,0.0,,,,,,,,,,,,,,,,,,,,,,,,,,,,,,,,,,,,,,,,,,,,,,,,,,,,,,,,,,,,,,,,,,,,,,,,,,,,,,,,,,,,,,,,,,,,,,,,,,,,,,,,,,,,,,,,,,,,,,,,,,0.002611597805904796,0.0,0.0,,,,,,,,,,,,,,0.0,0.0,0.0,,,,,,,,,,,,0.0,,0.0,,0.0,,,,,,,,,,,,,,,,,,,,,,,,,,,,,,,,,,,,,,,,0,0,19,39
2022-10-15,,,,,,,,,,,,,,,7.99982457961091e-05,0.0,,,,,,,,,,,,,,,,,,,,,,,,,0.00015269804943168335,0.0,,,,,,,,,,,,,0.0005471667720013148,0.0,0.0071138446736666435,0.0,0.00015191204848055557,0.0,0.013158374914416501,0.0,0.0071724158953185005,0.0,,,,,0.010574610282977384,0.0,0.08902704246618126,0.0,0.7043587432967292,0.0,0.011615850410803544,0.0,0.007932476680725768,0.0,0.05426033448289938,0.0,0.005542657606733474,0.0,0.05026257107103307,0.0,0.03446412224460527,0.0,5.254618663452666e-05,0.0,,,,,,,,,,,0.0,,,,,,,,,,,,,,,,,,,,,,,,,,,,,,,,,,,,,,,,,,,,,,,,,,,,,,,,,,,,,,,,,,,,,,,,,,,,,,,,,,,,,,,,,,,,,,,,,,,,,,,,,,,,,,,,,,,,,,,,,,0.00273374913570776,0.0,0.0,,,,,,,,,,,,,,0.0,0.0,0.0,,,,,,,,,,,,0.0,,0.0,,0.0,,,,,,,,,,,,,,,,,,,,,,,,,,,,,,,,,,,,,,,,0,0,19,40
2022-10-22,,,,,,,,,,,,,,,0.00012062698951915999,0.0,,,,,,,,,,,,,,,,,,,,,,,,,0.0001903442324772611,0.0,,,,,,,,,,,,,0.001123101219910923,0.0,0.007260375136796054,0.0,6.141776150162692e-05,0.0,0.012647954245599365,0.0,0.006292070745705357,0.0,,,,,0.005787119394741342,0.0,0.083229072105426,0.0,0.6580414817883418,0.0,0.01437297932660345,0.0,0.01036807022988792,0.0,0.058687975200322914,0.0,0.011575566783833912,0.0,0.06573139761502922,0.0,0.05635161712192567,0.0,0.0003929593910773133,0.0,,,,,,,,,,,0.0,,,,,,,,,,,,,,,,,,,,,,,,,,,,,,,,,,,,,,,,,,,,,,,,,,,,,,,,,,,,,,,,,,,,,,,,,,,,,,,,,,,,,,,,,,,,,,,,,,,,,,,,,,,,,,,,,,,,,,,,,,0.006829759765726779,0.0,0.0,,,,,,,,,,,,,,0.0004290028024881106,0.0,0.0,,,,,,,,,,,,0.0,,0.0,,0.0,,,,,,,,,,,,,,,,,,,,,,,,,,,,,,,,,,,,,,,,0,0,19,41
2022-10-29,,,,,,,,,,,,,,,0.00010807300510345201,0.0,,,,,,,,,,,,,,,,,,,,,,,,,0.0,0.0,,,,,,,,,,,,,0.000236588093393904,0.0,0.008087779730558348,0.0,0.00029750579386014,0.0,0.010382249392569017,0.0,0.0058438647165894,0.0,,,,,0.00552883440628642,0.0,0.06118209838867183,0.0,0.5753069949150086,0.0,0.01508798886090512,0.0,0.011887729242443992,0.0,0.06907217025756833,0.0,0.015557486563920928,0.0,0.11733964294195172,0.0,0.09240369290113444,0.0,0.0008846962164776533,0.0,,,,,,,,,,,0.0,,,,,,,,,,,,,,,,,,,,,,,,,,,,,,,,,,,,,,,,,,,,,,,,,,,,,,,,,,,,,,,,,,,,,,,,,,,,,,,,,,,,,,,,,,,,,,,,,,,,,,,,,,,,,,,,,,,,,,,,,,0.009862084915353446,0.0,0.0,,,,,,,,,,,,,,4.096492590505455e-05,0.0,0.0,,,,,,,,,,,,0.0,,0.0,,0.0,,,,,,,,,,,,,,,,,,,,,,,,,,,,,,,,,,,,,,,,0,0,19,42
2022-11-05,,,,,,,,,,,,,,,0.00018371276799669168,0.0,,,,,,,,,,,,,,,,,,,,,,,,,2.088577528643913e-05,0.0,,,,,,,,,,,,,0.00034161957895164583,0.0,0.007001621571058978,0.0,0.00021582203438200834,0.0,0.011413941703115845,0.0,0.004417474498040929,0.0,,,,,0.003351104678586075,0.0,0.058673109083125945,0.0,0.5014287841816744,0.0,0.018654183562224067,0.0,0.01174363672422861,0.0,0.07484372301648055,0.0,0.018288544379174654,0.0,0.1443024755765994,0.0,0.12480050511658188,0.0,0.0017428924562408999,0.0,,,,,,,,,,,0.0,,,,,,,,,,,,,,,,,,,,,,,,,,,,,,,,,,,,,,,,,,,,,,,,,,,,,,,,,,,,,,,,,,,,,,,,,,,,,,,,,,,,,,,,,,,,,,,,,,,,,,,,,,,,,,,,,,,,,,,,,,0.01637977373320604,0.0,0.0,,,,,,,,,,,,,,0.001227031449640221,0.0,0.0,,,,,,,,,,,,0.0,,0.0,,0.0,,,,,,,,,,,,,,,,,,,,,,,,,,,,,,,,,,,,,,,,0,0,19,43
2022-11-12,,,,,,,,,,,,,,,0.0001685793901307261,0.0,,,,,,,,,,,,,,,,,,,,,,,,,0.0,0.0,,,,,,,,,,,,,0.00012286408136349524,0.0,0.007029940819610664,0.0,0.0004680803850414087,0.0,0.011882725657652195,0.0,0.0036426837981232696,0.0,,,,,0.00381512660533184,0.0,0.04487983121172236,0.0,0.43383343452992645,0.0,0.016158266397921884,0.0,0.014960997616467223,0.0,0.07309557011593938,0.0,0.02201541869536685,0.0,0.18154426502144852,0.0,0.16364934068659073,0.0,0.0018310355255379733,0.0,,,,,,,,,,,0.0,,,,,,,,,,,,,,,,,,,,,,,,,,,,,,,,,,,,,,,,,,,,,,,,,,,,,,,,,,,,,,,,,,,,,,,,,,,,,,,,,,,,,,,,,,,,,,,,,,,,,,,,,,,,,,,,,,,,,,,,,,0.01895851135739808,0.0,0.0,,,,,,,,,,,,,,0.0008264745181229894,0.0,0.0,,,,,,,,,,,,0.0,,0.0,,0.0,,,,,,,,,,,,,,,,,,,,,,,,,,,,,,,,,,,,,,,,0,0,19,44
2022-11-19,,,,,,,,,,,,,,,0.0,0.0,,,,,,,,,,,,,,,,,,,,,,,,,0.0,0.0,,,,,,,,,,,,,4.5652518955219044e-05,0.0,0.008164583493701395,0.0,0.0002619067295612682,0.0,0.009015330875461703,0.0,0.004417232153090523,0.0,,,,,0.0018614133904602864,0.0,0.03197713424874973,0.0,0.3497554266994649,0.0,0.01847433146427974,0.0,0.009581435048444664,0.0,0.06812088123776693,0.0,0.02823222191496324,0.0,0.2221847901290113,0.0,0.20716420154679901,0.0,0.0020182117975005936,0.0,,,,,,,,,,,0.0,,,,,,,,,,,,,,,,,,,,,,,,,,,,,,,,,,,,,,,,,,,,,,,,,,,,,,,,,,,,,,,,,,,,,,,,,,,,,,,,,,,,,,,,,,,,,,,,,,,,,,,,,,,,,,,,,,,,,,,,,,0.034151204906049185,0.0,0.0,,,,,,,,,,,,,,0.004632863583729405,0.0,0.0,,,,,,,,,,,,0.0,,0.0,,0.0,,,,,,,,,,,,,,,,,,,,,,,,,,,,,,,,,,,,,,,,0,0,19,45
2022-11-26,,,,,,,,,,,,,,,0.00011895047767510477,0.0,,,,,,,,,,,,,,,,,,,,,,,,,0.0,0.0,,,,,,,,,,,,,0.0,0.0,0.008654501400000944,0.0,0.00016072084656024762,0.0,0.008856001154830019,0.0,0.003233206912963824,0.0,,,,,0.0012465406575106665,0.0,0.02770984385694772,0.0,0.2980256875356038,0.0,0.01783812462928745,0.0,0.009267847851983086,0.0,0.06789815283956978,0.0,0.027175014749878875,0.0,0.23273797262282594,0.0,0.2456988074949809,0.0,0.004831420164555253,0.0,,,,,,,,,,,0.0,,,,,,,,,,,,,,,,,,,,,,,,,,,,,,,,,,,,,,,,,,,,,,,,,,,,,,,,,,,,,,,,,,,,,,,,,,,,,,,,,,,,,,,,,,,,,,,,,,,,,,,,,,,,,,,,,,,,,,,,,,0.03625156535279178,0.0,0.0,,,,,,,,,,,,,,0.009643421189761421,0.0,0.0,,,,,,,,,,,,0.0,,0.0,,0.0,,,,,,,,,,,,,,,,,,,,,,,,,,,,,,,,,,,,,,,,0,0,19,46
2022-12-03,,,,,,,,,,,,,,,2.9395213277845003e-05,0.0,,,,,,,,,,,,,,,,,,,,,,,,,6.715750350845332e-05,0.0,,,,,,,,,,,,,3.893112152577e-05,0.0,0.007808677037246479,0.0,7.5052652391555e-05,0.0,0.00632303107995535,0.0,0.00395871415967117,0.0,,,,,0.00089632383023849,0.0,0.01935146925970907,0.0,0.23277799561619755,0.0,0.015961606567725488,0.0,0.00862809536047275,0.0,0.06316412761807438,0.0,0.032778978720307286,0.0,0.24288855642080304,0.0,0.289835986495018,0.0,0.004810719564557027,0.0,,,,,,,,,,,3.7023775803325e-05,2.0,,,,,,,,,,,,,,,,,,,,,,,,,,,,,,,,,,,,,,,,,,,,,,,,,,,,,,,,,,,,,,,,,,,,,,,,,,,,,,,,,,,,,,,,,,,,,,,,,,,,,,,,,,,,,,,,,,,,,,,,,0.04717087615281339,0.0,0.0,,,,,,,,,,,,,,0.02348937285377786,0.0,2.621439731828889e-05,2.0,,,,,,,,,,,0.0,,0.0,,0.0,,,,,,,,,,,,,,,,,,,,,,,,,,,,,,,,,,,,,,,,0,2,19,47
2022-12-10,,,,,,,,,,,,,,,0.00017442947424372633,0.0,,,,,,,,,,,,,,,,,,,,,,,,,1.8847103810389475e-05,0.0,,,,,,,,,,,,,0.00010507271244101818,0.0,0.007164109841381195,0.0,0.0001538471459704737,0.0,0.007886738393847825,0.0,0.0020194023014290787,0.0,,,,,0.0010776140002740444,0.0,0.011550420061930175,0.0,0.19008566360724596,0.0,0.01522591602253282,0.0,0.008015100378543106,0.0,0.05128136649727817,0.0,0.035014422708436015,0.0,0.2550139787950014,0.0,0.31772222958113017,0.0,0.006867684361835273,0.0,,,,,,,,,,,0.000187902129255175,0.0,,,,,,,,,,,,,,,,,,,,,,,,,,,,,,,,,,,,,,,,,,,,,,,,,,,,,,,,,,,,,,,,,,,,,,,,,,,,,,,,,,,,,,,,,,,,,,,,,,,,,,,,,,,,,,,,,,,,,,,,,0.04601285547802318,0.0,0.0,,,,,,,,,,,,,,0.043330899586802994,0.0,0.0001413250639516889,0.0,,,,,,,,,,,0.0,,0.0,,0.0,,,,,,,,,,,,,,,,,,,,,,,,,,,,,,,,,,,,,,,,0,0,21,48
2022-12-17,,,,,,,,,,,,,,,0.00013081450798865384,0.0,,,,,,,,,,,,,,,,,,,,,,,,,0.0,0.0,,,,,,,,,,,,,1.53513414665e-05,0.0,0.0073799300266222286,0.0,0.0,0.0,0.00837874122791815,0.0,0.002719348652616971,0.0,,,,,0.00045554395021295556,0.0,0.0084142765651146,0.0,0.16012597415182322,0.0,0.011614047870453812,0.0,0.007287994518669062,0.0,0.04671966036160782,0.0,0.031525825771192666,0.0,0.23517408801449666,0.0,0.35258154736624825,0.0,0.010683938364187826,0.0,,,,,,,,,,,0.0005625846679322,0.0,,,,,,,,,,,,,,,,,,,,,,,,,,,,,,,,,,,,,,,,,,,,,,,,,,,,,,,,,,,,,,,,,,,,,,,,,,,,,,,,,,,,,,,,,,,,,,,,,,,,,,,,,,,,,,,,,,,,,,,,,0.043482725611991305,0.0,0.0,,,,,,,,,,,,,,0.07142713665962215,0.0,0.0009137061618578555,0.0,,,,,,,,,,,0.0,,0.0,,0.0,,,,,,,,,,,,,,,,,,,,,,,,,,,,,,,,,,,,,,,,0,0,21,49
2022-12-24,,,,,,,,,,,,,,,0.00022348260480445882,0.0,,,,,,,,,,,,,,,,,,,,,,,,,6.547597796366667e-05,0.0,,,,,,,,,,,,,0.0007749652344500199,0.0,0.0059280869386651525,0.0,0.00014951281142805558,0.0,0.0062308241065371995,0.0,0.0029568888130597167,0.0,,,,,0.0006448913310818353,0.0,0.007604810464031501,0.0,0.13365333571153523,0.0,0.009036917020292794,0.0,0.0067312256433069125,0.0,0.028177087797838046,0.0,0.0329573487534242,0.0,0.2230308187358519,0.0,0.3717738986015319,0.0,0.009732748692234313,0.0,,,,,,,,,,,0.00068203444243405,0.0,,,,,,,,,,,,,,,,,,,,,,,,,,,,,,,,,,,,,,,,,,,,,,,,,,,,,,,,,,,,,,,,,,,,,,,,,,,,,,,,,,,,,,,,,,,,,,,,,,,,,,,,,,,,,,,,,,,,,,,,,0.045779855812297106,0.0,0.0,,,,,,,,,,,,,,0.11273305468699507,0.0,0.0004288580773087333,0.0,,,,,,,,,,,0.0,,0.0,,0.0001193743300973,2.0,,,,,,,,,,,,,,,,,,,,,,,,,,,,,,,,,,,,,,,0,1,21,50
2022-12-31,,,,,,,,,,,,,,,0.0001401863710270375,0.0,,,,,,,,,,,,,,,,,,,,,,,,,0.0,0.0,,,,,,,,,,,,,0.0001641648034112111,0.0,0.005460968328406975,0.0,0.0003914693438369933,0.0,0.00503846781793975,0.0,0.00272863509599115,0.0,,,,,0.00023664157106390626,0.0,0.0031366631301352377,0.0,0.10609977087005969,0.0,0.011498825158923824,0.0,0.0055558140738866755,0.0,0.029336310690268836,0.0,0.03133807808626439,0.0,0.20325640682131046,0.0,0.380584254860878,0.0,0.012673334591090627,0.0,,,,,,,,,,,0.0014036145585123,0.0,,,,,,,,,,,,,,,,,,,,,,,,,,,,,,,,,,,,,,,,,,,,,,,,,,,,,,,,,,,,,,,,,,,,,,,,,,,,,,,,,,,,,,,,,,,,,,,,,,,,,,,,,,,,,,,,,,,,,,,,,0.041425018571317154,0.0,0.0,,,,,,,,,,,,,,0.1585451671853661,0.0,0.0004615634873819445,0.0,,,,,,,,,,,0.0,,0.0,,0.0001233021612279,0.0,,,,,,,,,,,,,,,,,,,,,,,,,,,,,,,,,,,,,,,0,0,22,51
2023-01-07,,,,,,,,,,,,,,,5.974483065069333e-05,0.0,,,,,,,,,,,,,,,,,,,,,,,,,0.0,0.0,,,,,,,,,,,,,0.0,0.0,0.00406505574161804,0.0,8.662655212289999e-05,0.0,0.004857632207373733,0.0,0.0016132952296174499,0.0,,,,,5.88064503972e-05,0.0,0.0044944596321632,0.0,0.08502998600403464,0.0,0.00682885100444154,0.0,0.004656016888717761,0.0,0.019957685594757354,0.0,0.023394419625401442,0.0,0.17676703830560045,0.0,0.35489982167879736,0.0,0.01650303527712818,0.0,,,,,,,,,,,0.00100714794825755,0.0,,,,,,,,,,,,,,,,,,,,,,,,,,,,,,,,,,,,,,,,,,,,,,,,,,,,,,,,,,,,,,,,,,,,,,,,,,,,,,,,,,,,,,,,,,,,,,,,,,,,,,,,,,,,,,,,,,,,,,,,,0.044267647713422724,0.0,0.0,,,,,,,,,,,,,,0.24632656772931413,0.0,0.0018995921644898999,0.0,,,,,,,,,,,0.00024854776399604287,2.0,0.0,,0.0,0.0,,,,,,,,,,,,,,,,,,,,,,,,,,,,,,,,,,,,,,,0,1,22,52
2023-01-14,,,,,,,,,,,,,,,0.0005971671822147642,0.0,,,,,,,,,,,,,,,,,,,,,,,,,0.0,0.0,,,,,,,,,,,,,0.0007630413303038929,0.0,0.00412151812841845,0.0,2.40199406107e-05,0.0,0.004721612004297057,0.0,0.0017602579477665908,0.0,,,,,0.00013087114452247145,0.0,0.002461802658878891,0.0,0.06613718132887564,0.0,0.0051701328983263855,0.0,0.00194203578867015,0.0,0.016133285659764438,0.0,0.024349467961915835,0.0,0.15355210006237027,0.0,0.31916341398443493,0.0,0.015380099415779063,0.0,,,,,,,,,,,0.001849524647695925,0.0,,,,,,,,,,,,,,,,,,,,,,,,,,,,,,,,,,,,,,,,,,,,,,,,,,,,,,,,,,,,,,,,,,,,,,,,,,,,,,,,,,,,,,,,,,,,,,,,,,,,,,,,,,,,,,,,,,,,,,,,,0.04606742864208557,0.0,0.0,,,,,,,,,,,,,,0.3317062833479473,0.0,0.0026111175927022666,0.0,,,,,,,,,,,6.747203380131428e-05,0.0,5.7653189287475e-05,2.0,3.39963080477e-05,0.0,,,,,,,,,,,,,,,,,,,,,,,,,,,,,,,,,,,,,,,0,1,23,53
2023-01-21,,,,,,,,,,,,,,,0.0,0.0,,,,,,,,,,,,,,,,,,,,,,,,,0.00013726237431486925,0.0,,,,,,,,,,,,,5.6701380951041665e-05,0.0,0.0035284847701684157,0.0,0.0,0.0,0.0037923808066317156,0.0,0.001299887948500118,0.0,,,,,0.0002364732544474846,0.0,0.0020050720001259918,0.0,0.04722841513844633,0.0,0.004308210005267261,0.0,0.00250638255383814,0.0,0.011580663661544085,0.0,0.014435149657611609,0.0,0.12104230889907247,0.0,0.3066738018622765,0.0,0.015002518319166592,0.0,,,,,,,,,,,0.002489435661118425,0.0,,,,,,,,,,,,,,,,,,,,,,,,,,,,,,,,,,,,,,,,,,,,,,,,,,,,,,,,,,,,,,,,,,,,,,,,,,,,,,,,,,,,,,,,,,,,,,,,,,,,,,,,,,,,,,,,,,,,,,,,,0.03593173651741097,0.0,0.0,,,,,,,,,,,,,,0.4223723847132463,0.0,0.004777281752063111,0.0,,,,,,,,,,,0.0007499240122601999,0.0,0.0002321144966117,0.0,0.0,0.0,,,,,,,,,,,,,,,,,,,,,,,,,,,,,,,,,,,,,,,0,0,24,54
2023-01-28,,,,,,,,,,,,,,,7.577828061276666e-05,0.0,,,,,,,,,,,,,,,,,,,,,,,,,0.0,0.0,,,,,,,,,,,,,6.560575942174167e-05,0.0,0.00214574406466755,0.0,0.00012480095999,0.0,0.0025724627582045414,0.0,0.0011950319167226143,0.0,,,,,0.00014398108760355,0.0,0.0016840675380080498,0.0,0.03801705346753196,0.0,0.0034894114748263917,0.0,0.0020133349046642856,0.0,0.0075159872649237,0.0,0.013588037807494352,0.0,0.09562242527802782,0.0,0.2556312282880147,0.0,0.015695890799785606,0.0,,,,,,,,,,,0.004386223736219075,0.0,,,,,,,,,,,,,,,,,,,,,,,,,,,,,,,,,,,,,,,,,,,,,,,,,,,,,,,,,,,,,,,,,,,,,,,,,,,,,,,,,,,,,,,,,,,,,,,,,,,,,,,,,,,,,,,,,,,,,,,,,0.03324992628768083,0.0,9.0355417341875e-05,2.0,,,,,,,,,,,,,0.5151922802130381,0.0,0.006938996155642745,0.0,,,,,,,,,,,0.002293643075972743,0.0,0.00057445176935285,0.0,0.0007203840650618,0.0,,,,,,,,,,,,,,,,,,,,,,,,,,,,,,,,,,,,,,,0,1,24,55
2023-02-04,,,,,,,,,,,,,,,0.0,0.0,,,,,,,,,,,,,,,,,,,,,,,,,0.00023330785916183332,0.0,,,,,,,,,,,,,0.0,0.0,0.0032432411945509092,0.0,0.0,0.0,0.0013540718937292001,0.0,0.0009821429266593728,0.0,,,,,0.0,0.0,0.0005601949524133819,0.0,0.02179130200635299,0.0,0.0013089532836932545,0.0,0.0012534320439126908,0.0,0.00498934946954246,0.0,0.007459208453920709,0.0,0.07474278319965705,0.0,0.20870158889076923,0.0,0.01202325091104609,0.0,,,,,,,,,,,0.006832425016909775,0.0,,,,,,,,,,,,,,,,,,,,,,,,,,,,,,,,,,,,,,,,,,,,,,,,,,,,,,,,,,,,,,,,,,,,,,,,,,,,,,,,,,,,,,,,,,,,,,,,,,,,,,,,,,,,,,,,,,,,,,,,,0.028299562802368897,0.0,0.0,0.0,,,,,,,,,,,,,0.6174514076926492,0.0,0.0061496454291045215,0.0,,,,,,,,,,,0.0031064747766192,0.0,0.0005369130230974,0.0,7.02571487636e-05,0.0,,,,,,,,,,,,,,,,,,,,,,,,,,,,,,,,,,,,,,,0,0,25,56
2023-02-11,,,,,,,,,,,,,,,8.932096388885e-05,0.0,,,,,,,,,,,,,,,,,,,,,,,,,7.329305371964e-05,0.0,,,,,,,,,,,,,0.0,0.0,0.0017959326913114,0.0,0.0,0.0,0.00149560162099072,0.0,0.00041190363117489005,0.0,,,,,0.0,0.0,0.00068375558184921,0.0,0.0194785533472895,0.0,0.0016890287399291299,0.0,0.0016280012321657998,0.0,0.0026213510427623,0.0,0.00869322526268657,0.0,0.04845917969942088,0.0,0.16683198809623714,0.0,0.015096740610897491,0.0,,,,,,,,,,,0.006965821841731625,0.0,,,,,,,,,,,,,,,,,,,,,,,,,,,,,,,,,,,,,,,,,,,,,,,,,,,,,,,,,,,,,,,,,,,,,,,,,,,,,,,,,,,,,,,,,,,,,,,,,,,,,,,,,,,,,,,,,,,,,,,,,0.024684002250432928,0.0,0.0,0.0,,,,,,,,,,,,,0.6880335450172425,0.0,0.009327890868816045,0.0,,,,,,,,,,,0.0027541692501731854,0.0,0.001426344708306675,0.0,0.000504054245539,0.0,,,,,,,,,,,,,,,,,,,,,,,,,,,,,,,,,,,,,,,0,0,25,57
2023-02-18,,,,,,,,,,,,,,,0.00013370611122804444,0.0,,,,,,,,,,,,,,,,,,,,,,,,,0.0,0.0,,,,,,,,,,,,,4.39437191946e-05,0.0,0.002898656465630511,0.0,0.0,0.0,0.0009303809169472334,0.0,0.00035226229617056664,0.0,,,,,0.0,0.0,0.00019405480755565,0.0,0.014867850889762188,0.0,0.0003228478911166143,0.0,0.0,0.0,0.001691209061795589,0.0,0.0027543618343769875,0.0,0.03550653283794716,0.0,0.12820153600639764,0.0,0.01127553472502358,0.0,,,,,,,,,,,0.009555396391078774,0.0,,,,,,,,,,,,,,,,,,,,,,,,,,,,,,,,,,,,,,,,,,,,,,,,,,,,,,,,,,,,,,,,,,,,,,,,,,,,,,,,,,,,,,,,,,,,,,,,,,,,,,,,,,,,,,,,,,,,,,,,,0.0212757824402716,0.0,0.0001150869084085,0.0,,,,,,,,,,,,,0.756831963857015,0.0,0.009975001526375567,0.0,,,,,,,,,,,0.006078035171542771,0.0,0.000580996857024675,0.0,0.0003791799244936,0.0,,,,,,,,,,,,,,,,,,,,,,,,,,,,,,,,,,,,,,,0,0,25,58
2023-02-25,,,,,,,,,,,,,,,0.0,0.0,,,,,,,,,,,,,,,,,,,,,,,,,8.4305926065975e-05,0.0,,,,,,,,,,,,,0.0,0.0,0.003423283662414125,0.0,0.0,0.0,0.001839263582951325,0.0,0.0005450070202641,0.0,,,,,0.0,0.0,0.000251084609772025,0.0,0.010402099927887263,0.0,0.000606797437285375,0.0,0.000553109748579975,0.0,0.0019354246760485126,0.0,0.00326399167533955,0.0,0.02742779999971385,0.0,0.09735436551272864,0.0,0.010699901264160825,0.0,,,,,,,,,,,0.01410321937873955,0.0,,,,,,,,,,,,,,,,,,,,,,,,,,,,,,,,,,,,,,,,,,,,,,,,,,,,,,,,,,,,,,,,,,,,,,,,,,,,,,,,,,,,,,,,,,,,,,,,,,,,,,,,,,,,,,,,,,,,,,,,,0.01878435804974284,0.0,0.000164036820933625,0.0,,,,,,,,,,,,,0.7941879779100418,0.0,0.010823416407220024,0.0,,,,,,,,,,,0.008231103819395772,0.0,0.001080634829122525,0.0,0.0017254066187888,0.0,,,,,,,,,,,,,,,,,,,,,,,,,,,,,,,,,,,,,,,0,0,25,59
2023-03-04,,,,,,,,,,,,,,,0.0,0.0,,,,,,,,,,,,,,,,,,,,,,,,,0.0,0.0,,,,,,,,,,,,,0.0,0.0,0.002305154954748443,0.0,0.0,0.0,0.0007963244736726285,0.0,0.0008143217336119857,0.0,,,,,0.00018291146677381427,0.0,0.00014107394755612858,0.0,0.005257080641708157,0.0,0.00041959689198322854,0.0,0.0003601194309469429,0.0,0.0008257955747207,0.0,0.003901129788053829,0.0,0.019535743631422468,0.0,0.07589233773095261,0.0,0.011911280187112901,0.0,,,,,,,,,,,0.014774231938645174,0.0,,,,,,,,,,,,,,,,,,,,,,,,,,,,,,,,,,,,,,,,,,,,,,,,,,,,,,,,,,,,,,,,,,,,,,,,,,,,,,,,,,,,,,,,,,,,,,,,,,,,,,,,,,,,,,,,,,,,,,,,,0.018702440229909727,0.0,0.001143559755291725,0.0,,,,,,,,,,,,,0.8159489716802325,0.0,0.0170099924185446,0.0,,,,,,,,,,,0.011445737177772114,0.0,0.004039212712086675,0.0,0.0015740754315629,0.0,,,,,,,,,,,,,,,,,,,,,,,,,,,,,,,,,,,,,,,0,0,25,60
2023-03-11,,,,,,,,,,,,,,,0.0,0.0,,,,,,,,,,,,,,,,,,,,,,,,,0.0,0.0,,,,,,,,,,,,,0.0,0.0,0.0015947416929217,0.0,0.0,0.0,0.00044808755046683336,0.0,0.0002006482912595833,0.0,,,,,0.0,0.0,0.00048325172004595003,0.0,0.005428181495517451,0.0,0.0003395148014532833,0.0,0.0001741208223393,0.0,0.0019319721419984333,0.0,0.0019111532601527167,0.0,0.0128845078870654,0.0,0.05709540968139962,0.0,0.00718240680483475,0.0,,,,,,,,,,,0.018060031812638003,0.0,,,,,,,,,,,,,,,,,,,,,,,,,,,,,,,,,,,,,,,,,,,,,,,,,,,,,,,,,,,,,,,,,,,,,,,,,,,,,,,,,,,,,,,,,,,,,,,,,,,,,,,,,,,,,,,,,,,,,,,,,0.018381634727120347,0.0,0.0040841513934234,0.0,,,,,,,,,,,,,0.8358230491479238,0.0,0.017010951414704267,0.0,,,,,,,,,,,0.01503277616575355,0.0,0.00392196641769255,0.0,0.0011124499142169,0.0,,,,,,,,,,,,,,,,,,,,,,,,,,,,,,,,,,,,,,,0,0,25,61
2023-03-18,,,,,,,,,,,,,,,0.00012558630114648,0.0,,,,,,,,,,,,,,,,,,,,,,,,,0.0,0.0,,,,,,,,,,,,,0.0,0.0,0.0008847039134707,0.0,0.0,0.0,0.0008519825176335399,0.0,0.00027588547673069997,0.0,,,,,0.00035652760416264004,0.0,0.0,0.0,0.0034574977587907797,0.0,0.0,0.0,0.0,0.0,0.00088288742117578,0.0,0.0019869046285748,0.0,0.01620835736393924,0.0,0.0426151685416698,0.0,0.0108234021812677,0.0,,,,,,,,,,,0.012364118592813575,0.0,,,,,,,,,,,,,,,,,,,,,,,,,,,,,,,,,,,,,,,,,,,,,,,,,,,,,,,,,,,,,,,,,,,,,,,,,,,,,,,,,,,,,,,,,,,,,,,,,,,,,,,,,,,,,,,,,,,,,,,,,0.01913607530295846,0.0,0.007512352312914975,0.0,,,,,,,,,,,,,0.8407583355903625,0.0,0.01457759290933604,0.0,,,,,,,,,,,0.02200638055801384,0.0,0.006175238755531575,0.0,0.0024429319892078,0.0,,,,,,,,,,,,,,,,,,,,,,,,,,,,,,,,,,,,,,,0,0,25,62
2023-03-25,,,,,,,,,,,,,,,0.0,0.0,,,,,,,,,,,,,,,,,,,,,,,,,0.0,0.0,,,,,,,,,,,,,0.000741214520530725,0.0,0.000364649298717225,0.0,0.0002958788342463333,0.0,9.5511950348675e-05,0.0,0.000153051194502,0.0,,,,,0.0,0.0,0.0,0.0,0.002872185432352075,0.0,0.0,0.0,0.0,0.0,0.00062770582735535,0.0,0.002659588528331325,0.0,0.0096526201814413,0.0,0.03622283972799775,0.0,0.008844217518344475,0.0,,,,,,,,,,,0.012811893830075825,0.0,,,,,,,,,,,,,,,,,,,,,,,,,,,,,,,,,,,,,,,,,,,,,,,,,,,,,,,,,,,,,,,,,,,,,,,,,,,,,,,,,,,,,,,,,,,,,,,,,,,,,,,,,,,,,,,,,,,,,,,,,0.022532043047249276,0.0,0.011182062793523025,0.0,,,,,,,,,,,,,0.8249311149120331,0.0,0.019126060418784577,0.0,,,,,,,,,,,0.0300966678187251,0.0,0.010881948983296676,0.0,0.0039775050245225,0.0,,,,,,,,,,,,,,,,,,,,,,,,,,,,,,,,,,,,,,,0,0,25,63
2023-04-01,,,,,,,,,,,,,,,0.0,0.0,,,,,,,,,,,,,,,,,,,,,,,,,0.0,0.0,,,,,,,,,,,,,0.0,0.0,0.00022526398242913334,0.0,0.0,0.0,0.0003507296205498,0.0,0.0,0.0,,,,,0.0,0.0,0.0,0.0,0.0017348885691414,0.0,0.0,0.0,0.0,0.0,0.00015582852938673334,0.0,0.000130126150907,0.0,0.004699497794111533,0.0,0.018740439166625267,0.0,0.0124688791111111,0.0,,,,,,,,,,,0.0105845630168914,0.0,,,,,,,,,,,,,,,,,,,,,,,,,,,,,,,,,,,,,,,,,,,,,,,,,,,,,,,,,,,,,,,,,,,,,,,,,,,,,,,,,,,,,,,,,,,,,,,,,,,,,,,,,,,,,,,,,,,,,,,,,0.023339528590440698,0.0,0.019446373606721534,0.0,,,,,,,,,,,,,0.8414655725161234,0.0,0.018881373728315,0.0,,,,,,,,,,,0.032517691453297894,0.0,0.009789131271342367,0.0,0.0069922069087624,0.0,,,,,,,,,,,,,,,,,,,,,,,,,,,,,,,,,,,,,,,0,0,25,64
2023-04-08,,,,,,,,,,,,,,,4.822238770425e-05,0.0,,,,,,,,,,,,,,,,,,,,,,,,,0.0,0.0,,,,,,,,,,,,,0.0,0.0,0.00044415336742525,0.0,0.0,0.0,0.00024410853802685,0.0,0.0,0.0,,,,,0.0,0.0,0.0,0.0,0.000779539666837,0.0,0.00015869109120100002,0.0,0.0,0.0,0.0,0.0,0.0007167458534240001,0.0,0.00466576160397375,0.0,0.01875386945903295,0.0,0.00995164411142465,0.0,,,,,,,,,,,0.0104355397634208,0.0,,,,,,,,,,,,,,,,,,,,,,,,,,,,,,,,,,,,,,,,,,,,,,,,,,,,,,,,,,,,,,,,,,,,,,,,,,,,,,,,,,,,,,,,,,,,,,,,,,,,,,,,,,,,,,,,,,,,,,,,,0.0220762118697166,0.0,0.0273417476564645,0.0,,,,,,,,,,,,,0.8181178271770477,0.0,0.01590798003599045,0.0,,,,,,,,,,,0.0462557412683963,0.0,0.0159785402938723,0.0,0.0080417450517416,0.0,,,,,,,,,,,,,,,,,,,,,,,,,,,,,,,,,,,,,,,0,0,25,65
2023-04-15,,,,,,,,,,,,,,,0.00035018926540606723,0.0,,,,,,,,,,,,,,,,,,,,,,,,,0.0,0.0,,,,,,,,,,,,,0.0,0.0,0.0005196820367762163,0.0,0.00015273947078221637,0.0,0.0003741893791646055,0.0,0.0,0.0,0.0,,,,0.0,0.0,4.763952004460769e-05,0.0,0.0014055638023736255,0.0,0.00013525243292938728,0.0,7.985867692195091e-05,0.0,1.4456584636362265e-05,0.0,0.0011795882939953236,0.0,0.00528882260180328,0.0,0.017053402045910954,0.0,0.008133125466040544,0.0,0.0020518889376783607,1.0,0.0,,0.0,,0.0012958843166975193,2.0,0.0005781941696719604,2.0,0.014243767732246303,0.0,0.0021666285890834633,2.0,0.0,,0.0004910181905870063,2.0,0.0,,0.0,,0.0,,0.0,,4.806106679437298e-05,1.0,0.0,,0.0,,0.0,,0.0,,0.0,,0.0,,0.0,,0.0,,0.0,,0.0,,0.0,,0.0,,0.0,,0.0,,0.0,,0.0,,0.0,,0.0,,0.0,,0.0,,0.0,,0.0,,0.0,,0.0,,0.0,,0.0,,0.0,,0.0,,0.0,,0.0,,0.0,,0.0,,0.0,,0.0,,0.0,,0.0,,0.0,,0.0,,0.0,,0.0,,0.0,,0.0,,0.0,,,,,,,,0.0,,,,,,,,,,,,0.021691177040338464,0.0,0.023415821214968463,0.0,0.009515345458769088,2.0,9.994671245289167e-05,2.0,0.0,,0.0,,0.0001658791837090196,2.0,0.0,,0.7842109269566007,0.0,0.021561032940040886,0.0,0.007593366572246752,2.0,0.001091047044039894,2.0,0.003589790820394808,2.0,0.00010192860933477084,2.0,0.0011007402790709818,2.0,0.04120985350825566,0.0,0.01564859644594513,0.0,0.009887745299122506,0.0,0.0,,0.0,,0.0,,0.0,,0.0,,0.0,,0.0,,0.0,,0.0,,,,,,,,,,,,,,,,,,,,,,2,12,25,0
2023-04-22,,,,,,,,,,,,,,,0.0003634561213904456,0.0,,,,,,,,,,,,,,,,,,,,,,,,,0.0,0.0,,,,,,,,,,,,,0.0005888974839380106,0.0,0.0012920861352828036,0.0,0.0003570463983043656,0.0,0.0005484046638382824,0.0,0.00010744118917497751,0.0,0.0,,,,0.0,0.0,2.3819760022303844e-05,0.0,0.0017745132757168414,0.0,0.00015685140945659827,0.0,3.992933846097546e-05,0.0,7.228292318181132e-06,0.0,0.0007313065862604813,0.0,0.003862497526960192,0.0,0.012762959466330135,0.0,0.008412600766792093,0.0,0.001966320452979378,0.0,0.0,,0.00015857234059994896,2.0,0.0029401324561778627,0.0,0.000598485984482926,0.0,0.013367877694110176,0.0,0.0028835179187947967,0.0,0.0,,0.0003532984842422094,0.0,0.0,,0.0,,0.0,,0.0,,2.403053339718649e-05,0.0,0.0,,0.0,,0.0,,0.0,,0.0,,0.0,,0.0,,0.0,,0.0,,0.0,,0.0,,0.0,,0.0,,0.0,,0.0,,0.0,,0.0,,0.0,,0.0,,0.0,,0.0,,0.0,,0.0,,0.0,,0.0,,0.0,,0.0,,0.0,,0.0,,0.0,,0.0,,0.0,,0.0,,0.0,,0.0,,0.0,,0.0,,0.0,,0.0,,0.0,,0.0,,0.0,,0.0,,,,,,,,0.0,,,,,,,,,,,,0.026210973936098544,0.0,0.033024895793259706,0.0,0.012602621439361413,0.0,0.00036305797849909893,0.0,0.0,,0.0,,0.00021970111593672158,0.0,2.4178213211773914e-05,2.0,0.7545275345996574,0.0,0.019574251553350977,0.0,0.008517632985768683,0.0,0.001863815141476495,0.0,0.0047752451165041475,0.0,0.00047065741296132706,0.0,0.0008135920978383589,0.0,0.048690060849743616,0.0,0.019053637985804818,0.0,0.013961457891659361,0.0,0.0002599766842049713,2.0,0.0,,0.0,,0.0,,0.0,,0.0,,0.0,,0.0,,0.0,,,,,,,,,,,,,,,,,,,,,,0,3,39,1
2023-04-29,,,,,,,,,,,,,,,0.00037672297737482405,0.0,,,,,,,,,,,,,,,,,,,,,,,,,0.0,0.0,,,,,,,,,,,,,0.001177794967876021,0.0,0.0020644902337893906,0.0,0.0005613533258265149,0.0,0.0007226199485119593,0.0,0.00021488237834995502,0.0,0.0,,,,0.0,0.0,0.0,0.0,0.0021434627490600575,0.0,0.00017845038598380926,0.0,0.0,0.0,0.0,0.0,0.0002830248785256389,0.0,0.002436172452117104,0.0,0.008472516886749314,0.0,0.00869207606754364,0.0,0.0018807519682803957,0.0,0.0,,0.0003171446811998979,0.0,0.004584380595658206,0.0,0.0006187777992938916,0.0,0.01249198765597405,0.0,0.0036004072485061305,0.0,0.0,,0.00021557877789741252,0.0,0.0,,0.0,,0.0,,0.0,,0.0,0.0,0.0,,0.0,,0.0,,0.0,,0.0,,0.0,,0.0,,0.0,,0.0,,0.0,,0.0,,0.0,,0.0,,0.0,,0.0,,0.0,,0.0,,0.0,,0.0,,0.0,,0.0,,0.0,,0.0,,0.0,,0.0,,0.0,,0.0,,0.0,,0.0,,0.0,,0.0,,0.0,,0.0,,0.0,,0.0,,0.0,,0.0,,0.0,,0.0,,0.0,,0.0,,0.0,,0.0,,,,,,,,0.0,,,,,,,,,,,,0.030730770831858628,0.0,0.04263397037155094,0.0,0.01568989741995374,0.0,0.0006261692445453062,0.0,0.0,,0.0,,0.00027352304816442353,0.0,4.835642642354783e-05,0.0,0.7248441422427142,0.0,0.01758747016666107,0.0,0.009441899399290615,0.0,0.002636583238913096,0.0,0.005960699412613487,0.0,0.0008393862165878833,0.0,0.000526443916605736,0.0,0.056170268191231575,0.0,0.022458679525664507,0.0,0.018035170484196214,0.0,0.0005199533684099426,0.0,0.0,,0.0,,0.0,,0.0,,0.0,,0.0,,0.0,,0.0,,,,,,,,,,,,,,,,,,,,,,0,0,42,2
2023-05-06,,,,,,,,,,,,,,,0.00024074386555167522,0.0,,,,,,,,,,,,,,,,,,,,,,,,,6.498597549406038e-05,0.0,,,,,,,,,,,,,0.0005888974839380106,0.0,0.0016294410253746255,0.0,0.00028067666291325743,0.0,0.0006919266097108786,0.0,0.00010744118917497751,0.0,0.0,,,,2.8797421726000942e-05,0.0,0.0,0.0,0.0018595475991058203,0.0,0.00013862651817983198,0.0,0.0,0.0,2.7628667234774038e-05,0.0,0.0006848112787707732,0.0,0.001743026307262835,0.0,0.008389865421637287,0.0,0.008397231268475807,0.0,0.0030990941860380644,0.0,0.0,,0.00047121419326377187,0.0,0.004693762967900246,0.0,0.0011308260770116333,0.0,0.009302548950977783,0.0,0.005241805192154711,0.0,6.635816739893265e-05,2.0,0.0006385511580143531,0.0,0.0,,0.0,,0.0,,0.0,,0.0,0.0,0.0,,0.0,,0.0,,0.0,,0.0,,0.0,,0.0,,0.0,,0.0,,0.0,,0.0,,0.0,,0.0,,0.0,,0.0,,0.0,,0.0,,0.0,,0.0,,0.0,,0.0,,1.947151440615e-05,1.0,0.0,,0.0,,0.0,,0.0,,0.0,,0.0,,0.0,,0.0,,0.0,,0.0,,0.0,,0.0,,0.0,,0.0,,0.0,,0.0,,0.0,,0.0,,0.0,,0.0,,0.0,,,,,,,,0.0,,,,,,,,,,,,0.03404549576126029,0.0,0.05358282953649131,0.0,0.020928834942133642,0.0,0.0013185174878647364,0.0,0.0,,0.0,,0.001819211850113954,0.0,0.0004041557622367431,0.0,0.6767689767082116,0.0,0.018812840046253006,0.0,0.010532164937412346,0.0,0.002633371417794107,0.0,0.006077116677680796,0.0,0.002056002015983645,0.0,0.0025697615963872038,0.0,0.06847662156920259,0.0,0.027503066841033867,0.0,0.022097407129822888,0.0,0.0007382346715955968,0.0,0.0,,0.0,,0.0,,0.0,,0.0,,0.0,,0.0,,0.0,,,,,,,,,,,,,,,,,,,,,,1,1,42,0
2023-05-13,,,,,,,,,,,,,,,0.00010476475372852641,0.0,,,,,,,,,,,,,,,,,,,,,,,,,0.00012997195098812076,0.0,,,,,,,,,,,,,0.0,0.0,0.0011943918169598604,0.0,0.0,0.0,0.0006612332709097981,0.0,0.0,0.0,0.0,,,,5.7594843452001884e-05,0.0,0.0,0.0,0.001575632449151583,0.0,9.880265037585471e-05,0.0,0.0,0.0,5.5257334469548076e-05,0.0,0.0010865976790159074,0.0,0.001049880162408566,0.0,0.00830721395652526,0.0,0.008102386469407974,0.0,0.004317436403795734,0.0,0.0,,0.0006252837053276458,0.0,0.004803145340142286,0.0,0.0016428743547293751,0.0,0.006113110245981517,0.0,0.006883203135803292,0.0,0.0001327163347978653,0.0,0.0010615235381312936,0.0,0.0,,0.0,,0.0,,0.0,,0.0,0.0,0.0,,0.0,,0.0,,0.0,,0.0,,0.0,,0.0,,0.0,,0.0,,0.0,,0.0,,0.0,,0.0,,0.0,,0.0,,0.0,,0.0,,0.0,,0.0,,0.0,,0.0,,3.89430288123e-05,0.0,0.0,,0.0,,0.0,,0.0,,0.0,,0.0,,0.0,,0.0,,0.0,,0.0,,0.0,,0.0,,0.0,,0.0,,0.0,,0.0,,0.0,,0.0,,0.0,,0.0,,0.0,,,,,,,,0.0,,,,,,,,,,,,0.03736022069066196,0.0,0.06453168870143167,0.0,0.02616777246431355,0.0,0.0020108657311841667,0.0,0.0,,0.0,,0.0033649006520634845,0.0,0.0007599550980499383,0.0,0.6286938111737089,0.0,0.020038209925844937,0.0,0.011622430475534079,0.0,0.0026301595966751177,0.0,0.006193533942748104,0.0,0.0032726178153794066,0.0,0.004613079276168672,0.0,0.0807829749471736,0.0,0.03254745415640323,0.0,0.026159643775449562,0.0,0.0009565159747812511,0.0,0.0,,0.0,,0.0,,0.0,,0.0,,0.0,,0.0,,0.0,,,,,,,,,,,,,,,,,,,,,,0,0,44,1
2023-05-20,,,,,,,,,,,,,,,5.2382376864263206e-05,0.0,,,,,,,,,,,,,,,,,,,,,,,,,6.498597549406038e-05,0.0,,,,,,,,,,,,,0.0,0.0,0.0009881358979216667,0.0,0.0002107883813620577,0.0,0.00033061663545489903,0.0,0.0,0.0,0.0,,,,2.8797421726000942e-05,0.0,0.0,0.0,0.0019747889402796067,0.0,0.00013605737996640044,0.0,0.00019076554259903669,0.0,0.0002323575684105644,0.0,0.0008443421359690989,0.0,0.000821427194555457,0.0,0.005515475909064068,0.0,0.00786216850995712,0.0,0.00747247473062833,0.0,0.0,,0.0019012177976130255,0.0,0.007919842426259113,0.0,0.0017010848326511003,0.0,0.0043775289662171405,0.0,0.00971229554118154,0.0,0.0005823980682179765,0.0,0.0014562531620564301,0.0,0.0,,0.0,,0.00036277340776801894,2.0,0.0,,0.0,0.0,0.0,,0.0,,0.0,,0.0,,0.0,,0.0,,0.0,,0.0,,0.0,,0.0,,0.0,,0.0,,0.0,,0.0,,0.0,,0.0,,0.0,,0.0,,0.0,,0.0,,0.0,,1.947151440615e-05,0.0,0.0,,0.0,,0.0,,0.0,,0.0,,0.0,,0.0,,0.0,,0.0,,0.0,,0.0,,0.0,,0.0,,0.0,,0.0,,0.0,,0.0,,0.0,,0.0,,0.0,,0.0,,,,,,,,0.0,,,,,,,,,,,,0.045252834110830274,0.0,0.07769001521445881,0.0,0.039153964028265195,0.0,0.0020954290812369002,0.0,0.0,,0.0,,0.00450025737860838,0.0,0.0009176390848686755,0.0,0.5586564444189321,0.0,0.01791215034205791,0.0,0.014492904143245684,0.0,0.006610772741374109,0.0,0.00843436470201521,0.0,0.0032841366349247543,0.0,0.003722322416142513,0.0,0.08874358370337843,0.0,0.03406414168607033,0.0,0.04183377060804008,0.0,0.0009039480689952202,0.0,0.0,,0.0,,0.0,,0.0,,0.0,,0.0,,0.0,,0.0,,,,,,,,,,,,,,,,,,,,,,0,1,44,2
2023-05-27,,,,,,,,,,,,,,,0.0,0.0,,,,,,,,,,,,,,,,,,,,,,,,,0.0,0.0,,,,,,,,,,,,,0.0,0.0,0.0007818799788834731,0.0,0.0004215767627241154,0.0,0.0,0.0,0.0,0.0,0.0,,,,0.0,0.0,0.0,0.0,0.0023739454314076307,0.0,0.00017331210955694615,0.0,0.00038153108519807337,0.0,0.00040945780235158074,0.0,0.0006020865929222904,0.0,0.0005929742267023481,0.0,0.0027237378616028754,0.0,0.007621950550506264,0.0,0.010627513057460927,0.0,0.0,,0.003177151889898405,0.0,0.01103653951237594,0.0,0.0017592953105728252,0.0,0.0026419476864527635,0.0,0.012541387946559786,0.0,0.0010320798016380877,0.0,0.0018509827859815667,0.0,0.0,,0.0,,0.0007255468155360379,0.0,0.0,,0.0,0.0,0.0,,0.0,,0.0,,0.0,,0.0,,0.0,,0.0,,0.0,,0.0,,0.0,,0.0,,0.0,,0.0,,0.0,,0.0,,0.0,,0.0,,0.0,,0.0,,0.0,,0.0,,0.0,0.0,0.0,,0.0,,0.0,,0.0,,0.0,,0.0,,0.0,,0.0,,0.0,,0.0,,0.0,,0.0,,0.0,,0.0,,0.0,,0.0,,0.0,,0.0,,0.0,,0.0,,0.0,,,,,,,,0.0,,,,,,,,,,,,0.05314544753099859,0.0,0.09084834172748597,0.0,0.052140155592216846,0.0,0.0021799924312896333,0.0,0.0,,0.0,,0.005635614105153274,0.0,0.0010753230716874127,0.0,0.48861907766415524,0.0,0.015786090758270886,0.0,0.01736337781095729,0.0,0.0105913858860731,0.0,0.010675195461282315,0.0,0.003295655454470102,0.0,0.002831565556116354,0.0,0.09670419245958325,0.0,0.03558082921573744,0.0,0.05750789744063061,0.0,0.0008513801632091893,0.0,0.0,,0.0,,0.0,,0.0,,0.0,,0.0,,0.0,,0.0,,,,,,,,,,,,,,,,,,,,,,0,0,45,3
2023-06-03,,,,,,,,,,,,,,,2.7774569389275e-05,0.0,,,,,,,,,,,,,,,,,,,,,,,,,0.0,0.0,,,,,,,,,,,,,5.189177610036979e-05,0.0,0.0004970906321550233,0.0,0.0003167899664194629,0.0,3.190595271005098e-05,0.0,0.0,0.0,0.0,,,,0.0,0.0,0.0,0.0,0.0014209451826620164,0.0,8.665605477847308e-05,0.0,0.00019076554259903669,0.0,0.00020472890117579037,0.0,0.0009743748918066481,0.0,0.0007475313615353381,0.0,0.003317186496972702,0.0,0.008722094781637041,0.0,0.02307258670528725,0.0,0.0,,0.0046377034017588805,0.0,0.007588936864340164,0.0,0.004043564097325189,0.0,0.0019972588999800523,0.0,0.01142156310590207,0.0,0.0015144259223419387,0.0,0.0036859123732331488,0.0,0.0002427003405913909,2.0,0.0,,0.0009121389160604834,0.0,0.0,,0.0,0.0,0.0,,0.0,,0.0,,0.0,,0.0,,0.0,,0.0,,0.0,,0.0,,0.0,,0.0,,0.0,,0.0,,0.0,,0.0,,0.0,,0.0,,0.0,,0.0,,0.0,,0.0,,0.0,0.0,0.0,,0.0,,0.0,,0.0,,0.0,,0.0,,0.0,,0.0,,0.0,,0.0,,0.0,,0.0,,0.0,,0.0,,0.0,,0.0,,0.0,,0.0,,0.0,,0.0,,0.0,,,,,,,,0.0,,,,,,,,,,,,0.05361863647743516,0.0,0.10207487905586238,0.0,0.05906292652081957,0.0,0.0026383016702311093,0.0,0.00045885745979222113,2.0,0.0,,0.008899203859561753,0.0,0.0014594435293048564,0.0,0.4383461044070228,0.0,0.014461304838270411,0.0,0.01671851094043774,0.0,0.0116309532895684,0.0,0.011007222113765288,0.0,0.005104398365148877,0.0,0.006515551404884912,0.0,0.09283329999329992,0.0,0.03943377458890769,0.0,0.06631455964050609,0.0,0.0007743808209271436,0.0,0.0,,0.0,,0.0,,0.0,,0.0,,0.0,,0.0,,0.0,,,,,,,,,,,,,,,,,,,,,,0,2,45,4
2023-06-10,,,,,,,,,,,,,,,5.554913877855e-05,0.0,,,,,,,,,,,,,,,,,,,,,,,,,0.0,0.0,,,,,,,,,,,,,0.00010378355220073958,0.0,0.0002123012854265735,0.0,0.0002120031701148104,0.0,6.381190542010196e-05,0.0,0.0,0.0,0.0,,,,0.0,0.0,0.0,0.0,0.000467944933916402,0.0,0.0,0.0,0.0,0.0,0.0,0.0,0.0013466631906910059,0.0,0.0009020884963683281,0.0,0.003910635132342528,0.0,0.00982223901276782,0.0,0.03551766035311357,0.0,0.0,,0.0060982549136193555,0.0,0.004141334216304388,0.0,0.006327832884077554,0.0,0.0013525701135073409,0.0,0.010301738265244352,0.0,0.00199677204304579,0.0,0.005520841960484731,0.0,0.0004854006811827818,0.0,0.0,,0.0010987310165849289,0.0,0.0,,0.0,0.0,0.0,,0.0,,0.0,,0.0,,0.0,,0.0,,0.0,,0.0,,0.0,,0.0,,0.0,,0.0,,0.0,,0.0,,0.0,,0.0,,0.0,,0.0,,0.0,,0.0,,0.0,,0.0,0.0,0.0,,0.0,,0.0,,0.0,,0.0,,0.0,,0.0,,0.0,,0.0,,0.0,,0.0,,0.0,,0.0,,0.0,,0.0,,0.0,,0.0,,0.0,,0.0,,0.0,,0.0,,,,,,,,0.0,,,,,,,,,,,,0.054091825423871726,0.0,0.11330141638423878,0.0,0.0659856974494223,0.0,0.0030966109091725854,0.0,0.0009177149195844423,0.0,0.0,,0.012162793613970234,0.0,0.0018435639869223,0.0,0.3880731311498904,0.0,0.013136518918269936,0.0,0.016073644069918187,0.0,0.0126705206930637,0.0,0.01133924876624826,0.0,0.006913141275827652,0.0,0.01019953725365347,0.0,0.0889624075270166,0.0,0.043286719962077946,0.0,0.07512122184038157,0.0,0.0006973814786450979,0.0,0.0,,0.0,,0.0,,0.0,,0.0,,0.0,,0.0,,0.0,,,,,,,,,,,,,,,,,,,,,,0,0,47,5
2023-06-17,,,,,,,,,,,,,,,2.7774569389275e-05,0.0,,,,,,,,,,,,,,,,,,,,,,,,,0.0,0.0,,,,,,,,,,,,,5.189177610036979e-05,0.0,0.00035395188029212015,0.0,0.0004071184145625702,0.0,3.190595271005098e-05,0.0,0.0,0.0,0.0,,,,0.0,0.0,0.0,0.0,0.0007276689758873079,0.0,0.0,0.0,0.0,0.0,0.0,0.0,0.0013969255765835559,0.0,0.0008850730460835141,0.0,0.002970516019267916,0.0,0.0119906847706685,0.0,0.04057996946003502,0.0,0.0,,0.006354646893062887,0.0,0.004937796481050659,0.0,0.008523444223101199,0.0,0.0032713609483396664,0.0,0.008635854229933586,0.0,0.002844159680238045,0.0,0.006753250245108325,0.0,0.0002427003405913909,0.0,0.0004451727882648278,2.0,0.001886525375690879,0.0,0.0,,0.0005202453651624281,0.0,0.0002470481427042441,2.0,0.0,,0.0,,0.0,,0.0,,0.0,,0.0,,0.0,,0.0,,0.0,,0.0,,0.0,,0.0,,0.0,,0.0,,0.0,,0.0,,0.0,,0.0,,0.0,,0.0,,0.0,0.0,0.0,,0.0,,0.0,,0.0,,0.0,,0.0,,0.0,,0.0,,0.0,,0.0,,0.0,,0.0,,0.0,,0.0,,0.0,,0.0,,0.0,,0.0,,0.0,,0.0,,0.0,,,,,,,,0.0,,,,,,,,,,,,0.05366108187732572,0.0,0.12369002836299875,0.0,0.06710942854045648,0.0,0.003035519764428748,0.0,0.0007001125224632633,0.0,0.00026150413453392504,2.0,0.016129646524786902,0.0,0.005354021839132164,0.0,0.344318541142286,0.0,0.009785517667909362,0.0,0.013714362821523444,0.0,0.008452090967912185,0.0,0.01069730842409992,0.0,0.007637961450456711,0.0,0.011623398616844992,0.0,0.0972106600392098,0.0,0.04293019736514368,0.0,0.0784302499890327,0.0,0.0016419572583547819,0.0,0.0,,0.0,,0.0,,0.0,,0.0,,0.0,,0.0,,0.0,,,,,,,,,,,,,,,,,,,,,,0,3,47,6
2023-06-24,,,,,,,,,,,,,,,0.0,0.0,,,,,,,,,,,,,,,,,,,,,,,,,0.0,0.0,,,,,,,,,,,,,0.0,0.0,0.0004956024751576667,0.0,0.00060223365901033,0.0,0.0,0.0,0.0,0.0,0.0,,,,0.0,0.0,0.0,0.0,0.0009873930178582139,0.0,0.0,0.0,0.0,0.0,0.0,0.0,0.0014471879624761061,0.0,0.0008680575957987,0.0,0.002030396906193304,0.0,0.014159130528569177,0.0,0.04564227856695647,0.0,0.0,,0.006611038872506418,0.0,0.005734258745796929,0.0,0.010719055562124845,0.0,0.005190151783171992,0.0,0.00696997019462282,0.0,0.0036915473174303,0.0,0.00798565852973192,0.0,0.0,0.0,0.0008903455765296556,0.0,0.002674319734796829,0.0,0.0,,0.0010404907303248562,0.0,0.0004940962854084882,0.0,0.0,,0.0,,0.0,,0.0,,0.0,,0.0,,0.0,,0.0,,0.0,,0.0,,0.0,,0.0,,0.0,,0.0,,0.0,,0.0,,0.0,,0.0,,0.0,,0.0,,0.0,0.0,0.0,,0.0,,0.0,,0.0,,0.0,,0.0,,0.0,,0.0,,0.0,,0.0,,0.0,,0.0,,0.0,,0.0,,0.0,,0.0,,0.0,,0.0,,0.0,,0.0,,0.0,,,,,,,,0.0,,,,,,,,,,,,0.05323033833077971,0.0,0.1340786403417587,0.0,0.06823315963149067,0.0,0.0029744286196849105,0.0,0.00048251012534208444,0.0,0.0005230082690678501,0.0,0.02009649943560357,0.0,0.008864479691342029,0.0,0.30056395113468165,0.0,0.006434516417548789,0.0,0.0113550815731287,0.0,0.0042336612427606715,0.0,0.010055368081951578,0.0,0.008362781625085771,0.0,0.013047259980036514,0.0,0.105458912551403,0.0,0.04257367476820942,0.0,0.08173927813768384,0.0,0.002586533038064466,0.0,0.0,,0.0,,0.0,,0.0,,0.0,,0.0,,0.0,,0.0,,,,,,,,,,,,,,,,,,,,,,0,0,50,7
2023-07-01,,,,,,,,,,,,,,,0.0,0.0,,,,,,,,,,,,,,,,,,,,,,,,,0.0,0.0,,,,,,,,,,,,,0.0,0.0,0.0006402699865018548,0.0,0.000301116829505165,0.0,0.0,0.0,0.0,0.0,0.0,,,,0.0,0.0,0.0,0.0,0.0007633307408327079,0.0,0.0,0.0,0.0,0.0,0.0,0.0,0.0008315842199062755,0.0,0.0010361144472773112,0.0,0.0016334021910406867,0.0,0.012664190924593338,0.0,0.061016768868632415,0.0,0.0,,0.00809664968730188,0.0,0.005455901937093539,0.0,0.008603048702636203,0.0,0.003382445052479892,0.0,0.010555313957037769,0.0,0.009247524005702959,0.0,0.007222010600818354,0.0,0.0,0.0,0.002312017651274751,0.0,0.0054385406663640815,0.0,0.0,,0.001332774251687561,0.0,0.0002470481427042441,0.0,0.00018194452932218498,2.0,0.0,,0.0,,0.0,,0.0,,0.0,,0.0,,0.0,,0.0,,0.0,,0.0,,0.0,,0.0,,0.0,,0.0,,0.0,,0.0,,0.0,,0.0,,0.0,,0.0,0.0,0.0,,0.0,,0.0,,0.0,,0.0,,0.0,,0.0,,0.0,,0.0,,0.0,,0.0,,0.0,,0.0,,0.0,,0.0,,0.0,,0.0,,0.0,,0.0,,0.0,,0.0,,,,,,,,0.0,,,,,,,,,,,,0.05319185581590443,0.0,0.1328298696997214,0.0,0.0709760313998071,0.0,0.0063273976095113565,0.0,0.00032329653137513664,0.0,0.0005102225611488251,0.0,0.0333646043796776,0.0,0.010241136785634725,0.0,0.2605930911460701,0.0,0.005350217950252544,0.0,0.016170443073675315,0.0,0.0040592733110604825,0.0,0.010733247785712809,0.0,0.010379152556803653,0.0,0.016374979811826618,0.0,0.09583167802922574,0.0,0.040898799295632164,0.0,0.08487118201292287,0.0,0.002702469248919037,0.0,0.0,,0.0,,0.0,,0.0,,0.0,,0.0,,0.0,,0.0,,,,,,,,,,,,,,,,,,,,,,0,1,50,8
2023-07-08,,,,,,,,,,,,,,,0.0,0.0,,,,,,,,,,,,,,,,,,,,,,,,,0.0,0.0,,,,,,,,,,,,,0.0,0.0,0.0007849374978460429,0.0,0.0,0.0,0.0,0.0,0.0,0.0,0.0,,,,0.0,0.0,0.0,0.0,0.000539268463807202,0.0,0.0,0.0,0.0,0.0,0.0,0.0,0.0002159804773364449,0.0,0.0012041712987559223,0.0,0.0012364074758880693,0.0,0.011169251320617501,0.0,0.07639125917030837,0.0,0.0,,0.009582260502097342,0.0,0.00517754512839015,0.0,0.006487041843147561,0.0,0.0015747383217877917,0.0,0.014140657719452719,0.0,0.014803500693975617,0.0,0.006458362671904789,0.0,0.0,0.0,0.0037336897260198468,0.0,0.008202761597931334,0.0,0.0,,0.001625057773050266,0.0,0.0,0.0,0.00036388905864436996,0.0,0.0,,0.0,,0.0,,0.0,,0.0,,0.0,,0.0,,0.0,,0.0,,0.0,,0.0,,0.0,,0.0,,0.0,,0.0,,0.0,,0.0,,0.0,,0.0,,0.0,0.0,0.0,,0.0,,0.0,,0.0,,0.0,,0.0,,0.0,,0.0,,0.0,,0.0,,0.0,,0.0,,0.0,,0.0,,0.0,,0.0,,0.0,,0.0,,0.0,,0.0,,0.0,,,,,,,,0.0,,,,,,,,,,,,0.05315337330102915,0.0,0.13158109905768411,0.0,0.07371890316812355,0.0,0.009680366599337803,0.0,0.00016408293740818888,0.0,0.0004974368532298,0.0,0.04663270932375164,0.0,0.011617793879927424,0.0,0.22062223115745852,0.0,0.0042659194829563,0.0,0.020985804574221934,0.0,0.003884885379360294,0.0,0.01141112748947404,0.0,0.012395523488521534,0.0,0.019702699643616723,0.0,0.08620444350704849,0.0,0.03922392382305491,0.0,0.08800308588816191,0.0,0.0028184054597736085,0.0,0.0,,0.0,,0.0,,0.0,,0.0,,0.0,,0.0,,0.0,,,,,,,,,,,,,,,,,,,,,,0,0,51,9
2023-07-15,,,,,,,,,,,,,,,0.00020827401173541144,0.0,,,,,,,,,,,,,,,,,,,,,,,,,0.0,0.0,,,,,,,,,,,,,0.0,0.0,0.0005593597434013038,0.0,0.0,0.0,0.0,0.0,0.0,0.0,0.0,,,,0.0,0.0,0.0,0.0,0.000721884787912524,0.0,0.00020702125323660543,0.0,0.0,0.0,0.0,0.0,0.00046571229792666935,0.0,0.0011111380673126132,0.0,0.0008276067908047676,0.0,0.011703306524958863,0.0,0.09666217993596427,0.0,0.0,,0.012301012541275361,0.0,0.003759982321450129,0.0,0.007992268547427621,0.0,0.0014156594419743771,0.0,0.013523046985184426,0.0,0.027469436096369565,0.0,0.009086652955141779,0.0,0.001503763659539692,0.0,0.004867523331712469,0.0,0.00868883001514602,0.0,0.0,,0.0030715358530249946,0.0,0.0,0.0,0.000535329637412829,0.0,0.0,,0.0,,0.0,,0.0,,0.0,,0.0,,0.0,,0.0,,0.0,,0.0,,0.0,,0.0,,0.0,,0.0,,0.0,,0.0,,0.0,,0.0,,0.0,,0.0,0.0,0.0,,0.0,,0.0,,0.0,,0.0,,0.0,,0.0,,0.0,,0.0,,0.0,,0.0,,0.0,,0.0,,0.0,,0.0,,0.0,,0.0,,0.0,,0.0,,0.0,,0.0,,,,,,,,0.0,,,,,,,,,,,,0.051204535760916714,0.0,0.13432390971083924,0.0,0.06877084199076222,0.0,0.012392348139249531,0.0,0.0012513192920272445,0.0,0.00036241708872497373,0.0,0.045520122644497785,0.0,0.009622910372080587,0.0,0.193776286159623,0.0,0.0036974022417173673,0.0,0.021971319684898113,0.0,0.004787329621581299,0.0,0.011523831311044133,0.0,0.010468866637286994,0.0,0.018704335984724783,0.0,0.07566859107068577,0.0,0.03374174973083224,0.0,0.08954493815972636,0.0,0.004113170650212952,0.0,0.0,,0.0,,0.0,,0.0,,0.0,,0.0,,0.0,,0.0,,,,,,,,,,,,,,,,,,,,,,0,0,51,10
2023-07-22,,,,,,,,,,,,,,,0.00041654802347082287,0.0,,,,,,,,,,,,,,,,,,,,,,,,,0.0,0.0,,,,,,,,,,,,,0.0,0.0,0.0003337819889565646,0.0,0.0,0.0,0.0,0.0,0.0,0.0,0.0,,,,0.0,0.0,0.0,0.0,0.0009045011120178458,0.0,0.00041404250647321085,0.0,0.0,0.0,0.0,0.0,0.0007154441185168938,0.0,0.0010181048358693043,0.0,0.00041880610572146584,0.0,0.012237361729300225,0.0,0.11693310070162015,0.0,0.0,,0.015019764580453383,0.0,0.0023424195145101082,0.0,0.009497495251707682,0.0,0.0012565805621609625,0.0,0.012905436250916133,0.0,0.04013537149876351,0.0,0.011714943238378767,0.0,0.003007527319079384,0.0,0.006001356937405091,0.0,0.009174898432360705,0.0,0.0,,0.004518013932999723,0.0,0.0,0.0,0.000706770216181288,0.0,0.0,,0.0,,0.0,,0.0,,0.0,,0.0,,0.0,,0.0,,0.0,,0.0,,0.0,,0.0,,0.0,,0.0,,0.0,,0.0,,0.0,,0.0,,0.0,,0.0,0.0,0.0,,0.0,,0.0,,0.0,,0.0,,0.0,,0.0,,0.0,,0.0,,0.0,,0.0,,0.0,,0.0,,0.0,,0.0,,0.0,,0.0,,0.0,,0.0,,0.0,,0.0,,,,,,,,0.0,,,,,,,,,,,,0.049255698220804285,0.0,0.1370667203639944,0.0,0.06382278081340088,0.0,0.01510432967916126,0.0,0.0023385556466463,0.0,0.00022739732422014737,0.0,0.04440753596524393,0.0,0.007628026864233751,0.0,0.16693034116178748,0.0,0.003128885000478435,0.0,0.022956834795574296,0.0,0.005689773863802305,0.0,0.011636535132614229,0.0,0.008542209786052453,0.0,0.017705972325832844,0.0,0.06513273863432305,0.0,0.028259575638609577,0.0,0.09108679043129081,0.0,0.005407935840652296,0.0,0.0,,0.0,,0.0,,0.0,,0.0,,0.0,,0.0,,0.0,,,,,,,,,,,,,,,,,,,,,,0,0,51,11
2023-07-29,,,,,,,,,,,,,,,0.0003395237338200582,0.0,,,,,,,,,,,,,,,,,,,,,,,,,0.0,0.0,,,,,,,,,,,,,0.0,0.0,0.00022915308323093655,0.0,0.0004129274277650362,0.0,0.0,0.0,0.0,0.0,0.00014059198292668291,2.0,,,0.0,0.0,0.0,0.0,0.00048181141235230693,0.0,0.0002904334774925363,0.0,0.0,0.0,0.0,0.0,0.0004022939913118784,0.0,0.000607678856879049,0.0,0.0002549458737508536,0.0,0.010233682826952297,0.0,0.13318492360380046,0.0,4.069140528657237e-05,2.0,0.015688106839558232,0.0,0.002540509956570933,0.0,0.007641860438718787,0.0,0.0008306908618275078,0.0,0.010469682291744501,0.0,0.04917481150279966,0.0,0.01145542833556958,0.0,0.003600919161478686,0.0,0.006893742425988071,0.0,0.008492220736419111,0.0,0.0,,0.007613555354838942,0.0,0.00044402857782272376,0.0,0.0008248885805230262,0.0,0.0,,0.0,,0.0,,0.0,,0.0,,0.0,,0.0,,0.0,,0.0,,0.0,,0.0,,0.0,,0.0,,0.0,,0.0,,0.0,,0.0,,0.0,,0.0,,0.0,0.0,0.0,,0.0,,0.0,,0.0,,0.0,,0.0,,0.0,,0.0,,0.0,,0.0,,0.0,,0.0,,0.0,,0.0,,0.0,,0.0,,0.0,,0.0,,0.0,,0.0,,0.0,,,,,,,,0.0,,,,,,,,,,,,0.052980481476047364,0.0,0.12676055754818916,0.0,0.06724278017439286,0.0,0.017760256934475027,0.0,0.0030963161494582366,0.0,0.0007317384900631882,0.0,0.0531363527204656,0.0,0.009608633004362262,0.0,0.14075852144866227,0.0,0.002851452996107173,0.0,0.019541395573830514,0.0,0.005159078278175857,0.0,0.011815621404072999,0.0,0.009518778576608038,0.0,0.017831340035653113,0.0,0.06027558349247965,0.0,0.025760155168266137,0.0,0.09242500824001712,0.0,0.006033842892762458,0.0,0.0,,0.0,,0.0,,0.0,,0.0,,0.0,,0.0,,0.0,,,,,,,,,,,,,,,,,,,,,,0,2,51,12
2023-08-05,,,,,,,,,,,,,,,0.0002624994441692936,0.0,,,,,,,,,,,,,,,,,,,,,,,,,0.0,0.0,,,,,,,,,,,,,0.0,0.0,0.0001245241775053085,0.0,0.0008258548555300723,0.0,0.0,0.0,0.0,0.0,0.00028118396585336583,0.0,,,0.0,0.0,0.0,0.0,5.9121712686768086e-05,0.0,0.0001668244485118617,0.0,0.0,0.0,0.0,0.0,8.914386410686305e-05,0.0,0.00019725287788879362,0.0,9.108564178024131e-05,0.0,0.00823000392460437,0.0,0.14943674650598077,0.0,8.138281057314474e-05,0.0,0.016356449098663083,0.0,0.0027386003986317577,0.0,0.005786225625729891,0.0,0.0004048011614940532,0.0,0.00803392833257287,0.0,0.05821425150683581,0.0,0.011195913432760394,0.0,0.004194311003877988,0.0,0.007786127914571049,0.0,0.0078095430404775176,0.0,0.0,,0.01070909677667816,0.0,0.0008880571556454475,0.0,0.0009430069448647644,0.0,0.0,,0.0,,0.0,,0.0,,0.0,,0.0,,0.0,,0.0,,0.0,,0.0,,0.0,,0.0,,0.0,,0.0,,0.0,,0.0,,0.0,,0.0,,0.0,,0.0,0.0,0.0,,0.0,,0.0,,0.0,,0.0,,0.0,,0.0,,0.0,,0.0,,0.0,,0.0,,0.0,,0.0,,0.0,,0.0,,0.0,,0.0,,0.0,,0.0,,0.0,,0.0,,,,,,,,0.0,,,,,,,,,,,,0.05670526473129044,0.0,0.11645439473238393,0.0,0.07066277953538484,0.0,0.020416184189788793,0.0,0.0038540766522701733,0.0,0.001236079655906229,0.0,0.061865169475687265,0.0,0.011589239144490773,0.0,0.11458670173553706,0.0,0.0025740209917359106,0.0,0.01612595635208673,0.0,0.004628382692549409,0.0,0.01199470767553177,0.0,0.010495347367163623,0.0,0.01795670774547338,0.0,0.055418428350636255,0.0,0.0232607346979227,0.0,0.09376322604874343,0.0,0.00665974994487262,0.0,0.0,,0.0,,0.0,,0.0,,0.0,,0.0,,0.0,,0.0,,,,,,,,,,,,,,,,,,,,,,0,0,53,13
2023-08-12,,,,,,,,,,,,,,,0.0001312497220846468,0.0,,,,,,,,,,,,,,,,,,,,,,,,,0.0,0.0,,,,,,,,,,,,,0.0,0.0,0.00021627019682741425,0.0,0.0004129274277650362,0.0,0.0,0.0,0.0,0.0,0.00035988582562928293,0.0,,,0.0,0.0,0.0,0.0,8.134138155743078e-05,0.0,8.341222425593085e-05,0.0,0.0,0.0,0.0,0.0,4.457193205343152e-05,0.0,0.0004354095377883555,0.0,0.00019753908124288768,0.0,0.007319567399347108,0.0,0.16724700022361322,0.0,0.00019336394363654867,0.0,0.015594261673224783,0.0,0.0021240026458527006,0.0,0.005785477398718063,0.0,0.00027321596565377986,0.0,0.005805031339986008,0.0,0.06351295189895799,0.0,0.012402578575793292,0.0,0.005962626315356942,0.0,0.00814941914027759,0.0,0.009104458009824108,0.0,0.0006214037037517796,2.0,0.019911709534061142,0.0,0.0006193234120949702,0.0,0.0016483501362103857,0.0,0.0,,0.0,,0.0,,0.0,,0.0,,0.0,,0.0,,0.0,,0.0,,0.0,,0.0,,0.0,,0.0,,0.0,,0.0,,0.0,,0.0,,0.0,,0.0,,0.0,0.0,0.0,,0.0,,0.0,,0.0,,0.0,,0.0,,0.0,,0.0,,0.0,,0.0,,0.0,,0.0,,0.0,,0.0,,0.0,,0.0,,0.0,,0.0,,0.0,,0.0,,0.0,,,,,,,,0.0,,,,,,,,,,,,0.053482495791086604,0.0,0.1103256675798125,0.0,0.07018566287702477,0.0,0.022691650307503766,0.0,0.00684701698159587,0.0,0.001118544178193775,0.0,0.07004224602219185,0.0,0.01138681881714625,0.0,0.0970915944059616,0.0,0.0018563498509320423,0.0,0.014747094608081678,0.0,0.0042181850641351045,0.0,0.010669726419850967,0.0,0.011794137035278516,0.0,0.01680652923631295,0.0,0.047866319221764014,0.0,0.0198240457031579,0.0,0.0909410691479777,0.0,0.005133874335570588,0.0,0.0,,0.0,,0.0,,0.0,,0.0,,0.0,,0.0,,0.0,,,,,,,,,,,,,,,,,,,,,,0,1,53,14
2023-08-19,,,,,,,,,,,,,,,0.0,0.0,,,,,,,,,,,,,,,,,,,,,,,,,0.0,0.0,,,,,,,,,,,,,0.0,0.0,0.00030801621614952,0.0,0.0,0.0,0.0,0.0,0.0,0.0,0.00043858768540520004,0.0,,,0.0,0.0,0.0,0.0,0.00010356105042809348,0.0,0.0,0.0,0.0,0.0,0.0,0.0,0.0,0.0,0.0006735661976879174,0.0,0.0003039925207055341,0.0,0.006409130874089847,0.0,0.18505725394124567,0.0,0.00030534507669995265,0.0,0.014832074247786481,0.0,0.0015094048930736435,0.0,0.005784729171706234,0.0,0.00014163076981350652,0.0,0.0035761343473991454,0.0,0.06881165229108017,0.0,0.013609243718826191,0.0,0.007730941626835897,0.0,0.00851271036598413,0.0,0.010399372979170698,0.0,0.0012428074075035592,0.0,0.029114322291444127,0.0,0.0003505896685444929,0.0,0.0023536933275560066,0.0,0.0,,0.0,,0.0,,0.0,,0.0,,0.0,,0.0,,0.0,,0.0,,0.0,,0.0,,0.0,,0.0,,0.0,,0.0,,0.0,,0.0,,0.0,,0.0,,0.0,0.0,0.0,,0.0,,0.0,,0.0,,0.0,,0.0,,0.0,,0.0,,0.0,,0.0,,0.0,,0.0,,0.0,,0.0,,0.0,,0.0,,0.0,,0.0,,0.0,,0.0,,0.0,,,,,,,,0.0,,,,,,,,,,,,0.050259726850882765,0.0,0.10419694042724108,0.0,0.06970854621866471,0.0,0.02496711642521874,0.0,0.009839957310921566,0.0,0.001001008700481321,0.0,0.07821932256869643,0.0,0.011184398489801727,0.0,0.07959648707638613,0.0,0.0011386787101281739,0.0,0.013368232864076623,0.0,0.0038079874357208002,0.0,0.009344745164170165,0.0,0.013092926703393409,0.0,0.01565635072715252,0.0,0.04031421009289177,0.0,0.0163873567083931,0.0,0.08811891224721198,0.0,0.0036079987262685556,0.0,0.0,,0.0,,0.0,,0.0,,0.0,,0.0,,0.0,,0.0,,,,,,,,,,,,,,,,,,,,,,0,0,54,15
2023-08-26,,,,,,,,,,,,,,,2.738917072643889e-05,0.0,,,,,,,,,,,,,,,,,,,,,,,,,1.1980432039588887e-05,0.0,,,,,,,,,,,,,0.0,0.0,0.00029746786660523336,0.0,0.0,0.0,0.0,0.0,0.0,0.0,0.0014149653082911732,0.0,,,0.0,0.0,0.0,0.0,5.178052521404674e-05,0.0,0.0,0.0,0.0,0.0,2.0579955970666665e-05,0.0,0.0,0.0,0.00041830279698600536,0.0,0.0003302991940603158,0.0,0.00522502366996676,0.0,0.19992385637644983,0.0,0.0006097388564069342,0.0,0.0140854846535403,0.0,0.0012287003307598328,0.0,0.004248844960355544,0.0,0.00014205708407880881,0.0,0.0028998188495122828,0.0,0.07672655428197356,0.0,0.01675032004534041,0.0,0.00895149921151719,0.0,0.009371786937117526,0.0,0.013235514911098565,0.0,0.0021920829775890853,0.0,0.036216114383586746,0.0,0.0013212356792618287,0.0,0.0037124291727585,0.0,0.00011601800112500001,2.0,2.4035535716366666e-05,1.0,0.0,,0.0,,0.0,,0.0,,0.0,,0.0,,0.0,,0.0,,0.0,,0.0,,0.0,,0.0,,0.0,,0.0,,0.0,,0.0,,0.0,,0.0,0.0,0.0,,0.0,,0.0,,0.0,,0.0,,0.0,,0.0,,0.0,,0.0,,0.0,,0.0,,0.0,,0.0,,0.0,,0.0,,0.0,,0.0,,0.0,,0.0,,0.0,,0.0,,,,,,,,0.0,,,,,,,,,,,,0.04408304150337754,0.0,0.0944233770495739,0.0,0.05942290713425703,0.0,0.0283122779063628,0.0,0.01146781286224718,0.0,0.000984608475272004,0.0,0.08547366909178843,0.0,0.011184574917840587,0.0,0.06800841129056494,0.0,0.0009201947436133203,0.0,0.0107711053066459,0.0,0.00326342537300655,0.0,0.008939082742385196,0.0,0.012343944805777683,0.0,0.013963465283035392,0.0,0.036929494085843104,0.0,0.015719332594811362,0.0,0.08691659121085762,0.0,0.0034557828576200003,0.0,0.0,,0.0,,0.0,,0.0,,0.0,,0.0,,0.0,,0.0,,,,,,,,,,,,,,,,,,,,,,1,1,54,0
2023-09-02,,,,,,,,,,,,,,,5.477834145287778e-05,0.0,,,,,,,,,,,,,,,,,,,,,,,,,2.3960864079177775e-05,0.0,,,,,,,,,,,,,0.0,0.0,0.0002869195170609467,0.0,0.0,0.0,0.0,0.0,0.0,0.0,0.0023913429311771465,0.0,,,0.0,0.0,0.0,0.0,0.0,0.0,0.0,0.0,0.0,0.0,4.115991194133333e-05,0.0,0.0,0.0,0.00016303939628409334,0.0,0.0003566058674150976,0.0,0.004040916465843671,0.0,0.21479045881165396,0.0,0.0009141326361139158,0.0,0.013338895059294118,0.0,0.0009479957684460222,0.0,0.0027129607490048537,0.0,0.0001424833983441111,0.0,0.00222350335162542,0.0,0.08464145627286696,0.0,0.01989139637185463,0.0,0.010172056796198486,0.0,0.010230863508250922,0.0,0.01607165684302643,0.0,0.0031413585476746113,0.0,0.04331790647572937,0.0,0.0022918816899791645,0.0,0.005071165017960993,0.0,0.00023203600225000002,0.0,4.807107143273333e-05,0.0,0.0,,0.0,,0.0,,0.0,,0.0,,0.0,,0.0,,0.0,,0.0,,0.0,,0.0,,0.0,,0.0,,0.0,,0.0,,0.0,,0.0,,0.0,0.0,0.0,,0.0,,0.0,,0.0,,0.0,,0.0,,0.0,,0.0,,0.0,,0.0,,0.0,,0.0,,0.0,,0.0,,0.0,,0.0,,0.0,,0.0,,0.0,,0.0,,0.0,,,,,,,,0.0,,,,,,,,,,,,0.0379063561558723,0.0,0.08464981367190674,0.0,0.04913726804984935,0.0,0.03165743938750686,0.0,0.013095668413572797,0.0,0.0009682082500626869,0.0,0.09272801561488042,0.0,0.01118475134587945,0.0,0.05642033550474375,0.0,0.0007017107770984668,0.0,0.008173977749215173,0.0,0.0027188633102923,0.0,0.008533420320600225,0.0,0.011594962908161957,0.0,0.012270579838918263,0.0,0.033544778078794434,0.0,0.015051308481229625,0.0,0.08571427017450328,0.0,0.0033035669889714446,0.0,0.0,,0.0,,0.0,,0.0,,0.0,,0.0,,0.0,,0.0,,,,,,,,,,,,,,,,,,,,,,0,0,56,1
2023-09-09,,,,,,,,,,,,,,,8.916139388493549e-05,0.0,,,,,,,,,,,,,,,,,,,,,,,,,1.1980432039588887e-05,0.0,,,,,,,,,,,,,0.0,0.0,0.0007528717475198984,0.0,0.0,0.0,0.0,0.0,0.0,0.0,0.002099977067742802,0.0,,,0.0,0.0,0.0,0.0,0.0,0.0,0.0,0.0,0.0,0.0,2.0579955970666665e-05,0.0,0.0,0.0,0.0001843252307893626,0.0,0.00019216487314124993,0.0,0.0047861099193775266,0.0,0.22277654763499288,0.0,0.0012441796777573329,0.0,0.012403751210064925,0.0,0.0008024730418738918,0.0,0.0023621628000542096,0.0,0.00015076560594387488,0.0,0.0015604914021101577,0.0,0.09429721670093558,0.0,0.019046341871014852,0.0,0.010512062835253045,0.0,0.00953987801654466,0.0,0.016653174130866873,0.0,0.005889892816247197,0.0,0.062487537592574166,0.0,0.0034456717493455595,0.0,0.007233762902961553,0.0,0.0003079980682430683,0.0,9.576751999697543e-05,0.0,0.0,,0.0,,0.0,,0.0,,0.0,,0.0,,0.0,,0.0,,0.0,,0.0,,0.0,,0.0,,0.0,,0.0,,0.0,,0.0,,0.0,,0.0,0.0,0.0,,0.0,,0.0,,0.0,,0.0,,0.0,,0.0,,0.0,,0.0,,0.0,,0.0,,0.0,,0.0,,0.0,,0.0,,0.0,,0.0,,0.0,,0.0,,0.0,,0.0,,,,,,,,0.0,,,,,,,,,,,,0.037596947428854985,0.0,0.07476160762775119,0.0,0.042043769056673556,0.0,0.03476095414729879,0.0,0.014669442772771175,0.0,0.000801990147202083,0.0,0.09535201126051066,0.0,0.009908318950211336,0.0,0.04755986403636254,0.0,0.0012433758976802926,0.0,0.007408299168214298,0.0,0.002208525664173,0.0,0.00898560844785106,0.0,0.01017796629592959,0.0,0.010546921490164745,0.0,0.028371297783980266,0.0,0.012451767303152996,0.0,0.07599300996146414,0.0,0.003172753968292494,0.0,0.0,,0.0,,0.0,,0.0,,0.0,,0.0,,0.0,,0.0,,,,,,,,,,,,,,,,,,,,,,0,0,56,2
2023-09-16,,,,,,,,,,,,,,,0.0001235444463169932,0.0,,,,,,,,,,,,,,,,,,,,,,,,,0.0,0.0,,,,,,,,,,,,,0.0,0.0,0.00121882397797885,0.0,0.0,0.0,0.0,0.0,0.0,0.0,0.0018086112043084579,0.0,,,0.0,0.0,0.0,0.0,0.0,0.0,0.0,0.0,0.0,0.0,0.0,0.0,0.0,0.0,0.00020561106529463184,0.0,2.7723878867402274e-05,0.0,0.005531303372911382,0.0,0.23076263645833184,0.0,0.00157422671940075,0.0,0.01146860736083573,0.0,0.0006569503153017614,0.0,0.002011364851103565,0.0,0.00015904781354363865,0.0,0.0008974794525948953,0.0,0.10395297712900418,0.0,0.018201287370175075,0.0,0.010852068874307603,0.0,0.008848892524838397,0.0,0.01723469141870732,0.0,0.008638427084819782,0.0,0.08165716870941896,0.0,0.004599461808711955,0.0,0.009396360787962113,0.0,0.0003839601342361366,0.0,0.0001434639685612175,0.0,0.0,,0.0,,0.0,,0.0,,0.0,,0.0,,0.0,,0.0,,0.0,,0.0,,0.0,,0.0,,0.0,,0.0,,0.0,,0.0,,0.0,,0.0,0.0,0.0,,0.0,,0.0,,0.0,,0.0,,0.0,,0.0,,0.0,,0.0,,0.0,,0.0,,0.0,,0.0,,0.0,,0.0,,0.0,,0.0,,0.0,,0.0,,0.0,,0.0,,,,,,,,0.0,,,,,,,,,,,,0.037287538701837666,0.0,0.06487340158359566,0.0,0.03495027006349776,0.0,0.03786446890709071,0.0,0.016243217131969554,0.0,0.000635772044341479,0.0,0.09797600690614089,0.0,0.008631886554543222,0.0,0.03869939256798133,0.0,0.0017850410182621184,0.0,0.006642620587213422,0.0,0.0016981880180537,0.0,0.009437796575101893,0.0,0.00876096968369722,0.0,0.008823263141411226,0.0,0.023197817489166103,0.0,0.009852226125076368,0.0,0.06627174974842501,0.0,0.003041940947613543,0.0,0.0,,0.0,,0.0,,0.0,,0.0,,0.0,,0.0,,0.0,,,,,,,,,,,,,,,,,,,,,,0,0,56,3
2023-09-23,,,,,,,,,,,,,,,7.60393974235966e-05,0.0,,,,,,,,,,,,,,,,,,,,,,,,,0.0,0.0,,,,,,,,,,,,,2.8154453805934523e-05,0.0,0.0007802335833751099,0.0,0.0,0.0,4.041965335738571e-05,0.0,0.0,0.0,0.0023119157867448436,0.0,,,0.0,0.0,2.9496810511326745e-05,0.0,0.0001778657315298625,0.0,0.0,0.0,0.0,0.0,0.0,0.0,6.795241642975e-05,0.0,0.00010280553264731592,0.0,1.3861939433701137e-05,0.0,0.006708458707378394,0.0,0.23223589440654116,0.0,0.0020835515077985145,0.0,0.011073589667305695,0.0,0.0004147864210973342,0.0,0.0016972572328847173,0.0,7.952390677181932e-05,0.0,0.0006573958474754326,0.0,0.1062601547073927,0.0,0.016627301673166582,0.0,0.012676955349881142,0.0,0.009370549137942271,0.0,0.019541219515769235,0.0,0.011439283676721085,0.0,0.10234597605509368,0.0,0.008869713443952255,0.0,0.011311744805425357,0.0,0.0022857834127953443,0.0,0.0002928669942775287,0.0,0.0,,0.0,,0.0,,0.0,,0.0,,0.0,,0.0,,0.0,,0.0,,0.0,,0.0,,0.0,,0.0,,0.0,,0.0,,0.0,,0.0,,0.0,0.0,0.0,,0.0,,0.0,,0.0,,0.0,,0.0,,0.0,,0.0,,0.0,,0.0,,0.0,,0.0,,0.0,,0.0,,0.0,,0.0,,0.0,,0.0,,0.0,,0.0,,0.0,,,,,,,,0.0,,,,,,,,,,,,0.03524161528906215,0.0,0.05651622273650086,0.0,0.030510977444181818,0.0,0.03303516690912662,0.0,0.01620583778127125,0.0,0.0011902753467438276,0.0,0.09664681640081496,0.0,0.006327289908023678,0.0,0.03429641912102569,0.0,0.0010851746502314173,0.0,0.004631438807784601,0.0,0.0015278287302312233,0.0,0.007223690969251192,0.0,0.010181124933235234,0.0,0.007326734255965811,0.0,0.020255663054630932,0.0,0.009064386671863801,0.0,0.060675032334461226,0.0,0.0034505844682412214,0.0,0.0,,0.0,,0.0,,0.0,,0.0,,0.0,,0.0,,0.0,,,,,,,,,,,,,,,,,,,,,,0,0,56,4
2023-09-30,,,,,,,,,,,,,,,2.85343485302e-05,0.0,,,,,,,,,,,,,,,,,,,,,,,,,0.0,0.0,,,,,,,,,,,,,5.630890761186905e-05,0.0,0.0003416431887713698,0.0,0.0,0.0,8.083930671477142e-05,0.0,0.0,0.0,0.002815220369181229,0.0,,,0.0,0.0,5.899362102265349e-05,0.0,0.000355731463059725,0.0,0.0,0.0,0.0,0.0,0.0,0.0,0.0001359048328595,0.0,0.0,0.0,0.0,0.0,0.007885614041845406,0.0,0.23370915235475048,0.0,0.002592876296196279,0.0,0.01067857197377566,0.0,0.00017262252689290698,0.0,0.0013831496146658698,0.0,0.0,0.0,0.0004173122423559698,0.0,0.10856733228578119,0.0,0.01505331597615809,0.0,0.014501841825454682,0.0,0.009892205751046145,0.0,0.02184774761283115,0.0,0.014240140268622388,0.0,0.12303478340076841,0.0,0.013139965079192552,0.0,0.013227128822888599,0.0,0.004187606691354552,0.0,0.00044227001999384,0.0,0.0,,0.0,,0.0,,0.0,,0.0,,0.0,,0.0,,0.0,,0.0,,0.0,,0.0,,0.0,,0.0,,0.0,,0.0,,0.0,,0.0,,0.0,0.0,0.0,,0.0,,0.0,,0.0,,0.0,,0.0,,0.0,,0.0,,0.0,,0.0,,0.0,,0.0,,0.0,,0.0,,0.0,,0.0,,0.0,,0.0,,0.0,,0.0,,0.0,,,,,,,,0.0,,,,,,,,,,,,0.03319569187628664,0.0,0.04815904388940606,0.0,0.02607168482486587,0.0,0.028205864911162528,0.0,0.016168458430572945,0.0,0.0017447786491461763,0.0,0.09531762589548905,0.0,0.004022693261504133,0.0,0.02989344567407005,0.0,0.00038530828220071625,0.0,0.002620257028355781,0.0,0.0013574694424087464,0.0,0.005009585363400491,0.0,0.011601280182773246,0.0,0.005830205370520395,0.0,0.017313508620095765,0.0,0.008276547218651235,0.0,0.055078314920497445,0.0,0.0038592279888689,0.0,0.0,,0.0,,0.0,,0.0,,0.0,,0.0,,0.0,,0.0,,,,,,,,,,,,,,,,,,,,,,0,0,56,5
2023-10-07,,,,,,,,,,,,,,,1.42671742651e-05,0.0,,,,,,,,,,,,,,,,,,,,,,,,,0.0,0.0,,,,,,,,,,,,,2.8154453805934523e-05,0.0,0.0027747946235670345,0.0,0.0,0.0,4.041965335738571e-05,0.0,0.0,0.0,0.0031278298255831647,0.0,,,6.909410045147262e-05,0.0,9.11422477539446e-05,0.0,0.0001778657315298625,0.0,0.0,0.0,0.0,0.0,0.0,0.0,6.795241642975e-05,0.0,9.218820530408784e-05,0.0,2.0800031398655954e-05,0.0,0.00675844223055971,0.0,0.22701178442847686,0.0,0.0032418609541644276,0.0,0.01048190922400025,0.0,0.00026141439078747846,0.0,0.001455743119806667,0.0,0.0,0.0,0.0004508880706356861,0.0,0.10459657415442354,0.0,0.014140119177937989,0.0,0.015693808793877165,0.0,0.00991286035752948,0.0,0.020331632297440637,0.0,0.020869452792507518,0.0,0.14905605890096088,0.0,0.013991652156359329,0.0,0.01690775694857746,0.0,0.005713261815262197,0.0,0.0008844772073643564,0.0,0.0,,0.0,,0.0,,0.0,,0.0,,0.0,,0.0,,0.0,,0.0,,0.0,,0.0,,0.0,,0.0,,0.0,,0.0,,0.0,,0.0,,0.0,0.0,0.0,,0.0,,0.0,,0.0,,0.0,,6.952111471035e-05,2.0,0.0,,0.0,,0.0,,0.0,,0.0,,0.0,,0.0,,0.0,,0.0,,0.0,,0.0,,0.0,,0.0,,0.0,,0.0,,,,,,,,0.0,,,,,,,,,,,,0.028950699020263718,0.0,0.043913672549251916,0.0,0.023287331148598336,0.0,0.03281247011743737,0.0,0.014594189988465667,0.0,0.0014216109381154868,0.0,0.09007295742754717,0.0,0.005076751811429817,0.0,0.026538896630698583,0.0,0.00019265414110035813,0.0,0.0021237070690061192,0.0,0.0009870176651595923,0.0,0.00487863437266415,0.0,0.011315939939711792,0.0,0.0042555966858126605,0.0,0.0171468681176239,0.0,0.007080982451338446,0.0,0.04850919448986133,0.0,0.0026385215654347836,0.0,0.0,,0.0,,0.0,,0.0,,0.0,,0.0,,0.0,,0.0,,,,,,,,,,,,,,,,,,,,,,0,1,56,6
2023-10-14,,,,,,,,,,,,,,,0.0,0.0,,,,,,,,,,,,,,,,,,,,,,,,,0.0,0.0,,,,,,,,,,,,,0.0,0.0,0.0052079460583627,0.0,0.0,0.0,0.0,0.0,0.0,0.0,0.0034404392819850998,0.0,,,0.00013818820090294524,0.0,0.0001232908744852357,0.0,0.0,0.0,0.0,0.0,0.0,0.0,0.0,0.0,0.0,0.0,0.00018437641060817567,0.0,4.160006279731191e-05,0.0,0.005631270419274014,0.0,0.2203144165022032,0.0,0.0038908456121325764,0.0,0.010285246474224838,0.0,0.00035020625468204996,0.0,0.0015283366249474644,0.0,0.0,0.0,0.0004844638989154024,0.0,0.10062581602306589,0.0,0.013226922379717888,0.0,0.01688577576229965,0.0,0.009933514964012815,0.0,0.018815516982050123,0.0,0.027498765316392646,0.0,0.17507733440115333,0.0,0.014843339233526107,0.0,0.02058838507426632,0.0,0.0072389169391698415,0.0,0.0013266843947348727,0.0,0.0,,0.0,,0.0,,0.0,,0.0,,0.0,,0.0,,0.0,,0.0,,0.0,,0.0,,0.0,,0.0,,0.0,,0.0,,0.0,,0.0,,0.0,0.0,0.0,,0.0,,0.0,,0.0,,0.0,,0.0001390422294207,0.0,0.0,,0.0,,0.0,,0.0,,0.0,,0.0,,0.0,,0.0,,0.0,,0.0,,0.0,,0.0,,0.0,,0.0,,0.0,,,,,,,,0.0,,,,,,,,,,,,0.024705706164240795,0.0,0.03966830120909777,0.0,0.020502977472330798,0.0,0.037419075323712206,0.0,0.013019921546358388,0.0,0.0010984432270847973,0.0,0.0848282889596053,0.0,0.0061308103613555,0.0,0.02318434758732711,0.0,0.0,0.0,0.0016271571096564573,0.0,0.0006165658879104381,0.0,0.00474768338192781,0.0,0.011030599696650337,0.0,0.002680988001104926,0.0,0.016980227615152037,0.0,0.005885417684025658,0.0,0.041940074059225216,0.0,0.0014178151420006667,0.0,0.0,,0.0,,0.0,,0.0,,0.0,,0.0,,0.0,,0.0,,,,,,,,,,,,,,,,,,,,,,0,0,57,7
2023-10-21,,,,,,,,,,,,,,,0.0,0.0,,,,,,,,,,,,,,,,,,,,,,,,,0.0,0.0,,,,,,,,,,,,,0.0,0.0,0.0029685567296393704,0.0,0.0,0.0,0.0,0.0,0.0,0.0,0.005683724797421597,0.0,,,6.909410045147262e-05,0.0,6.164543724261786e-05,0.0,0.00038431990904469395,0.0,0.0,0.0,0.0,0.0,0.0,0.0,0.0,0.0,0.000162684774470893,0.0,4.068872600010961e-05,0.0,0.005096693255513446,0.0,0.2118524657854427,0.0,0.0049431178700423475,0.0,0.009113523151571882,0.0,0.00035215412588615787,0.0,0.0008921879226309359,0.0,0.0,0.0,0.00030431797088936334,0.0,0.09451647771524563,0.0,0.012286715030466761,0.0,0.016898010179733552,0.0,0.008329456797276293,0.0,0.018631971878206158,0.0,0.031144890634063907,0.0,0.20302597687306023,0.0,0.025328666197285264,0.0,0.022026104964510546,0.0,0.01142967453726176,0.0,0.003407541284589819,0.0,0.0,,0.0,,0.0,,0.0,,0.0,,0.0,,0.0,,0.0,,0.0,,0.0,,0.0,,0.0,,0.0,,0.0,,0.0,,0.0,,0.0,,0.0,0.0,0.0,,0.0,,0.0,,0.0,,0.0,,6.952111471035e-05,0.0,0.0,,0.0,,0.0,,0.0,,0.0,,0.0,,0.0,,0.0,,0.0,,0.0,,0.0,,0.0,,0.0,,0.0,,0.0,,,,,,,,0.0,,,,,,,,,,,,0.02304560348118946,0.0,0.035172974712428404,0.0,0.015389254107383335,0.0,0.034506775073179195,0.0,0.013166137297370536,0.0,0.001084191541610188,0.0,0.07453064754838931,0.0,0.0043436431726326784,0.0,0.019768722245575646,0.0,0.00023239955842697073,0.0,0.0012324321019229127,0.0,0.0004001370284365312,0.0,0.004550148327331872,0.0,0.012998607446483863,0.0,0.0021247320556168937,0.0,0.01730067039213628,0.0,0.004414577549674933,0.0,0.03590089462494146,0.0,0.0024051037796855835,0.0,0.0,,0.0,,0.0,,0.0,,0.0,,0.0,,0.0,,0.0,,,,,,,,,,,,,,,,,,,,,,0,0,57,8
2023-10-28,,,,,,,,,,,,,,,0.0,0.0,,,,,,,,,,,,,,,,,,,,,,,,,0.0,0.0,,,,,,,,,,,,,0.0,0.0,0.0007291674009160414,0.0,0.0,0.0,0.0,0.0,0.0,0.0,0.007927010312858095,0.0,,,0.0,0.0,0.0,0.0,0.0007686398180893879,0.0,0.0,0.0,0.0,0.0,0.0,0.0,0.0,0.0,0.00014099313833361034,0.0,3.977738920290732e-05,0.0,0.004562116091752878,0.0,0.2033905150686822,0.0,0.005995390127952118,0.0,0.007941799828918924,0.0,0.0003541019970902658,0.0,0.00025603922031440735,0.0,0.0,0.0,0.00012417204286332433,0.0,0.08840713940742535,0.0,0.011346507681215635,0.0,0.016910244597167456,0.0,0.006725398630539771,0.0,0.018448426774362196,0.0,0.03479101595173517,0.0,0.23097461934496713,0.0,0.03581399316104442,0.0,0.023463824854754768,0.0,0.01562043213535368,0.0,0.005488398174444766,0.0,0.0,,0.0,,0.0,,0.0,,0.0,,0.0,,0.0,,0.0,,0.0,,0.0,,0.0,,0.0,,0.0,,0.0,,0.0,,0.0,,0.0,,0.0,0.0,0.0,,0.0,,0.0,,0.0,,0.0,,0.0,0.0,0.0,,0.0,,0.0,,0.0,,0.0,,0.0,,0.0,,0.0,,0.0,,0.0,,0.0,,0.0,,0.0,,0.0,,0.0,,,,,,,,0.0,,,,,,,,,,,,0.021385500798138123,0.0,0.03067764821575904,0.0,0.010275530742435871,0.0,0.031594474822646185,0.0,0.013312353048382684,0.0,0.0010699398561355789,0.0,0.06423300613717332,0.0,0.0025564759839098563,0.0,0.016353096903824176,0.0,0.00046479911685394146,0.0,0.0008377070941893683,0.0,0.0001837081689626243,0.0,0.004352613272735934,0.0,0.014966615196317387,0.0,0.001568476110128861,0.0,0.017621113169120524,0.0,0.0029437374153242096,0.0,0.029861715190657712,0.0,0.0033923924173705003,0.0,0.0,,0.0,,0.0,,0.0,,0.0,,0.0,,0.0,,0.0,,,,,,,,,,,,,,,,,,,,,,0,0,57,9
2023-11-04,,,,,,,,,,,,,,,6.205351673996e-05,0.0,,,,,,,,,,,,,,,,,,,,,,,,,0.0,0.0,,,,,,,,,,,,,0.0,0.0,0.0007749542044177069,0.0,0.0,0.0,7.202209008025875e-05,0.0,0.0,0.0,0.009506192250268074,0.0,,,0.0,0.0,0.0,0.0,0.00038431990904469395,0.0,0.0,0.0,0.0,0.0,0.0,0.0,0.0,0.0,7.049656916680517e-05,0.0,1.988869460145366e-05,0.0,0.0047529644833433395,0.0,0.1868777255686681,0.0,0.007868018234148578,0.0,0.006768481516156341,0.0,0.0001770509985451329,0.0,0.00018809810456392164,0.0,0.0,0.0,0.0001463980354732784,0.0,0.07934890981854459,0.0,0.010163995249778113,0.0,0.01529698281225221,0.0,0.006022736065873323,0.0,0.018100249541287333,0.0,0.04442107315493243,0.0,0.2512745560487596,0.0,0.04029957411878897,0.0,0.024210987867582988,0.0,0.020764459899013314,0.0,0.018738422434156084,0.0,0.0,,0.0,,0.0,,0.0,,0.0,,0.0,,0.0,,0.0,,0.0,,0.0,,0.0003467729771121467,2.0,0.0,,0.0,,0.0,,3.50537666236e-05,2.0,0.0,,0.0,,0.0,0.0,0.0,,0.0,,0.0,,0.0,,0.0,,0.0,0.0,3.50537666236e-05,2.0,0.0,,0.0,,0.0,,0.0,,0.0,,0.0,,0.0,,0.0,,0.0,,0.0,,0.0,,0.0,,0.0,,0.0,,,,,,,,0.0,,,,,,,,,,,,0.021084360724383147,0.0,0.0232724075793379,0.0,0.008607467281322799,0.0,0.02944984479080426,0.0,0.01308382712020647,0.0,0.0009997924728514618,0.0,0.05921796363346819,0.0,0.002568985055422182,0.0,0.014496696669403872,0.0,0.00023239955842697073,0.0,0.0005325235928155942,0.0,0.0003568259962284121,0.0,0.0029042749282713245,0.0,0.013067007169593081,0.0,0.0011097706080251991,0.0,0.019387001914494596,0.0,0.0029052952364819174,0.0,0.02622132966601535,0.0,0.0027072216690057476,0.0,6.113673758329107e-05,2.0,0.0,,0.0,,0.0,,0.0,,0.0,,0.0,,0.0,,,,,,,,,,,,,,,,,,,,,,0,4,57,10
2023-11-11,,,,,,,,,,,,,,,0.00012410703347992,0.0,,,,,,,,,,,,,,,,,,,,,,,,,0.0,0.0,,,,,,,,,,,,,0.0,0.0,0.0008207410079193725,0.0,0.0,0.0,0.0001440441801605175,0.0,0.0,0.0,0.01108537418767805,0.0,,,0.0,0.0,0.0,0.0,0.0,0.0,0.0,0.0,0.0,0.0,0.0,0.0,0.0,0.0,0.0,0.0,0.0,0.0,0.0049438128749338004,0.0,0.17036493606865402,0.0,0.009740646340345039,0.0,0.005595163203393759,0.0,0.0,0.0,0.0001201569888134359,0.0,0.0,0.0,0.0001686240280832325,0.0,0.07029068022966381,0.0,0.00898148281834059,0.0,0.013683721027336965,0.0,0.005320073501206874,0.0,0.017752072308212474,0.0,0.054051130358129695,0.0,0.271574492752552,0.0,0.044785155076533516,0.0,0.02495815088041121,0.0,0.025908487662672945,0.0,0.0319884466938674,0.0,0.0,,0.0,,0.0,,0.0,,0.0,,0.0,,0.0,,0.0,,0.0,,0.0,,0.0006935459542242934,0.0,0.0,,0.0,,0.0,,7.01075332472e-05,0.0,0.0,,0.0,,0.0,0.0,0.0,,0.0,,0.0,,0.0,,0.0,,0.0,0.0,7.01075332472e-05,0.0,0.0,,0.0,,0.0,,0.0,,0.0,,0.0,,0.0,,0.0,,0.0,,0.0,,0.0,,0.0,,0.0,,0.0,,,,,,,,0.0,,,,,,,,,,,,0.02078322065062817,0.0,0.015867166942916754,0.0,0.006939403820209726,0.0,0.02730521475896234,0.0,0.012855301192030258,0.0,0.0009296450895673447,0.0,0.05420292112976307,0.0,0.0025814941269345073,0.0,0.012640296434983569,0.0,0.0,0.0,0.00022734009144182002,0.0,0.0005299438234942,0.0,0.001455936583806715,0.0,0.011167399142868776,0.0,0.0006510651059215375,0.0,0.021152890659868667,0.0,0.002866853057639625,0.0,0.022580944141372985,0.0,0.002022050920640995,0.0,0.00012227347516658213,0.0,0.0,,0.0,,0.0,,0.0,,0.0,,0.0,,0.0,,,,,,,,,,,,,,,,,,,,,,0,0,61,11
2023-11-18,,,,,,,,,,,,,,,6.205351673996e-05,0.0,,,,,,,,,,,,,,,,,,,,,,,,,0.0,0.0,,,,,,,,,,,,,0.0,0.0,0.0013797838644210633,0.0,1.7803473320786206e-05,0.0,7.202209008025875e-05,0.0,0.0,0.0,0.013294174325150891,0.0,,,0.0,0.0,0.0,0.0,0.0,0.0,0.0,0.0,5.600785497776667e-05,0.0,0.0,0.0,0.0,0.0,0.0,0.0,0.00013398468345747299,0.0,0.003164825932636137,0.0,0.15674008938651052,0.0,0.010206337123619054,0.0,0.003953514023014632,0.0,0.0,0.0,0.00012894251015561155,0.0,0.0,0.0,0.0002599112534320791,0.0,0.06437507693011023,0.0,0.007477330032611495,0.0,0.013109870845129526,0.0,0.005418886009628194,0.0,0.015416054908807025,0.0,0.0533668808245028,0.0,0.2914413111141094,0.0,0.04825628364864637,0.0,0.022905476003861332,0.0,0.03334034608247184,0.0,0.0525591337969765,0.0,0.0,,0.0,,0.0,,5.0155613644139995e-05,2.0,0.0,,6.701351936924559e-05,2.0,0.0,,0.0,,0.0,,4.77158318972e-05,2.0,0.000702110886534935,0.0,0.0,,0.0,,0.0,,3.50537666236e-05,0.0,0.0,,0.0,,0.0,0.0,0.0,,0.0,,0.0,,0.0,,0.0,,0.0,0.0,3.50537666236e-05,0.0,0.0,,0.0,,0.0,,0.0,,0.0,,0.0,,0.0,,0.0,,0.0,,0.0,,0.0,,0.0,,0.0,,0.0,,,,,,,,0.0,,,,,,,,,,,,0.01769430950606381,0.0,0.013150149087409604,0.0,0.005410544045914203,0.0,0.02585329395862148,0.0,0.011665872160273625,0.0,0.0006019235517764816,0.0,0.04547584993669232,0.0,0.002671710383117104,0.0,0.010639185993932142,0.0,0.0,0.0,0.00018705692041405742,0.0,0.0002649719117471,0.0,0.0018163162286210792,0.0,0.011366845150060237,0.0,0.00039439656870966235,0.0,0.019027017661107606,0.0,0.0024647097714477657,0.0,0.02203533031726967,0.0,0.001822088165760872,0.0,0.0003344382365476947,0.0,0.0,,0.0,,0.0,,0.0,,0.0,,0.0,,0.0,,,,,,,,,,,,,,,,,,,,,,0,3,61,12
2023-11-25,,,,,,,,,,,,,,,0.0,0.0,,,,,,,,,,,,,,,,,,,,,,,,,0.0,0.0,,,,,,,,,,,,,0.0,0.0,0.0019388267209227538,0.0,3.560694664157241e-05,0.0,0.0,0.0,0.0,0.0,0.015502974462623734,0.0,,,0.0,0.0,0.0,0.0,0.0,0.0,0.0,0.0,0.00011201570995553334,0.0,0.0,0.0,0.0,0.0,0.0,0.0,0.00026796936691494597,0.0,0.0013858389903384743,0.0,0.14311524270436699,0.0,0.010672027906893068,0.0,0.0023118648426355055,0.0,0.0,0.0,0.00013772803149778717,0.0,0.0,0.0,0.00035119847878092565,0.0,0.058459473630556646,0.0,0.0059731772468824,0.0,0.012536020662922087,0.0,0.005517698518049514,0.0,0.013080037509401577,0.0,0.0526826312908759,0.0,0.3113081294756669,0.0,0.051727412220759224,0.0,0.020852801127311454,0.0,0.04077220450227073,0.0,0.0731298209000856,0.0,0.0,,0.0,,0.0,,0.00010031122728827999,0.0,0.0,,0.00013402703873849117,0.0,0.0,,0.0,,0.0,,9.54316637944e-05,0.0,0.0007106758188455768,0.0,0.0,,0.0,,0.0,,0.0,0.0,0.0,,0.0,,0.0,0.0,0.0,,0.0,,0.0,,0.0,,0.0,,0.0,0.0,0.0,0.0,0.0,,0.0,,0.0,,0.0,,0.0,,0.0,,0.0,,0.0,,0.0,,0.0,,0.0,,0.0,,0.0,,0.0,,,,,,,,0.0,,,,,,,,,,,,0.014605398361499452,0.0,0.010433131231902456,0.0,0.0038816842716186788,0.0,0.024401373158280622,0.0,0.010476443128516992,0.0,0.0002742020139856184,0.0,0.03674877874362158,0.0,0.0027619266392997,0.0,0.008638075552880715,0.0,0.0,0.0,0.00014677374938629485,0.0,0.0,0.0,0.0021766958734354435,0.0,0.011566291157251699,0.0,0.00013772803149778717,0.0,0.01690114466234655,0.0,0.0020625664852559067,0.0,0.021489716493166357,0.0,0.0016221254108807488,0.0,0.0005466029979288072,0.0,0.0,,0.0,,0.0,,0.0,,0.0,,0.0,,0.0,,,,,,,,,,,,,,,,,,,,,,0,0,64,13
2023-12-02,,,,,,,,,,,,,,,0.0,0.0,,,,,,,,,,,,,,,,,,,,,,,,,0.0,0.0,,,,,,,,,,,,,0.0,0.0,0.0027719008247398965,0.0,1.7803473320786206e-05,0.0,0.0,0.0,0.0,0.0,0.019875628296813698,0.0,,,0.0,0.0,0.0,0.0,0.0,0.0,0.0,0.0,5.600785497776667e-05,0.0,0.0,0.0,0.0,0.0,5.6963596810056585e-05,0.0,0.00013398468345747299,0.0,0.001845088313624603,0.0,0.1278617758776454,0.0,0.011175813288182757,0.0,0.0023453363919051203,0.0,0.0,0.0,0.0001386813452635152,0.0,0.0,0.0,0.00017559923939046283,0.0,0.04709246585726251,0.0,0.005502288425961484,0.0,0.011071007040815633,0.0,0.004793365378741517,0.0,0.0119983837408781,0.0,0.05177038167094287,0.0,0.29202420285597497,0.0,0.052516677638065834,0.0,0.01938112329203987,0.0,0.03906197285634058,0.0,0.13628677647264215,0.0,0.0,,2.8629565349529998e-05,2.0,3.195438081696833e-05,2.0,5.0155613644139995e-05,0.0,0.0,,0.0004425986833880162,0.0,0.0,,0.0,,1.2197852205016667e-05,2.0,0.00043415775726311995,0.0,0.001525777104931517,0.0,0.0,,0.0,,0.0,,0.0,0.0,0.0,,0.0,,0.0,0.0,0.0,,0.0,,0.0,,0.0,,0.0,,0.0,0.0,0.0,0.0,0.0,,0.0,,0.0,,0.0,,0.0,,0.0,,0.0,,0.0,,0.0,,0.0,,0.0,,0.0,,0.0,,0.0,,,,,,,,0.0,,,,,,,,,,,,0.014252190268881243,0.0,0.009856909509074505,0.0,0.0040107728012738954,0.0,0.0198733011441614,0.0,0.010454876064643341,0.0,0.004072988252454134,0.0,0.03156604727242493,0.0,0.0024716081401328343,0.0,0.006793997887717999,0.0,0.0,0.0,0.0001124494027323619,0.0,2.206581585163816e-05,0.0,0.0017986853840143244,0.0,0.010007531531555213,0.0,0.0006198334268960843,0.0,0.015139141562426173,0.0,0.0018550493552250942,0.0,0.018871249454774607,0.0,0.000913609870921602,0.0,0.0003006031009655,0.0,0.0,,0.0,,0.0,,0.0,,0.0,,0.0,,0.0,,,,,,,,,,,,,,,,,,,,,,0,3,64,14
2023-12-09,,,,,,,,,,,,,,,0.0,0.0,,,,,,,,,,,,,,,,,,,,,,,,,0.0,0.0,,,,,,,,,,,,,0.0,0.0,0.0036049749285570394,0.0,0.0,0.0,0.0,0.0,0.0,0.0,0.024248282131003662,0.0,,,0.0,0.0,0.0,0.0,0.0,0.0,0.0,0.0,0.0,0.0,0.0,0.0,0.0,0.0,0.00011392719362011317,0.0,0.0,0.0,0.0023043376369107317,0.0,0.11260830905092385,0.0,0.011679598669472446,0.0,0.002378807941174735,0.0,0.0,0.0,0.00013963465902924323,0.0,0.0,0.0,0.0,0.0,0.035725458083968376,0.0,0.005031399605040568,0.0,0.00960599341870918,0.0,0.004069032239433521,0.0,0.010916729972354622,0.0,0.050858132051009836,0.0,0.2727402762362831,0.0,0.053305943055372444,0.0,0.017909445456768286,0.0,0.037351741210410426,0.0,0.1994437320451987,0.0,0.0,,5.7259130699059995e-05,0.0,6.390876163393666e-05,0.0,0.0,0.0,0.0,,0.0007511703280375413,0.0,0.0,,0.0,,2.4395704410033334e-05,0.0,0.0007728838507318399,0.0,0.002340878391017457,0.0,0.0,,0.0,,0.0,,0.0,0.0,0.0,,0.0,,0.0,0.0,0.0,,0.0,,0.0,,0.0,,0.0,,0.0,0.0,0.0,0.0,0.0,,0.0,,0.0,,0.0,,0.0,,0.0,,0.0,,0.0,,0.0,,0.0,,0.0,,0.0,,0.0,,0.0,,,,,,,,0.0,,,,,,,,,,,,0.013898982176263034,0.0,0.009280687786246555,0.0,0.004139861330929113,0.0,0.015345229130042177,0.0,0.01043330900076969,0.0,0.00787177449092265,0.0,0.02638331580122829,0.0,0.0021812896409659686,0.0,0.004949920222555284,0.0,0.0,0.0,7.812505607842894e-05,0.0,4.413163170327632e-05,0.0,0.0014206748945932053,0.0,0.008448771905858726,0.0,0.0011019388222943815,0.0,0.013377138462505796,0.0,0.0016475322251942816,0.0,0.016252782416382852,0.0,0.00020509433096245526,0.0,5.4603204002192863e-05,0.0,0.0,,0.0,,0.0,,0.0,,0.0,,0.0,,0.0,,,,,,,,,,,,,,,,,,,,,,0,0,67,15
2023-12-16,,,,,,,,,,,,,,,0.0,0.0,,,,,,,,,,,,,,,,,,,,,,,,,0.0,0.0,,,,,,,,,,,,,0.0,0.0,0.004045500789979585,0.0,0.0,0.0,0.0,0.0,0.0,0.0,0.02559774916865467,0.0,,,0.0,0.0,0.0,0.0,0.0,0.0,0.0,0.0,1.1250708961867568e-05,0.0,0.0,0.0,0.0,0.0,5.6963596810056585e-05,0.0,0.0,0.0,0.0019840208209515576,0.0,0.08797427967646464,0.0,0.008774237762898113,0.0,0.0014154837046736783,0.0,0.0,0.0,0.00011477263326156828,0.0,0.0,0.0,0.0,0.0,0.02887327303900611,0.0,0.0053391622228396406,0.0,0.006925929062184994,0.0,0.003082387862315651,0.0,0.008386291879057638,0.0,0.04633082827661781,0.0,0.23894331078568357,0.0,0.050328168709355636,0.0,0.01453830708735015,0.0,0.03628515685308366,0.0,0.3020165608361215,0.0,0.0,,6.648366294988883e-05,0.0,9.125900681581834e-05,0.0,4.983571524195968e-05,0.0,0.0,,0.0007510485490509634,0.0,0.0,,0.00048097582059976606,2.0,1.2197852205016667e-05,0.0,0.0018161754368717872,0.0,0.0043904008654256175,0.0,0.0,,0.0,,0.0,,0.0,0.0,0.0,,0.0,,0.0,0.0,0.0,,0.0,,0.0,,0.0,,0.0007994973836632696,2.0,0.0,0.0,7.657013893114047e-05,0.0,0.0,,0.0,,0.0,,0.0,,0.0,,0.0,,0.0,,0.0,,0.0,,0.0,,0.0,,0.0,,0.0,,0.0,,,,,,,,0.0,,,,,,,,,,,,0.015634631002149565,0.0,0.0067215791377165605,0.0,0.002844213789585885,0.0,0.012448780794706077,0.0,0.008868742094249881,0.0,0.004131978707281018,0.0,0.021475380479992656,0.0,0.0013635602734581194,0.0,0.003390140199764141,0.0,7.047969033008e-05,0.0,6.981913926674014e-05,0.0,8.398710208662149e-05,0.0,0.0012584501458629514,0.0,0.007358093657908356,0.0,0.0005790495766556813,0.0,0.011195293765456752,0.0,0.0014124533610621907,0.0,0.014066852475178629,0.0,0.00010254716548122763,0.0,0.0007447898504843589,0.0,0.0,,0.0,,0.0,,0.0,,0.0,,0.0,,0.0,,,,,,,,,,,,,,,,,,,,,,0,2,67,16
2023-12-23,,,,,,,,,,,,,,,0.0,0.0,,,,,,,,,,,,,,,,,,,,,,,,,0.0,0.0,,,,,,,,,,,,,0.0,0.0,0.00448602665140213,0.0,0.0,0.0,0.0,0.0,0.0,0.0,0.02694721620630568,0.0,,,0.0,0.0,0.0,0.0,0.0,0.0,0.0,0.0,2.2501417923735136e-05,0.0,0.0,0.0,0.0,0.0,0.0,0.0,0.0,0.0,0.0016637040049923835,0.0,0.06334025030200542,0.0,0.005868876856323781,0.0,0.00045215946817262165,0.0,0.0,0.0,8.991060749389334e-05,0.0,0.0,0.0,0.0,0.0,0.022021087994043842,0.0,0.005646924840638713,0.0,0.004245864705660809,0.0,0.002095743485197781,0.0,0.005855853785760653,0.0,0.04180352450222578,0.0,0.20514634533508402,0.0,0.047350394363338835,0.0,0.011167168717932014,0.0,0.035218572495756884,0.0,0.40458938962704427,0.0,0.0,,7.570819520071765e-05,0.0,0.0001186092519977,0.0,9.967143048391936e-05,0.0,0.0,,0.0007509267700643854,0.0,0.0,,0.0009619516411995321,0.0,0.0,0.0,0.0028594670230117345,0.0,0.006439923339833777,0.0,0.0,,0.0,,0.0,,0.0,0.0,0.0,,0.0,,0.0,0.0,0.0,,0.0,,0.0,,0.0,,0.0015989947673265392,0.0,0.0,0.0,0.00015314027786228094,0.0,0.0,,0.0,,0.0,,0.0,,0.0,,0.0,,0.0,,0.0,,0.0,,0.0,,0.0,,0.0,,0.0,,0.0,,,,,,,,0.0,,,,,,,,,,,,0.017370279828036097,0.0,0.004162470489186565,0.0,0.0015485662482426568,0.0,0.009552332459369976,0.0,0.007304175187730073,0.0,0.00039218292363938647,0.0,0.01656744515875702,0.0,0.0005458309059502703,0.0,0.0018303601769729973,0.0,0.00014095938066016,0.0,6.151322245505135e-05,0.0,0.00012384257246996665,0.0,0.0010962253971326973,0.0,0.006267415409957986,0.0,5.616033101698108e-05,0.0,0.009013449068407708,0.0,0.0011773744969301,0.0,0.011880922533974405,0.0,0.0,0.0,0.001434976496966525,0.0,0.0,,0.0,,0.0,,0.0,,0.0,,0.0,,0.0,,,,,,,,,,,,,,,,,,,,,,0,0,69,17
2023-12-30,,,,,,,,,,,,,,,0.0,0.0,,,,,,,,,,,,,,,,,,,,,,,,,0.0,0.0,,,,,,,,,,,,,0.0,0.0,0.004532130920959517,0.0,0.0,0.0,0.0,0.0,0.0,0.0,0.022882377792446187,0.0,,,0.0,0.0,0.0,0.0,0.0001618492777549242,0.0,0.0,0.0,1.1250708961867568e-05,0.0,0.0,0.0,0.0,0.0,0.0,0.0,0.0,0.0,0.0013698527788316098,0.0,0.04809918117642331,0.0,0.005072821256557147,0.0,0.000554396586963515,0.0,0.0,0.0,4.495530374694667e-05,0.0,0.0,0.0,0.0,0.0,0.015569224304452425,0.0,0.006060577775372628,0.0,0.0032940800231611245,0.0,0.001402502196434314,0.0,0.0041625468713593055,0.0,0.03044190101728242,0.0,0.1628384897093828,0.0,0.039726714748335404,0.0,0.008691799269315069,0.0,0.03207243207699473,0.0,0.5130277118077865,0.0,0.00018073253935045334,2.0,0.00036503710233608673,0.0,0.0006190834848287316,0.0,0.000178684571789793,0.0,0.0,,0.002292222169047526,0.0,0.0,,0.0012484256190613214,0.0,0.00042250415167975554,0.0,0.0051197955556942214,0.0,0.009548434382304509,0.0,0.0,,0.0,,0.0,,0.0,0.0,0.0,,0.0,,0.0,0.0,1.150147421535e-05,1.0,0.0,,0.00027181960952776,2.0,0.0,,0.001780846917037132,0.0,0.0,0.0,7.657013893114047e-05,0.0,0.0,,0.0,,0.0,,0.0,,0.0,,0.0,,0.0,,0.0,,0.0,,0.0,,0.0,,0.0,,0.0,,0.0,,,,,,,,0.0,,,,,,,,,,,,0.015392901906925383,0.0,0.0035170872659643195,0.0,0.0010466252654379937,0.0,0.006850559793189699,0.0,0.006075269484241992,0.0,0.00029194986780414176,0.0,0.012396325735171076,0.0,0.0003525775872888737,0.0,0.0013002075699558501,0.0,7.047969033008e-05,0.0,7.022175376435901e-05,0.0,6.192128623498333e-05,0.0,0.0006135884321791293,0.0,0.004532854453818713,0.0,5.03216893248336e-05,0.0,0.007384859856641762,0.0,0.0008763346051128653,0.0,0.008665554905408112,0.0,0.0,0.0,0.0018914076894621106,0.0,0.0,,0.0,,0.0,,0.0,,0.0,,0.0,,0.0,,,,,,,,,,,,,,,,,,,,,,1,2,69,0
2024-01-06,,,,,,,,,,,,,,,0.0,0.0,,,,,,,,,,,,,,,,,,,,,,,,,0.0,0.0,,,,,,,,,,,,,0.0,0.0,0.004578235190516903,0.0,0.0,0.0,0.0,0.0,0.0,0.0,0.018817539378586694,0.0,,,0.0,0.0,0.0,0.0,0.0003236985555098484,0.0,0.0,0.0,0.0,0.0,0.0,0.0,0.0,0.0,0.0,0.0,0.0,0.0,0.001076001552670836,0.0,0.0328581120508412,0.0,0.004276765656790512,0.0,0.0006566337057544084,0.0,0.0,0.0,0.0,0.0,0.0,0.0,0.0,0.0,0.009117360614861006,0.0,0.006474230710106544,0.0,0.00234229534066144,0.0,0.0007092609076708472,0.0,0.0024692399569579584,0.0,0.01908027753233905,0.0,0.12053063408368159,0.0,0.03210303513333197,0.0,0.006216429820698122,0.0,0.028926291658232565,0.0,0.6214660339885287,0.0,0.0003614650787009067,0.0,0.0006543660094714558,0.0,0.0011195577176597632,0.0,0.00025769771309566665,0.0,0.0,,0.003833517568030667,0.0,0.0,,0.0015348995969231107,0.0,0.0008450083033595111,0.0,0.00738012408837671,0.0,0.01265694542477524,0.0,0.0,,0.0,,0.0,,0.0,0.0,0.0,,0.0,,0.0,0.0,2.30029484307e-05,0.0,0.0,,0.00054363921905552,0.0,0.0,,0.001962699066747725,0.0,0.0,0.0,0.0,0.0,0.0,,0.0,,0.0,,0.0,,0.0,,0.0,,0.0,,0.0,,0.0,,0.0,,0.0,,0.0,,0.0,,0.0,,,,,,,,0.0,,,,,,,,,,,,0.013415523985814666,0.0,0.0028717040427420734,0.0,0.0005446842826333305,0.0,0.0041487871270094205,0.0,0.004846363780753911,0.0,0.00019171681196889705,0.0,0.00822520631158513,0.0,0.00015932426862747714,0.0,0.0007700549629387028,0.0,0.0,0.0,7.893028507366666e-05,0.0,0.0,0.0,0.0001309514672255611,0.0,0.0027982934976794396,0.0,4.448304763268611e-05,0.0,0.005756270644875817,0.0,0.0005752947132956305,0.0,0.005450187276841819,0.0,0.0,0.0,0.002347838881957696,0.0,0.0,,0.0,,0.0,,0.0,,0.0,,0.0,,0.0,,,,,,,,,,,,,,,,,,,,,,0,0,72,1
2024-01-13,,,,,,,,,,,,,,,3.117846686756429e-05,0.0,,,,,,,,,,,,,,,,,,,,,,,,,0.0,0.0,,,,,,,,,,,,,0.0002404585252139088,0.0,0.005144481768643076,0.0,0.0,0.0,0.0,0.0,0.0,0.0,0.019012200286138814,0.0,,,0.0,0.0,0.0,0.0,0.0002577520190594985,0.0,0.0,0.0,0.0,0.0,0.0,0.0,0.0,0.0,0.0,0.0,0.0,0.0,0.000538000776335418,0.0,0.025572265376381173,0.0,0.002602921134426342,0.0,0.0003982984519790428,0.0,0.0,0.0,0.0,0.0,0.0,0.0,0.0,0.0,0.007682407176166368,0.0,0.005400968864670947,0.0,0.0017554055012698909,0.0,0.0004144635250952524,0.0,0.0014798665112013294,0.0,0.013095801795965815,0.0,0.08677768511845474,0.0,0.024058699255276962,0.0,0.004834974599914979,0.0,0.023002507881305707,0.0,0.6908018760264866,0.0,0.00031200323088943,0.0,0.0008067827173576705,0.0,0.002420108030006852,0.0,0.0009265689680637802,0.0,1.68584224411275e-05,2.0,0.0036208775728785317,0.0,0.0,,0.0022683466984224653,0.0,0.0008053709440260426,0.0,0.010178077314048952,0.0,0.017022113657245985,0.0,0.0,,0.0,,0.0,,0.0,0.0,0.0,,0.0,,5.200217068095833e-05,0.0,1.150147421535e-05,0.0,0.0,,0.0011708156923607767,0.0,0.0,,0.0033538733280562717,0.0,0.0,0.0,0.0003651805442211022,0.0,0.0,,0.0,,1.831285999285e-05,2.0,0.0,,0.0,,0.0,,0.0,,0.0,,5.200217068095833e-05,1.0,0.0,,0.0,,0.0,,0.0,,0.0,,,,,,,,0.0,,,,,,,,,,,,0.010360386710327824,0.0,0.0017936274481068467,0.0,0.000368708513708491,0.0,0.0029725389555096187,0.0,0.0031758288499786134,0.0,9.585840598444852e-05,0.0,0.00547870698577785,0.0,0.00014423655978000713,0.0,0.0007853818695394871,0.0,0.0,0.0,3.946514253683333e-05,0.0,0.0,0.0,6.547573361278056e-05,0.0,0.0024767399366412324,0.0,2.2241523816343056e-05,0.0,0.00435821717485047,0.0,0.0004886198382120138,0.0,0.003854506172264708,0.0,0.0,0.0,0.0035575394202688477,0.0,0.0,,8.826865420509166e-05,1.0,0.0,,5.0952970923365e-05,2.0,0.0,,0.0,,0.0,,,,,,,,,,,,,,,,,,,,,,2,3,72,0
2024-01-20,,,,,,,,,,,,,,,6.235693373512857e-05,0.0,,,,,,,,,,,,,,,,,,,,,,,,,0.0,0.0,,,,,,,,,,,,,0.0004809170504278176,0.0,0.005710728346769249,0.0,0.0,0.0,0.0,0.0,0.0,0.0,0.019206861193690937,0.0,,,0.0,0.0,0.0,0.0,0.00019180548260914858,0.0,0.0,0.0,0.0,0.0,0.0,0.0,0.0,0.0,0.0,0.0,0.0,0.0,0.0,0.0,0.01828641870192115,0.0,0.0009290766120621715,0.0,0.00013996319820367716,0.0,0.0,0.0,0.0,0.0,0.0,0.0,0.0,0.0,0.006247453737471732,0.0,0.004327707019235349,0.0,0.001168515661878342,0.0,0.00011966614251965758,0.0,0.0004904930654447001,0.0,0.007111326059592579,0.0,0.05302473615322789,0.0,0.01601436337722195,0.0,0.003453519379131837,0.0,0.01707872410437885,0.0,0.7601377180644444,0.0,0.00026254138307795334,0.0,0.0009591994252438852,0.0,0.00372065834235394,0.0,0.0015954402230318936,0.0,3.3716844882255e-05,0.0,0.003408237577726397,0.0,0.0,,0.0030017937999218198,0.0,0.0007657335846925741,0.0,0.012976030539721196,0.0,0.02138728188971673,0.0,0.0,,0.0,,0.0,,0.0,0.0,0.0,,0.0,,0.00010400434136191665,0.0,0.0,0.0,0.0,,0.0017979921656660334,0.0,0.0,,0.004745047589364818,0.0,0.0,0.0,0.0007303610884422044,0.0,0.0,,0.0,,3.66257199857e-05,0.0,0.0,,0.0,,0.0,,0.0,,0.0,,0.00010400434136191665,0.0,0.0,,0.0,,0.0,,0.0,,0.0,,,,,,,,0.0,,,,,,,,,,,,0.0073052494348409824,0.0,0.00071555085347162,0.0,0.00019273274478365143,0.0,0.001796290784009817,0.0,0.0015052939192033155,0.0,0.0,0.0,0.00273220765997057,0.0,0.00012914885093253715,0.0,0.0008007087761402714,0.0,0.0,0.0,0.0,0.0,0.0,0.0,0.0,0.0,0.002155186375603025,0.0,0.0,0.0,0.002960163704825124,0.0,0.00040194496312839713,0.0,0.0022588250676875967,0.0,0.0,0.0,0.00476723995858,0.0,0.0,,0.00017653730841018332,0.0,0.0,,0.00010190594184673,0.0,0.0,,0.0,,0.0,,,,,,,,,,,,,,,,,,,,,,0,0,77,1
2024-01-27,,,,,,,,,,,,,,,4.558517399081429e-05,0.0,,,,,,,,,,,,,,,,,,,,,,,,,0.0,0.0,,,,,,,,,,,,,0.0002711996496952558,0.0,0.005334420597078938,0.0,0.0,0.0,0.0,0.0,0.0,0.0,0.015844391040237844,0.0,,,0.0,0.0,0.0,0.0,9.590274130457429e-05,0.0,0.0,0.0,0.0,0.0,0.0,0.0,0.0,0.0,0.0,0.0,2.9002519857527273e-05,0.0,1.8726209776933336e-05,0.0,0.012067687505194912,0.0,0.0007077291459279946,0.0,6.998159910183858e-05,0.0,0.0,0.0,0.0,0.0,0.0,0.0,0.0,0.0,0.003787815114634816,0.0,0.004314929065040159,0.0,0.0009524591558642195,0.0,0.00013426727495815822,0.0,0.0005070271460092383,0.0,0.005299201869742535,0.0,0.0366668286608109,0.0,0.012367379238844622,0.0,0.0018774361805616788,0.0,0.013414843975245401,0.0,0.7833444996040408,0.0,0.0006378372175579667,0.0,0.004174003047142667,0.0,0.005089198165417904,0.0,0.0011654065525871042,0.0,6.151970442906679e-05,0.0,0.005280166637499348,0.0,0.0,,0.0043734587862022814,0.0,0.001372647547180261,0.0,0.021840485294039,0.0,0.02566805100068445,0.0,0.0,,0.0,,0.0,,0.00011596656401834821,0.0,0.0,,0.0,,5.200217068095833e-05,0.0,4.57624449733e-05,0.0,0.0,,0.004113343367741086,0.0,0.0,,0.006664079938283411,0.0,0.0,0.0,0.0003883863263699674,0.0,9.989312612948572e-05,2.0,0.0,,1.831285999285e-05,0.0,0.0,,0.0,,0.0,,0.0,,0.0,,5.200217068095833e-05,0.0,0.0,,1.782134214324091e-05,2.0,0.0,,0.0,,0.0,,,,,,,,0.0,,,,,,,,,,,,0.006639588146541825,0.0,0.00045293665581163354,0.0,0.00015442672137843012,0.0,0.0009777401606605614,0.0,0.0009277159546918063,0.0,6.98791374099394e-05,0.0,0.001840163141418623,0.0,6.457442546626858e-05,0.0,0.0005629506004260107,0.0,0.0,0.0,0.0,0.0,0.0,0.0,0.0,0.0,0.0013921470839276303,0.0,0.0,0.0,0.0021217309808297473,0.0,0.00020097248156419857,0.0,0.0017870563348286175,0.0,0.0,0.0,0.005895407221812173,0.0,0.0,,0.00013403109917839166,0.0,0.0,,5.0952970923365e-05,0.0,0.0,,0.0,,0.0,,,,,,,,,,,,,,,,,,,,,,0,2,77,2
2024-02-03,,,,,,,,,,,,,,,2.88134142465e-05,0.0,,,,,,,,,,,,,,,,,,,,,,,,,0.0,0.0,,,,,,,,,,,,,6.148224896269393e-05,0.0,0.004958112847388626,0.0,0.0,0.0,0.0,0.0,0.0,0.0,0.01248192088678475,0.0,,,0.0,0.0,0.0,0.0,0.0,0.0,0.0,0.0,0.0,0.0,0.0,0.0,0.0,0.0,0.0,0.0,5.8005039715054546e-05,0.0,3.745241955386667e-05,0.0,0.005848956308468676,0.0,0.0004863816797938176,0.0,0.0,0.0,0.0,0.0,0.0,0.0,0.0,0.0,0.0,0.0,0.0013281764917978999,0.0,0.00430215111084497,0.0,0.0007364026498500971,0.0,0.00014886840739665883,0.0,0.0005235612265737765,0.0,0.0034870776798924907,0.0,0.020308921168393904,0.0,0.008720395100467297,0.0,0.0003013529819915206,0.0,0.009750963846111953,0.0,0.8065512811436373,0.0,0.00101313305203798,0.0,0.00738880666904145,0.0,0.006457737988481867,0.0,0.0007353728821423148,0.0,8.932256397587857e-05,0.0,0.0071520956972723,0.0,0.0,,0.005745123772482743,0.0,0.001979561509667948,0.0,0.03070494004835681,0.0,0.029948820111652168,0.0,0.0,,0.0,,0.0,,0.00023193312803669643,0.0,0.0,,0.0,,0.0,0.0,9.15248899466e-05,0.0,0.0,,0.00642869456981614,0.0,0.0,,0.008583112287202004,0.0,0.0,0.0,4.641156429773044e-05,0.0,0.00019978625225897144,0.0,0.0,,0.0,0.0,0.0,,0.0,,0.0,,0.0,,0.0,,0.0,0.0,0.0,,3.564268428648182e-05,0.0,0.0,,0.0,,0.0,,,,,,,,0.0,,,,,,,,,,,,0.005973926858242667,0.0,0.00019032245815164706,0.0,0.00011612069797320883,0.0,0.0001591895373113059,0.0,0.00035013799018029706,0.0,0.0001397582748198788,0.0,0.0009481186228666764,0.0,0.0,0.0,0.00032519242471174995,0.0,0.0,0.0,0.0,0.0,0.0,0.0,0.0,0.0,0.0006291077922522353,0.0,0.0,0.0,0.0012832982568343706,0.0,0.0,0.0,0.0013152876019696383,0.0,0.0,0.0,0.007023574485044347,0.0,0.0,,9.15248899466e-05,0.0,0.0,,0.0,0.0,0.0,,0.0,,0.0,,,,,,,,,,,,,,,,,,,,,,0,0,79,3
2024-02-10,,,,,,,,,,,,,,,4.6878793000325e-05,0.0,,,,,,,,,,,,,,,,,,,,,,,,,0.0,0.0,,,,,,,,,,,,,9.673006599598447e-05,0.0,0.005639662498603206,0.0,0.0,0.0,0.0,0.0,0.0,0.0,0.01174652565863317,0.0,,,0.0,0.0,0.0,0.0,0.0,0.0,0.0,0.0,0.0,0.0,0.0,0.0,0.0,0.0,0.0,0.0,2.9002519857527273e-05,0.0,1.8726209776933336e-05,0.0,0.004376444932164103,0.0,0.0003635536191988421,0.0,0.0,0.0,0.0,0.0,0.0,0.0,0.0,0.0,0.0,0.0,0.0009703228540457378,0.0,0.004966489747295244,0.0,0.0006261050949042197,0.0,0.00017587636211629154,0.0,0.0004111175284396322,0.0,0.0025527100029152272,0.0,0.015602707241142186,0.0,0.00652495512793603,0.0,0.0007312992632585861,0.0,0.008534518879903627,0.0,0.7917227157509475,0.0,0.0021626405990294016,0.0,0.012443418032489658,0.0,0.0102303006065388,0.0,0.001709414818227091,0.0,9.500805364426607e-05,0.0,0.008766941813986087,0.0,0.0,,0.006495924525162425,0.0,0.0017628539245816647,0.0,0.04014280634000893,0.0,0.035345638450235084,0.0,0.000102083121115935,2.0,0.0,,0.0,,0.0003071295043852899,0.0,0.0,,0.0,,0.0,0.0,4.57624449733e-05,0.0,0.0,,0.010409170218432892,0.0,0.0,,0.011320833449384947,0.0,0.0,0.0,0.00010396336200869783,0.0,9.989312612948572e-05,0.0,0.0,,0.0,0.0,0.0,,0.0,,0.0,,0.0,,0.0,,0.0,0.0,0.0,,1.782134214324091e-05,0.0,0.0,,0.0,,0.0,,,,,,,,0.0,,,,,,,,,,,,0.005252414524103606,0.0,0.0002368757774900122,0.0,5.8060348986604416e-05,0.0,0.0003763848861664226,0.0,0.00048178529191548336,0.0,6.98791374099394e-05,0.0,0.0006561242926683928,0.0,0.0,0.0,0.0002160663938117,0.0,0.0,0.0,0.0,0.0,0.0,0.0,0.0,0.0,0.0005060222505720919,0.0,0.0,0.0,0.0007435677279497459,0.0,0.0,0.0,0.0011540147340598646,0.0,0.0,0.0,0.008143586971397864,0.0,0.0,,4.57624449733e-05,0.0,0.0,,0.0,0.0,0.0,,0.0,,0.0,,,,,,,,,,,,,,,,,,,,,,0,1,79,4
2024-02-17,,,,,,,,,,,,,,,6.494417175415e-05,0.0,,,,,,,,,,,,,,,,,,,,,,,,,0.0,0.0,,,,,,,,,,,,,0.000131977883029275,0.0,0.006321212149817785,0.0,0.0,0.0,0.0,0.0,0.0,0.0,0.011011130430481589,0.0,,,0.0,0.0,0.0,0.0,0.0,0.0,0.0,0.0,0.0,0.0,0.0,0.0,0.0,0.0,0.0,0.0,0.0,0.0,0.0,0.0,0.0029039335558595303,0.0,0.00024072555860386668,0.0,0.0,0.0,0.0,0.0,0.0,0.0,0.0,0.0,0.0,0.0,0.0006124692162935759,0.0,0.005630828383745518,0.0,0.0005158075399583424,0.0,0.00020288431683592424,0.0,0.00029867383030548784,0.0,0.0016183423259379635,0.0,0.01089649331389047,0.0,0.004329515155404763,0.0,0.0011612455445256516,0.0,0.0073180739136953,0.0,0.7768941503582578,0.0,0.003312148146020823,0.0,0.017498029395937868,0.0,0.01400286322459573,0.0,0.0026834567543118667,0.0,0.00010069354331265357,0.0,0.010381787930699875,0.0,0.0,,0.007246725277842107,0.0,0.0015461463394953814,0.0,0.04958067263166104,0.0,0.040742456788818,0.0,0.00020416624223187,0.0,0.0,,0.0,,0.0003823258807338834,0.0,0.0,,0.0,,0.0,0.0,0.0,0.0,0.0,,0.014389645867049645,0.0,0.0,,0.01405855461156789,0.0,0.0,0.0,0.00016151515971966522,0.0,0.0,0.0,0.0,,0.0,0.0,0.0,,0.0,,0.0,,0.0,,0.0,,0.0,0.0,0.0,,0.0,0.0,0.0,,0.0,,0.0,,,,,,,,0.0,,,,,,,,,,,,0.004530902189964546,0.0,0.0002834290968283774,0.0,0.0,0.0,0.0005935802350215394,0.0,0.0006134325936506697,0.0,0.0,0.0,0.00036412996247010913,0.0,0.0,0.0,0.00010694036291165001,0.0,0.0,0.0,0.0,0.0,0.0,0.0,0.0,0.0,0.0003829367088919484,0.0,0.0,0.0,0.00020383719906512122,0.0,0.0,0.0,0.000992741866150091,0.0,0.0,0.0,0.009263599457751381,0.0,0.0,,0.0,0.0,0.0,,0.0,0.0,0.0,,0.0,,0.0,,,,,,,,,,,,,,,,,,,,,,0,0,80,5
2024-02-24,,,,,,,,,,,,,,,7.120876591666563e-05,0.0,,,,,,,,,,,,,,,,,,,,,,,,,0.0,0.0,,,,,,,,,,,,,6.59889415146375e-05,0.0,0.006707926926703078,0.0,0.0,0.0,0.0,0.0,0.0,0.0,0.008918477574641872,0.0,,,0.0,0.0,0.0,0.0,4.2240995526270316e-05,0.0,0.0,0.0,0.0,0.0,0.0,0.0,0.0,0.0,0.0,0.0,0.0,0.0,0.0,0.0,0.0029090783532212307,0.0,0.00015806403736758802,0.0,0.0,0.0,0.0,0.0,0.0,0.0,0.0,0.0,0.0,0.0,0.0005197206476030192,0.0,0.004550499344049645,0.0,0.0002579037699791712,0.0,0.00030753461417336054,0.0,0.00014933691515274392,0.0,0.0011093346266037771,0.0,0.008084329152308374,0.0,0.0027493206707731093,0.0,0.0007533572192682992,0.0,0.004860311650660214,0.0,0.7492844173966935,0.0,0.004930699279066125,0.0,0.02536543458700176,0.0,0.019579622258121716,0.0,0.004814447528174606,0.0,0.00037159315693960533,0.0,0.011806637515705463,0.0,0.0,,0.00924523064168165,0.0,0.0030500441832743445,0.0,0.06118976231878512,0.0,0.0496166149154305,0.0,0.000261779484571835,0.0,0.0,,0.0,,0.0016375449199888634,0.0,0.0,,0.0,,0.00015929561621823036,0.0,0.0,0.0,0.0,,0.016326636821031523,0.0,5.631192867769092e-05,2.0,0.012918387057392677,0.0,0.0001293267819813964,0.0,0.00012249438215392546,0.0,0.0,0.0,0.0,,0.0,0.0,0.0,,0.0,,0.0,,0.0,,0.0,,0.0,0.0,0.0,,0.0,0.0,0.0,,0.0,,0.0,,,,,,,,0.0,,,,,,,,,,,,0.0037550080606623447,0.0,0.000406262966231584,0.0,0.0,0.0,0.0002967901175107697,0.0,0.00030671629682533483,0.0,0.0,0.0,0.0004149438349146385,0.0,0.0,0.0,0.0003470166932401719,0.0,0.0,0.0,0.0,0.0,0.0,0.0,0.0,0.0,0.0001914683544459742,0.0,0.0,0.0,0.0001661481379848403,0.0,0.0,0.0,0.0006906060947185362,0.0,0.0,0.0,0.011291961867495258,0.0,0.0,,0.0,0.0,0.0,,0.0,0.0,0.0,,0.0,,0.0,,,,,,,,,,,,,,,,,,,,,,0,1,80,6
2024-03-02,,,,,,,,,,,,,,,7.747336007918126e-05,0.0,,,,,,,,,,,,,,,,,,,,,,,,,0.0,0.0,,,,,,,,,,,,,0.0,0.0,0.007094641703588372,0.0,0.0,0.0,0.0,0.0,0.0,0.0,0.006825824718802155,0.0,,,0.0,0.0,0.0,0.0,8.448199105254063e-05,0.0,0.0,0.0,0.0,0.0,0.0,0.0,0.0,0.0,0.0,0.0,0.0,0.0,0.0,0.0,0.002914223150582931,0.0,7.540251613130937e-05,0.0,0.0,0.0,0.0,0.0,0.0,0.0,0.0,0.0,0.0,0.0,0.0004269720789124625,0.0,0.003470170304353772,0.0,0.0,0.0,0.00041218491151079686,0.0,0.0,0.0,0.0006003269272695906,0.0,0.005272164990726279,0.0,0.0011691261861414563,0.0,0.00034546889401094685,0.0,0.002402549387625128,0.0,0.7216746844351292,0.0,0.006549250412111426,0.0,0.033232839778065654,0.0,0.025156381291647704,0.0,0.006945438302037346,0.0,0.0006424927705665571,0.0,0.01323148710071105,0.0,0.0,,0.011243736005521194,0.0,0.004553942027053308,0.0,0.07279885200590919,0.0,0.058490773042043004,0.0,0.0003193927269118,0.0,0.0,,0.0,,0.0028927639592438432,0.0,0.0,,0.0,,0.0003185912324364607,0.0,0.0,0.0,0.0,,0.0182636277750134,0.0,0.00011262385735538183,0.0,0.011778219503217464,0.0,0.0002586535639627928,0.0,8.347360458818571e-05,0.0,0.0,0.0,0.0,,0.0,0.0,0.0,,0.0,,0.0,,0.0,,0.0,,0.0,0.0,0.0,,0.0,0.0,0.0,,0.0,,0.0,,,,,,,,0.0,,,,,,,,,,,,0.0029791139313601438,0.0,0.0005290968356347906,0.0,0.0,0.0,0.0,0.0,0.0,0.0,0.0,0.0,0.0004657577073591678,0.0,0.0,0.0,0.0005870930235686938,0.0,0.0,0.0,0.0,0.0,0.0,0.0,0.0,0.0,0.0,0.0,0.0,0.0,0.00012845907690455937,0.0,0.0,0.0,0.00038847032328698125,0.0,0.0,0.0,0.013320324277239134,0.0,0.0,,0.0,0.0,0.0,,0.0,0.0,0.0,,0.0,,0.0,,,,,,,,,,,,,,,,,,,,,,0,0,81,7
2024-03-09,,,,,,,,,,,,,,,0.0002596650362111761,0.0,,,,,,,,,,,,,,,,,,,,,,,,,0.0,0.0,,,,,,,,,,,,,0.00027776699668414834,0.0,0.00433376930701455,0.0,0.00015314602782818792,0.0,0.0,0.0,0.0,0.0,0.006102689496812273,0.0,,,0.0,0.0,0.0,0.0,0.00031646883655494937,0.0,8.483735360812381e-05,0.0,0.0,0.0,0.0,0.0,0.0,0.0,0.0,0.0,0.0,0.0,0.0,0.0,0.0021376918880230866,0.0,3.7701258065654685e-05,0.0,0.0,0.0,0.0,0.0,0.0,0.0,0.0,0.0,0.0,0.0,0.00021348603945623126,0.0,0.003385870450954544,0.0,0.00015510934407265384,0.0,0.00020609245575539843,0.0,0.0,0.0,0.0006676257581132953,0.0,0.004724385114096934,0.0,0.0008240264654182459,0.0,0.00017273444700547342,0.0,0.001628940503289885,0.0,0.6887463234485157,0.0,0.006634120975668753,0.0,0.03210110403597353,0.0,0.027004379530747684,0.0,0.009174627581870208,0.0,0.0022692765643503735,0.0,0.013552207408206222,0.0,0.0,,0.013877700931126467,0.0,0.0059626179454088865,0.0,0.07922409518525514,0.0,0.0637944122155507,0.0,0.0021493404094750134,0.0,0.0,,0.0,,0.007479172521270762,0.0,0.0,,0.00015498930527728957,2.0,0.0009212423979728321,0.0,0.0,0.0,0.00041912514367138,2.0,0.021764984851082116,0.0,0.0008103806797986053,0.0,0.014851228816301652,0.0,0.00037867596152598923,0.0,4.173680229409286e-05,0.0,0.0,0.0,0.0,,0.0,0.0,0.0,,0.0,,0.0,,0.0,,0.0,,0.0,0.0,0.0,,0.0,0.0,0.0,,0.0,,0.0,,,,,,,,0.0,,,,,,,,,,,,0.0021996489943581026,0.0,0.0002645484178173953,0.0,8.09310144939855e-05,0.0,0.0,0.0,0.0,0.0,0.00019696873993865806,0.0,0.0007611708368189258,0.0,0.0,0.0,0.0005468130352239486,0.0,0.0,0.0,0.0,0.0,0.0,0.0,0.0,0.0,0.0,0.0,0.0,0.0,6.422953845227968e-05,0.0,0.0,0.0,0.0005443490418406519,0.0,0.0,0.0,0.013830067606509747,0.0,0.00021050600776946113,2.0,0.0,0.0,0.0,,0.0,0.0,0.0,,0.0,,0.0,,,,,,,,,,,,,,,,,,,,,,0,3,81,8
2024-03-16,,,,,,,,,,,,,,,0.00044185671234317096,0.0,,,,,,,,,,,,,,,,,,,,,,,,,0.0,0.0,,,,,,,,,,,,,0.0005555339933682967,0.0,0.001572896910440729,0.0,0.00030629205565637583,0.0,0.0,0.0,0.0,0.0,0.0053795542748223905,0.0,,,0.0,0.0,0.0,0.0,0.0005484556820573581,0.0,0.00016967470721624762,0.0,0.0,0.0,0.0,0.0,0.0,0.0,0.0,0.0,0.0,0.0,0.0,0.0,0.001361160625463242,0.0,0.0,0.0,0.0,0.0,0.0,0.0,0.0,0.0,0.0,0.0,0.0,0.0,0.0,0.0,0.003301570597555316,0.0,0.0003102186881453077,0.0,0.0,0.0,0.0,0.0,0.000734924588957,0.0,0.004176605237467591,0.0,0.0004789267446950355,0.0,0.0,0.0,0.000855331618954642,0.0,0.6558179624619023,0.0,0.00671899153922608,0.0,0.0309693682938814,0.0,0.02885237776984766,0.0,0.01140381686170307,0.0,0.003896060358134189,0.0,0.013872927715701392,0.0,0.0,,0.016511665856731743,0.0,0.007371293863764466,0.0,0.08564933836460109,0.0,0.06909805138905839,0.0,0.003979288092038227,0.0,0.0,,0.0,,0.01206558108329768,0.0,0.0,,0.00030997861055457915,0.0,0.0015238935635092034,0.0,0.0,0.0,0.00083825028734276,0.0,0.025266341927150826,0.0,0.0015081375022418287,0.0,0.01792423812938584,0.0,0.0004986983590891857,0.0,0.0,0.0,0.0,0.0,0.0,,0.0,0.0,0.0,,0.0,,0.0,,0.0,,0.0,,0.0,0.0,0.0,,0.0,0.0,0.0,,0.0,,0.0,,,,,,,,0.0,,,,,,,,,,,,0.0014201840573560614,0.0,0.0,0.0,0.000161862028987971,0.0,0.0,0.0,0.0,0.0,0.0003939374798773161,0.0,0.0010565839662786838,0.0,0.0,0.0,0.0005065330468792034,0.0,0.0,0.0,0.0,0.0,0.0,0.0,0.0,0.0,0.0,0.0,0.0,0.0,0.0,0.0,0.0,0.0,0.0007002277603943226,0.0,0.0,0.0,0.014339810935780361,0.0,0.00042101201553892227,0.0,0.0,0.0,0.0,,0.0,0.0,0.0,,0.0,,0.0,,,,,,,,,,,,,,,,,,,,,,0,0,84,9
2024-03-23,,,,,,,,,,,,,,,0.0004156552560586838,0.0,,,,,,,,,,,,,,,,,,,,,,,,,0.0,0.0,,,,,,,,,,,,,0.0004132231405565035,0.0,0.0020836056257041826,0.0,0.00015314602782818792,0.0,0.0,0.0,0.0,0.0,0.005333241099812126,0.0,,,0.0,0.0,0.0,0.0,0.00027422784102867903,0.0,8.483735360812381e-05,0.0,0.0,0.0,7.116324007348276e-05,0.0,0.0,0.0,0.0,0.0,0.00020281197842751333,0.0,0.0,0.0,0.0013794625920283093,0.0,0.0,0.0,0.0,0.0,0.0,0.0,0.0,0.0,0.0,0.0,0.0,0.0,0.0,0.0,0.0029519156989721096,0.0,0.00015510934407265384,0.0,0.0,0.0,0.0,0.0,0.0003674622944785,0.0,0.0020883026187337953,0.0,0.00023946337234751776,0.0,0.00044928895243042863,0.0,0.0008788723883503926,0.0,0.5955587559810249,0.0,0.011184060091200494,0.0,0.01575423688530763,0.0,0.03330116895958777,0.0,0.014440482736666864,0.0,0.004842884826107966,0.0,0.022489714021644236,0.0,0.0,,0.015106240786345893,0.0,0.006148411806120871,0.0,0.10198632292449471,0.0,0.06601097676903005,0.0,0.007924318804483185,0.0,0.0010223600208215812,2.0,0.0004581625119802146,2.0,0.02048049112717648,0.0,0.0,,0.0013361808638970728,0.0,0.004878052349418488,0.0,0.0,0.0,0.0017521462787407878,0.0,0.024017782912900014,0.0,0.004035905818454869,0.0,0.015619092171878644,0.0,0.00024934917954459284,0.0,0.0015967819986312834,0.0,0.0,0.0,0.0,,0.0,0.0,0.0,,0.0,,0.0,,0.0,,0.0,,0.0,0.0,0.0,,0.0,0.0,0.0,,0.0,,0.0,,,,,,,,0.0,,,,,,,,,,,,0.0015538872953789124,0.0,0.0005265790311133543,0.0,0.00018148390713621383,0.0,0.0,0.0,0.0,0.0,0.00019696873993865806,0.0,0.0007949608976461469,0.0,0.0,0.0,0.0002532665234396017,0.0,0.0,0.0,0.0,0.0,0.0,0.0,0.0,0.0,0.0,0.0,0.0,0.0,0.0,0.0,0.0,0.0,0.0003501138801971613,0.0,0.0,0.0,0.016237754857034513,0.0,0.0009083352132518704,0.0,0.00014336261665445833,0.0,0.0,,0.0,0.0,0.0,,0.0,,0.0,,,,,,,,,,,,,,,,,,,,,,0,2,84,10
2024-03-30,,,,,,,,,,,,,,,0.0003894537997741967,0.0,,,,,,,,,,,,,,,,,,,,,,,,,0.0,0.0,,,,,,,,,,,,,0.0002709122877447104,0.0,0.002594314340967636,0.0,0.0,0.0,0.0,0.0,0.0,0.0,0.005286927924801863,0.0,,,0.0,0.0,0.0,0.0,0.0,0.0,0.0,0.0,0.0,0.0,0.00014232648014696553,0.0,0.0,0.0,0.0,0.0,0.00040562395685502667,0.0,0.0,0.0,0.0013977645585933765,0.0,0.0,0.0,0.0,0.0,0.0,0.0,0.0,0.0,0.0,0.0,0.0,0.0,0.0,0.0,0.0026022608003889035,0.0,0.0,0.0,0.0,0.0,0.0,0.0,0.0,0.0,0.0,0.0,0.0,0.0,0.0008985779048608573,0.0,0.0009024131577461433,0.0,0.5352995495001475,0.0,0.01564912864317491,0.0,0.0005391054767338633,0.0,0.037749960149327876,0.0,0.017477148611630657,0.0,0.005789709294081743,0.0,0.03110650032758708,0.0,0.0,,0.013700815715960043,0.0,0.004925529748477275,0.0,0.11832330748438832,0.0,0.0629239021490017,0.0,0.01186934951692814,0.0,0.0020447200416431623,0.0,0.0009163250239604292,0.0,0.028895401171055282,0.0,0.0,,0.0023623831172395666,0.0,0.008232211135327771,0.0,0.0,0.0,0.002666042270138816,0.0,0.022769223898649202,0.0,0.00656367413466791,0.0,0.013313946214371446,0.0,0.0,0.0,0.0031935639972625668,0.0,0.0,0.0,0.0,,0.0,0.0,0.0,,0.0,,0.0,,0.0,,0.0,,0.0,0.0,0.0,,0.0,0.0,0.0,,0.0,,0.0,,,,,,,,0.0,,,,,,,,,,,,0.0016875905334017634,0.0,0.0010531580622267086,0.0,0.0002011057852844567,0.0,0.0,0.0,0.0,0.0,0.0,0.0,0.00053333782901361,0.0,0.0,0.0,0.0,0.0,0.0,0.0,0.0,0.0,0.0,0.0,0.0,0.0,0.0,0.0,0.0,0.0,0.0,0.0,0.0,0.0,0.0,0.0,0.0,0.0,0.01813569877828866,0.0,0.0013956584109648185,0.0,0.00028672523330891666,0.0,0.0,,0.0,0.0,0.0,,0.0,,0.0,,,,,,,,,,,,,,,,,,,,,,0,0,86,11
2024-04-06,,,,,,,,,,,,,,,0.00019472689988709834,0.0,,,,,,,,,,,,,,,,,,,,,,,,,0.0,0.0,,,,,,,,,,,,,0.0001354561438723552,0.0,0.004664618567663327,0.0,0.0,0.0,0.0,0.0,0.0,0.0,0.004309040273341635,0.0,,,0.0,0.0,0.0,0.0,0.0,0.0,0.0,0.0,0.0,0.0,7.116324007348276e-05,0.0,0.0,0.0,0.0,0.0,0.00020281197842751333,0.0,0.0,0.0,0.0009587786547767061,0.0,0.0,0.0,0.0,0.0,0.0,0.0,0.0,0.0,0.0,0.0,0.0,0.0,0.00029219443344375,0.0,0.0025416555740848655,0.0,0.0,0.0,0.0,0.0,0.0,0.0,0.0004925552137388501,0.0,0.0003835674839953069,0.0,0.0,0.0,0.0016623182122462213,0.0,0.00045120657887307166,0.0,0.4729151462001362,0.0,0.019471613100419394,0.0,0.0004931168947875798,0.0,0.04529656908078779,0.0,0.018358330682764164,0.0,0.008790718780848597,0.0,0.028586385636750946,0.0,0.0005677780852867846,2.0,0.016165409203884804,0.0,0.008202336400885238,0.0,0.1321563517096741,0.0,0.06342770529418493,0.0,0.012740085646510066,0.0,0.0010223600208215812,0.0,0.0007134334209694688,0.0,0.04709768086543366,0.0,0.00020408256386870454,2.0,0.0034081111589329815,0.0,0.014675115065320397,0.0,0.0,0.0,0.004289739546365991,0.0,0.02953533176332709,0.0,0.008119394930502071,0.0,0.011919974355426171,0.0,0.0020794206897594893,0.0,0.006549958824869889,0.0,0.0,0.0,0.0002298675703059225,2.0,0.0,0.0,0.0,,0.0,,0.0,,0.0,,0.0,,0.0,0.0,0.0,,0.0,0.0,0.0,,0.0,,0.0,,,,,,,,0.0,,,,,,,,,,,,0.0016265910520249886,0.0,0.001394716640630611,0.0,0.00010055289264222834,0.0,0.0002538524365393268,0.0,0.0,0.0,0.0,0.0,0.0008236581255492332,0.0,0.0,0.0,0.0002902949259064278,0.0,0.0,0.0,0.0,0.0,0.0,0.0,0.0,0.0,0.0,0.0,0.0,0.0,0.0,0.0,0.0,0.0,0.0,0.0,0.0,0.0,0.015095569991639635,0.0,0.0018020589454357666,0.0,0.00014336261665445833,0.0,0.0,,0.0,0.0,0.0,,0.0,,0.0,,,,,,,,,,,,,,,,,,,,,,0,3,86,12
2024-04-13,,,,,,,,,,,,,,,0.0,0.0,,,,,,,,,,,,,,,,,,,,,,,,,0.0,0.0,,,,,,,,,,,,,0.0,0.0,0.006734922794359019,0.0,0.0,0.0,0.0,0.0,0.0,0.0,0.003331152621881407,0.0,,,0.0,0.0,0.0,0.0,0.0,0.0,0.0,0.0,0.0,0.0,0.0,0.0,0.0,0.0,0.0,0.0,0.0,0.0,0.0,0.0,0.0005197927509600357,0.0,0.0,0.0,0.0,0.0,0.0,0.0,0.0,0.0,0.0,0.0,0.0,0.0,0.0005843888668875,0.0,0.0024810503477808274,0.0,0.0,0.0,0.0,0.0,0.0,0.0,0.0009851104274777001,0.0,0.0007671349679906138,0.0,0.0,0.0,0.0024260585196315856,0.0,0.0,0.0,0.4105307429001249,0.0,0.023294097557663873,0.0,0.00044712831284129614,0.0,0.05284317801224771,0.0,0.019239512753897667,0.0,0.011791728267615452,0.0,0.02606627094591481,0.0,0.0011355561705735692,0.0,0.018630002691809568,0.0,0.0114791430532932,0.0,0.1459893959349599,0.0,0.06393150843936816,0.0,0.013610821776091991,0.0,0.0,0.0,0.0005105418179785084,0.0,0.06529996055981203,0.0,0.0004081651277374091,0.0,0.004453839200626396,0.0,0.021118018995313025,0.0,0.0,0.0,0.005913436822593167,0.0,0.03630143962800498,0.0,0.009675115726336234,0.0,0.010526002496480896,0.0,0.004158841379518979,0.0,0.009906353652477213,0.0,0.0,0.0,0.000459735140611845,0.0,0.0,0.0,0.0,,0.0,,0.0,,0.0,,0.0,,0.0,0.0,0.0,,0.0,0.0,0.0,,0.0,,0.0,,,,,,,,0.0,,,,,,,,,,,,0.0015655915706482139,0.0,0.001736275219034513,0.0,0.0,0.0,0.0005077048730786536,0.0,0.0,0.0,0.0,0.0,0.0011139784220848565,0.0,0.0,0.0,0.0005805898518128556,0.0,0.0,0.0,0.0,0.0,0.0,0.0,0.0,0.0,0.0,0.0,0.0,0.0,0.0,0.0,0.0,0.0,0.0,0.0,0.0,0.0,0.012055441204990608,0.0,0.002208459479906715,0.0,0.0,0.0,0.0,,0.0,0.0,0.0,,0.0,,0.0,,,,,,,,,,,,,,,,,,,,,,0,0,89,13
2024-04-20,,,,,,,,,,,,,,,0.00033235279596945577,0.0,,,,,,,,,,,,,,,,,,,,,,,,,0.0,0.0,,,,,,,,,,,,,0.0,0.0,0.0058212727931926285,0.0,0.0,0.0,0.0,0.0,0.0,0.0,0.0026517425157820823,0.0,,,0.0,0.0,0.0,0.0,0.0,0.0,0.0,0.0,0.0,0.0,0.0,0.0,0.0,0.0,0.0,0.0,0.0,0.0,0.0,0.0,0.0005198994066241446,0.0,0.0,0.0,0.0,0.0,0.0,0.0,0.0,0.0,0.0,0.0,0.0,0.0,0.00029219443344375,0.0,0.0014961233971033541,0.0,0.0,0.0,0.0,0.0,0.0,0.0,0.0004925552137388501,0.0,0.0019755021069259083,0.0,0.0,0.0,0.0017393790520145104,0.0,0.0003605591014742464,0.0,0.3555458571780198,0.0,0.029833974955337343,0.0,0.0007360735023041909,0.0,0.049860173797354135,0.0,0.02399885545489306,0.0,0.014839112141786414,0.0,0.019442517868817608,0.0,0.0007883933587715769,0.0,0.017901675210201265,0.0,0.008227232283119213,0.0,0.14259082065170325,0.0,0.053744350651765346,0.0,0.025514884599085314,0.0,0.0012760528673728083,0.0,0.001952609318323029,0.0,0.08817310041284615,0.0,0.00033587117914890227,0.0,0.0106524466585445,0.0,0.03011663209161708,0.0,0.0,0.0,0.006202517868950916,0.0,0.03498258358532824,0.0,0.010891414018071862,0.0,0.01191173452883954,0.0,0.0043746339589623056,0.0,0.01473231226205821,0.0,0.0,0.0,0.00042964647739907665,0.0,0.0,0.0,0.0,,0.0,,0.0,,0.0,,0.0,,0.0,0.0,0.0,,0.0,0.0,0.0,,0.0,,0.0,,,,,,,,0.0,,,,,,,,,,,,0.0010893356111364605,0.0,0.0015529235926172759,0.0,0.0,0.0,0.0002538524365393268,0.0,0.0,0.0,0.0,0.0,0.0008845843364605583,0.0,0.0,0.0,0.0005323416817527537,0.0,0.0,0.0,0.0,0.0,0.0,0.0,0.0,0.0,0.0,0.0,0.0,0.0,0.0,0.0,0.0,0.0,0.0,0.0,0.0,0.0,0.01450740008876117,0.0,0.006880980215673458,0.0,0.0,0.0,0.0,,0.0,0.0,0.0,,0.0,,0.0,,,,,,,,,,,,,,,,,,,,,,0,0,89,14
2024-04-27,,,,,,,,,,,,,,,0.0006647055919389115,0.0,,,,,,,,,,,,,,,,,,,,,,,,,0.0,0.0,,,,,,,,,,,,,0.0,0.0,0.004907622792026239,0.0,0.0,0.0,0.0,0.0,0.0,0.0,0.001972332409682757,0.0,,,0.0,0.0,0.0,0.0,0.0,0.0,0.0,0.0,0.0,0.0,0.0,0.0,0.0,0.0,0.0,0.0,0.0,0.0,0.0,0.0,0.0005200060622882536,0.0,0.0,0.0,0.0,0.0,0.0,0.0,0.0,0.0,0.0,0.0,0.0,0.0,0.0,0.0,0.0005111964464258807,0.0,0.0,0.0,0.0,0.0,0.0,0.0,0.0,0.0,0.003183869245861203,0.0,0.0,0.0,0.001052699584397435,0.0,0.0007211182029484928,0.0,0.30056097145591465,0.0,0.03637385235301081,0.0,0.0010250186917670858,0.0,0.04687716958246056,0.0,0.02875819815588845,0.0,0.017886496015957376,0.0,0.012818764791720401,0.0,0.0004412305469695846,0.0,0.017173347728592962,0.0,0.004975321512945226,0.0,0.1391922453684466,0.0,0.043557192864162535,0.0,0.03741894742207864,0.0,0.0025521057347456166,0.0,0.00339467681866755,0.0,0.11104624026588027,0.0,0.00026357723056039546,0.0,0.016851054116462604,0.0,0.03911524518792114,0.0,0.0,0.0,0.006491598915308664,0.0,0.033663727542651505,0.0,0.01210771230980749,0.0,0.013297466561198184,0.0,0.0045904265384056325,0.0,0.019558270871639204,0.0,0.0,0.0,0.0003995578141863083,0.0,0.0,0.0,0.0,,0.0,,0.0,,0.0,,0.0,,0.0,0.0,0.0,,0.0,0.0,0.0,,0.0,,0.0,,,,,,,,0.0,,,,,,,,,,,,0.0006130796516247072,0.0,0.001369571966200039,0.0,0.0,0.0,0.0,0.0,0.0,0.0,0.0,0.0,0.00065519025083626,0.0,0.0,0.0,0.00048409351169265185,0.0,0.0,0.0,0.0,0.0,0.0,0.0,0.0,0.0,0.0,0.0,0.0,0.0,0.0,0.0,0.0,0.0,0.0,0.0,0.0,0.0,0.016959358972531733,0.0,0.0115535009514402,0.0,0.0,0.0,0.0,,0.0,0.0,0.0,,0.0,,0.0,,,,,,,,,,,,,,,,,,,,,,0,0,89,15
2024-05-04,,,,,,,,,,,,,,,0.00033235279596945577,0.0,,,,,,,,,,,,,,,,,,,,,,,,,0.0,0.0,,,,,,,,,,,,,0.0,0.0,0.0024538113960131196,0.0,0.0005459035294026667,0.0,0.0,0.0,0.0,0.0,0.0014204685880386896,0.0,,,0.0,0.0,0.0,0.0,0.0,0.0,0.0,0.0,0.0,0.0,0.0,0.0,0.0,0.0,0.0,0.0,0.0,0.0,0.0,0.0,0.0006163958015139268,0.0,0.0,0.0,0.0,0.0,0.0,0.0,0.0,0.0,0.0,0.0,0.0,0.0,0.0,0.0,0.0002555982232129404,0.0,0.0,0.0,0.0,0.0,0.0,0.0,0.0,0.0,0.0015919346229306016,0.0,0.0,0.0,0.0017034088130457817,0.0,0.0003605591014742464,0.0,0.2599484817415634,0.0,0.03367101472541291,0.0,0.0005125093458835429,0.0,0.03693347214465281,0.0,0.0317863106909922,0.0,0.019808153304588613,0.0,0.01624515889626406,0.0,0.0008280153090778461,0.0,0.014347320211873824,0.0,0.006951298357711854,0.0,0.1255818354409365,0.0,0.03876513931490885,0.0,0.04065560223781081,0.0,0.005129072776374671,0.0,0.0038022327547271523,0.0,0.12318420216007517,0.0,0.0009632733437518045,0.0,0.022685858692663357,0.0,0.06703981138499715,0.0,0.0,0.0,0.008120993916388734,0.0,0.028439665140544648,0.0,0.01650321405882441,0.0,0.009011832652268535,0.0,0.007095536916201305,0.0,0.033680889531969974,0.0,0.0,0.0,0.0027498072395246206,0.0,0.0,0.0,0.0,,0.0,,0.0,,0.0,,0.0003619803464971229,2.0,0.0,0.0,0.0,,0.0,0.0,0.0,,0.0,,0.0,,,,,,,,0.0,,,,,,,,,,,,0.0003065398258123536,0.0,0.0014296533367798522,0.0,0.0,0.0,0.0,0.0,0.0,0.0,0.0,0.0,0.0010724624790979626,0.0,0.0,0.0,0.00024204675584632592,0.0,0.0,0.0,0.0,0.0,0.0,0.0,0.0,0.0,0.0,0.0,0.0,0.0,0.0,0.0,0.0,0.0,0.0,0.0,0.0,0.0,0.014518092869332515,0.0,0.0140065764566814,0.0,0.0,0.0,0.0,,0.0,0.0,0.0,,0.0,,0.0,,,,,,,,,,,,,,,,,,,,,,0,1,89,16
2024-05-11,,,,,,,,,,,,,,,0.0,0.0,,,,,,,,,,,,,,,,,,,,,,,,,0.0,0.0,,,,,,,,,,,,,0.0,0.0,0.0,0.0,0.0010918070588053334,0.0,0.0,0.0,0.0,0.0,0.0008686047663946222,0.0,,,0.0,0.0,0.0,0.0,0.0,0.0,0.0,0.0,0.0,0.0,0.0,0.0,0.0,0.0,0.0,0.0,0.0,0.0,0.0,0.0,0.0007127855407396,0.0,0.0,0.0,0.0,0.0,0.0,0.0,0.0,0.0,0.0,0.0,0.0,0.0,0.0,0.0,0.0,0.0,0.0,0.0,0.0,0.0,0.0,0.0,0.0,0.0,0.0,0.0,0.0,0.0,0.0023541180416941287,0.0,0.0,0.0,0.21933599202721205,0.0,0.030968177097815002,0.0,0.0,0.0,0.026989774706845056,0.0,0.03481442322609595,0.0,0.021729810593219847,0.0,0.01967155300080772,0.0,0.0012148000711861076,0.0,0.011521292695154685,0.0,0.008927275202478482,0.0,0.11197142551342641,0.0,0.03397308576565518,0.0,0.04389225705354298,0.0,0.007706039818003725,0.0,0.004209788690786754,0.0,0.13532216405427008,0.0,0.0016629694569432136,0.0,0.02852066326886411,0.0,0.09496437758207316,0.0,0.0,0.0,0.009750388917468805,0.0,0.02321560273843779,0.0,0.020898715807841327,0.0,0.004726198743338885,0.0,0.009600647293996978,0.0,0.047803508192300746,0.0,0.0,0.0,0.005100056664862933,0.0,0.0,0.0,0.0,,0.0,,0.0,,0.0,,0.0007239606929942458,0.0,0.0,0.0,0.0,,0.0,0.0,0.0,,0.0,,0.0,,,,,,,,0.0,,,,,,,,,,,,0.0,0.0,0.0014897347073596651,0.0,0.0,0.0,0.0,0.0,0.0,0.0,0.0,0.0,0.0014897347073596651,0.0,0.0,0.0,0.0,0.0,0.0,0.0,0.0,0.0,0.0,0.0,0.0,0.0,0.0,0.0,0.0,0.0,0.0,0.0,0.0,0.0,0.0,0.0,0.0,0.0,0.0120768267661333,0.0,0.016459651961922603,0.0,0.0,0.0,0.0,,0.0,0.0,0.0,,0.0,,0.0,,,,,,,,,,,,,,,,,,,,,,0,0,90,17
2024-05-18,,,,,,,,,,,,,,,5.0218015530825e-05,0.0,,,,,,,,,,,,,,,,,,,,,,,,,0.0,0.0,,,,,,,,,,,,,0.000110144842183192,0.0,0.0004811247868928825,0.0,0.0005459035294026667,0.0,0.0,0.0,0.0,0.0,0.0011039751964011092,0.0,,,0.0,0.0,0.0,0.0,0.0,0.0,0.0,0.0,0.0,0.0,0.0,0.0,0.0,0.0,0.000345353837474225,0.0,0.0,0.0,0.0,0.0,0.0003563927703698,0.0,0.0,0.0,0.0,0.0,0.0,0.0,0.0,0.0,0.0,0.0,0.0,0.0,0.0,0.0,0.0,0.0,0.0,0.0,0.0,0.0,0.0,0.0,0.0,0.0,0.0003705089217803827,0.0,0.0,0.0,0.0011770590208470644,0.0,0.0,0.0,0.17515618547245304,0.0,0.030211746066469022,0.0,0.0004430065556124596,0.0,0.022620913823350075,0.0,0.028182399776257368,0.0,0.02963972686288443,0.0,0.02332298119480788,0.0,0.0013746703267455114,0.0,0.00741070491793106,0.0,0.007824387537740639,0.0,0.08850951796063242,0.0,0.027232172182546168,0.0,0.05398786612162814,0.0,0.012300468554409796,0.0,0.006599347711825278,0.0,0.13865605807542117,0.0,0.003907371436732522,0.0,0.0412000438664108,0.0,0.1268246400241668,0.0,0.00027716619024429164,0.0,0.011180376515066554,0.0,0.019726417916654387,0.0,0.023033983868993628,0.0,0.004272682287636036,0.0,0.00902644364956623,0.0,0.06367795380835345,0.0,0.0,0.0,0.005763721021745917,0.0,0.0,0.0,0.0,,0.0,,0.0,,0.0,,0.0022830058684727293,0.0,0.0,0.0,0.0,,0.0,0.0,0.0,,0.0,,0.0,,,,,,,,0.0,,,,,,,,,,,,0.0,0.0,0.0007448673536798326,0.0,0.0,0.0,0.0,0.0,0.0,0.0,0.0,0.0,0.0007448673536798326,0.0,0.0,0.0,0.00036328946813365384,0.0,0.0,0.0,0.0,0.0,0.0,0.0,0.0,0.0,0.0,0.0,0.0,0.0,0.0,0.0,0.0,0.0,0.0,0.0,0.0,0.0,0.010196835305541725,0.0,0.01284661313010883,0.0,0.0,0.0,0.0,,0.0,0.0,0.0,,0.0,,0.0,,,,,,,,,,,,,,,,,,,,,,0,0,90,18
2024-05-25,,,,,,,,,,,,,,,0.00010043603106165,0.0,,,,,,,,,,,,,,,,,,,,,,,,,0.0,0.0,,,,,,,,,,,,,0.000220289684366384,0.0,0.000962249573785765,0.0,0.0,0.0,0.0,0.0,0.0,0.0,0.0013393456264075962,0.0,,,0.0,0.0,0.0,0.0,0.0,0.0,0.0,0.0,0.0,0.0,0.0,0.0,0.0,0.0,0.00069070767494845,0.0,0.0,0.0,0.0,0.0,0.0,0.0,0.0,0.0,0.0,0.0,0.0,0.0,0.0,0.0,0.0,0.0,0.0,0.0,0.0,0.0,0.0,0.0,0.0,0.0,0.0,0.0,0.0,0.0,0.0,0.0,0.0007410178435607654,0.0,0.0,0.0,0.0,0.0,0.0,0.0,0.13097637891769406,0.0,0.02945531503512304,0.0,0.0008860131112249192,0.0,0.018252052939855094,0.0,0.021550376326418787,0.0,0.037549643132549014,0.0,0.026974409388808043,0.0,0.0015345405823049155,0.0,0.003300117140707435,0.0,0.0067214998730027965,0.0,0.06504761040783841,0.0,0.020491258599437158,0.0,0.0640834751897133,0.0,0.016894897290815867,0.0,0.0089889067328638,0.0,0.14198995209657225,0.0,0.006151773416521831,0.0,0.0538794244639575,0.0,0.15868490246626044,0.0,0.0005543323804885833,0.0,0.012610364112664306,0.0,0.016237233094870983,0.0,0.025169251930145933,0.0,0.0038191658319331884,0.0,0.00845224000513548,0.0,0.07955239942440614,0.0,0.0,0.0,0.0064273853786289,0.0,0.0,0.0,0.0,,0.0,,0.0,,0.0,,0.003842051043951213,0.0,0.0,0.0,0.0,,0.0,0.0,0.0,,0.0,,0.0,,,,,,,,0.0,,,,,,,,,,,,0.0,0.0,0.0,0.0,0.0,0.0,0.0,0.0,0.0,0.0,0.0,0.0,0.0,0.0,0.0,0.0,0.0007265789362673077,0.0,0.0,0.0,0.0,0.0,0.0,0.0,0.0,0.0,0.0,0.0,0.0,0.0,0.0,0.0,0.0,0.0,0.0,0.0,0.0,0.0,0.008316843844950149,0.0,0.009233574298295055,0.0,0.0,0.0,0.0,,0.0,0.0,0.0,,0.0,,0.0,,,,,,,,,,,,,,,,,,,,,,0,0,90,19
2024-06-01,,,,,,,,,,,,,,,0.000791217797523087,0.0,,,,,,,,,,,,,,,,,,,,,,,,,0.0,0.0,,,,,,,,,,,,,0.0003505856991250295,0.0,0.0007125121203716384,0.0,0.00015714293998745,0.0,0.0,0.0,0.0,0.0,0.0010048246806548856,0.0,,,0.0,0.0,0.0,0.0,0.0,0.0,0.0,0.0,0.0,0.0,0.0,0.0,0.0,0.0,0.000345353837474225,0.0,0.0,0.0,0.0,0.0,0.0005749893413545917,0.0,0.0,0.0,0.0,0.0,0.0,0.0,0.0,0.0,0.0,0.0,0.0,0.0,0.0,0.0,0.0,0.0,0.0,0.0,0.0,0.0,0.0,0.0,0.0,0.0,0.0003705089217803827,0.0,0.0,0.0,0.0,0.0,0.0,0.0,0.11396326854825017,0.0,0.02315309528834539,0.0,0.0008025372243846596,0.0,0.013375371981125546,0.0,0.020593544414553456,0.0,0.03351778000020059,0.0,0.023858384126080864,0.0,0.001428870824523796,0.0,0.004215664210765065,0.0,0.004866537527951286,0.0,0.051093550016864706,0.0,0.014651592664707119,0.0,0.06220930204655112,0.0,0.01797955462737287,0.0,0.00811986671643082,0.0,0.13924406993847624,0.0,0.004820322723720518,0.0,0.0674279485053072,0.0,0.19982496871398042,0.0,0.0058164173712308385,0.0,0.01338523716146762,0.0,0.011779426792636457,0.0,0.01966767528072172,0.0,0.003624859986146148,0.0,0.007427343847230029,0.0,0.08770958970372489,0.0,0.0007713711432491417,0.0,0.009661389495401275,0.0,0.0,0.0,0.0,,0.0,,0.0,,0.0,,0.00728491473516134,0.0,0.0,0.0,0.0,,0.0,0.0,0.0,,0.0,,0.0,,,,,,,,0.0,,,,,,,,,,,,0.0,0.0,0.0,0.0,0.0,0.0,0.0,0.0,0.0,0.0,0.0,0.0,0.0,0.0,0.0,0.0,0.0004921157590897995,0.0,0.0,0.0,0.0,0.0,0.0,0.0,0.0,0.0,0.0,0.0,0.0,0.0,0.0,0.0,0.0,0.0,0.0,0.0,0.0,0.0,0.007308569541200924,0.0,0.011146604227410074,0.0,0.0,0.0,0.0,,0.0,0.0,0.0,,0.0,,0.0,,,,,,,,,,,,,,,,,,,,,,0,0,90,20
2024-06-08,,,,,,,,,,,,,,,0.0014819995639845241,0.0,,,,,,,,,,,,,,,,,,,,,,,,,0.0,0.0,,,,,,,,,,,,,0.00048088171388367494,0.0,0.000462774666957512,0.0,0.0003142858799749,0.0,0.0,0.0,0.0,0.0,0.0006703037349021749,0.0,,,0.0,0.0,0.0,0.0,0.0,0.0,0.0,0.0,0.0,0.0,0.0,0.0,0.0,0.0,0.0,0.0,0.0,0.0,0.0,0.0,0.0011499786827091833,0.0,0.0,0.0,0.0,0.0,0.0,0.0,0.0,0.0,0.0,0.0,0.0,0.0,0.0,0.0,0.0,0.0,0.0,0.0,0.0,0.0,0.0,0.0,0.0,0.0,0.0,0.0,0.0,0.0,0.0,0.0,0.0,0.0,0.09695015817880627,0.0,0.016850875541567743,0.0,0.0007190613375444,0.0,0.008498691022396,0.0,0.019636712502688124,0.0,0.029485916867852152,0.0,0.02074235886335369,0.0,0.001323201066742677,0.0,0.005131211280822696,0.0,0.003011575182899776,0.0,0.037139489625891,0.0,0.00881192672997708,0.0,0.060335128903388935,0.0,0.019064211963929874,0.0,0.00725082669999784,0.0,0.13649818778038023,0.0,0.0034888720309192043,0.0,0.0809764725466569,0.0,0.2409650349617004,0.0,0.011078502361973093,0.0,0.014160110210270934,0.0,0.007321620490401932,0.0,0.014166098631297504,0.0,0.0034305541403591077,0.0,0.006402447689324576,0.0,0.09586677998304363,0.0,0.0015427422864982834,0.0,0.01289539361217365,0.0,0.0,0.0,0.0,,0.0,,0.0,,0.0,,0.010727778426371466,0.0,0.0,0.0,0.0,,0.0,0.0,0.0,,0.0,,0.0,,,,,,,,0.0,,,,,,,,,,,,0.0,0.0,0.0,0.0,0.0,0.0,0.0,0.0,0.0,0.0,0.0,0.0,0.0,0.0,0.0,0.0,0.00025765258191229134,0.0,0.0,0.0,0.0,0.0,0.0,0.0,0.0,0.0,0.0,0.0,0.0,0.0,0.0,0.0,0.0,0.0,0.0,0.0,0.0,0.0,0.0063002952374517,0.0,0.013059634156525092,0.0,0.0,0.0,0.0,,0.0,0.0,0.0,,0.0,,0.0,,,,,,,,,,,,,,,,,,,,,,0,0,90,21
2024-06-15,,,,,,,,,,,,,,,0.0010488119040140016,0.0,,,,,,,,,,,,,,,,,,,,,,,,,0.0,0.0,,,,,,,,,,,,,0.0002844665618201592,0.0,0.00038862418266940603,0.0,0.00015714293998745,0.0,0.0,0.0,0.0,0.0,0.00046778942932951576,0.0,,,0.0,0.0,0.0,0.0,0.0,0.0,0.0,0.0,0.0,0.0,0.0,0.0,0.0,0.0,0.0,0.0,0.0,0.0,0.0,0.0,0.0007119806480962062,0.0,0.0,0.0,0.0,0.0,0.0,0.0,0.0,0.0,0.0,0.0,0.0,0.0,0.0,0.0,0.0,0.0,0.0,0.0,0.0,0.0,0.0,0.0,0.0,0.0,0.0,0.0,0.0,0.0,0.0,0.0,0.0,0.0,0.0831335657338301,0.0,0.015605226530005057,0.0,0.0003595306687722,0.0,0.005537513487070028,0.0,0.014525395767439267,0.0,0.027509226416764003,0.0,0.023330917033987694,0.0,0.0012008539096523422,0.0,0.0029674544602311813,0.0,0.0023871825061117066,0.0,0.027942004384121984,0.0,0.005099072587375561,0.0,0.05824821086600418,0.0,0.021526585368019865,0.0,0.006440175889376235,0.0,0.12045899691060181,0.0,0.005908107554370658,0.0,0.10047260004406171,0.0,0.2383780784408251,0.0,0.02013416972476985,0.0,0.013526079704179392,0.0,0.007155784144997549,0.0,0.016214150624970548,0.0,0.0019279028312545123,0.0,0.006842359707225068,0.0,0.12397915739566083,0.0,0.0010334095042909778,0.0,0.013228897279486068,0.0,0.0,0.0,0.0,,0.0,,0.0,,0.0,,0.015146448492052227,0.0,0.0,0.0,0.0,,0.0,0.0,0.0,,0.0,,0.0,,,,,,,,0.0,,,,,,,,,,,,0.0,0.0,0.0,0.0,0.0,0.0,0.0,0.0,0.0,0.0,0.0,0.0,0.0,0.0,0.0,0.0,0.0003874374430155647,0.0,0.0,0.0,0.0,0.0,0.0,0.0,0.0,0.0,0.0,0.0,0.0,0.0,0.0,0.0,0.0,0.0,0.00011786354614581522,0.0,0.0,0.0,0.003594440266776104,0.0,0.009608692442998246,0.0,0.0,0.0,0.0,,0.0,0.0,0.0,,0.0,,0.0,,,,,,,,,,,,,,,,,,,,,,0,0,90,22
2024-06-22,,,,,,,,,,,,,,,0.0006156242440434792,0.0,,,,,,,,,,,,,,,,,,,,,,,,,0.0,0.0,,,,,,,,,,,,,8.805140975664348e-05,0.0,0.0003144736983813,0.0,0.0,0.0,0.0,0.0,0.0,0.0,0.0002652751237568565,0.0,,,0.0,0.0,0.0,0.0,0.0,0.0,0.0,0.0,0.0,0.0,0.0,0.0,0.0,0.0,0.0,0.0,0.0,0.0,0.0,0.0,0.00027398261348322915,0.0,0.0,0.0,0.0,0.0,0.0,0.0,0.0,0.0,0.0,0.0,0.0,0.0,0.0,0.0,0.0,0.0,0.0,0.0,0.0,0.0,0.0,0.0,0.0,0.0,0.0,0.0,0.0,0.0,0.0,0.0,0.0,0.0,0.06931697328885392,0.0,0.014359577518442369,0.0,0.0,0.0,0.002576335951744058,0.0,0.009414079032190409,0.0,0.025532535965675854,0.0,0.025919475204621702,0.0,0.0010785067525620076,0.0,0.0008036976396396667,0.0,0.0017627898293236374,0.0,0.018744519142352967,0.0,0.0013862184447740419,0.0,0.05616129282861943,0.0,0.023988958772109853,0.0,0.005629525078754631,0.0,0.1044198060408234,0.0,0.008327343077822113,0.0,0.11996872754146652,0.0,0.2357911219199498,0.0,0.029189837087566603,0.0,0.012892049198087847,0.0,0.006989947799593167,0.0,0.01826220261864359,0.0,0.00042525152214991665,0.0,0.007282271725125559,0.0,0.15209153480827803,0.0,0.0005240767220836722,0.0,0.013562400946798486,0.0,0.0,0.0,0.0,,0.0,,0.0,,0.0,,0.019565118557732988,0.0,0.0,0.0,0.0,,0.0,0.0,0.0,,0.0,,0.0,,,,,,,,0.0,,,,,,,,,,,,0.0,0.0,0.0,0.0,0.0,0.0,0.0,0.0,0.0,0.0,0.0,0.0,0.0,0.0,0.0,0.0,0.0005172223041188381,0.0,0.0,0.0,0.0,0.0,0.0,0.0,0.0,0.0,0.0,0.0,0.0,0.0,0.0,0.0,0.0,0.0,0.00023572709229163045,0.0,0.0,0.0,0.0008885852961005083,0.0,0.0061577507294714,0.0,0.0,0.0,0.0,,0.0,0.0,0.0,,0.0,,0.0,,,,,,,,,,,,,,,,,,,,,,0,0,90,23
2024-06-29,,,,,,,,,,,,,,,0.0006436912093888483,0.0,,,,,,,,,,,,,,,,,,,,,,,,,0.0,0.0,,,,,,,,,,,,,8.026840315918765e-05,0.0,0.00033757718894930004,0.0,0.0,0.0,0.0,0.0,0.0,0.0,0.00013263756187842826,0.0,,,0.0,0.0,0.0,0.0,0.0,0.0,0.0,0.0,0.0,0.0,0.0,0.0,0.0,0.0,8.315519781632273e-05,0.0,0.0,0.0,0.0,0.0,0.00013699130674161457,0.0,0.0,0.0,0.0,0.0,0.0,0.0,0.0,0.0,0.0,0.0,0.0,0.0,0.0,0.0,0.0,0.0,0.0,0.0,0.0,0.0,0.0,0.0,0.0,0.0,0.00018669284358820216,0.0,0.0,0.0,0.0,0.0,0.0,0.0,0.05327258142980108,0.0,0.011854470596122308,0.0,9.28903345166591e-05,0.0,0.00312148764999654,0.0,0.009349542588967289,0.0,0.025105561413194775,0.0,0.023004129112266167,0.0,0.0019246119504364115,0.0,0.0008348456235777856,0.0,0.0012680706660856556,0.0,0.014516611947961425,0.0,0.00112887178023596,0.0,0.05523789194210063,0.0,0.024635510843085157,0.0,0.004052555990390411,0.0,0.09724704433313526,0.0,0.009344131939790412,0.0,0.12516586919166683,0.0,0.23783686357563816,0.0,0.050575970329573686,0.0,0.011349886345721788,0.0,0.004092197708846227,0.0,0.018328832933152774,0.0,0.00021262576107495832,0.0,0.006516396785522517,0.0,0.15889693209496525,0.0,0.001380083502832914,0.0,0.01235387656513759,0.0,0.0,0.0,0.0,,0.0,,0.0,,0.0,,0.023055528493031163,0.0,0.0,0.0,0.0003841042618862084,2.0,0.0,0.0,0.00025313963795686923,2.0,0.0,,0.0,,,,,,,,0.0,,,,,,,,,,,,0.0,0.0,0.0,0.0,0.0,0.0,0.0,0.0,0.0,0.0,0.0,0.0,0.0,0.0,0.0,0.0,0.0004934524463134358,0.0,0.0,0.0,0.0,0.0,0.0,0.0,0.0,0.0,0.0,0.0,0.0,0.0,0.0,0.0,0.0,0.0,0.00011786354614581522,0.0,0.0,0.0,0.0008605671772638781,0.0,0.006706234766170329,0.0,0.0,0.0,0.0,,0.0,0.0,0.0,,0.0,,0.0,,,,,,,,,,,,,,,,,,,,,,0,2,90,24
2024-07-06,,,,,,,,,,,,,,,0.0006717581747342174,0.0,,,,,,,,,,,,,,,,,,,,,,,,,0.0,0.0,,,,,,,,,,,,,7.248539656173181e-05,0.0,0.0003606806795173,0.0,0.0,0.0,0.0,0.0,0.0,0.0,0.0,0.0,,,0.0,0.0,0.0,0.0,0.0,0.0,0.0,0.0,0.0,0.0,0.0,0.0,0.0,0.0,0.00016631039563264546,0.0,0.0,0.0,0.0,0.0,0.0,0.0,0.0,0.0,0.0,0.0,0.0,0.0,0.0,0.0,0.0,0.0,0.0,0.0,0.0,0.0,0.0,0.0,0.0,0.0,0.0,0.0,0.0,0.0,0.0,0.0,0.0003733856871764043,0.0,0.0,0.0,0.0,0.0,0.0,0.0,0.03722818957074825,0.0,0.009349363673802248,0.0,0.0001857806690333182,0.0,0.003666639348249022,0.0,0.009285006145744169,0.0,0.024678586860713694,0.0,0.020088783019910635,0.0,0.0027707171483108157,0.0,0.0008659936075159045,0.0,0.0007733515028476738,0.0,0.010288704753569883,0.0,0.0008715251156978783,0.0,0.05431449105558183,0.0,0.02528206291406046,0.0,0.0024755869020261913,0.0,0.09007428262544712,0.0,0.010360920801758712,0.0,0.13036301084186716,0.0,0.2398826052313265,0.0,0.07196210357158077,0.0,0.00980772349335573,0.0,0.001194447618099287,0.0,0.01839546324766196,0.0,0.0,0.0,0.005750521845919474,0.0,0.16570232938165247,0.0,0.0022360902835821556,0.0,0.011145352183476695,0.0,0.0,0.0,0.0,,0.0,,0.0,,0.0,,0.026545938428329335,0.0,0.0,0.0,0.0007682085237724168,0.0,0.0,0.0,0.0005062792759137385,0.0,0.0,,0.0,,,,,,,,0.0,,,,,,,,,,,,0.0,0.0,0.0,0.0,0.0,0.0,0.0,0.0,0.0,0.0,0.0,0.0,0.0,0.0,0.0,0.0,0.00046968258850803334,0.0,0.0,0.0,0.0,0.0,0.0,0.0,0.0,0.0,0.0,0.0,0.0,0.0,0.0,0.0,0.0,0.0,0.0,0.0,0.0,0.0,0.0008325490584272479,0.0,0.0072547188028692575,0.0,0.0,0.0,0.0,,0.0,0.0,0.0,,0.0,,0.0,,,,,,,,,,,,,,,,,,,,,,0,0,92,25
2024-07-13,,,,,,,,,,,,,,,0.00034518830042263367,0.0,,,,,,,,,,,,,,,,,,,,,,,,,0.0,0.0,,,,,,,,,,,,,5.494500310379448e-05,0.0,0.0003573155588987,0.0,0.0,0.0,0.0,0.0,0.0,0.0,0.00022711010784733635,0.0,,,0.0,0.0,0.0,0.0,0.0,0.0,0.0,0.0,0.0,0.0,0.0,0.0,0.0,0.0,8.315519781632273e-05,0.0,0.0,0.0,0.0,0.0,1.869849215420682e-05,0.0,0.0,0.0,0.0,0.0,0.0,0.0,0.0,0.0,0.0,0.0,0.0,0.0,0.0,0.0,0.0,0.0,0.0,0.0,0.0,0.0,0.0,0.0,0.0,0.0,0.00018669284358820216,0.0,0.0,0.0,0.0,0.0,0.00017254444920627106,0.0,0.034798611671453955,0.0,0.008017533201354026,0.0,9.28903345166591e-05,0.0,0.0033733214654548815,0.0,0.006295854356149489,0.0,0.019394805064984352,0.0,0.01796054906716101,0.0,0.003803357040175224,0.0,0.0006248556657025722,0.0,0.00041852636931868914,0.0,0.008976368167761501,0.0,0.0004974288436551606,0.0,0.045638281583285326,0.0,0.03040195738329831,0.0,0.002105377287568891,0.0,0.08555705175392708,0.0,0.010385018498213393,0.0,0.14669013038100928,0.0,0.23332438308730893,0.0,0.0959446467385579,0.0,0.008639564184957826,0.0,0.001403713686388898,0.0,0.0174645583979093,0.0,5.6549674396075e-05,0.0,0.0044532633925738535,0.0,0.1626383990432198,0.0,0.0015346723489023085,0.0,0.010030489398365268,0.0,0.0,0.0,0.0,,0.0,,0.0,,0.0,,0.025735165662474496,0.0,0.0,0.0,0.0013030698577898834,0.0,0.0,0.0,0.00037377130049291924,0.0,0.0,,0.0,,,,,,,,0.0,,,,,,,,,,,,0.0,0.0,0.0,0.0,0.0,0.0,0.0,0.0,0.0,0.0,0.0,0.0,0.0,0.0,0.0,0.0,0.0005343839103886894,0.0,0.0,0.0,0.0,0.0,0.0,0.0,3.4165876389677276e-05,0.0,0.0,0.0,0.0,0.0,0.0,0.0,0.0,0.0,0.0,0.0,0.0,0.0,0.00041627452921362394,0.0,0.005543820517645586,0.0,0.00017325495106263684,0.0,0.0,,0.0,0.0,0.0,,0.0,,0.0,,,,,,,,,,,,,,,,,,,,,,0,0,92,26
2024-07-20,,,,,,,,,,,,,,,1.861842611105e-05,0.0,,,,,,,,,,,,,,,,,,,,,,,,,0.0,0.0,,,,,,,,,,,,,3.740460964585714e-05,0.0,0.0003539504382801,0.0,0.0,0.0,0.0,0.0,0.0,0.0,0.0004542202156946727,0.0,,,0.0,0.0,0.0,0.0,0.0,0.0,0.0,0.0,0.0,0.0,0.0,0.0,0.0,0.0,0.0,0.0,0.0,0.0,0.0,0.0,3.739698430841364e-05,0.0,0.0,0.0,0.0,0.0,0.0,0.0,0.0,0.0,0.0,0.0,0.0,0.0,0.0,0.0,0.0,0.0,0.0,0.0,0.0,0.0,0.0,0.0,0.0,0.0,0.0,0.0,0.0,0.0,0.0,0.0,0.00034508889841254213,0.0,0.03236903377215966,0.0,0.006685702728905805,0.0,0.0,0.0,0.003080003582660741,0.0,0.0033067025665548095,0.0,0.01411102326925501,0.0,0.015832315114411383,0.0,0.0048359969320396325,0.0,0.00038371772388924,0.0,6.370123578970454e-05,0.0,0.007664031581953118,0.0,0.00012333257161244285,0.0,0.03696207211098883,0.0,0.03552185185253616,0.0,0.001735167673111591,0.0,0.08103982088240705,0.0,0.010409116194668076,0.0,0.1630172499201514,0.0,0.22676616094329136,0.0,0.11992718990553505,0.0,0.00747140487655992,0.0,0.001612979754678509,0.0,0.016533653548156637,0.0,0.00011309934879215,0.0,0.0031560049392282334,0.0,0.15957446870478714,0.0,0.0008332544142224611,0.0,0.008915626613253841,0.0,0.0,0.0,0.0,,0.0,,0.0,,0.0,,0.02492439289661966,0.0,0.0,0.0,0.0018379311918073498,0.0,0.0,0.0,0.0002412633250721,0.0,0.0,,0.0,,,,,,,,0.0,,,,,,,,,,,,0.0,0.0,0.0,0.0,0.0,0.0,0.0,0.0,0.0,0.0,0.0,0.0,0.0,0.0,0.0,0.0,0.0005990852322693454,0.0,0.0,0.0,0.0,0.0,0.0,0.0,6.833175277935455e-05,0.0,0.0,0.0,0.0,0.0,0.0,0.0,0.0,0.0,0.0,0.0,0.0,0.0,0.0,0.0,0.0038329222324219136,0.0,0.0003465099021252737,0.0,0.0,,0.0,0.0,0.0,,0.0,,0.0,,,,,,,,,,,,,,,,,,,,,,0,0,92,27
2024-07-27,,,,,,,,,,,,,,,9.309213055525e-06,0.0,,,,,,,,,,,,,,,,,,,,,,,,,0.0,0.0,,,,,,,,,,,,,1.870230482292857e-05,0.0,0.00017697521914005,0.0,0.0,0.0,0.0,0.0,0.0,0.0,0.00022711010784733635,0.0,,,0.0,0.0,0.0,0.0,0.0,0.0,0.0,0.0,0.0,0.0,0.0,0.0,0.0,0.0,0.0,0.0,7.931361289503571e-05,0.0,0.0,0.0,9.801210504924252e-05,0.0,6.311923607424501e-05,0.0,0.0,0.0,0.0,0.0,0.0,0.0,0.0,0.0,0.0,0.0,0.0,0.0,0.0,0.0,0.0,0.0,0.0,0.0,0.0,0.0,0.0,0.0,7.931361289503571e-05,0.0,0.0,0.0,0.0,0.0,0.00017254444920627106,0.0,0.028436852633162837,0.0,0.0067533452529459715,0.0,4.629174046300455e-05,0.0,0.0016057010061833804,0.0,0.002440000171883955,0.0,0.017205313228078754,0.0,0.01498914091118094,0.0,0.004587250910938135,0.0,0.00027479146183824617,0.0,9.754983274786227e-05,0.0,0.006390427245366293,0.0,0.00014097989870125714,0.0,0.034759840823193854,0.0,0.031892970514794144,0.0,0.001251765004852017,0.0,0.07666049744466161,0.0,0.009822513610809925,0.0,0.16346842424694075,0.0,0.21019904441260667,0.0,0.15304050488937723,0.0,0.00810846836927032,0.0,0.0010541094197045499,0.0,0.01471193269342664,0.0,0.000122248889249085,0.0,0.0026151689345992263,0.0,0.1595521454590481,0.0,0.002278461827598978,0.0,0.00970141218926801,0.0,0.0,0.0,0.0,,0.0,,0.0,,0.0,,0.02442934556795659,0.0,0.0,0.0,0.0026665926011951303,0.0,5.697410149595769e-05,0.0,0.0016545589599705809,0.0,0.0,,0.0,,,,,,,,0.0,,,,,,,,,,,,0.0,0.0,0.0,0.0,0.0,0.0,0.0,0.0,0.0,0.0,0.0,0.0,0.0,0.0,0.0,0.0,0.0002995426161346727,0.0,0.0,0.0,0.0,0.0,0.0,0.0,3.4165876389677276e-05,0.0,0.0,0.0,0.0,0.0,0.0,0.0,0.0,0.0,0.0,0.0,0.0,0.0,3.10026087044e-05,0.0,0.0029402682688731852,0.0,0.0009405226125013789,0.0,0.0,,0.0,0.0,0.0,,0.0,,0.0,,,,,,,,,,,,,,,,,,,,,,0,0,92,28
2024-08-03,,,,,,,,,,,,,,,0.0,0.0,,,,,,,,,,,,,,,,,,,,,,,,,0.0,0.0,,,,,,,,,,,,,0.0,0.0,0.0,0.0,0.0,0.0,0.0,0.0,0.0,0.0,0.0,0.0,,,0.0,0.0,0.0,0.0,0.0,0.0,0.0,0.0,0.0,0.0,0.0,0.0,0.0,0.0,0.0,0.0,0.00015862722579007142,0.0,0.0,0.0,0.00015862722579007142,0.0,0.00012623847214849002,0.0,0.0,0.0,0.0,0.0,0.0,0.0,0.0,0.0,0.0,0.0,0.0,0.0,0.0,0.0,0.0,0.0,0.0,0.0,0.0,0.0,0.0,0.0,0.00015862722579007142,0.0,0.0,0.0,0.0,0.0,0.0,0.0,0.024504671494166012,0.0,0.006820987776986138,0.0,9.25834809260091e-05,0.0,0.00013139842970602,0.0,0.0015732977772131,0.0,0.020299603186902496,0.0,0.014145966707950496,0.0,0.004338504889836638,0.0,0.00016586519978725237,0.0,0.00013139842970602,0.0,0.005116822908779468,0.0,0.00015862722579007142,0.0,0.03255760953539888,0.0,0.028264089177052136,0.0,0.0007683623365924428,0.0,0.07228117400691618,0.0,0.009235911026951772,0.0,0.1639195985737301,0.0,0.193631927881922,0.0,0.1861538198732194,0.0,0.008745531861980719,0.0,0.0004952390847305906,0.0,0.012890211838696642,0.0,0.00013139842970602,0.0,0.0020743329299702192,0.0,0.1595298222133091,0.0,0.0037236692409754945,0.0,0.010487197765282182,0.0,0.0,0.0,0.0,,0.0,,0.0,,0.0,,0.023934298239293515,0.0,0.0,0.0,0.003495254010582911,0.0,0.00011394820299191538,0.0,0.0030678545948690616,0.0,0.0,,0.0,,,,,,,,0.0,,,,,,,,,,,,0.0,0.0,0.0,0.0,0.0,0.0,0.0,0.0,0.0,0.0,0.0,0.0,0.0,0.0,0.0,0.0,0.0,0.0,0.0,0.0,0.0,0.0,0.0,0.0,0.0,0.0,0.0,0.0,0.0,0.0,0.0,0.0,0.0,0.0,0.0,0.0,0.0,0.0,6.20052174088e-05,0.0,0.0020476143053244572,0.0,0.0015345353228774841,0.0,0.0,,0.0,0.0,0.0,,0.0,,0.0,,,,,,,,,,,,,,,,,,,,,,0,0,92,29
2024-08-10,,,,,,,,,,,,,,,0.0,0.0,,,,,,,,,,,,,,,,,,,,,,,,,0.0,0.0,,,,,,,,,,,,,0.0,0.0,0.0,0.0,0.0,0.0,0.0,0.0,0.0,0.0,2.80563917840225e-05,0.0,,,0.0,0.0,0.0,0.0,0.0,0.0,0.0,0.0,0.0,0.0,0.0,0.0,0.0,0.0,0.0,0.0,7.931361289503571e-05,0.0,0.0,0.0,0.00016637954906308322,0.0,6.311923607424501e-05,0.0,0.0,0.0,0.0,0.0,0.0,0.0,0.0,0.0,0.0,0.0,0.0,0.0,0.0,0.0,0.0,0.0,0.0,0.0,0.0,0.0,0.0,0.0,0.0002810028983233752,0.0,0.0,0.0,0.0,0.0,0.0,0.0,0.023781879975770866,0.0,0.009064677337716685,0.0,6.320289768066818e-05,0.0,0.00013302693938986555,0.0,0.002351860573980908,0.0,0.0180544970102519,0.0,0.012747638227994552,0.0,0.005162480269343765,0.0,0.00016711210680239285,0.0,6.569921485301e-05,0.0,0.004932755540664209,0.0,7.931361289503571e-05,0.0,0.030709924803869297,0.0,0.029199729611476218,0.0,0.0005559636220346575,0.0,0.07283220794938855,0.0,0.007963780830742602,0.0,0.15832989512100104,0.0,0.17555886145148952,0.0,0.2244921295415787,0.0,0.006493125178773535,0.0,0.00028159207009443476,0.0,0.010819971361862718,0.0,8.339908809926e-05,0.0,0.0021972908079900947,0.0,0.15135601567370546,0.0,0.0037301209263710003,0.0,0.009940931041325794,0.0,0.00027533529334632144,0.0,0.0,,0.0,,0.0,,0.0,,0.02287682674248654,0.0,0.0,0.0,0.003631319792475494,0.0,0.0002319279354615846,0.0,0.0034421534689429347,0.0,0.0,,0.0,,,,,,,,0.0,,,,,,,,,,,,0.0,0.0,0.0,0.0,0.0,0.0,0.0,0.0,0.0,0.0,0.0,0.0,0.0,0.0,0.0,0.0,0.0,0.0,0.0,0.0,0.0,0.0,0.0,0.0,0.0,0.0,0.0,0.0,0.0,0.0,0.0,0.0,0.0,0.0,0.0,0.0,0.0,0.0,9.8394424423395e-05,0.0,0.0023744815816392787,0.0,0.002935436036511231,0.0,0.0,,0.0,0.0,0.0,,0.0,,0.0,,,,,,,,,,,,,,,,,,,,,,0,0,92,30
2024-08-17,,,,,,,,,,,,,,,0.0,0.0,,,,,,,,,,,,,,,,,,,,,,,,,0.0,0.0,,,,,,,,,,,,,0.0,0.0,0.0,0.0,0.0,0.0,0.0,0.0,0.0,0.0,5.6112783568045e-05,0.0,,,0.0,0.0,0.0,0.0,0.0,0.0,0.0,0.0,0.0,0.0,0.0,0.0,0.0,0.0,0.0,0.0,0.0,0.0,0.0,0.0,0.00017413187233609502,0.0,0.0,0.0,0.0,0.0,0.0,0.0,0.0,0.0,0.0,0.0,0.0,0.0,0.0,0.0,0.0,0.0,0.0,0.0,0.0,0.0,0.0,0.0,0.0,0.0,0.00040337857085667896,0.0,0.0,0.0,0.0,0.0,0.0,0.0,0.02305908845737572,0.0,0.01130836689844723,0.0,3.382231443532727e-05,0.0,0.0001346554490737111,0.0,0.003130423370748716,0.0,0.015809390833601306,0.0,0.01134930974803861,0.0,0.005986455648850892,0.0,0.00016835901381753333,0.0,0.0,0.0,0.00474868817254895,0.0,0.0,0.0,0.02886224007233972,0.0,0.030135370045900296,0.0,0.00034356490747687227,0.0,0.0733832418918609,0.0,0.0066916506345334305,0.0,0.152740191668272,0.0,0.15748579502105708,0.0,0.262830439209938,0.0,0.00424071849556635,0.0,6.794505545827895e-05,0.0,0.008749730885028794,0.0,3.53997464925e-05,0.0,0.00232024868600997,0.0,0.14318220913410182,0.0,0.003736572611766506,0.0,0.009394664317369406,0.0,0.0005506705866926429,0.0,0.0,,0.0,,0.0,,0.0,,0.021819355245679566,0.0,0.0,0.0,0.0037673855743680772,0.0,0.0003499076679312538,0.0,0.003816452343016808,0.0,0.0,,0.0,,,,,,,,0.0,,,,,,,,,,,,0.0,0.0,0.0,0.0,0.0,0.0,0.0,0.0,0.0,0.0,0.0,0.0,0.0,0.0,0.0,0.0,0.0,0.0,0.0,0.0,0.0,0.0,0.0,0.0,0.0,0.0,0.0,0.0,0.0,0.0,0.0,0.0,0.0,0.0,0.0,0.0,0.0,0.0,0.00013478363143799,0.0,0.0027013488579541,0.0,0.004336336750144979,0.0,0.0,,0.0,0.0,0.0,,0.0,,0.0,,,,,,,,,,,,,,,,,,,,,,0,0,92,31
2024-08-24,,,,,,,,,,,,,,,6.197999953818182e-05,0.0,,,,,,,,,,,,,,,,,,,,,,,,,0.0,0.0,,,,,,,,,,,,,0.0,0.0,0.00033982204101781316,0.0,6.215570120775789e-05,0.0,0.0,0.0,0.0,0.0,2.80563917840225e-05,0.0,,,0.0,0.0,0.0,0.0,0.0,0.0,0.0,0.0,0.0,0.0,0.0,0.0,0.0,0.0,0.0,0.0,0.0,0.0,0.0,0.0,8.706593616804751e-05,0.0,0.0,0.0,0.0,0.0,0.0,0.0,0.0,0.0,0.0,0.0,0.0,0.0,0.0,0.0,0.0,0.0,0.0,0.0,0.0,0.0,0.0,0.0,0.0,0.0,0.00020168928542833948,0.0,0.0,0.0,0.0,0.0,0.0,0.0,0.021079788580046624,0.0,0.010077066474447073,0.0,1.6911157217663636e-05,0.0,0.00016090092111348714,0.0,0.0021524243439718814,0.0,0.01547420036758438,0.0,0.010987355332407647,0.0,0.008334315077473288,0.0,0.00016178937463939169,0.0,0.0,0.0,0.00403731255368748,0.0,0.000116796124833225,0.0,0.02564093195343091,0.0,0.027477862872183272,0.0,0.0002700266952415519,0.0,0.06886144492186994,0.0,0.006092415691614757,0.0,0.14315364754905824,0.0,0.14317307354588255,0.0,0.30375531700096625,0.0,0.004024187316912563,0.0,0.0002557428894138184,0.0,0.00934906767093032,0.0,1.769987324625e-05,0.0,0.0017231690245496194,0.0,0.13318063028548888,0.0,0.0044726245169941226,0.0,0.008877141192849474,0.0,0.00044110838332142143,0.0,0.0,,0.0,,0.0,,0.0,,0.022156333984611018,0.0,0.0,0.0,0.0059446124424639936,0.0,0.0008517093810950768,0.0,0.003775396178333181,0.0,0.00036100202123632224,2.0,0.0,,,,,,,,0.0,,,,,,,,,,,,0.0,0.0,0.0,0.0,0.0,0.0,0.0,0.0,0.0,0.0,0.0,0.0,0.0,0.0,0.0,0.0,5.968402968532895e-05,0.0,0.0,0.0,0.0,0.0,0.0,0.0,0.0,0.0,0.0,0.0,0.0,0.0,0.0,0.0,0.0,0.0,0.0,0.0,0.0,0.0,6.7391815718995e-05,0.0,0.00221511767564435,0.0,0.008022546130967721,0.0,0.0,,0.0,0.0,0.00020307873783165,2.0,0.0,,0.0,,,,,,,,,,,,,,,,,,,,,,0,2,92,32
2024-08-31,,,,,,,,,,,,,,,0.00012395999907636364,0.0,,,,,,,,,,,,,,,,,,,,,,,,,0.0,0.0,,,,,,,,,,,,,0.0,0.0,0.0006796440820356263,0.0,0.00012431140241551578,0.0,0.0,0.0,0.0,0.0,0.0,0.0,,,0.0,0.0,0.0,0.0,0.0,0.0,0.0,0.0,0.0,0.0,0.0,0.0,0.0,0.0,0.0,0.0,0.0,0.0,0.0,0.0,0.0,0.0,0.0,0.0,0.0,0.0,0.0,0.0,0.0,0.0,0.0,0.0,0.0,0.0,0.0,0.0,0.0,0.0,0.0,0.0,0.0,0.0,0.0,0.0,0.0,0.0,0.0,0.0,0.0,0.0,0.0,0.0,0.0,0.0,0.019100488702717532,0.0,0.008845766050446915,0.0,0.0,0.0,0.00018714639315326316,0.0,0.0011744253171950473,0.0,0.015139009901567456,0.0,0.010625400916776682,0.0,0.010682174506095684,0.0,0.00015521973546125,0.0,0.0,0.0,0.0033259369348260094,0.0,0.00023359224966645,0.0,0.0224196238345221,0.0,0.02482035569846625,0.0,0.0001964884830062316,0.0,0.06433964795187895,0.0,0.005493180748696083,0.0,0.13356710342984446,0.0,0.12886035207070798,0.0,0.3446801947919946,0.0,0.003807656138258776,0.0,0.0004435407233693579,0.0,0.009948404456831848,0.0,0.0,0.0,0.0011260893630892683,0.0,0.12317905143687595,0.0,0.005208676422221739,0.0,0.008359618068329543,0.0,0.0003315461799502,0.0,0.0,,0.0,,0.0,,0.0,,0.022493312723542474,0.0,0.0,0.0,0.00812183931055991,0.0,0.0013535110942589,0.0,0.0037343400136495538,0.0,0.0007220040424726445,0.0,0.0,,,,,,,,0.0,,,,,,,,,,,,0.0,0.0,0.0,0.0,0.0,0.0,0.0,0.0,0.0,0.0,0.0,0.0,0.0,0.0,0.0,0.0,0.0001193680593706579,0.0,0.0,0.0,0.0,0.0,0.0,0.0,0.0,0.0,0.0,0.0,0.0,0.0,0.0,0.0,0.0,0.0,0.0,0.0,0.0,0.0,0.0,0.0,0.0017288864933346002,0.0,0.011708755511790465,0.0,0.0,,0.0,0.0,0.0004061574756633,0.0,0.0,,0.0,,,,,,,,,,,,,,,,,,,,,,0,0,94,33
2024-09-07,,,,,,,,,,,,,,,6.197999953818182e-05,0.0,,,,,,,,,,,,,,,,,,,,,,,,,0.0,0.0,,,,,,,,,,,,,0.0,0.0,0.0003712316778205854,0.0,6.215570120775789e-05,0.0,0.0,0.0,0.0,0.0,0.0,0.0,,,0.0,0.0,0.0,0.0,0.0,0.0,0.0,0.0,0.0,0.0,0.0,0.0,0.0,0.0,0.0,0.0,0.0,0.0,0.0,0.0,0.0,0.0,0.0,0.0,0.0,0.0,0.0,0.0,0.0,0.0,0.0,0.0,0.0,0.0,0.0,0.0,0.0,0.0,0.0,0.0,0.0,0.0,0.0,0.0,0.0,0.0,0.0,0.0,0.0,0.0,0.0,0.0,0.0,0.0,0.018896590101352858,0.0,0.006309329319339491,0.0,0.0,0.0,9.357319657663158e-05,0.0,0.001297151274830657,0.0,0.013490011654140606,0.0,0.010445314757008472,0.0,0.007452447988236126,0.0,7.7609867730625e-05,0.0,0.0,0.0,0.002658841604686702,0.0,0.000116796124833225,0.0,0.018401740667578985,0.0,0.024051983995983947,0.0,0.00012713504448845216,0.0,0.05292245013672004,0.0,0.006054866088864658,0.0,0.12490035776506386,0.0,0.1257996913699204,0.0,0.3838085986194555,0.0,0.003188278646287435,0.0,0.00045100932177066354,0.0,0.008792125026297795,0.0,0.0,0.0,0.0011601171864581454,0.0,0.11122873478857742,0.0,0.006616364103845369,0.0,0.00678454407923768,0.0,0.0012618517336834357,0.0,0.00016902207183494165,2.0,0.0,,0.0,,0.0,,0.019525348606426768,0.0,0.0,0.0,0.0133842520622743,0.0,0.002130010089156381,0.0,0.003820745534120227,0.0,0.00041803902139585003,0.0,0.0,,,,,,,,0.0,,,,,,,,,,,,0.0,0.0,0.0,0.0,0.0,0.0,4.887883701215588e-05,0.0,0.0,0.0,0.0,0.0,0.0,0.0,0.0,0.0,0.000290040703848079,0.0,0.0,0.0,0.0,0.0,0.0,0.0,0.0,0.0,0.0,0.0,0.0,0.0,0.0002466329767937611,0.0,0.0,0.0,0.0,0.0,0.0,0.0,0.0,0.0,0.002053968951498164,0.0,0.01741697207196714,0.0,0.0,,0.00027237888515136154,0.0,0.000283491739537515,0.0,0.0,,0.0,,,,,,,,,,,,,,,,,,,,,,0,1,94,34
2024-09-14,,,,,,,,,,,,,,,0.0,0.0,,,,,,,,,,,,,,,,,,,,,,,,,0.0,0.0,,,,,,,,,,,,,0.0,0.0,6.281927360554444e-05,0.0,0.0,0.0,0.0,0.0,0.0,0.0,0.0,0.0,,,0.0,0.0,0.0,0.0,0.0,0.0,0.0,0.0,0.0,0.0,0.0,0.0,0.0,0.0,0.0,0.0,0.0,0.0,0.0,0.0,0.0,0.0,0.0,0.0,0.0,0.0,0.0,0.0,0.0,0.0,0.0,0.0,0.0,0.0,0.0,0.0,0.0,0.0,0.0,0.0,0.0,0.0,0.0,0.0,0.0,0.0,0.0,0.0,0.0,0.0,0.0,0.0,0.0,0.0,0.018692691499988184,0.0,0.0037728925882320663,0.0,0.0,0.0,0.0,0.0,0.0014198772324662667,0.0,0.011841013406713756,0.0,0.010265228597240262,0.0,0.004222721470376569,0.0,0.0,0.0,0.0,0.0,0.0019917462745473943,0.0,0.0,0.0,0.014383857500635866,0.0,0.023283612293501645,0.0,5.778160597067273e-05,0.0,0.04150525232156113,0.0,0.0066165514290332334,0.0,0.11623361210028325,0.0,0.12273903066913282,0.0,0.42293700244691634,0.0,0.002568901154316095,0.0,0.0004584779201719692,0.0,0.007635845595763744,0.0,0.0,0.0,0.0011941450098270222,0.0,0.09927841814027888,0.0,0.008024051785469,0.0,0.005209470090145817,0.0,0.0021921572874166713,0.0,0.0003380441436698833,0.0,0.0,,0.0,,0.0,,0.01655738448931106,0.0,0.0,0.0,0.01864666481398869,0.0,0.002906509084053862,0.0,0.003907151054590901,0.0,0.00011407400031905555,0.0,0.0,,,,,,,,0.0,,,,,,,,,,,,0.0,0.0,0.0,0.0,0.0,0.0,9.775767402431177e-05,0.0,0.0,0.0,0.0,0.0,0.0,0.0,0.0,0.0,0.0004607133483255,0.0,0.0,0.0,0.0,0.0,0.0,0.0,0.0,0.0,0.0,0.0,0.0,0.0,0.0004932659535875222,0.0,0.0,0.0,0.0,0.0,0.0,0.0,0.0,0.0,0.002379051409661728,0.0,0.023125188632143814,0.0,0.0,,0.0005447577703027231,0.0,0.00016082600341173,0.0,0.0,,0.0,,,,,,,,,,,,,,,,,,,,,,0,0,95,35
2024-09-21,,,,,,,,,,,,,,,0.0004894913399766469,0.0,,,,,,,,,,,,,,,,,,,,,,,,,0.0,0.0,,,,,,,,,,,,,0.0,0.0,3.140963680277222e-05,0.0,0.0,0.0,0.0,0.0,0.0,0.0,0.0,0.0,,,0.0,0.0,0.0,0.0,0.0,0.0,0.0,0.0,0.0,0.0,0.0,0.0,0.0,0.0,0.0,0.0,0.0,0.0,0.0,0.0,0.0,0.0,0.0,0.0,0.0,0.0,0.0,0.0,0.0,0.0,0.0,0.0,0.0,0.0,0.0,0.0,0.0,0.0,0.0,0.0,0.0,0.0,0.0,0.0,0.0,0.0,0.0,0.0,0.0,0.0,0.0,0.0,0.0,0.0,0.016178376406577245,0.0,0.0024959354433519597,0.0,0.0,0.0,4.58142676507e-05,0.0,0.0013209672896206215,0.0,0.010024931628768295,0.0,0.009180051595690835,0.0,0.0054184622489488535,0.0,7.73054725868625e-05,0.0,0.0,0.0,0.002386337111162247,0.0,0.0,0.0,0.011906590959471084,0.0,0.02176305031696074,0.0,2.8890802985336365e-05,0.0,0.03871570918343811,0.0,0.004749664091778984,0.0,0.10323730761221805,0.0,0.10225551863949668,0.0,0.46211261531106784,0.0,0.0013851795187191254,0.0,0.0002292389600859846,0.0,0.00662919122183971,0.0,0.0,0.0,0.0012138199697064051,0.0,0.0899122419334899,0.0,0.01134558254852885,0.0,0.004157204929666146,0.0,0.0029343990026972746,0.0,0.00026999098311833333,0.0,0.0,,0.0,,0.0,,0.013000177219510023,0.0,8.073789358603001e-05,0.0,0.022196777880167405,0.0,0.0036254647958020307,0.0,0.00495990435592825,0.0,5.7037000159527776e-05,0.0,0.0,,,,,,,,0.0,,,,,,,,,,,,0.0,0.0,2.8756330038937498e-05,0.0,0.0,0.0,4.887883701215588e-05,0.0,0.0,0.0,0.0,0.0,0.0,0.0,0.0,0.0,0.00023035667416275,0.0,0.0,0.0,0.0,0.0,0.0,0.0,0.0,0.0,0.0,0.0,0.0,0.0,0.0002466329767937611,0.0,0.0,0.0,0.0,0.0,0.0,0.0,0.0,0.0,0.002384128357174158,0.0,0.03446565792451492,0.0,0.0,,0.0006494132058622769,0.0,0.000299647095380295,0.0,0.0,,0.0,,,,,,,,,,,,,,,,,,,,,,0,0,95,36
2024-09-28,,,,,,,,,,,,,,,0.0009789826799532937,0.0,,,,,,,,,,,,,,,,,,,,,,,,,0.0,0.0,,,,,,,,,,,,,0.0,0.0,0.0,0.0,0.0,0.0,0.0,0.0,0.0,0.0,0.0,0.0,,,0.0,0.0,0.0,0.0,0.0,0.0,0.0,0.0,0.0,0.0,0.0,0.0,0.0,0.0,0.0,0.0,0.0,0.0,0.0,0.0,0.0,0.0,0.0,0.0,0.0,0.0,0.0,0.0,0.0,0.0,0.0,0.0,0.0,0.0,0.0,0.0,0.0,0.0,0.0,0.0,0.0,0.0,0.0,0.0,0.0,0.0,0.0,0.0,0.0,0.0,0.0,0.0,0.0,0.0,0.013664061313166305,0.0,0.0012189782984718528,0.0,0.0,0.0,9.16285353014e-05,0.0,0.0012220573467749765,0.0,0.008208849850822835,0.0,0.008094874594141406,0.0,0.006614203027521138,0.0,0.000154610945173725,0.0,0.0,0.0,0.0027809279477770997,0.0,0.0,0.0,0.0094293244183063,0.0,0.020242488340419834,0.0,0.0,0.0,0.03592616604531509,0.0,0.0028827767545247353,0.0,0.09024100312415287,0.0,0.08177200660986055,0.0,0.5012882281752193,0.0,0.00020145788312215626,0.0,0.0,0.0,0.005622536847915676,0.0,0.0,0.0,0.0012334949295857882,0.0,0.08054606572670091,0.0,0.0146671133115887,0.0,0.0031049397691864764,0.0,0.0036766407179778782,0.0,0.00020193782256678334,0.0,0.0,,0.0,,0.0,,0.00944296994970899,0.0,0.00016147578717206002,0.0,0.025746890946346124,0.0,0.0043444205075502,0.0,0.0060126576572656,0.0,0.0,0.0,0.0,,,,,,,,0.0,,,,,,,,,,,,0.0,0.0,5.7512660077874996e-05,0.0,0.0,0.0,0.0,0.0,0.0,0.0,0.0,0.0,0.0,0.0,0.0,0.0,0.0,0.0,0.0,0.0,0.0,0.0,0.0,0.0,0.0,0.0,0.0,0.0,0.0,0.0,0.0,0.0,0.0,0.0,0.0,0.0,0.0,0.0,0.0,0.0,0.002389205304686588,0.0,0.04580612721688603,0.0,0.0,,0.0007540686414218308,0.0,0.0004384681873488601,0.0,0.0,,0.0,,,,,,,,,,,,,,,,,,,,,,0,0,95,37
2024-10-05,,,,,,,,,,,,,,,0.0009600351984165936,0.0,,,,,,,,,,,,,,,,,,,,,,,,,0.0,0.0,,,,,,,,,,,,,0.0,0.0,0.0,0.0,0.0,0.0,0.0,0.0,0.0,0.0,0.0,0.0,,,0.0,0.0,0.0,0.0,0.0,0.0,0.0,0.0,0.0,0.0,0.00031234051760594,0.0,0.0,0.0,0.0,0.0,0.0,0.0,0.0,0.0,0.0,0.0,0.0,0.0,0.0,0.0,0.0,0.0,0.0,0.0,0.0,0.0,0.0,0.0,0.0,0.0,0.0,0.0,0.0,0.0,0.0,0.0,0.0,0.0,0.0,0.0,0.00017981112857036,0.0,0.0,0.0,0.0,0.0,0.00028704947617367996,0.0,0.014863518819979837,0.0,0.004473917119492557,0.0,0.0,0.0,4.58142676507e-05,0.0,0.0018906351245223572,0.0,0.007383479084477102,0.0,0.005843836976804129,0.0,0.0052026631668782575,0.0,7.73054725868625e-05,0.0,0.0,0.0,0.0020913850651541562,0.0,0.0,0.0,0.0062666644371347,0.0,0.019795708212197942,0.0,0.0,0.0,0.033308909127406514,0.0,0.002726456049405099,0.0,0.06798252302413692,0.0,0.07650253434172444,0.0,0.5124282373444122,0.0,0.0008149684203999156,0.0,0.0,0.0,0.005544354295981182,0.0,0.0,0.0,0.0006167474647928941,0.0,0.061379261328564805,0.0,0.016583763295784534,0.0,0.0019526110397076082,0.0,0.005144923002392539,0.0,0.0008859123833341167,0.0,0.0,,0.0,,0.0,,0.00876234654366729,0.0,0.0009725733760905068,0.0,0.03214552976286911,0.0,0.007629760612661976,0.0,0.006264564993146469,0.0,0.0,0.0,0.0,,,,,,,,0.0,,,,,,,,,,,,0.0,0.0,2.8756330038937498e-05,0.0,0.0,0.0,0.0,0.0,0.0,0.0,0.0,0.0,0.0,0.0,0.0,0.0,0.0,0.0,0.0,0.0,0.0,0.0,0.0,0.0,0.0,0.0,0.0,0.0,0.0,0.0,0.0,0.0,0.0,0.0,0.0,0.0,0.0,0.0,0.0,0.0,0.00209738886298826,0.0,0.07408912158023342,0.0,0.00031705725753754997,2.0,0.002939555919370923,0.0,0.00061232632433524,0.0,0.0,,0.0,,,,,,,,,,,,,,,,,,,,,,0,1,95,38
2024-10-12,,,,,,,,,,,,,,,0.0009410877168798934,0.0,,,,,,,,,,,,,,,,,,,,,,,,,0.0,0.0,,,,,,,,,,,,,0.0,0.0,0.0,0.0,0.0,0.0,0.0,0.0,0.0,0.0,0.0,0.0,,,0.0,0.0,0.0,0.0,0.0,0.0,0.0,0.0,0.0,0.0,0.00062468103521188,0.0,0.0,0.0,0.0,0.0,0.0,0.0,0.0,0.0,0.0,0.0,0.0,0.0,0.0,0.0,0.0,0.0,0.0,0.0,0.0,0.0,0.0,0.0,0.0,0.0,0.0,0.0,0.0,0.0,0.0,0.0,0.0,0.0,0.0,0.0,0.00035962225714072,0.0,0.0,0.0,0.0,0.0,0.0005740989523473599,0.0,0.01606297632679337,0.0,0.0077288559405132625,0.0,0.0,0.0,0.0,0.0,0.0025592129022697376,0.0,0.0065581083181313685,0.0,0.00359279935946685,0.0,0.003791123306235377,0.0,0.0,0.0,0.0,0.0,0.0014018421825312125,0.0,0.0,0.0,0.0031040044559631002,0.0,0.019348928083976053,0.0,0.0,0.0,0.030691652209497936,0.0,0.0025701353442854624,0.0,0.04572404292412097,0.0,0.07123306207358833,0.0,0.5235682465136051,0.0,0.001428478957677675,0.0,0.0,0.0,0.005466171744046688,0.0,0.0,0.0,0.0,0.0,0.042212456930428695,0.0,0.01850041327998037,0.0,0.00080028231022874,0.0,0.0066132052868072,0.0,0.00156988694410145,0.0,0.0,,0.0,,0.0,,0.008081723137625592,0.0,0.0017836709650089538,0.0,0.038544168579392094,0.0,0.010915100717773752,0.0,0.006516472329027338,0.0,0.0,0.0,0.0,,,,,,,,0.0,,,,,,,,,,,,0.0,0.0,0.0,0.0,0.0,0.0,0.0,0.0,0.0,0.0,0.0,0.0,0.0,0.0,0.0,0.0,0.0,0.0,0.0,0.0,0.0,0.0,0.0,0.0,0.0,0.0,0.0,0.0,0.0,0.0,0.0,0.0,0.0,0.0,0.0,0.0,0.0,0.0,0.0,0.0,0.0018055724212899314,0.0,0.10237211594358082,0.0,0.0006341145150750999,0.0,0.0051250431973200155,0.0,0.00078618446132162,0.0,0.0,,0.0,,,,,,,,,,,,,,,,,,,,,,0,0,96,39
2024-10-19,,,,,,,,,,,,,,,0.0004705438584399467,0.0,,,,,,,,,,,,,,,,,,,,,,,,,0.0,0.0,,,,,,,,,,,,,0.0,0.0,0.0,0.0,0.0,0.0,0.0,0.0,0.0,0.0,0.0,0.0,,,0.0,0.0,0.0,0.0,0.0,0.0,0.0,0.0,0.0,0.0,0.00031234051760594,0.0,0.0,0.0,0.0,0.0,0.0,0.0,0.0,0.0,0.0,0.0,0.0,0.0,0.0,0.0,0.0,0.0,0.0,0.0,0.0,0.0,0.0,0.0,0.0,0.0,0.0,0.0,0.0,0.0,0.0,0.0,0.0,0.0,0.0,0.0,0.0005396038371448141,0.0,0.0,0.0,0.0,0.0,0.00028704947617367996,0.0,0.01675240224442224,0.0,0.007482843215776825,0.0,0.0,0.0,0.0,0.0,0.0025210600406959287,0.0,0.004283530433895016,0.0,0.002797999502425711,0.0,0.002999729635820751,0.0,0.0,0.0,0.0,0.0,0.0007009210912656063,0.0,0.0,0.0,0.0035442312343677606,0.0,0.016912896556254324,0.0,0.0,0.0,0.025981215621308874,0.0,0.002677168942422424,0.0,0.04826650866639928,0.0,0.07645504456013437,0.0,0.505850329870979,0.0,0.0007142394788388375,0.0,0.0,0.0,0.0043145352518573505,0.0,0.0,0.0,0.0,0.0,0.04049056906324734,0.0,0.01593092852272088,0.0,0.0014038640866471377,0.0,0.007194479827636007,0.0,0.000784943472050725,0.0,0.0,,0.00011961643758695,2.0,0.0,,0.0062604082637421725,0.0,0.0024723204372163617,0.0,0.03792694509417435,0.0,0.011865506358965664,0.0,0.008065160919124074,0.0,0.0,0.0,0.0,,,,,,,,0.0,,,,,,,,,,,,0.0,0.0,0.0,0.0,0.0,0.0,0.0,0.0,0.0,0.0,0.0,0.0,0.0,0.0,0.0,0.0,0.0,0.0,0.0,0.0,0.0,0.0,0.0,0.0,0.0,0.0,0.0,0.0,0.0,0.0,0.0,0.0,0.0,0.0,0.0,0.0,0.0,0.0,0.0,0.0,0.0019875856482290334,0.0,0.12740978205886977,0.0,0.0009939202839935,0.0,0.007531312867425908,0.0,0.001850346924038555,0.0,0.0,,0.0,,,,,,,,,,,,,,,,,,,,,,0,1,96,40
2024-10-26,,,,,,,,,,,,,,,0.0,0.0,,,,,,,,,,,,,,,,,,,,,,,,,0.0,0.0,,,,,,,,,,,,,0.0,0.0,0.0,0.0,0.0,0.0,0.0,0.0,0.0,0.0,0.0,0.0,,,0.0,0.0,0.0,0.0,0.0,0.0,0.0,0.0,0.0,0.0,0.0,0.0,0.0,0.0,0.0,0.0,0.0,0.0,0.0,0.0,0.0,0.0,0.0,0.0,0.0,0.0,0.0,0.0,0.0,0.0,0.0,0.0,0.0,0.0,0.0,0.0,0.0,0.0,0.0,0.0,0.0,0.0,0.0,0.0,0.0,0.0,0.0007195854171489083,0.0,0.0,0.0,0.0,0.0,0.0,0.0,0.017441828162051108,0.0,0.007236830491040386,0.0,0.0,0.0,0.0,0.0,0.00248290717912212,0.0,0.002008952549658664,0.0,0.0020031996453845715,0.0,0.0022083359654061253,0.0,0.0,0.0,0.0,0.0,0.0,0.0,0.0,0.0,0.003984458012772421,0.0,0.014476865028532591,0.0,0.0,0.0,0.021270779033119816,0.0,0.002784202540559386,0.0,0.0508089744086776,0.0,0.08167702704668041,0.0,0.4881324132283529,0.0,0.0,0.0,0.0,0.0,0.0031628987596680133,0.0,0.0,0.0,0.0,0.0,0.038768681196065996,0.0,0.013361443765461393,0.0,0.0020074458630655358,0.0,0.007775754368464814,0.0,0.0,0.0,0.0,,0.0002392328751739,0.0,0.0,,0.004439093389858753,0.0,0.0031609699094237694,0.0,0.03730972160895661,0.0,0.012815912000157574,0.0,0.009613849509220809,0.0,0.0,0.0,0.0,,,,,,,,0.0,,,,,,,,,,,,0.0,0.0,0.0,0.0,0.0,0.0,0.0,0.0,0.0,0.0,0.0,0.0,0.0,0.0,0.0,0.0,0.0,0.0,0.0,0.0,0.0,0.0,0.0,0.0,0.0,0.0,0.0,0.0,0.0,0.0,0.0,0.0,0.0,0.0,0.0,0.0,0.0,0.0,0.0,0.0,0.0021695988751681355,0.0,0.1524474481741587,0.0,0.0013537260529119,0.0,0.0099375825375318,0.0,0.00291450938675549,0.0,0.0,,0.0,,,,,,,,,,,,,,,,,,,,,,0,0,97,41
2024-11-02,,,,,,,,,,,,,,,0.00013931956941216819,0.0,,,,,,,,,,,,,,,,,,,,,,,,,0.0,0.0,,,,,,,,,,,,,0.0,0.0,0.0008124337036860876,0.0,0.0,0.0,0.0,0.0,0.0,0.0,0.0,0.0,,,0.0,0.0,0.0,0.0,0.0,0.0,0.0,0.0,0.0,0.0,0.0,0.0,0.0,0.0,0.0,0.0,0.0,0.0,0.0,0.0,0.0,0.0,0.0,0.0,0.0,0.0,0.0,0.0,0.0,0.0,0.0,0.0,0.0,0.0,0.0,0.0,0.0,0.0,0.0,0.0,0.0,0.0,0.0,0.0,0.0,0.0,0.00035979270857445416,0.0,0.0,0.0,0.0,0.0,0.0,0.0,0.012887393078986752,0.0,0.004223345741809722,0.0,0.0001745207462755909,0.0,0.0,0.0,0.0036337789070481595,0.0,0.0028559354056293318,0.0,0.002456202769064344,0.0,0.0033078559186273397,0.0,0.0,0.0,0.0,0.0,0.0005963802808158167,0.0,0.0003018684589981091,0.0,0.0038911222100501313,0.0,0.013440121412993571,0.0,0.0,0.0,0.01532056325903301,0.0,0.0024217840913305765,0.0,0.03551174181380435,0.0,0.060892144218087155,0.0,0.48098225586471105,0.0,0.0,0.0,0.0,0.0,0.003942661372102035,0.0,0.0,0.0,0.0,0.0,0.02932205411943264,0.0,0.01828339609450523,0.0,0.0016033197070576804,0.0,0.014381093217397653,0.0,0.0010463347619709582,0.0,0.0,,0.00041457451588936,0.0,0.0,,0.002995181612771861,0.0,0.009447973033484883,0.0,0.04532921259247116,0.0,0.01900285086431698,0.0,0.009359587127199503,0.0,0.0,0.0,0.0,,,,,,,,0.0,,,,,,,,,,,,0.0,0.0,0.0,0.0,0.0,0.0,0.0,0.0,0.0,0.0,0.0,0.0,0.0,0.0,0.0,0.0,0.0,0.0,0.0,0.0,0.0,0.0,0.0,0.0,0.0,0.0,0.0,0.0,0.0,0.0,0.0,0.0,0.0,0.0,0.0,0.0,0.0,0.0,0.0,0.0,0.001487714509580822,0.0,0.1803573135463964,0.0,0.002326653993804888,0.0,0.01176823582500215,0.0,0.004197219794150405,0.0,0.0,,0.0,,,,,,,,,,,,,,,,,,,,,,0,0,97,42
2024-11-09,,,,,,,,,,,,,,,0.00027863913882433637,0.0,,,,,,,,,,,,,,,,,,,,,,,,,0.0,0.0,,,,,,,,,,,,,0.0,0.0,0.0016248674073721752,0.0,0.0,0.0,0.0,0.0,0.0,0.0,0.0,0.0,,,0.0,0.0,0.0,0.0,0.0,0.0,0.0,0.0,0.0,0.0,0.0,0.0,0.0,0.0,0.0,0.0,0.0,0.0,0.0,0.0,0.0,0.0,0.0,0.0,0.0,0.0,0.0,0.0,0.0,0.0,0.0,0.0,0.0,0.0,0.0,0.0,0.0,0.0,0.0,0.0,0.0,0.0,0.0,0.0,0.0,0.0,0.0,0.0,0.0,0.0,0.0,0.0,0.0,0.0,0.008332957995922393,0.0,0.0012098609925790583,0.0,0.0003490414925511818,0.0,0.0,0.0,0.0047846506349742,0.0,0.0037029182616,0.0,0.0029092058927441167,0.0,0.004407375871848554,0.0,0.0,0.0,0.0,0.0,0.0011927605616316333,0.0,0.0006037369179962182,0.0,0.003797786407327842,0.0,0.01240337779745455,0.0,0.0,0.0,0.0093703474849462,0.0,0.002059365642101767,0.0,0.0202145092189311,0.0,0.040107261389493894,0.0,0.4738320985010692,0.0,0.0,0.0,0.0,0.0,0.004722423984536058,0.0,0.0,0.0,0.0,0.0,0.019875427042799286,0.0,0.023205348423549065,0.0,0.001199193551049825,0.0,0.020986432066330492,0.0,0.0020926695239419165,0.0,0.0,,0.00058991615660482,0.0,0.0,,0.0015512698356849692,0.0,0.015734976157546,0.0,0.05334870357598572,0.0,0.025189789728476384,0.0,0.0091053247451782,0.0,0.0,0.0,0.0,,,,,,,,0.0,,,,,,,,,,,,0.0,0.0,0.0,0.0,0.0,0.0,0.0,0.0,0.0,0.0,0.0,0.0,0.0,0.0,0.0,0.0,0.0,0.0,0.0,0.0,0.0,0.0,0.0,0.0,0.0,0.0,0.0,0.0,0.0,0.0,0.0,0.0,0.0,0.0,0.0,0.0,0.0,0.0,0.0,0.0,0.0008058301439935084,0.0,0.20826717891863408,0.0,0.0032995819346978753,0.0,0.0135988891124725,0.0,0.0054799302015453195,0.0,0.0,,0.0,,,,,,,,,,,,,,,,,,,,,,0,0,97,43
2024-11-16,,,,,,,,,,,,,,,0.00017450294266874319,0.0,,,,,,,,,,,,,,,,,,,,,,,,,0.0,0.0,,,,,,,,,,,,,0.0,0.0,0.0008124337036860876,0.0,0.0,0.0,0.0,0.0,0.0,0.0,0.0,0.0,,,0.0,0.0,0.0,0.0,0.0,0.0,0.0,0.0,0.0,0.0,0.0,0.0,0.0,0.0,0.0,0.0,0.0,0.0,0.0,0.0,0.0,0.0,0.0,0.0,0.0,0.0,0.0,0.0,0.0,0.0,0.0,0.0,0.0,0.0,0.0,0.0,0.0,0.0,0.0,0.0,0.0,0.0,0.0,0.0,0.0,0.0,0.0,0.0,0.0,0.0,0.0,0.0,0.0003125937655568,0.0,0.009686388173217292,0.0,0.002406826219036349,0.0,0.0001745207462755909,0.0,0.0,0.0,0.0042266925402844845,0.0,0.0018514591308,0.0,0.001775534762095403,0.0,0.004694031597747877,0.0,0.0,0.0,0.0,0.0,0.0009721517131158916,0.0,0.000674223321821548,0.0,0.003149836104906426,0.0,0.009187354455487037,0.0,0.0,0.0,0.0075898075547928545,0.0,0.0014020376838743223,0.0,0.018835560418665336,0.0,0.041102937236428216,0.0,0.43358332614649786,0.0,0.000377604071400095,0.0,0.0,0.0,0.004793068388947698,0.0,0.0,0.0,0.0,0.0,0.018874161400842422,0.0,0.02487049598738056,0.0,0.0010428300107984026,0.0,0.02130254467304505,0.0,0.0031771910726092253,0.0,0.0,,0.00029495807830241,0.0,0.0,,0.002015179201229453,0.0,0.024592782184481576,0.0,0.04752859035199811,0.0,0.02792136207386682,0.0,0.010229944072377185,0.0,0.00044674700216595003,0.0,0.0,,,,,,,,0.0,,,,,,,,,,,,0.0,0.0,0.0,0.0,0.0,0.0,0.0,0.0,0.0,0.0,0.0,0.0,0.0,0.0,0.0,0.0,0.0,0.0,0.0,0.0,0.0,0.0,0.0,0.0,0.0,0.0,0.0,0.0,0.0,0.0,0.0,0.0,0.0,0.0,0.0,0.0,0.0,0.0,0.0,0.0,0.0007238468877200986,0.0,0.2381947540401757,0.0,0.0038051521599602707,0.0,0.015553555257307946,0.0,0.007241022656671665,0.0,0.0,,0.0,,,,,,,,,,,,,,,,,,,,,,0,0,97,44
2024-11-23,,,,,,,,,,,,,,,7.036674651315e-05,0.0,,,,,,,,,,,,,,,,,,,,,,,,,0.0,0.0,,,,,,,,,,,,,0.0,0.0,0.0,0.0,0.0,0.0,0.0,0.0,0.0,0.0,0.0,0.0,,,0.0,0.0,0.0,0.0,0.0,0.0,0.0,0.0,0.0,0.0,0.0,0.0,0.0,0.0,0.0,0.0,0.0,0.0,0.0,0.0,0.0,0.0,0.0,0.0,0.0,0.0,0.0,0.0,0.0,0.0,0.0,0.0,0.0,0.0,0.0,0.0,0.0,0.0,0.0,0.0,0.0,0.0,0.0,0.0,0.0,0.0,0.0,0.0,0.0,0.0,0.0,0.0,0.0006251875311136,0.0,0.011039818350512192,0.0,0.0036037914454936397,0.0,0.0,0.0,0.0,0.0,0.0036687344455947693,0.0,0.0,0.0,0.0006418636314466889,0.0,0.0049806873236472,0.0,0.0,0.0,0.0,0.0,0.00075154286460015,0.0,0.0007447097256468777,0.0,0.00250188580248501,0.0,0.0059713311135195235,0.0,0.0,0.0,0.0058092676246395076,0.0,0.0007447097256468777,0.0,0.01745661161839957,0.0,0.04209861308336254,0.0,0.39333455379192644,0.0,0.00075520814280019,0.0,0.0,0.0,0.004863712793359338,0.0,0.0,0.0,0.0,0.0,0.017872895758885562,0.0,0.026535643551212053,0.0,0.00088646647054698,0.0,0.021618657279759607,0.0,0.004261712621276534,0.0,0.0,,0.0,0.0,0.0,,0.0024790885667739363,0.0,0.03345058821141716,0.0,0.0417084771280105,0.0,0.030652934419257257,0.0,0.011354563399576169,0.0,0.0008934940043319001,0.0,0.0,,,,,,,,0.0,,,,,,,,,,,,0.0,0.0,0.0,0.0,0.0,0.0,0.0,0.0,0.0,0.0,0.0,0.0,0.0,0.0,0.0,0.0,0.0,0.0,0.0,0.0,0.0,0.0,0.0,0.0,0.0,0.0,0.0,0.0,0.0,0.0,0.0,0.0,0.0,0.0,0.0,0.0,0.0,0.0,0.0,0.0,0.0006418636314466889,0.0,0.2681223291617173,0.0,0.004310722385222667,0.0,0.017508221402143392,0.0,0.00900211511179801,0.0,0.0,,0.0,,,,,,,,,,,,,,,,,,,,,,0,0,97,45
2024-11-30,,,,,,,,,,,,,,,0.0004838271961488875,0.0,,,,,,,,,,,,,,,,,,,,,,,,,0.0,0.0,,,,,,,,,,,,,0.0,0.0,0.000145032740874725,0.0,0.0,0.0,0.0,0.0,0.0,0.0,0.0,0.0,,,0.0,0.0,0.0004916786783723875,0.0,0.0,0.0,0.0,0.0,0.0,0.0,0.0,0.0,0.0,0.0,0.0,0.0,0.0,0.0,0.000191186365555025,0.0,0.0,0.0,0.0,0.0,0.0,0.0,0.0,0.0,0.0,0.0,0.0,0.0,0.0,0.0,0.0,0.0,0.0,0.0,0.0,0.0,0.0,0.0,0.0,0.0,0.0,0.0,0.0,0.0,0.0,0.0,0.0,0.0,0.0003125937655568,0.0,0.010367188078409879,0.0,0.001833433746651245,0.0,0.0,0.0,0.0,0.0,0.004144455980843793,0.0,0.0003581213386496375,0.0,0.0005018259226845257,0.0,0.006115133707256325,0.0,0.0,0.0,0.0,0.0,0.0007270017442351375,0.0,0.00037235486282343887,0.0,0.00192820709489748,0.0,0.004063385656664616,0.0,0.0,0.0,0.004182187618909131,0.0,0.0005532753906057014,0.0,0.013170871417969415,0.0,0.03860483934933485,0.0,0.3600505608587693,0.0,0.000377604071400095,0.0,0.0,0.0,0.0054351318648490484,0.0,0.0,0.0,0.0,0.0,0.013760221140602415,0.0,0.027150720811616118,0.0,0.0007956158619240614,0.0,0.02357154134237626,0.0,0.004252271493896792,0.0,0.0,,0.0,0.0,0.0,,0.0020274237918930516,0.0,0.04075941642125443,0.0,0.04532105660734646,0.0,0.03752622771121203,0.0,0.008001462319113556,0.0,0.00143717317001165,0.0,0.0,,,,,,,,0.00018736913334577,2.0,,,,,,,,,,,0.0,0.0,0.0,0.0,0.0,0.0,0.0,0.0,0.0,0.0,0.0,0.0,0.0,0.0,0.0,0.0,0.0,0.0,0.0,0.0,0.0,0.0,0.0,0.0,0.0,0.0,0.0,0.0,0.0,0.0,0.0,0.0,0.0,0.0,0.0,0.0,0.0,0.0,0.0,0.0,0.0007260741281603588,0.0,0.29595657380727614,0.0,0.007639729068614504,0.0,0.01744970233024403,0.0,0.011435742396861275,0.0,0.0,,0.0,,,,,,,,,,,,,,,,,,,,,,0,1,97,46
2024-12-07,,,,,,,,,,,,,,,0.000897287645784625,0.0,,,,,,,,,,,,,,,,,,,,,,,,,0.0,0.0,,,,,,,,,,,,,0.0,0.0,0.00029006548174945,0.0,0.0,0.0,0.0,0.0,0.0,0.0,0.0,0.0,,,0.0,0.0,0.000983357356744775,0.0,0.0,0.0,0.0,0.0,0.0,0.0,0.0,0.0,0.0,0.0,0.0,0.0,0.0,0.0,0.00038237273111005,0.0,0.0,0.0,0.0,0.0,0.0,0.0,0.0,0.0,0.0,0.0,0.0,0.0,0.0,0.0,0.0,0.0,0.0,0.0,0.0,0.0,0.0,0.0,0.0,0.0,0.0,0.0,0.0,0.0,0.0,0.0,0.0,0.0,0.0,0.0,0.009694557806307564,0.0,6.307604780885e-05,0.0,0.0,0.0,0.0,0.0,0.0046201775160928165,0.0,0.000716242677299275,0.0,0.0003617882139223625,0.0,0.00724958009086545,0.0,0.0,0.0,0.0,0.0,0.0007024606238701251,0.0,0.0,0.0,0.00135452838730995,0.0,0.002155440199809708,0.0,0.0,0.0,0.0025551076131787548,0.0,0.000361841055564525,0.0,0.008885131217539258,0.0,0.035111065615307156,0.0,0.3267665679256121,0.0,0.0,0.0,0.0,0.0,0.0060065509363387585,0.0,0.0,0.0,0.0,0.0,0.00964754652231927,0.0,0.027765798072020186,0.0,0.0007047652533011429,0.0,0.02552442540499291,0.0,0.00424283036651705,0.0,0.0,,0.0,0.0,0.0,,0.0015757590170121666,0.0,0.048068244631091696,0.0,0.048933636086682435,0.0,0.0443995210031668,0.0,0.004648361238650942,0.0,0.0019808523356914,0.0,0.0,,,,,,,,0.00037473826669154,0.0,,,,,,,,,,,0.0,0.0,0.0,0.0,0.0,0.0,0.0,0.0,0.0,0.0,0.0,0.0,0.0,0.0,0.0,0.0,0.0,0.0,0.0,0.0,0.0,0.0,0.0,0.0,0.0,0.0,0.0,0.0,0.0,0.0,0.0,0.0,0.0,0.0,0.0,0.0,0.0,0.0,0.0,0.0,0.0008102846248740287,0.0,0.323790818452835,0.0,0.010968735752006341,0.0,0.017391183258344673,0.0,0.01386936968192454,0.0,0.0,,0.0,,,,,,,,,,,,,,,,,,,,,,0,0,98,47
2024-12-14,,,,,,,,,,,,,,,0.0006094161929337696,0.0,,,,,,,,,,,,,,,,,,,,,,,,,0.0,0.0,,,,,,,,,,,,,0.0,0.0,0.00041040668072254646,0.0,0.0,0.0,0.0,0.0,0.0,0.0,0.0,0.0,,,0.0,0.0,0.0004916786783723875,0.0,0.0,0.0,0.0,0.0,0.0,0.0,0.0,0.0,0.0,0.0,0.0,0.0,0.0,0.0,0.000191186365555025,0.0,0.0,0.0,0.0,0.0,0.0,0.0,0.0,0.0,0.0,0.0,0.0,0.0,0.0,0.0,0.0,0.0,0.0,0.0,0.0,0.0,0.0,0.0,0.0,0.0,0.0,0.0,0.0,0.0,0.0,0.0,0.0,0.0,0.0,0.0,0.007707810812545032,0.0,6.918977877438214e-05,0.0,0.0,0.0,0.0,0.0,0.0030441350342394957,0.0,0.0003581213386496375,0.0,0.00038354032611611694,0.0,0.005664186564778558,0.0,0.0,0.0,0.0,0.0,0.00035123031193506253,0.0,0.0,0.0,0.0011816337999854107,0.0,0.004110120275678674,0.0,0.0,0.0,0.0025965779130769874,0.0,0.0004780422147762053,0.0,0.007030596393936571,0.0,0.03573012536843162,0.0,0.3143989493449529,0.0,0.0,0.0,0.0,0.0,0.004446675558221684,0.0,0.0,0.0,0.0,0.0,0.00922686090149601,0.0,0.026878852055718466,0.0,0.0006495043136445142,0.0,0.02318218697539779,0.0,0.004503530353152442,0.0,0.00020761459454658,2.0,0.00100232275435698,0.0,0.0,,0.0008328058232917583,0.0,0.057174011599272434,0.0,0.051044917975862775,0.0,0.04190636550386742,0.0,0.006944861504182706,0.0,0.0021200266847800388,0.0,0.0,,,,,,,,0.00032662456505928004,0.0,,,,,,,,,,,0.0,0.0,0.0,0.0,0.0,0.0,0.0,0.0,0.00011808218758750713,0.0,0.0,0.0,0.0,0.0,0.0,0.0,0.0,0.0,0.0,0.0,0.0,0.0,0.0,0.0,0.0,0.0,0.0,0.0,0.0,0.0,0.0,0.0,0.0,0.0,0.0,0.0,0.0,0.0,0.0,0.0,0.0008104347507469,0.0,0.3367056349913279,0.0,0.009727897044892072,0.0,0.01637266036899134,0.0,0.013907600613310884,0.0,0.000205241762159825,2.0,0.0,,,,,,,,,,,,,,,,,,,,,,0,2,98,48
2024-12-21,,,,,,,,,,,,,,,0.0003215447400829143,0.0,,,,,,,,,,,,,,,,,,,,,,,,,0.0,0.0,,,,,,,,,,,,,0.0,0.0,0.0005307478796956429,0.0,0.0,0.0,0.0,0.0,0.0,0.0,0.0,0.0,,,0.0,0.0,0.0,0.0,0.0,0.0,0.0,0.0,0.0,0.0,0.0,0.0,0.0,0.0,0.0,0.0,0.0,0.0,0.0,0.0,0.0,0.0,0.0,0.0,0.0,0.0,0.0,0.0,0.0,0.0,0.0,0.0,0.0,0.0,0.0,0.0,0.0,0.0,0.0,0.0,0.0,0.0,0.0,0.0,0.0,0.0,0.0,0.0,0.0,0.0,0.0,0.0,0.0,0.0,0.0057210638187825,0.0,7.53035097399143e-05,0.0,0.0,0.0,0.0,0.0,0.0014680925523861748,0.0,0.0,0.0,0.0004052924383098714,0.0,0.004078793038691666,0.0,0.0,0.0,0.0,0.0,0.0,0.0,0.0,0.0,0.0010087392126608714,0.0,0.006064800351547641,0.0,0.0,0.0,0.00263804821297522,0.0,0.0005942433739878856,0.0,0.0051760615703338834,0.0,0.03634918512155608,0.0,0.30203133076429367,0.0,0.0,0.0,0.0,0.0,0.0028868001801046093,0.0,0.0,0.0,0.0,0.0,0.00880617528067275,0.0,0.02599190603941675,0.0,0.0005942433739878856,0.0,0.020839948545802674,0.0,0.004764230339787834,0.0,0.00041522918909316,0.0,0.00200464550871396,0.0,0.0,,8.985262957135e-05,0.0,0.06627977856745317,0.0,0.05315619986504311,0.0,0.03941321000456804,0.0,0.009241361769714471,0.0,0.002259201033868678,0.0,0.0,,,,,,,,0.00027851086342702003,0.0,,,,,,,,,,,0.0,0.0,0.0,0.0,0.0,0.0,0.0,0.0,0.00023616437517501426,0.0,0.0,0.0,0.0,0.0,0.0,0.0,0.0,0.0,0.0,0.0,0.0,0.0,0.0,0.0,0.0,0.0,0.0,0.0,0.0,0.0,0.0,0.0,0.0,0.0,0.0,0.0,0.0,0.0,0.0,0.0,0.0008105848766197714,0.0,0.34962045152982074,0.0,0.008487058337777801,0.0,0.015354137479638008,0.0,0.013945831544697229,0.0,0.00041048352431965,0.0,0.0,,,,,,,,,,,,,,,,,,,,,,0,0,100,49
2024-12-28,,,,,,,,,,,,,,,0.00016077237004145714,0.0,,,,,,,,,,,,,,,,,,,,,,,,,0.0,0.0,,,,,,,,,,,,,0.0,0.0,0.00026537393984782143,0.0,0.0,0.0,0.0,0.0,0.0,0.0,0.0,0.0,,,0.0,0.0,0.0,0.0,0.0,0.0,0.0,0.0,0.0,0.0,0.0,0.0,0.0,0.0,0.0,0.0,0.0,0.0,0.0,0.0,0.0,0.0,0.0,0.0,0.0,0.0,0.0,0.0,0.0,0.0,0.0,0.0,0.0,0.0,0.0,0.0,0.0,0.0,0.0,0.0,0.0,0.0,0.0,0.0,0.0,0.0,2.9838402648825002e-05,0.0,0.0,0.0,0.0,0.0,0.0,0.0,0.0068083784542977204,0.0,0.00019574975972531548,0.0,0.00015809800485535835,0.0,0.0,0.0,0.003957602044101748,0.0,0.0003963648293089583,0.0,0.0002026462191549357,0.0,0.0038520363568316828,0.0,0.0,0.0,0.0,0.0,7.080977714696666e-05,0.0,0.0,0.0,0.0009298200859033606,0.0,0.00438015998842077,0.0,0.0,0.0,0.0022453426339779474,0.0,0.0002971216869939428,0.0,0.003979850897325546,0.0,0.0349401105054174,0.0,0.24954997307874938,0.0,0.0,0.0,0.0,0.0,0.0027807726249606344,0.0,0.0,0.0,0.0,0.0,0.0057964129645066455,0.0,0.028324141615832348,0.0,0.0002971216869939428,0.0,0.022072851827198755,0.0,0.004707502996704175,0.0,0.00197081183869152,0.0,0.00147753242054018,0.0,0.0,,4.4926314785675e-05,0.0,0.07886060639143436,0.0,0.056213280059058506,0.0,0.04868712959190205,0.0,0.009499791435830773,0.0,0.004150877538551011,0.0,0.0,,,,,,,,0.00088832094916136,0.0,,,,,,,,,,,0.0,0.0,0.0,0.0,0.0,0.0,0.0,0.0,0.00011808218758750713,0.0,0.0,0.0,0.0,0.0,0.0,0.0,0.0,0.0,0.0,0.0,0.0,0.0,0.0,0.0,0.0,0.0,0.0,0.0,0.0,0.0,0.0,0.0,0.0,0.0,0.0,0.0,0.0,0.0,0.0,0.0,0.0010682354276511606,0.0,0.36561457180615625,0.0,0.0177555370610207,0.0,0.01623123300830932,0.0,0.017751740260670532,0.0,0.00025397550871268746,0.0,0.0,,,,,,,,,,,,,,,,,,,,,,0,0,100,50
2025-01-04,,,,,,,,,,,,,,,0.0,0.0,,,,,,,,,,,,,,,,,,,,,,,,,0.0,0.0,,,,,,,,,,,,,0.0,0.0,0.0,0.0,0.0,0.0,0.0,0.0,0.0,0.0,0.0,0.0,,,0.0,0.0,0.0,0.0,0.0,0.0,0.0,0.0,0.0,0.0,0.0,0.0,0.0,0.0,0.0,0.0,0.0,0.0,0.0,0.0,0.0,0.0,0.0,0.0,0.0,0.0,0.0,0.0,0.0,0.0,0.0,0.0,0.0,0.0,0.0,0.0,0.0,0.0,0.0,0.0,0.0,0.0,0.0,0.0,0.0,0.0,5.9676805297650005e-05,0.0,0.0,0.0,0.0,0.0,0.0,0.0,0.00789569308981294,0.0,0.0003161960097107167,0.0,0.0003161960097107167,0.0,0.0,0.0,0.0064471115358173195,0.0,0.0007927296586179167,0.0,0.0,0.0,0.0036252796749717,0.0,0.0,0.0,0.0,0.0,0.00014161955429393332,0.0,0.0,0.0,0.00085090095914585,0.0,0.0026955196252939,0.0,0.0,0.0,0.001852637054980675,0.0,0.0,0.0,0.0027836402243172093,0.0,0.03353103588927872,0.0,0.19706861539320508,0.0,0.0,0.0,0.0,0.0,0.00267474506981666,0.0,0.0,0.0,0.0,0.0,0.00278665064834054,0.0,0.03065637719224795,0.0,0.0,0.0,0.023305755108594835,0.0,0.0046507756536205164,0.0,0.0035263944882898803,0.0,0.0009504193323663999,0.0,0.0,,0.0,0.0,0.09144143421541555,0.0,0.0592703602530739,0.0,0.05796104917923606,0.0,0.009758221101947075,0.0,0.006042554043233344,0.0,0.0,,,,,,,,0.0014981310348957,0.0,,,,,,,,,,,0.0,0.0,0.0,0.0,0.0,0.0,0.0,0.0,0.0,0.0,0.0,0.0,0.0,0.0,0.0,0.0,0.0,0.0,0.0,0.0,0.0,0.0,0.0,0.0,0.0,0.0,0.0,0.0,0.0,0.0,0.0,0.0,0.0,0.0,0.0,0.0,0.0,0.0,0.0,0.0,0.0013258859786825499,0.0,0.38160869208249176,0.0,0.0270240157842636,0.0,0.017108328536980633,0.0,0.021557648976643834,0.0,9.7467493105725e-05,0.0,0.0,,,,,,,,,,,,,,,,,,,,,,0,0,100,51
2025-01-11,,,,,,,,,,,,,,,0.00019064518855883,0.0,,,,,,,,,,,,,,,,,,,,,,,,,0.0,0.0,,,,,,,,,,,,,0.0,0.0,0.0,0.0,0.0,0.0,0.0,0.0,0.0,0.0,0.0,0.0,,,0.0,0.0,0.0,0.0,0.0,0.0,0.0,0.0,0.0,0.0,0.0,0.0,0.0,0.0,0.0,0.0,0.0,0.0,0.0,0.0,0.0,0.0,0.0,0.0,0.0,0.0,0.0,0.0,0.0,0.0,0.0,0.0,0.0,0.0,0.0,0.0,0.0,0.0,0.0,0.0,0.0,0.0,0.00015242863737511002,0.0,0.0,0.0,2.9838402648825002e-05,0.0,0.0,0.0,0.0,0.0,0.0,0.0,0.00806964237708593,0.0,0.0004061864422207084,0.0,0.00015809800485535835,0.0,0.0,0.0,0.006861705239862149,0.0,0.0003963648293089583,0.0,0.0,0.0,0.00181263983748585,0.0,0.0,0.0,0.0,0.0,7.080977714696666e-05,0.0,0.0,0.0,0.0014288373048960152,0.0,0.0024322961654626553,0.0,0.0,0.0,0.0019172887817451544,0.0,0.0,0.0,0.0025496363613372996,0.0,0.027564183918928516,0.0,0.17679760164835231,0.0,0.0,0.0,0.0,0.0,0.0020907272017211174,0.0,0.0,0.0,0.0,0.0,0.00272134835831817,0.0,0.02816101515834977,0.0,0.0,0.0,0.026885948050767133,0.0,0.005741605845590383,0.0,0.00541314550209784,0.0,0.00123926246887999,0.0,0.0,,0.00015242863737511002,0.0,0.1221334380859678,0.0,0.05039218027483329,0.0,0.060296419387062344,0.0,0.011349920707289088,0.0,0.006582841949744311,0.0,0.0,,,,,,,,0.00235145618207746,0.0,,,,,,,,,,,0.0,0.0,0.0,0.0,0.0,0.0,0.0,0.0,0.0,0.0,0.0,0.0,0.0,0.0,0.0,0.0,0.0,0.0,0.0,0.0,0.0,0.0,0.0,0.0,0.0,0.0,0.0,0.0,0.0,0.0,0.0,0.0,0.0,0.0,0.0,0.0,0.0,0.0,0.0,0.0,0.0008681893775549649,0.0,0.38917160047726196,0.0,0.022299364933537083,0.0,0.014896051285581406,0.0,0.019443578707675067,0.0,0.00030732793038617504,0.0,0.0,,,,,,,,,,,,,,,,,,,,,,0,0,100,52
2025-01-18,,,,,,,,,,,,,,,0.00038129037711766,0.0,,,,,,,,,,,,,,,,,,,,,,,,,0.0,0.0,,,,,,,,,,,,,0.0,0.0,0.0,0.0,0.0,0.0,0.0,0.0,0.0,0.0,0.0,0.0,,,0.0,0.0,0.0,0.0,0.0,0.0,0.0,0.0,0.0,0.0,0.0,0.0,0.0,0.0,0.0,0.0,0.0,0.0,0.0,0.0,0.0,0.0,0.0,0.0,0.0,0.0,0.0,0.0,0.0,0.0,0.0,0.0,0.0,0.0,0.0,0.0,0.0,0.0,0.0,0.0,0.0,0.0,0.00030485727475022004,0.0,0.0,0.0,0.0,0.0,0.0,0.0,0.0,0.0,0.0,0.0,0.00824359166435892,0.0,0.0004961768747307001,0.0,0.0,0.0,0.0,0.0,0.007276298943906979,0.0,0.0,0.0,0.0,0.0,0.0,0.0,0.0,0.0,0.0,0.0,0.0,0.0,0.0,0.0,0.00200677365064618,0.0,0.002169072705631411,0.0,0.0,0.0,0.0019819405085096335,0.0,0.0,0.0,0.00231563249835739,0.0,0.02159733194857831,0.0,0.15652658790349955,0.0,0.0,0.0,0.0,0.0,0.001506709333625575,0.0,0.0,0.0,0.0,0.0,0.0026560460682958,0.0,0.02566565312445159,0.0,0.0,0.0,0.030466140992939428,0.0,0.00683243603756025,0.0,0.0072998965159058,0.0,0.00152810560539358,0.0,0.0,,0.00030485727475022004,0.0,0.15282544195652006,0.0,0.04151400029659267,0.0,0.06263178959488863,0.0,0.0129416203126311,0.0,0.007123129856255277,0.0,0.0,,,,,,,,0.00320478132925922,0.0,,,,,,,,,,,0.0,0.0,0.0,0.0,0.0,0.0,0.0,0.0,0.0,0.0,0.0,0.0,0.0,0.0,0.0,0.0,0.0,0.0,0.0,0.0,0.0,0.0,0.0,0.0,0.0,0.0,0.0,0.0,0.0,0.0,0.0,0.0,0.0,0.0,0.0,0.0,0.0,0.0,0.0,0.0,0.00041049277642738,0.0,0.39673450887203215,0.0,0.01757471408281057,0.0,0.012683774034182178,0.0,0.0173295084387063,0.0,0.000517188367666625,0.0,0.0,,,,,,,,,,,,,,,,,,,,,,0,0,100,53
2025-01-25,,,,,,,,,,,,,,,0.0003225120941351175,0.0,,,,,,,,,,,,,,,,,,,,,,,,,0.0,0.0,,,,,,,,,,,,,0.0,0.0,0.0,0.0,0.0,0.0,0.0,0.0,0.0,0.0,0.0,0.0,,,0.0,0.0,0.0,0.0,0.0,0.0,0.0,0.0,0.0,0.0,0.0,0.0,0.0,0.0,0.0,0.0,0.0,0.0,0.0,0.0,0.0,0.0,0.0,0.0,0.0,0.0,0.0,0.0,0.0,0.0,0.0,0.0,0.0,0.0,0.0,0.0,0.0,0.0,0.0,0.0,0.0,0.0,0.00015242863737511002,0.0,0.0,0.0,0.0,0.0,0.0,0.0,0.0,0.0,0.0,0.0,0.007374780788086304,0.0,0.00024808843736535003,0.0,0.0,0.0,0.0,0.0,0.007835193537175598,0.0,0.0001099648434319375,0.0,0.0,0.0,0.0,0.0,0.0,0.0,0.0,0.0,0.0,0.0,0.0,0.0,0.001298347933334265,0.0,0.0015157730848018127,0.0,0.0,0.0,0.0016037807266305042,0.0,0.0,0.0,0.0022115613726782137,0.0,0.017879176698625043,0.0,0.13572344556450838,0.0,0.0,0.0,0.0,0.0,0.001832671383453954,0.0,4.8816880735087496e-05,0.0,0.0,0.0,0.002365489490330175,0.0,0.03154089771625064,0.0,0.0,0.0,0.02767275937108525,0.0,0.007336315194455233,0.0,0.00602099848911161,0.0,0.00133239923161448,0.0,0.0,,0.00015242863737511002,0.0,0.18971356931659905,0.0,0.04003771630426243,0.0,0.05508863553404802,0.0,0.01159066704308816,0.0,0.008504866208467177,0.0,0.0,,,,,,,,0.0035149299539625097,0.0,,,,,,,,,,,0.0,0.0,0.0,0.0,0.0,0.0,0.0,0.0,0.0,0.0,0.0,0.0,0.0,0.0,0.0,0.0,0.0,0.0,0.0,0.0,0.0,0.0,0.0,0.0,0.0,0.0,0.0,0.0,0.0,0.0,0.0,0.0,0.0,0.0,0.0,0.0,0.0,0.0,0.0,0.0,0.00020524638821369,0.0,0.3863112328781022,0.0,0.017302426768259827,0.0,0.01347089450185492,0.0,0.0173643296584486,0.0,0.0007146748175727625,0.0,0.0,,,,,,,,,,,,,,,,,,,,,,0,0,100,54
2025-02-01,,,,,,,,,,,,,,,0.000263733811152575,0.0,,,,,,,,,,,,,,,,,,,,,,,,,0.0,0.0,,,,,,,,,,,,,0.0,0.0,0.0,0.0,0.0,0.0,0.0,0.0,0.0,0.0,0.0,0.0,,,0.0,0.0,0.0,0.0,0.0,0.0,0.0,0.0,0.0,0.0,0.0,0.0,0.0,0.0,0.0,0.0,0.0,0.0,0.0,0.0,0.0,0.0,0.0,0.0,0.0,0.0,0.0,0.0,0.0,0.0,0.0,0.0,0.0,0.0,0.0,0.0,0.0,0.0,0.0,0.0,0.0,0.0,0.0,0.0,0.0,0.0,0.0,0.0,0.0,0.0,0.0,0.0,0.0,0.0,0.006505969911813687,0.0,0.0,0.0,0.0,0.0,0.0,0.0,0.008394088130444217,0.0,0.000219929686863875,0.0,0.0,0.0,0.0,0.0,0.0,0.0,0.0,0.0,0.0,0.0,0.0,0.0,0.00058992221602235,0.0,0.0008624734639722142,0.0,0.0,0.0,0.001225620944751375,0.0,0.0,0.0,0.0021074902469990376,0.0,0.014161021448671774,0.0,0.11492030322551722,0.0,0.0,0.0,0.0,0.0,0.0021586334332823333,0.0,9.763376147017499e-05,0.0,0.0,0.0,0.00207493291236455,0.0,0.03741614230804969,0.0,0.0,0.0,0.024879377749231078,0.0,0.007840194351350216,0.0,0.0047421004623174196,0.0,0.0011366928578353801,0.0,0.0,,0.0,0.0,0.22660169667667807,0.0,0.03856143231193219,0.0,0.047545481473207404,0.0,0.010239713773545222,0.0,0.009886602560679077,0.0,0.0,,,,,,,,0.0038250785786657997,0.0,,,,,,,,,,,0.0,0.0,0.0,0.0,0.0,0.0,0.0,0.0,0.0,0.0,0.0,0.0,0.0,0.0,0.0,0.0,0.0,0.0,0.0,0.0,0.0,0.0,0.0,0.0,0.0,0.0,0.0,0.0,0.0,0.0,0.0,0.0,0.0,0.0,0.0,0.0,0.0,0.0,0.0,0.0,0.0,0.0,0.3758879568841722,0.0,0.017030139453709087,0.0,0.014258014969527662,0.0,0.0173991508781909,0.0,0.0009121612674789,0.0,0.0,,,,,,,,,,,,,,,,,,,,,,0,0,100,55
2025-02-08,,,,,,,,,,,,,,,0.0002476484672418208,0.0,,,,,,,,,,,,,,,,,,,,,,,,,0.0,0.0,,,,,,,,,,,,,0.0,0.0,0.0,0.0,0.0,0.0,0.0,0.0,0.0,0.0,0.0,0.0,,,0.0,0.0,0.0,0.0,0.0,0.0,0.0,0.0,0.0,0.0,0.0,0.0,0.0,0.0,0.0,0.0,0.0,0.0,0.0,0.0,0.0,0.0,0.0,0.0,0.0,0.0,0.0,0.0,0.0,0.0,0.0,0.0,0.0,0.0,0.0,0.0,0.0,0.0,0.0,0.0,0.0,0.0,0.0,0.0,0.0,0.0,0.0,0.0,0.0,0.0,0.0,0.0,0.0,0.0,0.006003314891131557,0.0,0.00042005624466884994,0.0,0.0,0.0,0.0,0.0,0.006859007291495739,0.0,0.0006898556772890875,0.0,3.1811938242733334e-05,0.0,0.0,0.0,0.0,0.0,0.0,0.0,0.0,0.0,0.0,0.0,0.0004173577423595083,0.0,0.001127125837540757,0.0,0.0,0.0,0.0014345662833268708,0.0,0.0,0.0,0.0010537451234995188,0.0,0.019763240125030238,0.0,0.10013814875856036,0.0,0.0,0.0,0.0,0.0,0.0016331093065673167,0.0,4.8816880735087496e-05,0.0,0.0,0.0,0.0013908144392189125,0.0,0.03722370014939866,0.0,0.0,0.0,0.02475083795272637,0.0,0.0079563069545353,0.0,0.0065589225850998896,0.0,0.00238251379341813,0.0,0.00040509439713785,2.0,0.0,0.0,0.2587400130513641,0.0,0.03184094520596162,0.0,0.04790526069700712,0.0,0.009525414937848375,0.0,0.010897933757708676,0.0,0.0,,,,,,,,0.005431297708613117,0.0,,,,,,,,,,,0.0,0.0,0.0,0.0,0.0,0.0,0.0,0.0,0.0,0.0,0.0,0.0,0.0,0.0,0.0,0.0,0.0,0.0,0.0,0.0,0.0,0.0,0.0,0.0,0.0,0.0,0.0,0.0,0.0,0.0,0.0,0.0,0.0,0.0,0.0,0.0,0.0,0.0,0.0,0.0,9.829517997178333e-05,0.0,0.3615813052488698,0.0,0.017732461332343477,0.0,0.010527783888392105,0.0,0.01874324157834046,0.0,0.0009375169611302625,0.0,0.0002978972624987,1.0,,,,,,,,,,,,,,,,,,,,,1,1,100,0
2025-02-15,,,,,,,,,,,,,,,0.00023156312333106666,0.0,,,,,,,,,,,,,,,,,,,,,,,,,0.0,0.0,,,,,,,,,,,,,0.0,0.0,0.0,0.0,0.0,0.0,0.0,0.0,0.0,0.0,0.0,0.0,,,0.0,0.0,0.0,0.0,0.0,0.0,0.0,0.0,0.0,0.0,0.0,0.0,0.0,0.0,0.0,0.0,0.0,0.0,0.0,0.0,0.0,0.0,0.0,0.0,0.0,0.0,0.0,0.0,0.0,0.0,0.0,0.0,0.0,0.0,0.0,0.0,0.0,0.0,0.0,0.0,0.0,0.0,0.0,0.0,0.0,0.0,0.0,0.0,0.0,0.0,0.0,0.0,0.0,0.0,0.005500659870449425,0.0,0.0008401124893376999,0.0,0.0,0.0,0.0,0.0,0.005323926452547262,0.0,0.0011597816677143,0.0,6.362387648546667e-05,0.0,0.0,0.0,0.0,0.0,0.0,0.0,0.0,0.0,0.0,0.0,0.00024479326869666663,0.0,0.0013917782111093,0.0,0.0,0.0,0.0016435116219023667,0.0,0.0,0.0,0.0,0.0,0.0253654588013887,0.0,0.0853559942916035,0.0,0.0,0.0,0.0,0.0,0.0011075851798523,0.0,0.0,0.0,0.0,0.0,0.000706695966073275,0.0,0.037031257990747635,0.0,0.0,0.0,0.024622298156221665,0.0,0.008072419557720383,0.0,0.00837574470788236,0.0,0.00362833472900088,0.0,0.0008101887942757,0.0,0.0,0.0,0.2908783294260502,0.0,0.02512045809999105,0.0,0.04826503992080683,0.0,0.008811116102151526,0.0,0.011909264954738276,0.0,0.0,,,,,,,,0.0070375168385604335,0.0,,,,,,,,,,,0.0,0.0,0.0,0.0,0.0,0.0,0.0,0.0,0.0,0.0,0.0,0.0,0.0,0.0,0.0,0.0,0.0,0.0,0.0,0.0,0.0,0.0,0.0,0.0,0.0,0.0,0.0,0.0,0.0,0.0,0.0,0.0,0.0,0.0,0.0,0.0,0.0,0.0,0.0,0.0,0.00019659035994356667,0.0,0.34727465361356735,0.0,0.018434783210977863,0.0,0.00679755280725655,0.0,0.02008733227849002,0.0,0.000962872654781625,0.0,0.0005957945249974,0.0,,,,,,,,,,,,,,,,,,,,,0,0,102,1
2025-02-22,,,,,,,,,,,,,,,0.00020535146662340834,0.0,,,,,,,,,,,,,,,,,,,,,,,,,0.0,0.0,,,,,,,,,,,,,0.0,0.0,3.5210152418575e-05,0.0,0.0,0.0,0.0,0.0,0.0,0.0,0.0,0.0,,,0.0,0.0,0.0,0.0,0.0,0.0,0.0,0.0,0.0,0.0,0.0,0.0,0.0,0.0,0.0,0.0,0.0,0.0,0.0,0.0,0.000158683949848625,0.0,0.0,0.0,0.0,0.0,0.0,0.0,0.0,0.0,0.0,0.0,0.0,0.0,0.0,0.0,0.0,0.0,0.000158683949848625,0.0,0.0,0.0,0.0,0.0,0.0,0.0,4.4784952478925e-05,0.0,0.0,0.0,0.0,0.0,0.0,0.0,0.004207758145639634,0.0,0.00042005624466884994,0.0,0.0,0.0,0.0,0.0,0.0041622467882309975,0.0,0.00084669044978605,0.0,3.1811938242733334e-05,0.0,0.00012895723921245,0.0,0.0,0.0,0.0,0.0,0.0,0.0,0.0,0.0,0.0002468252011264083,0.0,0.0018503618077374666,0.0,0.0,0.0,0.0014900954750676834,0.0,0.0,0.0,0.0003279617012594625,0.0,0.02286857459694143,0.0,0.07774987650502999,0.0,0.0,0.0,0.0,0.0,0.00055379258992615,0.0,0.0,0.0,0.0,0.0,0.0005089954138383875,0.0,0.035331597163652334,0.0,0.0,0.0,0.0264754188468768,0.0,0.006329530927663016,0.0,0.01078584743663665,0.0,0.00767520132940258,0.0,0.0016117772174766,0.0,0.0,0.0,0.32472763077488964,0.0,0.02360598673112687,0.0,0.05197647958993906,0.0,0.014127506816294013,0.0,0.01171990704356821,0.0,0.0,,,,,,,,0.007373978880544447,0.0,,,,,,,,,,,0.0,0.0,0.0,0.0,0.0,0.0,0.0,0.0,0.0,0.0,0.0,0.0,0.0,0.0,0.0,0.0,0.0,0.0,0.0,0.0,0.0,0.0,0.0,0.0,0.0,0.0,0.0,0.0,0.0,0.0,0.0,0.0,0.0,0.0,0.0,0.0,0.0,0.0,0.0,0.0,0.00014308013245070833,0.0,0.3179300049585955,0.0,0.020860109228773786,0.0,0.009047896019183075,0.0,0.020694136992096858,0.0,0.0016846342841744873,0.0,0.0002978972624987,0.0,,,,,,,,,,,,,,,,,,,,,0,0,102,2
2025-03-01,,,,,,,,,,,,,,,0.00017913980991575,0.0,,,,,,,,,,,,,,,,,,,,,,,,,0.0,0.0,,,,,,,,,,,,,0.0,0.0,7.042030483715e-05,0.0,0.0,0.0,0.0,0.0,0.0,0.0,0.0,0.0,,,0.0,0.0,0.0,0.0,0.0,0.0,0.0,0.0,0.0,0.0,0.0,0.0,0.0,0.0,0.0,0.0,0.0,0.0,0.0,0.0,0.00031736789969725,0.0,0.0,0.0,0.0,0.0,0.0,0.0,0.0,0.0,0.0,0.0,0.0,0.0,0.0,0.0,0.0,0.0,0.00031736789969725,0.0,0.0,0.0,0.0,0.0,0.0,0.0,8.956990495785e-05,0.0,0.0,0.0,0.0,0.0,0.0,0.0,0.002914856420829843,0.0,0.0,0.0,0.0,0.0,0.0,0.0,0.003000567123914733,0.0,0.0005335992318578,0.0,0.0,0.0,0.0002579144784249,0.0,0.0,0.0,0.0,0.0,0.0,0.0,0.0,0.0,0.00024885713355615,0.0,0.002308945404365633,0.0,0.0,0.0,0.001336679328233,0.0,0.0,0.0,0.000655923402518925,0.0,0.02037169039249416,0.0,0.07014375871845649,0.0,0.0,0.0,0.0,0.0,0.0,0.0,0.0,0.0,0.0,0.0,0.0003112948616035,0.0,0.03363193633655703,0.0,0.0,0.0,0.02832853953753193,0.0,0.0045866422976056495,0.0,0.01319595016539094,0.0,0.011722067929804281,0.0,0.0024133656406775,0.0,0.0,0.0,0.35857693212372915,0.0,0.022091515362262688,0.0,0.0556879192590713,0.0,0.0194438975304365,0.0,0.011530549132398144,0.0,0.0,,,,,,,,0.007710440922528461,0.0,,,,,,,,,,,0.0,0.0,0.0,0.0,0.0,0.0,0.0,0.0,0.0,0.0,0.0,0.0,0.0,0.0,0.0,0.0,0.0,0.0,0.0,0.0,0.0,0.0,0.0,0.0,0.0,0.0,0.0,0.0,0.0,0.0,0.0,0.0,0.0,0.0,0.0,0.0,0.0,0.0,0.0,0.0,8.956990495785e-05,0.0,0.2885853563036237,0.0,0.023285435246569713,0.0,0.0112982392311096,0.0,0.0213009417057037,0.0,0.0024063959135673498,0.0,0.0,0.0,,,,,,,,,,,,,,,,,,,,,0,0,102,3
2025-03-08,,,,,,,,,,,,,,,8.9569904957875e-05,0.0,,,,,,,,,,,,,,,,,,,,,,,,,0.0,0.0,,,,,,,,,,,,,0.0,0.0,3.5210152418575e-05,0.0,0.0,0.0,0.0,0.0,0.0,0.0,0.0,0.0,,,0.0,0.0,0.0,0.0,0.0,0.0,0.0,0.0,0.0,0.0,0.0,0.0,0.0,0.0,0.0,0.0,0.0,0.0,0.0,0.0,0.000158683949848625,0.0,0.0,0.0,0.0,0.0,0.0,0.0,0.0,0.0,0.0,0.0,0.0,0.0,0.0,0.0,0.0,0.0,0.000158683949848625,0.0,0.0,0.0,0.0,0.0,0.0,0.0,4.4784952478925e-05,0.0,0.0,0.0,0.0,0.0,0.0,0.0,0.0020016739610582016,0.0,0.0,0.0,0.0,0.0,0.0,0.0,0.0028922811228160794,0.0,0.0002667996159289,0.0,0.0,0.0,0.00012895723921245,0.0,0.0,0.0,0.0,0.0,0.0,0.0,0.0,0.0,0.000124428566778075,0.0,0.0011544727021828166,0.0,0.0,0.0,0.0006683396641165,0.0,0.0,0.0,0.0003279617012594625,0.0,0.02012088149785993,0.0,0.060473326637986116,0.0,0.0,0.0,0.0,0.0,0.0,0.0,0.0,0.0,0.0,0.0,0.00015564743080175,0.0,0.03400297525028383,0.0,0.0,0.0,0.026572710002905515,0.0,0.007394161230574025,0.0,0.01049758289009329,0.0,0.01233060294762249,0.0,0.0031708398018963253,0.0,0.0,0.0,0.4154081287838164,0.0,0.01916379287528491,0.0,0.04950414709746832,0.0,0.011324447998777009,0.0,0.011097769264043038,0.0,0.0,,,,,,,,0.0093276205938309,0.0,,,,,,,,,,,0.0,0.0,0.0,0.0,0.0,0.0,0.0,0.0,0.0,0.0,0.0,0.0,0.0,0.0,0.0,0.0,0.0,0.0,0.0,0.0,0.0,0.0,0.0,0.0,0.0,0.0,0.0,0.0,0.0,0.0,0.0,0.0,0.0,0.0,0.0,0.0,0.0,0.0,0.0,0.0,4.4784952478925e-05,0.0,0.25576661846467424,0.0,0.02373109961904224,0.0,0.01311936452984807,0.0,0.016506398717562317,0.0,0.0025865283678285374,0.0,0.00036472271312957497,0.0,,,,,,,,,,,,,,,,,,,,,0,0,102,4
2025-03-15,,,,,,,,,,,,,,,0.0,0.0,,,,,,,,,,,,,,,,,,,,,,,,,0.0,0.0,,,,,,,,,,,,,0.0,0.0,0.0,0.0,0.0,0.0,0.0,0.0,0.0,0.0,0.0,0.0,,,0.0,0.0,0.0,0.0,0.0,0.0,0.0,0.0,0.0,0.0,0.0,0.0,0.0,0.0,0.0,0.0,0.0,0.0,0.0,0.0,0.0,0.0,0.0,0.0,0.0,0.0,0.0,0.0,0.0,0.0,0.0,0.0,0.0,0.0,0.0,0.0,0.0,0.0,0.0,0.0,0.0,0.0,0.0,0.0,0.0,0.0,0.0,0.0,0.0,0.0,0.0,0.0,0.0,0.0,0.00108849150128656,0.0,0.0,0.0,0.0,0.0,0.0,0.0,0.0027839951217174252,0.0,0.0,0.0,0.0,0.0,0.0,0.0,0.0,0.0,0.0,0.0,0.0,0.0,0.0,0.0,0.0,0.0,0.0,0.0,0.0,0.0,0.0,0.0,0.0,0.0,0.0,0.0,0.0198700726032257,0.0,0.050802894557515736,0.0,0.0,0.0,0.0,0.0,0.0,0.0,0.0,0.0,0.0,0.0,0.0,0.0,0.03437401416401063,0.0,0.0,0.0,0.0248168804682791,0.0,0.0102016801635424,0.0,0.007799215614795641,0.0,0.0129391379654407,0.0,0.00392831396311515,0.0,0.0,0.0,0.4722393254439036,0.0,0.01623607038830713,0.0,0.04332037493586534,0.0,0.00320499846711752,0.0,0.010664989395687934,0.0,0.0,,,,,,,,0.01094480026513334,0.0,,,,,,,,,,,0.0,0.0,0.0,0.0,0.0,0.0,0.0,0.0,0.0,0.0,0.0,0.0,0.0,0.0,0.0,0.0,0.0,0.0,0.0,0.0,0.0,0.0,0.0,0.0,0.0,0.0,0.0,0.0,0.0,0.0,0.0,0.0,0.0,0.0,0.0,0.0,0.0,0.0,0.0,0.0,0.0,0.0,0.22294788062572476,0.0,0.024176763991514767,0.0,0.01494048982858654,0.0,0.011711855729420934,0.0,0.002766660822089725,0.0,0.0007294454262591499,0.0,,,,,,,,,,,,,,,,,,,,,0,0,102,5
2025-03-22,,,,,,,,,,,,,,,0.0,0.0,,,,,,,,,,,,,,,,,,,,,,,,,0.0,0.0,,,,,,,,,,,,,0.0,0.0,0.0,0.0,0.0,0.0,0.0,0.0,0.0,0.0,0.0,0.0,,,0.0,0.0,0.0,0.0,0.0,0.0,0.0,0.0,0.0,0.0,0.0,0.0,0.0,0.0,0.0,0.0,0.0,0.0,0.0,0.0,0.0,0.0,0.0,0.0,0.0,0.0,0.0,0.0,0.0,0.0,0.0,0.0,0.0,0.0,0.0,0.0,0.0,0.0,0.0,0.0,0.0,0.0,0.0,0.0,0.0,0.0,0.0,0.0,0.0,0.0,0.0,0.0,0.0,0.0,0.0008016157546080133,0.0,0.0,0.0,0.0,0.0,0.0,0.0,0.001767255268835746,0.0,0.0,0.0,0.0,0.0,0.0,0.0,0.0,0.0,0.0,0.0,0.0,0.0,0.0,0.0,0.0,0.0,0.0,0.0,0.0,0.0,0.0,0.0,0.0,0.0,0.0,0.0,0.017562626209109998,0.0,0.044009436977406294,0.0,0.0,0.0,0.0,0.0,0.0,0.0,0.0,0.0,0.0,0.0,0.0,0.0,0.037122118410964765,0.0,0.0,0.0,0.02552521084435281,0.0,0.00815531130259233,0.0,0.01101611989239847,0.0,0.015264591760933349,0.0,0.00517875479999925,0.0,0.0,0.0,0.5057171036799749,0.0,0.013844936263437024,0.0,0.04335756525397295,0.0,0.002949467697180785,0.0,0.008928553697963497,0.0,0.0004544319672277,2.0,,,,,,,0.01014406792819496,0.0,,,,,,,,,,,0.0,0.0,0.0,0.0,0.0,0.0,0.0,0.0,0.0,0.0,0.0,0.0,0.0,0.0,0.0,0.0,0.0,0.0,0.0,0.0,0.0,0.0,0.0,0.0,0.0,0.0,0.0,0.0,0.0,0.0,0.0,0.0,0.0,0.0,0.0,0.0,0.0,0.0,0.0,0.0,0.0,0.0,0.19128341674804683,0.0,0.024542362739642394,0.0,0.011992584820836719,0.0,0.012927342827121366,0.0,0.005306398816173838,0.0,0.00356381855090145,0.0,,,,,,,,,,,,,,,,,,,,,0,1,102,6
2025-03-29,,,,,,,,,,,,,,,0.0,0.0,,,,,,,,,,,,,,,,,,,,,,,,,0.0,0.0,,,,,,,,,,,,,0.0,0.0,0.0,0.0,0.0,0.0,0.0,0.0,0.0,0.0,0.0,0.0,,,0.0,0.0,0.0,0.0,0.0,0.0,0.0,0.0,0.0,0.0,0.0,0.0,0.0,0.0,0.0,0.0,0.0,0.0,0.0,0.0,0.0,0.0,0.0,0.0,0.0,0.0,0.0,0.0,0.0,0.0,0.0,0.0,0.0,0.0,0.0,0.0,0.0,0.0,0.0,0.0,0.0,0.0,0.0,0.0,0.0,0.0,0.0,0.0,0.0,0.0,0.0,0.0,0.0,0.0,0.0005147400079294667,0.0,0.0,0.0,0.0,0.0,0.0,0.0,0.0007505154159540665,0.0,0.0,0.0,0.0,0.0,0.0,0.0,0.0,0.0,0.0,0.0,0.0,0.0,0.0,0.0,0.0,0.0,0.0,0.0,0.0,0.0,0.0,0.0,0.0,0.0,0.0,0.0,0.015255179814994298,0.0,0.03721597939729686,0.0,0.0,0.0,0.0,0.0,0.0,0.0,0.0,0.0,0.0,0.0,0.0,0.0,0.0398702226579189,0.0,0.0,0.0,0.02623354122042652,0.0,0.00610894244164226,0.0,0.0142330241700013,0.0,0.017590045556425998,0.0,0.00642919563688335,0.0,0.0,0.0,0.5391948819160461,0.0,0.011453802138566919,0.0,0.04339475557208056,0.0,0.00269393692724405,0.0,0.0071921180002390605,0.0,0.0009088639344554,0.0,,,,,,,0.00934333559125658,0.0,,,,,,,,,,,0.0,0.0,0.0,0.0,0.0,0.0,0.0,0.0,0.0,0.0,0.0,0.0,0.0,0.0,0.0,0.0,0.0,0.0,0.0,0.0,0.0,0.0,0.0,0.0,0.0,0.0,0.0,0.0,0.0,0.0,0.0,0.0,0.0,0.0,0.0,0.0,0.0,0.0,0.0,0.0,0.0,0.0,0.15961895287036892,0.0,0.024907961487770025,0.0,0.0090446798130869,0.0,0.0141428299248218,0.0,0.007846136810257951,0.0,0.00639819167554375,0.0,,,,,,,,,,,,,,,,,,,,,0,0,103,7
2025-04-05,,,,,,,,,,,,,,,0.0,0.0,,,,,,,,,,,,,,,,,,,,,,,,,0.0,0.0,,,,,,,,,,,,,0.0,0.0,0.0,0.0,0.0,0.0,0.0,0.0,0.0,0.0,0.0,0.0,,,0.0,0.0,0.0,0.0,0.0,0.0,0.0,0.0,0.0,0.0,0.0,0.0,0.0,0.0,0.0,0.0,0.0,0.0,0.0,0.0,0.0,0.0,0.0,0.0,0.0,0.0,0.0,0.0,0.0,0.0,0.0,0.0,0.0,0.0,0.0,0.0,0.0,0.0,0.0,0.0,0.0,0.0,0.0,0.0,0.0,0.0,0.0,0.0,0.0,0.0,0.0,0.0,0.0,0.0,0.001669173264720767,0.0,0.0,0.0,0.0,0.0,0.0,0.0,0.0007776630712517582,0.0,0.0,0.0,0.0,0.0,0.0,0.0,0.0,0.0,0.0,0.0,0.0,0.0,0.0,0.0,0.0,0.0,0.0,0.0,0.0,0.0,0.0,0.0,0.0,0.0,0.0,0.0,0.013654541154392024,0.0,0.03270511869341129,0.0,0.0,0.0,0.0,0.0,0.0,0.0,0.0,0.0,0.0,0.0,0.0,0.0,0.03361072372645135,0.0,0.0,0.0,0.04052894301712511,0.0,0.00588262005476278,0.0,0.012555199015575114,0.0,0.02029015128500755,0.0,0.01108005957212295,0.0,0.0,0.0,0.5772570818662643,0.0,0.008384232129901597,0.0,0.03735818807035679,0.0,0.0020562994177452916,0.0,0.006364281650166906,0.0,0.001600248782779025,0.0,,,,,,,0.007491653092438327,0.0,,,,,,,,,,,0.0,0.0,0.0,0.0,0.0,0.0,0.0,0.0,0.0,0.0,0.0,0.0,0.0,0.0,0.0,0.0,0.0,0.0,0.0,0.0,0.0,0.0,0.0,0.0,0.0,0.0,0.0,0.0,0.0,0.0,0.0,0.0,0.0,0.0,0.0,0.0,0.0,0.0,0.0,0.0,0.0,0.0,0.135217248275876,0.0,0.01959642884321505,0.0,0.008410173119045725,0.0,0.012031730206217575,0.0,0.012325481162406426,0.0,0.007208989933133075,0.0,,,,,,,,,,,,,,,,,,,,,0,0,103,8
2025-04-12,,,,,,,,,,,,,,,0.0,0.0,,,,,,,,,,,,,,,,,,,,,,,,,0.0,0.0,,,,,,,,,,,,,0.0,0.0,0.0,0.0,0.0,0.0,0.0,0.0,0.0,0.0,0.0,0.0,,,0.0,0.0,0.0,0.0,0.0,0.0,0.0,0.0,0.0,0.0,0.0,0.0,0.0,0.0,0.0,0.0,0.0,0.0,0.0,0.0,0.0,0.0,0.0,0.0,0.0,0.0,0.0,0.0,0.0,0.0,0.0,0.0,0.0,0.0,0.0,0.0,0.0,0.0,0.0,0.0,0.0,0.0,0.0,0.0,0.0,0.0,0.0,0.0,0.0,0.0,0.0,0.0,0.0,0.0,0.002823606521512067,0.0,0.0,0.0,0.0,0.0,0.0,0.0,0.00080481072654945,0.0,0.0,0.0,0.0,0.0,0.0,0.0,0.0,0.0,0.0,0.0,0.0,0.0,0.0,0.0,0.0,0.0,0.0,0.0,0.0,0.0,0.0,0.0,0.0,0.0,0.0,0.0,0.01205390249378975,0.0,0.02819425798952573,0.0,0.0,0.0,0.0,0.0,0.0,0.0,0.0,0.0,0.0,0.0,0.0,0.0,0.0273512247949838,0.0,0.0,0.0,0.0548243448138237,0.0,0.0056562976678833,0.0,0.010877373861148926,0.0,0.022990257013589102,0.0,0.01573092350736255,0.0,0.0,0.0,0.6153192818164825,0.0,0.005314662121236275,0.0,0.03132162056863303,0.0,0.0014186619082465334,0.0,0.00553644530009475,0.0,0.00229163363110265,0.0,,,,,,,0.005639970593620075,0.0,,,,,,,,,,,0.0,0.0,0.0,0.0,0.0,0.0,0.0,0.0,0.0,0.0,0.0,0.0,0.0,0.0,0.0,0.0,0.0,0.0,0.0,0.0,0.0,0.0,0.0,0.0,0.0,0.0,0.0,0.0,0.0,0.0,0.0,0.0,0.0,0.0,0.0,0.0,0.0,0.0,0.0,0.0,0.0,0.0,0.11081554368138308,0.0,0.014284896198660075,0.0,0.0077756664250045494,0.0,0.009920630487613349,0.0,0.0168048255145549,0.0,0.0080197881907224,0.0,,,,,,,,,,,,,,,,,,,,,0,0,103,9
2025-04-19,,,,,,,,,,,,,,,0.0,0.0,,,,,,,,,,,,,,,,,,,,,,,,,0.0,0.0,,,,,,,,,,,,,0.0,0.0,0.0,0.0,0.0,0.0,0.0,0.0,0.0,0.0,0.0,0.0,,,0.0,0.0,0.0,0.0,0.0,0.0,0.0,0.0,0.0,0.0,0.0,0.0,0.0,0.0,0.0,0.0,0.0,0.0,0.0,0.0,0.0,0.0,0.0,0.0,0.0,0.0,0.0,0.0,0.0,0.0,0.0,0.0,0.0,0.0,0.0,0.0,0.0,0.0,0.0,0.0,0.0,0.0,0.0,0.0,0.0,0.0,0.0,0.0,0.0,0.0,0.0,0.0,0.0,0.0,0.0020220351483051834,0.0,0.0,0.0,0.0,0.0,0.0,0.0,0.000402405363274725,0.0,0.0,0.0,0.0,0.0,0.0,0.0,0.0,0.0,0.0,0.0,0.0,0.0,0.0,0.0,0.0,0.0,0.0,0.0,0.0,0.0,0.0,0.0,0.0,0.0,0.0,0.0,0.011217203728544158,0.0,0.0251087577392657,0.0,0.0,0.0,0.0,0.0,0.0,0.0,0.0,0.0,0.0,0.0,0.0,0.0,0.021295090205967367,0.0,0.0,0.0,0.04156794336934883,0.0,0.005081192299257917,0.0,0.011969395253496846,0.0,0.013241569977253634,0.0,0.0168185860384255,0.0,0.0,0.0,0.6350274433692296,0.0,0.004499738647912888,0.0,0.026126992888748597,0.0,0.0007093309541232667,0.0,0.006078597410426742,0.0,0.010794374567922125,0.0,,,,,,,0.009868156931285406,0.0,,,,,,,,,,,0.0,0.0,0.0,0.0,0.0,0.0,0.0,0.0,0.0,0.0,0.0,0.0,0.0,0.0,0.0,0.0,0.0,0.0,0.0,0.0,0.0,0.0,0.0,0.0,0.0,0.0,0.0,0.0,0.0,0.0,0.0,0.0,0.0,0.0,0.0,0.0,0.0,0.0,0.0,0.0,0.0,0.0,0.0963917654007673,0.0,0.016097288501138438,0.0,0.009112081917313192,0.0,0.007820047845598274,0.0,0.023872088330487352,0.0,0.013658137060701776,0.0,,,,,,,,,,,,,,,,,,,,,0,0,103,10
2025-04-26,,,,,,,,,,,,,,,0.0,0.0,,,,,,,,,,,,,,,,,,,,,,,,,0.0,0.0,,,,,,,,,,,,,0.0,0.0,0.0,0.0,0.0,0.0,0.0,0.0,0.0,0.0,0.0,0.0,,,0.0,0.0,0.0,0.0,0.0,0.0,0.0,0.0,0.0,0.0,0.0,0.0,0.0,0.0,0.0,0.0,0.0,0.0,0.0,0.0,0.0,0.0,0.0,0.0,0.0,0.0,0.0,0.0,0.0,0.0,0.0,0.0,0.0,0.0,0.0,0.0,0.0,0.0,0.0,0.0,0.0,0.0,0.0,0.0,0.0,0.0,0.0,0.0,0.0,0.0,0.0,0.0,0.0,0.0,0.0012204637750983,0.0,0.0,0.0,0.0,0.0,0.0,0.0,0.0,0.0,0.0,0.0,0.0,0.0,0.0,0.0,0.0,0.0,0.0,0.0,0.0,0.0,0.0,0.0,0.0,0.0,0.0,0.0,0.0,0.0,0.0,0.0,0.0,0.0,0.0,0.0,0.010380504963298566,0.0,0.02202325748900567,0.0,0.0,0.0,0.0,0.0,0.0,0.0,0.0,0.0,0.0,0.0,0.0,0.0,0.015238955616950933,0.0,0.0,0.0,0.028311541924873968,0.0,0.004506086930632533,0.0,0.013061416645844766,0.0,0.003492882940918167,0.0,0.01790624856948845,0.0,0.0,0.0,0.6547356049219767,0.0,0.0036848151745895,0.0,0.020932365208864167,0.0,0.0,0.0,0.0066207495207587334,0.0,0.0192971155047416,0.0,,,,,,,0.014096343268950734,0.0,,,,,,,,,,,0.0,0.0,0.0,0.0,0.0,0.0,0.0,0.0,0.0,0.0,0.0,0.0,0.0,0.0,0.0,0.0,0.0,0.0,0.0,0.0,0.0,0.0,0.0,0.0,0.0,0.0,0.0,0.0,0.0,0.0,0.0,0.0,0.0,0.0,0.0,0.0,0.0,0.0,0.0,0.0,0.0,0.0,0.0819679871201515,0.0,0.0179096808036168,0.0,0.010448497409621832,0.0,0.0057194652035832,0.0,0.0309393511464198,0.0,0.019296485930681152,0.0,,,,,,,,,,,,,,,,,,,,,0,0,103,11
2025-05-03,,,,,,,,,,,,,,,0.0,0.0,,,,,,,,,,,,,,,,,,,,,,,,,0.0,0.0,,,,,,,,,,,,,0.0,0.0,0.0,0.0,0.0,0.0,0.0,0.0,0.0,0.0,0.0,0.0,,,0.0,0.0,0.0,0.0,0.0,0.0,0.0,0.0,0.0,0.0,0.0,0.0,0.0,0.0,0.0,0.0,0.0,0.0,0.0,0.0,0.0,0.0,0.0,0.0,0.0,0.0,0.0,0.0,0.0,0.0,0.0,0.0,0.0,0.0,0.0,0.0,0.0,0.0,0.0,0.0,0.0,0.0,0.0,0.0,0.0,0.0,0.0,0.0,0.0,0.0,0.0,0.0,0.0,0.0,0.00061023188754915,0.0,0.0,0.0,0.0,0.0,0.0,0.0,0.0,0.0,0.0,0.0,0.0,0.0,0.0,0.0,0.0,0.0,0.0,0.0,0.0,0.0,0.0,0.0,0.0,0.0,0.0,0.0,0.0,0.0,0.0,0.0,0.0,0.0,0.0,0.0,0.008770739582056732,0.0,0.023947121885915537,0.0,0.0,0.0,0.0,0.0,0.0,0.0,0.0,0.0,0.0,0.0,0.0,0.0,0.013161744223907541,0.0,0.0,0.0,0.017938216992964308,0.0,0.004394814837723941,0.0,0.013663069267446757,0.0,0.003660345275420633,0.0,0.020834447816014224,0.0,0.0,0.0,0.6406994660695393,0.0,0.0022707618675970502,0.0,0.019829081371426534,0.0,0.0,0.0,0.0033103747603793667,0.0,0.0341270845383405,0.0,,,,,,,0.01706856877232587,0.0,,,,,,,,,,,0.0,0.0,0.0,0.0,0.0,0.0,0.0,0.0,0.0,0.0,0.0,0.0,0.0,0.0,0.0,0.0,0.0,0.0,0.0,0.0,0.0,0.0,0.0,0.0,0.0,0.0,0.0,0.0,0.0,0.0,0.0,0.0,0.0,0.0,0.0,0.0,0.0,0.0,0.0,0.0,0.0,0.0,0.0895857624709606,0.0,0.018173320839802373,0.0,0.006381049044042166,0.0,0.00531934166792775,0.0,0.0325284834640721,0.0,0.024460664018988554,0.0,,,,,,,,,,,,,,,,,,,,,0,0,103,12
2025-05-10,,,,,,,,,,,,,,,0.0,0.0,,,,,,,,,,,,,,,,,,,,,,,,,0.0,0.0,,,,,,,,,,,,,0.0,0.0,0.0,0.0,0.0,0.0,0.0,0.0,0.0,0.0,0.0,0.0,,,0.0,0.0,0.0,0.0,0.0,0.0,0.0,0.0,0.0,0.0,0.0,0.0,0.0,0.0,0.0,0.0,0.0,0.0,0.0,0.0,0.0,0.0,0.0,0.0,0.0,0.0,0.0,0.0,0.0,0.0,0.0,0.0,0.0,0.0,0.0,0.0,0.0,0.0,0.0,0.0,0.0,0.0,0.0,0.0,0.0,0.0,0.0,0.0,0.0,0.0,0.0,0.0,0.0,0.0,0.0,0.0,0.0,0.0,0.0,0.0,0.0,0.0,0.0,0.0,0.0,0.0,0.0,0.0,0.0,0.0,0.0,0.0,0.0,0.0,0.0,0.0,0.0,0.0,0.0,0.0,0.0,0.0,0.0,0.0,0.0,0.0,0.0,0.0,0.0,0.0,0.0071609742008149,0.0,0.0258709862828254,0.0,0.0,0.0,0.0,0.0,0.0,0.0,0.0,0.0,0.0,0.0,0.0,0.0,0.01108453283086415,0.0,0.0,0.0,0.007564892061054649,0.0,0.00428354274481535,0.0,0.014264721889048749,0.0,0.0038278076099231,0.0,0.02376264706254,0.0,0.0,0.0,0.626663327217102,0.0,0.0008567085606046,0.0,0.0187257975339889,0.0,0.0,0.0,0.0,0.0,0.0489570535719394,0.0,,,,,,,0.020040794275701,0.0,,,,,,,,,,,0.0,0.0,0.0,0.0,0.0,0.0,0.0,0.0,0.0,0.0,0.0,0.0,0.0,0.0,0.0,0.0,0.0,0.0,0.0,0.0,0.0,0.0,0.0,0.0,0.0,0.0,0.0,0.0,0.0,0.0,0.0,0.0,0.0,0.0,0.0,0.0,0.0,0.0,0.0,0.0,0.0,0.0,0.0972035378217697,0.0,0.01843696087598795,0.0,0.0023136006784625,0.0,0.0049192181322723,0.0,0.0341176157817244,0.0,0.029624842107295952,0.0,,,,,,,,,,,,,,,,,,,,,0,0,103,13
2025-05-17,,,,,,,,,,,,,,,0.0,0.0,,,,,,,,,,,,,,,,,,,,,,,,,0.0,0.0,,,,,,,,,,,,,0.0,0.0,0.0,0.0,0.0,0.0,0.0,0.0,0.0,0.0,0.0,0.0,,,0.0,0.0,0.0,0.0,0.0,0.0,0.0,0.0,0.0,0.0,0.0,0.0,0.0,0.0,0.0,0.0,0.0,0.0,0.0,0.0,0.0,0.0,0.0,0.0,0.0,0.0,0.0,0.0,0.0,0.0,0.0,0.0,0.0,0.0,0.0,0.0,0.0,0.0,0.0,0.0,0.0,0.0,0.0,0.0,0.0,0.0,0.0,0.0,0.0,0.0,0.0,0.0,0.0,0.0,0.0,0.0,0.0,0.0,0.0,0.0,0.0,0.0,0.0,0.0,0.0,0.0,0.0,0.0,0.0,0.0,0.0,0.0,0.0,0.0,0.0,0.0,0.0,0.0,0.0,0.0,0.0,0.0,0.0,0.0,0.0,0.0,0.0,0.0,0.0,0.0,0.00358048710040745,0.0,0.0200562542304396,0.0,0.0,0.0,0.0,0.0,0.0,0.0,0.0,0.0,0.0,0.0,0.0,0.0,0.012251147301867575,0.0,0.0,0.0,0.008092763368040275,0.0,0.0036416450748219748,0.0,0.013840217376127773,0.0,0.0058835964300669,0.0,0.0276607014238834,0.0,0.0,0.0,0.6044478416442871,0.0,0.0049279755039606,0.0,0.011643414152786101,0.0,0.0,0.0,0.0,0.0,0.07612392865121359,0.0,,,,,,,0.013541807653382351,0.0,,,,,,,,,,,0.0,0.0,0.0,0.0,0.0,0.0,0.0,0.0,0.0,0.0,0.0,0.0,0.0,0.0,0.0,0.0,0.0,0.0,0.0,0.0,0.0,0.0,0.0,0.0,0.0,0.0,0.0,0.0,0.0,0.0,0.0,0.0,0.0,0.0,0.0,0.0,0.0,0.0,0.0,0.0,0.0,0.0,0.08459405228495595,0.0,0.013718101661652275,0.0,0.00115680033923125,0.0,0.00916848995257165,0.0,0.0388853731565177,0.0,0.043625442311167675,0.0,,,,,,,,,,,,,,,,,,,,,0,0,103,14
2025-05-24,,,,,,,,,,,,,,,0.0,0.0,,,,,,,,,,,,,,,,,,,,,,,,,0.0,0.0,,,,,,,,,,,,,0.0,0.0,0.0,0.0,0.0,0.0,0.0,0.0,0.0,0.0,0.0,0.0,,,0.0,0.0,0.0,0.0,0.0,0.0,0.0,0.0,0.0,0.0,0.0,0.0,0.0,0.0,0.0,0.0,0.0,0.0,0.0,0.0,0.0,0.0,0.0,0.0,0.0,0.0,0.0,0.0,0.0,0.0,0.0,0.0,0.0,0.0,0.0,0.0,0.0,0.0,0.0,0.0,0.0,0.0,0.0,0.0,0.0,0.0,0.0,0.0,0.0,0.0,0.0,0.0,0.0,0.0,0.0,0.0,0.0,0.0,0.0,0.0,0.0,0.0,0.0,0.0,0.0,0.0,0.0,0.0,0.0,0.0,0.0,0.0,0.0,0.0,0.0,0.0,0.0,0.0,0.0,0.0,0.0,0.0,0.0,0.0,0.0,0.0,0.0,0.0,0.0,0.0,0.0,0.0,0.0142415221780538,0.0,0.0,0.0,0.0,0.0,0.0,0.0,0.0,0.0,0.0,0.0,0.0,0.0,0.013417761772871,0.0,0.0,0.0,0.0086206346750259,0.0,0.0029997474048286,0.0,0.0134157128632068,0.0,0.0079393852502107,0.0,0.0315587557852268,0.0,0.0,0.0,0.5822323560714722,0.0,0.0089992424473166,0.0,0.0045610307715833,0.0,0.0,0.0,0.0,0.0,0.1032908037304878,0.0,,,,,,,0.0070428210310637,0.0,,,,,,,,,,,0.0,0.0,0.0,0.0,0.0,0.0,0.0,0.0,0.0,0.0,0.0,0.0,0.0,0.0,0.0,0.0,0.0,0.0,0.0,0.0,0.0,0.0,0.0,0.0,0.0,0.0,0.0,0.0,0.0,0.0,0.0,0.0,0.0,0.0,0.0,0.0,0.0,0.0,0.0,0.0,0.0,0.0,0.0719845667481422,0.0,0.0089992424473166,0.0,0.0,0.0,0.013417761772871,0.0,0.043653130531311,0.0,0.0576260425150394,0.0,,,,,,,,,,,,,,,,,,,,,0,0,103,15
2025-05-31,,,,,,,,,,,,,,,0.0003479675069684,0.0,,,,,,,,,,,,,,,,,,,,,,,,,,,,,,,,,,,,,,,,,0.00014762326221291666,0.0,,,,,,,,,,,,,,,2.0527136879726316e-05,0.0,,,,,,,,,0.00035063113318755,0.0,,,,,1.3345038477916327e-05,0.0,,,,,,,,,,,,,,,,,,,,,,,,,2.6690076955838776e-05,0.0,,,,,,,0.0023462164422703834,0.0,,,,,,,0.00024606395163569996,0.0,0.00013328984205144997,0.0,3.34528212988475e-05,0.0,,,,,,,0.00028396972629704997,0.0,,,,,3.34528212988475e-05,0.0,,,,,,,3.120488295929857e-05,0.0,0.0031981656276103276,0.0,0.01230031903833145,0.0,,,,,0.00028396972629704997,0.0,,,,,,,0.010489943159174973,0.0,0.000567939452594125,0.0,0.009520739679121261,0.0,0.0031987171257948947,0.0,0.013093729348232283,0.0,0.007078734317070022,0.0,0.024168785713199078,0.0,,,0.5468458665741814,0.0,0.006073950644349638,0.0,0.0058992666244092554,0.0,,,0.0007578445300977055,0.0,0.1111202322774463,0.0,,,,,,,0.01090202188222765,0.0,,,,,,,,,,,,,4.2625745603193335e-05,0.0,,,,,,,,,,,,,2.8229141510866668e-05,0.0,,,,,,,,,,,,,,,,,,,,,,,0.0015259744832291945,0.0,0.05840754446883992,0.0,0.009865139300624482,0.0,0.0005437940837711722,0.0,0.011572558613907918,0.0,0.03805380656073486,0.0,0.0905149514890379,0.0,,,,,,,,,,,,,,,,,,,,,0,0,38,16
2025-06-07,,,,,,,,,,,,,,,0.0006959350139368,0.0,,,,,,,,,,,,,,,,,,,,,,,,,,,,,,,,,,,,,,,,,0.0002952465244258333,0.0,,,,,,,,,,,,,,,4.105427375945263e-05,0.0,,,,,,,,,0.0007012622663751,0.0,,,,,2.6690076955832654e-05,0.0,,,,,,,,,,,,,,,,,,,,,,,,,5.338015391167755e-05,0.0,,,,,,,0.004692432884540767,0.0,,,,,,,0.0004921279032713999,0.0,0.00026657968410289995,0.0,6.6905642597695e-05,0.0,,,,,,,0.0005679394525940999,0.0,,,,,6.6905642597695e-05,0.0,,,,,,,6.240976591859715e-05,0.0,0.006396331255220655,0.0,0.0103591158986091,0.0,,,,,0.0005679394525940999,0.0,,,,,,,0.007562124545478945,0.0,0.00113587890518825,0.0,0.010420844683216622,0.0,0.003397686846761189,0.0,0.012771745833257768,0.0,0.006218083383929344,0.0,0.016778815641171355,0.0,,,0.5114593770768907,0.0,0.003148658841382675,0.0,0.007237502477235212,0.0,,,0.001515689060195411,0.0,0.1189496608244048,0.0,0.014308484969660576,2.0,,,,,0.0147612227333916,0.0,0.004027583776041821,2.0,,,0.0029527674196287504,2.0,0.0005122473230584999,2.0,,,,,8.525149120638667e-05,0.0,,,,,,,,,,,,,5.6458283021733335e-05,0.0,,,,,,,,,,,,,,,,,,,,,,,0.003051948966458389,0.0,0.04483052218953763,0.0,0.010731036153932366,0.0,0.0010875881675423444,0.0,0.009727355454944834,0.0,0.03245448259015872,0.0,0.1234038604630364,0.0,,,,,,,,,,,,,,,,,,,,,0,4,38,17
2025-06-14,,,,,,,,,,,,,,,0.0006874828516932188,0.0,,,,,,,,,,,,,,,,,,,,,,,,,,,,,,,,,,,,,,,,,0.00044286978663874994,0.0,,,,,,,,,,,,,,,6.158141063917894e-05,0.0,,,,,,,,,0.0006590836668952214,0.0,,,,,4.003511543374898e-05,0.0,,,,,,,,,,,,,,,,,,,,,,,,,8.007023086751633e-05,0.0,,,,,,,0.0037799937175198254,0.0,,,,,,,0.00047158719535212243,0.0,0.0003998695261543499,0.0,0.0001003584638965425,0.0,,,,,,,0.0005692542690666861,0.0,,,,,0.0001003584638965425,0.0,,,,,,,9.361464887789573e-05,0.0,0.006156410973441429,0.0,0.008956363253673712,0.0,,,,,,,,,,,,,0.006128874969796148,0.0,,,0.01022553696141883,0.0,0.003490599704188398,0.0,0.011097263594690118,0.0,0.004938750748018063,0.0,0.01784238273588315,0.0,,,0.4635722211872538,0.0,0.0032111826175505935,0.0,0.005960674726382023,0.0,,,0.0013086203647010614,0.0,0.1350653239836295,0.0,0.019442360374211674,0.0,,,,,0.0126008332590572,0.0,0.004959729488473346,0.0,,,0.002986180508742063,0.0,0.0008556480461265499,0.0,,,,,0.00012787723680958,0.0,,,,,,,,,,,,,8.46874245326e-05,0.0,,,,,,,,,,,,,,,,,,,,,,,0.002625572438773767,0.0,0.038200170965865206,0.0,0.009583122984622558,0.0,0.0009875446952112613,0.0,0.007647213018138922,0.0,0.03274342650547618,0.0,0.16887385180840886,0.0,,,,,,,,,,,,,,,,,,,,,0,0,40,18
2025-06-21,,,,,,,,,,,,,,,0.0006790306894496375,0.0,,,,,,,,,,,,,,,,,,,,,,,,,,,,,,,,,,,,,,,,,0.0005904930488516666,0.0,,,,,,,,,,,,,,,8.210854751890526e-05,0.0,,,,,,,,,0.0006169050674153429,0.0,,,,,5.338015391166531e-05,0.0,,,,,,,,,,,,,,,,,,,,,,,,,0.0001067603078233551,0.0,,,,,,,0.0028675545504988835,0.0,,,,,,,0.00045104648743284493,0.0,0.0005331593682057999,0.0,0.00013381128519539,0.0,,,,,,,0.0005705690855392722,0.0,,,,,0.00013381128519539,0.0,,,,,,,0.0001248195318371943,0.0,0.005916490691662203,0.0,0.007553610608738326,0.0,,,,,,,,,,,,,0.0046956253941133515,0.0,,,0.010030229239621036,0.0,0.003583512561615607,0.0,0.00942278135612247,0.0,0.003659418112106782,0.0,0.018905949830594945,0.0,,,0.41568506529761684,0.0,0.003273706393718512,0.0,0.004683846975528835,0.0,,,0.0011015516692067118,0.0,0.15118098714285422,0.0,0.02457623577876277,0.0,,,,,0.010440443784722801,0.0,0.005891875200904873,0.0,,,0.003019593597855375,0.0,0.0011990487691945998,0.0,,,,,0.00017050298241277334,0.0,,,,,,,,,,,,,0.00011291656604346667,0.0,,,,,,,,,,,,,,,,,,,,,,,0.0021991959110891444,0.0,0.031569819742192785,0.0,0.008435209815312752,0.0,0.0008875012228801785,0.0,0.00556707058133301,0.0,0.033032370420793634,0.0,0.2143438431537813,0.0,,,,,,,,,,,,,,,,,,,,,0,0,40,19
2025-06-28,,,,,,,,,,,,,,,0.0006705785272060563,0.0,,,,,,,,,,,,,,,,,,,,,,,,,,,,,,,,,,,,,,,,,0.0007381163110645833,0.0,,,,,,,,,,,,,,,0.00010263568439863158,0.0,,,,,,,,,0.0005747264679354643,0.0,,,,,6.672519238958164e-05,0.0,,,,,,,,,,,,,,,,,,,,,,,,,0.00013345038477919388,0.0,,,,,,,0.0019551153834779416,0.0,,,,,,,0.00043050577951356744,0.0,0.0006664492102572499,0.0,0.0001672641064942375,0.0,,,,,,,0.0005718839020118582,0.0,,,,,0.0001672641064942375,0.0,,,,,,,0.00015602441479649286,0.0,0.005676570409882976,0.0,0.006150857963802938,0.0,,,,,,,,,,,,,0.003262375818430554,0.0,,,0.009834921517823243,0.0,0.0036764254190428157,0.0,0.00774829911755482,0.0,0.002380085476195501,0.0,0.01996951692530674,0.0,,,0.3677979094079799,0.0,0.0033362301698864312,0.0,0.0034070192246756464,0.0,,,0.0008944829737123621,0.0,0.16729665030207894,0.0,0.029710111183313872,0.0,,,,,0.008280054310388401,0.0,0.0068240209133364,0.0,,,0.0030530066869686873,0.0,0.00154244949226265,0.0,,,,,0.00021312872801596667,0.0,,,,,,,,,,,,,0.00014114570755433334,0.0,,,,,,,,,,,,,,,,,,,,,,,0.0017728193834045222,0.0,0.024939468518520358,0.0,0.007287296646002944,0.0,0.0007874577505490955,0.0,0.003486928144527098,0.0,0.03332131433611109,0.0,0.25981383449915374,0.0,,,,,,,,,,,,,,,,,,,,,0,0,40,20
2025-07-05,,,,,,,,,,,,,,,0.000662126364962475,0.0,,,,,,,,,,,,,,,,,,,,,,,,,,,,,,,,,,,,,,,,,0.0008857395732775,0.0,,,,,,,,,,,,,,,0.00012316282127835789,0.0,,,,,,,,,0.0005325478684555857,0.0,,,,,8.007023086749795e-05,0.0,,,,,,,,,,,,,,,,,,,,,,,,,0.00016014046173503266,0.0,,,,,,,0.001042676216457,0.0,,,,,,,0.00040996507159428994,0.0,0.0007997390523086998,0.0,0.000200716927793085,0.0,,,,,,,0.0005731987184844444,0.0,,,,,0.000200716927793085,0.0,,,,,,,0.00018722929775579145,0.0,0.00543665012810375,0.0,0.00474810531886755,0.0,,,,,,,,,,,,,0.0018291262427477574,0.0,,,0.00963961379602545,0.0,0.003769338276470025,0.0,0.006073816878987171,0.0,0.00110075284028422,0.0,0.021033084020018536,0.0,,,0.31991075351834297,0.0,0.00339875394605435,0.0,0.0021301914738224574,0.0,,,0.0006874142782180126,0.0,0.18341231346130366,0.0,0.03484398658786497,0.0,,,,,0.006119664836054001,0.0,0.007756166625767925,0.0,,,0.003086419776082,0.0,0.0018858502153307,0.0,,,,,0.00025575447361916,0.0,,,,,,,,,,,,,0.0001693748490652,0.0,,,,,,,,,,,,,,,,,,,,,,,0.0013464428557199,0.0,0.018309117294847934,0.0,0.006139383476693137,0.0,0.0006874142782180126,0.0,0.0014067857077211857,0.0,0.03361025825142855,0.0,0.30528382584452624,0.0,0.0005414343613665,2.0,0.000494240914122175,1.0,,,0.0022603468193361665,2.0,,,,,0.0015299162090134835,2.0,,,0.0010199441264072667,2.0,,,1,4,40,0
2025-07-12,,,,,,,,,,,,,,,0.0006536742027188938,0.0,,,,,,,,,,,,,,,,,,,,,,,,,,,,,,,,,,,,,,,,,0.0009152008460659625,0.0,,,,,,,,,,,,,,,0.00014368995815808422,0.0,,,,,,,,,,,,,,,9.341526934541428e-05,0.0,,,,,,,,,,,,,,,,,,,,,,,,,0.00018683053869087142,0.0,,,,,,,0.0009849302859947407,0.0,,,,,,,0.0003894243636750125,0.0,0.0009330288943601498,0.0,0.00023416974909193247,0.0,,,,,,,0.0005745135349570305,0.0,,,,,0.00023416974909193247,0.0,,,,,,,0.00021843418071509002,0.0,0.004982068829121956,0.0,0.003860688151429927,0.0,,,,,,,,,,,,,0.0014554767353079368,0.0,,,0.009138367488048913,0.0,0.0035012134653192215,0.0,0.004701382140670532,0.0,0.0012850327000099122,0.0,0.020086872857063967,0.0,,,0.2823532489128411,0.0,0.0034612777222222686,0.0,0.001963376364983511,0.0,,,0.0007246263851104011,0.0,0.17804444395005697,0.0,0.035516749402242004,0.0,,,,,0.005205146648222538,0.0,0.0080185441067442,0.0,,,0.0026556464581517,0.0,0.0018086150101023612,0.0,,,,,0.0002983802192223533,0.0,,,,,,,,,,,,,0.00019760399057606667,0.0,,,,,,,,,,,,,,,,,,,,,,,0.0016567563796140638,0.0,0.01641521602869031,0.0,0.004929690234348481,0.0,0.0005991927619106281,0.0,0.0011232556067365144,0.0,0.030456500826403436,0.0,0.35834723059087986,0.0,0.0015650161440134498,0.0,0.0014415179721254,0.0,,,0.002559355983976225,0.0,,,,,0.002597645521745984,0.0,,,0.0015450801667091678,0.0,,,0,0,44,1
2025-07-19,,,,,,,,,,,,,,,0.0006452220404753125,0.0,,,,,,,,,,,,,,,,,,,,,,,,,,,,,,,,,,,,,,,,,0.000944662118854425,0.0,,,,,,,,,,,,,,,0.00016421709503781052,0.0,,,,,,,,,,,,,,,0.00010676030782333061,0.0,,,,,,,,,,,,,,,,,,,,,,,,,0.0002135206156467102,0.0,,,,,,,0.0009271843555324812,0.0,,,,,,,0.000368883655755735,0.0,0.0010663187364115998,0.0,0.00026762257039078,0.0,,,,,,,0.0005758283514296167,0.0,,,,,0.00026762257039078,0.0,,,,,,,0.0002496390636743886,0.0,0.004527487530140163,0.0,0.0029732709839923035,0.0,,,,,,,,,,,,,0.0010818272278681161,0.0,,,0.008637121180072375,0.0,0.003233088654168418,0.0,0.003328947402353893,0.0,0.0014693125597356044,0.0,0.019140661694109398,0.0,,,0.2447957443073392,0.0,0.003523801498390187,0.0,0.0017965612561445649,0.0,,,0.0007618384920027896,0.0,0.1726765744388103,0.0,0.036189512216619035,0.0,,,,,0.004290628460391075,0.0,0.008280921587720473,0.0,,,0.0022248731402214,0.0,0.0017313798048740222,0.0,,,,,0.0003410059648255467,0.0,,,,,,,,,,,,,0.00022583313208693334,0.0,,,,,,,,,,,,,,,,,,,,,,,0.0019670699035082275,0.0,0.014521314762532687,0.0,0.0037199969920038247,0.0,0.0005109712456032437,0.0,0.0008397255057518429,0.0,0.027302743401378324,0.0,0.41141063533723354,0.0,0.0025885979266603997,0.0,0.0023887950301286253,0.0,,,0.002858365148616283,0.0,,,,,0.0036653748344784845,0.0,,,0.002070216207011069,0.0,,,0,0,44,2
2025-07-26,,,,,,,,,,,,,,,0.0006367698782317313,0.0,,,,,,,,,,,,,,,,,,,,,,,,,,,,,,,,,,,,,,,,,0.0009741233916428875,0.0,,,,,,,,,,,,,,,0.00018474423191753683,0.0,,,,,,,,,,,,,,,0.00012010534630124695,0.0,,,,,,,,,,,,,,,,,,,,,,,,,0.000240210692602549,0.0,,,,,,,0.0008694384250702219,0.0,,,,,,,0.0003483429478364575,0.0,0.0011996085784630498,0.0,0.0003010753916896275,0.0,,,,,,,0.0005771431679022028,0.0,,,,,0.0003010753916896275,0.0,,,,,,,0.00028084394663368715,0.0,0.004072906231158369,0.0,0.0020858538165546806,0.0,,,,,,,,,,,,,0.0007081777204282955,0.0,,,0.008135874872095838,0.0,0.0029649638430176146,0.0,0.0019565126640372537,0.0,0.0016535924194612966,0.0,0.01819445053115483,0.0,,,0.20723823970183727,0.0,0.0035863252745581063,0.0,0.0016297461473056187,0.0,,,0.0007990505988951782,0.0,0.16730870492756364,0.0,0.03686227503099607,0.0,,,,,0.0033761102725596128,0.0,0.008543299068696745,0.0,,,0.0017940998222910997,0.0,0.0016541445996456833,0.0,,,,,0.00038363171042874003,0.0,,,,,,,,,,,,,0.0002540622735978,0.0,,,,,,,,,,,,,,,,,,,,,,,0.0022773834274023917,0.0,0.012627413496375061,0.0,0.0025103037496591683,0.0,0.0004227497292958594,0.0,0.0005561954047671715,0.0,0.02414898597635321,0.0,0.46447404008358717,0.0,0.0036121797093073495,0.0,0.00333607208813185,0.0,,,0.0031573743132563416,0.0,,,,,0.004733104147210985,0.0,,,0.00259535224731297,0.0,,,0,0,44,3
2025-08-02,,,,,,,,,,,,,,,0.00062831771598815,0.0,,,,,,,,,,,,,,,,,,,,,,,,,,,,,,,,,,,,,,,,,0.00100358466443135,0.0,,,,,,,,,,,,,,,0.00020527136879726316,0.0,,,,,,,,,,,,,,,0.00013345038477916328,0.0,,,,,,,,,,,,,,,,,,,,,,,,,0.00026690076955838775,0.0,,,,,,,0.0008116924946079625,0.0,,,,,,,0.00032780223991718,0.0,0.0013328984205144999,0.0,0.000334528212988475,0.0,,,,,,,0.0005784579843747888,0.0,,,,,0.000334528212988475,0.0,,,,,,,0.0003120488295929857,0.0,0.003618324932176575,0.0,0.0011984366491170572,0.0,,,,,,,,,,,,,0.000334528212988475,0.0,,,0.0076346285641193,0.0,0.002696839031866811,0.0,0.0005840779257206143,0.0,0.0018378722791869888,0.0,0.01724823936820026,0.0,,,0.16968073509633538,0.0,0.003648849050726025,0.0,0.0014629310384666723,0.0,,,0.0008362627057875667,0.0,0.16194083541631696,0.0,0.0375350378453731,0.0,,,,,0.00246159208472815,0.0,0.008805676549673019,0.0,,,0.0013633265043607999,0.0,0.0015769093944173445,0.0,,,,,0.00042625745603193333,0.0,,,,,,,,,,,,,0.0002822914151086667,0.0,,,,,,,,,,,,,,,,,,,,,,,0.0025876969512965554,0.0,0.010733512230217438,0.0,0.0013006105073145125,0.0,0.000334528212988475,0.0,0.0002726653037825,0.0,0.0209952285513281,0.0,0.5175374448299408,0.0,0.0046357614919543,0.0,0.004283349146135075,0.0,,,0.0034563834778964,0.0,,,,,0.005800833459943485,0.0,0.0009361465095674858,2.0,0.0031204882876148714,0.0,0.0007920452376960144,2.0,0,2,44,4
2025-08-09,,,,,,,,,,,,,,,0.0005304609355031292,0.0,,,,,,,,,,,,,,,,,,,,,,,,,,,,,,,,,,,,,,,,,0.0009777728116912119,0.0,,,,,,,,,,,,,,,0.00022579850567698947,0.0,,,,,,,,,,,,,,,0.0001467954232570796,0.0,,,,,,,,,,,,,,,,,,,,,,,,,0.00029359084651422654,0.0,,,,,,,0.0007139390236261148,0.0,,,,,,,0.0002948730034404,0.0,0.0011484250262582937,0.0,,,,,,,,,0.000579772800847375,0.0,,,,,,,,,,,,,,,0.0029936387436464,0.0,0.000985260333566499,0.0,,,,,,,,,,,,,,,,,0.008547345467377409,0.0,0.0021204935367980238,0.0,0.0006012790310185796,0.0,0.0015440793114456022,0.0,0.015883903601206794,0.0,,,0.14531473047100005,0.0,0.0037113728268939436,0.0,0.0012961159296277262,0.0,,,,,0.15130637306720016,0.0,0.0362786056939512,0.0,,,,,0.0021315445628715345,0.0,0.00970611586235458,0.0,,,0.0012680353538598124,0.0,0.0014996741891890055,0.0,,,,,0.0004688832016351267,0.0,,,,,,,,,,,,,0.00031052055661953334,0.0,,,,,,,,,,,,,,,,,,,,,,,0.002219081480992179,0.0,0.008990780383880622,0.0,0.0011664919202302873,0.0,,,,,0.02019572467543177,0.0,0.5529171098023653,0.0,0.004391216383997457,0.0,0.006339722214033762,0.0,,,0.00566154357511545,0.0,,,,,0.0066841056603671786,0.0,0.0016842717845324893,0.0,0.0036908884510574785,0.0,0.002010704070146682,0.0,0,0,39,5
2025-08-16,,,,,,,,,,,,,,,0.0004326041550181084,0.0,,,,,,,,,,,,,,,,,,,,,,,,,,,,,,,,,,,,,,,,,0.0009519609589510737,0.0,,,,,,,,,,,,,,,0.00024632564255671577,0.0,,,,,,,,,,,,,,,0.0001601404617349959,0.0,,,,,,,,,,,,,,,,,,,,,,,,,0.0003202809234700653,0.0,,,,,,,0.0006161855526442669,0.0,,,,,,,0.00026194376696362,0.0,0.0009639516320020874,0.0,,,,,,,,,0.0005810876173199611,0.0,,,,,,,,,,,,,,,0.0023689525551162252,0.0,0.0007720840180159411,0.0,,,,,,,,,,,,,,,,,0.009460062370635519,0.0,0.0015441480417292368,0.0,0.0006184801363165447,0.0,0.0012502863437042159,0.0,0.014519567834213331,0.0,,,0.12094872584566471,0.0,0.0037738966030618623,0.0,0.00112930082078878,0.0,,,,,0.14067191071808333,0.0,0.0350221735425293,0.0,,,,,0.0018014970410149189,0.0,0.010606555175036139,0.0,,,0.0011727442033588249,0.0,0.0014224389839606667,0.0,,,,,0.00051150894723832,0.0,,,,,,,,,,,,,0.0003387496981304,0.0,,,,,,,,,,,,,,,,,,,,,,,0.0018504660106878027,0.0,0.007248048537543805,0.0,0.0010323733331460624,0.0,,,,,0.019396220799535444,0.0,0.5882967747747898,0.0,0.004146671276040614,0.0,0.008396095281932449,0.0,,,0.0078667036723345,0.0,,,,,0.007567377860790871,0.0,0.002432397059497493,0.0,0.004261288614500086,0.0,0.0032293629025973497,0.0,0,0,39,6
2025-08-23,,,,,,,,,,,,,,,0.0003347473745330875,0.0,,,,,,,,,,,,,,,,,,,,,,,,,,,,,,,,,,,,,,,,,0.0009261491062109355,0.0,,,,,,,,,,,,,,,0.0002668527794364421,0.0,,,,,,,,,,,,,,,0.00017348550021291224,0.0,,,,,,,,,,,,,,,,,,,,,,,,,0.0003469710004259041,0.0,,,,,,,0.0005184320816624192,0.0,,,,,,,0.00022901453048684002,0.0,0.0007794782377458813,0.0,,,,,,,,,0.0005824024337925472,0.0,,,,,,,,,,,,,,,0.00174426636658605,0.0,0.000558907702465383,0.0,,,,,,,,,,,,,,,,,0.010372779273893627,0.0,0.0009678025466604496,0.0,0.0006356812416145098,0.0,0.0009564933759628294,0.0,0.013155232067219864,0.0,,,0.09658272122032936,0.0,0.003836420379229781,0.0,0.0009624857119498337,0.0,,,,,0.13003744836896652,0.0,0.0337657413911074,0.0,,,,,0.001471449519158303,0.0,0.011506994487717699,0.0,,,0.0010774530528578374,0.0,0.0013452037787323279,0.0,,,,,0.0005541346928415134,0.0,,,,,,,,,,,,,0.0003669788396412667,0.0,,,,,,,,,,,,,,,,,,,,,,,0.0014818505403834262,0.0,0.005505316691206988,0.0,0.0008982547460618374,0.0,,,,,0.018596716923639116,0.0,0.6236764397472143,0.0,0.0039021261680837714,0.0,0.010452468349831134,0.0,,,0.01007186376955355,0.0,,,,,0.008450650061214565,0.0,0.0031805223344624966,0.0,0.004831688777942693,0.0,0.004448021735048017,0.0,0,0,39,7
2025-08-30,,,,,,,,,,,,,,,0.0002368905940480667,0.0,,,,,,,,,,,,,,,,,,,,,,,,,,,,,,,,,,,,,,,,,0.0009003372534707973,0.0,,,,,,,,,,,,,,,0.00028737991631616844,0.0,,,,,,,,,,,,,,,0.00018683053869082857,0.0,,,,,,,,,,,,,,,,,,,,,,,,,0.00037366107738174284,0.0,,,,,,,0.00042067861068057145,0.0,,,,,,,0.00019608529401006,0.0,0.000595004843489675,0.0,,,,,,,,,0.0005837172502651334,0.0,,,,,,,,,,,,,,,0.001119580178055875,0.0,0.000345731386914825,0.0,,,,,,,,,,,,,,,,,0.011285496177151737,0.0,0.0003914570515916625,0.0,0.000652882346912475,0.0,0.0006627004082214429,0.0,0.0117908963002264,0.0,,,0.07221671659499403,0.0,0.0038989441553977,0.0,0.0007956706031108875,0.0,,,,,0.11940298601984972,0.0,0.0325093092396855,0.0,,,,,0.0011414019973016874,0.0,0.01240743380039926,0.0,,,0.0009821619023568499,0.0,0.001267968573503989,0.0,,,,,0.0005967604384447066,0.0,,,,,,,,,,,,,0.00039520798115213335,0.0,,,,,,,,,,,,,,,,,,,,,,,0.00111323507007905,0.0,0.003762584844870171,0.0,0.0007641361589776124,0.0,,,,,0.017797213047742788,0.0,0.6590561047196388,0.0,0.0036575810601269286,0.0,0.012508841417729821,0.0,,,0.0122770238667726,0.0,,,,,0.009333922261638258,0.0,0.0039286476094275,0.0,0.0054020889413853,0.0,0.0056666805674986855,0.0,0,0,39,8
2025-09-06,,,,,,,,,,,,,,,0.00023140077028069504,0.0,,,,,,,,,,,,,,,,,,,,,,,,,,,,,,,,,,,,,,,,,0.0008745254007306591,0.0,,,,,,,,,,,,,,,0.00030790705319589474,0.0,,,,,,,,,,,,,,,,,,,,,,,,,,,,,,,,,,,,,,,,,,,,,,,,,0.0005069894177722286,0.0,,,,,,,0.0002059510967228075,0.0,0.000741764827580422,0.0,,,,,,,,,0.0005850320667377194,0.0,,,,,,,,,,,,,,,0.0011767761880036758,0.0,0.0003472301686997187,0.0,,,,,,,,,,,,,,,,,0.009898084723057964,0.0,,,0.0005655422935887612,0.0,0.0007022751165744715,0.0,0.010471454771634674,0.0,,,0.061688431904518136,0.0,0.003961467931565619,0.0,,,,,,,0.11388855254543674,0.0,0.029477815709209834,0.0,,,,,0.0010642825571786478,0.0,0.011608592281117994,0.0,,,0.0008802317679509999,0.0,0.00119073336827565,0.0,,,,,0.0006393861840479,0.0,,,,,,,,,,,,,0.000423437122663,0.0,,,,,,,,,,,,,,,,,,,,,,,0.0009776435033147482,0.0,0.003429073158518489,0.0,0.0007528074447691086,0.0,,,,,0.015725485115711126,0.0,0.6735351961106062,0.0,0.004415529262457407,0.0,0.014634947711601816,0.0,,,0.016598185657390473,0.0,,,,,0.0108211758945669,0.0,0.004934186476748375,0.0,0.005825768030869408,0.0,0.007342637699496496,0.0,0,0,35,9
2025-09-13,,,,,,,,,,,,,,,0.00022591094651332335,0.0,,,,,,,,,,,,,,,,,,,,,,,,,,,,,,,,,,,,,,,,,0.0008487135479905209,0.0,,,,,,,,,,,,,,,0.00032843419007562105,0.0,,,,,,,,,,,,,,,,,,,,,,,,,,,,,,,,,,,,,,,,,,,,,,,,,0.0005933002248638857,0.0,,,,,,,0.000215816899435555,0.0,0.0008885248116711688,0.0,,,,,,,,,0.0005863468832103055,0.0,,,,,,,,,,,,,,,0.0012339721979514765,0.0,0.0003487289504846125,0.0,,,,,,,,,,,,,,,,,0.008510673268964191,0.0,,,0.0004782022402650475,0.0,0.0007418498249274999,0.0,0.00915201324304295,0.0,,,0.051160147214042245,0.0,0.004023991707733538,0.0,,,,,,,0.10837411907102376,0.0,0.026446322178734168,0.0,,,,,0.000987163117055608,0.0,0.010809750761836729,0.0,,,0.00077830163354515,0.0,0.0011134981630473112,0.0,,,,,0.0006820119296510934,0.0,,,,,,,,,,,,,0.0004516662641738667,0.0,,,,,,,,,,,,,,,,,,,,,,,0.0008420519365504465,0.0,0.0030955614721668067,0.0,0.0007414787305606047,0.0,,,,,0.013653757183679465,0.0,0.6880142875015736,0.0,0.005173477464787886,0.0,0.01676105400547381,0.0,,,0.02091934744800835,0.0,,,,,0.012308429527495543,0.0,0.0059397253440692495,0.0,0.006249447120353516,0.0,0.009018594831494305,0.0,0,0,35,10
2025-09-20,,,,,,,,,,,,,,,0.0002204211227459517,0.0,,,,,,,,,,,,,,,,,,,,,,,,,,,,,,,,,,,,,,,,,0.0008229016952503827,0.0,,,,,,,,,,,,,,,0.00034896132695534735,0.0,,,,,,,,,,,,,,,,,,,,,,,,,,,,,,,,,,,,,,,,,,,,,,,,,0.0006796110319555428,0.0,,,,,,,0.0002256827021483025,0.0,0.0010352847957619156,0.0,,,,,,,,,0.0005876616996828917,0.0,,,,,,,,,,,,,,,0.0012911682078992773,0.0,0.00035022773226950625,0.0,,,,,,,,,,,,,,,,,0.0071232618148704165,0.0,,,0.00039086218694133374,0.0,0.0007814245332805285,0.0,0.007832571714451226,0.0,,,0.04063186252356635,0.0,0.004086515483901456,0.0,,,,,,,0.10285968559661078,0.0,0.023414828648258498,0.0,,,,,0.0009100436769325683,0.0,0.010010909242555465,0.0,,,0.0006763714991393,0.0,0.0010362629578189724,0.0,,,,,0.0007246376752542867,0.0,,,,,,,,,,,,,0.00047989540568473335,0.0,,,,,,,,,,,,,,,,,,,,,,,0.0007064603697861446,0.0,0.0027620497858151247,0.0,0.0007301500163521007,0.0,,,,,0.011582029251647804,0.0,0.7024933788925409,0.0,0.005931425667118365,0.0,0.018887160299345805,0.0,,,0.025240509238626224,0.0,,,,,0.013795683160424186,0.0,0.006945264211390124,0.0,0.006673126209837624,0.0,0.010694551963492116,0.0,0,0,35,11
2025-09-27,,,,,,,,,,,,,,,0.00021493129897858003,0.0,,,,,,,,,,,,,,,,,,,,,,,,,,,,,,,,,,,,,,,,,0.0007970898425102445,0.0,,,,,,,,,,,,,,,0.00036948846383507366,0.0,,,,,,,,,,,,,,,,,,,,,,,,,,,,,,,,,,,,,,,,,,,,,,,,,0.0007659218390471999,0.0,,,,,,,0.00023554850486105,0.0,0.0011820447798526626,0.0,,,,,,,,,0.0005889765161554778,0.0,,,,,,,,,,,,,,,0.0013483642178470782,0.0,0.00035172651405439997,0.0,,,,,,,,,,,,,,,,,0.005735850360776644,0.0,,,0.00030352213361762,0.0,0.0008209992416335571,0.0,0.0065131301858595,0.0,,,0.030103577833090457,0.0,0.004149039260069375,0.0,,,,,,,0.0973452521221978,0.0,0.02038333511778283,0.0,,,,,0.0008329242368095286,0.0,0.0092120677232742,0.0,,,0.00057444136473345,0.0,0.0009590277525906334,0.0,,,,,0.0007672634208574801,0.0,,,,,,,,,,,,,0.0005081245471956,0.0,,,,,,,,,,,,,,,,,,,,,,,0.0005708688030218429,0.0,0.0024285380994634427,0.0,0.0007188213021435968,0.0,,,,,0.009510301319616141,0.0,0.7169724702835083,0.0,0.006689373869448843,0.0,0.0210132665932178,0.0,0.00019148045976175,2.0,0.029561671029244098,0.0,,,0.00019180554954796667,2.0,0.015282936793352828,0.0,0.007950803078710999,0.0,0.007096805299321733,0.0,0.012370509095489927,0.0,0,2,35,12
2025-10-04,,,,,,,,,,,,,,,0.0008779433817835101,0.0,,,,,,,,,,,,,,,,,,,,,,,,,,,,,,,,,,,,,,,,,0.0007712779897701063,0.0,,,,,,,,,,,,,,,0.0003900156007148,0.0,,,,,,,,,,,,,,,,,,,,,,,,,,,,,,,,,,,,,,,,,,,,,,,,,0.0009256354605895187,0.0,,,,,,,,,0.0013288047639434095,0.0,,,,,,,,,0.0005902913326280639,0.0,,,,,,,,,,,,,,,0.0014055602277948788,0.0,0.000393625058980675,0.0,,,,,,,,,,,,,,,,,0.005527634040585532,0.0,,,,,,,0.006319025090695981,0.0,,,0.025823562261870166,0.0,0.004211563036237293,0.0,,,,,,,0.09461019001901147,0.0,0.017263141158591212,0.0,,,,,0.0008220416672494121,0.0,0.00980614102445539,0.0,,,0.0006145704222338083,0.0,0.0008385457525339834,0.0,,,,,0.0008098891664606733,0.0,,,,,,,,,,,,,0.0005363536887064667,0.0,,,,,,,,,,,,,,,,,,,,,,,0.0005730890051511108,0.0,0.0021309790276323034,0.0,0.000707492587935093,0.0,,,,,0.009731047404264722,0.0,0.7148198847259795,0.0,0.009799528052098995,0.0,0.02180315637961025,0.0,0.00026279986559524997,0.0,0.03400110433410316,0.0,,,0.00025298114451284586,0.0,0.017639672062137964,0.0,0.00828778559031582,0.0,0.008924443216528669,0.0,0.013378209124008767,0.0,0,0,34,13
2025-10-11,,,,,,,,,,,,,,,0.00154095546458844,0.0,,,,,,,,,,,,,,,,,,,,,,,,,,,,,,,,,,,,,,,,,0.0007454661370299681,0.0,,,,,,,,,,,,,,,0.0004105427375945263,0.0,,,,,,,,,,,,,,,,,,,,,,,,,,,,,,,,,,,,,,,,,,,,,,,,,0.0010853490821318376,0.0,,,,,,,,,0.0014755647480341563,0.0,,,,,,,,,0.00059160614910065,0.0,,,,,,,,,,,,,,,0.0014627562377426797,0.0,0.00043552360390695,0.0,,,,,,,,,,,,,,,,,0.005319417720394421,0.0,,,,,,,0.006124919995532462,0.0,,,0.021543546690649878,0.0,0.004274086812405212,0.0,,,,,,,0.09187512791582514,0.0,0.01414294719939959,0.0,,,,,0.0008111590976892957,0.0,0.01040021432563658,0.0,,,0.0006546994797341667,0.0,0.0007180637524773334,0.0,,,,,0.0008525149120638667,0.0,,,,,,,,,,,,,0.0005645828302173334,0.0,,,,,,,,,,,,,,,,,,,,,,,0.0005753092072803786,0.0,0.001833419955801164,0.0,0.000696163873726589,0.0,,,,,0.009951793488913304,0.0,0.7126672991684505,0.0,0.012909682234749146,0.0,0.0225930461660027,0.0,0.00033411927142875,0.0,0.03844053763896222,0.0,,,0.00031415673947772504,0.0,0.0199964073309231,0.0,0.00862476810192064,0.0,0.010752081133735604,0.0,0.014385909152527606,0.0,0,0,34,14
2025-10-18,,,,,,,,,,,,,,,0.00220396754739337,0.0,,,,,,,,,,,,,,,,,,,,,,,,,,,,,,,,,,,,,,,,,0.0007196542842898299,0.0,,,,,,,,,,,,,,,0.00043106987447425263,0.0,,,,,,,,,,,,,,,,,,,,,,,,,,,,,,,,,,,,,,,,,,,,,,,,,0.0012450627036741562,0.0,,,,,,,,,0.001622324732124903,0.0,,,,,,,,,0.0005929209655732361,0.0,,,,,,,,,,,,,,,0.0015199522476904805,0.0,0.00047742214883322496,0.0,,,,,,,,,,,,,,,,,0.005111201400203311,0.0,,,,,,,0.005930814900368944,0.0,,,0.01726353111942959,0.0,0.0043366105885731315,0.0,,,,,,,0.0891400658126388,0.0,0.011022753240207971,0.0,,,,,0.0008002765281291793,0.0,0.01099428762681777,0.0,,,0.0006948285372345251,0.0,0.0005975817524206834,0.0,,,,,0.00089514065766706,0.0,,,,,,,,,,,,,0.0005928119717282,0.0,,,,,,,,,,,,,,,,,,,,,,,0.0005775294094096465,0.0,0.001535860883970025,0.0,0.0006848351595180851,0.0,,,,,0.010172539573561887,0.0,0.7105147136109216,0.0,0.016019836417399298,0.0,0.02338293595239515,0.0,0.00040543867726225,0.0,0.04287997094382128,0.0,,,0.0003753323344426042,0.0,0.022353142599708234,0.0,0.008961750613525462,0.0,0.01257971905094254,0.0,0.015393609181046444,0.0,0,0,34,15
2025-10-25,,,,,,,,,,,,,,,0.0028669796301983,0.0,,,,,,,,,,,,,,,,,,,,,,,,,,,,,,,,,,,,,,,,,0.0006938424315496917,0.0,,,,,,,,,,,,,,,0.00045159701135397893,0.0,,,,,,,,,,,,,,,,,,,,,,,,,,,,,,,,,,,,,,,,,,,,,,,,,0.001404776325216475,0.0,,,,,,,,,0.00176908471621565,0.0,,,,,,,,,0.0005942357820458222,0.0,,,,,,,,,,,,,,,0.0015771482576382814,0.0,0.0005193206937594999,0.0,,,,,,,,,,,,,,,,,0.0049029850800121995,0.0,,,,,,,0.0057367098052054245,0.0,,,0.0129835155482093,0.0,0.00439913436474105,0.0,,,,,,,0.08640500370945246,0.0,0.00790255928101635,0.0,,,,,0.0007893939585690629,0.0,0.01158836092799896,0.0,0.0004766444326378,2.0,0.0007349575947348834,0.0,0.00047709975236403336,0.0,,,,,0.0009377664032702534,0.0,,,,,,,,,,,,,0.0006210411132390667,0.0,,,,,,,,,,,,,,,,,,,,,,,0.0005797496115389143,0.0,0.0012383018121388857,0.0,0.0006735064453095812,0.0,,,,,0.010393285658210467,0.0,0.7083621280533927,0.0,0.01912999060004945,0.0,0.0241728257387876,0.0,0.00047675808309575,0.0,0.04731940424868034,0.0,0.002444947778712925,2.0,0.00043650792940748336,0.0,0.02470987786849337,0.0,0.009298733125130283,0.0,0.014407356968149475,0.0,0.016401309209565285,0.0,0,2,34,16
2025-11-01,,,,,,,,,,,,,,,0.00242836737379545,0.0,,,,,,,,,,,,,,,,,,,,,,,,,,,,,,,,,,,,,,,,,0.0006680305788095535,0.0,,,,,,,,,,,,,,,0.00047212414823370524,0.0,,,,,,,,,,,,,,,,,,,,,,,,,,,,,,,,,,,,,,,,,,,,,,,,,0.0015644899467587938,0.0,,,,,,,,,,,,,,,,,,,0.0005955505985184084,0.0,,,,,,,,,,,,,,,0.001634344267586082,0.0,0.000561219238685775,0.0,,,,,,,,,,,,,,,,,0.005534315600969021,0.0,,,,,,,0.005272166095285952,0.0,,,0.01188463355841421,0.0,0.004461658140908969,0.0,,,,,,,0.08360246495742879,0.0,0.008886853011790622,0.0,,,,,0.0007785113890089464,0.0,0.01298661081430807,0.0,0.0008663028565933501,0.0,0.0007750866522352416,0.0,0.001216468410954475,0.0,,,,,0.0009803921488734466,0.0,,,,,,,,,,,,,0.0006492702547499334,0.0,,,,,,,,,,,,,,,,,,,,,,,0.0005819698136681822,0.0,0.0011108505412786018,0.0,0.0006621777311010774,0.0,,,,,0.008909041217217797,0.0,0.6941596063829604,0.0,0.025447879219427663,0.0,0.03182761510834093,0.0,0.0012090814489056124,0.0,0.053416828039501346,0.0,0.005604991063591981,0.0,0.0004976835243723625,0.0,0.02629821165464815,0.0,0.010378783801570483,0.0,0.012712766823824431,0.0,0.017241918908742535,0.0,0,0,35,17
2025-11-08,,,,,,,,,,,,,,,0.0019897551173926,0.0,,,,,,,,,,,,,,,,,,,,,,,,,,,,,,,,,,,,,,,,,0.0006422187260694153,0.0,,,,,,,,,,,,,,,0.0004926512851134315,0.0,,,,,,,,,,,,,,,,,,,,,,,,,,,,,,,,,,,,,,,,,,,,,,,,,0.0017242035683011124,0.0,,,,,,,,,,,,,,,,,,,0.0005968654149909945,0.0,,,,,,,,,,,,,,,0.0016915402775338829,0.0,0.0006031177836120499,0.0,,,,,,,,,,,,,,,,,0.006165646121925841,0.0,,,,,,,0.004807622385366478,0.0,,,0.010785751568619117,0.0,0.004524181917076887,0.0,,,,,,,0.08079992620540513,0.0,0.009871146742564896,0.0,,,,,0.00076762881944883,0.0,0.014384860700617178,0.0,0.0012559612805489002,0.0,0.0008152157097356,0.0,0.0019558370695449165,0.0,,,,,0.00102301789447664,0.0,,,,,,,,,,,,,0.0006774993962608,0.0,,,,,,,,,,,,,,,,,,,,,,,0.0005841900157974501,0.0,0.0009833992704183178,0.0,0.0006508490168925735,0.0,,,,,0.007424796776225125,0.0,0.679957084712528,0.0,0.03176576783880587,0.0,0.039482404477894265,0.0,0.0019414048147154749,0.0,0.05951425183032236,0.0,0.008765034348471038,0.0,0.0005588591193372417,0.0,0.027886545440802935,0.0,0.011458834478010684,0.0,0.011018176679499388,0.0,0.018082528607919784,0.0,0,0,35,18
2025-11-15,,,,,,,,,,,,,,,0.0015511428609897501,0.0,,,,,,,,,,,,,,,,,,,,,,,,,,,,,,,,,,,,,,,,,0.0006164068733292771,0.0,,,,,,,,,,,,,,,0.0005131784219931579,0.0,,,,,,,,,,,,,,,,,,,,,,,,,,,,,,,,,,,,,,,,,,,,,,,,,0.0018839171898434313,0.0,,,,,,,,,,,,,,,,,,,0.0005981802314635806,0.0,,,,,,,,,,,,,,,0.0017487362874816837,0.0,0.000645016328538325,0.0,,,,,,,,,,,,,,,,,0.006796976642882662,0.0,,,,,,,0.004343078675447006,0.0,,,0.009686869578824024,0.0,0.004586705693244806,0.0,,,,,,,0.07799738745338147,0.0,0.010855440473339167,0.0,,,,,0.0007567462498887135,0.0,0.01578311058692629,0.0,0.00164561970450445,0.0,0.0008553447672359584,0.0,0.0026952057281353584,0.0,,,,,0.0010656436400798333,0.0,,,,,,,,,,,,,0.0007057285377716667,0.0,,,,,,,,,,,,,,,,,,,,,,,0.0005864102179267179,0.0,0.0008559479995580339,0.0,0.0006395203026840695,0.0,,,,,0.005940552335232455,0.0,0.6657545630420958,0.0,0.03808365645818409,0.0,0.04713719384744759,0.0,0.002673728180525337,0.0,0.06561167562114335,0.0,0.011925077633350094,0.0,0.0006200347143021209,0.0,0.02947487922695772,0.0,0.012538885154450884,0.0,0.009323586535174344,0.0,0.018923138307097034,0.0,0,0,35,19
2025-11-22,,,,,,,,,,,,,,,0.0011125306045869,0.0,,,,,,,,,,,,,,,,,,,,,,,,,,,,,,,,,,,,,,,,,0.0005905950205891389,0.0,,,,,,,,,0.00203527812846,2.0,,,,,0.0005337055588728842,0.0,,,,,,,,,,,,,,,,,,,,,,,,,,,,,,,,,,,,,,,,,,,,,,,,,0.00204363081138575,0.0,,,,,,,,,,,,,,,,,,,0.0005994950479361667,0.0,,,,,,,,,,,,,,,0.0018059322974294844,0.0,0.0006869148734646,0.0,,,,,,,,,,,,,,,,,0.007428307163839483,0.0,,,,,,,0.003878534965527533,0.0,,,0.008587987589028933,0.0,0.004649229469412725,0.0,,,,,,,0.0751948487013578,0.0,0.011839734204113439,0.0,,,,,0.0007458636803285972,0.0,0.0171813604732354,0.0,0.00203527812846,0.0,0.0008954738247363167,0.0,0.0034345743867258,0.0,,,,,0.0011082693856830268,0.0,,,,,,,,,,,,,0.0007339576792825334,0.0,,,,,,,,,,,,,,,,,,,,,,,0.0005886304200559858,0.0,0.0007284967286977501,0.0,0.0006281915884755656,0.0,,,,,0.004456307894239783,0.0,0.6515520413716634,0.0,0.0444015450775623,0.0,0.05479198321700093,0.0,0.0034060515463352,0.0,0.07170909941196436,0.0,0.01508512091822915,0.0,0.000681210309267,0.0,0.0310632130131125,0.0,0.013618935830891084,0.0,0.0076289963908493,0.0,0.019763748006274284,0.0,0,1,35,20
2025-11-29,,,,,,,,,,,,,,,0.0010472553901005334,0.0,,,,,,,,,,,,,,,,,,,,,,,,,,,,,,,,,,,,,,,,,0.0005647831678490007,0.0,,,,,,,,,0.0028401738381944,0.0,,,,,0.0005542326957526106,0.0,,,,,,,,,,,,,,,,,,,,,,,,,,,,,,,,,,,,,,,,,,,,,,,,,0.0020609186613000374,0.0,,,,,,,,,,,,,,,,,,,0.0006008098644087528,0.0,,,,,,,,,,,,,,,0.0018631283073772852,0.0,0.00097485452715768,0.0,,,,,,,,,,,,,,,,,0.006037694530095852,0.0,,,,,,,0.0033225658757146197,0.0,,,0.00716909556649621,0.0,0.0047117532455806434,0.0,,,,,,,0.07612910602862633,0.0,0.00975976671907115,0.0,,,,,0.0007349811107684808,0.0,0.017089908942580175,0.0,0.003497031459119125,0.0,0.000935602882236675,0.0,0.0036597911966964334,0.0,,,,,0.00115089513128622,0.0,,,,,,,,,,,,,0.0007621868207934,0.0,,,,,,,,,,,,,,,,,,,,,,,0.0005908506221852536,0.0,0.0007268865112564126,0.0,0.0006168628742670618,0.0,,,,,0.004145250760484442,0.0,0.6297730684280396,0.0,0.033562962303403734,0.0,0.06200930662453171,0.0,0.003082533687120275,0.0,0.07643726629515485,0.0,0.01705374737503001,0.0,0.0014187697864447666,0.0,0.030689340317621785,0.0,0.015467158379033157,0.0,0.01007770618889475,0.0,0.021719362703151963,0.0,0,0,36,21
2025-12-06,,,,,,,,,,,,,,,0.0009819801756141668,0.0,,,,,,,,,,,,,,,,,,,,,,,,,,,,,,,,,,,,,,,,,0.0005389713151088625,0.0,,,,,,,,,0.0036450695479288,0.0,,,,,0.0005747598326323369,0.0,,,,,,,,,,,,,,,,,,,,,,,,,,,,,,,,,,,,,,,,,,,,,,,,,0.002078206511214325,0.0,,,,,,,,,,,,,,,,,,,0.0006021246808813389,0.0,,,,,,,,,,,,,,,0.001920324317325086,0.0,0.00126279418085076,0.0,,,,,,,,,,,,,,,,,0.004647081896352222,0.0,,,,,,,0.002766596785901706,0.0,,,0.005750203543963487,0.0,0.0047742770217485625,0.0,,,,,,,0.07706336335589484,0.0,0.00767979923402886,0.0,,,,,0.0007240985412083643,0.0,0.016998457411924947,0.0,0.0049587847897782505,0.0,0.0009757319397370334,0.0,0.0038850080066670663,0.0,,,,,0.0011935208768894133,0.0,,,,,,,,,,,,,0.0007904159623042667,0.0,,,,,,,,,,,,,,,,,,,,,,,0.0005930708243145215,0.0,0.000725276293815075,0.0,0.0006055341600585578,0.0,,,,,0.0038341936267291014,0.0,0.6079940954844156,0.0,0.022724379529245168,0.0,0.0692266300320625,0.0,0.0027590158279053503,0.0,0.08116543317834532,0.0,0.019022373831830877,0.0,0.002156329263622533,0.0,0.030315467622131075,0.0,0.01731538092717523,0.0,0.0125264159869402,0.0,0.02367497740002964,0.0,0,0,36,22
2025-12-13,,,,,,,,,,,,,,,0.0009167049611278,0.0,,,,,,,,,,,,,,,,,,,,,,,,,,,,,,,,,,,,,,,,,0.0005131594623687243,0.0,,,,,,,,,0.0044499652576632,0.0,,,,,0.0005952869695120632,0.0,,,,,,,,,,,,,,,,,,,,,,,,,,,,,,,,,,,,,,,,,,,,,,,,,0.0020954943611286125,0.0,,,,,,,,,,,,,,,,,,,0.0006034394973539251,0.0,,,,,,,,,,,,,,,0.0019775203272728867,0.0,0.00155073383454384,0.0,,,,,,,,,,,,,,,,,0.003256469262608591,0.0,,,,,,,0.002210627696088793,0.0,,,0.004331311521430764,0.0,0.004836800797916481,0.0,,,,,,,0.07799762068316335,0.0,0.00559983174898657,0.0,,,,,0.0007132159716482479,0.0,0.016907005881269723,0.0,0.006420538120437375,0.0,0.0010158609972373918,0.0,0.004110224816637699,0.0,,,,,0.0012361466224926068,0.0,,,,,,,,,,,,,0.0008186451038151334,0.0,,,,,,,,,,,,,,,,,,,,,,,0.0005952910264437894,0.0,0.0007236660763737374,0.0,0.0005942054458500539,0.0,,,,,0.003523136492973761,0.0,0.5862151225407918,0.0,0.011885796755086603,0.0,0.07644395343959329,0.0,0.002435497968690425,0.0,0.08589360006153579,0.0,0.02099100028863174,0.0,0.0028938887408002994,0.0,0.029941594926640364,0.0,0.019163603475317304,0.0,0.014975125784985652,0.0,0.025630592096907323,0.0,0,0,36,23
2025-12-20,,,,,,,,,,,,,,,0.0008514297466414334,0.0,,,,,,,,,,,,,,,,,,,,,,,,,,,,,,,,,,,,,,,,,0.00048734760962858606,0.0,,,,,,,,,0.0052548609673976,0.0,,,,,0.0006158141063917895,0.0,,,,,,,,,,,,,,,,,,,,,,,,,,,,,,,,,,,,,,,,,,,,,,,,,0.0021127822110429,0.0,,,,,,,,,,,,,,,,,,,0.0006047543138265112,0.0,,,,,,,,,,,,,,,0.002034716337220688,0.0,0.00183867348823692,0.0,,,,,,,,,,,,,,,,,0.0018658566288649598,0.0,,,,,,,0.00165465860627588,0.0,,,0.00291241949889804,0.0,0.0048993245740844,0.0,,,,,,,0.07893187801043187,0.0,0.0035198642639442798,0.0,,,,,0.0007023334020881314,0.0,0.0168155543506145,0.0,0.0078822914510965,0.0,0.00105599005473775,0.0,0.004335441626608333,0.0,0.0015839850530028,2.0,,,0.0012787723680958,0.0,,,,,,,,,,,,,0.000846874245326,0.0,,,,,,,,,,,,,,,,,,,,,,,0.0005975112285730572,0.0,0.0007220558589323999,0.0,0.00058287673164155,0.0,,,,,0.00321207935921842,0.0,0.5644361495971679,0.0,0.00104721398092804,0.0,0.08366127684712407,0.0,0.0021119801094755,0.0,0.09062176694472628,0.0,0.0229596267454326,0.0,0.0036314482179780664,0.0,0.02956772223114965,0.0,0.021011826023459378,0.0,0.0174238355830311,0.0,0.027586206793785,0.0,0,1,36,24
2025-12-27,,,,,,,,,,,,,,,0.0007448196556651501,0.0,,,,,,,,,,,,,,,,,,,,,,,,,,,,,,,,,,,,,,,,,0.00046153575688844786,0.0,,,,,,,,,0.005565694416873075,0.0,,,,,0.0006363412432715158,0.0,,,,,,,,,,,,,,,,,,,,,,,,,,,,,,,,,,,,,,,,,,,,,,,,,0.0021300700609571876,0.0,,,,,,,,,,,,,,,,,,,0.0006060691302990972,0.0,,,,,,,,,,,,,,,0.0020919123471684884,0.0,0.002098504031891884,0.0,,,,,,,,,,,,,,,,,0.0024524234817362885,0.0,,,,,,,0.001912710005126385,0.0,,,0.0024959367365226613,0.0,0.004961848350252319,0.0,,,,,,,0.07313765337069825,0.0,0.002951520310307341,0.0,,,,,0.0006914508325280151,0.0,0.020937157794833128,0.0,0.0072655092226341,0.0,0.0020647871569962877,0.0,0.006733235592643374,0.0,0.002278955595102125,0.0,,,,,,,,,,,,,,,,,,,,,,,,,,,,,,,,,,,,,,,,,0.0005997314307023251,0.0,,,,,,,,,0.002954397337452921,0.0,0.5324949860572814,0.0,0.0010701304447138433,0.0,0.09834213585903245,0.0,0.0032204352610278376,0.0,0.09170767354468501,0.0,0.026419693953357613,0.0,0.005804759101010824,0.0,0.03244397478799022,0.0,0.02196788326837117,0.0,0.02278137773585809,0.0,0.02727699046954505,0.0,0,0,33,25
2026-01-03,,,,,,,,,,,,,,,0.0006382095646888667,0.0,,,,,,,,,,,,,,,,,,,,,,,,,,,,,,,,,,,,,,,,,0.00043572390414830966,0.0,,,,,,,,,0.00587652786634855,0.0,,,,,0.0006568683801512421,0.0,,,,,,,,,,,,,,,,,,,,,,,,,,,,,,,,,,,,,,,,,,,,,,,,,0.002147357910871475,0.0,,,,,,,,,,,,,,,,,,,0.0006073839467716834,0.0,,,,,,,,,,,,,,,0.002149108357116289,0.0,0.0023583345755468473,0.0,,,,,,,,,,,,,,,,,0.003038990334607617,0.0,,,,,,,0.00217076140397689,0.0,,,0.0020794539741472826,0.0,0.005024372126420237,0.0,,,,,,,0.06734342873096462,0.0,0.0023831763566704023,0.0,,,,,0.0006805682629678986,0.0,0.02505876123905176,0.0,0.0066487269941717005,0.0,0.0030735842592548254,0.0,0.009131029558678415,0.0,0.00297392613720145,0.0,,,,,,,,,,,,,,,,,,,,,,,,,,,,,,,,,,,,,,,,,0.0006019516328315929,0.0,,,,,,,,,0.002696715315687422,0.0,0.500553822517395,0.0,0.0010930469084996465,0.0,0.11302299487094082,0.0,0.004328890412580175,0.0,0.09279358014464376,0.0,0.029879761161282624,0.0,0.007978069984043584,0.0,0.03532022734483079,0.0,0.02292394051328296,0.0,0.028138919888685082,0.0,0.0269677741453051,0.0,0,0,33,26
2026-01-10,,,,,,,,,,,,,,,0.0005315994737125833,0.0,,,,,,,,,,,,,,,,,,,,,,,,,,,,,,,,,,,,,,,,,0.00040991205140817146,0.0,,,,,,,,,0.006187361315824025,0.0,,,,,0.0006773955170309684,0.0,,,,,,,,,,,,,,,,,,,,,,,,,,,,,,,,,,,,,,,,,,,,,,,,,0.0021646457607857627,0.0,,,,,,,,,,,,,,,,,,,0.0006086987632442695,0.0,,,,,,,,,,,,,,,0.00220630436706409,0.0,0.002618165119201811,0.0,,,,,,,,,,,,,,,,,0.0036255571874789457,0.0,,,,,,,0.0024288128028273947,0.0,,,0.0016629712117719037,0.0,0.005086895902588156,0.0,,,,,,,0.061549204091230984,0.0,0.0018148324030334635,0.0,,,,,0.0006696856934077822,0.0,0.029180364683270392,0.0,0.0060319447657093,0.0,0.004082381361513363,0.0,0.011528823524713457,0.0,0.003668896679300775,0.0,,,,,,,,,,,,,,,,,,,,,,,,,,,,,,,,,,,,,,,,,0.0006041718349608608,0.0,,,,,,,,,0.0024390332939219234,0.0,0.46861265897750853,0.0,0.0011159633722854498,0.0,0.1277038538828492,0.0,0.005437345564132513,0.0,0.0938794867446025,0.0,0.03333982836920764,0.0,0.010151380867076341,0.0,0.03819647990167136,0.0,0.023879997758194757,0.0,0.033496462041512076,0.0,0.026658557821065153,0.0,0,0,33,27
2026-01-17,,,,,,,,,,,,,,,0.0004249893827363,0.0,,,,,,,,,,,,,,,,,,,,,,,,,,,,,,,,,,,,,,,,,0.0003841001986680333,0.0,,,,,,,,,0.0064981947652995,0.0,,,,,0.0006979226539106947,0.0,,,,,,,,,,,,,,,,,,,,,,,,,,,,,,,,,,,,,,,,,,,,,,,,,0.00218193361070005,0.0,,,,,,,,,,,,,,,,,,,0.0006100135797168556,0.0,,,,,,,,,,,,,,,0.0022635003770118908,0.0,0.002877995662856775,0.0,,,,,,,,,,,,,,,,,0.004212124040350275,0.0,,,,,,,0.0026868642016779,0.0,,,0.001246488449396525,0.0,0.0051494196787560745,0.0,,,,,,,0.055754979451497357,0.0,0.001246488449396525,0.0,,,,,0.0006588031238476658,0.0,0.03330196812748902,0.0,0.0054151625372469,0.0,0.0050911784637719,0.0,0.0139266174907485,0.0,0.0043638672214001,0.0,,,,,,,,,,,,,,,,,,,,,,,,,,,,,,,,,,,,,,,,,0.0006063920370901287,0.0,,,,,,,,,0.0021813512721564248,0.0,0.43667149543762207,0.0,0.0011388798360712532,0.0,0.14238471289475757,0.0,0.00654580071568485,0.0,0.09496539334456124,0.0,0.036799895577132646,0.0,0.0123246917501091,0.0,0.04107273245851193,0.0,0.02483605500310655,0.0,0.03885400419433906,0.0,0.0263493414968252,0.0,0,0,33,28
2026-01-24,,,,,,,,,,,,,,,0.00070875763776705,0.0,,,,,,,,,,,,,,,,,,,,,,,,,,,,,,,,,,,,,,,,,,,,,,,,,,,0.00909575459081675,0.0,,,,,0.000718449790790421,0.0,,,,,,,,,,,,,,,,,,,,,,,,,,,,,,,,,,,,,,,,,,,,,,,,,0.0017696736249490377,0.0,,,,,,,,,,,,,,,,,,,0.0006113283961894418,0.0,,,,,,,,,,,,,,,0.0023206963869596914,0.0,0.002568200327611156,0.0,,,,,,,,,,,,,,,,,0.005114019673783289,0.0,,,,,,,0.0026304209968656665,0.0,,,0.0011775001597318687,0.0,0.005211943454923994,0.0,,,,,,,0.05345901846885677,0.0,0.0010886845484491937,0.0,,,,,0.0006479205542875493,0.0,0.03576037008315318,0.0,0.005724626709707025,0.0,0.006216405367013025,0.0,0.016604128060862366,0.0,0.005601669836323675,0.0,,,,,,,,,,,,,,,,,,,,,,,,,,,,,,,,,,,,,,,,,0.0006086122392193965,0.0,,,,,,,,,0.0037810991707373934,0.0,0.4115057438611984,0.0,0.0011617962998570566,0.0,0.1549857432643572,0.0,0.006828490761108663,0.0,0.10132915154099462,0.0,0.036948079786573794,0.0,0.011458455895384067,0.0,0.0396291657040516,0.0,0.022716588263089404,0.0,0.03708194196224207,0.0,0.02678228681907055,0.0,0,0,32,29
2026-01-31,,,,,,,,,,,,,,,0.0009925258927977998,0.0,,,,,,,,,,,,,,,,,,,,,,,,,,,,,,,,,,,,,,,,,,,,,,,,,,,0.011693314416334,0.0,,,,,0.0007389769276701473,0.0,,,,,,,,,,,,,,,,,,,,,,,,,,,,,,,,,,,,,,,,,,,,,,,,,0.001357413639198025,0.0,,,,,,,,,,,,,,,,,,,0.0006126432126620278,0.0,,,,,,,,,,,,,,,0.0023778923969074925,0.0,0.0022584049923655377,0.0,,,,,,,,,,,,,,,,,0.006015915307216304,0.0,,,,,,,0.002573977792053433,0.0,,,0.0011085118700672125,0.0,0.005274467231091913,0.0,,,,,,,0.051163057486216176,0.0,0.0009308806475018625,0.0,,,,,0.000637037984727433,0.0,0.03821877203881734,0.0,0.00603409088216715,0.0,0.00734163227025415,0.0,0.019281638630976233,0.0,0.00683947245124725,0.0,,,,,,,,,,,,,,,,,,,,,,,,,,,,,,,,,,,,,,,,,0.0006108324413486644,0.0,,,,,,,,,0.005380847069318363,0.0,0.3863399922847748,0.0,0.00118471276364286,0.0,0.16758677363395688,0.0,0.007111180806532474,0.0,0.107692909737428,0.0,0.03709626399601494,0.0,0.010592220040659033,0.0,0.03818559894959128,0.0,0.02059712152307226,0.0,0.035309879730145086,0.0,0.027215232141315902,0.0,0,0,32,30
2026-02-07,,,,,,,,,,,,,,,0.00127629414782855,0.0,,,,,,,,,,,,,,,,,,,,,,,,,,,,,,,,,,,,,,,,,,,,,,,,,,,0.01429087424185125,0.0,,,,,0.0007595040645498736,0.0,,,,,,,,,,,,,,,,,,,,,,,,,,,,,,,,,,,,,,,,,,,,,,,,,0.0009451536534470125,0.0,,,,,,,,,,,,,,,,,,,0.0006139580291346139,0.0,,,,,,,,,,,,,,,0.002435088406855293,0.0,0.0019486096571199188,0.0,,,,,,,,,,,,,,,,,0.006917810940649319,0.0,,,,,,,0.0025175345872412,0.0,,,0.0010395235804025562,0.0,0.005336991007259831,0.0,,,,,,,0.04886709650357559,0.0,0.0007730767465545313,0.0,,,,,0.0006261554151673165,0.0,0.04067717399448151,0.0,0.006343555054627275,0.0,0.008466859173495276,0.0,0.0219591492010901,0.0,0.008077275066170824,0.0,,,,,,,,,,,,,,,,,,,,,,,,,,,,,,,,,,,,,,,,,0.0006130526434779322,0.0,,,,,,,,,0.0069805949678993316,0.0,0.36117424070835114,0.0,0.0012076292274286631,0.0,0.18018780400355655,0.0,0.007393870851956287,0.0,0.11405666793386138,0.0,0.03724444820545608,0.0,0.009725984185933999,0.0,0.03674203219513096,0.0,0.018477654783055113,0.0,0.03353781749804809,0.0,0.02764817746356125,0.0,0,0,32,31
2026-02-14,,,,,,,,,,,,,,,0.0015600624028593,0.0,,,,,,,,,,,,,,,,,,,,,,,,,,,,,,,,,,,,,,,,,,,,,,,,,,,0.0168884340673685,0.0,,,,,0.0007800312014296,0.0,,,,,,,,,,,,,,,,,,,,,,,,,,,,,,,,,,,,,,,,,,,,,,,,,0.000532893667696,0.0,,,,,,,,,,,,,,,,,,,0.0006152728456072001,0.0,,,,,,,,,,,,,,,0.0024922844168030938,0.0,0.0016388143218743002,0.0,,,,,,,,,,,,,,,,,0.007819706574082333,0.0,,,,,,,0.002461091382428967,0.0,,,0.0009705352907379,0.0,0.00539951478342775,0.0,,,,,,,0.046571135520935,0.0,0.0006152728456072001,0.0,,,,,0.0006152728456072001,0.0,0.043135575950145666,0.0,0.0066530192270874,0.0,0.0095920860767364,0.0,0.024636659771203967,0.0,0.0093150776810944,0.0,,,,,,,,,,,,,,,,,,,,,,,,,,,,,,,,,,,,,,,,,0.0006152728456072001,0.0,,,,,,,,,0.0085803428664803,0.0,0.3360084891319275,0.0,0.0012305456912144665,0.0,0.1927888343731562,0.0,0.0076765608973801,0.0,0.12042042613029476,0.0,0.03739263241489723,0.0,0.008859748331208965,0.0,0.03529846544067063,0.0,0.016358188043037968,0.0,0.0317657552659511,0.0,0.0280811227858066,0.0,0,0,32,32
2026-02-21,,,,,,,,,,,,,,,,,,,,,,,,,,,,,,,,,,,,,,,,,,,,,,,,,,,,,,,,,,,,,,,,,,,0.0175557811744511,0.0,,,,,,,,,,,,,,,,,,,,,,,,,,,,,,,,,,,,,,,,,,,,,,,,,,,,,,,0.0006122552804299251,0.0,,,,,,,,,,,,,,,,,,,0.0007198152743512251,0.0,,,,,,,,,,,,,,,0.002549480426750895,0.0,0.0021104851766721878,0.0,,,,,,,,,,,,,,,,,0.009053555550053674,0.0,,,,,,,0.0027271929720881875,0.0,,,0.0012446227483450876,0.0,0.005462038559595669,0.0,,,,,,,0.04889301629737014,0.0,0.0007198152743512251,0.0,,,,,,,0.048628402408212375,0.0,0.0075407847762107,0.0,0.0122961052693426,0.0,0.025280215777456726,0.0,0.010876459185965337,0.0,,,,,,,,,,,,,,,,,,,,,,,,,,,,,,,,,,,,,,,,,,,,,,,,,,,0.006951978430151887,0.0,0.31012975238263607,0.0,0.001181269908556675,0.0,0.2061799932271242,0.0,0.008447319618426237,0.0,0.11433742754161355,0.0,0.03991277050226921,0.0,0.008878505788743437,0.0,0.03880378138273952,0.0,0.013575185526860802,0.0,0.03126479266211385,0.0,0.028111837571486775,0.0,0,0,28,33
2026-02-28,,,,,,,,,,,,,,,,,,,,,,,,,,,,,,,,,,,,,,,,,,,,,,,,,,,,,,,,,,,,,,,,,,,0.0182231282815337,0.0,,,,,,,,,,,,,,,,,,,,,,,,,,,,,,,,,,,,,,,,,,,,,,,,,,,,,,,0.0006916168931638501,0.0,,,,,,,,,,,,,,,,,,,0.0008243577030952502,0.0,,,,,,,,,,,,,,,0.0026066764366986955,0.0,0.002582156031470075,0.0,,,,,,,,,,,,,,,,,0.010287404526025015,0.0,,,,,,,0.0029932945617474086,0.0,,,0.0015187102059522751,0.0,0.005524562335763587,0.0,,,,,,,0.05121489707380528,0.0,0.0008243577030952502,0.0,,,,,,,0.054121228866279084,0.0,0.008428550325334,0.0,0.015000124461948799,0.0,0.025923771783709484,0.0,0.012437840690836276,0.0,,,,,,,,,,,,,,,,,,,,,,,,,,,,,,,,,,,,,,,,,,,,,,,,,,,0.005323613993823475,0.0,0.28425101563334465,0.0,0.0011319941258988832,0.0,0.21957115208109218,0.0,0.009218078339472375,0.0,0.10825442895293233,0.0,0.04243290858964119,0.0,0.008897263246277907,0.0,0.04230909732480842,0.0,0.010792183010683635,0.0,0.0307638300582766,0.0,0.02814255235716695,0.0,0,0,28,34
2026-03-07,,,,,,,,,,,,,,,,,,,,,,,,,,,,,,,,,,,,,,,,,,,,,,,,,,,,,,,,,,,,,,,,,,,0.018890475388616303,0.0,,,,,,,,,,,,,,,,,,,,,,,,,,,,,,,,,,,,,,,,,,,,,,,,,,,,,,,0.000770978505897775,0.0,,,,,,,,,,,,,,,,,,,0.0009289001318392751,0.0,,,,,,,,,,,,,,,0.002663872446646496,0.0,0.0030538268862679626,0.0,,,,,,,,,,,,,,,,,0.011521253501996358,0.0,,,,,,,0.0032593961514066293,0.0,,,0.0017927976635594626,0.0,0.005587086111931506,0.0,,,,,,,0.05353677785024041,0.0,0.0009289001318392751,0.0,,,,,,,0.05961405532434579,0.0,0.0093163158744573,0.0,0.017704143654555,0.0,0.02656732778996224,0.0,0.013999222195707213,0.0,,,,,,,,,,,,,,,,,,,,,,,,,,,,,,,,,,,,,,,,,,,,,,,,,,,0.003695249557495063,0.0,0.25837227888405323,0.0,0.0010827183432410917,0.0,0.23296231093506017,0.0,0.009988837060518512,0.0,0.10217143036425111,0.0,0.04495304667701317,0.0,0.008916020703812378,0.0,0.04581441326687731,0.0,0.008009180494506466,0.0,0.030262867454439353,0.0,0.028173267142847125,0.0,0,0,28,35
2026-03-14,,,,,,,,,,,,,,,,,,,,,,,,,,,,,,,,,,,,,,,,,,,,,,,,,,,,,,,,,,,,,,,,,,,0.0195578224956989,0.0,,,,,,,,,,,,,,,,,,,,,,,,,,,,,,,,,,,,,,,,,,,,,,,,,,,,,,,0.0008503401186317,0.0,,,,,,,,,,,,,,,,,,,0.0010334425605833001,0.0,,,,,,,,,,,,,,,0.002721068456594297,0.0,0.00352549774106585,0.0,,,,,,,,,,,,,,,,,0.0127551024779677,0.0,,,,,,,0.00352549774106585,0.0,,,0.00206688512116665,0.0,0.005649609888099425,0.0,,,,,,,0.05585865862667555,0.0,0.0010334425605833001,0.0,,,,,,,0.0651068817824125,0.0,0.0102040814235806,0.0,0.0204081628471612,0.0,0.027210883796215,0.0,0.01556060370057815,0.0,,,,,,,,,,,,,,,,,,,,,,,,,,,,,,,,,,,,,,,,,,,,,,,,,,,0.00206688512116665,0.0,0.2324935421347618,0.0,0.0010334425605833001,0.0,0.24635346978902817,0.0,0.01075959578156465,0.0,0.0960884317755699,0.0,0.047473184764385154,0.0,0.00893477816134685,0.0,0.0493197292089462,0.0,0.0052261779783293,0.0,0.0297619048506021,0.0,0.0282039819285273,0.0,0,0,28,36
2026-03-21,,,,,,,,,,,,,,,,,,,,,,,,,,,,,,,,,,,,,,,,,,,,,,,,,,,,,,,,,,,,,,,,,,,0.025730313733220076,0.0,,,,,,,,,,,,,,,,,,,,,,,,,,,,,,,,,,,,,,,,,,,,,,,,,,,,,,,,,,,,,,,,,,,,,,,,,,,,,,,,,,,,,,,,,,,0.002778264466542098,0.0,0.0033815864298957624,0.0,,,,,,,,,,,,,,,,,0.012516179354861325,0.0,,,,,,,0.0033815864298957624,0.0,,,,,0.005712133664267344,0.0,,,,,,,0.06254296144470567,0.0,,,,,,,,,0.07095405505970118,0.0,,,,,0.03147010970860715,0.0,0.013882842147722788,0.0,,,,,,,,,,,,,,,,,,,,,,,,,,,,,,,,,,,,,,,,,,,,,,,,,,,,,0.2112433146685362,0.0,,,0.2503993231803179,0.0,0.013969401828944614,0.0,0.09787753410637377,0.0,0.04002966731786722,0.0,0.009650936117395688,0.0,0.04878920689225193,0.0,0.00539455973193975,0.0,0.026746207382529925,0.0,0.035902248928323326,0.0,0,0,20,37
2026-03-28,,,,,,,,,,,,,,,,,,,,,,,,,,,,,,,,,,,,,,,,,,,,,,,,,,,,,,,,,,,,,,,,,,,0.03190280497074125,0.0,,,,,,,,,,,,,,,,,,,,,,,,,,,,,,,,,,,,,,,,,,,,,,,,,,,,,,,,,,,,,,,,,,,,,,,,,,,,,,,,,,,,,,,,,,,0.0028354604764898985,0.0,0.003237675118725675,0.0,,,,,,,,,,,,,,,,,0.012277256231754949,0.0,,,,,,,0.003237675118725675,0.0,,,,,0.005774657440435263,0.0,,,,,,,0.06922726426273577,0.0,,,,,,,,,0.07680122833698985,0.0,,,,,0.0357293356209993,0.0,0.012205080594867426,0.0,,,,,,,,,,,,,,,,,,,,,,,,,,,,,,,,,,,,,,,,,,,,,,,,,,,,,0.18999308720231056,0.0,,,0.2544451765716076,0.0,0.017179207876324577,0.0,0.09966663643717766,0.0,0.03258614987134928,0.0,0.010367094073444525,0.0,0.04825868457555765,0.0,0.0055629414855502,0.0,0.02373050991445775,0.0,0.04360051592811935,0.0,0,0,20,38
2026-04-04,,,,,,,,,,,,,,,,,,,,,,,,,,,,,,,,,,,,,,,,,,,,,,,,,,,,,,,,,,,,,,,,,,,0.03807529620826243,0.0,,,,,,,,,,,,,,,,,,,,,,,,,,,,,,,,,,,,,,,,,,,,,,,,,,,,,,,,,,,,,,,,,,,,,,,,,,,,,,,,,,,,,,,,,,,0.0028926564864376995,0.0,0.0030937638075555877,0.0,,,,,,,,,,,,,,,,,0.012038333108648575,0.0,,,,,,,0.0030937638075555877,0.0,,,,,0.005837181216603181,0.0,,,,,,,0.07591156708076588,0.0,,,,,,,,,0.08264840161427853,0.0,,,,,0.03998856153339145,0.0,0.010527319042012062,0.0,,,,,,,,,,,,,,,,,,,,,,,,,,,,,,,,,,,,,,,,,,,,,,,,,,,,,0.1687428597360849,0.0,,,0.2584910299628973,0.0,0.020389013923704537,0.0,0.10145573876798153,0.0,0.02514263242483134,0.0,0.011083252029493363,0.0,0.04772816225886337,0.0,0.00573132323916065,0.0,0.020714812446385577,0.0,0.05129878292791537,0.0,0,0,20,39
2026-04-11,,,,,,,,,,,,,,,,,,,,,,,,,,,,,,,,,,,,,,,,,,,,,,,,,,,,,,,,,,,,,,,,,,,0.0442477874457836,0.0,,,,,,,,,,,,,,,,,,,,,,,,,,,,,,,,,,,,,,,,,,,,,,,,,,,,,,,,,,,,,,,,,,,,,,,,,,,,,,,,,,,,,,,,,,,0.0029498524963855,0.0,0.0029498524963855,0.0,,,,,,,,,,,,,,,,,0.0117994099855422,0.0,,,,,,,0.0029498524963855,0.0,,,,,0.0058997049927711,0.0,,,,,,,0.082595869898796,0.0,,,,,,,,,0.0884955748915672,0.0,,,,,0.0442477874457836,0.0,0.0088495574891567,0.0,,,,,,,,,,,,,,,,,,,,,,,,,,,,,,,,,,,,,,,,,,,,,,,,,,,,,0.1474926322698593,0.0,,,0.262536883354187,0.0,0.0235988199710845,0.0,0.1032448410987854,0.0,0.0176991149783134,0.0,0.0117994099855422,0.0,0.0471976399421691,0.0,0.0058997049927711,0.0,0.0176991149783134,0.0,0.0589970499277114,0.0,0,0,20,40
